{"type":"FeatureCollection","features":[{"type":"Feature","geometry":{"coordinates":[[[[110.31670338068808,-7.647869668247013],[110.3181855618795,-7.648646169314873],[110.31614124872377,-7.649006207284739],[110.31661621814648,-7.647897112018738],[110.31670338068808,-7.647869668247013]]]],"type":"MultiPolygon"},"properties":{"Kelas":"Sedang"}},{"type":"Feature","geometry":{"coordinates":[[[[110.3153992,-7.649261],[110.3155518,-7.6490722],[110.31559550502527,-7.649006207284739],[110.31614124872377,-7.649006207284739],[110.31614124872377,-7.649905424068015],[110.3152420319405,-7.649905424068015],[110.3152420319405,-7.649397333785484],[110.3153992,-7.649261]]]],"type":"MultiPolygon"},"properties":{"Kelas":"Cukup Rendah"}},{"type":"Feature","geometry":{"coordinates":[[[[110.3144531,-7.6501951],[110.31476309121349,-7.649905424068015],[110.3152420319405,-7.649905424068015],[110.3152420319405,-7.650804640851289],[110.31434281515722,-7.650804640851289],[110.31434281515722,-7.650362804790703],[110.3144531,-7.6501951]]]],"type":"MultiPolygon"},"properties":{"Kelas":"Cukup Rendah"}},{"type":"Feature","geometry":{"coordinates":[[[[110.3152420319405,-7.650804640851289],[110.3152420319405,-7.649905424068015],[110.31614124872377,-7.649905424068015],[110.31614124872377,-7.650804640851289],[110.3152420319405,-7.650804640851289]]]],"type":"MultiPolygon"},"properties":{"Kelas":"Sangat Rendah"}},{"type":"Feature","geometry":{"coordinates":[[[[110.3082809,-7.6531086],[110.3084412,-7.6531248],[110.3086014,-7.6531539],[110.308754,-7.6531248],[110.3090744,-7.6529402],[110.3093948,-7.6527481],[110.3096695,-7.6524481],[110.3098186,-7.6522795],[110.3098221,-7.6522756],[110.3100832,-7.6520194],[110.3101786,-7.6519392],[110.3103121,-7.6518268],[110.3103638,-7.6517834],[110.3105698,-7.6515851],[110.3108444,-7.6514153],[110.3109283,-7.6513695],[110.3112259,-7.6512074],[110.3114471,-7.6511297],[110.3122253,-7.6510329],[110.3126755,-7.6510396],[110.3129501,-7.6509876],[110.3130646,-7.6509433],[110.31333534378112,-7.65086439432601],[110.31434281515722,-7.650804640851289],[110.31324162585426,-7.652400223756771],[110.30894751445757,-7.653502291201118],[110.30804829767429,-7.653502291201118],[110.30824031189476,-7.653119385650341],[110.3082809,-7.6531086]]]],"type":"MultiPolygon"},"properties":{"Kelas":"Cukup Rendah"}},{"type":"Feature","geometry":{"coordinates":[[[[110.30804829767429,-7.654401507984394],[110.30804829767429,-7.653502291201118],[110.30894751445757,-7.653502291201118],[110.30894751445757,-7.654401507984394],[110.30804829767429,-7.654401507984394]]]],"type":"MultiPolygon"},"properties":{"Kelas":"Sedang"}},{"type":"Feature","geometry":{"coordinates":[[[[110.30714908089101,-7.655300724767669],[110.30714908089101,-7.654401507984394],[110.30804829767429,-7.654401507984394],[110.30804829767429,-7.655300724767669],[110.30714908089101,-7.655300724767669]]]],"type":"MultiPolygon"},"properties":{"Kelas":"Sedang"}},{"type":"Feature","geometry":{"coordinates":[[[[110.3044586,-7.6548271],[110.3045425,-7.6547789],[110.3045883,-7.6547532],[110.3048325,-7.6546416],[110.3053894,-7.6544442],[110.3053931,-7.6544429],[110.3054275,-7.6544313],[110.3057022,-7.6544032],[110.305809,-7.6543894],[110.3060608,-7.6541247],[110.3061905,-7.6539993],[110.3063889,-7.6538787],[110.3065415,-7.65383],[110.306694,-7.6538381],[110.3068848,-7.6539197],[110.3070755,-7.6540127],[110.3070908,-7.653985],[110.3072968,-7.6536946],[110.30738386250678,-7.653586076280892],[110.30804829767429,-7.653502291201118],[110.30804829767429,-7.654401507984394],[110.30714908089101,-7.654401507984394],[110.30714908089101,-7.655300724767669],[110.3056527279626,-7.655602805405801],[110.30445143054118,-7.656199941550945],[110.30445143054118,-7.654828846641117],[110.3044586,-7.6548271]]]],"type":"MultiPolygon"},"properties":{"Kelas":"Cukup Rendah"}},{"type":"Feature","geometry":{"coordinates":[[[[110.3033676,-7.6557636],[110.3035278,-7.6555872],[110.3039017,-7.6553082],[110.303978,-7.6552243],[110.3040161,-7.6550855],[110.304039,-7.6549811],[110.3041,-7.6549144],[110.3041388,-7.6549049],[110.3043802,-7.6548462],[110.30445143054118,-7.654828846641117],[110.30445143054118,-7.656199941550945],[110.30445143054118,-7.657099158334221],[110.30355221375791,-7.657099158334221],[110.30355221375791,-7.656199941550945],[110.3033461929723,-7.655785485673652],[110.3033676,-7.6557636]]]],"type":"MultiPolygon"},"properties":{"Kelas":"Sedang"}},{"type":"Feature","geometry":{"coordinates":[[[[110.3018417,-7.6590013],[110.3019333,-7.6588573],[110.3021545,-7.658163],[110.3022079,-7.6579523],[110.30233,-7.6576381],[110.3024826,-7.6572227],[110.3026123,-7.6569714],[110.3027038,-7.6568069],[110.30275537512115,-7.656602871276704],[110.30355221375791,-7.656199941550945],[110.30355221375791,-7.657099158334221],[110.30355221375791,-7.660696025467324],[110.30175378019136,-7.660696025467324],[110.30175378019136,-7.65907673301863],[110.3018417,-7.6590013]]]],"type":"MultiPolygon"},"properties":{"Kelas":"Cukup Rendah"}},{"type":"Feature","geometry":{"coordinates":[[[[110.3005905,-7.6612396],[110.3008118,-7.6605263],[110.3008728,-7.6603341],[110.3008804,-7.6603074],[110.3009567,-7.6601586],[110.3010961,-7.6600654],[110.3011551,-7.660026],[110.3012771,-7.659954],[110.3016434,-7.6592221],[110.3017044,-7.6591191],[110.30175378019136,-7.65907673301863],[110.30175378019136,-7.660696025467324],[110.30057608227267,-7.661284874426673],[110.3005905,-7.6612396]]]],"type":"MultiPolygon"},"properties":{"Kelas":"Sedang"}},{"type":"Feature","geometry":{"coordinates":[[[[110.3003311,-7.6622963],[110.3003006,-7.662179],[110.3003922,-7.6618623],[110.30057608227267,-7.661284874426673],[110.30175378019136,-7.660696025467324],[110.30175378019136,-7.662494459033876],[110.30037675233275,-7.662494459033876],[110.3003311,-7.6622963]]]],"type":"MultiPolygon"},"properties":{"Kelas":"Cukup Rendah"}},{"type":"Feature","geometry":{"coordinates":[[[[110.45551985013154,-7.663393675817153],[110.45462063334826,-7.663393675817153],[110.45243054872181,-7.657822746839514],[110.45364238383989,-7.657309034126412],[110.45512819907164,-7.661087676527227],[110.45551985013154,-7.663393675817153]]]],"type":"MultiPolygon"},"properties":{"Kelas":"Sedang"}},{"type":"Feature","geometry":{"coordinates":[[[[110.45551985013154,-7.664292892600429],[110.45462063334826,-7.664292892600429],[110.45462063334826,-7.663393675817153],[110.45551985013154,-7.663393675817153],[110.45551985013154,-7.664292892600429]]]],"type":"MultiPolygon"},"properties":{"Kelas":"Cukup Rendah"}},{"type":"Feature","geometry":{"coordinates":[[[[110.2983475,-7.6650629],[110.2983856,-7.6650061],[110.2984009,-7.6649809],[110.2985981,-7.6649386],[110.298706,-7.6649155],[110.2991257,-7.6647868],[110.2995453,-7.6647563],[110.2996597,-7.6647277],[110.2997437,-7.664659],[110.2997818,-7.6645274],[110.2997771,-7.6644393],[110.2997589,-7.6641006],[110.2997589,-7.6639385],[110.2999497,-7.6636457],[110.3001175,-7.6634063],[110.3002167,-7.6631446],[110.3002701,-7.6629977],[110.3002931,-7.6629449],[110.3003311,-7.662858],[110.3003769,-7.6624951],[110.30037675233275,-7.662494459033876],[110.30175378019136,-7.662494459033876],[110.30026445239406,-7.664651174287515],[110.29832464408582,-7.665149058419963],[110.2983475,-7.6650629]]]],"type":"MultiPolygon"},"properties":{"Kelas":"Sedang"}},{"type":"Feature","geometry":{"coordinates":[[[[110.298027,-7.6656975],[110.2981033,-7.6656108],[110.29815691305825,-7.665505681969762],[110.29815691305825,-7.666091326166979],[110.2976885189102,-7.666091326166979],[110.298027,-7.6656975]]]],"type":"MultiPolygon"},"properties":{"Kelas":"Sedang"}},{"type":"Feature","geometry":{"coordinates":[[[[110.45551985013154,-7.666091326166979],[110.45342987362353,-7.664945351653138],[110.45462063334826,-7.664292892600429],[110.45551985013154,-7.664292892600429],[110.45551985013154,-7.665192109383705],[110.45551985013154,-7.666091326166979]]]],"type":"MultiPolygon"},"properties":{"Kelas":"Sangat Rendah"}},{"type":"Feature","geometry":{"coordinates":[[[[110.4564190669148,-7.666990542950256],[110.45551985013154,-7.666990542950256],[110.45551985013154,-7.666091326166979],[110.45551985013154,-7.665192109383705],[110.45714968055123,-7.665521412404923],[110.4564190669148,-7.666990542950256]]]],"type":"MultiPolygon"},"properties":{"Kelas":"Cukup Rendah"}},{"type":"Feature","geometry":{"coordinates":[[[[110.2957535,-7.6676878],[110.2959595,-7.6675324],[110.296135,-7.6673965],[110.2963257,-7.6672573],[110.2963562,-7.6672396],[110.2966919,-7.6669225],[110.29673,-7.666882],[110.2968297,-7.6668138],[110.2971648,-7.6665846],[110.2971649,-7.6665845],[110.2972183,-7.6665458],[110.29725769627498,-7.666511630532598],[110.29725769627498,-7.667889759733532],[110.29557992663456,-7.667889759733532],[110.2957535,-7.6676878]]]],"type":"MultiPolygon"},"properties":{"Kelas":"Sedang"}},{"type":"Feature","geometry":{"coordinates":[[[[110.2950897,-7.6686869],[110.2952576,-7.6682648],[110.29545926270842,-7.668030157163224],[110.29545926270842,-7.668788976516808],[110.29504617416026,-7.668788976516808],[110.2950897,-7.6686869]]]],"type":"MultiPolygon"},"properties":{"Kelas":"Sedang"}},{"type":"Feature","geometry":{"coordinates":[[[[110.45731828369809,-7.668788976516808],[110.4564190669148,-7.668788976516808],[110.4564190669148,-7.667889759733532],[110.45731828369809,-7.667889759733532],[110.45731828369809,-7.668788976516808]]]],"type":"MultiPolygon"},"properties":{"Kelas":"Sedang"}},{"type":"Feature","geometry":{"coordinates":[[[[110.2945669,-7.6693674],[110.2945785,-7.6693082],[110.2946777,-7.6692485],[110.2948456,-7.6691518],[110.2949295,-7.6690626],[110.29504617416026,-7.668788976516808],[110.29545926270842,-7.668788976516808],[110.29545926270842,-7.669688193300084],[110.29456004592515,-7.669688193300084],[110.29456004592515,-7.669402253109374],[110.2945669,-7.6693674]]]],"type":"MultiPolygon"},"properties":{"Kelas":"Cukup Rendah"}},{"type":"Feature","geometry":{"coordinates":[[[[110.45821750048137,-7.669688193300084],[110.45731828369809,-7.669688193300084],[110.45731828369809,-7.668788976516808],[110.45731828369809,-7.667889759733532],[110.4564190669148,-7.667889759733532],[110.4564190669148,-7.666990542950256],[110.45821750048137,-7.666990542950256],[110.45821750048137,-7.668788976516808],[110.45821750048137,-7.669688193300084]]]],"type":"MultiPolygon"},"properties":{"Kelas":"Cukup Rendah"}},{"type":"Feature","geometry":{"coordinates":[[[[110.45911671726464,-7.669688193300084],[110.45821750048137,-7.669688193300084],[110.45821750048137,-7.668788976516808],[110.45911671726464,-7.668788976516808],[110.45911671726464,-7.669688193300084]]]],"type":"MultiPolygon"},"properties":{"Kelas":"Sedang"}},{"type":"Feature","geometry":{"coordinates":[[[[110.2913132,-7.6723661],[110.2913818,-7.6722698],[110.2915344,-7.6721582],[110.2916239,-7.6721596],[110.2918625,-7.6721635],[110.2919693,-7.6721678],[110.2926102,-7.6716728],[110.2926636,-7.6716313],[110.2927616123586,-7.671531574388225],[110.2927616123586,-7.672385843649911],[110.29131092873803,-7.672385843649911],[110.2913132,-7.6723661]]],[[[110.2932129,-7.6705203],[110.2933197,-7.6703462],[110.293396,-7.6703028],[110.2934494,-7.6703205],[110.2934825,-7.6703477],[110.2935638,-7.6704144],[110.2936783,-7.6704626],[110.2939072,-7.670454],[110.2939682,-7.670424],[110.2940826,-7.6702003],[110.2940944,-7.6701789],[110.2941437,-7.6700892],[110.294426,-7.6697411],[110.2944565,-7.6697049],[110.2945175,-7.6696186],[110.29456004592515,-7.669402253109374],[110.29456004592515,-7.669688193300084],[110.29456004592515,-7.67058741008336],[110.29318453463232,-7.67058741008336],[110.2932129,-7.6705203]]]],"type":"MultiPolygon"},"properties":{"Kelas":"Sedang"}},{"type":"Feature","geometry":{"coordinates":[[[[110.2928009,-7.6714916],[110.2928012,-7.6714908],[110.2928296,-7.6714252],[110.292862,-7.6713505],[110.29318453463232,-7.67058741008336],[110.29456004592515,-7.67058741008336],[110.29395588464888,-7.671781682373648],[110.2927616123586,-7.672385843649911],[110.2927616123586,-7.671531574388225],[110.2928009,-7.6714916]]]],"type":"MultiPolygon"},"properties":{"Kelas":"Cukup Rendah"}},{"type":"Feature","geometry":{"coordinates":[[[[110.45911671726464,-7.672385843649911],[110.45731828369809,-7.672385843649911],[110.45791541984323,-7.671184546228504],[110.45821750048137,-7.669688193300084],[110.45911671726464,-7.669688193300084],[110.45911671726464,-7.671486626866635],[110.45911671726464,-7.672385843649911]]]],"type":"MultiPolygon"},"properties":{"Kelas":"Cukup Rendah"}},{"type":"Feature","geometry":{"coordinates":[[[[110.45911671726464,-7.672385843649911],[110.45911671726464,-7.671486626866635],[110.46026883876822,-7.671936235258274],[110.45911671726464,-7.672385843649911]]]],"type":"MultiPolygon"},"properties":{"Kelas":"Sedang"}},{"type":"Feature","geometry":{"coordinates":[[[[110.2911606,-7.6731219],[110.291214,-7.6730699],[110.2912216,-7.6730032],[110.2911758,-7.6728658],[110.2912674,-7.6726188],[110.2912979,-7.6724991],[110.29131092873803,-7.672385843649911],[110.2927616123586,-7.672385843649911],[110.2927616123586,-7.673285060433187],[110.29186239557532,-7.673285060433187],[110.29096365680081,-7.673285060433187],[110.2911606,-7.6731219]]]],"type":"MultiPolygon"},"properties":{"Kelas":"Cukup Rendah"}},{"type":"Feature","geometry":{"coordinates":[[[[110.2898254,-7.6751628],[110.2898788,-7.674952],[110.2899094,-7.6748032],[110.2900543,-7.6746611],[110.2901815,-7.6745916],[110.2903824,-7.6744818],[110.2905121,-7.6743636],[110.2905741,-7.6742915],[110.2906647,-7.6741862],[110.2907639,-7.6740503],[110.2908249,-7.6739855],[110.2908325,-7.6738596],[110.2908783,-7.6734962],[110.2908936,-7.6733431],[110.29096365680081,-7.673285060433187],[110.29186239557532,-7.673285060433187],[110.29126525943018,-7.674486357854596],[110.29096317879204,-7.675982710783016],[110.28976143177253,-7.675381837273261],[110.2898254,-7.6751628]]]],"type":"MultiPolygon"},"properties":{"Kelas":"Sedang"}},{"type":"Feature","geometry":{"coordinates":[[[[110.45821750048137,-7.67688192756629],[110.45766602768849,-7.674637398173662],[110.45787502533929,-7.673709202724519],[110.45731828369809,-7.672385843649911],[110.45911671726464,-7.672385843649911],[110.45911671726464,-7.675982710783016],[110.45911671726464,-7.67688192756629],[110.45821750048137,-7.67688192756629]]]],"type":"MultiPolygon"},"properties":{"Kelas":"Sedang"}},{"type":"Feature","geometry":{"coordinates":[[[[110.29096317879204,-7.677781144349566],[110.29096317879204,-7.67688192756629],[110.29211530029562,-7.677331535957929],[110.29096317879204,-7.677781144349566]]]],"type":"MultiPolygon"},"properties":{"Kelas":"Sangat Rendah"}},{"type":"Feature","geometry":{"coordinates":[[[[110.2891922,-7.6772189],[110.2892229,-7.6772107],[110.2893143,-7.6771865],[110.2893026,-7.6771199],[110.289299,-7.6770997],[110.2892914,-7.676784],[110.2893143,-7.6766457],[110.2893677,-7.6765404],[110.2894135,-7.6764774],[110.2895279,-7.6760907],[110.2896118,-7.675909],[110.2896728,-7.6757583],[110.2897034,-7.6756038],[110.2897186,-7.6755285],[110.28976143177253,-7.675381837273261],[110.29096317879204,-7.675982710783016],[110.29096317879204,-7.67688192756629],[110.29096317879204,-7.677781144349566],[110.28916474522549,-7.678680361132843],[110.28916474522549,-7.677239901440944],[110.2891922,-7.6772189]]]],"type":"MultiPolygon"},"properties":{"Kelas":"Cukup Rendah"}},{"type":"Feature","geometry":{"coordinates":[[[[110.45911671726464,-7.679579577916119],[110.45821750048137,-7.679579577916119],[110.45821750048137,-7.678680361132843],[110.45911671726464,-7.678680361132843],[110.45911671726464,-7.679579577916119]]]],"type":"MultiPolygon"},"properties":{"Kelas":"Sedang"}},{"type":"Feature","geometry":{"coordinates":[[[[110.2875061,-7.6795497],[110.2875748,-7.679533],[110.2877121,-7.6794691],[110.2877731,-7.6794405],[110.2878723,-7.6793127],[110.2880783,-7.6789202],[110.288269,-7.6788039],[110.28831129594751,-7.678772391224589],[110.28899614207863,-7.680149491678176],[110.28736631165894,-7.680478794699395],[110.28736631165894,-7.679588410617525],[110.2875061,-7.6795497]]]],"type":"MultiPolygon"},"properties":{"Kelas":"Cukup Rendah"}},{"type":"Feature","geometry":{"coordinates":[[[[110.46181436761447,-7.681378011482671],[110.46001593404792,-7.681378011482671],[110.45911671726464,-7.679579577916119],[110.45911671726464,-7.678680361132843],[110.45821750048137,-7.678680361132843],[110.45821750048137,-7.67688192756629],[110.45911671726464,-7.67688192756629],[110.45911671726464,-7.675982710783016],[110.4605129620746,-7.676688736460509],[110.46121723146932,-7.680176714061263],[110.46181436761447,-7.681378011482671]]]],"type":"MultiPolygon"},"properties":{"Kelas":"Cukup Rendah"}},{"type":"Feature","geometry":{"coordinates":[[[[110.2864838,-7.6818061],[110.2865143,-7.6816826],[110.2865295,-7.6813302],[110.2864456,-7.68123],[110.2864914,-7.6811223],[110.2865677,-7.6807851],[110.2865906,-7.6804413],[110.2867432,-7.6801839],[110.2868195,-7.6800432],[110.2869187,-7.6799407],[110.2869797,-7.6798811],[110.2869803,-7.6798805],[110.2872238,-7.6796345],[110.2873306,-7.6795983],[110.28736631165894,-7.679588410617525],[110.28736631165894,-7.680478794699395],[110.28736631165894,-7.681378011482671],[110.28736631165894,-7.682277228265946],[110.28647015934605,-7.681829152109502],[110.2864838,-7.6818061]]],[[[110.2883758,-7.6786303],[110.2883911,-7.6784596],[110.2884674,-7.6783008],[110.2885284,-7.6781559],[110.2886581,-7.6778974],[110.2887726,-7.6777448],[110.2888947,-7.6775708],[110.2889099,-7.6774559],[110.2889404,-7.6774287],[110.2890701,-7.6773123],[110.28916474522549,-7.677239901440944],[110.28916474522549,-7.678680361132843],[110.28837198390562,-7.678680361132843],[110.2883758,-7.6786303]]]],"type":"MultiPolygon"},"properties":{"Kelas":"Sedang"}},{"type":"Feature","geometry":{"coordinates":[[[[110.28826552844222,-7.682277228265946],[110.28736631165894,-7.682277228265946],[110.28736631165894,-7.681378011482671],[110.28826552844222,-7.681378011482671],[110.28826552844222,-7.682277228265946]]]],"type":"MultiPolygon"},"properties":{"Kelas":"Cukup Rendah"}},{"type":"Feature","geometry":{"coordinates":[[[[110.46181436761447,-7.682277228265946],[110.46001593404792,-7.682277228265946],[110.46001593404792,-7.681378011482671],[110.46181436761447,-7.681378011482671],[110.46181436761447,-7.682277228265946]]]],"type":"MultiPolygon"},"properties":{"Kelas":"Sedang"}},{"type":"Feature","geometry":{"coordinates":[[[[110.28916474522549,-7.683176445049222],[110.28826552844222,-7.683176445049222],[110.28826552844222,-7.682277228265946],[110.28916474522549,-7.682277228265946],[110.28916474522549,-7.683176445049222]]]],"type":"MultiPolygon"},"properties":{"Kelas":"Cukup Rendah"}},{"type":"Feature","geometry":{"coordinates":[[[[110.28552973080258,-7.68489858403616],[110.2855678780924,-7.684974878615774],[110.28549571055876,-7.684974878615774],[110.28552973080258,-7.68489858403616]]]],"type":"MultiPolygon"},"properties":{"Kelas":"Sedang"}},{"type":"Feature","geometry":{"coordinates":[[[[110.285553,-7.6848464],[110.2855835,-7.684576],[110.2855988,-7.6844377],[110.2857285,-7.6842136],[110.2857666,-7.6840896],[110.2857361,-7.6840014],[110.2856598,-7.6838574],[110.2856217,-7.6837153],[110.2857666,-7.683301],[110.2858276,-7.6831655],[110.2861938,-7.6829114],[110.286293,-7.6828346],[110.2863083,-7.6827235],[110.2863159,-7.6825928],[110.2863235,-7.6823664],[110.2863083,-7.682137],[110.2863464,-7.6820383],[110.28647015934605,-7.681829152109502],[110.28736631165894,-7.682277228265946],[110.28736631165894,-7.684974878615774],[110.2855678780924,-7.684974878615774],[110.28552973080258,-7.68489858403616],[110.285553,-7.6848464]]]],"type":"MultiPolygon"},"properties":{"Kelas":"Cukup Tinggi"}},{"type":"Feature","geometry":{"coordinates":[[[[110.28736631165894,-7.684974878615774],[110.28736631165894,-7.682277228265946],[110.28826552844222,-7.682277228265946],[110.28826552844222,-7.683176445049222],[110.28916474522549,-7.683176445049222],[110.28856058394923,-7.68437071733951],[110.28736631165894,-7.684974878615774]]]],"type":"MultiPolygon"},"properties":{"Kelas":"Sedang"}},{"type":"Feature","geometry":{"coordinates":[[[[110.46271358439775,-7.685874095399051],[110.45912374239576,-7.684073905549718],[110.46001593404792,-7.682277228265946],[110.46181436761447,-7.682277228265946],[110.46181436761447,-7.684075661832498],[110.46361280118101,-7.684075661832498],[110.46361280118101,-7.684974878615774],[110.46271358439775,-7.684974878615774],[110.46271358439775,-7.685874095399051]]]],"type":"MultiPolygon"},"properties":{"Kelas":"Cukup Rendah"}},{"type":"Feature","geometry":{"coordinates":[[[[110.46361280118101,-7.687672528965601],[110.46271358439775,-7.687672528965601],[110.46271358439775,-7.686773312182327],[110.46361280118101,-7.686773312182327],[110.46361280118101,-7.687672528965601]]]],"type":"MultiPolygon"},"properties":{"Kelas":"Cukup Tinggi"}},{"type":"Feature","geometry":{"coordinates":[[[[110.46541123474756,-7.688571745748877],[110.46361280118101,-7.688571745748877],[110.46361280118101,-7.687672528965601],[110.46361280118101,-7.686773312182327],[110.46271358439775,-7.686773312182327],[110.46271358439775,-7.685874095399051],[110.46271358439775,-7.684974878615774],[110.46361280118101,-7.684974878615774],[110.46541123474756,-7.688571745748877]]]],"type":"MultiPolygon"},"properties":{"Kelas":"Sedang"}},{"type":"Feature","geometry":{"coordinates":[[[[110.46541123474756,-7.69037017931543],[110.46361280118101,-7.69037017931543],[110.46361280118101,-7.688571745748877],[110.46541123474756,-7.688571745748877],[110.46541123474756,-7.69037017931543]]]],"type":"MultiPolygon"},"properties":{"Kelas":"Cukup Rendah"}},{"type":"Feature","geometry":{"coordinates":[[[[110.4645120179643,-7.691269396098706],[110.46361280118101,-7.691269396098706],[110.46246067967745,-7.690819787707067],[110.46361280118101,-7.69037017931543],[110.46541123474756,-7.69037017931543],[110.46541123474756,-7.691269396098706],[110.4645120179643,-7.691269396098706]]]],"type":"MultiPolygon"},"properties":{"Kelas":"Sedang"}},{"type":"Feature","geometry":{"coordinates":[[[[110.4645120179643,-7.692168612881982],[110.46361280118101,-7.692168612881982],[110.46361280118101,-7.691269396098706],[110.4645120179643,-7.691269396098706],[110.4645120179643,-7.692168612881982]]]],"type":"MultiPolygon"},"properties":{"Kelas":"Cukup Tinggi"}},{"type":"Feature","geometry":{"coordinates":[[[[110.4645120179643,-7.693967046448533],[110.46361280118101,-7.692168612881982],[110.4645120179643,-7.692168612881982],[110.46541123474756,-7.692168612881982],[110.46541123474756,-7.693067829665257],[110.46541123474756,-7.693967046448533],[110.4645120179643,-7.693967046448533]]]],"type":"MultiPolygon"},"properties":{"Kelas":"Sedang"}},{"type":"Feature","geometry":{"coordinates":[[[[110.46720966831413,-7.695765480015085],[110.46631045153084,-7.695765480015085],[110.4645120179643,-7.695765480015085],[110.4645120179643,-7.693967046448533],[110.46541123474756,-7.693967046448533],[110.46541123474756,-7.693067829665257],[110.46805795289679,-7.693746632959664],[110.46720966831413,-7.695765480015085]]]],"type":"MultiPolygon"},"properties":{"Kelas":"Cukup Rendah"}},{"type":"Feature","geometry":{"coordinates":[[[[110.4681088850974,-7.698463130364912],[110.46671264028743,-7.697757104687419],[110.46631045153084,-7.695765480015085],[110.46720966831413,-7.695765480015085],[110.46780680445927,-7.696966777436492],[110.4681088850974,-7.698463130364912]]]],"type":"MultiPolygon"},"properties":{"Kelas":"Sedang"}},{"type":"Feature","geometry":{"coordinates":[[[[110.35390835362136,-7.699362347148188],[110.35300913683808,-7.699362347148188],[110.35345874522972,-7.698210225644615],[110.35390835362136,-7.699362347148188]]]],"type":"MultiPolygon"},"properties":{"Kelas":"Cukup Rendah"}},{"type":"Feature","geometry":{"coordinates":[[[[110.46900810188068,-7.699362347148188],[110.4681088850974,-7.699362347148188],[110.4681088850974,-7.698463130364912],[110.46900810188068,-7.698463130364912],[110.46900810188068,-7.699362347148188]]]],"type":"MultiPolygon"},"properties":{"Kelas":"Cukup Rendah"}},{"type":"Feature","geometry":{"coordinates":[[[[110.46990731866396,-7.699362347148188],[110.46900810188068,-7.699362347148188],[110.46900810188068,-7.698463130364912],[110.46990731866396,-7.698463130364912],[110.46990731866396,-7.699362347148188]]]],"type":"MultiPolygon"},"properties":{"Kelas":"Sangat Rendah"}},{"type":"Feature","geometry":{"coordinates":[[[[110.32423419977326,-7.700261563931464],[110.32308207826968,-7.699811955539827],[110.32423419977326,-7.699362347148188],[110.32423419977326,-7.700261563931464]]]],"type":"MultiPolygon"},"properties":{"Kelas":"Sedang"}},{"type":"Feature","geometry":{"coordinates":[[[[110.3260326333398,-7.700261563931464],[110.32423419977326,-7.700261563931464],[110.32423419977326,-7.699362347148188],[110.32720758651952,-7.699714481845545],[110.3260326333398,-7.700261563931464]]]],"type":"MultiPolygon"},"properties":{"Kelas":"Cukup Rendah"}},{"type":"Feature","geometry":{"coordinates":[[[[110.35390835362136,-7.700261563931464],[110.35300913683808,-7.700261563931464],[110.35300913683808,-7.699362347148188],[110.35390835362136,-7.699362347148188],[110.35390835362136,-7.700261563931464]]]],"type":"MultiPolygon"},"properties":{"Kelas":"Sedang"}},{"type":"Feature","geometry":{"coordinates":[[[[110.32513341655653,-7.701160780714741],[110.32423419977326,-7.701160780714741],[110.32423419977326,-7.700261563931464],[110.3260326333398,-7.700261563931464],[110.3260326333398,-7.701160780714741],[110.32513341655653,-7.701160780714741]]]],"type":"MultiPolygon"},"properties":{"Kelas":"Sedang"}},{"type":"Feature","geometry":{"coordinates":[[[[110.46990731866396,-7.701160780714741],[110.46900810188068,-7.701160780714741],[110.46900810188068,-7.699362347148188],[110.46990731866396,-7.699362347148188],[110.46990731866396,-7.701160780714741]]]],"type":"MultiPolygon"},"properties":{"Kelas":"Cukup Rendah"}},{"type":"Feature","geometry":{"coordinates":[[[[110.3566060039712,-7.702059997498017],[110.3566060039712,-7.700261563931464],[110.35947225746787,-7.70062335818411],[110.3566060039712,-7.702059997498017]]]],"type":"MultiPolygon"},"properties":{"Kelas":"Cukup Tinggi"}},{"type":"Feature","geometry":{"coordinates":[[[[110.46990731866396,-7.702059997498017],[110.46900810188068,-7.702059997498017],[110.46900810188068,-7.701160780714741],[110.46990731866396,-7.701160780714741],[110.46990731866396,-7.702059997498017]]]],"type":"MultiPolygon"},"properties":{"Kelas":"Sedang"}},{"type":"Feature","geometry":{"coordinates":[[[[110.35300913683808,-7.702959214281291],[110.3521099200548,-7.702959214281291],[110.3521099200548,-7.702059997498017],[110.35300913683808,-7.702059997498017],[110.35300913683808,-7.702959214281291]]]],"type":"MultiPolygon"},"properties":{"Kelas":"Sangat Rendah"}},{"type":"Feature","geometry":{"coordinates":[[[[110.35390835362136,-7.702959214281291],[110.35300913683808,-7.702959214281291],[110.35300913683808,-7.702059997498017],[110.35300913683808,-7.700261563931464],[110.35390835362136,-7.700261563931464],[110.35570678718791,-7.700261563931464],[110.35390835362136,-7.702959214281291]]]],"type":"MultiPolygon"},"properties":{"Kelas":"Cukup Rendah"}},{"type":"Feature","geometry":{"coordinates":[[[[110.35480757040463,-7.702959214281291],[110.35390835362136,-7.702959214281291],[110.35570678718791,-7.700261563931464],[110.3566060039712,-7.700261563931464],[110.3566060039712,-7.702059997498017],[110.35480757040463,-7.702959214281291]]]],"type":"MultiPolygon"},"properties":{"Kelas":"Sedang"}},{"type":"Feature","geometry":{"coordinates":[[[[110.27567649347635,-7.703858431064567],[110.27477727669307,-7.703858431064567],[110.27522688508472,-7.702706309560996],[110.27567649347635,-7.703858431064567]]]],"type":"MultiPolygon"},"properties":{"Kelas":"Sangat Rendah"}},{"type":"Feature","geometry":{"coordinates":[[[[110.29366082914187,-7.703858431064567],[110.29366082914187,-7.702959214281291],[110.29481295064545,-7.70340882267293],[110.29366082914187,-7.703858431064567]]]],"type":"MultiPolygon"},"properties":{"Kelas":"Cukup Rendah"}},{"type":"Feature","geometry":{"coordinates":[[[[110.32423419977326,-7.703858431064567],[110.32423419977326,-7.702959214281291],[110.32423419977326,-7.701160780714741],[110.32513341655653,-7.701160780714741],[110.32513341655653,-7.703858431064567],[110.32423419977326,-7.703858431064567]]]],"type":"MultiPolygon"},"properties":{"Kelas":"Cukup Tinggi"}},{"type":"Feature","geometry":{"coordinates":[[[[110.35121070327153,-7.703858431064567],[110.35121070327153,-7.702959214281291],[110.3521099200548,-7.702959214281291],[110.3521099200548,-7.703858431064567],[110.35121070327153,-7.703858431064567]]]],"type":"MultiPolygon"},"properties":{"Kelas":"Sangat Rendah"}},{"type":"Feature","geometry":{"coordinates":[[[[110.35390835362136,-7.703858431064567],[110.35300913683808,-7.703858431064567],[110.35300913683808,-7.702959214281291],[110.35390835362136,-7.702959214281291],[110.35390835362136,-7.703858431064567]]]],"type":"MultiPolygon"},"properties":{"Kelas":"Sedang"}},{"type":"Feature","geometry":{"coordinates":[[[[110.35390835362136,-7.703858431064567],[110.35390835362136,-7.702959214281291],[110.35480757040463,-7.702959214281291],[110.35480757040463,-7.703858431064567],[110.35390835362136,-7.703858431064567]]]],"type":"MultiPolygon"},"properties":{"Kelas":"Cukup Tinggi"}},{"type":"Feature","geometry":{"coordinates":[[[[110.4681088850974,-7.703858431064567],[110.46720966831413,-7.703858431064567],[110.46720966831413,-7.702959214281291],[110.4681088850974,-7.702959214281291],[110.4681088850974,-7.703858431064567]]]],"type":"MultiPolygon"},"properties":{"Kelas":"Sangat Rendah"}},{"type":"Feature","geometry":{"coordinates":[[[[110.46900810188068,-7.703858431064567],[110.4681088850974,-7.703858431064567],[110.4681088850974,-7.702959214281291],[110.46720966831413,-7.702959214281291],[110.46720966831413,-7.701160780714741],[110.46900810188068,-7.701160780714741],[110.46900810188068,-7.702059997498017],[110.46990731866396,-7.702059997498017],[110.47080653544722,-7.702059997498017],[110.47080653544722,-7.702959214281291],[110.46900810188068,-7.702959214281291],[110.46900810188068,-7.703858431064567]]]],"type":"MultiPolygon"},"properties":{"Kelas":"Cukup Rendah"}},{"type":"Feature","geometry":{"coordinates":[[[[110.2927616123586,-7.704757647847844],[110.29186239557532,-7.704757647847844],[110.29096317879204,-7.704757647847844],[110.29096317879204,-7.703858431064567],[110.29231200396696,-7.701169562128639],[110.29306369299672,-7.702657133643161],[110.29366082914187,-7.702959214281291],[110.29366082914187,-7.703858431064567],[110.2927616123586,-7.703858431064567],[110.2927616123586,-7.704757647847844]]]],"type":"MultiPolygon"},"properties":{"Kelas":"Sedang"}},{"type":"Feature","geometry":{"coordinates":[[[[110.2927616123586,-7.704757647847844],[110.2927616123586,-7.703858431064567],[110.29366082914187,-7.703858431064567],[110.29366082914187,-7.704757647847844],[110.2927616123586,-7.704757647847844]]]],"type":"MultiPolygon"},"properties":{"Kelas":"Cukup Rendah"}},{"type":"Feature","geometry":{"coordinates":[[[[110.32153654942343,-7.704757647847844],[110.32063733264015,-7.704757647847844],[110.32063733264015,-7.702959214281291],[110.31973811585688,-7.702959214281291],[110.31853681843546,-7.702351540439469],[110.32060923211567,-7.701126533200533],[110.32153654942343,-7.702959214281291],[110.32153654942343,-7.704757647847844]]]],"type":"MultiPolygon"},"properties":{"Kelas":"Sedang"}},{"type":"Feature","geometry":{"coordinates":[[[[110.32153654942343,-7.704757647847844],[110.32153654942343,-7.702959214281291],[110.32333498298998,-7.702959214281291],[110.32273082171372,-7.704153486571581],[110.32153654942343,-7.704757647847844]]]],"type":"MultiPolygon"},"properties":{"Kelas":"Cukup Rendah"}},{"type":"Feature","geometry":{"coordinates":[[[[110.35300913683808,-7.704757647847844],[110.35121070327153,-7.704757647847844],[110.35121070327153,-7.703858431064567],[110.3521099200548,-7.703858431064567],[110.3521099200548,-7.702959214281291],[110.35300913683808,-7.702959214281291],[110.35300913683808,-7.703858431064567],[110.35300913683808,-7.704757647847844]]]],"type":"MultiPolygon"},"properties":{"Kelas":"Cukup Rendah"}},{"type":"Feature","geometry":{"coordinates":[[[[110.35300913683808,-7.704757647847844],[110.35300913683808,-7.703858431064567],[110.35390835362136,-7.703858431064567],[110.35390835362136,-7.704757647847844],[110.35300913683808,-7.704757647847844]]]],"type":"MultiPolygon"},"properties":{"Kelas":"Cukup Tinggi"}},{"type":"Feature","geometry":{"coordinates":[[[[110.46900810188068,-7.704757647847844],[110.46900810188068,-7.703858431064567],[110.47109807838868,-7.704308039456206],[110.46900810188068,-7.704757647847844]]]],"type":"MultiPolygon"},"properties":{"Kelas":"Cukup Rendah"}},{"type":"Feature","geometry":{"coordinates":[[[[110.27657571025964,-7.70565686463112],[110.27404139420833,-7.705337221165189],[110.27477727669307,-7.703858431064567],[110.27567649347635,-7.703858431064567],[110.27657571025964,-7.70565686463112]]]],"type":"MultiPolygon"},"properties":{"Kelas":"Cukup Rendah"}},{"type":"Feature","geometry":{"coordinates":[[[[110.29006396200877,-7.70565686463112],[110.28880997610396,-7.704757647847844],[110.29006396200877,-7.703858431064567],[110.29006396200877,-7.70565686463112]]]],"type":"MultiPolygon"},"properties":{"Kelas":"Sangat Rendah"}},{"type":"Feature","geometry":{"coordinates":[[[[110.31973811585688,-7.70565686463112],[110.3188388990736,-7.70565686463112],[110.3188388990736,-7.704757647847844],[110.31973811585688,-7.704757647847844],[110.31973811585688,-7.70565686463112]]]],"type":"MultiPolygon"},"properties":{"Kelas":"Sangat Rendah"}},{"type":"Feature","geometry":{"coordinates":[[[[110.32153654942343,-7.70565686463112],[110.31973811585688,-7.70565686463112],[110.31973811585688,-7.704757647847844],[110.3188388990736,-7.704757647847844],[110.31973811585688,-7.702959214281291],[110.32063733264015,-7.702959214281291],[110.32063733264015,-7.704757647847844],[110.32153654942343,-7.704757647847844],[110.32153654942343,-7.70565686463112]]]],"type":"MultiPolygon"},"properties":{"Kelas":"Cukup Rendah"}},{"type":"Feature","geometry":{"coordinates":[[[[110.4717057522305,-7.70565686463112],[110.46900810188068,-7.70565686463112],[110.46900810188068,-7.704757647847844],[110.47109807838868,-7.704308039456206],[110.46900810188068,-7.703858431064567],[110.46900810188068,-7.702959214281291],[110.47080653544722,-7.702959214281291],[110.4717057522305,-7.702959214281291],[110.4717057522305,-7.70565686463112]]]],"type":"MultiPolygon"},"properties":{"Kelas":"Sedang"}},{"type":"Feature","geometry":{"coordinates":[[[[110.48159713684653,-7.704757647847844],[110.48249635362981,-7.704757647847844],[110.48204674523818,-7.705909769351416],[110.48159713684653,-7.704757647847844]]]],"type":"MultiPolygon"},"properties":{"Kelas":"Cukup Rendah"}},{"type":"Feature","geometry":{"coordinates":[[[[110.29186239557532,-7.706556081414396],[110.29006396200877,-7.706556081414396],[110.29006396200877,-7.70565686463112],[110.29006396200877,-7.703858431064567],[110.29096317879204,-7.703858431064567],[110.29096317879204,-7.704757647847844],[110.29186239557532,-7.704757647847844],[110.29186239557532,-7.706556081414396]]]],"type":"MultiPolygon"},"properties":{"Kelas":"Cukup Rendah"}},{"type":"Feature","geometry":{"coordinates":[[[[110.32333498298998,-7.706556081414396],[110.32153654942343,-7.706556081414396],[110.32153654942343,-7.70565686463112],[110.32153654942343,-7.704757647847844],[110.32273082171372,-7.704153486571581],[110.32333498298998,-7.702959214281291],[110.32423419977326,-7.702959214281291],[110.32423419977326,-7.703858431064567],[110.32393211913512,-7.705354783992988],[110.32333498298998,-7.706556081414396]]]],"type":"MultiPolygon"},"properties":{"Kelas":"Sedang"}},{"type":"Feature","geometry":{"coordinates":[[[[110.35300913683808,-7.706556081414396],[110.35300913683808,-7.70565686463112],[110.35416125834166,-7.706106473022757],[110.35300913683808,-7.706556081414396]]]],"type":"MultiPolygon"},"properties":{"Kelas":"Cukup Rendah"}},{"type":"Feature","geometry":{"coordinates":[[[[110.4717057522305,-7.70565686463112],[110.47280167268512,-7.705965092258982],[110.47201310171697,-7.706752785085737],[110.4717057522305,-7.70565686463112]]]],"type":"MultiPolygon"},"properties":{"Kelas":"Cukup Rendah"}},{"type":"Feature","geometry":{"coordinates":[[[[110.2774749270429,-7.707455298197672],[110.27657571025964,-7.707455298197672],[110.27657571025964,-7.70565686463112],[110.27705868802408,-7.7052406256123],[110.2786077294359,-7.703443948328527],[110.27927336060947,-7.70565686463112],[110.27807908831917,-7.706261025907382],[110.2774749270429,-7.707455298197672]]]],"type":"MultiPolygon"},"properties":{"Kelas":"Sedang"}},{"type":"Feature","geometry":{"coordinates":[[[[110.27927336060947,-7.706556081414396],[110.28107179417601,-7.706556081414396],[110.28017257739273,-7.707810945460588],[110.27927336060947,-7.706556081414396]]]],"type":"MultiPolygon"},"properties":{"Kelas":"Sangat Rendah"}},{"type":"Feature","geometry":{"coordinates":[[[[110.28376944452584,-7.707455298197672],[110.28376944452584,-7.706556081414396],[110.28466866130911,-7.706556081414396],[110.28466866130911,-7.707455298197672],[110.28376944452584,-7.707455298197672]]]],"type":"MultiPolygon"},"properties":{"Kelas":"Sangat Rendah"}},{"type":"Feature","geometry":{"coordinates":[[[[110.28916474522549,-7.707455298197672],[110.28826552844222,-7.707455298197672],[110.28826552844222,-7.706556081414396],[110.28916474522549,-7.706556081414396],[110.28916474522549,-7.707455298197672]]]],"type":"MultiPolygon"},"properties":{"Kelas":"Sedang"}},{"type":"Feature","geometry":{"coordinates":[[[[110.2927616123586,-7.707455298197672],[110.29186239557532,-7.707455298197672],[110.29186239557532,-7.706556081414396],[110.2927616123586,-7.706556081414396],[110.2927616123586,-7.707455298197672]]]],"type":"MultiPolygon"},"properties":{"Kelas":"Cukup Rendah"}},{"type":"Feature","geometry":{"coordinates":[[[[110.2927616123586,-7.707455298197672],[110.2927616123586,-7.706556081414396],[110.29391373386217,-7.707005689806033],[110.2927616123586,-7.707455298197672]]]],"type":"MultiPolygon"},"properties":{"Kelas":"Sangat Rendah"}},{"type":"Feature","geometry":{"coordinates":[[[[110.35121070327153,-7.707455298197672],[110.35121070327153,-7.704757647847844],[110.35300913683808,-7.704757647847844],[110.35300913683808,-7.70565686463112],[110.35300913683808,-7.706556081414396],[110.35300913683808,-7.707455298197672],[110.35121070327153,-7.707455298197672]]]],"type":"MultiPolygon"},"properties":{"Kelas":"Sedang"}},{"type":"Feature","geometry":{"coordinates":[[[[110.2650909,-7.7062925],[110.2657852,-7.706549],[110.2661591,-7.7067202],[110.2671738,-7.7071374],[110.2677536,-7.7072877],[110.26779952268598,-7.707284659278858],[110.26758354242688,-7.708354514980947],[110.2666843256436,-7.708354514980947],[110.2666843256436,-7.707455298197672],[110.26488589207705,-7.707455298197672],[110.26488589207705,-7.706205610642711],[110.2650909,-7.7062925]]]],"type":"MultiPolygon"},"properties":{"Kelas":"Cukup Tinggi"}},{"type":"Feature","geometry":{"coordinates":[[[[110.2679303,-7.707276],[110.2679367,-7.7072748],[110.2683411,-7.7072462],[110.2687454,-7.7071189],[110.2690048,-7.7069596],[110.2692947,-7.706715],[110.2697144,-7.7063001],[110.2702026,-7.7059177],[110.27028119277671,-7.705857545907455],[110.27028119277671,-7.707455298197672],[110.26938197599343,-7.707455298197672],[110.26938197599343,-7.708354514980947],[110.26758354242688,-7.708354514980947],[110.26779952268598,-7.707284659278858],[110.2679303,-7.707276]]]],"type":"MultiPolygon"},"properties":{"Kelas":"Sedang"}},{"type":"Feature","geometry":{"coordinates":[[[[110.28287022774256,-7.708354514980947],[110.28107179417601,-7.708354514980947],[110.28017257739273,-7.708354514980947],[110.27867622446432,-7.708052434342816],[110.2774749270429,-7.707455298197672],[110.27807908831917,-7.706261025907382],[110.27927336060947,-7.70565686463112],[110.27927336060947,-7.706556081414396],[110.28017257739273,-7.707810945460588],[110.28107179417601,-7.706556081414396],[110.28226606646629,-7.707160242690659],[110.28287022774256,-7.708354514980947]]]],"type":"MultiPolygon"},"properties":{"Kelas":"Cukup Rendah"}},{"type":"Feature","geometry":{"coordinates":[[[[110.29006396200877,-7.708354514980947],[110.28916474522549,-7.708354514980947],[110.28916474522549,-7.707455298197672],[110.29006396200877,-7.707455298197672],[110.29006396200877,-7.708354514980947]]]],"type":"MultiPolygon"},"properties":{"Kelas":"Cukup Tinggi"}},{"type":"Feature","geometry":{"coordinates":[[[[110.29006396200877,-7.708354514980947],[110.29006396200877,-7.707455298197672],[110.29006396200877,-7.706556081414396],[110.29186239557532,-7.706556081414396],[110.29186239557532,-7.707455298197672],[110.29186239557532,-7.708354514980947],[110.29006396200877,-7.708354514980947]]]],"type":"MultiPolygon"},"properties":{"Kelas":"Sedang"}},{"type":"Feature","geometry":{"coordinates":[[[[110.32153654942343,-7.708354514980947],[110.31973811585688,-7.707455298197672],[110.31973811585688,-7.706556081414396],[110.32153654942343,-7.706556081414396],[110.32333498298998,-7.706556081414396],[110.32333498298998,-7.707455298197672],[110.3224357662067,-7.707455298197672],[110.32153654942343,-7.707455298197672],[110.32153654942343,-7.708354514980947]]]],"type":"MultiPolygon"},"properties":{"Kelas":"Cukup Rendah"}},{"type":"Feature","geometry":{"coordinates":[[[[110.32153654942343,-7.708354514980947],[110.32153654942343,-7.707455298197672],[110.3224357662067,-7.707455298197672],[110.3224357662067,-7.708354514980947],[110.32153654942343,-7.708354514980947]]]],"type":"MultiPolygon"},"properties":{"Kelas":"Sedang"}},{"type":"Feature","geometry":{"coordinates":[[[[110.3485130529217,-7.708354514980947],[110.34741713246709,-7.708046287353087],[110.34820570343523,-7.70725859452633],[110.3485130529217,-7.708354514980947]]]],"type":"MultiPolygon"},"properties":{"Kelas":"Sedang"}},{"type":"Feature","geometry":{"coordinates":[[[[110.35031148648825,-7.708354514980947],[110.35031148648825,-7.707455298197672],[110.35121070327153,-7.707455298197672],[110.35121070327153,-7.708354514980947],[110.35031148648825,-7.708354514980947]]]],"type":"MultiPolygon"},"properties":{"Kelas":"Cukup Tinggi"}},{"type":"Feature","geometry":{"coordinates":[[[[110.47440340258034,-7.708354514980947],[110.47350418579705,-7.708354514980947],[110.47350418579705,-7.707455298197672],[110.47440340258034,-7.707455298197672],[110.47440340258034,-7.708354514980947]]]],"type":"MultiPolygon"},"properties":{"Kelas":"Cukup Rendah"}},{"type":"Feature","geometry":{"coordinates":[[[[110.47620183614688,-7.708354514980947],[110.47440340258034,-7.708354514980947],[110.47440340258034,-7.707455298197672],[110.47553620497332,-7.706141598678354],[110.47620183614688,-7.708354514980947]]]],"type":"MultiPolygon"},"properties":{"Kelas":"Sedang"}},{"type":"Feature","geometry":{"coordinates":[[[[110.48249635362981,-7.708354514980947],[110.48069792006326,-7.708354514980947],[110.48069792006326,-7.704757647847844],[110.48159713684653,-7.704757647847844],[110.48204674523818,-7.705909769351416],[110.48249635362981,-7.704757647847844],[110.48325155522514,-7.705279263833456],[110.48249635362981,-7.708354514980947]]]],"type":"MultiPolygon"},"properties":{"Kelas":"Sedang"}},{"type":"Feature","geometry":{"coordinates":[[[[110.2531738,-7.7084911],[110.2538223,-7.7082556],[110.25390846806435,-7.708193399517061],[110.25409529067774,-7.709253731764223],[110.25292736262915,-7.70875319117197],[110.2530573644451,-7.708504915964764],[110.2531738,-7.7084911]]]],"type":"MultiPolygon"},"properties":{"Kelas":"Cukup Tinggi"}},{"type":"Feature","geometry":{"coordinates":[[[[110.2666843256436,-7.708354514980947],[110.26758354242688,-7.708354514980947],[110.26713393403523,-7.70950663648452],[110.2666843256436,-7.708354514980947]]]],"type":"MultiPolygon"},"properties":{"Kelas":"Sedang"}},{"type":"Feature","geometry":{"coordinates":[[[[110.27477727669307,-7.709253731764223],[110.27477727669307,-7.708354514980947],[110.27207962634326,-7.708354514980947],[110.27207962634326,-7.707455298197672],[110.27657571025964,-7.707455298197672],[110.2774749270429,-7.707455298197672],[110.2774749270429,-7.709253731764223],[110.27477727669307,-7.709253731764223]]]],"type":"MultiPolygon"},"properties":{"Kelas":"Cukup Tinggi"}},{"type":"Feature","geometry":{"coordinates":[[[[110.2738780599098,-7.710152948547499],[110.27297884312652,-7.710152948547499],[110.27207962634326,-7.710152948547499],[110.27118040955997,-7.710152948547499],[110.27118040955997,-7.708354514980947],[110.27207962634326,-7.708354514980947],[110.27477727669307,-7.708354514980947],[110.27477727669307,-7.709253731764223],[110.2738780599098,-7.709253731764223],[110.2738780599098,-7.710152948547499]]]],"type":"MultiPolygon"},"properties":{"Kelas":"Sedang"}},{"type":"Feature","geometry":{"coordinates":[[[[110.27477727669307,-7.710152948547499],[110.2738780599098,-7.710152948547499],[110.2738780599098,-7.709253731764223],[110.27477727669307,-7.709253731764223],[110.27477727669307,-7.710152948547499]]]],"type":"MultiPolygon"},"properties":{"Kelas":"Cukup Rendah"}},{"type":"Feature","geometry":{"coordinates":[[[[110.28736631165894,-7.710152948547499],[110.2855678780924,-7.710152948547499],[110.28630376057714,-7.708674158446877],[110.28376944452584,-7.708354514980947],[110.28376944452584,-7.707455298197672],[110.28466866130911,-7.707455298197672],[110.28466866130911,-7.706556081414396],[110.28826552844222,-7.706556081414396],[110.28826552844222,-7.707455298197672],[110.28736631165894,-7.707455298197672],[110.28736631165894,-7.708354514980947],[110.28736631165894,-7.710152948547499]]]],"type":"MultiPolygon"},"properties":{"Kelas":"Cukup Rendah"}},{"type":"Feature","geometry":{"coordinates":[[[[110.28736631165894,-7.710152948547499],[110.28736631165894,-7.708354514980947],[110.28862029756374,-7.709253731764223],[110.28736631165894,-7.710152948547499]]]],"type":"MultiPolygon"},"properties":{"Kelas":"Sangat Rendah"}},{"type":"Feature","geometry":{"coordinates":[[[[110.47440340258034,-7.710152948547499],[110.47226951900282,-7.70844408540272],[110.47350418579705,-7.707455298197672],[110.47350418579705,-7.708354514980947],[110.47440340258034,-7.708354514980947],[110.47440340258034,-7.710152948547499]]]],"type":"MultiPolygon"},"properties":{"Kelas":"Sangat Rendah"}},{"type":"Feature","geometry":{"coordinates":[[[[110.24557882837333,-7.709966917740008],[110.24600233962825,-7.711052165330775],[110.24510312284498,-7.711052165330775],[110.24552666418971,-7.709966840634888],[110.24557882837333,-7.709966917740008]]]],"type":"MultiPolygon"},"properties":{"Kelas":"Cukup Tinggi"}},{"type":"Feature","geometry":{"coordinates":[[[[110.2472153,-7.7101349],[110.2476025,-7.7099708],[110.2476044,-7.70997],[110.2481689,-7.7097029],[110.24869998997808,-7.709205076419551],[110.24869998997808,-7.710152948547499],[110.24690155641153,-7.711052165330775],[110.24690155641153,-7.710090224451144],[110.2472153,-7.7101349]]]],"type":"MultiPolygon"},"properties":{"Kelas":"Cukup Tinggi"}},{"type":"Feature","geometry":{"coordinates":[[[[110.26938197599343,-7.708354514980947],[110.26938197599343,-7.707455298197672],[110.27028119277671,-7.707455298197672],[110.27028119277671,-7.708354514980947],[110.27118040955997,-7.708354514980947],[110.27118040955997,-7.710152948547499],[110.27207962634326,-7.710152948547499],[110.2710996205521,-7.711422740997321],[110.26938197599343,-7.708354514980947]]]],"type":"MultiPolygon"},"properties":{"Kelas":"Cukup Rendah"}},{"type":"Feature","geometry":{"coordinates":[[[[110.28107179417601,-7.711052165330775],[110.28017257739273,-7.711052165330775],[110.27950167737083,-7.709703340155862],[110.28017257739273,-7.708354514980947],[110.28107179417601,-7.708354514980947],[110.2817426941979,-7.709703340155862],[110.28107179417601,-7.711052165330775]]]],"type":"MultiPolygon"},"properties":{"Kelas":"Cukup Tinggi"}},{"type":"Feature","geometry":{"coordinates":[[[[110.28376944452584,-7.711052165330775],[110.28107179417601,-7.711052165330775],[110.2817426941979,-7.709703340155862],[110.28107179417601,-7.708354514980947],[110.28287022774256,-7.708354514980947],[110.28376944452584,-7.708354514980947],[110.28630376057714,-7.708674158446877],[110.2855678780924,-7.710152948547499],[110.28376944452584,-7.711052165330775]]]],"type":"MultiPolygon"},"properties":{"Kelas":"Sedang"}},{"type":"Feature","geometry":{"coordinates":[[[[110.34941226970498,-7.711052165330775],[110.3485130529217,-7.711052165330775],[110.3485130529217,-7.709253731764223],[110.3506030294297,-7.710399706278066],[110.34941226970498,-7.711052165330775]]]],"type":"MultiPolygon"},"properties":{"Kelas":"Cukup Rendah"}},{"type":"Feature","geometry":{"coordinates":[[[[110.4833955704131,-7.711052165330775],[110.4833955704131,-7.710152948547499],[110.48454769191666,-7.710602556939138],[110.4833955704131,-7.711052165330775]]]],"type":"MultiPolygon"},"properties":{"Kelas":"Sangat Rendah"}},{"type":"Feature","geometry":{"coordinates":[[[[110.2488937,-7.7090235],[110.2492294,-7.7087351],[110.2495414,-7.708591],[110.2495422,-7.7085909],[110.2500008,-7.7085287],[110.2503967,-7.7083993],[110.2507553,-7.7084169],[110.2509918,-7.7084169],[110.2516022,-7.7085366],[110.2522659,-7.7085547],[110.2524265,-7.7085757],[110.2524811,-7.7085701],[110.2526732,-7.7085505],[110.2530573644451,-7.708504915964764],[110.25292736262915,-7.70875319117197],[110.25409529067774,-7.709253731764223],[110.25193330657575,-7.712269269297201],[110.24869998997808,-7.710152948547499],[110.24869998997808,-7.709205076419551],[110.2488937,-7.7090235]]],[[[110.2541962,-7.7079857],[110.2544861,-7.7077154],[110.254837,-7.7072085],[110.2554016,-7.706364],[110.2563673,-7.7061171],[110.2570119,-7.70569],[110.2574843,-7.7055196],[110.2580427,-7.7053065],[110.2588584,-7.7052222],[110.2598454,-7.7053524],[110.2617349,-7.7048418],[110.263176,-7.7054809],[110.26488589207705,-7.706205610642711],[110.26488589207705,-7.707455298197672],[110.2613540074068,-7.706587694504433],[110.25785022326102,-7.707373631048409],[110.2555266611433,-7.708886668663238],[110.25409529067774,-7.709253731764223],[110.25390846806435,-7.708193399517061],[110.2541962,-7.7079857]]]],"type":"MultiPolygon"},"properties":{"Kelas":"Sedang"}},{"type":"Feature","geometry":{"coordinates":[[[[110.28017257739273,-7.711951382114052],[110.2780070807252,-7.710520011648486],[110.27477727669307,-7.710152948547499],[110.27477727669307,-7.709253731764223],[110.2774749270429,-7.709253731764223],[110.2774749270429,-7.707455298197672],[110.27867622446432,-7.708052434342816],[110.28017257739273,-7.708354514980947],[110.27950167737083,-7.709703340155862],[110.28017257739273,-7.711052165330775],[110.28017257739273,-7.711951382114052]]]],"type":"MultiPolygon"},"properties":{"Kelas":"Sedang"}},{"type":"Feature","geometry":{"coordinates":[[[[110.28017257739273,-7.711951382114052],[110.28017257739273,-7.711052165330775],[110.28107179417601,-7.711052165330775],[110.28376944452584,-7.711052165330775],[110.28376944452584,-7.711951382114052],[110.28017257739273,-7.711951382114052]]]],"type":"MultiPolygon"},"properties":{"Kelas":"Cukup Rendah"}},{"type":"Feature","geometry":{"coordinates":[[[[110.48069792006326,-7.711951382114052],[110.47979870327998,-7.711951382114052],[110.47979870327998,-7.709253731764223],[110.48069792006326,-7.709253731764223],[110.48069792006326,-7.711951382114052]]]],"type":"MultiPolygon"},"properties":{"Kelas":"Cukup Rendah"}},{"type":"Feature","geometry":{"coordinates":[[[[110.48159713684653,-7.711951382114052],[110.48069792006326,-7.711951382114052],[110.48069792006326,-7.709253731764223],[110.48159713684653,-7.709253731764223],[110.48159713684653,-7.711951382114052]]]],"type":"MultiPolygon"},"properties":{"Kelas":"Sedang"}},{"type":"Feature","geometry":{"coordinates":[[[[110.4833955704131,-7.711951382114052],[110.48159713684653,-7.711951382114052],[110.48159713684653,-7.709253731764223],[110.48069792006326,-7.709253731764223],[110.48069792006326,-7.708354514980947],[110.48249635362981,-7.708354514980947],[110.4833955704131,-7.710152948547499],[110.4833955704131,-7.711052165330775],[110.4833955704131,-7.711951382114052]]]],"type":"MultiPolygon"},"properties":{"Kelas":"Cukup Rendah"}},{"type":"Feature","geometry":{"coordinates":[[[[110.2774749270429,-7.712850598897328],[110.27427497981805,-7.712029536697754],[110.27297884312652,-7.710152948547499],[110.2738780599098,-7.710152948547499],[110.27477727669307,-7.710152948547499],[110.27507935733121,-7.710750084692643],[110.27687076576665,-7.711656326607038],[110.2774749270429,-7.712850598897328]]]],"type":"MultiPolygon"},"properties":{"Kelas":"Sangat Rendah"}},{"type":"Feature","geometry":{"coordinates":[[[[110.35121070327153,-7.712850598897328],[110.34941226970498,-7.712850598897328],[110.34941226970498,-7.711052165330775],[110.3506030294297,-7.710399706278066],[110.3485130529217,-7.709253731764223],[110.3485130529217,-7.708354514980947],[110.35031148648825,-7.708354514980947],[110.3509086226334,-7.709555812402355],[110.35121070327153,-7.712850598897328]]]],"type":"MultiPolygon"},"properties":{"Kelas":"Sedang"}},{"type":"Feature","geometry":{"coordinates":[[[[110.47620183614688,-7.712850598897328],[110.47398891984429,-7.712184089582379],[110.4753026193636,-7.711052165330775],[110.47620183614688,-7.712850598897328]]]],"type":"MultiPolygon"},"properties":{"Kelas":"Cukup Rendah"}},{"type":"Feature","geometry":{"coordinates":[[[[110.47979870327998,-7.712850598897328],[110.47929113755661,-7.712458947837424],[110.47800026971343,-7.709253731764223],[110.47979870327998,-7.709253731764223],[110.47979870327998,-7.711951382114052],[110.47979870327998,-7.712850598897328]]]],"type":"MultiPolygon"},"properties":{"Kelas":"Sangat Rendah"}},{"type":"Feature","geometry":{"coordinates":[[[[110.2387161,-7.7131128],[110.23910756274789,-7.712850598897328],[110.23970782214532,-7.712850598897328],[110.23970782214532,-7.713749815680602],[110.23701017179549,-7.713749815680602],[110.23701017179549,-7.713396463723545],[110.2387161,-7.7131128]]]],"type":"MultiPolygon"},"properties":{"Kelas":"Cukup Tinggi"}},{"type":"Feature","geometry":{"coordinates":[[[[110.2774749270429,-7.712850598897328],[110.27687076576665,-7.711656326607038],[110.27507935733121,-7.710750084692643],[110.27477727669307,-7.710152948547499],[110.2780070807252,-7.710520011648486],[110.28017257739273,-7.711951382114052],[110.27979497659507,-7.713420512659384],[110.2774749270429,-7.712850598897328]]]],"type":"MultiPolygon"},"properties":{"Kelas":"Cukup Rendah"}},{"type":"Feature","geometry":{"coordinates":[[[[110.31704046550705,-7.713749815680602],[110.31704046550705,-7.712850598897328],[110.31614124872377,-7.712850598897328],[110.31654168119758,-7.711451719663188],[110.31973811585688,-7.707455298197672],[110.32153654942343,-7.708354514980947],[110.32153654942343,-7.709253731764223],[110.31973811585688,-7.709253731764223],[110.31973811585688,-7.711951382114052],[110.31793968229033,-7.711951382114052],[110.31793968229033,-7.713749815680602],[110.31704046550705,-7.713749815680602]]]],"type":"MultiPolygon"},"properties":{"Kelas":"Sedang"}},{"type":"Feature","geometry":{"coordinates":[[[[110.47710105293015,-7.713749815680602],[110.47620183614688,-7.713749815680602],[110.47620183614688,-7.712850598897328],[110.4753026193636,-7.711052165330775],[110.47735747021602,-7.710188952344486],[110.47765252572303,-7.711505286287974],[110.47710105293015,-7.713749815680602]]]],"type":"MultiPolygon"},"properties":{"Kelas":"Sedang"}},{"type":"Feature","geometry":{"coordinates":[[[[110.4850845,-7.7120447],[110.4850845,-7.712079],[110.48519400397964,-7.712508406269075],[110.48519400397964,-7.713749815680602],[110.4833955704131,-7.713749815680602],[110.4833955704131,-7.711951382114052],[110.48505881514919,-7.711951382114052],[110.4850845,-7.7120447]]]],"type":"MultiPolygon"},"properties":{"Kelas":"Cukup Rendah"}},{"type":"Feature","geometry":{"coordinates":[[[[110.232232,-7.7142103],[110.23251408787911,-7.713811662854189],[110.23251408787911,-7.714649032463878],[110.23205667723073,-7.714649032463878],[110.232232,-7.7142103]]]],"type":"MultiPolygon"},"properties":{"Kelas":"Sedang"}},{"type":"Feature","geometry":{"coordinates":[[[[110.23254838244284,-7.713763198924985],[110.23366620938269,-7.714199424072241],[110.23251408787911,-7.714649032463878],[110.23251408787911,-7.713811662854189],[110.23254838244284,-7.713763198924985]]]],"type":"MultiPolygon"},"properties":{"Kelas":"Cukup Tinggi"}},{"type":"Feature","geometry":{"coordinates":[[[[110.35031148648825,-7.714649032463878],[110.34941226970498,-7.714649032463878],[110.34941226970498,-7.713749815680602],[110.34941226970498,-7.712850598897328],[110.35121070327153,-7.712850598897328],[110.35121070327153,-7.714649032463878],[110.35031148648825,-7.714649032463878]]]],"type":"MultiPolygon"},"properties":{"Kelas":"Cukup Rendah"}},{"type":"Feature","geometry":{"coordinates":[[[[110.47710105293015,-7.714649032463878],[110.47710105293015,-7.713749815680602],[110.47765252572303,-7.711505286287974],[110.47735747021602,-7.710188952344486],[110.4753026193636,-7.711052165330775],[110.4753026193636,-7.710152948547499],[110.47440340258034,-7.710152948547499],[110.47440340258034,-7.708354514980947],[110.47620183614688,-7.708354514980947],[110.47800026971343,-7.709253731764223],[110.47929113755661,-7.712458947837424],[110.47979870327998,-7.712850598897328],[110.48013239700815,-7.713930712806926],[110.48126344311837,-7.712669701771004],[110.48159713684653,-7.713749815680602],[110.48159713684653,-7.714649032463878],[110.47710105293015,-7.714649032463878]]]],"type":"MultiPolygon"},"properties":{"Kelas":"Cukup Rendah"}},{"type":"Feature","geometry":{"coordinates":[[[[110.31704046550705,-7.715548249247155],[110.3152420319405,-7.715548249247155],[110.3152420319405,-7.712850598897328],[110.31614124872377,-7.712850598897328],[110.31704046550705,-7.712850598897328],[110.31704046550705,-7.713749815680602],[110.31704046550705,-7.715548249247155]]]],"type":"MultiPolygon"},"properties":{"Kelas":"Cukup Rendah"}},{"type":"Feature","geometry":{"coordinates":[[[[110.31973811585688,-7.716447466030431],[110.32004546534334,-7.715351545575814],[110.3208340363115,-7.716139238402569],[110.31973811585688,-7.716447466030431]]]],"type":"MultiPolygon"},"properties":{"Kelas":"Sedang"}},{"type":"Feature","geometry":{"coordinates":[[[[110.47889948649672,-7.716447466030431],[110.47800026971343,-7.716447466030431],[110.47800026971343,-7.715548249247155],[110.47889948649672,-7.715548249247155],[110.47889948649672,-7.716447466030431]]]],"type":"MultiPolygon"},"properties":{"Kelas":"Cukup Rendah"}},{"type":"Feature","geometry":{"coordinates":[[[[110.31614124872377,-7.717346682813707],[110.3152420319405,-7.717346682813707],[110.3152420319405,-7.715548249247155],[110.31704046550705,-7.715548249247155],[110.31793968229033,-7.715548249247155],[110.31793968229033,-7.716447466030431],[110.31614124872377,-7.716447466030431],[110.31614124872377,-7.717346682813707]]]],"type":"MultiPolygon"},"properties":{"Kelas":"Sedang"}},{"type":"Feature","geometry":{"coordinates":[[[[110.31793968229033,-7.717346682813707],[110.31614124872377,-7.717346682813707],[110.31614124872377,-7.716447466030431],[110.31793968229033,-7.716447466030431],[110.31793968229033,-7.717346682813707]]]],"type":"MultiPolygon"},"properties":{"Kelas":"Cukup Rendah"}},{"type":"Feature","geometry":{"coordinates":[[[[110.3188388990736,-7.717346682813707],[110.3188388990736,-7.716447466030431],[110.31973811585688,-7.716447466030431],[110.31973811585688,-7.717346682813707],[110.3188388990736,-7.717346682813707]]]],"type":"MultiPolygon"},"properties":{"Kelas":"Sedang"}},{"type":"Feature","geometry":{"coordinates":[[[[110.3485130529217,-7.717346682813707],[110.34761383613844,-7.717346682813707],[110.34797563039108,-7.714476916751455],[110.34941226970498,-7.713749815680602],[110.34941226970498,-7.714649032463878],[110.35031148648825,-7.714649032463878],[110.34941226970498,-7.716447466030431],[110.3485130529217,-7.716447466030431],[110.3485130529217,-7.717346682813707]]]],"type":"MultiPolygon"},"properties":{"Kelas":"Sedang"}},{"type":"Feature","geometry":{"coordinates":[[[[110.34941226970498,-7.717346682813707],[110.3485130529217,-7.717346682813707],[110.3485130529217,-7.716447466030431],[110.34941226970498,-7.716447466030431],[110.34941226970498,-7.717346682813707]]]],"type":"MultiPolygon"},"properties":{"Kelas":"Cukup Tinggi"}},{"type":"Feature","geometry":{"coordinates":[[[[110.48069792006326,-7.717346682813707],[110.47979870327998,-7.717346682813707],[110.47889948649672,-7.717346682813707],[110.47889948649672,-7.716447466030431],[110.48069792006326,-7.716447466030431],[110.48069792006326,-7.717346682813707]]]],"type":"MultiPolygon"},"properties":{"Kelas":"Cukup Rendah"}},{"type":"Feature","geometry":{"coordinates":[[[[110.3152420319405,-7.717346682813707],[110.31493468245402,-7.718442603268324],[110.31414611148588,-7.717654910441567],[110.3152420319405,-7.717346682813707]]]],"type":"MultiPolygon"},"properties":{"Kelas":"Sedang"}},{"type":"Feature","geometry":{"coordinates":[[[[110.34761383613844,-7.718245899596983],[110.34646171463486,-7.717796291205344],[110.34761383613844,-7.717346682813707],[110.34761383613844,-7.718245899596983]]]],"type":"MultiPolygon"},"properties":{"Kelas":"Cukup Rendah"}},{"type":"Feature","geometry":{"coordinates":[[[[110.48069792006326,-7.718245899596983],[110.47979870327998,-7.718245899596983],[110.47979870327998,-7.717346682813707],[110.48069792006326,-7.717346682813707],[110.48069792006326,-7.718245899596983]]]],"type":"MultiPolygon"},"properties":{"Kelas":"Sangat Rendah"}},{"type":"Feature","geometry":{"coordinates":[[[[110.4833955704131,-7.718245899596983],[110.48214158450828,-7.717346682813707],[110.4833955704131,-7.716447466030431],[110.4833955704131,-7.718245899596983]]]],"type":"MultiPolygon"},"properties":{"Kelas":"Cukup Tinggi"}},{"type":"Feature","geometry":{"coordinates":[[[[110.2315225,-7.7181514],[110.2315454,-7.7173465],[110.2317157,-7.7164251],[110.2318124,-7.7159022],[110.2318858,-7.715498],[110.232026,-7.7147258],[110.23205667723073,-7.714649032463878],[110.23251408787911,-7.714649032463878],[110.23216985645426,-7.718410112036898],[110.23156213674139,-7.718717274717863],[110.2315225,-7.7181514]]]],"type":"MultiPolygon"},"properties":{"Kelas":"Cukup Tinggi"}},{"type":"Feature","geometry":{"coordinates":[[[[110.31793968229033,-7.719145116380258],[110.31614124872377,-7.719145116380258],[110.31614124872377,-7.717346682813707],[110.31793968229033,-7.717346682813707],[110.3188388990736,-7.717346682813707],[110.3188388990736,-7.718245899596983],[110.31793968229033,-7.718245899596983],[110.31793968229033,-7.719145116380258]]]],"type":"MultiPolygon"},"properties":{"Kelas":"Sedang"}},{"type":"Feature","geometry":{"coordinates":[[[[110.3188388990736,-7.718245899596983],[110.31993481952821,-7.718554127224843],[110.31914624856007,-7.7193418200516],[110.3188388990736,-7.718245899596983]]]],"type":"MultiPolygon"},"properties":{"Kelas":"Cukup Tinggi"}},{"type":"Feature","geometry":{"coordinates":[[[[110.35031148648825,-7.719145116380258],[110.35031148648825,-7.718245899596983],[110.34941226970498,-7.718245899596983],[110.34941226970498,-7.717346682813707],[110.35101751216575,-7.717580268423424],[110.35225569152553,-7.718861476711314],[110.35031148648825,-7.719145116380258]]]],"type":"MultiPolygon"},"properties":{"Kelas":"Cukup Tinggi"}},{"type":"Feature","geometry":{"coordinates":[[[[110.4833955704131,-7.719145116380258],[110.48189921748467,-7.718843035742127],[110.48069792006326,-7.718245899596983],[110.48069792006326,-7.717346682813707],[110.48069792006326,-7.716447466030431],[110.47889948649672,-7.716447466030431],[110.47889948649672,-7.715548249247155],[110.47800026971343,-7.715548249247155],[110.47710105293015,-7.715548249247155],[110.47710105293015,-7.714649032463878],[110.48159713684653,-7.714649032463878],[110.48159713684653,-7.713749815680602],[110.4833955704131,-7.713749815680602],[110.48519400397964,-7.713749815680602],[110.48399270655824,-7.716145385392299],[110.4833955704131,-7.716447466030431],[110.48214158450828,-7.717346682813707],[110.4833955704131,-7.718245899596983],[110.4833955704131,-7.719145116380258]]]],"type":"MultiPolygon"},"properties":{"Kelas":"Sedang"}},{"type":"Feature","geometry":{"coordinates":[[[[110.34941226970498,-7.720044333163534],[110.34761383613844,-7.720044333163534],[110.34761383613844,-7.718245899596983],[110.34941226970498,-7.718245899596983],[110.34941226970498,-7.720044333163534]]]],"type":"MultiPolygon"},"properties":{"Kelas":"Cukup Rendah"}},{"type":"Feature","geometry":{"coordinates":[[[[110.35031148648825,-7.720044333163534],[110.34941226970498,-7.720044333163534],[110.34941226970498,-7.718245899596983],[110.35031148648825,-7.718245899596983],[110.35031148648825,-7.719145116380258],[110.35031148648825,-7.720044333163534]]]],"type":"MultiPolygon"},"properties":{"Kelas":"Sedang"}},{"type":"Feature","geometry":{"coordinates":[[[[110.48519400397964,-7.72094354994681],[110.48429478719636,-7.72094354994681],[110.48429478719636,-7.720044333163534],[110.48519400397964,-7.720044333163534],[110.48519400397964,-7.72094354994681]]]],"type":"MultiPolygon"},"properties":{"Kelas":"Sangat Rendah"}},{"type":"Feature","geometry":{"coordinates":[[[[110.31614124872377,-7.721842766730086],[110.31254438159067,-7.721842766730086],[110.31293603265057,-7.720435984223437],[110.31614124872377,-7.719145116380258],[110.31793968229033,-7.719145116380258],[110.31793968229033,-7.72094354994681],[110.3164696736036,-7.720212936310398],[110.31614124872377,-7.721842766730086]]]],"type":"MultiPolygon"},"properties":{"Kelas":"Cukup Tinggi"}},{"type":"Feature","geometry":{"coordinates":[[[[110.31793968229033,-7.721842766730086],[110.31614124872377,-7.721842766730086],[110.3164696736036,-7.720212936310398],[110.31793968229033,-7.72094354994681],[110.31793968229033,-7.721842766730086]]]],"type":"MultiPolygon"},"properties":{"Kelas":"Sedang"}},{"type":"Feature","geometry":{"coordinates":[[[[110.35031148648825,-7.721842766730086],[110.34941226970498,-7.721842766730086],[110.34941226970498,-7.720044333163534],[110.35031148648825,-7.720044333163534],[110.35031148648825,-7.721842766730086]]]],"type":"MultiPolygon"},"properties":{"Kelas":"Cukup Tinggi"}},{"type":"Feature","geometry":{"coordinates":[[[[110.3485130529217,-7.722741983513362],[110.34736093141814,-7.722292375121723],[110.3485130529217,-7.721842766730086],[110.3485130529217,-7.722741983513362]]]],"type":"MultiPolygon"},"properties":{"Kelas":"Cukup Rendah"}},{"type":"Feature","geometry":{"coordinates":[[[[110.48429478719636,-7.722741983513362],[110.48309348977496,-7.722144847368218],[110.48159713684653,-7.721842766730086],[110.48100000070139,-7.720641469308678],[110.48069792006326,-7.718245899596983],[110.48189921748467,-7.718843035742127],[110.4833955704131,-7.719145116380258],[110.4833955704131,-7.720044333163534],[110.48429478719636,-7.720044333163534],[110.48429478719636,-7.72094354994681],[110.48519400397964,-7.72094354994681],[110.48519400397964,-7.722741983513362],[110.48429478719636,-7.722741983513362]]]],"type":"MultiPolygon"},"properties":{"Kelas":"Cukup Rendah"}},{"type":"Feature","geometry":{"coordinates":[[[[110.2278909,-7.723223],[110.2293405,-7.7234319],[110.2307061,-7.7231868],[110.231492,-7.7227962],[110.2318658,-7.7224458],[110.2320336,-7.7220538],[110.2320108,-7.7215584],[110.2319497,-7.7211249],[110.2316064,-7.7193492],[110.23156213674139,-7.718717274717863],[110.23216985645426,-7.718410112036898],[110.23251408787911,-7.714649032463878],[110.23366620938269,-7.714199424072241],[110.23254838244284,-7.713763198924985],[110.2325677,-7.7137359],[110.2329263,-7.7134498],[110.2329268,-7.7134495],[110.2332086,-7.7132829],[110.2334985,-7.7132009],[110.2341165,-7.7132228],[110.234534,-7.7133518],[110.2345361,-7.7133527],[110.2347031,-7.7133951],[110.2354736,-7.71352],[110.2363815,-7.713501],[110.23701017179549,-7.713396463723545],[110.23701017179549,-7.713749815680602],[110.2346146020838,-7.714951113102011],[110.23401044080754,-7.720641469308678],[110.23170268523484,-7.723289943740671],[110.22891722074601,-7.723641200296639],[110.22801800396273,-7.723641200296639],[110.22711878717945,-7.723641200296639],[110.22711878717945,-7.723016201841251],[110.2278909,-7.723223]]],[[[110.2408981,-7.7116513],[110.2415848,-7.7112808],[110.2424774,-7.7108283],[110.2432632,-7.7103553],[110.243721,-7.7101907],[110.2443161,-7.7100267],[110.2450256,-7.7099661],[110.24552666418971,-7.709966840634888],[110.24510312284498,-7.711052165330775],[110.24295694528801,-7.711602759982254],[110.23970782214532,-7.713749815680602],[110.23970782214532,-7.712850598897328],[110.23910756274789,-7.712850598897328],[110.2408981,-7.7116513]]],[[[110.2460404,-7.7099676],[110.24690155641153,-7.710090224451144],[110.24690155641153,-7.711052165330775],[110.24600233962825,-7.711052165330775],[110.24557882837333,-7.709966917740008],[110.2460404,-7.7099676]]]],"type":"MultiPolygon"},"properties":{"Kelas":"Sedang"}},{"type":"Feature","geometry":{"coordinates":[[[[110.31164516480739,-7.723641200296639],[110.31049304330382,-7.723191591905],[110.31164516480739,-7.722741983513362],[110.31164516480739,-7.723641200296639]]]],"type":"MultiPolygon"},"properties":{"Kelas":"Sangat Rendah"}},{"type":"Feature","geometry":{"coordinates":[[[[110.31434281515722,-7.723641200296639],[110.31344359837394,-7.723641200296639],[110.31164516480739,-7.723641200296639],[110.31164516480739,-7.722741983513362],[110.31254438159067,-7.722741983513362],[110.31254438159067,-7.721842766730086],[110.31614124872377,-7.721842766730086],[110.31614124872377,-7.722741983513362],[110.31434281515722,-7.722741983513362],[110.31434281515722,-7.723641200296639]]]],"type":"MultiPolygon"},"properties":{"Kelas":"Sedang"}},{"type":"Feature","geometry":{"coordinates":[[[[110.31704046550705,-7.723641200296639],[110.31434281515722,-7.723641200296639],[110.31434281515722,-7.722741983513362],[110.31614124872377,-7.722741983513362],[110.31614124872377,-7.721842766730086],[110.31793968229033,-7.721842766730086],[110.31793968229033,-7.722741983513362],[110.31704046550705,-7.722741983513362],[110.31704046550705,-7.723641200296639]]]],"type":"MultiPolygon"},"properties":{"Kelas":"Cukup Rendah"}},{"type":"Feature","geometry":{"coordinates":[[[[110.31704046550705,-7.723641200296639],[110.31704046550705,-7.722741983513362],[110.31793968229033,-7.722741983513362],[110.31793968229033,-7.723641200296639],[110.31704046550705,-7.723641200296639]]]],"type":"MultiPolygon"},"properties":{"Kelas":"Sangat Rendah"}},{"type":"Feature","geometry":{"coordinates":[[[[110.3485130529217,-7.723641200296639],[110.3485130529217,-7.722741983513362],[110.34966517442527,-7.723191591905],[110.3485130529217,-7.723641200296639]]]],"type":"MultiPolygon"},"properties":{"Kelas":"Cukup Rendah"}},{"type":"Feature","geometry":{"coordinates":[[[[110.2256326,-7.7230538],[110.2264642,-7.7229522],[110.2269601,-7.7229737],[110.22711878717945,-7.723016201841251],[110.22711878717945,-7.723641200296639],[110.2253203536129,-7.724540417079913],[110.2253203536129,-7.723203756747843],[110.2256326,-7.7230538]]]],"type":"MultiPolygon"},"properties":{"Kelas":"Cukup Tinggi"}},{"type":"Feature","geometry":{"coordinates":[[[[110.22801800396273,-7.723641200296639],[110.22891722074601,-7.723641200296639],[110.22846761235436,-7.72479332180021],[110.22801800396273,-7.723641200296639]]]],"type":"MultiPolygon"},"properties":{"Kelas":"Cukup Tinggi"}},{"type":"Feature","geometry":{"coordinates":[[[[110.31434281515722,-7.724540417079913],[110.31434281515722,-7.723641200296639],[110.31704046550705,-7.723641200296639],[110.31704046550705,-7.724540417079913],[110.31434281515722,-7.724540417079913]]]],"type":"MultiPolygon"},"properties":{"Kelas":"Sangat Rendah"}},{"type":"Feature","geometry":{"coordinates":[[[[110.48159713684653,-7.724540417079913],[110.48069792006326,-7.724540417079913],[110.48069792006326,-7.722741983513362],[110.48159713684653,-7.722741983513362],[110.48159713684653,-7.724540417079913]]]],"type":"MultiPolygon"},"properties":{"Kelas":"Cukup Rendah"}},{"type":"Feature","geometry":{"coordinates":[[[[110.2246331,-7.7239192],[110.2250756,-7.7233213],[110.2253203536129,-7.723203756747843],[110.2253203536129,-7.724540417079913],[110.2253203536129,-7.725439633863189],[110.22442113682963,-7.725439633863189],[110.2239404699774,-7.725439633863189],[110.2246331,-7.7239192]]]],"type":"MultiPolygon"},"properties":{"Kelas":"Sedang"}},{"type":"Feature","geometry":{"coordinates":[[[[110.3485130529217,-7.725439633863189],[110.3472590670169,-7.724540417079913],[110.3485130529217,-7.723641200296639],[110.3485130529217,-7.725439633863189]]]],"type":"MultiPolygon"},"properties":{"Kelas":"Cukup Rendah"}},{"type":"Feature","geometry":{"coordinates":[[[[110.34941226970498,-7.725439633863189],[110.3485130529217,-7.725439633863189],[110.3485130529217,-7.723641200296639],[110.34966517442527,-7.723191591905],[110.3485130529217,-7.722741983513362],[110.3485130529217,-7.721842766730086],[110.34761383613844,-7.720044333163534],[110.34941226970498,-7.720044333163534],[110.34941226970498,-7.721842766730086],[110.35031148648825,-7.721842766730086],[110.35031148648825,-7.724540417079913],[110.34941226970498,-7.724540417079913],[110.34941226970498,-7.725439633863189]]]],"type":"MultiPolygon"},"properties":{"Kelas":"Sedang"}},{"type":"Feature","geometry":{"coordinates":[[[[110.2237405,-7.7258786],[110.2239404699774,-7.725439633863189],[110.22442113682963,-7.725439633863189],[110.22442113682963,-7.726338850646465],[110.22352832148829,-7.726338850646465],[110.2237405,-7.7258786]]]],"type":"MultiPolygon"},"properties":{"Kelas":"Cukup Tinggi"}},{"type":"Feature","geometry":{"coordinates":[[[[110.30894751445757,-7.726338850646465],[110.30714908089101,-7.726338850646465],[110.30804829767429,-7.725083986600273],[110.30894751445757,-7.726338850646465]]]],"type":"MultiPolygon"},"properties":{"Kelas":"Sangat Rendah"}},{"type":"Feature","geometry":{"coordinates":[[[[110.31254438159067,-7.726338850646465],[110.31164516480739,-7.726338850646465],[110.31164516480739,-7.725439633863189],[110.31254438159067,-7.725439633863189],[110.31254438159067,-7.726338850646465]]]],"type":"MultiPolygon"},"properties":{"Kelas":"Sedang"}},{"type":"Feature","geometry":{"coordinates":[[[[110.31434281515722,-7.726338850646465],[110.31254438159067,-7.726338850646465],[110.31254438159067,-7.725439633863189],[110.31164516480739,-7.725439633863189],[110.31164516480739,-7.723641200296639],[110.31344359837394,-7.723641200296639],[110.31344359837394,-7.724540417079913],[110.31434281515722,-7.724540417079913],[110.31434281515722,-7.725439633863189],[110.31434281515722,-7.726338850646465]]]],"type":"MultiPolygon"},"properties":{"Kelas":"Cukup Rendah"}},{"type":"Feature","geometry":{"coordinates":[[[[110.31434281515722,-7.726338850646465],[110.31434281515722,-7.725439633863189],[110.3154949366608,-7.725889242254828],[110.31434281515722,-7.726338850646465]]]],"type":"MultiPolygon"},"properties":{"Kelas":"Sangat Rendah"}},{"type":"Feature","geometry":{"coordinates":[[[[110.35031148648825,-7.726338850646465],[110.35031148648825,-7.725439633863189],[110.34941226970498,-7.725439633863189],[110.34941226970498,-7.724540417079913],[110.35031148648825,-7.724540417079913],[110.35337619993906,-7.723787849908755],[110.3526420737371,-7.725072570762205],[110.3521099200548,-7.725439633863189],[110.35031148648825,-7.726338850646465]]]],"type":"MultiPolygon"},"properties":{"Kelas":"Cukup Tinggi"}},{"type":"Feature","geometry":{"coordinates":[[[[110.48069792006326,-7.726338850646465],[110.47944393415845,-7.725439633863189],[110.48069792006326,-7.724540417079913],[110.48069792006326,-7.725439633863189],[110.48069792006326,-7.726338850646465]]]],"type":"MultiPolygon"},"properties":{"Kelas":"Cukup Rendah"}},{"type":"Feature","geometry":{"coordinates":[[[[110.48159713684653,-7.726338850646465],[110.48069792006326,-7.726338850646465],[110.48069792006326,-7.725439633863189],[110.48159713684653,-7.725439633863189],[110.48159713684653,-7.726338850646465]]]],"type":"MultiPolygon"},"properties":{"Kelas":"Sedang"}},{"type":"Feature","geometry":{"coordinates":[[[[110.4833955704131,-7.726338850646465],[110.48159713684653,-7.726338850646465],[110.48159713684653,-7.725439633863189],[110.4833955704131,-7.725439633863189],[110.4833955704131,-7.726338850646465]]]],"type":"MultiPolygon"},"properties":{"Kelas":"Cukup Tinggi"}},{"type":"Feature","geometry":{"coordinates":[[[[110.48429478719636,-7.726338850646465],[110.4833955704131,-7.726338850646465],[110.4833955704131,-7.725439633863189],[110.48159713684653,-7.725439633863189],[110.48159713684653,-7.724540417079913],[110.48159713684653,-7.722741983513362],[110.48159713684653,-7.721842766730086],[110.48309348977496,-7.722144847368218],[110.48429478719636,-7.722741983513362],[110.48485152883757,-7.7250119790063],[110.48429478719636,-7.726338850646465]]]],"type":"MultiPolygon"},"properties":{"Kelas":"Sedang"}},{"type":"Feature","geometry":{"coordinates":[[[[110.36469895502067,-7.727238067429742],[110.36290052145412,-7.727238067429742],[110.36379973823739,-7.725983203383549],[110.36469895502067,-7.727238067429742]]]],"type":"MultiPolygon"},"properties":{"Kelas":"Tinggi"}},{"type":"Feature","geometry":{"coordinates":[[[[110.48159713684653,-7.727238067429742],[110.48069792006326,-7.727238067429742],[110.48069792006326,-7.726338850646465],[110.48159713684653,-7.726338850646465],[110.48159713684653,-7.727238067429742]]]],"type":"MultiPolygon"},"properties":{"Kelas":"Cukup Rendah"}},{"type":"Feature","geometry":{"coordinates":[[[[110.48429478719636,-7.727238067429742],[110.4833955704131,-7.727238067429742],[110.4833955704131,-7.726338850646465],[110.48429478719636,-7.726338850646465],[110.48429478719636,-7.727238067429742]]]],"type":"MultiPolygon"},"properties":{"Kelas":"Cukup Tinggi"}},{"type":"Feature","geometry":{"coordinates":[[[[110.2228097,-7.7281268],[110.2231606,-7.7271365],[110.22352192004635,-7.726352736443694],[110.22352192004635,-7.728137284213018],[110.22280658092177,-7.728137284213018],[110.2228097,-7.7281268]]]],"type":"MultiPolygon"},"properties":{"Kelas":"Tinggi"}},{"type":"Feature","geometry":{"coordinates":[[[[110.31074594802412,-7.728137284213018],[110.31074594802412,-7.727238067429742],[110.31074594802412,-7.726338850646465],[110.31164516480739,-7.726338850646465],[110.31164516480739,-7.728137284213018],[110.31074594802412,-7.728137284213018]]]],"type":"MultiPolygon"},"properties":{"Kelas":"Cukup Tinggi"}},{"type":"Feature","geometry":{"coordinates":[[[[110.30535064732446,-7.729036500996294],[110.30445143054118,-7.729036500996294],[110.30490103893283,-7.727884379492721],[110.30535064732446,-7.729036500996294]]]],"type":"MultiPolygon"},"properties":{"Kelas":"Cukup Tinggi"}},{"type":"Feature","geometry":{"coordinates":[[[[110.30984673124084,-7.729036500996294],[110.30859274533604,-7.728137284213018],[110.30984673124084,-7.727238067429742],[110.31074594802412,-7.727238067429742],[110.31074594802412,-7.728137284213018],[110.30984673124084,-7.728137284213018],[110.30984673124084,-7.729036500996294]]]],"type":"MultiPolygon"},"properties":{"Kelas":"Sedang"}},{"type":"Feature","geometry":{"coordinates":[[[[110.36469895502067,-7.729036500996294],[110.36320260209224,-7.728734420358162],[110.36200130467084,-7.728137284213018],[110.36200130467084,-7.727238067429742],[110.36290052145412,-7.727238067429742],[110.36469895502067,-7.727238067429742],[110.36469895502067,-7.729036500996294]]]],"type":"MultiPolygon"},"properties":{"Kelas":"Cukup Tinggi"}},{"type":"Feature","geometry":{"coordinates":[[[[110.48249635362981,-7.729036500996294],[110.48249635362981,-7.728137284213018],[110.48364847513338,-7.728586892604655],[110.48249635362981,-7.729036500996294]]]],"type":"MultiPolygon"},"properties":{"Kelas":"Cukup Rendah"}},{"type":"Feature","geometry":{"coordinates":[[[[110.30535064732446,-7.729935717779568],[110.30445143054118,-7.729935717779568],[110.30445143054118,-7.729036500996294],[110.30535064732446,-7.729036500996294],[110.30535064732446,-7.729935717779568]]]],"type":"MultiPolygon"},"properties":{"Kelas":"Sedang"}},{"type":"Feature","geometry":{"coordinates":[[[[110.30714908089101,-7.729935717779568],[110.30714908089101,-7.729036500996294],[110.30830120239459,-7.729486109387931],[110.30714908089101,-7.729935717779568]]]],"type":"MultiPolygon"},"properties":{"Kelas":"Sangat Rendah"}},{"type":"Feature","geometry":{"coordinates":[[[[110.48249635362981,-7.729935717779568],[110.48134423212625,-7.729486109387931],[110.48249635362981,-7.729036500996294],[110.48249635362981,-7.729935717779568]]]],"type":"MultiPolygon"},"properties":{"Kelas":"Cukup Rendah"}},{"type":"Feature","geometry":{"coordinates":[[[[110.30085456340808,-7.730834934562845],[110.30085456340808,-7.729935717779568],[110.30175378019136,-7.729935717779568],[110.30175378019136,-7.730834934562845],[110.30085456340808,-7.730834934562845]]]],"type":"MultiPolygon"},"properties":{"Kelas":"Sangat Rendah"}},{"type":"Feature","geometry":{"coordinates":[[[[110.30445143054118,-7.730834934562845],[110.30355221375791,-7.730834934562845],[110.30355221375791,-7.729935717779568],[110.30445143054118,-7.729935717779568],[110.30445143054118,-7.730834934562845]]]],"type":"MultiPolygon"},"properties":{"Kelas":"Sedang"}},{"type":"Feature","geometry":{"coordinates":[[[[110.30535064732446,-7.730834934562845],[110.30445143054118,-7.730834934562845],[110.30445143054118,-7.729935717779568],[110.30535064732446,-7.729935717779568],[110.30535064732446,-7.730834934562845]]]],"type":"MultiPolygon"},"properties":{"Kelas":"Cukup Rendah"}},{"type":"Feature","geometry":{"coordinates":[[[[110.30624986410774,-7.730834934562845],[110.30624986410774,-7.729935717779568],[110.30714908089101,-7.729935717779568],[110.30714908089101,-7.730834934562845],[110.30624986410774,-7.730834934562845]]]],"type":"MultiPolygon"},"properties":{"Kelas":"Sangat Rendah"}},{"type":"Feature","geometry":{"coordinates":[[[[110.48519400397964,-7.730834934562845],[110.48519400397964,-7.729036500996294],[110.48644798988444,-7.729935717779568],[110.48519400397964,-7.730834934562845]]]],"type":"MultiPolygon"},"properties":{"Kelas":"Cukup Rendah"}},{"type":"Feature","geometry":{"coordinates":[[[[110.30085456340808,-7.731734151346121],[110.29995534662481,-7.731734151346121],[110.29995534662481,-7.730834934562845],[110.30085456340808,-7.730834934562845],[110.30085456340808,-7.731734151346121]]]],"type":"MultiPolygon"},"properties":{"Kelas":"Sangat Rendah"}},{"type":"Feature","geometry":{"coordinates":[[[[110.34941226970498,-7.731734151346121],[110.34994442338727,-7.729568654678584],[110.35031148648825,-7.726338850646465],[110.3521099200548,-7.725439633863189],[110.35268422452381,-7.726806021865903],[110.35154790956526,-7.728550010666279],[110.3521099200548,-7.730834934562845],[110.35061356712639,-7.731137015200977],[110.34941226970498,-7.731734151346121]]]],"type":"MultiPolygon"},"properties":{"Kelas":"Sedang"}},{"type":"Feature","geometry":{"coordinates":[[[[110.48429478719636,-7.731734151346121],[110.4833955704131,-7.731734151346121],[110.48249635362981,-7.729935717779568],[110.48429478719636,-7.729935717779568],[110.48429478719636,-7.731734151346121]]]],"type":"MultiPolygon"},"properties":{"Kelas":"Cukup Tinggi"}},{"type":"Feature","geometry":{"coordinates":[[[[110.48519400397964,-7.731734151346121],[110.48429478719636,-7.731734151346121],[110.48429478719636,-7.729935717779568],[110.48249635362981,-7.729935717779568],[110.48249635362981,-7.729036500996294],[110.48364847513338,-7.728586892604655],[110.48249635362981,-7.728137284213018],[110.48159713684653,-7.728137284213018],[110.48159713684653,-7.727238067429742],[110.48159713684653,-7.726338850646465],[110.4833955704131,-7.726338850646465],[110.4833955704131,-7.727238067429742],[110.48429478719636,-7.727238067429742],[110.48519400397964,-7.729036500996294],[110.48519400397964,-7.730834934562845],[110.48519400397964,-7.731734151346121]]]],"type":"MultiPolygon"},"properties":{"Kelas":"Sedang"}},{"type":"Feature","geometry":{"coordinates":[[[[110.29905612984153,-7.732633368129397],[110.29815691305825,-7.732633368129397],[110.2986065214499,-7.731481246625824],[110.29905612984153,-7.732633368129397]]]],"type":"MultiPolygon"},"properties":{"Kelas":"Sangat Rendah"}},{"type":"Feature","geometry":{"coordinates":[[[[110.29995534662481,-7.732633368129397],[110.29995534662481,-7.731734151346121],[110.30085456340808,-7.731734151346121],[110.30085456340808,-7.732633368129397],[110.29995534662481,-7.732633368129397]]]],"type":"MultiPolygon"},"properties":{"Kelas":"Cukup Rendah"}},{"type":"Feature","geometry":{"coordinates":[[[[110.30265299697463,-7.732633368129397],[110.30265299697463,-7.731734151346121],[110.30085456340808,-7.731734151346121],[110.30085456340808,-7.730834934562845],[110.30175378019136,-7.730834934562845],[110.30175378019136,-7.729935717779568],[110.30319041950526,-7.729221788829566],[110.30355221375791,-7.729935717779568],[110.30355221375791,-7.730834934562845],[110.30445143054118,-7.730834934562845],[110.30445143054118,-7.731734151346121],[110.30265299697463,-7.732633368129397]]]],"type":"MultiPolygon"},"properties":{"Kelas":"Cukup Rendah"}},{"type":"Feature","geometry":{"coordinates":[[[[110.35930365432101,-7.732633368129397],[110.35930365432101,-7.730834934562845],[110.36020287110429,-7.730834934562845],[110.36020287110429,-7.732633368129397],[110.35930365432101,-7.732633368129397]]]],"type":"MultiPolygon"},"properties":{"Kelas":"Sangat Rendah"}},{"type":"Feature","geometry":{"coordinates":[[[[110.48249635362981,-7.732633368129397],[110.48134423212625,-7.732183759737758],[110.48249635362981,-7.731734151346121],[110.48249635362981,-7.732633368129397]]]],"type":"MultiPolygon"},"properties":{"Kelas":"Cukup Rendah"}},{"type":"Feature","geometry":{"coordinates":[[[[110.48519400397964,-7.732633368129397],[110.48429478719636,-7.732633368129397],[110.48429478719636,-7.731734151346121],[110.48519400397964,-7.731734151346121],[110.48519400397964,-7.732633368129397]]]],"type":"MultiPolygon"},"properties":{"Kelas":"Cukup Tinggi"}},{"type":"Feature","geometry":{"coordinates":[[[[110.29815691305825,-7.733532584912673],[110.29700479155468,-7.733082976521034],[110.29815691305825,-7.732633368129397],[110.29815691305825,-7.733532584912673]]]],"type":"MultiPolygon"},"properties":{"Kelas":"Sangat Rendah"}},{"type":"Feature","geometry":{"coordinates":[[[[110.30714908089101,-7.733532584912673],[110.30535064732446,-7.733532584912673],[110.3059477834696,-7.732331287491265],[110.30624986410774,-7.730834934562845],[110.30714908089101,-7.730834934562845],[110.30714908089101,-7.729935717779568],[110.30830120239459,-7.729486109387931],[110.30714908089101,-7.729036500996294],[110.30714908089101,-7.726338850646465],[110.30894751445757,-7.726338850646465],[110.30984673124084,-7.726338850646465],[110.30984673124084,-7.727238067429742],[110.30859274533604,-7.728137284213018],[110.30984673124084,-7.729036500996294],[110.30804829767429,-7.731734151346121],[110.30714908089101,-7.731734151346121],[110.30714908089101,-7.733532584912673]]]],"type":"MultiPolygon"},"properties":{"Kelas":"Cukup Rendah"}},{"type":"Feature","geometry":{"coordinates":[[[[110.30714908089101,-7.733532584912673],[110.30714908089101,-7.731734151346121],[110.30804829767429,-7.731734151346121],[110.30804829767429,-7.733532584912673],[110.30714908089101,-7.733532584912673]]]],"type":"MultiPolygon"},"properties":{"Kelas":"Sedang"}},{"type":"Feature","geometry":{"coordinates":[[[[110.36020287110429,-7.733532584912673],[110.35930365432101,-7.733532584912673],[110.35930365432101,-7.732633368129397],[110.36020287110429,-7.732633368129397],[110.36020287110429,-7.730834934562845],[110.36110208788756,-7.730834934562845],[110.36110208788756,-7.733532584912673],[110.36020287110429,-7.733532584912673]]]],"type":"MultiPolygon"},"properties":{"Kelas":"Cukup Rendah"}},{"type":"Feature","geometry":{"coordinates":[[[[110.36290052145412,-7.733532584912673],[110.36290052145412,-7.731734151346121],[110.36379973823739,-7.731734151346121],[110.36379973823739,-7.733532584912673],[110.36290052145412,-7.733532584912673]]]],"type":"MultiPolygon"},"properties":{"Kelas":"Cukup Rendah"}},{"type":"Feature","geometry":{"coordinates":[[[[110.2217234864798,-7.734431801695949],[110.2217234864798,-7.733532584912673],[110.22262270326308,-7.733532584912673],[110.22262270326308,-7.734431801695949],[110.2217234864798,-7.734431801695949]]]],"type":"MultiPolygon"},"properties":{"Kelas":"Tinggi"}},{"type":"Feature","geometry":{"coordinates":[[[[110.29815691305825,-7.734431801695949],[110.29815691305825,-7.733532584912673],[110.29815691305825,-7.732633368129397],[110.29905612984153,-7.732633368129397],[110.29995534662481,-7.732633368129397],[110.29935118534854,-7.733827640419685],[110.29815691305825,-7.734431801695949]]]],"type":"MultiPolygon"},"properties":{"Kelas":"Cukup Rendah"}},{"type":"Feature","geometry":{"coordinates":[[[[110.3485130529217,-7.734431801695949],[110.34761383613844,-7.734431801695949],[110.34761383613844,-7.733532584912673],[110.3485130529217,-7.733532584912673],[110.3485130529217,-7.734431801695949]]]],"type":"MultiPolygon"},"properties":{"Kelas":"Sangat Rendah"}},{"type":"Feature","geometry":{"coordinates":[[[[110.35031148648825,-7.734431801695949],[110.34941226970498,-7.734431801695949],[110.34941226970498,-7.731734151346121],[110.35061356712639,-7.731137015200977],[110.3521099200548,-7.730834934562845],[110.3521099200548,-7.732633368129397],[110.35121070327153,-7.732633368129397],[110.35031148648825,-7.732633368129397],[110.35031148648825,-7.734431801695949]]]],"type":"MultiPolygon"},"properties":{"Kelas":"Cukup Rendah"}},{"type":"Feature","geometry":{"coordinates":[[[[110.35121070327153,-7.734431801695949],[110.35031148648825,-7.734431801695949],[110.35031148648825,-7.732633368129397],[110.35121070327153,-7.732633368129397],[110.35121070327153,-7.734431801695949]]]],"type":"MultiPolygon"},"properties":{"Kelas":"Sedang"}},{"type":"Feature","geometry":{"coordinates":[[[[110.30085456340808,-7.735331018479224],[110.29815691305825,-7.735331018479224],[110.29815691305825,-7.734431801695949],[110.29935118534854,-7.733827640419685],[110.29995534662481,-7.732633368129397],[110.30085456340808,-7.732633368129397],[110.30085456340808,-7.731734151346121],[110.30265299697463,-7.731734151346121],[110.30265299697463,-7.732633368129397],[110.30125675216466,-7.73333939380689],[110.30085456340808,-7.735331018479224]]]],"type":"MultiPolygon"},"properties":{"Kelas":"Sedang"}},{"type":"Feature","geometry":{"coordinates":[[[[110.30355221375791,-7.735331018479224],[110.30265299697463,-7.735331018479224],[110.30265299697463,-7.732633368129397],[110.30445143054118,-7.731734151346121],[110.30535064732446,-7.731734151346121],[110.30535064732446,-7.730834934562845],[110.30624986410774,-7.730834934562845],[110.3059477834696,-7.732331287491265],[110.30535064732446,-7.733532584912673],[110.30355221375791,-7.733532584912673],[110.30355221375791,-7.735331018479224]]]],"type":"MultiPolygon"},"properties":{"Kelas":"Sangat Rendah"}},{"type":"Feature","geometry":{"coordinates":[[[[110.30355221375791,-7.735331018479224],[110.30355221375791,-7.733532584912673],[110.30535064732446,-7.733532584912673],[110.30535064732446,-7.734431801695949],[110.30355221375791,-7.735331018479224]]]],"type":"MultiPolygon"},"properties":{"Kelas":"Cukup Rendah"}},{"type":"Feature","geometry":{"coordinates":[[[[110.30624986410774,-7.735331018479224],[110.30535064732446,-7.735331018479224],[110.30535064732446,-7.734431801695949],[110.30624986410774,-7.734431801695949],[110.30624986410774,-7.735331018479224]]]],"type":"MultiPolygon"},"properties":{"Kelas":"Cukup Tinggi"}},{"type":"Feature","geometry":{"coordinates":[[[[110.30624986410774,-7.735331018479224],[110.30624986410774,-7.734431801695949],[110.30535064732446,-7.734431801695949],[110.30535064732446,-7.733532584912673],[110.30714908089101,-7.733532584912673],[110.30714908089101,-7.735331018479224],[110.30624986410774,-7.735331018479224]]]],"type":"MultiPolygon"},"properties":{"Kelas":"Sedang"}},{"type":"Feature","geometry":{"coordinates":[[[[110.34671461935515,-7.735331018479224],[110.34671461935515,-7.734431801695949],[110.34761383613844,-7.734431801695949],[110.3485130529217,-7.734431801695949],[110.3485130529217,-7.735331018479224],[110.34671461935515,-7.735331018479224]]]],"type":"MultiPolygon"},"properties":{"Kelas":"Cukup Rendah"}},{"type":"Feature","geometry":{"coordinates":[[[[110.35121070327153,-7.735331018479224],[110.35121070327153,-7.734431801695949],[110.3523628247751,-7.734881410087587],[110.35121070327153,-7.735331018479224]]]],"type":"MultiPolygon"},"properties":{"Kelas":"Sangat Rendah"}},{"type":"Feature","geometry":{"coordinates":[[[[110.48429478719636,-7.735331018479224],[110.48249635362981,-7.735331018479224],[110.48249635362981,-7.733532584912673],[110.4836906259201,-7.734136746188936],[110.48429478719636,-7.735331018479224]]]],"type":"MultiPolygon"},"properties":{"Kelas":"Cukup Tinggi"}},{"type":"Feature","geometry":{"coordinates":[[[[110.48429478719636,-7.735331018479224],[110.4836906259201,-7.734136746188936],[110.48249635362981,-7.733532584912673],[110.48249635362981,-7.732633368129397],[110.48249635362981,-7.731734151346121],[110.4833955704131,-7.731734151346121],[110.48429478719636,-7.731734151346121],[110.48429478719636,-7.732633368129397],[110.48519400397964,-7.732633368129397],[110.48519400397964,-7.735331018479224],[110.48429478719636,-7.735331018479224]]]],"type":"MultiPolygon"},"properties":{"Kelas":"Sedang"}},{"type":"Feature","geometry":{"coordinates":[[[[110.36200130467084,-7.7362302352625],[110.36200130467084,-7.735331018479224],[110.36290052145412,-7.735331018479224],[110.36290052145412,-7.7362302352625],[110.36200130467084,-7.7362302352625]]]],"type":"MultiPolygon"},"properties":{"Kelas":"Cukup Rendah"}},{"type":"Feature","geometry":{"coordinates":[[[[110.30355221375791,-7.737129452045776],[110.30115664404622,-7.735928154624368],[110.30085456340808,-7.735331018479224],[110.30125675216466,-7.73333939380689],[110.30265299697463,-7.732633368129397],[110.30265299697463,-7.735331018479224],[110.30355221375791,-7.735331018479224],[110.30355221375791,-7.737129452045776]]]],"type":"MultiPolygon"},"properties":{"Kelas":"Cukup Rendah"}},{"type":"Feature","geometry":{"coordinates":[[[[110.34941226970498,-7.737129452045776],[110.3497143503431,-7.735633099117356],[110.35031148648825,-7.734431801695949],[110.35121070327153,-7.734431801695949],[110.35121070327153,-7.735331018479224],[110.35060654199526,-7.736525290769514],[110.34941226970498,-7.737129452045776]]]],"type":"MultiPolygon"},"properties":{"Kelas":"Cukup Rendah"}},{"type":"Feature","geometry":{"coordinates":[[[[110.48429478719636,-7.737129452045776],[110.48249635362981,-7.737129452045776],[110.48249635362981,-7.735331018479224],[110.48429478719636,-7.735331018479224],[110.48429478719636,-7.737129452045776]]]],"type":"MultiPolygon"},"properties":{"Kelas":"Sedang"}},{"type":"Feature","geometry":{"coordinates":[[[[110.3485130529217,-7.738028668829052],[110.34761383613844,-7.738028668829052],[110.34761383613844,-7.7362302352625],[110.34671461935515,-7.7362302352625],[110.34671461935515,-7.735331018479224],[110.3485130529217,-7.735331018479224],[110.3485130529217,-7.734431801695949],[110.3485130529217,-7.733532584912673],[110.3485130529217,-7.731734151346121],[110.34941226970498,-7.731734151346121],[110.34941226970498,-7.734431801695949],[110.35031148648825,-7.734431801695949],[110.3497143503431,-7.735633099117356],[110.34941226970498,-7.737129452045776],[110.3485130529217,-7.737129452045776],[110.3485130529217,-7.738028668829052]]]],"type":"MultiPolygon"},"properties":{"Kelas":"Sedang"}},{"type":"Feature","geometry":{"coordinates":[[[[110.3485130529217,-7.738028668829052],[110.3485130529217,-7.737129452045776],[110.34941226970498,-7.737129452045776],[110.34941226970498,-7.738028668829052],[110.3485130529217,-7.738028668829052]]]],"type":"MultiPolygon"},"properties":{"Kelas":"Cukup Rendah"}},{"type":"Feature","geometry":{"coordinates":[[[[110.35840443753774,-7.738028668829052],[110.35750522075446,-7.738028668829052],[110.35631446102974,-7.737376209776343],[110.35840443753774,-7.7362302352625],[110.35840443753774,-7.738028668829052]]]],"type":"MultiPolygon"},"properties":{"Kelas":"Cukup Rendah"}},{"type":"Feature","geometry":{"coordinates":[[[[110.36110208788756,-7.738028668829052],[110.36110208788756,-7.7362302352625],[110.36200130467084,-7.7362302352625],[110.36200130467084,-7.738028668829052],[110.36110208788756,-7.738028668829052]]]],"type":"MultiPolygon"},"properties":{"Kelas":"Cukup Rendah"}},{"type":"Feature","geometry":{"coordinates":[[[[110.30535064732446,-7.738927885612329],[110.30445143054118,-7.738927885612329],[110.30445143054118,-7.737129452045776],[110.30355221375791,-7.737129452045776],[110.30355221375791,-7.735331018479224],[110.30535064732446,-7.734431801695949],[110.30535064732446,-7.735331018479224],[110.30624986410774,-7.735331018479224],[110.30535064732446,-7.738927885612329]]]],"type":"MultiPolygon"},"properties":{"Kelas":"Sedang"}},{"type":"Feature","geometry":{"coordinates":[[[[110.3260326333398,-7.738927885612329],[110.32633998282628,-7.73783196515771],[110.32712855379442,-7.738619657984467],[110.3260326333398,-7.738927885612329]]]],"type":"MultiPolygon"},"properties":{"Kelas":"Sangat Rendah"}},{"type":"Feature","geometry":{"coordinates":[[[[110.3449161857886,-7.738927885612329],[110.3449161857886,-7.7362302352625],[110.34671461935515,-7.7362302352625],[110.34671461935515,-7.738927885612329],[110.3449161857886,-7.738927885612329]]]],"type":"MultiPolygon"},"properties":{"Kelas":"Sedang"}},{"type":"Feature","geometry":{"coordinates":[[[[110.34761383613844,-7.738927885612329],[110.34761383613844,-7.738028668829052],[110.3485130529217,-7.738028668829052],[110.3485130529217,-7.738927885612329],[110.34761383613844,-7.738927885612329]]]],"type":"MultiPolygon"},"properties":{"Kelas":"Cukup Rendah"}},{"type":"Feature","geometry":{"coordinates":[[[[110.35840443753774,-7.738028668829052],[110.35950035799236,-7.738336896456913],[110.3587117870242,-7.739124589283669],[110.35840443753774,-7.738028668829052]]]],"type":"MultiPolygon"},"properties":{"Kelas":"Cukup Tinggi"}},{"type":"Feature","geometry":{"coordinates":[[[[110.48519400397964,-7.738927885612329],[110.48404188247606,-7.73847827722069],[110.48519400397964,-7.738028668829052],[110.48519400397964,-7.738927885612329]]]],"type":"MultiPolygon"},"properties":{"Kelas":"Sedang"}},{"type":"Feature","geometry":{"coordinates":[[[[110.32873028368964,-7.739827102395605],[110.32783106690636,-7.739827102395605],[110.328280675298,-7.738674980892032],[110.32873028368964,-7.739827102395605]]]],"type":"MultiPolygon"},"properties":{"Kelas":"Cukup Rendah"}},{"type":"Feature","geometry":{"coordinates":[[[[110.30624986410774,-7.740726319178879],[110.30624986410774,-7.739827102395605],[110.3074019856113,-7.740276710787242],[110.30624986410774,-7.740726319178879]]]],"type":"MultiPolygon"},"properties":{"Kelas":"Sangat Rendah"}},{"type":"Feature","geometry":{"coordinates":[[[[110.35930365432101,-7.740726319178879],[110.35840443753774,-7.740726319178879],[110.35885404592938,-7.739574197675308],[110.35930365432101,-7.740726319178879]]]],"type":"MultiPolygon"},"properties":{"Kelas":"Cukup Tinggi"}},{"type":"Feature","geometry":{"coordinates":[[[[110.35885404592938,-7.739574197675308],[110.35840443753774,-7.740726319178879],[110.3563689057959,-7.740315349008398],[110.35750522075446,-7.738028668829052],[110.35840443753774,-7.738028668829052],[110.35840443753774,-7.7362302352625],[110.35840443753774,-7.734431801695949],[110.36020287110429,-7.734431801695949],[110.36020287110429,-7.733532584912673],[110.36110208788756,-7.733532584912673],[110.36110208788756,-7.730834934562845],[110.36110208788756,-7.728137284213018],[110.36200130467084,-7.728137284213018],[110.36320260209224,-7.728734420358162],[110.36469895502067,-7.729036500996294],[110.36439687438254,-7.730532853924712],[110.36379973823739,-7.731734151346121],[110.36290052145412,-7.731734151346121],[110.36290052145412,-7.733532584912673],[110.36290052145412,-7.735331018479224],[110.36200130467084,-7.735331018479224],[110.36200130467084,-7.7362302352625],[110.36110208788756,-7.7362302352625],[110.36110208788756,-7.738028668829052],[110.36110208788756,-7.738927885612329],[110.36020287110429,-7.738927885612329],[110.36020287110429,-7.740726319178879],[110.35930365432101,-7.740726319178879],[110.35885404592938,-7.739574197675308]],[[110.3587117870242,-7.739124589283669],[110.35950035799236,-7.738336896456913],[110.35840443753774,-7.738028668829052],[110.3587117870242,-7.739124589283669]]]],"type":"MultiPolygon"},"properties":{"Kelas":"Sedang"}},{"type":"Feature","geometry":{"coordinates":[[[[110.36649738858722,-7.740726319178879],[110.36559817180395,-7.740726319178879],[110.36604778019559,-7.739574197675308],[110.36649738858722,-7.740726319178879]]]],"type":"MultiPolygon"},"properties":{"Kelas":"Cukup Tinggi"}},{"type":"Feature","geometry":{"coordinates":[[[[110.48249635362981,-7.740726319178879],[110.48134423212625,-7.740276710787242],[110.48249635362981,-7.739827102395605],[110.48249635362981,-7.740726319178879]]]],"type":"MultiPolygon"},"properties":{"Kelas":"Sangat Rendah"}},{"type":"Feature","geometry":{"coordinates":[[[[110.30445143054118,-7.741625535962156],[110.30445143054118,-7.740726319178879],[110.30355221375791,-7.740726319178879],[110.30279701216259,-7.740204703193269],[110.30355221375791,-7.737129452045776],[110.30445143054118,-7.737129452045776],[110.30445143054118,-7.738927885612329],[110.30535064732446,-7.738927885612329],[110.30535064732446,-7.739827102395605],[110.30624986410774,-7.739827102395605],[110.30624986410774,-7.740726319178879],[110.30624986410774,-7.741625535962156],[110.30445143054118,-7.741625535962156]]]],"type":"MultiPolygon"},"properties":{"Kelas":"Cukup Rendah"}},{"type":"Feature","geometry":{"coordinates":[[[[110.33412558438928,-7.741625535962156],[110.33412558438928,-7.740726319178879],[110.33527770589286,-7.741175927570518],[110.33412558438928,-7.741625535962156]]]],"type":"MultiPolygon"},"properties":{"Kelas":"Sedang"}},{"type":"Feature","geometry":{"coordinates":[[[[110.34671461935515,-7.741625535962156],[110.34531837454519,-7.740919510284662],[110.3449161857886,-7.738927885612329],[110.34671461935515,-7.738927885612329],[110.34671461935515,-7.7362302352625],[110.34761383613844,-7.7362302352625],[110.34761383613844,-7.738028668829052],[110.34761383613844,-7.738927885612329],[110.34701669999328,-7.740129183033735],[110.34671461935515,-7.741625535962156]]]],"type":"MultiPolygon"},"properties":{"Kelas":"Cukup Tinggi"}},{"type":"Feature","geometry":{"coordinates":[[[[110.35930365432101,-7.741625535962156],[110.35840443753774,-7.741625535962156],[110.35840443753774,-7.740726319178879],[110.35930365432101,-7.740726319178879],[110.35930365432101,-7.741625535962156]]]],"type":"MultiPolygon"},"properties":{"Kelas":"Sedang"}},{"type":"Feature","geometry":{"coordinates":[[[[110.48969008789602,-7.741625535962156],[110.4899974373825,-7.740529615507539],[110.49078600835064,-7.741317308334295],[110.48969008789602,-7.741625535962156]]]],"type":"MultiPolygon"},"properties":{"Kelas":"Cukup Tinggi"}},{"type":"Feature","geometry":{"coordinates":[[[[110.30265299697463,-7.741625535962156],[110.30355221375791,-7.741625535962156],[110.30310260536626,-7.742777657465728],[110.30265299697463,-7.741625535962156]]]],"type":"MultiPolygon"},"properties":{"Kelas":"Cukup Rendah"}},{"type":"Feature","geometry":{"coordinates":[[[[110.32513341655653,-7.742524752745432],[110.32450466732135,-7.742136614251088],[110.32363355106256,-7.739341490206979],[110.32481026052504,-7.735887760120432],[110.32574284668114,-7.736614861191285],[110.32518610503993,-7.738406269626717],[110.3260326333398,-7.738927885612329],[110.3260326333398,-7.740726319178879],[110.32513341655653,-7.740726319178879],[110.32513341655653,-7.742524752745432]]]],"type":"MultiPolygon"},"properties":{"Kelas":"Sangat Rendah"}},{"type":"Feature","geometry":{"coordinates":[[[[110.33412558438928,-7.742524752745432],[110.33322636760602,-7.742524752745432],[110.33322636760602,-7.740726319178879],[110.33412558438928,-7.740726319178879],[110.33412558438928,-7.741625535962156],[110.33412558438928,-7.742524752745432]]]],"type":"MultiPolygon"},"properties":{"Kelas":"Cukup Rendah"}},{"type":"Feature","geometry":{"coordinates":[[[[110.35840443753774,-7.742524752745432],[110.35840443753774,-7.741625535962156],[110.35930365432101,-7.741625535962156],[110.35930365432101,-7.742524752745432],[110.35840443753774,-7.742524752745432]]]],"type":"MultiPolygon"},"properties":{"Kelas":"Cukup Tinggi"}},{"type":"Feature","geometry":{"coordinates":[[[[110.36110208788756,-7.742524752745432],[110.35930365432101,-7.741625535962156],[110.35930365432101,-7.740726319178879],[110.36020287110429,-7.740726319178879],[110.36020287110429,-7.738927885612329],[110.36110208788756,-7.738927885612329],[110.36110208788756,-7.739827102395605],[110.36110208788756,-7.742524752745432]]]],"type":"MultiPolygon"},"properties":{"Kelas":"Cukup Rendah"}},{"type":"Feature","geometry":{"coordinates":[[[[110.36200130467084,-7.742524752745432],[110.36110208788756,-7.742524752745432],[110.36110208788756,-7.739827102395605],[110.36200130467084,-7.739827102395605],[110.36200130467084,-7.742524752745432]]]],"type":"MultiPolygon"},"properties":{"Kelas":"Sangat Rendah"}},{"type":"Feature","geometry":{"coordinates":[[[[110.36469895502067,-7.742524752745432],[110.36379973823739,-7.742524752745432],[110.36440389951366,-7.741330480455144],[110.36559817180395,-7.740726319178879],[110.36649738858722,-7.740726319178879],[110.36589322731096,-7.741920591469169],[110.36469895502067,-7.742524752745432]]]],"type":"MultiPolygon"},"properties":{"Kelas":"Tinggi"}},{"type":"Feature","geometry":{"coordinates":[[[[110.48429478719636,-7.742524752745432],[110.48176047114507,-7.742205109279501],[110.48249635362981,-7.740726319178879],[110.48249635362981,-7.739827102395605],[110.48192907429193,-7.737520224964289],[110.48249635362981,-7.737129452045776],[110.48429478719636,-7.737129452045776],[110.48519400397964,-7.737129452045776],[110.48519400397964,-7.738028668829052],[110.48404188247606,-7.73847827722069],[110.48519400397964,-7.738927885612329],[110.48609322076291,-7.738927885612329],[110.48609322076291,-7.739827102395605],[110.48429478719636,-7.739827102395605],[110.48429478719636,-7.742524752745432]]]],"type":"MultiPolygon"},"properties":{"Kelas":"Cukup Rendah"}},{"type":"Feature","geometry":{"coordinates":[[[[110.48969008789602,-7.742524752745432],[110.48879087111274,-7.742524752745432],[110.48879087111274,-7.741625535962156],[110.48969008789602,-7.741625535962156],[110.48969008789602,-7.742524752745432]]]],"type":"MultiPolygon"},"properties":{"Kelas":"Cukup Tinggi"}},{"type":"Feature","geometry":{"coordinates":[[[[110.3260326333398,-7.743423969528708],[110.32513341655653,-7.743423969528708],[110.32513341655653,-7.742524752745432],[110.32513341655653,-7.740726319178879],[110.3260326333398,-7.740726319178879],[110.32693185012309,-7.740726319178879],[110.32662976948495,-7.7422226721073],[110.3260326333398,-7.743423969528708]]]],"type":"MultiPolygon"},"properties":{"Kelas":"Cukup Rendah"}},{"type":"Feature","geometry":{"coordinates":[[[[110.33412558438928,-7.743423969528708],[110.33232715082274,-7.743423969528708],[110.33232715082274,-7.740726319178879],[110.33322636760602,-7.740726319178879],[110.33322636760602,-7.742524752745432],[110.33412558438928,-7.742524752745432],[110.33412558438928,-7.743423969528708]]]],"type":"MultiPolygon"},"properties":{"Kelas":"Sedang"}},{"type":"Feature","geometry":{"coordinates":[[[[110.36200130467084,-7.743423969528708],[110.36110208788756,-7.743423969528708],[110.36110208788756,-7.742524752745432],[110.36200130467084,-7.742524752745432],[110.36200130467084,-7.743423969528708]]]],"type":"MultiPolygon"},"properties":{"Kelas":"Cukup Rendah"}},{"type":"Feature","geometry":{"coordinates":[[[[110.48609322076291,-7.743423969528708],[110.48519400397964,-7.743423969528708],[110.48519400397964,-7.742524752745432],[110.48609322076291,-7.742524752745432],[110.48609322076291,-7.743423969528708]]]],"type":"MultiPolygon"},"properties":{"Kelas":"Cukup Tinggi"}},{"type":"Feature","geometry":{"coordinates":[[[[110.2173001,-7.7443021],[110.21722740256342,-7.74421798993836],[110.21722740256342,-7.742524752745432],[110.21842167485372,-7.743128914021696],[110.21902583612997,-7.744323186311984],[110.21733158585127,-7.744323186311984],[110.2173001,-7.7443021]]]],"type":"MultiPolygon"},"properties":{"Kelas":"Sedang"}},{"type":"Feature","geometry":{"coordinates":[[[[110.26218824172722,-7.744323186311984],[110.26128902494395,-7.744323186311984],[110.26007894610864,-7.743686533804294],[110.26110812781762,-7.742274482449305],[110.26218824172722,-7.744323186311984]]]],"type":"MultiPolygon"},"properties":{"Kelas":"Cukup Tinggi"}},{"type":"Feature","geometry":{"coordinates":[[[[110.30445143054118,-7.744323186311984],[110.30445143054118,-7.743423969528708],[110.30560355204476,-7.743873577920345],[110.30445143054118,-7.744323186311984]]]],"type":"MultiPolygon"},"properties":{"Kelas":"Sangat Rendah"}},{"type":"Feature","geometry":{"coordinates":[[[[110.3296295004729,-7.744323186311984],[110.32837551456811,-7.743423969528708],[110.3296295004729,-7.742524752745432],[110.3296295004729,-7.743423969528708],[110.3296295004729,-7.744323186311984]]]],"type":"MultiPolygon"},"properties":{"Kelas":"Cukup Rendah"}},{"type":"Feature","geometry":{"coordinates":[[[[110.3296295004729,-7.744323186311984],[110.3296295004729,-7.743423969528708],[110.33052871725619,-7.743423969528708],[110.33052871725619,-7.744323186311984],[110.3296295004729,-7.744323186311984]]]],"type":"MultiPolygon"},"properties":{"Kelas":"Sangat Rendah"}},{"type":"Feature","geometry":{"coordinates":[[[[110.34401696900532,-7.744323186311984],[110.34472299468283,-7.742926941502015],[110.34671461935515,-7.742524752745432],[110.34600859367765,-7.743920997555401],[110.34401696900532,-7.744323186311984]]]],"type":"MultiPolygon"},"properties":{"Kelas":"Cukup Rendah"}},{"type":"Feature","geometry":{"coordinates":[[[[110.36379973823739,-7.744323186311984],[110.36379973823739,-7.743423969528708],[110.36379973823739,-7.742524752745432],[110.36469895502067,-7.742524752745432],[110.36469895502067,-7.744323186311984],[110.36379973823739,-7.744323186311984]]]],"type":"MultiPolygon"},"properties":{"Kelas":"Cukup Tinggi"}},{"type":"Feature","geometry":{"coordinates":[[[[110.21992505291325,-7.745222403095259],[110.21902583612997,-7.745222403095259],[110.21902583612997,-7.744323186311984],[110.21992505291325,-7.744323186311984],[110.21992505291325,-7.745222403095259]]]],"type":"MultiPolygon"},"properties":{"Kelas":"Sedang"}},{"type":"Feature","geometry":{"coordinates":[[[[110.26398667529376,-7.745222403095259],[110.2630874585105,-7.745222403095259],[110.2630874585105,-7.744323186311984],[110.26398667529376,-7.744323186311984],[110.26398667529376,-7.745222403095259]]]],"type":"MultiPolygon"},"properties":{"Kelas":"Sangat Rendah"}},{"type":"Feature","geometry":{"coordinates":[[[[110.30355221375791,-7.745222403095259],[110.30265299697463,-7.745222403095259],[110.30175378019136,-7.745222403095259],[110.30175378019136,-7.741625535962156],[110.30265299697463,-7.741625535962156],[110.30310260536626,-7.742777657465728],[110.30355221375791,-7.741625535962156],[110.30355221375791,-7.740726319178879],[110.30445143054118,-7.740726319178879],[110.30445143054118,-7.741625535962156],[110.30445143054118,-7.743423969528708],[110.30355221375791,-7.743423969528708],[110.30355221375791,-7.744323186311984],[110.30355221375791,-7.745222403095259]]]],"type":"MultiPolygon"},"properties":{"Kelas":"Sedang"}},{"type":"Feature","geometry":{"coordinates":[[[[110.30355221375791,-7.745222403095259],[110.30355221375791,-7.744323186311984],[110.30445143054118,-7.744323186311984],[110.30445143054118,-7.745222403095259],[110.30355221375791,-7.745222403095259]]]],"type":"MultiPolygon"},"properties":{"Kelas":"Cukup Rendah"}},{"type":"Feature","geometry":{"coordinates":[[[[110.33232715082274,-7.745222403095259],[110.33123123036812,-7.744914175467398],[110.33201980133626,-7.744126482640642],[110.33232715082274,-7.745222403095259]]]],"type":"MultiPolygon"},"properties":{"Kelas":"Sedang"}},{"type":"Feature","geometry":{"coordinates":[[[[110.33862166830566,-7.745222403095259],[110.33862166830566,-7.744323186311984],[110.33952088508894,-7.744323186311984],[110.33952088508894,-7.745222403095259],[110.33862166830566,-7.745222403095259]]]],"type":"MultiPolygon"},"properties":{"Kelas":"Sedang"}},{"type":"Feature","geometry":{"coordinates":[[[[110.35750522075446,-7.745222403095259],[110.35570678718791,-7.745222403095259],[110.35700819272776,-7.743110473052507],[110.35750522075446,-7.745222403095259]]]],"type":"MultiPolygon"},"properties":{"Kelas":"Sangat Rendah"}},{"type":"Feature","geometry":{"coordinates":[[[[110.35840443753774,-7.745222403095259],[110.35840443753774,-7.744323186311984],[110.35955655904131,-7.744772794703621],[110.35840443753774,-7.745222403095259]]]],"type":"MultiPolygon"},"properties":{"Kelas":"Cukup Rendah"}},{"type":"Feature","geometry":{"coordinates":[[[[110.36379973823739,-7.745222403095259],[110.36290052145412,-7.745222403095259],[110.36290052145412,-7.744323186311984],[110.36290052145412,-7.743423969528708],[110.36379973823739,-7.743423969528708],[110.36379973823739,-7.744323186311984],[110.36379973823739,-7.745222403095259]]]],"type":"MultiPolygon"},"properties":{"Kelas":"Sedang"}},{"type":"Feature","geometry":{"coordinates":[[[[110.48609322076291,-7.743423969528708],[110.48699243754619,-7.743423969528708],[110.48654282915456,-7.745513946036713],[110.48609322076291,-7.743423969528708]]]],"type":"MultiPolygon"},"properties":{"Kelas":"Cukup Tinggi"}},{"type":"Feature","geometry":{"coordinates":[[[[110.26398667529376,-7.746121619878535],[110.2630874585105,-7.746121619878535],[110.2630874585105,-7.745222403095259],[110.26398667529376,-7.745222403095259],[110.26398667529376,-7.746121619878535]]]],"type":"MultiPolygon"},"properties":{"Kelas":"Cukup Rendah"}},{"type":"Feature","geometry":{"coordinates":[[[[110.30085456340808,-7.746121619878535],[110.30085456340808,-7.745222403095259],[110.30175378019136,-7.745222403095259],[110.30175378019136,-7.746121619878535],[110.30085456340808,-7.746121619878535]]]],"type":"MultiPolygon"},"properties":{"Kelas":"Sedang"}},{"type":"Feature","geometry":{"coordinates":[[[[110.32693185012309,-7.746121619878535],[110.3260326333398,-7.746121619878535],[110.3260326333398,-7.745222403095259],[110.32693185012309,-7.745222403095259],[110.32693185012309,-7.746121619878535]]]],"type":"MultiPolygon"},"properties":{"Kelas":"Cukup Rendah"}},{"type":"Feature","geometry":{"coordinates":[[[[110.32783106690636,-7.746121619878535],[110.32693185012309,-7.746121619878535],[110.32693185012309,-7.745222403095259],[110.3260326333398,-7.745222403095259],[110.3260326333398,-7.743423969528708],[110.32662976948495,-7.7422226721073],[110.32693185012309,-7.740726319178879],[110.32693185012309,-7.739827102395605],[110.32783106690636,-7.739827102395605],[110.32873028368964,-7.739827102395605],[110.32932741983478,-7.741028399817012],[110.3296295004729,-7.742524752745432],[110.32837551456811,-7.743423969528708],[110.3296295004729,-7.744323186311984],[110.3296295004729,-7.745222403095259],[110.32783106690636,-7.745222403095259],[110.32783106690636,-7.746121619878535]]]],"type":"MultiPolygon"},"properties":{"Kelas":"Sedang"}},{"type":"Feature","geometry":{"coordinates":[[[[110.33052871725619,-7.746121619878535],[110.3296295004729,-7.746121619878535],[110.3296295004729,-7.745222403095259],[110.33052871725619,-7.745222403095259],[110.33052871725619,-7.746121619878535]]]],"type":"MultiPolygon"},"properties":{"Kelas":"Sedang"}},{"type":"Feature","geometry":{"coordinates":[[[[110.33862166830566,-7.746121619878535],[110.3377224515224,-7.746121619878535],[110.3377224515224,-7.745222403095259],[110.33862166830566,-7.745222403095259],[110.33862166830566,-7.746121619878535]]]],"type":"MultiPolygon"},"properties":{"Kelas":"Cukup Rendah"}},{"type":"Feature","geometry":{"coordinates":[[[[110.34221853543878,-7.746121619878535],[110.3413193186555,-7.746121619878535],[110.3413193186555,-7.743423969528708],[110.34337592579068,-7.742156811503056],[110.34435944414739,-7.739270360754396],[110.3449161857886,-7.738927885612329],[110.34531837454519,-7.740919510284662],[110.34671461935515,-7.741625535962156],[110.34671461935515,-7.742524752745432],[110.34472299468283,-7.742926941502015],[110.34401696900532,-7.744323186311984],[110.34311775222204,-7.744323186311984],[110.34311775222204,-7.745222403095259],[110.34221853543878,-7.745222403095259],[110.34221853543878,-7.746121619878535]]]],"type":"MultiPolygon"},"properties":{"Kelas":"Sedang"}},{"type":"Feature","geometry":{"coordinates":[[[[110.34311775222204,-7.746121619878535],[110.34221853543878,-7.746121619878535],[110.34221853543878,-7.745222403095259],[110.34311775222204,-7.745222403095259],[110.34311775222204,-7.746121619878535]]]],"type":"MultiPolygon"},"properties":{"Kelas":"Cukup Rendah"}},{"type":"Feature","geometry":{"coordinates":[[[[110.35570678718791,-7.746121619878535],[110.35455466568433,-7.745672011486898],[110.35570678718791,-7.745222403095259],[110.35570678718791,-7.746121619878535]]]],"type":"MultiPolygon"},"properties":{"Kelas":"Sangat Rendah"}},{"type":"Feature","geometry":{"coordinates":[[[[110.44383003194895,-7.746121619878535],[110.44183489471105,-7.745830955078473],[110.44349106937244,-7.744230981466043],[110.44383003194895,-7.745222403095259],[110.44383003194895,-7.746121619878535]]]],"type":"MultiPolygon"},"properties":{"Kelas":"Sangat Rendah"}},{"type":"Feature","geometry":{"coordinates":[[[[110.44472924873223,-7.746121619878535],[110.44383003194895,-7.746121619878535],[110.44383003194895,-7.745222403095259],[110.44472924873223,-7.745222403095259],[110.44472924873223,-7.746121619878535]]]],"type":"MultiPolygon"},"properties":{"Kelas":"Cukup Rendah"}},{"type":"Feature","geometry":{"coordinates":[[[[110.4456284655155,-7.746121619878535],[110.44472924873223,-7.746121619878535],[110.44472924873223,-7.745222403095259],[110.44472924873223,-7.744323186311984],[110.4456284655155,-7.744323186311984],[110.4456284655155,-7.746121619878535]]]],"type":"MultiPolygon"},"properties":{"Kelas":"Sedang"}},{"type":"Feature","geometry":{"coordinates":[[[[110.26398667529376,-7.747020836661811],[110.2630874585105,-7.747020836661811],[110.2630874585105,-7.746121619878535],[110.26398667529376,-7.746121619878535],[110.26398667529376,-7.747020836661811]]]],"type":"MultiPolygon"},"properties":{"Kelas":"Sangat Rendah"}},{"type":"Feature","geometry":{"coordinates":[[[[110.28916474522549,-7.747020836661811],[110.28947209471197,-7.745924916207194],[110.29026066568011,-7.746712609033951],[110.28916474522549,-7.747020836661811]]]],"type":"MultiPolygon"},"properties":{"Kelas":"Tinggi"}},{"type":"Feature","geometry":{"coordinates":[[[[110.33322636760602,-7.747020836661811],[110.33142793403947,-7.747020836661811],[110.33142793403947,-7.746121619878535],[110.33322636760602,-7.746121619878535],[110.33322636760602,-7.747020836661811]]]],"type":"MultiPolygon"},"properties":{"Kelas":"Sedang"}},{"type":"Feature","geometry":{"coordinates":[[[[110.33412558438928,-7.744323186311984],[110.33652115410098,-7.744625266950115],[110.3377224515224,-7.745222403095259],[110.3377224515224,-7.746121619878535],[110.33682323473911,-7.746121619878535],[110.33480526582508,-7.746969026319807],[110.33412558438928,-7.744323186311984]]]],"type":"MultiPolygon"},"properties":{"Kelas":"Sangat Rendah"}},{"type":"Feature","geometry":{"coordinates":[[[[110.33862166830566,-7.747020836661811],[110.33682323473911,-7.747020836661811],[110.33682323473911,-7.746121619878535],[110.3377224515224,-7.746121619878535],[110.33862166830566,-7.746121619878535],[110.33862166830566,-7.747020836661811]]]],"type":"MultiPolygon"},"properties":{"Kelas":"Sedang"}},{"type":"Feature","geometry":{"coordinates":[[[[110.34042010187223,-7.747020836661811],[110.33862166830566,-7.747020836661811],[110.33862166830566,-7.746121619878535],[110.33862166830566,-7.745222403095259],[110.33952088508894,-7.745222403095259],[110.33952088508894,-7.744323186311984],[110.33952088508894,-7.743423969528708],[110.3413193186555,-7.743423969528708],[110.3413193186555,-7.746121619878535],[110.34042010187223,-7.746121619878535],[110.34042010187223,-7.747020836661811]]]],"type":"MultiPolygon"},"properties":{"Kelas":"Cukup Tinggi"}},{"type":"Feature","geometry":{"coordinates":[[[[110.34042010187223,-7.747020836661811],[110.34042010187223,-7.746121619878535],[110.3413193186555,-7.746121619878535],[110.3413193186555,-7.747020836661811],[110.34042010187223,-7.747020836661811]]]],"type":"MultiPolygon"},"properties":{"Kelas":"Sedang"}},{"type":"Feature","geometry":{"coordinates":[[[[110.34221853543878,-7.747020836661811],[110.34221853543878,-7.746121619878535],[110.34311775222204,-7.746121619878535],[110.34311775222204,-7.747020836661811],[110.34221853543878,-7.747020836661811]]]],"type":"MultiPolygon"},"properties":{"Kelas":"Sangat Rendah"}},{"type":"Feature","geometry":{"coordinates":[[[[110.35031148648825,-7.747020836661811],[110.34921556603364,-7.746712609033951],[110.35000413700179,-7.745924916207194],[110.35031148648825,-7.747020836661811]]]],"type":"MultiPolygon"},"properties":{"Kelas":"Sangat Rendah"}},{"type":"Feature","geometry":{"coordinates":[[[[110.3566060039712,-7.747020836661811],[110.35570678718791,-7.747020836661811],[110.35570678718791,-7.746121619878535],[110.35570678718791,-7.745222403095259],[110.35750522075446,-7.745222403095259],[110.35840443753774,-7.745222403095259],[110.35840443753774,-7.746121619878535],[110.3566060039712,-7.746121619878535],[110.3566060039712,-7.747020836661811]]]],"type":"MultiPolygon"},"properties":{"Kelas":"Cukup Rendah"}},{"type":"Feature","geometry":{"coordinates":[[[[110.36110208788756,-7.747020836661811],[110.3614041685257,-7.745524483733391],[110.36200130467084,-7.744323186311984],[110.36290052145412,-7.744323186311984],[110.36290052145412,-7.745222403095259],[110.36379973823739,-7.745222403095259],[110.36349765759927,-7.745819539240404],[110.36110208788756,-7.747020836661811]]]],"type":"MultiPolygon"},"properties":{"Kelas":"Cukup Rendah"}},{"type":"Feature","geometry":{"coordinates":[[[[110.44652768229878,-7.747020836661811],[110.4456284655155,-7.747020836661811],[110.4456284655155,-7.746121619878535],[110.44652768229878,-7.746121619878535],[110.44652768229878,-7.747020836661811]]]],"type":"MultiPolygon"},"properties":{"Kelas":"Sedang"}},{"type":"Feature","geometry":{"coordinates":[[[[110.44742689908205,-7.747020836661811],[110.44652768229878,-7.747020836661811],[110.44652768229878,-7.746121619878535],[110.4456284655155,-7.746121619878535],[110.4456284655155,-7.744323186311984],[110.44702471032546,-7.745029211989477],[110.44742689908205,-7.747020836661811]]]],"type":"MultiPolygon"},"properties":{"Kelas":"Cukup Tinggi"}},{"type":"Feature","geometry":{"coordinates":[[[[110.48879087111274,-7.747020836661811],[110.48750000326956,-7.746024146184254],[110.48961808030205,-7.744915053608787],[110.48879087111274,-7.747020836661811]]]],"type":"MultiPolygon"},"properties":{"Kelas":"Cukup Tinggi"}},{"type":"Feature","geometry":{"coordinates":[[[[110.49148852146257,-7.747020836661811],[110.4905893046793,-7.747020836661811],[110.4905893046793,-7.746121619878535],[110.49148852146257,-7.746121619878535],[110.49148852146257,-7.747020836661811]]]],"type":"MultiPolygon"},"properties":{"Kelas":"Cukup Rendah"}},{"type":"Feature","geometry":{"coordinates":[[[[110.32873028368964,-7.747920053445087],[110.32783106690636,-7.747920053445087],[110.32783106690636,-7.746121619878535],[110.32873028368964,-7.746121619878535],[110.32873028368964,-7.747920053445087]]]],"type":"MultiPolygon"},"properties":{"Kelas":"Sedang"}},{"type":"Feature","geometry":{"coordinates":[[[[110.34221853543878,-7.747920053445087],[110.34042010187223,-7.747920053445087],[110.34042010187223,-7.747020836661811],[110.3413193186555,-7.747020836661811],[110.3413193186555,-7.746121619878535],[110.34221853543878,-7.746121619878535],[110.34221853543878,-7.747020836661811],[110.34221853543878,-7.747920053445087]]]],"type":"MultiPolygon"},"properties":{"Kelas":"Cukup Rendah"}},{"type":"Feature","geometry":{"coordinates":[[[[110.35390835362136,-7.747920053445087],[110.35300913683808,-7.747920053445087],[110.35345874522972,-7.746767931941514],[110.35390835362136,-7.747920053445087]]]],"type":"MultiPolygon"},"properties":{"Kelas":"Cukup Rendah"}},{"type":"Feature","geometry":{"coordinates":[[[[110.48429478719636,-7.745222403095259],[110.48548905948665,-7.745826564371523],[110.48609322076291,-7.747020836661811],[110.48461443066229,-7.747755841005173],[110.48429478719636,-7.745222403095259]]]],"type":"MultiPolygon"},"properties":{"Kelas":"Cukup Rendah"}},{"type":"Feature","geometry":{"coordinates":[[[[110.26398667529376,-7.748819270228363],[110.2630874585105,-7.748819270228363],[110.2630874585105,-7.747020836661811],[110.26398667529376,-7.747020836661811],[110.26524066119858,-7.747920053445087],[110.26398667529376,-7.748819270228363]]]],"type":"MultiPolygon"},"properties":{"Kelas":"Cukup Rendah"}},{"type":"Feature","geometry":{"coordinates":[[[[110.28916474522549,-7.748819270228363],[110.28736631165894,-7.748819270228363],[110.2879704729352,-7.747624997938075],[110.28916474522549,-7.747020836661811],[110.28916474522549,-7.748819270228363]]]],"type":"MultiPolygon"},"properties":{"Kelas":"Tinggi"}},{"type":"Feature","geometry":{"coordinates":[[[[110.30085456340808,-7.748819270228363],[110.30085456340808,-7.747020836661811],[110.30085456340808,-7.746121619878535],[110.30175378019136,-7.746121619878535],[110.30175378019136,-7.745222403095259],[110.30265299697463,-7.745222403095259],[110.30332916584487,-7.746582644108242],[110.30235091633651,-7.748517189590231],[110.30085456340808,-7.748819270228363]]]],"type":"MultiPolygon"},"properties":{"Kelas":"Cukup Rendah"}},{"type":"Feature","geometry":{"coordinates":[[[[110.32693185012309,-7.748819270228363],[110.3260326333398,-7.748819270228363],[110.3260326333398,-7.746121619878535],[110.32693185012309,-7.746121619878535],[110.32693185012309,-7.748819270228363]]]],"type":"MultiPolygon"},"properties":{"Kelas":"Sangat Rendah"}},{"type":"Feature","geometry":{"coordinates":[[[[110.32873028368964,-7.748819270228363],[110.32693185012309,-7.748819270228363],[110.32693185012309,-7.746121619878535],[110.32783106690636,-7.746121619878535],[110.32783106690636,-7.747920053445087],[110.32873028368964,-7.747920053445087],[110.32873028368964,-7.748819270228363]]]],"type":"MultiPolygon"},"properties":{"Kelas":"Cukup Rendah"}},{"type":"Feature","geometry":{"coordinates":[[[[110.3296295004729,-7.748819270228363],[110.32873028368964,-7.748819270228363],[110.32873028368964,-7.747920053445087],[110.3296295004729,-7.747920053445087],[110.3296295004729,-7.748819270228363]]]],"type":"MultiPolygon"},"properties":{"Kelas":"Sedang"}},{"type":"Feature","geometry":{"coordinates":[[[[110.33952088508894,-7.748819270228363],[110.33862166830566,-7.748819270228363],[110.33862166830566,-7.747020836661811],[110.34042010187223,-7.747020836661811],[110.34042010187223,-7.747920053445087],[110.33952088508894,-7.747920053445087],[110.33952088508894,-7.748819270228363]]]],"type":"MultiPolygon"},"properties":{"Kelas":"Sedang"}},{"type":"Feature","geometry":{"coordinates":[[[[110.34042010187223,-7.748819270228363],[110.33952088508894,-7.748819270228363],[110.33952088508894,-7.747920053445087],[110.34042010187223,-7.747920053445087],[110.34042010187223,-7.748819270228363]]]],"type":"MultiPolygon"},"properties":{"Kelas":"Cukup Rendah"}},{"type":"Feature","geometry":{"coordinates":[[[[110.34042010187223,-7.748819270228363],[110.34042010187223,-7.747920053445087],[110.34221853543878,-7.747920053445087],[110.34221853543878,-7.748819270228363],[110.34042010187223,-7.748819270228363]]]],"type":"MultiPolygon"},"properties":{"Kelas":"Sangat Rendah"}},{"type":"Feature","geometry":{"coordinates":[[[[110.3566060039712,-7.748819270228363],[110.3566060039712,-7.747920053445087],[110.35775812547476,-7.748369661836724],[110.3566060039712,-7.748819270228363]]]],"type":"MultiPolygon"},"properties":{"Kelas":"Cukup Tinggi"}},{"type":"Feature","geometry":{"coordinates":[[[[110.4917375,-7.7476674],[110.491745,-7.7480897],[110.491745,-7.7481224],[110.491745,-7.7484359],[110.491745,-7.7484686],[110.4917073,-7.7485312],[110.49171089379853,-7.748766914678384],[110.49148852146257,-7.748819270228363],[110.4905893046793,-7.748819270228363],[110.4905893046793,-7.747020836661811],[110.49148852146257,-7.747020836661811],[110.49174165016433,-7.747176883556991],[110.4917375,-7.7476674]]]],"type":"MultiPolygon"},"properties":{"Kelas":"Sangat Rendah"}},{"type":"Feature","geometry":{"coordinates":[[[[110.28916474522549,-7.74971848701164],[110.28736631165894,-7.74971848701164],[110.28736631165894,-7.748819270228363],[110.28916474522549,-7.748819270228363],[110.28916474522549,-7.74971848701164]]]],"type":"MultiPolygon"},"properties":{"Kelas":"Cukup Tinggi"}},{"type":"Feature","geometry":{"coordinates":[[[[110.33232715082274,-7.74971848701164],[110.33021083007304,-7.748558462235557],[110.3318951052589,-7.747711933935676],[110.33232715082274,-7.74971848701164]]]],"type":"MultiPolygon"},"properties":{"Kelas":"Tinggi"}},{"type":"Feature","geometry":{"coordinates":[[[[110.33322636760602,-7.747020836661811],[110.33322636760602,-7.746121619878535],[110.33142793403947,-7.746121619878535],[110.33052871725619,-7.746121619878535],[110.33052871725619,-7.745222403095259],[110.3296295004729,-7.745222403095259],[110.3296295004729,-7.744323186311984],[110.33052871725619,-7.744323186311984],[110.33052871725619,-7.743423969528708],[110.33232715082274,-7.743423969528708],[110.33412558438928,-7.743423969528708],[110.33412558438928,-7.744323186311984],[110.33480526582508,-7.746969026319807],[110.33682323473911,-7.746121619878535],[110.33682323473911,-7.747020836661811],[110.33682323473911,-7.747920053445087],[110.33633147556077,-7.748328389191398],[110.33487024828794,-7.750087306395404],[110.33371812678436,-7.747429172408124],[110.33322636760602,-7.747020836661811]],[[110.33232715082274,-7.745222403095259],[110.33201980133626,-7.744126482640642],[110.33123123036812,-7.744914175467398],[110.33232715082274,-7.745222403095259]]]],"type":"MultiPolygon"},"properties":{"Kelas":"Cukup Rendah"}},{"type":"Feature","geometry":{"coordinates":[[[[110.33952088508894,-7.74971848701164],[110.33862166830566,-7.74971848701164],[110.33862166830566,-7.748819270228363],[110.33952088508894,-7.748819270228363],[110.33952088508894,-7.74971848701164]]]],"type":"MultiPolygon"},"properties":{"Kelas":"Cukup Rendah"}},{"type":"Feature","geometry":{"coordinates":[[[[110.33952088508894,-7.74971848701164],[110.33952088508894,-7.748819270228363],[110.34042010187223,-7.748819270228363],[110.34042010187223,-7.74971848701164],[110.33952088508894,-7.74971848701164]]]],"type":"MultiPolygon"},"properties":{"Kelas":"Sangat Rendah"}},{"type":"Feature","geometry":{"coordinates":[[[[110.39437310886878,-7.74971848701164],[110.39473841568699,-7.747650464038383],[110.39551469267568,-7.749230240398845],[110.39437310886878,-7.74971848701164]]]],"type":"MultiPolygon"},"properties":{"Kelas":"Sangat Rendah"}},{"type":"Feature","geometry":{"coordinates":[[[[110.44652768229878,-7.74971848701164],[110.4456284655155,-7.74971848701164],[110.4456284655155,-7.748819270228363],[110.44652768229878,-7.748819270228363],[110.44652768229878,-7.74971848701164]]]],"type":"MultiPolygon"},"properties":{"Kelas":"Sedang"}},{"type":"Feature","geometry":{"coordinates":[[[[110.44742689908205,-7.74971848701164],[110.44652768229878,-7.74971848701164],[110.44652768229878,-7.748819270228363],[110.44742689908205,-7.748819270228363],[110.44742689908205,-7.74971848701164]]]],"type":"MultiPolygon"},"properties":{"Kelas":"Cukup Rendah"}},{"type":"Feature","geometry":{"coordinates":[[[[110.4905893046793,-7.74971848701164],[110.48969008789602,-7.74971848701164],[110.48969008789602,-7.747020836661811],[110.4905893046793,-7.747020836661811],[110.4905893046793,-7.748819270228363],[110.49148852146257,-7.748819270228363],[110.49148852146257,-7.74971848701164],[110.4905893046793,-7.74971848701164]]]],"type":"MultiPolygon"},"properties":{"Kelas":"Cukup Rendah"}},{"type":"Feature","geometry":{"coordinates":[[[[110.26128902494395,-7.750617703794914],[110.26128902494395,-7.74971848701164],[110.26244114644751,-7.750168095403277],[110.26128902494395,-7.750617703794914]]]],"type":"MultiPolygon"},"properties":{"Kelas":"Cukup Tinggi"}},{"type":"Feature","geometry":{"coordinates":[[[[110.30085456340808,-7.750617703794914],[110.29905612984153,-7.750617703794914],[110.29828863426674,-7.748792047845276],[110.30085456340808,-7.747020836661811],[110.30085456340808,-7.748819270228363],[110.30085456340808,-7.750617703794914]]]],"type":"MultiPolygon"},"properties":{"Kelas":"Sedang"}},{"type":"Feature","geometry":{"coordinates":[[[[110.3377224515224,-7.750617703794914],[110.33682323473911,-7.750617703794914],[110.33682323473911,-7.747920053445087],[110.33682323473911,-7.747020836661811],[110.33862166830566,-7.747020836661811],[110.33862166830566,-7.748819270228363],[110.33862166830566,-7.74971848701164],[110.3377224515224,-7.74971848701164],[110.3377224515224,-7.750617703794914]]]],"type":"MultiPolygon"},"properties":{"Kelas":"Cukup Tinggi"}},{"type":"Feature","geometry":{"coordinates":[[[[110.35390835362136,-7.750617703794914],[110.35390835362136,-7.74971848701164],[110.35570678718791,-7.74971848701164],[110.35570678718791,-7.750617703794914],[110.35390835362136,-7.750617703794914]]]],"type":"MultiPolygon"},"properties":{"Kelas":"Cukup Rendah"}},{"type":"Feature","geometry":{"coordinates":[[[[110.36020287110429,-7.750617703794914],[110.36050495174243,-7.749121350866496],[110.36110208788756,-7.747920053445087],[110.36233675468179,-7.748908840650135],[110.36020287110429,-7.750617703794914]]]],"type":"MultiPolygon"},"properties":{"Kelas":"Sangat Rendah"}},{"type":"Feature","geometry":{"coordinates":[[[[110.39437310886878,-7.750617703794914],[110.3934738920855,-7.750617703794914],[110.3934738920855,-7.74971848701164],[110.39437310886878,-7.74971848701164],[110.39437310886878,-7.750617703794914]]]],"type":"MultiPolygon"},"properties":{"Kelas":"Cukup Rendah"}},{"type":"Feature","geometry":{"coordinates":[[[[110.4456284655155,-7.74971848701164],[110.44652768229878,-7.74971848701164],[110.44607807390713,-7.750870608515211],[110.4456284655155,-7.74971848701164]]]],"type":"MultiPolygon"},"properties":{"Kelas":"Cukup Rendah"}},{"type":"Feature","geometry":{"coordinates":[[[[110.33232715082274,-7.75151692057819],[110.33052871725619,-7.75151692057819],[110.33052871725619,-7.750617703794914],[110.33232715082274,-7.750617703794914],[110.33232715082274,-7.75151692057819]]]],"type":"MultiPolygon"},"properties":{"Kelas":"Sedang"}},{"type":"Feature","geometry":{"coordinates":[[[[110.33322636760602,-7.75151692057819],[110.33232715082274,-7.75151692057819],[110.33232715082274,-7.750617703794914],[110.33052871725619,-7.750617703794914],[110.3296295004729,-7.748819270228363],[110.3296295004729,-7.747920053445087],[110.32873028368964,-7.747920053445087],[110.32873028368964,-7.746121619878535],[110.32783106690636,-7.746121619878535],[110.32783106690636,-7.745222403095259],[110.3296295004729,-7.745222403095259],[110.3296295004729,-7.746121619878535],[110.33052871725619,-7.746121619878535],[110.33142793403947,-7.746121619878535],[110.33142793403947,-7.747020836661811],[110.33322636760602,-7.747020836661811],[110.33322636760602,-7.75151692057819]],[[110.33232715082274,-7.74971848701164],[110.3318951052589,-7.747711933935676],[110.33021083007304,-7.748558462235557],[110.33232715082274,-7.74971848701164]]]],"type":"MultiPolygon"},"properties":{"Kelas":"Cukup Tinggi"}},{"type":"Feature","geometry":{"coordinates":[[[[110.33592401795585,-7.75151692057819],[110.33322636760602,-7.75151692057819],[110.33322636760602,-7.747020836661811],[110.33371812678436,-7.747429172408124],[110.33487024828794,-7.750087306395404],[110.33633147556077,-7.748328389191398],[110.33682323473911,-7.747920053445087],[110.33682323473911,-7.750617703794914],[110.33592401795585,-7.750617703794914],[110.33592401795585,-7.75151692057819]]]],"type":"MultiPolygon"},"properties":{"Kelas":"Sedang"}},{"type":"Feature","geometry":{"coordinates":[[[[110.33682323473911,-7.75151692057819],[110.33592401795585,-7.75151692057819],[110.33592401795585,-7.750617703794914],[110.33682323473911,-7.750617703794914],[110.33682323473911,-7.75151692057819]]]],"type":"MultiPolygon"},"properties":{"Kelas":"Cukup Tinggi"}},{"type":"Feature","geometry":{"coordinates":[[[[110.33682323473911,-7.75151692057819],[110.33682323473911,-7.750617703794914],[110.3377224515224,-7.750617703794914],[110.3377224515224,-7.75151692057819],[110.33682323473911,-7.75151692057819]]]],"type":"MultiPolygon"},"properties":{"Kelas":"Sedang"}},{"type":"Feature","geometry":{"coordinates":[[[[110.39257467530223,-7.75151692057819],[110.39142255379865,-7.751067312186553],[110.39257467530223,-7.750617703794914],[110.39257467530223,-7.75151692057819]]]],"type":"MultiPolygon"},"properties":{"Kelas":"Cukup Rendah"}},{"type":"Feature","geometry":{"coordinates":[[[[110.39527232565206,-7.75151692057819],[110.39527232565206,-7.750617703794914],[110.39737283985673,-7.749573593682303],[110.39676867858047,-7.75121483994006],[110.39527232565206,-7.75151692057819]]]],"type":"MultiPolygon"},"properties":{"Kelas":"Sangat Rendah"}},{"type":"Feature","geometry":{"coordinates":[[[[110.48519400397964,-7.75151692057819],[110.4857981652559,-7.750322648287902],[110.48699243754619,-7.74971848701164],[110.48699243754619,-7.75151692057819],[110.48519400397964,-7.75151692057819]]]],"type":"MultiPolygon"},"properties":{"Kelas":"Sedang"}},{"type":"Feature","geometry":{"coordinates":[[[[110.21787,-7.7521041],[110.2178242,-7.7516778],[110.2178242,-7.75151692057819],[110.21812661934669,-7.75151692057819],[110.21812661934669,-7.752416137361466],[110.21802095882106,-7.752416137361466],[110.21787,-7.7521041]]]],"type":"MultiPolygon"},"properties":{"Kelas":"Tinggi"}},{"type":"Feature","geometry":{"coordinates":[[[[110.24690155641153,-7.752416137361466],[110.24600233962825,-7.752416137361466],[110.24645194801988,-7.751264015857894],[110.24690155641153,-7.752416137361466]]]],"type":"MultiPolygon"},"properties":{"Kelas":"Sedang"}},{"type":"Feature","geometry":{"coordinates":[[[[110.25319607389446,-7.752416137361466],[110.25319607389446,-7.75151692057819],[110.25409529067774,-7.75151692057819],[110.25409529067774,-7.752416137361466],[110.25319607389446,-7.752416137361466]]]],"type":"MultiPolygon"},"properties":{"Kelas":"Sedang"}},{"type":"Feature","geometry":{"coordinates":[[[[110.25949059137739,-7.752416137361466],[110.26009475265366,-7.751221865071178],[110.26128902494395,-7.750617703794914],[110.26128902494395,-7.752416137361466],[110.25949059137739,-7.752416137361466]]]],"type":"MultiPolygon"},"properties":{"Kelas":"Cukup Tinggi"}},{"type":"Feature","geometry":{"coordinates":[[[[110.28736631165894,-7.750617703794914],[110.28736631165894,-7.74971848701164],[110.28916474522549,-7.74971848701164],[110.29096317879204,-7.74971848701164],[110.29096317879204,-7.75151692057819],[110.28952653947815,-7.752230849528194],[110.28886266458736,-7.750919784433046],[110.28736631165894,-7.750617703794914]]]],"type":"MultiPolygon"},"properties":{"Kelas":"Sedang"}},{"type":"Feature","geometry":{"coordinates":[[[[110.33592401795585,-7.752416137361466],[110.33592401795585,-7.75151692057819],[110.33682323473911,-7.75151692057819],[110.33682323473911,-7.752416137361466],[110.33592401795585,-7.752416137361466]]]],"type":"MultiPolygon"},"properties":{"Kelas":"Sedang"}},{"type":"Feature","geometry":{"coordinates":[[[[110.35300913683808,-7.752416137361466],[110.3521099200548,-7.752416137361466],[110.3521099200548,-7.750617703794914],[110.35300913683808,-7.750617703794914],[110.35390835362136,-7.750617703794914],[110.35300913683808,-7.752416137361466]]]],"type":"MultiPolygon"},"properties":{"Kelas":"Cukup Rendah"}},{"type":"Feature","geometry":{"coordinates":[[[[110.44832611586533,-7.752416137361466],[110.44742689908205,-7.752416137361466],[110.44742689908205,-7.74971848701164],[110.44742689908205,-7.748819270228363],[110.44652768229878,-7.748819270228363],[110.44652768229878,-7.747020836661811],[110.44742689908205,-7.747020836661811],[110.44802403522719,-7.748222134083219],[110.44832611586533,-7.752416137361466]]]],"type":"MultiPolygon"},"properties":{"Kelas":"Sedang"}},{"type":"Feature","geometry":{"coordinates":[[[[110.25229685711119,-7.753315354144743],[110.25229685711119,-7.752416137361466],[110.25319607389446,-7.752416137361466],[110.25409529067774,-7.752416137361466],[110.25409529067774,-7.75151692057819],[110.25589372424429,-7.75151692057819],[110.25589372424429,-7.752416137361466],[110.25469242682288,-7.75301327350661],[110.25229685711119,-7.753315354144743]]]],"type":"MultiPolygon"},"properties":{"Kelas":"Cukup Tinggi"}},{"type":"Feature","geometry":{"coordinates":[[[[110.2927616123586,-7.753315354144743],[110.29096317879204,-7.753315354144743],[110.29096317879204,-7.752416137361466],[110.2927616123586,-7.752416137361466],[110.2927616123586,-7.753315354144743]]]],"type":"MultiPolygon"},"properties":{"Kelas":"Sangat Rendah"}},{"type":"Feature","geometry":{"coordinates":[[[[110.35031148648825,-7.753315354144743],[110.3488449903671,-7.752939509629858],[110.34916463383303,-7.75151692057819],[110.34870273146193,-7.749455922736054],[110.35031148648825,-7.747020836661811],[110.35185701533452,-7.747273741382108],[110.35255952844645,-7.749066906100319],[110.35300913683808,-7.747920053445087],[110.35390835362136,-7.747920053445087],[110.35390835362136,-7.74971848701164],[110.35300913683808,-7.74971848701164],[110.35300913683808,-7.750617703794914],[110.3521099200548,-7.750617703794914],[110.3521099200548,-7.752416137361466],[110.35031148648825,-7.752416137361466],[110.35031148648825,-7.753315354144743]]]],"type":"MultiPolygon"},"properties":{"Kelas":"Sangat Rendah"}},{"type":"Feature","geometry":{"coordinates":[[[[110.3521099200548,-7.753315354144743],[110.3521099200548,-7.752416137361466],[110.35300913683808,-7.752416137361466],[110.35300913683808,-7.753315354144743],[110.3521099200548,-7.753315354144743]]]],"type":"MultiPolygon"},"properties":{"Kelas":"Sedang"}},{"type":"Feature","geometry":{"coordinates":[[[[110.35930365432101,-7.753315354144743],[110.35570678718791,-7.753315354144743],[110.35604926232998,-7.752758612503534],[110.35791267835938,-7.751610881706911],[110.35904548075237,-7.748287994687463],[110.36110208788756,-7.747020836661811],[110.36110208788756,-7.747920053445087],[110.36050495174243,-7.749121350866496],[110.36020287110429,-7.750617703794914],[110.35960573495915,-7.751819001216322],[110.35930365432101,-7.753315354144743]]]],"type":"MultiPolygon"},"properties":{"Kelas":"Cukup Rendah"}},{"type":"Feature","geometry":{"coordinates":[[[[110.4905893046793,-7.753315354144743],[110.48839043863894,-7.752686604909561],[110.48997460570635,-7.751163029598054],[110.4905893046793,-7.753315354144743]]]],"type":"MultiPolygon"},"properties":{"Kelas":"Cukup Tinggi"}},{"type":"Feature","geometry":{"coordinates":[[[[110.25139764032791,-7.754214570928019],[110.25139764032791,-7.753315354144743],[110.25229685711119,-7.753315354144743],[110.25229685711119,-7.754214570928019],[110.25139764032791,-7.754214570928019]]]],"type":"MultiPolygon"},"properties":{"Kelas":"Cukup Tinggi"}},{"type":"Feature","geometry":{"coordinates":[[[[110.29366082914187,-7.754214570928019],[110.2927616123586,-7.754214570928019],[110.2927616123586,-7.753315354144743],[110.29366082914187,-7.753315354144743],[110.29366082914187,-7.754214570928019]]]],"type":"MultiPolygon"},"properties":{"Kelas":"Sangat Rendah"}},{"type":"Feature","geometry":{"coordinates":[[[[110.29905612984153,-7.754214570928019],[110.29815691305825,-7.754214570928019],[110.29815691305825,-7.753315354144743],[110.29930903456183,-7.752865745753105],[110.29815691305825,-7.752416137361466],[110.29905612984153,-7.750617703794914],[110.30085456340808,-7.750617703794914],[110.3001204372061,-7.753480444726048],[110.29905612984153,-7.754214570928019]]]],"type":"MultiPolygon"},"properties":{"Kelas":"Cukup Rendah"}},{"type":"Feature","geometry":{"coordinates":[[[[110.44742689908205,-7.754214570928019],[110.44742689908205,-7.752416137361466],[110.44832611586533,-7.752416137361466],[110.44832611586533,-7.754214570928019],[110.44742689908205,-7.754214570928019]]]],"type":"MultiPolygon"},"properties":{"Kelas":"Cukup Rendah"}},{"type":"Feature","geometry":{"coordinates":[[[[110.48699243754619,-7.754214570928019],[110.48699243754619,-7.753315354144743],[110.48609322076291,-7.753315354144743],[110.48519400397964,-7.75151692057819],[110.48699243754619,-7.75151692057819],[110.48699243754619,-7.74971848701164],[110.48789165432947,-7.74971848701164],[110.48789165432947,-7.754214570928019],[110.48699243754619,-7.754214570928019]]]],"type":"MultiPolygon"},"properties":{"Kelas":"Cukup Rendah"}},{"type":"Feature","geometry":{"coordinates":[[[[110.24690155641153,-7.755113787711295],[110.24510312284498,-7.755113787711295],[110.24510312284498,-7.752416137361466],[110.24600233962825,-7.752416137361466],[110.24630442026638,-7.753912490289887],[110.24690155641153,-7.755113787711295]]]],"type":"MultiPolygon"},"properties":{"Kelas":"Sedang"}},{"type":"Feature","geometry":{"coordinates":[[[[110.25679294102756,-7.753315354144743],[110.25859137459412,-7.753315354144743],[110.25816811044417,-7.755415868349425],[110.25606935252227,-7.754773068852007],[110.25679294102756,-7.753315354144743]]]],"type":"MultiPolygon"},"properties":{"Kelas":"Cukup Rendah"}},{"type":"Feature","geometry":{"coordinates":[[[[110.26128902494395,-7.755113787711295],[110.26128902494395,-7.753315354144743],[110.26398667529376,-7.753315354144743],[110.26365825041394,-7.75494255014026],[110.26263609383608,-7.754443765830787],[110.26128902494395,-7.755113787711295]]]],"type":"MultiPolygon"},"properties":{"Kelas":"Cukup Rendah"}},{"type":"Feature","geometry":{"coordinates":[[[[110.2963584794917,-7.755113787711295],[110.29456004592515,-7.755113787711295],[110.29512908154581,-7.752892968136193],[110.29815691305825,-7.752416137361466],[110.29930903456183,-7.752865745753105],[110.29815691305825,-7.753315354144743],[110.2963584794917,-7.753315354144743],[110.2963584794917,-7.755113787711295]]]],"type":"MultiPolygon"},"properties":{"Kelas":"Sedang"}},{"type":"Feature","geometry":{"coordinates":[[[[110.29725769627498,-7.755113787711295],[110.2963584794917,-7.755113787711295],[110.2963584794917,-7.753315354144743],[110.29815691305825,-7.753315354144743],[110.29815691305825,-7.754214570928019],[110.29725769627498,-7.754214570928019],[110.29725769627498,-7.755113787711295]]]],"type":"MultiPolygon"},"properties":{"Kelas":"Cukup Tinggi"}},{"type":"Feature","geometry":{"coordinates":[[[[110.29905612984153,-7.754214570928019],[110.3001204372061,-7.753480444726048],[110.30085456340808,-7.750617703794914],[110.30218231318963,-7.75119991153643],[110.30480268709715,-7.750463150910289],[110.29983591939578,-7.755434309318614],[110.29905612984153,-7.754214570928019]]]],"type":"MultiPolygon"},"properties":{"Kelas":"Sangat Rendah"}},{"type":"Feature","geometry":{"coordinates":[[[[110.3296295004729,-7.755113787711295],[110.33022663661805,-7.753912490289887],[110.33052871725619,-7.75151692057819],[110.33232715082274,-7.75151692057819],[110.33232715082274,-7.755113787711295],[110.3296295004729,-7.755113787711295]]]],"type":"MultiPolygon"},"properties":{"Kelas":"Cukup Rendah"}},{"type":"Feature","geometry":{"coordinates":[[[[110.35121070327153,-7.755113787711295],[110.35031148648825,-7.755113787711295],[110.35031148648825,-7.753315354144743],[110.35031148648825,-7.752416137361466],[110.3521099200548,-7.752416137361466],[110.3521099200548,-7.753315354144743],[110.35121070327153,-7.753315354144743],[110.35121070327153,-7.755113787711295]]]],"type":"MultiPolygon"},"properties":{"Kelas":"Cukup Rendah"}},{"type":"Feature","geometry":{"coordinates":[[[[110.3521099200548,-7.755113787711295],[110.35121070327153,-7.755113787711295],[110.35121070327153,-7.753315354144743],[110.3521099200548,-7.753315354144743],[110.3521099200548,-7.755113787711295]]]],"type":"MultiPolygon"},"properties":{"Kelas":"Sedang"}},{"type":"Feature","geometry":{"coordinates":[[[[110.3521099200548,-7.755113787711295],[110.3521099200548,-7.753315354144743],[110.35300913683808,-7.753315354144743],[110.35300913683808,-7.752416137361466],[110.3542438036323,-7.753404924566514],[110.3521099200548,-7.755113787711295]]]],"type":"MultiPolygon"},"properties":{"Kelas":"Cukup Tinggi"}},{"type":"Feature","geometry":{"coordinates":[[[[110.35570678718791,-7.755113787711295],[110.35480757040463,-7.755113787711295],[110.35480757040463,-7.753315354144743],[110.35570678718791,-7.753315354144743],[110.35570678718791,-7.755113787711295]]]],"type":"MultiPolygon"},"properties":{"Kelas":"Cukup Rendah"}},{"type":"Feature","geometry":{"coordinates":[[[[110.35570678718791,-7.755113787711295],[110.35570678718791,-7.753315354144743],[110.35930365432101,-7.753315354144743],[110.35930365432101,-7.755113787711295],[110.35570678718791,-7.755113787711295]]]],"type":"MultiPolygon"},"properties":{"Kelas":"Sangat Rendah"}},{"type":"Feature","geometry":{"coordinates":[[[[110.39257467530223,-7.755113787711295],[110.39167545851895,-7.755113787711295],[110.39167545851895,-7.752416137361466],[110.39257467530223,-7.752416137361466],[110.39257467530223,-7.753315354144743],[110.39257467530223,-7.755113787711295]]]],"type":"MultiPolygon"},"properties":{"Kelas":"Sangat Rendah"}},{"type":"Feature","geometry":{"coordinates":[[[[110.41595431166739,-7.755113787711295],[110.41480219016383,-7.754664179319656],[110.41595431166739,-7.754214570928019],[110.41595431166739,-7.755113787711295]]]],"type":"MultiPolygon"},"properties":{"Kelas":"Tinggi"}},{"type":"Feature","geometry":{"coordinates":[[[[110.48519400397964,-7.755113787711295],[110.48519400397964,-7.753315354144743],[110.48609322076291,-7.753315354144743],[110.48609322076291,-7.754214570928019],[110.48609322076291,-7.755113787711295],[110.48519400397964,-7.755113787711295]]]],"type":"MultiPolygon"},"properties":{"Kelas":"Sangat Rendah"}},{"type":"Feature","geometry":{"coordinates":[[[[110.2478007731948,-7.756013004494569],[110.2478007731948,-7.755113787711295],[110.24690155641153,-7.755113787711295],[110.24630442026638,-7.753912490289887],[110.24600233962825,-7.752416137361466],[110.24690155641153,-7.752416137361466],[110.24752679308115,-7.752732268261838],[110.24886508055938,-7.75547470382255],[110.2478007731948,-7.756013004494569]]]],"type":"MultiPolygon"},"properties":{"Kelas":"Cukup Rendah"}},{"type":"Feature","geometry":{"coordinates":[[[[110.25049842354463,-7.756013004494569],[110.24934630204106,-7.755563396102932],[110.25049842354463,-7.755113787711295],[110.25049842354463,-7.756013004494569]]]],"type":"MultiPolygon"},"properties":{"Kelas":"Sangat Rendah"}},{"type":"Feature","geometry":{"coordinates":[[[[110.27657571025964,-7.756013004494569],[110.27567649347635,-7.756013004494569],[110.27612610186799,-7.754860882990998],[110.27657571025964,-7.756013004494569]]]],"type":"MultiPolygon"},"properties":{"Kelas":"Sangat Rendah"}},{"type":"Feature","geometry":{"coordinates":[[[[110.29725769627498,-7.756013004494569],[110.2963584794917,-7.756013004494569],[110.2963584794917,-7.755113787711295],[110.29725769627498,-7.755113787711295],[110.29725769627498,-7.756013004494569]]]],"type":"MultiPolygon"},"properties":{"Kelas":"Sedang"}},{"type":"Feature","geometry":{"coordinates":[[[[110.29725769627498,-7.756013004494569],[110.29725769627498,-7.755113787711295],[110.29840981777855,-7.755563396102932],[110.29725769627498,-7.756013004494569]]]],"type":"MultiPolygon"},"properties":{"Kelas":"Cukup Rendah"}},{"type":"Feature","geometry":{"coordinates":[[[[110.33412558438928,-7.756013004494569],[110.33322636760602,-7.756013004494569],[110.33322636760602,-7.75151692057819],[110.33592401795585,-7.75151692057819],[110.33592401795585,-7.752416137361466],[110.33592401795585,-7.754214570928019],[110.33412558438928,-7.754214570928019],[110.33412558438928,-7.756013004494569]]]],"type":"MultiPolygon"},"properties":{"Kelas":"Cukup Tinggi"}},{"type":"Feature","geometry":{"coordinates":[[[[110.33412558438928,-7.756013004494569],[110.33412558438928,-7.754214570928019],[110.33592401795585,-7.754214570928019],[110.33531985667958,-7.755408843218307],[110.33412558438928,-7.756013004494569]]]],"type":"MultiPolygon"},"properties":{"Kelas":"Sedang"}},{"type":"Feature","geometry":{"coordinates":[[[[110.39257467530223,-7.756013004494569],[110.39257467530223,-7.755113787711295],[110.39257467530223,-7.753315354144743],[110.3934738920855,-7.753315354144743],[110.3934738920855,-7.756013004494569],[110.39257467530223,-7.756013004494569]]]],"type":"MultiPolygon"},"properties":{"Kelas":"Cukup Rendah"}},{"type":"Feature","geometry":{"coordinates":[[[[110.41595431166739,-7.756013004494569],[110.41325666131758,-7.756013004494569],[110.41325666131758,-7.753315354144743],[110.41595431166739,-7.753315354144743],[110.41595431166739,-7.754214570928019],[110.41480219016383,-7.754664179319656],[110.41595431166739,-7.755113787711295],[110.41595431166739,-7.756013004494569]]]],"type":"MultiPolygon"},"properties":{"Kelas":"Cukup Tinggi"}},{"type":"Feature","geometry":{"coordinates":[[[[110.44742689908205,-7.756013004494569],[110.4456284655155,-7.756013004494569],[110.44623262679177,-7.754818732204281],[110.44742689908205,-7.754214570928019],[110.44742689908205,-7.756013004494569]]]],"type":"MultiPolygon"},"properties":{"Kelas":"Cukup Rendah"}},{"type":"Feature","geometry":{"coordinates":[[[[110.4681088850974,-7.756013004494569],[110.46720966831413,-7.756013004494569],[110.46765927670576,-7.753923027986566],[110.4681088850974,-7.756013004494569]]]],"type":"MultiPolygon"},"properties":{"Kelas":"Sedang"}},{"type":"Feature","geometry":{"coordinates":[[[[110.48519400397964,-7.756013004494569],[110.48519400397964,-7.755113787711295],[110.48609322076291,-7.755113787711295],[110.48609322076291,-7.754214570928019],[110.48699243754619,-7.754214570928019],[110.48699243754619,-7.756013004494569],[110.48519400397964,-7.756013004494569]]]],"type":"MultiPolygon"},"properties":{"Kelas":"Cukup Rendah"}},{"type":"Feature","geometry":{"coordinates":[[[[110.25409529067774,-7.756912221277846],[110.25319607389446,-7.756912221277846],[110.25319607389446,-7.755113787711295],[110.25409529067774,-7.755113787711295],[110.25409529067774,-7.756912221277846]]]],"type":"MultiPolygon"},"properties":{"Kelas":"Sangat Rendah"}},{"type":"Feature","geometry":{"coordinates":[[[[110.254994507461,-7.756912221277846],[110.25409529067774,-7.756912221277846],[110.25409529067774,-7.755113787711295],[110.25319607389446,-7.755113787711295],[110.2544026401642,-7.753811504030047],[110.254994507461,-7.756912221277846]]]],"type":"MultiPolygon"},"properties":{"Kelas":"Cukup Rendah"}},{"type":"Feature","geometry":{"coordinates":[[[[110.2774749270429,-7.756912221277846],[110.27477727669307,-7.756912221277846],[110.27477727669307,-7.756013004494569],[110.27567649347635,-7.756013004494569],[110.27657571025964,-7.756013004494569],[110.2774749270429,-7.756013004494569],[110.2774749270429,-7.756912221277846]]]],"type":"MultiPolygon"},"properties":{"Kelas":"Cukup Rendah"}},{"type":"Feature","geometry":{"coordinates":[[[[110.2855678780924,-7.756013004494569],[110.28583307679214,-7.753152897987608],[110.28710989437309,-7.754385808499052],[110.28736631165894,-7.750617703794914],[110.28886266458736,-7.750919784433046],[110.28952653947815,-7.752230849528194],[110.29096317879204,-7.75151692057819],[110.29096317879204,-7.752416137361466],[110.29096317879204,-7.753315354144743],[110.2927616123586,-7.753315354144743],[110.2927616123586,-7.754214570928019],[110.28849384520359,-7.754442887689397],[110.28590859695169,-7.757011451254908],[110.2855678780924,-7.756013004494569]]]],"type":"MultiPolygon"},"properties":{"Kelas":"Cukup Rendah"}},{"type":"Feature","geometry":{"coordinates":[[[[110.29456004592515,-7.756912221277846],[110.2927616123586,-7.756912221277846],[110.2927616123586,-7.755113787711295],[110.29366082914187,-7.755113787711295],[110.29456004592515,-7.755113787711295],[110.29456004592515,-7.756912221277846]]]],"type":"MultiPolygon"},"properties":{"Kelas":"Cukup Rendah"}},{"type":"Feature","geometry":{"coordinates":[[[[110.33322636760602,-7.756912221277846],[110.3296295004729,-7.756912221277846],[110.3296295004729,-7.755113787711295],[110.33232715082274,-7.755113787711295],[110.33232715082274,-7.75151692057819],[110.33322636760602,-7.75151692057819],[110.33322636760602,-7.756013004494569],[110.33412558438928,-7.756013004494569],[110.33412558438928,-7.756912221277846],[110.33322636760602,-7.756912221277846]]]],"type":"MultiPolygon"},"properties":{"Kelas":"Sedang"}},{"type":"Feature","geometry":{"coordinates":[[[[110.41595431166739,-7.756912221277846],[110.41505509488412,-7.756912221277846],[110.41325666131758,-7.756912221277846],[110.41325666131758,-7.756013004494569],[110.41595431166739,-7.756013004494569],[110.41595431166739,-7.756912221277846]]]],"type":"MultiPolygon"},"properties":{"Kelas":"Sedang"}},{"type":"Feature","geometry":{"coordinates":[[[[110.44652768229878,-7.756912221277846],[110.4456284655155,-7.756912221277846],[110.4456284655155,-7.756013004494569],[110.44742689908205,-7.756013004494569],[110.44742689908205,-7.756912221277846],[110.44652768229878,-7.756912221277846]]]],"type":"MultiPolygon"},"properties":{"Kelas":"Sedang"}},{"type":"Feature","geometry":{"coordinates":[[[[110.4905893046793,-7.756912221277846],[110.49096690547697,-7.75484507644598],[110.49148852146257,-7.756013004494569],[110.49148852146257,-7.756912221277846],[110.4905893046793,-7.756912221277846]]]],"type":"MultiPolygon"},"properties":{"Kelas":"Sangat Rendah"}},{"type":"Feature","geometry":{"coordinates":[[[[110.2478007731948,-7.757811438061122],[110.24690155641153,-7.757811438061122],[110.24690155641153,-7.755113787711295],[110.2478007731948,-7.755113787711295],[110.2478007731948,-7.756013004494569],[110.2478007731948,-7.757811438061122]]]],"type":"MultiPolygon"},"properties":{"Kelas":"Sedang"}},{"type":"Feature","geometry":{"coordinates":[[[[110.25049842354463,-7.757811438061122],[110.25049842354463,-7.756013004494569],[110.25175240944944,-7.756912221277846],[110.25049842354463,-7.757811438061122]]]],"type":"MultiPolygon"},"properties":{"Kelas":"Sangat Rendah"}},{"type":"Feature","geometry":{"coordinates":[[[[110.25319607389446,-7.757811438061122],[110.25204395239089,-7.757361829669485],[110.25319607389446,-7.756912221277846],[110.25319607389446,-7.757811438061122]]]],"type":"MultiPolygon"},"properties":{"Kelas":"Sangat Rendah"}},{"type":"Feature","geometry":{"coordinates":[[[[110.25409529067774,-7.757811438061122],[110.25319607389446,-7.757811438061122],[110.25319607389446,-7.756912221277846],[110.25409529067774,-7.756912221277846],[110.25409529067774,-7.757811438061122]]]],"type":"MultiPolygon"},"properties":{"Kelas":"Cukup Rendah"}},{"type":"Feature","geometry":{"coordinates":[[[[110.25409529067774,-7.757811438061122],[110.25409529067774,-7.756912221277846],[110.254994507461,-7.756912221277846],[110.254994507461,-7.757811438061122],[110.25409529067774,-7.757811438061122]]]],"type":"MultiPolygon"},"properties":{"Kelas":"Sedang"}},{"type":"Feature","geometry":{"coordinates":[[[[110.27837414382618,-7.757811438061122],[110.2738780599098,-7.757811438061122],[110.2738780599098,-7.756912221277846],[110.27477727669307,-7.756912221277846],[110.2774749270429,-7.756912221277846],[110.27837414382618,-7.756912221277846],[110.27837414382618,-7.757811438061122]]]],"type":"MultiPolygon"},"properties":{"Kelas":"Sedang"}},{"type":"Feature","geometry":{"coordinates":[[[[110.27927336060947,-7.757811438061122],[110.27837414382618,-7.757811438061122],[110.27837414382618,-7.756912221277846],[110.27891683520515,-7.755840888782146],[110.28107179417601,-7.756912221277846],[110.28107179417601,-7.757811438061122],[110.27927336060947,-7.757811438061122]]]],"type":"MultiPolygon"},"properties":{"Kelas":"Cukup Rendah"}},{"type":"Feature","geometry":{"coordinates":[[[[110.28287022774256,-7.757811438061122],[110.28197101095928,-7.757811438061122],[110.28197101095928,-7.756912221277846],[110.28287022774256,-7.756912221277846],[110.28287022774256,-7.757811438061122]]]],"type":"MultiPolygon"},"properties":{"Kelas":"Cukup Rendah"}},{"type":"Feature","geometry":{"coordinates":[[[[110.2927616123586,-7.757811438061122],[110.2927616123586,-7.756912221277846],[110.29456004592515,-7.756912221277846],[110.29456004592515,-7.757811438061122],[110.2927616123586,-7.757811438061122]]]],"type":"MultiPolygon"},"properties":{"Kelas":"Sangat Rendah"}},{"type":"Feature","geometry":{"coordinates":[[[[110.35480757040463,-7.757811438061122],[110.35480757040463,-7.756013004494569],[110.35606155630944,-7.756912221277846],[110.35480757040463,-7.757811438061122]]]],"type":"MultiPolygon"},"properties":{"Kelas":"Cukup Rendah"}},{"type":"Feature","geometry":{"coordinates":[[[[110.39527232565206,-7.757811438061122],[110.39406224681674,-7.757174785553431],[110.39488769972327,-7.754848589011539],[110.39527232565206,-7.757811438061122]]]],"type":"MultiPolygon"},"properties":{"Kelas":"Cukup Tinggi"}},{"type":"Feature","geometry":{"coordinates":[[[[110.39617154243533,-7.757811438061122],[110.39647362307346,-7.755415868349425],[110.39707075921861,-7.754214570928019],[110.39815789825931,-7.754764287438107],[110.39676867858047,-7.75750935742299],[110.39617154243533,-7.757811438061122]]]],"type":"MultiPolygon"},"properties":{"Kelas":"Cukup Rendah"}},{"type":"Feature","geometry":{"coordinates":[[[[110.41595431166739,-7.757811438061122],[110.41505509488412,-7.757811438061122],[110.41505509488412,-7.756912221277846],[110.41595431166739,-7.756912221277846],[110.41595431166739,-7.757811438061122]]]],"type":"MultiPolygon"},"properties":{"Kelas":"Cukup Rendah"}},{"type":"Feature","geometry":{"coordinates":[[[[110.42854334663326,-7.757811438061122],[110.42885069611972,-7.756715517606505],[110.42963926708788,-7.757503210433262],[110.42854334663326,-7.757811438061122]]]],"type":"MultiPolygon"},"properties":{"Kelas":"Sedang"}},{"type":"Feature","geometry":{"coordinates":[[[[110.46631045153084,-7.757811438061122],[110.46631045153084,-7.756912221277846],[110.46720966831413,-7.756912221277846],[110.46720966831413,-7.757811438061122],[110.46631045153084,-7.757811438061122]]]],"type":"MultiPolygon"},"properties":{"Kelas":"Sedang"}},{"type":"Feature","geometry":{"coordinates":[[[[110.4916992,-7.7548656],[110.4916992,-7.754981],[110.4916992,-7.7550726],[110.4916992,-7.7551053],[110.4916992,-7.7551241],[110.4917069,-7.7552702],[110.4917069,-7.7552709],[110.4917067,-7.7552999],[110.4917068,-7.7553028],[110.4917069,-7.7553036],[110.4917021109288,-7.756013004494569],[110.49148852146257,-7.756013004494569],[110.49096690547697,-7.75484507644598],[110.4905893046793,-7.756912221277846],[110.4905893046793,-7.757811438061122],[110.48879087111274,-7.757811438061122],[110.48931248709836,-7.75473706505502],[110.4916992,-7.75433155558144],[110.4916992,-7.7548656]]]],"type":"MultiPolygon"},"properties":{"Kelas":"Cukup Rendah"}},{"type":"Feature","geometry":{"coordinates":[[[[110.2188496,-7.7585981],[110.2186817,-7.7583849],[110.2186054,-7.7580407],[110.21868106227348,-7.757811438061122],[110.21902583612997,-7.757811438061122],[110.21902583612997,-7.758682559849617],[110.2188496,-7.7585981]]]],"type":"MultiPolygon"},"properties":{"Kelas":"Tinggi"}},{"type":"Feature","geometry":{"coordinates":[[[[110.25409529067774,-7.758710654844398],[110.25319607389446,-7.758710654844398],[110.25319607389446,-7.757811438061122],[110.25409529067774,-7.757811438061122],[110.25409529067774,-7.758710654844398]]]],"type":"MultiPolygon"},"properties":{"Kelas":"Sedang"}},{"type":"Feature","geometry":{"coordinates":[[[[110.25589372424429,-7.758710654844398],[110.25409529067774,-7.758710654844398],[110.25409529067774,-7.757811438061122],[110.254994507461,-7.757811438061122],[110.254994507461,-7.756912221277846],[110.25589372424429,-7.756912221277846],[110.25589372424429,-7.758710654844398]]]],"type":"MultiPolygon"},"properties":{"Kelas":"Cukup Tinggi"}},{"type":"Feature","geometry":{"coordinates":[[[[110.25679294102756,-7.758710654844398],[110.25589372424429,-7.758710654844398],[110.25589372424429,-7.756912221277846],[110.254994507461,-7.756912221277846],[110.2544026401642,-7.753811504030047],[110.25319607389446,-7.755113787711295],[110.25049842354463,-7.755113787711295],[110.25049842354463,-7.754214570928019],[110.25139764032791,-7.754214570928019],[110.25229685711119,-7.754214570928019],[110.25229685711119,-7.753315354144743],[110.25469242682288,-7.75301327350661],[110.25589372424429,-7.752416137361466],[110.25589372424429,-7.753315354144743],[110.25679294102756,-7.753315354144743],[110.25606935252227,-7.754773068852007],[110.25816811044417,-7.755415868349425],[110.25859137459412,-7.753315354144743],[110.25859137459412,-7.752416137361466],[110.25949059137739,-7.752416137361466],[110.26128902494395,-7.752416137361466],[110.26128902494395,-7.750617703794914],[110.26244114644751,-7.750168095403277],[110.26128902494395,-7.74971848701164],[110.26128902494395,-7.744323186311984],[110.26218824172722,-7.744323186311984],[110.2630874585105,-7.744323186311984],[110.2630874585105,-7.745222403095259],[110.2630874585105,-7.746121619878535],[110.2630874585105,-7.747020836661811],[110.2630874585105,-7.748819270228363],[110.26398667529376,-7.748819270228363],[110.26398667529376,-7.753315354144743],[110.26128902494395,-7.753315354144743],[110.26128902494395,-7.755113787711295],[110.25829807536988,-7.756613653205275],[110.25769215781084,-7.757811438061122],[110.25679294102756,-7.757811438061122],[110.25679294102756,-7.758710654844398]]]],"type":"MultiPolygon"},"properties":{"Kelas":"Sedang"}},{"type":"Feature","geometry":{"coordinates":[[[[110.25769215781084,-7.758710654844398],[110.25679294102756,-7.758710654844398],[110.25679294102756,-7.757811438061122],[110.25769215781084,-7.757811438061122],[110.25769215781084,-7.758710654844398]]]],"type":"MultiPolygon"},"properties":{"Kelas":"Cukup Rendah"}},{"type":"Feature","geometry":{"coordinates":[[[[110.25769215781084,-7.758710654844398],[110.25769215781084,-7.757811438061122],[110.25884427931442,-7.758261046452761],[110.25769215781084,-7.758710654844398]]]],"type":"MultiPolygon"},"properties":{"Kelas":"Sangat Rendah"}},{"type":"Feature","geometry":{"coordinates":[[[[110.2927616123586,-7.758710654844398],[110.29160949085502,-7.758261046452761],[110.2927616123586,-7.757811438061122],[110.2927616123586,-7.758710654844398]]]],"type":"MultiPolygon"},"properties":{"Kelas":"Sangat Rendah"}},{"type":"Feature","geometry":{"coordinates":[[[[110.34581540257187,-7.757811438061122],[110.34635633766807,-7.757028135941315],[110.35031148648825,-7.756013004494569],[110.34968624981863,-7.757248549430185],[110.347162471464,-7.758481459941629],[110.34581540257187,-7.757811438061122]]]],"type":"MultiPolygon"},"properties":{"Kelas":"Sangat Rendah"}},{"type":"Feature","geometry":{"coordinates":[[[[110.41595431166739,-7.758710654844398],[110.41505509488412,-7.758710654844398],[110.41505509488412,-7.757811438061122],[110.41595431166739,-7.757811438061122],[110.41595431166739,-7.758710654844398]]]],"type":"MultiPolygon"},"properties":{"Kelas":"Sedang"}},{"type":"Feature","geometry":{"coordinates":[[[[110.44383003194895,-7.758710654844398],[110.44383003194895,-7.757811438061122],[110.44472924873223,-7.757811438061122],[110.44472924873223,-7.758710654844398],[110.44383003194895,-7.758710654844398]]]],"type":"MultiPolygon"},"properties":{"Kelas":"Sedang"}},{"type":"Feature","geometry":{"coordinates":[[[[110.46990731866396,-7.758710654844398],[110.46900810188068,-7.758710654844398],[110.46900810188068,-7.757811438061122],[110.46990731866396,-7.757811438061122],[110.46990731866396,-7.758710654844398]]]],"type":"MultiPolygon"},"properties":{"Kelas":"Sangat Rendah"}},{"type":"Feature","geometry":{"coordinates":[[[[110.48699243754619,-7.758710654844398],[110.4849973003083,-7.758419990044334],[110.48670967601863,-7.756767327948509],[110.48699243754619,-7.758710654844398]]]],"type":"MultiPolygon"},"properties":{"Kelas":"Cukup Tinggi"}},{"type":"Feature","geometry":{"coordinates":[[[[110.2199177,-7.7587311],[110.2196201,-7.7586815],[110.2191242,-7.7587297],[110.21902583612997,-7.758682559849617],[110.21902583612997,-7.757811438061122],[110.21868106227348,-7.757811438061122],[110.2187351,-7.7576477],[110.2188223,-7.7574932],[110.2191013,-7.7569983],[110.2191043,-7.7569916],[110.2191559,-7.7568769],[110.2192473,-7.7566739],[110.2193014,-7.7565539],[110.2195155,-7.7560004],[110.219813,-7.7555417],[110.2200953,-7.7552146],[110.2203242,-7.7549037],[110.2204081,-7.754691],[110.2202937,-7.7544779],[110.2199504,-7.754084],[110.2195876,-7.7537204],[110.2195555,-7.7536933],[110.219228,-7.7534173],[110.2190281,-7.7532467],[110.2187855,-7.7530397],[110.2183735,-7.7527931],[110.21812661934669,-7.752567419848543],[110.21812661934669,-7.752416137361466],[110.21812661934669,-7.75151692057819],[110.2178242,-7.75151692057819],[110.2178242,-7.7514322],[110.217885,-7.7512842],[110.2179387,-7.7511538],[110.2183506,-7.750696],[110.2187779,-7.7502706],[110.2190068,-7.7501562],[110.2191975,-7.7500403],[110.2193806,-7.7495106],[110.2194874,-7.7487467],[110.2195484,-7.7477768],[110.2194111,-7.7470744],[110.2190983,-7.7465165],[110.21898,-7.7462943],[110.2187245,-7.7458141],[110.2183583,-7.7451942],[110.2180455,-7.7448013],[110.21733158585127,-7.744323186311984],[110.21902583612997,-7.744323186311984],[110.21902583612997,-7.745222403095259],[110.21992505291325,-7.745222403095259],[110.2193718238376,-7.751874324123888],[110.22047652570612,-7.753852776675373],[110.22021835213748,-7.757060627172743],[110.22082426969652,-7.758710654844398],[110.21992505291325,-7.758710654844398],[110.21992505291325,-7.758735147588057],[110.2199177,-7.7587311]]],[[[110.2167835,-7.7437044],[110.2161426,-7.7425266],[110.2160205,-7.7416392],[110.2161273,-7.7401944],[110.2163181,-7.739059],[110.2164859,-7.7383166],[110.2168369,-7.7377596],[110.2175235,-7.7371417],[110.2188052,-7.7364626],[110.2200717,-7.7358066],[110.2200744,-7.7358052],[110.2210938,-7.7352761],[110.2213046,-7.7345269],[110.2215115,-7.7338645],[110.2215129,-7.7338601],[110.221795,-7.7328618],[110.221856,-7.7325452],[110.2219323,-7.7321919],[110.2220315,-7.7312425],[110.2222451,-7.7300246],[110.22280658092177,-7.728137284213018],[110.22352192004635,-7.728137284213018],[110.2229247839012,-7.729338581634424],[110.22262270326308,-7.733532584912673],[110.2217234864798,-7.733532584912673],[110.2217234864798,-7.734431801695949],[110.22103853619566,-7.735544406836974],[110.21784034525359,-7.73751495611595],[110.21663026641828,-7.741192612256926],[110.21722740256342,-7.742524752745432],[110.21722740256342,-7.74421798993836],[110.2167835,-7.7437044]]]],"type":"MultiPolygon"},"properties":{"Kelas":"Cukup Tinggi"}},{"type":"Feature","geometry":{"coordinates":[[[[110.2442039060617,-7.759609871627674],[110.24473605974399,-7.757444374960137],[110.24510312284498,-7.755113787711295],[110.24690155641153,-7.755113787711295],[110.24690155641153,-7.757811438061122],[110.24600233962825,-7.757811438061122],[110.24600233962825,-7.759609871627674],[110.2442039060617,-7.759609871627674]]]],"type":"MultiPolygon"},"properties":{"Kelas":"Cukup Tinggi"}},{"type":"Feature","geometry":{"coordinates":[[[[110.27927336060947,-7.758710654844398],[110.27927336060947,-7.757811438061122],[110.28107179417601,-7.757811438061122],[110.28107179417601,-7.756912221277846],[110.28197101095928,-7.756912221277846],[110.28197101095928,-7.757811438061122],[110.28287022774256,-7.757811438061122],[110.28243993846151,-7.759488688115866],[110.27927336060947,-7.758710654844398]]]],"type":"MultiPolygon"},"properties":{"Kelas":"Sedang"}},{"type":"Feature","geometry":{"coordinates":[[[[110.2927616123586,-7.759609871627674],[110.2927616123586,-7.758710654844398],[110.29391373386217,-7.759160263236035],[110.2927616123586,-7.759609871627674]]]],"type":"MultiPolygon"},"properties":{"Kelas":"Sangat Rendah"}},{"type":"Feature","geometry":{"coordinates":[[[[110.33052871725619,-7.759609871627674],[110.32873028368964,-7.758710654844398],[110.3296295004729,-7.756912221277846],[110.33322636760602,-7.756912221277846],[110.33322636760602,-7.758710654844398],[110.33052871725619,-7.758710654844398],[110.33052871725619,-7.759609871627674]]]],"type":"MultiPolygon"},"properties":{"Kelas":"Cukup Tinggi"}},{"type":"Feature","geometry":{"coordinates":[[[[110.33322636760602,-7.759609871627674],[110.33052871725619,-7.759609871627674],[110.33052871725619,-7.758710654844398],[110.33322636760602,-7.758710654844398],[110.33437848910958,-7.759160263236035],[110.33322636760602,-7.759609871627674]]]],"type":"MultiPolygon"},"properties":{"Kelas":"Sedang"}},{"type":"Feature","geometry":{"coordinates":[[[[110.3934738920855,-7.759609871627674],[110.39257467530223,-7.759609871627674],[110.39257467530223,-7.757811438061122],[110.3934738920855,-7.757811438061122],[110.3934738920855,-7.759609871627674]]]],"type":"MultiPolygon"},"properties":{"Kelas":"Cukup Rendah"}},{"type":"Feature","geometry":{"coordinates":[[[[110.41595431166739,-7.759609871627674],[110.41505509488412,-7.759609871627674],[110.41505509488412,-7.758710654844398],[110.41595431166739,-7.758710654844398],[110.41595431166739,-7.759609871627674]]]],"type":"MultiPolygon"},"properties":{"Kelas":"Cukup Tinggi"}},{"type":"Feature","geometry":{"coordinates":[[[[110.46631045153084,-7.759609871627674],[110.46541123474756,-7.759609871627674],[110.46541123474756,-7.758710654844398],[110.46631045153084,-7.758710654844398],[110.46631045153084,-7.759609871627674]]]],"type":"MultiPolygon"},"properties":{"Kelas":"Sangat Rendah"}},{"type":"Feature","geometry":{"coordinates":[[[[110.2478007731948,-7.76050908841095],[110.24690155641153,-7.76050908841095],[110.24690155641153,-7.757811438061122],[110.2478007731948,-7.757811438061122],[110.2478007731948,-7.76050908841095]]]],"type":"MultiPolygon"},"properties":{"Kelas":"Cukup Rendah"}},{"type":"Feature","geometry":{"coordinates":[[[[110.24959920676136,-7.76050908841095],[110.2478007731948,-7.76050908841095],[110.2478007731948,-7.757811438061122],[110.24914959836971,-7.757140538039225],[110.25049842354463,-7.757811438061122],[110.24990128739948,-7.75901273548253],[110.24959920676136,-7.76050908841095]]]],"type":"MultiPolygon"},"properties":{"Kelas":"Sangat Rendah"}},{"type":"Feature","geometry":{"coordinates":[[[[110.24959920676136,-7.76050908841095],[110.24990128739948,-7.75901273548253],[110.25049842354463,-7.757811438061122],[110.25175240944944,-7.756912221277846],[110.25049842354463,-7.756013004494569],[110.25049842354463,-7.755113787711295],[110.25319607389446,-7.755113787711295],[110.25319607389446,-7.756912221277846],[110.25204395239089,-7.757361829669485],[110.25319607389446,-7.757811438061122],[110.25319607389446,-7.758710654844398],[110.25139764032791,-7.758710654844398],[110.25139764032791,-7.76050908841095],[110.24959920676136,-7.76050908841095]]]],"type":"MultiPolygon"},"properties":{"Kelas":"Cukup Rendah"}},{"type":"Feature","geometry":{"coordinates":[[[[110.25229685711119,-7.76050908841095],[110.25319607389446,-7.758710654844398],[110.25409529067774,-7.758710654844398],[110.25409529067774,-7.76050908841095],[110.25229685711119,-7.76050908841095]]]],"type":"MultiPolygon"},"properties":{"Kelas":"Cukup Tinggi"}},{"type":"Feature","geometry":{"coordinates":[[[[110.28376944452584,-7.76050908841095],[110.28287022774256,-7.76050908841095],[110.28107179417601,-7.76050908841095],[110.27987752188572,-7.759904927134686],[110.27927336060947,-7.758710654844398],[110.28243993846151,-7.759488688115866],[110.28287022774256,-7.757811438061122],[110.28529916682707,-7.758194307707127],[110.28376944452584,-7.76050908841095]]]],"type":"MultiPolygon"},"properties":{"Kelas":"Cukup Tinggi"}},{"type":"Feature","geometry":{"coordinates":[[[[110.32693185012309,-7.76050908841095],[110.32473298408273,-7.759880339175769],[110.32721285536786,-7.757445253101526],[110.32783106690636,-7.759609871627674],[110.32693185012309,-7.759609871627674],[110.32693185012309,-7.76050908841095]]]],"type":"MultiPolygon"},"properties":{"Kelas":"Cukup Rendah"}},{"type":"Feature","geometry":{"coordinates":[[[[110.34761383613844,-7.76050908841095],[110.34621759132845,-7.759803062733456],[110.34581540257187,-7.757811438061122],[110.347162471464,-7.758481459941629],[110.34968624981863,-7.757248549430185],[110.35031148648825,-7.756013004494569],[110.3521099200548,-7.756013004494569],[110.3521099200548,-7.758710654844398],[110.34941226970498,-7.758710654844398],[110.34941226970498,-7.76050908841095],[110.34761383613844,-7.76050908841095]]]],"type":"MultiPolygon"},"properties":{"Kelas":"Cukup Rendah"}},{"type":"Feature","geometry":{"coordinates":[[[[110.3934738920855,-7.76050908841095],[110.39167545851895,-7.76050908841095],[110.39167545851895,-7.759609871627674],[110.39257467530223,-7.759609871627674],[110.3934738920855,-7.759609871627674],[110.3934738920855,-7.76050908841095]]]],"type":"MultiPolygon"},"properties":{"Kelas":"Sangat Rendah"}},{"type":"Feature","geometry":{"coordinates":[[[[110.3934738920855,-7.76050908841095],[110.3934738920855,-7.759609871627674],[110.39462601358908,-7.760059480019311],[110.3934738920855,-7.76050908841095]]]],"type":"MultiPolygon"},"properties":{"Kelas":"Cukup Rendah"}},{"type":"Feature","geometry":{"coordinates":[[[[110.46541123474756,-7.759609871627674],[110.46631045153084,-7.759609871627674],[110.46586084313921,-7.760761993131245],[110.46541123474756,-7.759609871627674]]]],"type":"MultiPolygon"},"properties":{"Kelas":"Cukup Rendah"}},{"type":"Feature","geometry":{"coordinates":[[[[110.46900810188068,-7.76050908841095],[110.46900810188068,-7.759609871627674],[110.46631045153084,-7.759609871627674],[110.46631045153084,-7.758710654844398],[110.46631045153084,-7.757811438061122],[110.46720966831413,-7.757811438061122],[110.46720966831413,-7.756912221277846],[110.46720966831413,-7.756013004494569],[110.4681088850974,-7.756013004494569],[110.46900810188068,-7.756013004494569],[110.46900810188068,-7.757811438061122],[110.46900810188068,-7.758710654844398],[110.46990731866396,-7.758710654844398],[110.46990731866396,-7.76050908841095],[110.46900810188068,-7.76050908841095]]]],"type":"MultiPolygon"},"properties":{"Kelas":"Cukup Rendah"}},{"type":"Feature","geometry":{"coordinates":[[[[110.2213681,-7.759375],[110.2213139,-7.7593401],[110.2208027,-7.7591097],[110.2202763,-7.7589285],[110.21992505291325,-7.758735147588057],[110.21992505291325,-7.758710654844398],[110.22082426969652,-7.758710654844398],[110.2217234864798,-7.758710654844398],[110.2217234864798,-7.759604655093542],[110.2213681,-7.759375]]]],"type":"MultiPolygon"},"properties":{"Kelas":"Sedang"}},{"type":"Feature","geometry":{"coordinates":[[[[110.2218708,-7.7613237],[110.2219853,-7.7608325],[110.22202664648087,-7.76062739475283],[110.22287560798337,-7.760958696802588],[110.22184471533217,-7.761360996373792],[110.2218708,-7.7613237]]]],"type":"MultiPolygon"},"properties":{"Kelas":"Cukup Tinggi"}},{"type":"Feature","geometry":{"coordinates":[[[[110.28107179417601,-7.761408305194225],[110.27704990661019,-7.760847172846068],[110.27927336060947,-7.758710654844398],[110.27987752188572,-7.759904927134686],[110.28107179417601,-7.76050908841095],[110.28107179417601,-7.761408305194225]]]],"type":"MultiPolygon"},"properties":{"Kelas":"Tinggi"}},{"type":"Feature","geometry":{"coordinates":[[[[110.28376944452584,-7.76050908841095],[110.28529916682707,-7.758194307707127],[110.28287022774256,-7.757811438061122],[110.28287022774256,-7.756912221277846],[110.28323026571243,-7.756199170469232],[110.28422080920026,-7.756683026375077],[110.2855678780924,-7.756013004494569],[110.28590859695169,-7.757011451254908],[110.28849384520359,-7.754442887689397],[110.2927616123586,-7.754214570928019],[110.29366082914187,-7.754214570928019],[110.29366082914187,-7.755113787711295],[110.2927616123586,-7.755113787711295],[110.2927616123586,-7.756912221277846],[110.29052762066264,-7.757419787001218],[110.28899438579585,-7.757229230319606],[110.2842085152208,-7.761057048638259],[110.28376944452584,-7.76050908841095]]]],"type":"MultiPolygon"},"properties":{"Kelas":"Sedang"}},{"type":"Feature","geometry":{"coordinates":[[[[110.33142793403947,-7.761408305194225],[110.33052871725619,-7.761408305194225],[110.33052871725619,-7.759609871627674],[110.33322636760602,-7.759609871627674],[110.33322636760602,-7.76050908841095],[110.33232715082274,-7.76050908841095],[110.33142793403947,-7.76050908841095],[110.33142793403947,-7.761408305194225]]]],"type":"MultiPolygon"},"properties":{"Kelas":"Cukup Rendah"}},{"type":"Feature","geometry":{"coordinates":[[[[110.33232715082274,-7.761408305194225],[110.33142793403947,-7.761408305194225],[110.33142793403947,-7.76050908841095],[110.33232715082274,-7.76050908841095],[110.33232715082274,-7.761408305194225]]]],"type":"MultiPolygon"},"properties":{"Kelas":"Sangat Rendah"}},{"type":"Feature","geometry":{"coordinates":[[[[110.35300913683808,-7.761408305194225],[110.35300913683808,-7.76050908841095],[110.35390835362136,-7.76050908841095],[110.35390835362136,-7.761408305194225],[110.35300913683808,-7.761408305194225]]]],"type":"MultiPolygon"},"properties":{"Kelas":"Cukup Rendah"}},{"type":"Feature","geometry":{"coordinates":[[[[110.44383003194895,-7.761408305194225],[110.44293081516568,-7.761408305194225],[110.44293081516568,-7.758710654844398],[110.44383003194895,-7.758710654844398],[110.44472924873223,-7.758710654844398],[110.44472924873223,-7.757811438061122],[110.4456284655155,-7.757811438061122],[110.4456284655155,-7.756912221277846],[110.44652768229878,-7.756912221277846],[110.44613603123888,-7.758319003784495],[110.44383003194895,-7.761408305194225]]]],"type":"MultiPolygon"},"properties":{"Kelas":"Cukup Tinggi"}},{"type":"Feature","geometry":{"coordinates":[[[[110.46900810188068,-7.761408305194225],[110.4681088850974,-7.761408305194225],[110.4681088850974,-7.76050908841095],[110.46900810188068,-7.76050908841095],[110.46900810188068,-7.761408305194225]]]],"type":"MultiPolygon"},"properties":{"Kelas":"Cukup Tinggi"}},{"type":"Feature","geometry":{"coordinates":[[[[110.24690155641153,-7.762307521977501],[110.24580563595691,-7.761999294349641],[110.24659420692505,-7.761211601522884],[110.24690155641153,-7.762307521977501]]]],"type":"MultiPolygon"},"properties":{"Kelas":"Cukup Rendah"}},{"type":"Feature","geometry":{"coordinates":[[[[110.27477727669307,-7.762307521977501],[110.27477727669307,-7.76050908841095],[110.27603126259788,-7.761408305194225],[110.27477727669307,-7.762307521977501]]]],"type":"MultiPolygon"},"properties":{"Kelas":"Cukup Rendah"}},{"type":"Feature","geometry":{"coordinates":[[[[110.32783106690636,-7.762307521977501],[110.32693185012309,-7.762307521977501],[110.32693185012309,-7.761408305194225],[110.32783106690636,-7.761408305194225],[110.32783106690636,-7.762307521977501]]]],"type":"MultiPolygon"},"properties":{"Kelas":"Cukup Rendah"}},{"type":"Feature","geometry":{"coordinates":[[[[110.33142793403947,-7.762307521977501],[110.33142793403947,-7.761408305194225],[110.33232715082274,-7.761408305194225],[110.33232715082274,-7.762307521977501],[110.33142793403947,-7.762307521977501]]]],"type":"MultiPolygon"},"properties":{"Kelas":"Cukup Rendah"}},{"type":"Feature","geometry":{"coordinates":[[[[110.39167545851895,-7.762307521977501],[110.39167545851895,-7.76050908841095],[110.3934738920855,-7.76050908841095],[110.39286973080924,-7.761703360701238],[110.39167545851895,-7.762307521977501]]]],"type":"MultiPolygon"},"properties":{"Kelas":"Cukup Rendah"}},{"type":"Feature","geometry":{"coordinates":[[[[110.4681088850974,-7.762307521977501],[110.4681088850974,-7.761408305194225],[110.46900810188068,-7.761408305194225],[110.46900810188068,-7.762307521977501],[110.4681088850974,-7.762307521977501]]]],"type":"MultiPolygon"},"properties":{"Kelas":"Sedang"}},{"type":"Feature","geometry":{"coordinates":[[[[110.2195897,-7.7631228],[110.2196583,-7.7629583],[110.2197651,-7.7628434],[110.21992505291325,-7.762763737998641],[110.21992505291325,-7.763206738760777],[110.21957826399786,-7.763206738760777],[110.2195897,-7.7631228]]]],"type":"MultiPolygon"},"properties":{"Kelas":"Sedang"}},{"type":"Feature","geometry":{"coordinates":[[[[110.25049842354463,-7.763206738760777],[110.24869998997808,-7.763206738760777],[110.2490284148579,-7.761576908341089],[110.25049842354463,-7.762307521977501],[110.25049842354463,-7.763206738760777]]]],"type":"MultiPolygon"},"properties":{"Kelas":"Cukup Tinggi"}},{"type":"Feature","geometry":{"coordinates":[[[[110.27837414382618,-7.763206738760777],[110.2774749270429,-7.763206738760777],[110.27687779089777,-7.762005441339371],[110.2762736296215,-7.75901273548253],[110.2738780599098,-7.758710654844398],[110.2738780599098,-7.757811438061122],[110.27837414382618,-7.757811438061122],[110.27927336060947,-7.757811438061122],[110.27927336060947,-7.758710654844398],[110.27704990661019,-7.760847172846068],[110.28107179417601,-7.761408305194225],[110.28107179417601,-7.762307521977501],[110.28017257739273,-7.762307521977501],[110.27837414382618,-7.762307521977501],[110.27837414382618,-7.763206738760777]]]],"type":"MultiPolygon"},"properties":{"Kelas":"Cukup Tinggi"}},{"type":"Feature","geometry":{"coordinates":[[[[110.28017257739273,-7.763206738760777],[110.27837414382618,-7.763206738760777],[110.27837414382618,-7.762307521977501],[110.28017257739273,-7.762307521977501],[110.28017257739273,-7.763206738760777]]]],"type":"MultiPolygon"},"properties":{"Kelas":"Sedang"}},{"type":"Feature","geometry":{"coordinates":[[[[110.2855678780924,-7.763206738760777],[110.28619487104478,-7.760760236848466],[110.28916474522549,-7.758710654844398],[110.28893642846411,-7.760280771649571],[110.2873786056384,-7.761855279161693],[110.28842886274074,-7.762941540061023],[110.2855678780924,-7.763206738760777]]]],"type":"MultiPolygon"},"properties":{"Kelas":"Sangat Rendah"}},{"type":"Feature","geometry":{"coordinates":[[[[110.32783106690636,-7.763206738760777],[110.32693185012309,-7.763206738760777],[110.32693185012309,-7.762307521977501],[110.32783106690636,-7.762307521977501],[110.32783106690636,-7.763206738760777]]]],"type":"MultiPolygon"},"properties":{"Kelas":"Sangat Rendah"}},{"type":"Feature","geometry":{"coordinates":[[[[110.32873028368964,-7.763206738760777],[110.32783106690636,-7.763206738760777],[110.32783106690636,-7.762307521977501],[110.32873028368964,-7.762307521977501],[110.32873028368964,-7.763206738760777]]]],"type":"MultiPolygon"},"properties":{"Kelas":"Cukup Rendah"}},{"type":"Feature","geometry":{"coordinates":[[[[110.34941226970498,-7.763206738760777],[110.3485130529217,-7.763206738760777],[110.3485130529217,-7.762307521977501],[110.34941226970498,-7.762307521977501],[110.34941226970498,-7.763206738760777]]]],"type":"MultiPolygon"},"properties":{"Kelas":"Cukup Rendah"}},{"type":"Feature","geometry":{"coordinates":[[[[110.35300913683808,-7.763206738760777],[110.35175515093329,-7.762307521977501],[110.35300913683808,-7.761408305194225],[110.35300913683808,-7.763206738760777]]]],"type":"MultiPolygon"},"properties":{"Kelas":"Cukup Rendah"}},{"type":"Feature","geometry":{"coordinates":[[[[110.42944256341653,-7.763206738760777],[110.42854334663326,-7.763206738760777],[110.42854334663326,-7.76050908841095],[110.42944256341653,-7.76050908841095],[110.42944256341653,-7.763206738760777]]]],"type":"MultiPolygon"},"properties":{"Kelas":"Cukup Rendah"}},{"type":"Feature","geometry":{"coordinates":[[[[110.46720966831413,-7.763206738760777],[110.46589596879481,-7.762074814509173],[110.4681088850974,-7.761408305194225],[110.4681088850974,-7.762307521977501],[110.4681088850974,-7.763206738760777],[110.46720966831413,-7.763206738760777]]]],"type":"MultiPolygon"},"properties":{"Kelas":"Cukup Tinggi"}},{"type":"Feature","geometry":{"coordinates":[[[[110.48879087111274,-7.763206738760777],[110.48699243754619,-7.76050908841095],[110.48969008789602,-7.76050908841095],[110.48969008789602,-7.763206738760777],[110.48879087111274,-7.763206738760777]]]],"type":"MultiPolygon"},"properties":{"Kelas":"Sedang"}},{"type":"Feature","geometry":{"coordinates":[[[[110.2478007731948,-7.764105955544053],[110.24421444375838,-7.762307521977501],[110.24487304980082,-7.760957818661197],[110.2442039060617,-7.759609871627674],[110.24600233962825,-7.759609871627674],[110.24600233962825,-7.757811438061122],[110.24690155641153,-7.757811438061122],[110.24690155641153,-7.76050908841095],[110.2478007731948,-7.76050908841095],[110.24959920676136,-7.76050908841095],[110.25139764032791,-7.76050908841095],[110.25139764032791,-7.758710654844398],[110.25319607389446,-7.758710654844398],[110.25229685711119,-7.76050908841095],[110.25229685711119,-7.762307521977501],[110.25049842354463,-7.762307521977501],[110.2490284148579,-7.761576908341089],[110.24869998997808,-7.763206738760777],[110.2478007731948,-7.763206738760777],[110.2478007731948,-7.764105955544053]],[[110.24690155641153,-7.762307521977501],[110.24659420692505,-7.761211601522884],[110.24580563595691,-7.761999294349641],[110.24690155641153,-7.762307521977501]]]],"type":"MultiPolygon"},"properties":{"Kelas":"Sedang"}},{"type":"Feature","geometry":{"coordinates":[[[[110.28017257739273,-7.764105955544053],[110.28017257739273,-7.763206738760777],[110.28132469889631,-7.763656347152416],[110.28017257739273,-7.764105955544053]]]],"type":"MultiPolygon"},"properties":{"Kelas":"Sangat Rendah"}},{"type":"Feature","geometry":{"coordinates":[[[[110.28287022774256,-7.764105955544053],[110.28197101095928,-7.764105955544053],[110.28197101095928,-7.761408305194225],[110.28287022774256,-7.761408305194225],[110.28287022774256,-7.764105955544053]]]],"type":"MultiPolygon"},"properties":{"Kelas":"Sangat Rendah"}},{"type":"Feature","geometry":{"coordinates":[[[[110.28376944452584,-7.764105955544053],[110.28287022774256,-7.764105955544053],[110.28287022774256,-7.761408305194225],[110.28287022774256,-7.76050908841095],[110.28376944452584,-7.76050908841095],[110.2842085152208,-7.761057048638259],[110.28899438579585,-7.757229230319606],[110.29052762066264,-7.757419787001218],[110.2927616123586,-7.756912221277846],[110.2927616123586,-7.757811438061122],[110.29160949085502,-7.758261046452761],[110.2927616123586,-7.758710654844398],[110.2927616123586,-7.759609871627674],[110.29060665338774,-7.760681204123374],[110.28976188137064,-7.75901273548253],[110.28916474522549,-7.758710654844398],[110.28619487104478,-7.760760236848466],[110.2855678780924,-7.763206738760777],[110.28376944452584,-7.763206738760777],[110.28376944452584,-7.764105955544053]]]],"type":"MultiPolygon"},"properties":{"Kelas":"Cukup Rendah"}},{"type":"Feature","geometry":{"coordinates":[[[[110.32873028368964,-7.763206738760777],[110.32982620414425,-7.763514966388639],[110.3290376331761,-7.764302659215394],[110.32873028368964,-7.763206738760777]]]],"type":"MultiPolygon"},"properties":{"Kelas":"Cukup Tinggi"}},{"type":"Feature","geometry":{"coordinates":[[[[110.42674491306671,-7.764105955544053],[110.4246110294892,-7.762397092399274],[110.42584569628343,-7.761408305194225],[110.42644283242858,-7.762609602615633],[110.42674491306671,-7.764105955544053]]]],"type":"MultiPolygon"},"properties":{"Kelas":"Cukup Rendah"}},{"type":"Feature","geometry":{"coordinates":[[[[110.43034178019981,-7.764105955544053],[110.42944256341653,-7.764105955544053],[110.42944256341653,-7.763206738760777],[110.43034178019981,-7.763206738760777],[110.43034178019981,-7.764105955544053]]]],"type":"MultiPolygon"},"properties":{"Kelas":"Cukup Rendah"}},{"type":"Feature","geometry":{"coordinates":[[[[110.43034178019981,-7.764105955544053],[110.43034178019981,-7.763206738760777],[110.43149390170339,-7.763656347152416],[110.43034178019981,-7.764105955544053]]]],"type":"MultiPolygon"},"properties":{"Kelas":"Sangat Rendah"}},{"type":"Feature","geometry":{"coordinates":[[[[110.46271358439775,-7.764105955544053],[110.46214279249429,-7.761781515284941],[110.4645120179643,-7.761408305194225],[110.4645120179643,-7.764105955544053],[110.46271358439775,-7.764105955544053]]]],"type":"MultiPolygon"},"properties":{"Kelas":"Sangat Rendah"}},{"type":"Feature","geometry":{"coordinates":[[[[110.21986506937404,-7.764105955544053],[110.21992505291325,-7.764105955544053],[110.21992505291325,-7.764196046472646],[110.21986506937404,-7.764105955544053]]]],"type":"MultiPolygon"},"properties":{"Kelas":"Sedang"}},{"type":"Feature","geometry":{"coordinates":[[[[110.25409529067774,-7.76500517232733],[110.25319607389446,-7.76500517232733],[110.25364568228609,-7.763853050823757],[110.25409529067774,-7.76500517232733]]]],"type":"MultiPolygon"},"properties":{"Kelas":"Sangat Rendah"}},{"type":"Feature","geometry":{"coordinates":[[[[110.26848275921014,-7.76500517232733],[110.26733063770658,-7.764555563935691],[110.26848275921014,-7.764105955544053],[110.26848275921014,-7.76500517232733]]]],"type":"MultiPolygon"},"properties":{"Kelas":"Sangat Rendah"}},{"type":"Feature","geometry":{"coordinates":[[[[110.26938197599343,-7.76500517232733],[110.26848275921014,-7.76500517232733],[110.26848275921014,-7.764105955544053],[110.26938197599343,-7.764105955544053],[110.26938197599343,-7.76500517232733]]]],"type":"MultiPolygon"},"properties":{"Kelas":"Cukup Rendah"}},{"type":"Feature","geometry":{"coordinates":[[[[110.27207962634326,-7.76500517232733],[110.27118040955997,-7.76500517232733],[110.27118040955997,-7.764105955544053],[110.27207962634326,-7.764105955544053],[110.27207962634326,-7.76500517232733]]]],"type":"MultiPolygon"},"properties":{"Kelas":"Sedang"}},{"type":"Feature","geometry":{"coordinates":[[[[110.28017257739273,-7.76500517232733],[110.27902045588917,-7.764555563935691],[110.28017257739273,-7.764105955544053],[110.28017257739273,-7.76500517232733]]]],"type":"MultiPolygon"},"properties":{"Kelas":"Sangat Rendah"}},{"type":"Feature","geometry":{"coordinates":[[[[110.28287022774256,-7.764105955544053],[110.28376944452584,-7.764105955544053],[110.2833198361342,-7.765258077047626],[110.28287022774256,-7.764105955544053]]]],"type":"MultiPolygon"},"properties":{"Kelas":"Sangat Rendah"}},{"type":"Feature","geometry":{"coordinates":[[[[110.33142793403947,-7.76500517232733],[110.33142793403947,-7.764105955544053],[110.33258005554303,-7.764555563935691],[110.33142793403947,-7.76500517232733]]]],"type":"MultiPolygon"},"properties":{"Kelas":"Sangat Rendah"}},{"type":"Feature","geometry":{"coordinates":[[[[110.35570678718791,-7.76500517232733],[110.35480757040463,-7.76500517232733],[110.35525717879628,-7.763853050823757],[110.35570678718791,-7.76500517232733]]]],"type":"MultiPolygon"},"properties":{"Kelas":"Cukup Rendah"}},{"type":"Feature","geometry":{"coordinates":[[[[110.44293081516568,-7.76500517232733],[110.4420315983824,-7.76500517232733],[110.4420315983824,-7.763206738760777],[110.44293081516568,-7.763206738760777],[110.44293081516568,-7.76500517232733]]]],"type":"MultiPolygon"},"properties":{"Kelas":"Cukup Rendah"}},{"type":"Feature","geometry":{"coordinates":[[[[110.44472924873223,-7.76500517232733],[110.44383003194895,-7.76500517232733],[110.44383003194895,-7.763206738760777],[110.44472924873223,-7.763206738760777],[110.44472924873223,-7.76500517232733]]]],"type":"MultiPolygon"},"properties":{"Kelas":"Cukup Tinggi"}},{"type":"Feature","geometry":{"coordinates":[[[[110.4917051,-7.7530697],[110.4916992,-7.7538075],[110.4916992,-7.75433155558144],[110.48931248709836,-7.75473706505502],[110.48879087111274,-7.757811438061122],[110.48818670983648,-7.75900571035141],[110.48699243754619,-7.759609871627674],[110.48519400397964,-7.759609871627674],[110.48519400397964,-7.76500517232733],[110.4833955704131,-7.76500517232733],[110.48290732380029,-7.760035770201783],[110.48519400397964,-7.756013004494569],[110.48699243754619,-7.756013004494569],[110.48699243754619,-7.754214570928019],[110.48789165432947,-7.754214570928019],[110.48789165432947,-7.74971848701164],[110.48609322076291,-7.747020836661811],[110.48548905948665,-7.745826564371523],[110.48429478719636,-7.745222403095259],[110.48314793454114,-7.744772794703621],[110.48494109925934,-7.744070281591688],[110.48519400397964,-7.743423969528708],[110.48429478719636,-7.743423969528708],[110.48429478719636,-7.742524752745432],[110.48429478719636,-7.739827102395605],[110.48609322076291,-7.739827102395605],[110.48699946267732,-7.741618510831037],[110.48879087111274,-7.742524752745432],[110.48969008789602,-7.742524752745432],[110.49077020180562,-7.74285932461499],[110.4895091907697,-7.743988614442426],[110.49127601124621,-7.744535696528343],[110.49148852146257,-7.746121619878535],[110.4905893046793,-7.746121619878535],[110.4905893046793,-7.747020836661811],[110.48969008789602,-7.747020836661811],[110.48969008789602,-7.74971848701164],[110.4905893046793,-7.74971848701164],[110.49193225395958,-7.753075860212314],[110.4917051,-7.7530697]],[[110.48609322076291,-7.743423969528708],[110.48654282915456,-7.745513946036713],[110.48699243754619,-7.743423969528708],[110.48699243754619,-7.742524752745432],[110.48609322076291,-7.742524752745432],[110.48564361237128,-7.741372631241859],[110.48519400397964,-7.742524752745432],[110.48519400397964,-7.743423969528708],[110.48609322076291,-7.743423969528708]],[[110.48750000326956,-7.746024146184254],[110.48879087111274,-7.747020836661811],[110.48961808030205,-7.744915053608787],[110.48750000326956,-7.746024146184254]],[[110.48839043863894,-7.752686604909561],[110.4905893046793,-7.753315354144743],[110.48997460570635,-7.751163029598054],[110.48839043863894,-7.752686604909561]],[[110.4849973003083,-7.758419990044334],[110.48699243754619,-7.758710654844398],[110.48670967601863,-7.756767327948509],[110.4849973003083,-7.758419990044334]]]],"type":"MultiPolygon"},"properties":{"Kelas":"Sedang"}},{"type":"Feature","geometry":{"coordinates":[[[[110.48789165432947,-7.764105955544053],[110.48578587127645,-7.764934042874746],[110.4868958419933,-7.762815087700874],[110.48789165432947,-7.764105955544053]]]],"type":"MultiPolygon"},"properties":{"Kelas":"Tinggi"}},{"type":"Feature","geometry":{"coordinates":[[[[110.24869998997808,-7.765904389110606],[110.2478007731948,-7.764105955544053],[110.2478007731948,-7.763206738760777],[110.24869998997808,-7.763206738760777],[110.24977132247378,-7.765362575873025],[110.24869998997808,-7.765904389110606]]]],"type":"MultiPolygon"},"properties":{"Kelas":"Cukup Rendah"}},{"type":"Feature","geometry":{"coordinates":[[[[110.26938197599343,-7.765904389110606],[110.26938197599343,-7.76500517232733],[110.26938197599343,-7.764105955544053],[110.27028119277671,-7.764105955544053],[110.27028119277671,-7.76500517232733],[110.27028119277671,-7.765904389110606],[110.26938197599343,-7.765904389110606]]]],"type":"MultiPolygon"},"properties":{"Kelas":"Sedang"}},{"type":"Feature","geometry":{"coordinates":[[[[110.27477727669307,-7.765904389110606],[110.27328092376466,-7.765602308472474],[110.27207962634326,-7.76500517232733],[110.27207962634326,-7.764105955544053],[110.27477727669307,-7.762307521977501],[110.27533401833429,-7.763634393617668],[110.27477727669307,-7.765904389110606]]]],"type":"MultiPolygon"},"properties":{"Kelas":"Cukup Rendah"}},{"type":"Feature","geometry":{"coordinates":[[[[110.32783106690636,-7.765904389110606],[110.32693185012309,-7.765904389110606],[110.32693185012309,-7.763206738760777],[110.32783106690636,-7.763206738760777],[110.32783106690636,-7.765904389110606]]]],"type":"MultiPolygon"},"properties":{"Kelas":"Cukup Rendah"}},{"type":"Feature","geometry":{"coordinates":[[[[110.33052871725619,-7.765904389110606],[110.33052871725619,-7.764105955544053],[110.33142793403947,-7.764105955544053],[110.33142793403947,-7.76500517232733],[110.33142793403947,-7.765904389110606],[110.33052871725619,-7.765904389110606]]]],"type":"MultiPolygon"},"properties":{"Kelas":"Cukup Rendah"}},{"type":"Feature","geometry":{"coordinates":[[[[110.37009425572032,-7.765904389110606],[110.36919503893705,-7.765904389110606],[110.36975178057826,-7.764662697185262],[110.37055967065699,-7.760166613268881],[110.37122354554776,-7.765208901129791],[110.37009425572032,-7.765904389110606]]]],"type":"MultiPolygon"},"properties":{"Kelas":"Cukup Tinggi"}},{"type":"Feature","geometry":{"coordinates":[[[[110.39167545851895,-7.765904389110606],[110.39167545851895,-7.762307521977501],[110.39286973080924,-7.761703360701238],[110.3934738920855,-7.76050908841095],[110.39462601358908,-7.760059480019311],[110.3934738920855,-7.759609871627674],[110.3934738920855,-7.757811438061122],[110.39257467530223,-7.757811438061122],[110.39257467530223,-7.756013004494569],[110.3934738920855,-7.756013004494569],[110.3934738920855,-7.753315354144743],[110.39257467530223,-7.753315354144743],[110.39257467530223,-7.752416137361466],[110.39257467530223,-7.75151692057819],[110.39257467530223,-7.750617703794914],[110.39257467530223,-7.74971848701164],[110.3934738920855,-7.74971848701164],[110.3934738920855,-7.750617703794914],[110.39437310886878,-7.750617703794914],[110.39527232565206,-7.750617703794914],[110.39527232565206,-7.75151692057819],[110.39707075921861,-7.754214570928019],[110.39647362307346,-7.755415868349425],[110.39617154243533,-7.757811438061122],[110.39386554314541,-7.763598389820681],[110.3934738920855,-7.764105955544053],[110.39257467530223,-7.764105955544053],[110.39257467530223,-7.765904389110606],[110.39167545851895,-7.765904389110606]],[[110.39527232565206,-7.757811438061122],[110.39488769972327,-7.754848589011539],[110.39406224681674,-7.757174785553431],[110.39527232565206,-7.757811438061122]]]],"type":"MultiPolygon"},"properties":{"Kelas":"Sedang"}},{"type":"Feature","geometry":{"coordinates":[[[[110.43034178019981,-7.765904389110606],[110.42914048277841,-7.765307252965462],[110.42764412984998,-7.76500517232733],[110.42674491306671,-7.76500517232733],[110.42674491306671,-7.764105955544053],[110.42644283242858,-7.762609602615633],[110.42584569628343,-7.761408305194225],[110.42516952741319,-7.760048064181243],[110.42614777692157,-7.758113518699254],[110.42854334663326,-7.757811438061122],[110.42921424665516,-7.759160263236035],[110.42854334663326,-7.76050908841095],[110.42854334663326,-7.763206738760777],[110.42944256341653,-7.763206738760777],[110.42944256341653,-7.764105955544053],[110.43034178019981,-7.764105955544053],[110.43034178019981,-7.765904389110606]]]],"type":"MultiPolygon"},"properties":{"Kelas":"Sedang"}},{"type":"Feature","geometry":{"coordinates":[[[[110.44293081516568,-7.765904389110606],[110.4420315983824,-7.765904389110606],[110.4420315983824,-7.76500517232733],[110.44293081516568,-7.76500517232733],[110.44293081516568,-7.765904389110606]]]],"type":"MultiPolygon"},"properties":{"Kelas":"Sangat Rendah"}},{"type":"Feature","geometry":{"coordinates":[[[[110.44472924873223,-7.765904389110606],[110.44293081516568,-7.765904389110606],[110.44293081516568,-7.76500517232733],[110.44293081516568,-7.763206738760777],[110.4420315983824,-7.763206738760777],[110.4420315983824,-7.761408305194225],[110.44293081516568,-7.761408305194225],[110.44383003194895,-7.761408305194225],[110.44383003194895,-7.763206738760777],[110.44383003194895,-7.76500517232733],[110.44472924873223,-7.76500517232733],[110.44472924873223,-7.765904389110606]]]],"type":"MultiPolygon"},"properties":{"Kelas":"Sedang"}},{"type":"Feature","geometry":{"coordinates":[[[[110.46361280118101,-7.765904389110606],[110.46271358439775,-7.765904389110606],[110.46271358439775,-7.764105955544053],[110.4645120179643,-7.764105955544053],[110.4645120179643,-7.761408305194225],[110.4657133153857,-7.762015979036049],[110.46499675201153,-7.765204510422841],[110.46361280118101,-7.765904389110606]]]],"type":"MultiPolygon"},"properties":{"Kelas":"Cukup Rendah"}},{"type":"Feature","geometry":{"coordinates":[[[[110.25409529067774,-7.76680360589388],[110.25319607389446,-7.76680360589388],[110.25319607389446,-7.765904389110606],[110.25319607389446,-7.76500517232733],[110.25409529067774,-7.76500517232733],[110.25409529067774,-7.76680360589388]]]],"type":"MultiPolygon"},"properties":{"Kelas":"Cukup Rendah"}},{"type":"Feature","geometry":{"coordinates":[[[[110.27837414382618,-7.76680360589388],[110.27777700768104,-7.765602308472474],[110.2774749270429,-7.763206738760777],[110.27837414382618,-7.763206738760777],[110.28017257739273,-7.763206738760777],[110.28017257739273,-7.764105955544053],[110.27902045588917,-7.764555563935691],[110.28017257739273,-7.76500517232733],[110.28017257739273,-7.76680360589388],[110.27837414382618,-7.76680360589388]]]],"type":"MultiPolygon"},"properties":{"Kelas":"Cukup Rendah"}},{"type":"Feature","geometry":{"coordinates":[[[[110.32513341655653,-7.76680360589388],[110.3244572476863,-7.765443364880898],[110.32543549719466,-7.763508819398909],[110.32693185012309,-7.763206738760777],[110.32693185012309,-7.765904389110606],[110.32513341655653,-7.76680360589388]]]],"type":"MultiPolygon"},"properties":{"Kelas":"Sangat Rendah"}},{"type":"Feature","geometry":{"coordinates":[[[[110.32783106690636,-7.765904389110606],[110.33002115153282,-7.765043810548486],[110.32880580384916,-7.767167156429307],[110.32783106690636,-7.765904389110606]]]],"type":"MultiPolygon"},"properties":{"Kelas":"Cukup Tinggi"}},{"type":"Feature","geometry":{"coordinates":[[[[110.3521099200548,-7.76680360589388],[110.35121070327153,-7.76680360589388],[110.35121070327153,-7.765904389110606],[110.3521099200548,-7.765904389110606],[110.3521099200548,-7.76680360589388]]]],"type":"MultiPolygon"},"properties":{"Kelas":"Tinggi"}},{"type":"Feature","geometry":{"coordinates":[[[[110.3525122,-7.7665514],[110.3523748,-7.7664932],[110.3521436,-7.7663514],[110.3521574,-7.7663986],[110.3522381,-7.7666006],[110.35232889511299,-7.766697204808485],[110.3521099200548,-7.76680360589388],[110.3521099200548,-7.765904389110606],[110.35121070327153,-7.765904389110606],[110.35121070327153,-7.76500517232733],[110.35179027658887,-7.763811778178431],[110.35329365464841,-7.766228423283485],[110.35257580995247,-7.766577227642415],[110.3525122,-7.7665514]]]],"type":"MultiPolygon"},"properties":{"Kelas":"Cukup Tinggi"}},{"type":"Feature","geometry":{"coordinates":[[[[110.35390835362136,-7.76680360589388],[110.35390835362136,-7.76500517232733],[110.35480757040463,-7.76500517232733],[110.35480757040463,-7.76680360589388],[110.35390835362136,-7.76680360589388]]]],"type":"MultiPolygon"},"properties":{"Kelas":"Cukup Rendah"}},{"type":"Feature","geometry":{"coordinates":[[[[110.37009425572032,-7.76680360589388],[110.36919503893705,-7.76680360589388],[110.36919503893705,-7.765904389110606],[110.37009425572032,-7.765904389110606],[110.37009425572032,-7.76680360589388]]]],"type":"MultiPolygon"},"properties":{"Kelas":"Sedang"}},{"type":"Feature","geometry":{"coordinates":[[[[110.39167545851895,-7.76680360589388],[110.39167545851895,-7.765904389110606],[110.39257467530223,-7.765904389110606],[110.39257467530223,-7.764105955544053],[110.3934738920855,-7.764105955544053],[110.3934738920855,-7.76500517232733],[110.3934738920855,-7.76680360589388],[110.39167545851895,-7.76680360589388]]]],"type":"MultiPolygon"},"properties":{"Kelas":"Cukup Rendah"}},{"type":"Feature","geometry":{"coordinates":[[[[110.42944256341653,-7.76680360589388],[110.42854334663326,-7.76680360589388],[110.42764412984998,-7.76500517232733],[110.42914048277841,-7.765307252965462],[110.43034178019981,-7.765904389110606],[110.43034178019981,-7.76680360589388],[110.42944256341653,-7.76680360589388]]]],"type":"MultiPolygon"},"properties":{"Kelas":"Cukup Tinggi"}},{"type":"Feature","geometry":{"coordinates":[[[[110.4456284655155,-7.76680360589388],[110.44472924873223,-7.76680360589388],[110.44472924873223,-7.765904389110606],[110.4456284655155,-7.765904389110606],[110.4456284655155,-7.76680360589388]]]],"type":"MultiPolygon"},"properties":{"Kelas":"Sedang"}},{"type":"Feature","geometry":{"coordinates":[[[[110.4456284655155,-7.76680360589388],[110.4456284655155,-7.765904389110606],[110.44678058701908,-7.766353997502243],[110.4456284655155,-7.76680360589388]]]],"type":"MultiPolygon"},"properties":{"Kelas":"Sangat Rendah"}},{"type":"Feature","geometry":{"coordinates":[[[[110.4645120179643,-7.76680360589388],[110.46361280118101,-7.76680360589388],[110.46361280118101,-7.765904389110606],[110.46499675201153,-7.765204510422841],[110.4657133153857,-7.762015979036049],[110.4645120179643,-7.761408305194225],[110.46258537575481,-7.758491119496918],[110.46408699753158,-7.75815479134458],[110.46541123474756,-7.758710654844398],[110.46541123474756,-7.759609871627674],[110.46586084313921,-7.760761993131245],[110.46631045153084,-7.759609871627674],[110.46900810188068,-7.759609871627674],[110.46900810188068,-7.76050908841095],[110.4681088850974,-7.76050908841095],[110.4681088850974,-7.761408305194225],[110.46589596879481,-7.762074814509173],[110.46720966831413,-7.763206738760777],[110.46720966831413,-7.765904389110606],[110.4657133153857,-7.766206469748736],[110.4645120179643,-7.76680360589388]]]],"type":"MultiPolygon"},"properties":{"Kelas":"Sedang"}},{"type":"Feature","geometry":{"coordinates":[[[[110.47889948649672,-7.76680360589388],[110.47920683598318,-7.765284421289323],[110.48114928473768,-7.764335150446822],[110.48249635362981,-7.76500517232733],[110.48176222742784,-7.766069479691909],[110.47889948649672,-7.76680360589388]]]],"type":"MultiPolygon"},"properties":{"Kelas":"Cukup Rendah"}},{"type":"Feature","geometry":{"coordinates":[[[[110.2478007731948,-7.767702822677157],[110.2478007731948,-7.76680360589388],[110.2478007731948,-7.765904389110606],[110.24869998997808,-7.765904389110606],[110.24869998997808,-7.767702822677157],[110.2478007731948,-7.767702822677157]]]],"type":"MultiPolygon"},"properties":{"Kelas":"Cukup Rendah"}},{"type":"Feature","geometry":{"coordinates":[[[[110.27118040955997,-7.767702822677157],[110.27008448910536,-7.767394595049296],[110.27087306007351,-7.76660690222254],[110.27118040955997,-7.767702822677157]]]],"type":"MultiPolygon"},"properties":{"Kelas":"Tinggi"}},{"type":"Feature","geometry":{"coordinates":[[[[110.32513341655653,-7.767702822677157],[110.32513341655653,-7.76680360589388],[110.32693185012309,-7.765904389110606],[110.32693185012309,-7.767702822677157],[110.32513341655653,-7.767702822677157]]]],"type":"MultiPolygon"},"properties":{"Kelas":"Cukup Rendah"}},{"type":"Feature","geometry":{"coordinates":[[[[110.33052871725619,-7.767702822677157],[110.33052871725619,-7.76680360589388],[110.33168083875975,-7.767253214285519],[110.33052871725619,-7.767702822677157]]]],"type":"MultiPolygon"},"properties":{"Kelas":"Cukup Rendah"}},{"type":"Feature","geometry":{"coordinates":[[[[110.35121070327153,-7.767702822677157],[110.35121070327153,-7.76680360589388],[110.3521099200548,-7.76680360589388],[110.3521099200548,-7.767702822677157],[110.35121070327153,-7.767702822677157]]]],"type":"MultiPolygon"},"properties":{"Kelas":"Cukup Tinggi"}},{"type":"Feature","geometry":{"coordinates":[[[[110.39167545851895,-7.767702822677157],[110.39052333701538,-7.767253214285519],[110.39167545851895,-7.76680360589388],[110.39167545851895,-7.767702822677157]]]],"type":"MultiPolygon"},"properties":{"Kelas":"Sangat Rendah"}},{"type":"Feature","geometry":{"coordinates":[[[[110.44383003194895,-7.767702822677157],[110.44293081516568,-7.767702822677157],[110.44293081516568,-7.76680360589388],[110.44383003194895,-7.76680360589388],[110.44383003194895,-7.767702822677157]]]],"type":"MultiPolygon"},"properties":{"Kelas":"Sedang"}},{"type":"Feature","geometry":{"coordinates":[[[[110.44472924873223,-7.767702822677157],[110.44383003194895,-7.767702822677157],[110.44383003194895,-7.76680360589388],[110.44293081516568,-7.76680360589388],[110.44293081516568,-7.765904389110606],[110.44472924873223,-7.765904389110606],[110.44472924873223,-7.76680360589388],[110.44472924873223,-7.767702822677157]]]],"type":"MultiPolygon"},"properties":{"Kelas":"Cukup Rendah"}},{"type":"Feature","geometry":{"coordinates":[[[[110.46900810188068,-7.767702822677157],[110.46900810188068,-7.76680360589388],[110.46990731866396,-7.76680360589388],[110.46990731866396,-7.767702822677157],[110.46900810188068,-7.767702822677157]]]],"type":"MultiPolygon"},"properties":{"Kelas":"Sangat Rendah"}},{"type":"Feature","geometry":{"coordinates":[[[[110.22123,-7.7647984],[110.221227,-7.7647999],[110.2210087,-7.7649061],[110.2207722,-7.7649057],[110.2203373,-7.7647536],[110.219994,-7.7642996],[110.21992505291325,-7.764196046472646],[110.21992505291325,-7.764105955544053],[110.21986506937404,-7.764105955544053],[110.2197346,-7.76391],[110.2196507,-7.7637498],[110.2195744,-7.7635591],[110.2195591,-7.7633474],[110.21957826399786,-7.763206738760777],[110.21992505291325,-7.763206738760777],[110.21992505291325,-7.762763737998641],[110.219994,-7.7627294],[110.2201394,-7.7626599],[110.2207111,-7.7623866],[110.2212605,-7.7620437],[110.22160862021917,-7.761670318248071],[110.22049233225114,-7.764216601359182],[110.22135899245423,-7.764771845655143],[110.22123,-7.7647984]]]],"type":"MultiPolygon"},"properties":{"Kelas":"Cukup Tinggi"}},{"type":"Feature","geometry":{"coordinates":[[[[110.2478007731948,-7.768602039460433],[110.24654678729,-7.767702822677157],[110.2478007731948,-7.76680360589388],[110.2478007731948,-7.767702822677157],[110.2478007731948,-7.768602039460433]]]],"type":"MultiPolygon"},"properties":{"Kelas":"Sangat Rendah"}},{"type":"Feature","geometry":{"coordinates":[[[[110.26848275921014,-7.768602039460433],[110.26758354242688,-7.768602039460433],[110.26758354242688,-7.767702822677157],[110.26848275921014,-7.767702822677157],[110.26848275921014,-7.768602039460433]]]],"type":"MultiPolygon"},"properties":{"Kelas":"Sangat Rendah"}},{"type":"Feature","geometry":{"coordinates":[[[[110.3536489,-7.7672137],[110.3536108,-7.7671784],[110.3533285,-7.7669767],[110.3531378,-7.7668379],[110.3530081,-7.7667783],[110.352741,-7.7666443],[110.35257580995247,-7.766577227642415],[110.35329365464841,-7.766228423283485],[110.35179027658887,-7.763811778178431],[110.35121070327153,-7.76500517232733],[110.35001643098124,-7.764401011051065],[110.34941226970498,-7.763206738760777],[110.34941226970498,-7.762307521977501],[110.3485130529217,-7.762307521977501],[110.34761383613844,-7.762307521977501],[110.34761383613844,-7.76050908841095],[110.34941226970498,-7.76050908841095],[110.34941226970498,-7.758710654844398],[110.3521099200548,-7.758710654844398],[110.3521099200548,-7.756013004494569],[110.3521099200548,-7.755113787711295],[110.3542438036323,-7.753404924566514],[110.35300913683808,-7.752416137361466],[110.35390835362136,-7.750617703794914],[110.35570678718791,-7.750617703794914],[110.35570678718791,-7.74971848701164],[110.35570678718791,-7.748819270228363],[110.3566060039712,-7.748819270228363],[110.35775812547476,-7.748369661836724],[110.3566060039712,-7.747920053445087],[110.3566060039712,-7.747020836661811],[110.3566060039712,-7.746121619878535],[110.35840443753774,-7.746121619878535],[110.35840443753774,-7.745222403095259],[110.35955655904131,-7.744772794703621],[110.35840443753774,-7.744323186311984],[110.35840443753774,-7.742524752745432],[110.35930365432101,-7.742524752745432],[110.35930365432101,-7.741625535962156],[110.36110208788756,-7.742524752745432],[110.36110208788756,-7.743423969528708],[110.36200130467084,-7.743423969528708],[110.36200130467084,-7.744323186311984],[110.3614041685257,-7.745524483733391],[110.36110208788756,-7.747020836661811],[110.35904548075237,-7.748287994687463],[110.35791267835938,-7.751610881706911],[110.35604926232998,-7.752758612503534],[110.35570678718791,-7.753315354144743],[110.35480757040463,-7.753315354144743],[110.35480757040463,-7.755113787711295],[110.35480757040463,-7.756013004494569],[110.35480757040463,-7.757811438061122],[110.35480757040463,-7.76050908841095],[110.35390835362136,-7.76050908841095],[110.35300913683808,-7.76050908841095],[110.35300913683808,-7.761408305194225],[110.35175515093329,-7.762307521977501],[110.35300913683808,-7.763206738760777],[110.35390835362136,-7.76500517232733],[110.35390835362136,-7.76680360589388],[110.35390835362136,-7.767396660984129],[110.3536489,-7.7672137]]],[[[110.35236,-7.7667303],[110.3527948,-7.7671337],[110.3528101,-7.767241],[110.3528025,-7.7675709],[110.352688,-7.7679433],[110.3526499,-7.7681369],[110.35267059921537,-7.768321699880151],[110.3521099200548,-7.768602039460433],[110.35146880444915,-7.768602039460433],[110.3514141,-7.7681293],[110.35121070327153,-7.768177971628249],[110.35121070327153,-7.767702822677157],[110.3521099200548,-7.767702822677157],[110.3521099200548,-7.76680360589388],[110.35232889511299,-7.766697204808485],[110.35236,-7.7667303]]]],"type":"MultiPolygon"},"properties":{"Kelas":"Sedang"}},{"type":"Feature","geometry":{"coordinates":[[[[110.3934738920855,-7.768602039460433],[110.39237797163088,-7.768293811832571],[110.39316654259903,-7.767506119005816],[110.3934738920855,-7.768602039460433]]]],"type":"MultiPolygon"},"properties":{"Kelas":"Cukup Rendah"}},{"type":"Feature","geometry":{"coordinates":[[[[110.4420315983824,-7.768602039460433],[110.4420315983824,-7.767702822677157],[110.44293081516568,-7.767702822677157],[110.44293081516568,-7.768602039460433],[110.4420315983824,-7.768602039460433]]]],"type":"MultiPolygon"},"properties":{"Kelas":"Sedang"}},{"type":"Feature","geometry":{"coordinates":[[[[110.44472924873223,-7.768602039460433],[110.44383003194895,-7.768602039460433],[110.44383003194895,-7.767702822677157],[110.44472924873223,-7.767702822677157],[110.44472924873223,-7.768602039460433]]]],"type":"MultiPolygon"},"properties":{"Kelas":"Sedang"}},{"type":"Feature","geometry":{"coordinates":[[[[110.4681088850974,-7.768602039460433],[110.46720966831413,-7.768602039460433],[110.46720966831413,-7.765904389110606],[110.4681088850974,-7.765904389110606],[110.4681088850974,-7.768602039460433]]]],"type":"MultiPolygon"},"properties":{"Kelas":"Sedang"}},{"type":"Feature","geometry":{"coordinates":[[[[110.4681088850974,-7.768602039460433],[110.4681088850974,-7.765904389110606],[110.46990731866396,-7.765904389110606],[110.46990731866396,-7.76680360589388],[110.46900810188068,-7.76680360589388],[110.46900810188068,-7.767702822677157],[110.46900810188068,-7.768602039460433],[110.4681088850974,-7.768602039460433]]]],"type":"MultiPolygon"},"properties":{"Kelas":"Cukup Rendah"}},{"type":"Feature","geometry":{"coordinates":[[[[110.48519400397964,-7.768602039460433],[110.48519400397964,-7.76680360589388],[110.48699243754619,-7.76680360589388],[110.48822710434041,-7.767757267443331],[110.48519400397964,-7.768602039460433]]]],"type":"MultiPolygon"},"properties":{"Kelas":"Sedang"}},{"type":"Feature","geometry":{"coordinates":[[[[110.24869998997808,-7.769501256243709],[110.2478007731948,-7.769501256243709],[110.2478007731948,-7.768602039460433],[110.2478007731948,-7.767702822677157],[110.24869998997808,-7.767702822677157],[110.24869998997808,-7.765904389110606],[110.24977132247378,-7.765362575873025],[110.24869998997808,-7.763206738760777],[110.25049842354463,-7.763206738760777],[110.25049842354463,-7.767702822677157],[110.24930415125434,-7.768306983953421],[110.24869998997808,-7.769501256243709]]]],"type":"MultiPolygon"},"properties":{"Kelas":"Sedang"}},{"type":"Feature","geometry":{"coordinates":[[[[110.2666843256436,-7.769501256243709],[110.2666843256436,-7.768602039460433],[110.26758354242688,-7.768602039460433],[110.26758354242688,-7.769501256243709],[110.2666843256436,-7.769501256243709]]]],"type":"MultiPolygon"},"properties":{"Kelas":"Sangat Rendah"}},{"type":"Feature","geometry":{"coordinates":[[[[110.26848275921014,-7.769501256243709],[110.26848275921014,-7.768602039460433],[110.26848275921014,-7.767702822677157],[110.26848275921014,-7.765904389110606],[110.26938197599343,-7.765904389110606],[110.26938197599343,-7.769501256243709],[110.26848275921014,-7.769501256243709]]]],"type":"MultiPolygon"},"properties":{"Kelas":"Sedang"}},{"type":"Feature","geometry":{"coordinates":[[[[110.27477727669307,-7.765904389110606],[110.27694277336062,-7.766460252610424],[110.27485982198374,-7.769868319344694],[110.27404315049111,-7.768892704260496],[110.27477727669307,-7.765904389110606]]]],"type":"MultiPolygon"},"properties":{"Kelas":"Cukup Tinggi"}},{"type":"Feature","geometry":{"coordinates":[[[[110.32903236432776,-7.769199175605577],[110.32836848943698,-7.76788723236904],[110.32513341655653,-7.769501256243709],[110.32513341655653,-7.767702822677157],[110.32693185012309,-7.767702822677157],[110.32693185012309,-7.765904389110606],[110.32783106690636,-7.765904389110606],[110.32783106690636,-7.763206738760777],[110.32873028368964,-7.763206738760777],[110.32873028368964,-7.762307521977501],[110.32783106690636,-7.762307521977501],[110.32783106690636,-7.761408305194225],[110.32783106690636,-7.76050908841095],[110.32693185012309,-7.76050908841095],[110.32693185012309,-7.759609871627674],[110.32783106690636,-7.759609871627674],[110.32873028368964,-7.759609871627674],[110.32873028368964,-7.758710654844398],[110.33052871725619,-7.759609871627674],[110.33052871725619,-7.761408305194225],[110.33142793403947,-7.761408305194225],[110.33142793403947,-7.762307521977501],[110.33142793403947,-7.764105955544053],[110.33052871725619,-7.764105955544053],[110.33052871725619,-7.765904389110606],[110.33052871725619,-7.76680360589388],[110.33052871725619,-7.767702822677157],[110.33052871725619,-7.768602039460433],[110.3296295004729,-7.768602039460433],[110.3296295004729,-7.769501256243709],[110.32903236432776,-7.769199175605577]],[[110.32880580384916,-7.767167156429307],[110.33002115153282,-7.765043810548486],[110.32783106690636,-7.765904389110606],[110.32880580384916,-7.767167156429307]],[[110.3290376331761,-7.764302659215394],[110.32982620414425,-7.763514966388639],[110.32873028368964,-7.763206738760777],[110.3290376331761,-7.764302659215394]]]],"type":"MultiPolygon"},"properties":{"Kelas":"Sedang"}},{"type":"Feature","geometry":{"coordinates":[[[[110.33052871725619,-7.769501256243709],[110.3296295004729,-7.769501256243709],[110.3296295004729,-7.768602039460433],[110.33052871725619,-7.768602039460433],[110.33052871725619,-7.769501256243709]]]],"type":"MultiPolygon"},"properties":{"Kelas":"Cukup Rendah"}},{"type":"Feature","geometry":{"coordinates":[[[[110.36919503893705,-7.769501256243709],[110.36919503893705,-7.768602039460433],[110.37034716044062,-7.76905164785207],[110.36919503893705,-7.769501256243709]]]],"type":"MultiPolygon"},"properties":{"Kelas":"Tinggi"}},{"type":"Feature","geometry":{"coordinates":[[[[110.39437310886878,-7.769501256243709],[110.39167545851895,-7.769501256243709],[110.39167545851895,-7.767702822677157],[110.39167545851895,-7.76680360589388],[110.3934738920855,-7.76680360589388],[110.3934738920855,-7.76500517232733],[110.39437310886878,-7.76500517232733],[110.39437310886878,-7.769501256243709]],[[110.3934738920855,-7.768602039460433],[110.39316654259903,-7.767506119005816],[110.39237797163088,-7.768293811832571],[110.3934738920855,-7.768602039460433]]]],"type":"MultiPolygon"},"properties":{"Kelas":"Sedang"}},{"type":"Feature","geometry":{"coordinates":[[[[110.39976840956842,-7.769501256243709],[110.39886919278516,-7.769501256243709],[110.39931880117679,-7.768349134740136],[110.39976840956842,-7.769501256243709]]]],"type":"MultiPolygon"},"properties":{"Kelas":"Sedang"}},{"type":"Feature","geometry":{"coordinates":[[[[110.41685352845067,-7.769501256243709],[110.41535717552225,-7.769199175605577],[110.41415412181806,-7.766819412438899],[110.41565223102927,-7.763803874905921],[110.41595431166739,-7.759609871627674],[110.41745242087859,-7.759046982996736],[110.41721181013776,-7.761408305194225],[110.41735055647737,-7.762780840186668],[110.41556617317305,-7.767532463247512],[110.41685352845067,-7.768602039460433],[110.41685352845067,-7.769501256243709]]]],"type":"MultiPolygon"},"properties":{"Kelas":"Sedang"}},{"type":"Feature","geometry":{"coordinates":[[[[110.44472924873223,-7.769501256243709],[110.44472924873223,-7.768602039460433],[110.4458813702358,-7.76905164785207],[110.44472924873223,-7.769501256243709]]]],"type":"MultiPolygon"},"properties":{"Kelas":"Sedang"}},{"type":"Feature","geometry":{"coordinates":[[[[110.48159713684653,-7.769501256243709],[110.47889948649672,-7.769501256243709],[110.47889948649672,-7.768602039460433],[110.47889948649672,-7.76680360589388],[110.48176222742784,-7.766069479691909],[110.48249635362981,-7.76500517232733],[110.4833955704131,-7.76500517232733],[110.4833955704131,-7.765904389110606],[110.48429478719636,-7.765904389110606],[110.48429478719636,-7.76680360589388],[110.48159713684653,-7.76680360589388],[110.48159713684653,-7.769501256243709]]]],"type":"MultiPolygon"},"properties":{"Kelas":"Sedang"}},{"type":"Feature","geometry":{"coordinates":[[[[110.48249635362981,-7.769501256243709],[110.48159713684653,-7.769501256243709],[110.48159713684653,-7.76680360589388],[110.48429478719636,-7.76680360589388],[110.48429478719636,-7.765904389110606],[110.48519400397964,-7.765904389110606],[110.48519400397964,-7.76500517232733],[110.48519400397964,-7.759609871627674],[110.48699243754619,-7.759609871627674],[110.48699243754619,-7.76050908841095],[110.48879087111274,-7.763206738760777],[110.48879087111274,-7.764105955544053],[110.48789165432947,-7.764105955544053],[110.48758957369134,-7.765602308472474],[110.48699243754619,-7.76680360589388],[110.48519400397964,-7.76680360589388],[110.48519400397964,-7.768602039460433],[110.48429478719636,-7.768602039460433],[110.48429478719636,-7.769501256243709],[110.48249635362981,-7.769501256243709]],[[110.4868958419933,-7.762815087700874],[110.48578587127645,-7.764934042874746],[110.48789165432947,-7.764105955544053],[110.4868958419933,-7.762815087700874]]]],"type":"MultiPolygon"},"properties":{"Kelas":"Cukup Tinggi"}},{"type":"Feature","geometry":{"coordinates":[[[[110.48429478719636,-7.769501256243709],[110.48429478719636,-7.768602039460433],[110.48519400397964,-7.768602039460433],[110.48519400397964,-7.769501256243709],[110.48429478719636,-7.769501256243709]]]],"type":"MultiPolygon"},"properties":{"Kelas":"Sedang"}},{"type":"Feature","geometry":{"coordinates":[[[[110.24690155641153,-7.770400473026985],[110.24600233962825,-7.770400473026985],[110.24483441157966,-7.769878857041373],[110.24690155641153,-7.769501256243709],[110.24690155641153,-7.770400473026985]]]],"type":"MultiPolygon"},"properties":{"Kelas":"Sangat Rendah"}},{"type":"Feature","geometry":{"coordinates":[[[[110.28107179417601,-7.770400473026985],[110.28017257739273,-7.770400473026985],[110.28017257739273,-7.769501256243709],[110.28107179417601,-7.769501256243709],[110.28107179417601,-7.770400473026985]]]],"type":"MultiPolygon"},"properties":{"Kelas":"Sangat Rendah"}},{"type":"Feature","geometry":{"coordinates":[[[[110.32693185012309,-7.770400473026985],[110.32723919960955,-7.769304552572367],[110.3280277705777,-7.770092245399123],[110.32693185012309,-7.770400473026985]]]],"type":"MultiPolygon"},"properties":{"Kelas":"Tinggi"}},{"type":"Feature","geometry":{"coordinates":[[[[110.3518178,-7.7702463],[110.35173157981194,-7.769648901216531],[110.3521099200548,-7.769501256243709],[110.3521099200548,-7.770400473026985],[110.35181786772472,-7.770286501385974],[110.3518178,-7.7702463]]]],"type":"MultiPolygon"},"properties":{"Kelas":"Cukup Rendah"}},{"type":"Feature","geometry":{"coordinates":[[[[110.3685121,-7.7703207],[110.36829582215377,-7.770293368184267],[110.36829582215377,-7.769501256243709],[110.36919503893705,-7.769501256243709],[110.37034716044062,-7.76905164785207],[110.36919503893705,-7.768602039460433],[110.36919503893705,-7.76680360589388],[110.37009425572032,-7.76680360589388],[110.37189268928688,-7.76680360589388],[110.37189268928688,-7.769501256243709],[110.3709934725036,-7.769501256243709],[110.3709934725036,-7.770400473026985],[110.36850286350963,-7.770400473026985],[110.3685121,-7.7703207]]]],"type":"MultiPolygon"},"properties":{"Kelas":"Cukup Tinggi"}},{"type":"Feature","geometry":{"coordinates":[[[[110.3709934725036,-7.770400473026985],[110.3709934725036,-7.769501256243709],[110.37189268928688,-7.769501256243709],[110.37189268928688,-7.770400473026985],[110.3709934725036,-7.770400473026985]]]],"type":"MultiPolygon"},"properties":{"Kelas":"Sedang"}},{"type":"Feature","geometry":{"coordinates":[[[[110.47440340258034,-7.770400473026985],[110.47468616410788,-7.768457146131096],[110.47575398403802,-7.769488084122861],[110.47765955085414,-7.767605348982876],[110.47800026971343,-7.768602039460433],[110.47727316864258,-7.770038678774338],[110.47440340258034,-7.770400473026985]]]],"type":"MultiPolygon"},"properties":{"Kelas":"Sedang"}},{"type":"Feature","geometry":{"coordinates":[[[[110.48159713684653,-7.770400473026985],[110.48159713684653,-7.769501256243709],[110.48249635362981,-7.769501256243709],[110.48249635362981,-7.770400473026985],[110.48159713684653,-7.770400473026985]]]],"type":"MultiPolygon"},"properties":{"Kelas":"Sedang"}},{"type":"Feature","geometry":{"coordinates":[[[[110.26758354242688,-7.771299689810261],[110.2666843256436,-7.771299689810261],[110.2666843256436,-7.769501256243709],[110.26758354242688,-7.769501256243709],[110.26758354242688,-7.768602039460433],[110.26848275921014,-7.768602039460433],[110.26848275921014,-7.769501256243709],[110.26848275921014,-7.770400473026985],[110.26758354242688,-7.770400473026985],[110.26758354242688,-7.771299689810261]]]],"type":"MultiPolygon"},"properties":{"Kelas":"Cukup Rendah"}},{"type":"Feature","geometry":{"coordinates":[[[[110.28287022774256,-7.771299689810261],[110.28197101095928,-7.771299689810261],[110.28197101095928,-7.770400473026985],[110.28277187590689,-7.769149999687741],[110.28405396233617,-7.770541853790762],[110.28287022774256,-7.771299689810261]]]],"type":"MultiPolygon"},"properties":{"Kelas":"Sangat Rendah"}},{"type":"Feature","geometry":{"coordinates":[[[[110.32693185012309,-7.771299689810261],[110.32693185012309,-7.770400473026985],[110.32513341655653,-7.770400473026985],[110.32513341655653,-7.769501256243709],[110.32836848943698,-7.76788723236904],[110.32903236432776,-7.769199175605577],[110.3296295004729,-7.769501256243709],[110.32873028368964,-7.771299689810261],[110.32693185012309,-7.771299689810261]],[[110.3280277705777,-7.770092245399123],[110.32723919960955,-7.769304552572367],[110.32693185012309,-7.770400473026985],[110.3280277705777,-7.770092245399123]]]],"type":"MultiPolygon"},"properties":{"Kelas":"Cukup Tinggi"}},{"type":"Feature","geometry":{"coordinates":[[[[110.42404726271688,-7.771299689810261],[110.42575612586165,-7.76916580623276],[110.42674491306671,-7.770400473026985],[110.4255436156453,-7.770997609172129],[110.42404726271688,-7.771299689810261]]]],"type":"MultiPolygon"},"properties":{"Kelas":"Sangat Rendah"}},{"type":"Feature","geometry":{"coordinates":[[[[110.44113238159912,-7.771299689810261],[110.44023316481585,-7.771299689810261],[110.43933394803257,-7.771299689810261],[110.43805010532051,-7.7702336261629],[110.4420315983824,-7.768602039460433],[110.44172951774426,-7.770098392388853],[110.44113238159912,-7.771299689810261]]]],"type":"MultiPolygon"},"properties":{"Kelas":"Sedang"}},{"type":"Feature","geometry":{"coordinates":[[[[110.44113238159912,-7.771299689810261],[110.44172951774426,-7.770098392388853],[110.4420315983824,-7.768602039460433],[110.44293081516568,-7.768602039460433],[110.44293081516568,-7.767702822677157],[110.44383003194895,-7.767702822677157],[110.44383003194895,-7.768602039460433],[110.44472924873223,-7.768602039460433],[110.44472924873223,-7.769501256243709],[110.44400214766137,-7.770937895557614],[110.44113238159912,-7.771299689810261]]]],"type":"MultiPolygon"},"properties":{"Kelas":"Cukup Tinggi"}},{"type":"Feature","geometry":{"coordinates":[[[[110.24869998997808,-7.772198906593536],[110.2478007731948,-7.772198906593536],[110.2478007731948,-7.769501256243709],[110.24869998997808,-7.769501256243709],[110.24869998997808,-7.772198906593536]]]],"type":"MultiPolygon"},"properties":{"Kelas":"Cukup Tinggi"}},{"type":"Feature","geometry":{"coordinates":[[[[110.24869998997808,-7.772198906593536],[110.24869998997808,-7.769501256243709],[110.24959920676136,-7.769501256243709],[110.24959920676136,-7.772198906593536],[110.24869998997808,-7.772198906593536]]]],"type":"MultiPolygon"},"properties":{"Kelas":"Tinggi"}},{"type":"Feature","geometry":{"coordinates":[[[[110.25409529067774,-7.772198906593536],[110.25319607389446,-7.772198906593536],[110.25207907804648,-7.769950864635346],[110.25319607389446,-7.767702822677157],[110.25409529067774,-7.767702822677157],[110.25409529067774,-7.772198906593536]]]],"type":"MultiPolygon"},"properties":{"Kelas":"Cukup Rendah"}},{"type":"Feature","geometry":{"coordinates":[[[[110.25409529067774,-7.772198906593536],[110.25409529067774,-7.767702822677157],[110.25409529067774,-7.76680360589388],[110.25582171665032,-7.766029963329363],[110.25649437295499,-7.768188434865781],[110.25540196506593,-7.771393650938982],[110.25409529067774,-7.772198906593536]]]],"type":"MultiPolygon"},"properties":{"Kelas":"Sangat Rendah"}},{"type":"Feature","geometry":{"coordinates":[[[[110.26848275921014,-7.770400473026985],[110.26848275921014,-7.769501256243709],[110.26938197599343,-7.769501256243709],[110.26938197599343,-7.765904389110606],[110.27028119277671,-7.765904389110606],[110.27028119277671,-7.76500517232733],[110.27118040955997,-7.76500517232733],[110.27207962634326,-7.76500517232733],[110.27168797528336,-7.768210388400529],[110.27118040955997,-7.771299689810261],[110.26938900112455,-7.772190125179637],[110.26848275921014,-7.770400473026985]],[[110.27118040955997,-7.767702822677157],[110.27087306007351,-7.76660690222254],[110.27008448910536,-7.767394595049296],[110.27118040955997,-7.767702822677157]]]],"type":"MultiPolygon"},"properties":{"Kelas":"Cukup Tinggi"}},{"type":"Feature","geometry":{"coordinates":[[[[110.27118040955997,-7.771299689810261],[110.27177754570512,-7.770997609172129],[110.27268730018508,-7.769199175605577],[110.27418014054794,-7.771724710242982],[110.27174593261509,-7.772418441941015],[110.27118040955997,-7.771299689810261]]]],"type":"MultiPolygon"},"properties":{"Kelas":"Cukup Rendah"}},{"type":"Feature","geometry":{"coordinates":[[[[110.32873028368964,-7.771299689810261],[110.32982620414425,-7.771607917438121],[110.3290376331761,-7.772395610264878],[110.32873028368964,-7.771299689810261]]]],"type":"MultiPolygon"},"properties":{"Kelas":"Cukup Tinggi"}},{"type":"Feature","geometry":{"coordinates":[[[[110.3526804,-7.7684092],[110.3527949,-7.7688556],[110.3529322,-7.7693767],[110.3529703,-7.7695603],[110.35304860862665,-7.769976122227114],[110.3521099200548,-7.769501256243709],[110.3521099200548,-7.768602039460433],[110.35267059921537,-7.768321699880151],[110.3526804,-7.7684092]]]],"type":"MultiPolygon"},"properties":{"Kelas":"Cukup Rendah"}},{"type":"Feature","geometry":{"coordinates":[[[[110.3560423,-7.7689742],[110.3559253,-7.7688766],[110.3557089,-7.7687242],[110.355213,-7.7683572],[110.3548697,-7.7680868],[110.3546865,-7.7679561],[110.3546026,-7.7679061],[110.3545797,-7.7678875],[110.3542669,-7.7676495],[110.35390835362136,-7.767396660984129],[110.35390835362136,-7.76680360589388],[110.35480757040463,-7.76680360589388],[110.35480757040463,-7.76500517232733],[110.35570678718791,-7.76500517232733],[110.35638471234093,-7.766770236521063],[110.35610263759281,-7.769029026796821],[110.3560423,-7.7689742]]]],"type":"MultiPolygon"},"properties":{"Kelas":"Sangat Rendah"}},{"type":"Feature","geometry":{"coordinates":[[[[110.39257467530223,-7.772198906593536],[110.39167545851895,-7.772198906593536],[110.39167545851895,-7.771299689810261],[110.39257467530223,-7.771299689810261],[110.39257467530223,-7.772198906593536]]]],"type":"MultiPolygon"},"properties":{"Kelas":"Sangat Rendah"}},{"type":"Feature","geometry":{"coordinates":[[[[110.39976840956842,-7.772198906593536],[110.39886919278516,-7.772198906593536],[110.39886919278516,-7.769501256243709],[110.39976840956842,-7.769501256243709],[110.39976840956842,-7.772198906593536]]]],"type":"MultiPolygon"},"properties":{"Kelas":"Cukup Tinggi"}},{"type":"Feature","geometry":{"coordinates":[[[[110.41775274523394,-7.772198906593536],[110.41775274523394,-7.769501256243709],[110.41685352845067,-7.769501256243709],[110.41685352845067,-7.768602039460433],[110.4195511788005,-7.768602039460433],[110.4195511788005,-7.771299689810261],[110.41775274523394,-7.772198906593536]]]],"type":"MultiPolygon"},"properties":{"Kelas":"Cukup Tinggi"}},{"type":"Feature","geometry":{"coordinates":[[[[110.42674491306671,-7.772198906593536],[110.42494647950015,-7.772198906593536],[110.42404726271688,-7.772198906593536],[110.42404726271688,-7.771299689810261],[110.4255436156453,-7.770997609172129],[110.42674491306671,-7.770400473026985],[110.42764412984998,-7.770400473026985],[110.42674491306671,-7.772198906593536]]]],"type":"MultiPolygon"},"properties":{"Kelas":"Cukup Rendah"}},{"type":"Feature","geometry":{"coordinates":[[[[110.4681088850974,-7.772198906593536],[110.46720966831413,-7.772198906593536],[110.46720966831413,-7.771299689810261],[110.4681088850974,-7.771299689810261],[110.4681088850974,-7.772198906593536]]]],"type":"MultiPolygon"},"properties":{"Kelas":"Cukup Rendah"}},{"type":"Feature","geometry":{"coordinates":[[[[110.2442039060617,-7.773098123376812],[110.24480806733797,-7.771903851086524],[110.24600233962825,-7.771299689810261],[110.24600233962825,-7.773098123376812],[110.2442039060617,-7.773098123376812]]]],"type":"MultiPolygon"},"properties":{"Kelas":"Sangat Rendah"}},{"type":"Feature","geometry":{"coordinates":[[[[110.24869998997808,-7.773098123376812],[110.24690155641153,-7.773098123376812],[110.24690155641153,-7.770400473026985],[110.24690155641153,-7.769501256243709],[110.2478007731948,-7.769501256243709],[110.2478007731948,-7.772198906593536],[110.24869998997808,-7.772198906593536],[110.24869998997808,-7.773098123376812]]]],"type":"MultiPolygon"},"properties":{"Kelas":"Sedang"}},{"type":"Feature","geometry":{"coordinates":[[[[110.25139764032791,-7.773098123376812],[110.25103057722691,-7.769868319344694],[110.25049842354463,-7.767702822677157],[110.25229685711119,-7.767702822677157],[110.25229685711119,-7.765904389110606],[110.25319607389446,-7.765904389110606],[110.25319607389446,-7.76680360589388],[110.25319607389446,-7.767702822677157],[110.25207907804648,-7.769950864635346],[110.25319607389446,-7.772198906593536],[110.25139764032791,-7.773098123376812]]]],"type":"MultiPolygon"},"properties":{"Kelas":"Sedang"}},{"type":"Feature","geometry":{"coordinates":[[[[110.28107179417601,-7.773098123376812],[110.28107179417601,-7.772198906593536],[110.28197101095928,-7.772198906593536],[110.28197101095928,-7.773098123376812],[110.28107179417601,-7.773098123376812]]]],"type":"MultiPolygon"},"properties":{"Kelas":"Sedang"}},{"type":"Feature","geometry":{"coordinates":[[[[110.32693185012309,-7.773098123376812],[110.32693185012309,-7.772198906593536],[110.32808397162665,-7.772648514985175],[110.32693185012309,-7.773098123376812]]]],"type":"MultiPolygon"},"properties":{"Kelas":"Cukup Rendah"}},{"type":"Feature","geometry":{"coordinates":[[[[110.39976840956842,-7.773098123376812],[110.39886919278516,-7.773098123376812],[110.39886919278516,-7.772198906593536],[110.39976840956842,-7.772198906593536],[110.39976840956842,-7.773098123376812]]]],"type":"MultiPolygon"},"properties":{"Kelas":"Sedang"}},{"type":"Feature","geometry":{"coordinates":[[[[110.42584569628343,-7.773098123376812],[110.42494647950015,-7.773098123376812],[110.42494647950015,-7.772198906593536],[110.42674491306671,-7.772198906593536],[110.42674491306671,-7.773098123376812],[110.42584569628343,-7.773098123376812]]]],"type":"MultiPolygon"},"properties":{"Kelas":"Sedang"}},{"type":"Feature","geometry":{"coordinates":[[[[110.42854334663326,-7.773098123376812],[110.42854334663326,-7.772198906593536],[110.42674491306671,-7.772198906593536],[110.42764412984998,-7.770400473026985],[110.42829395447852,-7.77003077550183],[110.4273367803635,-7.767492068743577],[110.42854334663326,-7.76680360589388],[110.42944256341653,-7.76680360589388],[110.43042081292491,-7.770783342672988],[110.42907550031555,-7.772731060275827],[110.42854334663326,-7.773098123376812]]]],"type":"MultiPolygon"},"properties":{"Kelas":"Sedang"}},{"type":"Feature","geometry":{"coordinates":[[[[110.46361280118101,-7.773098123376812],[110.46271358439775,-7.773098123376812],[110.46271358439775,-7.771299689810261],[110.46361280118101,-7.771299689810261],[110.46361280118101,-7.773098123376812]]]],"type":"MultiPolygon"},"properties":{"Kelas":"Sedang"}},{"type":"Feature","geometry":{"coordinates":[[[[110.2216235,-7.7738506],[110.2220045,-7.7734618],[110.2222314,-7.7729908],[110.2222119,-7.7724169],[110.2221924,-7.7718122],[110.2221939,-7.771023],[110.2221438,-7.7703056],[110.2222268,-7.7698855],[110.2224539,-7.769353],[110.22262270326308,-7.768966950565212],[110.22262270326308,-7.773997340160088],[110.2217234864798,-7.773997340160088],[110.22128820352962,-7.773997340160088],[110.2216235,-7.7738506]]]],"type":"MultiPolygon"},"properties":{"Kelas":"Sedang"}},{"type":"Feature","geometry":{"coordinates":[[[[110.24869998997808,-7.773997340160088],[110.24869998997808,-7.773098123376812],[110.24985211148166,-7.773547731768451],[110.24869998997808,-7.773997340160088]]]],"type":"MultiPolygon"},"properties":{"Kelas":"Sedang"}},{"type":"Feature","geometry":{"coordinates":[[[[110.27927336060947,-7.773997340160088],[110.27837414382618,-7.773997340160088],[110.27717284640478,-7.771580695055034],[110.28076971353788,-7.771601770448392],[110.28107179417601,-7.772198906593536],[110.27927336060947,-7.772198906593536],[110.27927336060947,-7.773997340160088]]]],"type":"MultiPolygon"},"properties":{"Kelas":"Sedang"}},{"type":"Feature","geometry":{"coordinates":[[[[110.27927336060947,-7.773997340160088],[110.27927336060947,-7.772198906593536],[110.28107179417601,-7.772198906593536],[110.28107179417601,-7.773098123376812],[110.28107179417601,-7.773997340160088],[110.27927336060947,-7.773997340160088]]]],"type":"MultiPolygon"},"properties":{"Kelas":"Cukup Tinggi"}},{"type":"Feature","geometry":{"coordinates":[[[[110.3692871,-7.7733548],[110.3692109,-7.7728856],[110.3692261,-7.7726147],[110.3691119,-7.7718945],[110.3689497,-7.7717512],[110.3687109,-7.771627],[110.3686633,-7.7715125],[110.3683863,-7.7714072],[110.36850286350963,-7.770400473026985],[110.3709934725036,-7.770400473026985],[110.37010128085144,-7.772193637745197],[110.37080730652895,-7.773636424048831],[110.37009425572032,-7.773997340160088],[110.3693200952273,-7.773612523540748],[110.3692871,-7.7733548]]]],"type":"MultiPolygon"},"properties":{"Kelas":"Sedang"}},{"type":"Feature","geometry":{"coordinates":[[[[110.39437310886878,-7.773997340160088],[110.39317883657849,-7.773393178883826],[110.39257467530223,-7.772198906593536],[110.39257467530223,-7.771299689810261],[110.39167545851895,-7.771299689810261],[110.39167545851895,-7.769501256243709],[110.39437310886878,-7.769501256243709],[110.39497024501392,-7.769803336881841],[110.39617154243533,-7.772198906593536],[110.39437310886878,-7.772198906593536],[110.39437310886878,-7.773997340160088]]]],"type":"MultiPolygon"},"properties":{"Kelas":"Cukup Rendah"}},{"type":"Feature","geometry":{"coordinates":[[[[110.42764412984998,-7.773997340160088],[110.42584569628343,-7.773997340160088],[110.42584569628343,-7.773098123376812],[110.42674491306671,-7.773098123376812],[110.42674491306671,-7.772198906593536],[110.42854334663326,-7.772198906593536],[110.42854334663326,-7.773098123376812],[110.42764412984998,-7.773098123376812],[110.42764412984998,-7.773997340160088]]]],"type":"MultiPolygon"},"properties":{"Kelas":"Cukup Tinggi"}},{"type":"Feature","geometry":{"coordinates":[[[[110.42764412984998,-7.773997340160088],[110.42764412984998,-7.773098123376812],[110.42854334663326,-7.773098123376812],[110.42854334663326,-7.773997340160088],[110.42764412984998,-7.773997340160088]]]],"type":"MultiPolygon"},"properties":{"Kelas":"Sedang"}},{"type":"Feature","geometry":{"coordinates":[[[[110.44023316481585,-7.773997340160088],[110.43933394803257,-7.773997340160088],[110.43933394803257,-7.771299689810261],[110.44023316481585,-7.771299689810261],[110.44023316481585,-7.773997340160088]]]],"type":"MultiPolygon"},"properties":{"Kelas":"Cukup Tinggi"}},{"type":"Feature","geometry":{"coordinates":[[[[110.4420315983824,-7.773997340160088],[110.44113238159912,-7.773997340160088],[110.44158198999077,-7.771907363652083],[110.4420315983824,-7.773997340160088]]]],"type":"MultiPolygon"},"properties":{"Kelas":"Sangat Rendah"}},{"type":"Feature","geometry":{"coordinates":[[[[110.4645120179643,-7.773997340160088],[110.46361280118101,-7.773997340160088],[110.46361280118101,-7.773098123376812],[110.4645120179643,-7.773098123376812],[110.4645120179643,-7.773997340160088]]]],"type":"MultiPolygon"},"properties":{"Kelas":"Sedang"}},{"type":"Feature","geometry":{"coordinates":[[[[110.46720966831413,-7.773997340160088],[110.4645120179643,-7.773997340160088],[110.4645120179643,-7.773098123376812],[110.46361280118101,-7.773098123376812],[110.46361280118101,-7.771299689810261],[110.46271358439775,-7.771299689810261],[110.46271358439775,-7.767702822677157],[110.4645120179643,-7.767702822677157],[110.4645120179643,-7.76680360589388],[110.4657133153857,-7.766206469748736],[110.46720966831413,-7.765904389110606],[110.46720966831413,-7.768602039460433],[110.46558159417721,-7.769857781648016],[110.46720966831413,-7.773997340160088]]]],"type":"MultiPolygon"},"properties":{"Kelas":"Cukup Tinggi"}},{"type":"Feature","geometry":{"coordinates":[[[[110.27058327341483,-7.774594476305232],[110.26997911213857,-7.773400204014944],[110.26818770370313,-7.772493962100549],[110.26758354242688,-7.771299689810261],[110.26758354242688,-7.770400473026985],[110.26848275921014,-7.770400473026985],[110.26938900112455,-7.772190125179637],[110.27118040955997,-7.771299689810261],[110.27168797528336,-7.768210388400529],[110.27207962634326,-7.76500517232733],[110.27328092376466,-7.765602308472474],[110.27477727669307,-7.765904389110606],[110.27533401833429,-7.763634393617668],[110.27477727669307,-7.762307521977501],[110.27603126259788,-7.761408305194225],[110.27477727669307,-7.76050908841095],[110.2738780599098,-7.758710654844398],[110.2762736296215,-7.75901273548253],[110.27687779089777,-7.762005441339371],[110.2774749270429,-7.763206738760777],[110.27777700768104,-7.765602308472474],[110.27837414382618,-7.76680360589388],[110.27807206318805,-7.768299958822301],[110.2774749270429,-7.769501256243709],[110.274993299475,-7.771214510095438],[110.27567649347635,-7.773997340160088],[110.27188643523746,-7.772668712237143],[110.27118040955997,-7.774896556943364],[110.27058327341483,-7.774594476305232]],[[110.27174593261509,-7.772418441941015],[110.27418014054794,-7.771724710242982],[110.27268730018508,-7.769199175605577],[110.27177754570512,-7.770997609172129],[110.27118040955997,-7.771299689810261],[110.27174593261509,-7.772418441941015]],[[110.27404315049111,-7.768892704260496],[110.27485982198374,-7.769868319344694],[110.27694277336062,-7.766460252610424],[110.27477727669307,-7.765904389110606],[110.27404315049111,-7.768892704260496]]]],"type":"MultiPolygon"},"properties":{"Kelas":"Sedang"}},{"type":"Feature","geometry":{"coordinates":[[[[110.39527232565206,-7.774896556943364],[110.39437310886878,-7.774896556943364],[110.39437310886878,-7.773997340160088],[110.39527232565206,-7.773997340160088],[110.39527232565206,-7.774896556943364]]]],"type":"MultiPolygon"},"properties":{"Kelas":"Cukup Rendah"}},{"type":"Feature","geometry":{"coordinates":[[[[110.39707075921861,-7.774896556943364],[110.39617154243533,-7.774896556943364],[110.39617154243533,-7.773997340160088],[110.39707075921861,-7.773997340160088],[110.39707075921861,-7.774896556943364]]]],"type":"MultiPolygon"},"properties":{"Kelas":"Cukup Tinggi"}},{"type":"Feature","geometry":{"coordinates":[[[[110.39976840956842,-7.774896556943364],[110.39796997600187,-7.774896556943364],[110.39796997600187,-7.773098123376812],[110.39886919278516,-7.773098123376812],[110.39976840956842,-7.773098123376812],[110.39976840956842,-7.774896556943364]]]],"type":"MultiPolygon"},"properties":{"Kelas":"Cukup Rendah"}},{"type":"Feature","geometry":{"coordinates":[[[[110.4753026193636,-7.774896556943364],[110.47415049786004,-7.774446948551725],[110.4753026193636,-7.773997340160088],[110.4753026193636,-7.774896556943364]]]],"type":"MultiPolygon"},"properties":{"Kelas":"Sedang"}},{"type":"Feature","geometry":{"coordinates":[[[[110.4753026193636,-7.774896556943364],[110.4753026193636,-7.773997340160088],[110.47645474086718,-7.774446948551725],[110.4753026193636,-7.774896556943364]]]],"type":"MultiPolygon"},"properties":{"Kelas":"Cukup Rendah"}},{"type":"Feature","geometry":{"coordinates":[[[[110.47889948649672,-7.773997340160088],[110.48096663132857,-7.774361768836904],[110.4793877331095,-7.775138923966981],[110.47889948649672,-7.773997340160088]]]],"type":"MultiPolygon"},"properties":{"Kelas":"Sedang"}},{"type":"Feature","geometry":{"coordinates":[[[[110.24869998997808,-7.775795773726641],[110.24869998997808,-7.774896556943364],[110.24869998997808,-7.773997340160088],[110.24985211148166,-7.773547731768451],[110.24869998997808,-7.773098123376812],[110.24869998997808,-7.772198906593536],[110.24959920676136,-7.772198906593536],[110.24959920676136,-7.769501256243709],[110.24869998997808,-7.769501256243709],[110.24930415125434,-7.768306983953421],[110.25049842354463,-7.767702822677157],[110.25103057722691,-7.769868319344694],[110.25139764032791,-7.773098123376812],[110.25049139841352,-7.774889531812244],[110.24869998997808,-7.775795773726641]]]],"type":"MultiPolygon"},"properties":{"Kelas":"Cukup Tinggi"}},{"type":"Feature","geometry":{"coordinates":[[[[110.3260326333398,-7.775795773726641],[110.3260326333398,-7.773098123376812],[110.32693185012309,-7.773098123376812],[110.32808397162665,-7.772648514985175],[110.32693185012309,-7.772198906593536],[110.32693185012309,-7.771299689810261],[110.32873028368964,-7.771299689810261],[110.3296295004729,-7.769501256243709],[110.33052871725619,-7.769501256243709],[110.33142793403947,-7.769501256243709],[110.33142793403947,-7.773997340160088],[110.33052871725619,-7.773997340160088],[110.32947670387107,-7.772731938417216],[110.32693185012309,-7.775795773726641],[110.3260326333398,-7.775795773726641]],[[110.3290376331761,-7.772395610264878],[110.32982620414425,-7.771607917438121],[110.32873028368964,-7.771299689810261],[110.3290376331761,-7.772395610264878]]]],"type":"MultiPolygon"},"properties":{"Kelas":"Sedang"}},{"type":"Feature","geometry":{"coordinates":[[[[110.370977,-7.7753246],[110.3709617,-7.7753046],[110.3707024,-7.7752726],[110.3702827,-7.7752226],[110.3701264,-7.7752233],[110.37009425572032,-7.775223430667804],[110.37009425572032,-7.774896556943364],[110.3709934725036,-7.774896556943364],[110.3709934725036,-7.775326659062951],[110.370977,-7.7753246]]]],"type":"MultiPolygon"},"properties":{"Kelas":"Sedang"}},{"type":"Feature","geometry":{"coordinates":[[[[110.42045039558377,-7.775795773726641],[110.4195511788005,-7.775795773726641],[110.4195511788005,-7.772198906593536],[110.42045039558377,-7.772198906593536],[110.42045039558377,-7.775795773726641]]]],"type":"MultiPolygon"},"properties":{"Kelas":"Cukup Tinggi"}},{"type":"Feature","geometry":{"coordinates":[[[[110.43843473124929,-7.775795773726641],[110.43753551446602,-7.775795773726641],[110.43753551446602,-7.774896556943364],[110.43843473124929,-7.774896556943364],[110.43843473124929,-7.775795773726641]]]],"type":"MultiPolygon"},"properties":{"Kelas":"Cukup Rendah"}},{"type":"Feature","geometry":{"coordinates":[[[[110.46990731866396,-7.772198906593536],[110.4717057522305,-7.772198906593536],[110.4717057522305,-7.773997340160088],[110.47141420928905,-7.775992477397981],[110.47013563542532,-7.774668240181985],[110.46990731866396,-7.772198906593536]]]],"type":"MultiPolygon"},"properties":{"Kelas":"Cukup Rendah"}},{"type":"Feature","geometry":{"coordinates":[[[[110.47710105293015,-7.775795773726641],[110.47710105293015,-7.774896556943364],[110.47800026971343,-7.774896556943364],[110.47800026971343,-7.775795773726641],[110.47710105293015,-7.775795773726641]]]],"type":"MultiPolygon"},"properties":{"Kelas":"Cukup Rendah"}},{"type":"Feature","geometry":{"coordinates":[[[[110.2478007731948,-7.776694990509917],[110.2478007731948,-7.774896556943364],[110.24869998997808,-7.774896556943364],[110.24869998997808,-7.775795773726641],[110.24869998997808,-7.776694990509917],[110.2478007731948,-7.776694990509917]]]],"type":"MultiPolygon"},"properties":{"Kelas":"Sedang"}},{"type":"Feature","geometry":{"coordinates":[[[[110.2738780599098,-7.776694990509917],[110.27297884312652,-7.776694990509917],[110.27172134465617,-7.773762876408981],[110.27471229423023,-7.774749907331248],[110.2738780599098,-7.776694990509917]]]],"type":"MultiPolygon"},"properties":{"Kelas":"Tinggi"}},{"type":"Feature","geometry":{"coordinates":[[[[110.2738780599098,-7.776694990509917],[110.27471229423023,-7.774749907331248],[110.27172134465617,-7.773762876408981],[110.27297884312652,-7.776694990509917],[110.27207962634326,-7.776694990509917],[110.27118040955997,-7.776694990509917],[110.27118040955997,-7.774896556943364],[110.27188643523746,-7.772668712237143],[110.27567649347635,-7.773997340160088],[110.27567649347635,-7.774896556943364],[110.27567649347635,-7.776694990509917],[110.2738780599098,-7.776694990509917]]]],"type":"MultiPolygon"},"properties":{"Kelas":"Cukup Tinggi"}},{"type":"Feature","geometry":{"coordinates":[[[[110.27657571025964,-7.776694990509917],[110.27657571025964,-7.774896556943364],[110.27567649347635,-7.774896556943364],[110.27567649347635,-7.773997340160088],[110.274993299475,-7.771214510095438],[110.2774749270429,-7.769501256243709],[110.28017257739273,-7.769501256243709],[110.28017257739273,-7.770400473026985],[110.28107179417601,-7.770400473026985],[110.28197101095928,-7.770400473026985],[110.28197101095928,-7.771299689810261],[110.28287022774256,-7.771299689810261],[110.28287022774256,-7.772198906593536],[110.28197101095928,-7.772198906593536],[110.28107179417601,-7.772198906593536],[110.28076971353788,-7.771601770448392],[110.27717284640478,-7.771580695055034],[110.27837414382618,-7.773997340160088],[110.2779719550696,-7.775988964832422],[110.27657571025964,-7.776694990509917]]]],"type":"MultiPolygon"},"properties":{"Kelas":"Cukup Rendah"}},{"type":"Feature","geometry":{"coordinates":[[[[110.31344359837394,-7.776694990509917],[110.31254438159067,-7.776694990509917],[110.31254438159067,-7.775795773726641],[110.31344359837394,-7.775795773726641],[110.31344359837394,-7.776694990509917]]]],"type":"MultiPolygon"},"properties":{"Kelas":"Cukup Rendah"}},{"type":"Feature","geometry":{"coordinates":[[[[110.32783106690636,-7.776694990509917],[110.32783106690636,-7.775795773726641],[110.32693185012309,-7.775795773726641],[110.32947670387107,-7.772731938417216],[110.33052871725619,-7.773997340160088],[110.32993158111104,-7.77429942079822],[110.32902533919665,-7.776090829233652],[110.32783106690636,-7.776694990509917]]]],"type":"MultiPolygon"},"properties":{"Kelas":"Cukup Tinggi"}},{"type":"Feature","geometry":{"coordinates":[[[[110.4231480459336,-7.776694990509917],[110.4218940600288,-7.775795773726641],[110.4231480459336,-7.774896556943364],[110.4231480459336,-7.776694990509917]]]],"type":"MultiPolygon"},"properties":{"Kelas":"Sangat Rendah"}},{"type":"Feature","geometry":{"coordinates":[[[[110.42674491306671,-7.776694990509917],[110.42584569628343,-7.776694990509917],[110.42584569628343,-7.774896556943364],[110.42674491306671,-7.774896556943364],[110.42674491306671,-7.776694990509917]]]],"type":"MultiPolygon"},"properties":{"Kelas":"Cukup Rendah"}},{"type":"Feature","geometry":{"coordinates":[[[[110.24600233962825,-7.777594207293191],[110.24510312284498,-7.777594207293191],[110.24510312284498,-7.775795773726641],[110.2472352501397,-7.77484035589441],[110.24600233962825,-7.777594207293191]]]],"type":"MultiPolygon"},"properties":{"Kelas":"Sangat Rendah"}},{"type":"Feature","geometry":{"coordinates":[[[[110.4231480459336,-7.777594207293191],[110.4231480459336,-7.776694990509917],[110.4231480459336,-7.774896556943364],[110.4231480459336,-7.773997340160088],[110.42494647950015,-7.773997340160088],[110.42421235329819,-7.77686008109122],[110.4231480459336,-7.777594207293191]]]],"type":"MultiPolygon"},"properties":{"Kelas":"Cukup Rendah"}},{"type":"Feature","geometry":{"coordinates":[[[[110.43843473124929,-7.777594207293191],[110.43753551446602,-7.777594207293191],[110.43753551446602,-7.775795773726641],[110.43843473124929,-7.775795773726641],[110.43843473124929,-7.777594207293191]]]],"type":"MultiPolygon"},"properties":{"Kelas":"Sangat Rendah"}},{"type":"Feature","geometry":{"coordinates":[[[[110.43843473124929,-7.777594207293191],[110.43843473124929,-7.775795773726641],[110.4396887171541,-7.776694990509917],[110.43843473124929,-7.777594207293191]]]],"type":"MultiPolygon"},"properties":{"Kelas":"Cukup Rendah"}},{"type":"Feature","geometry":{"coordinates":[[[[110.24600233962825,-7.777594207293191],[110.2472352501397,-7.77484035589441],[110.24510312284498,-7.775795773726641],[110.24450598669983,-7.774594476305232],[110.2442039060617,-7.773098123376812],[110.24600233962825,-7.773098123376812],[110.24600233962825,-7.771299689810261],[110.24600233962825,-7.770400473026985],[110.24690155641153,-7.770400473026985],[110.24690155641153,-7.773098123376812],[110.24869998997808,-7.773098123376812],[110.24869998997808,-7.773997340160088],[110.24869998997808,-7.774896556943364],[110.2478007731948,-7.774896556943364],[110.2478007731948,-7.776694990509917],[110.24713514202125,-7.77890790681251],[110.24600233962825,-7.777594207293191]]]],"type":"MultiPolygon"},"properties":{"Kelas":"Cukup Rendah"}},{"type":"Feature","geometry":{"coordinates":[[[[110.28107179417601,-7.778493424076467],[110.28017257739273,-7.778493424076467],[110.28062218578438,-7.777341302572896],[110.28107179417601,-7.778493424076467]]]],"type":"MultiPolygon"},"properties":{"Kelas":"Cukup Rendah"}},{"type":"Feature","geometry":{"coordinates":[[[[110.3530619,-7.7700467],[110.3531763,-7.7705364],[110.3532831,-7.7708225],[110.3533448,-7.7710996],[110.3533444,-7.7713562],[110.3533378,-7.7715166],[110.3533118,-7.7716897],[110.3532215,-7.7718435],[110.3531828,-7.7719333],[110.3530926,-7.7719909],[110.3530024,-7.7720998],[110.3527033,-7.7721071],[110.3524957,-7.7722522],[110.3524957,-7.7722516],[110.3524973,-7.7722311],[110.3524586,-7.7721114],[110.3523829,-7.7720675],[110.3521099200548,-7.77173944150444],[110.3521099200548,-7.770400473026985],[110.3521099200548,-7.769501256243709],[110.35304860862665,-7.769976122227114],[110.3530619,-7.7700467]]]],"type":"MultiPolygon"},"properties":{"Kelas":"Sedang"}},{"type":"Feature","geometry":{"coordinates":[[[[110.42045039558377,-7.778493424076467],[110.41865196201722,-7.778493424076467],[110.41814439629385,-7.775404122666737],[110.41775274523394,-7.772198906593536],[110.4195511788005,-7.771299689810261],[110.42045039558377,-7.771299689810261],[110.42045039558377,-7.772198906593536],[110.4195511788005,-7.772198906593536],[110.4195511788005,-7.775795773726641],[110.42045039558377,-7.775795773726641],[110.42045039558377,-7.778493424076467]]]],"type":"MultiPolygon"},"properties":{"Kelas":"Sedang"}},{"type":"Feature","geometry":{"coordinates":[[[[110.42584569628343,-7.778493424076467],[110.42474977582881,-7.778185196448607],[110.42553834679696,-7.777397503621851],[110.42584569628343,-7.778493424076467]]]],"type":"MultiPolygon"},"properties":{"Kelas":"Cukup Tinggi"}},{"type":"Feature","geometry":{"coordinates":[[[[110.43753551446602,-7.778493424076467],[110.43638339296244,-7.77804381568483],[110.43753551446602,-7.777594207293191],[110.43843473124929,-7.777594207293191],[110.43843473124929,-7.778493424076467],[110.43753551446602,-7.778493424076467]]]],"type":"MultiPolygon"},"properties":{"Kelas":"Cukup Rendah"}},{"type":"Feature","geometry":{"coordinates":[[[[110.4681088850974,-7.778493424076467],[110.4681088850974,-7.777594207293191],[110.46900810188068,-7.777594207293191],[110.46900810188068,-7.778493424076467],[110.4681088850974,-7.778493424076467]]]],"type":"MultiPolygon"},"properties":{"Kelas":"Cukup Rendah"}},{"type":"Feature","geometry":{"coordinates":[[[[110.2774749270429,-7.779392640859744],[110.27657571025964,-7.779392640859744],[110.27657571025964,-7.777594207293191],[110.2774749270429,-7.777594207293191],[110.2774749270429,-7.779392640859744]]]],"type":"MultiPolygon"},"properties":{"Kelas":"Cukup Rendah"}},{"type":"Feature","geometry":{"coordinates":[[[[110.27837414382618,-7.779392640859744],[110.2774749270429,-7.779392640859744],[110.2774749270429,-7.777594207293191],[110.27837414382618,-7.777594207293191],[110.27837414382618,-7.779392640859744]]]],"type":"MultiPolygon"},"properties":{"Kelas":"Sangat Rendah"}},{"type":"Feature","geometry":{"coordinates":[[[[110.28197101095928,-7.779392640859744],[110.28107179417601,-7.779392640859744],[110.28107179417601,-7.778493424076467],[110.28197101095928,-7.778493424076467],[110.28197101095928,-7.779392640859744]]]],"type":"MultiPolygon"},"properties":{"Kelas":"Cukup Rendah"}},{"type":"Feature","geometry":{"coordinates":[[[[110.28287022774256,-7.779392640859744],[110.28197101095928,-7.779392640859744],[110.28197101095928,-7.778493424076467],[110.28287022774256,-7.778493424076467],[110.28287022774256,-7.779392640859744]]]],"type":"MultiPolygon"},"properties":{"Kelas":"Sangat Rendah"}},{"type":"Feature","geometry":{"coordinates":[[[[110.28466866130911,-7.779392640859744],[110.28503396812732,-7.777324617886487],[110.28581024511601,-7.778904394246949],[110.28466866130911,-7.779392640859744]]]],"type":"MultiPolygon"},"properties":{"Kelas":"Sedang"}},{"type":"Feature","geometry":{"coordinates":[[[[110.31344359837394,-7.779392640859744],[110.31229147687037,-7.778943032468106],[110.31344359837394,-7.778493424076467],[110.31344359837394,-7.779392640859744]]]],"type":"MultiPolygon"},"properties":{"Kelas":"Cukup Rendah"}},{"type":"Feature","geometry":{"coordinates":[[[[110.31614124872377,-7.779392640859744],[110.31614124872377,-7.776694990509917],[110.31697723932697,-7.775436613898163],[110.31825581319069,-7.778864877884404],[110.31614124872377,-7.779392640859744]]]],"type":"MultiPolygon"},"properties":{"Kelas":"Sangat Rendah"}},{"type":"Feature","geometry":{"coordinates":[[[[110.42045039558377,-7.779392640859744],[110.41865196201722,-7.779392640859744],[110.41865196201722,-7.778493424076467],[110.42045039558377,-7.778493424076467],[110.42045039558377,-7.779392640859744]]]],"type":"MultiPolygon"},"properties":{"Kelas":"Cukup Tinggi"}},{"type":"Feature","geometry":{"coordinates":[[[[110.4420315983824,-7.779392640859744],[110.44113238159912,-7.779392640859744],[110.44051943890896,-7.77890175982278],[110.44113238159912,-7.773997340160088],[110.4420315983824,-7.773997340160088],[110.4420315983824,-7.779392640859744]]]],"type":"MultiPolygon"},"properties":{"Kelas":"Cukup Rendah"}},{"type":"Feature","geometry":{"coordinates":[[[[110.4420315983824,-7.779392640859744],[110.4420315983824,-7.773997340160088],[110.44468534166273,-7.77334575924877],[110.44641001135253,-7.774537397114887],[110.44391433352239,-7.778909663095289],[110.4420315983824,-7.779392640859744]]]],"type":"MultiPolygon"},"properties":{"Kelas":"Sangat Rendah"}},{"type":"Feature","geometry":{"coordinates":[[[[110.26398667529376,-7.78029185764302],[110.2630874585105,-7.78029185764302],[110.26353706690213,-7.779139736139447],[110.26398667529376,-7.78029185764302]]]],"type":"MultiPolygon"},"properties":{"Kelas":"Cukup Rendah"}},{"type":"Feature","geometry":{"coordinates":[[[[110.26578510886031,-7.78029185764302],[110.26488589207705,-7.78029185764302],[110.26533550046868,-7.779139736139447],[110.26578510886031,-7.78029185764302]]]],"type":"MultiPolygon"},"properties":{"Kelas":"Sedang"}},{"type":"Feature","geometry":{"coordinates":[[[[110.2774749270429,-7.779392640859744],[110.27837414382618,-7.779392640859744],[110.27927336060947,-7.779392640859744],[110.27837414382618,-7.780647504905936],[110.2774749270429,-7.779392640859744]]]],"type":"MultiPolygon"},"properties":{"Kelas":"Cukup Rendah"}},{"type":"Feature","geometry":{"coordinates":[[[[110.42494647950015,-7.78029185764302],[110.42404726271688,-7.78029185764302],[110.42404726271688,-7.779392640859744],[110.42494647950015,-7.779392640859744],[110.42494647950015,-7.78029185764302]]]],"type":"MultiPolygon"},"properties":{"Kelas":"Cukup Rendah"}},{"type":"Feature","geometry":{"coordinates":[[[[110.42764412984998,-7.78029185764302],[110.42674491306671,-7.78029185764302],[110.42674491306671,-7.776694990509917],[110.42764412984998,-7.776694990509917],[110.42764412984998,-7.78029185764302]]]],"type":"MultiPolygon"},"properties":{"Kelas":"Cukup Rendah"}},{"type":"Feature","geometry":{"coordinates":[[[[110.42764412984998,-7.78029185764302],[110.42764412984998,-7.776694990509917],[110.42674491306671,-7.776694990509917],[110.42674491306671,-7.774896556943364],[110.43017844590129,-7.775210931560954],[110.4296726364607,-7.776245382118278],[110.43011873228677,-7.777157771022402],[110.42883840214027,-7.779687696366755],[110.42764412984998,-7.78029185764302]]]],"type":"MultiPolygon"},"properties":{"Kelas":"Sangat Rendah"}},{"type":"Feature","geometry":{"coordinates":[[[[110.43753551446602,-7.78029185764302],[110.43663629768274,-7.78029185764302],[110.43663629768274,-7.779392640859744],[110.43753551446602,-7.779392640859744],[110.43753551446602,-7.78029185764302]]]],"type":"MultiPolygon"},"properties":{"Kelas":"Sedang"}},{"type":"Feature","geometry":{"coordinates":[[[[110.43843473124929,-7.78029185764302],[110.43753551446602,-7.78029185764302],[110.43753551446602,-7.779392640859744],[110.43843473124929,-7.779392640859744],[110.43843473124929,-7.78029185764302]]]],"type":"MultiPolygon"},"properties":{"Kelas":"Cukup Tinggi"}},{"type":"Feature","geometry":{"coordinates":[[[[110.2239594,-7.7805418],[110.2235322,-7.7797631],[110.2231736,-7.7793139],[110.2220979,-7.7787241],[110.2213385,-7.7780531],[110.2210412,-7.7776529],[110.2207235,-7.7772219],[110.2204264,-7.7767294],[110.2203351,-7.7761143],[110.2203155,-7.7755916],[110.2203262,-7.7753764],[110.2203471,-7.7751407],[110.2203887,-7.7748949],[110.220471,-7.7748233],[110.2207183,-7.7744548],[110.2207471,-7.7744282],[110.2207295,-7.7744077],[110.2209241,-7.7742387],[110.2212739,-7.7740036],[110.22128820352962,-7.773997340160088],[110.2217234864798,-7.773997340160088],[110.220748749537,-7.775959108025164],[110.22321983940822,-7.7787955047146],[110.22442113682963,-7.781191074426296],[110.22431443676722,-7.781191074426296],[110.2239594,-7.7805418]]]],"type":"MultiPolygon"},"properties":{"Kelas":"Cukup Tinggi"}},{"type":"Feature","geometry":{"coordinates":[[[[110.26578510886031,-7.781191074426296],[110.26578510886031,-7.78029185764302],[110.2669372303639,-7.780741466034657],[110.26578510886031,-7.781191074426296]]]],"type":"MultiPolygon"},"properties":{"Kelas":"Sedang"}},{"type":"Feature","geometry":{"coordinates":[[[[110.28376944452584,-7.781191074426296],[110.28197101095928,-7.781191074426296],[110.28197101095928,-7.779392640859744],[110.28287022774256,-7.779392640859744],[110.28466866130911,-7.779392640859744],[110.28466866130911,-7.781191074426296],[110.28376944452584,-7.781191074426296]]]],"type":"MultiPolygon"},"properties":{"Kelas":"Cukup Rendah"}},{"type":"Feature","geometry":{"coordinates":[[[[110.3152420319405,-7.781191074426296],[110.3152420319405,-7.776694990509917],[110.31614124872377,-7.776694990509917],[110.31614124872377,-7.779392640859744],[110.31614124872377,-7.781191074426296],[110.3152420319405,-7.781191074426296]]]],"type":"MultiPolygon"},"properties":{"Kelas":"Cukup Rendah"}},{"type":"Feature","geometry":{"coordinates":[[[[110.42494647950015,-7.781191074426296],[110.42404726271688,-7.781191074426296],[110.42404726271688,-7.78029185764302],[110.42494647950015,-7.78029185764302],[110.42494647950015,-7.781191074426296]]]],"type":"MultiPolygon"},"properties":{"Kelas":"Sangat Rendah"}},{"type":"Feature","geometry":{"coordinates":[[[[110.42494647950015,-7.781191074426296],[110.42494647950015,-7.78029185764302],[110.42609860100373,-7.780741466034657],[110.42494647950015,-7.781191074426296]]]],"type":"MultiPolygon"},"properties":{"Kelas":"Cukup Rendah"}},{"type":"Feature","geometry":{"coordinates":[[[[110.43483786411619,-7.781191074426296],[110.43368574261262,-7.780741466034657],[110.43483786411619,-7.78029185764302],[110.43483786411619,-7.781191074426296]]]],"type":"MultiPolygon"},"properties":{"Kelas":"Sangat Rendah"}},{"type":"Feature","geometry":{"coordinates":[[[[110.47350418579705,-7.781191074426296],[110.47080653544722,-7.781191074426296],[110.4702427686749,-7.780802057790561],[110.47106470901586,-7.777138451911824],[110.47223790591279,-7.77632792740893],[110.47260496901377,-7.773997340160088],[110.47377289706237,-7.773452892498339],[110.4727419590706,-7.771654458931787],[110.47411712848722,-7.771014293858537],[110.47440340258034,-7.770400473026985],[110.47727316864258,-7.770038678774338],[110.47800026971343,-7.768602039460433],[110.47889948649672,-7.768602039460433],[110.47889948649672,-7.769501256243709],[110.48159713684653,-7.769501256243709],[110.48159713684653,-7.770400473026985],[110.48099297557027,-7.771594745317273],[110.47979870327998,-7.772198906593536],[110.47622115525746,-7.772806580435359],[110.4753026193636,-7.773997340160088],[110.47415049786004,-7.774446948551725],[110.4753026193636,-7.774896556943364],[110.4749460939593,-7.777812864499282],[110.47383085439411,-7.775516524764646],[110.47350418579705,-7.781191074426296]]]],"type":"MultiPolygon"},"properties":{"Kelas":"Cukup Tinggi"}},{"type":"Feature","geometry":{"coordinates":[[[[110.47350418579705,-7.781191074426296],[110.47383085439411,-7.775516524764646],[110.4749460939593,-7.777812864499282],[110.4753026193636,-7.774896556943364],[110.47645474086718,-7.774446948551725],[110.4753026193636,-7.773997340160088],[110.47622115525746,-7.772806580435359],[110.47979870327998,-7.772198906593536],[110.47889948649672,-7.773997340160088],[110.47800026971343,-7.773997340160088],[110.47800026971343,-7.774896556943364],[110.47710105293015,-7.774896556943364],[110.47710105293015,-7.775795773726641],[110.47669535160802,-7.777374671945712],[110.47456849316163,-7.780456948224325],[110.47350418579705,-7.781191074426296]]]],"type":"MultiPolygon"},"properties":{"Kelas":"Sedang"}},{"type":"Feature","geometry":{"coordinates":[[[[110.2244324,-7.7814068],[110.22442113682963,-7.781386202447431],[110.22442113682963,-7.781191074426296],[110.2253203536129,-7.781191074426296],[110.2253203536129,-7.782090291209572],[110.22484071100017,-7.782090291209572],[110.2244324,-7.7814068]]]],"type":"MultiPolygon"},"properties":{"Kelas":"Cukup Tinggi"}},{"type":"Feature","geometry":{"coordinates":[[[[110.26848275921014,-7.782090291209572],[110.26721647932588,-7.781215662385213],[110.2679822186179,-7.779697355922044],[110.27064825587769,-7.777961270394178],[110.27207962634326,-7.777594207293191],[110.27297884312652,-7.777594207293191],[110.27248357138262,-7.779694721497876],[110.2692871367233,-7.780783616821374],[110.26848275921014,-7.782090291209572]]]],"type":"MultiPolygon"},"properties":{"Kelas":"Sangat Rendah"}},{"type":"Feature","geometry":{"coordinates":[[[[110.27207962634326,-7.782090291209572],[110.27028119277671,-7.782090291209572],[110.26848275921014,-7.782090291209572],[110.2692871367233,-7.780783616821374],[110.27248357138262,-7.779694721497876],[110.27297884312652,-7.777594207293191],[110.27507935733121,-7.778656758374993],[110.27447519605495,-7.78178821057144],[110.27207962634326,-7.782090291209572]]]],"type":"MultiPolygon"},"properties":{"Kelas":"Cukup Rendah"}},{"type":"Feature","geometry":{"coordinates":[[[[110.27927336060947,-7.782090291209572],[110.27817744015485,-7.78178206358171],[110.27896601112299,-7.780994370754954],[110.27927336060947,-7.782090291209572]]]],"type":"MultiPolygon"},"properties":{"Kelas":"Cukup Tinggi"}},{"type":"Feature","geometry":{"coordinates":[[[[110.32783106690636,-7.782090291209572],[110.32783106690636,-7.781191074426296],[110.32873028368964,-7.781191074426296],[110.32873028368964,-7.782090291209572],[110.32783106690636,-7.782090291209572]]]],"type":"MultiPolygon"},"properties":{"Kelas":"Sedang"}},{"type":"Feature","geometry":{"coordinates":[[[[110.3700772,-7.7752235],[110.3700003,-7.7750375],[110.369886,-7.7748854],[110.3697182,-7.7747796],[110.3695045,-7.7746656],[110.369352,-7.7745368],[110.3692909,-7.7744386],[110.3693062,-7.7741296],[110.3693156,-7.77405],[110.3693519,-7.7737114],[110.3693501,-7.7737021],[110.369331,-7.7736977],[110.3693200952273,-7.773612523540748],[110.37009425572032,-7.773997340160088],[110.37009425572032,-7.774896556943364],[110.37009425572032,-7.775223430667804],[110.3700772,-7.7752235]]]],"type":"MultiPolygon"},"properties":{"Kelas":"Cukup Rendah"}},{"type":"Feature","geometry":{"coordinates":[[[[110.39886919278516,-7.782090291209572],[110.39777327233054,-7.78178206358171],[110.39856184329868,-7.780994370754954],[110.39886919278516,-7.782090291209572]]]],"type":"MultiPolygon"},"properties":{"Kelas":"Cukup Tinggi"}},{"type":"Feature","geometry":{"coordinates":[[[[110.39976840956842,-7.782090291209572],[110.39911331609156,-7.778100016733784],[110.39976840956842,-7.777594207293191],[110.4006676263517,-7.777594207293191],[110.4006676263517,-7.778493424076467],[110.4006676263517,-7.781191074426296],[110.4006676263517,-7.782090291209572],[110.39976840956842,-7.782090291209572]]]],"type":"MultiPolygon"},"properties":{"Kelas":"Cukup Rendah"}},{"type":"Feature","geometry":{"coordinates":[[[[110.4006676263517,-7.781191074426296],[110.4006676263517,-7.778493424076467],[110.40276814055639,-7.779555975158269],[110.40212885362453,-7.781917297355758],[110.4006676263517,-7.781191074426296]]]],"type":"MultiPolygon"},"properties":{"Kelas":"Sangat Rendah"}},{"type":"Feature","geometry":{"coordinates":[[[[110.43843473124929,-7.78029185764302],[110.44063359728965,-7.780920606878201],[110.43904943022224,-7.782444182189709],[110.43843473124929,-7.78029185764302]]]],"type":"MultiPolygon"},"properties":{"Kelas":"Cukup Tinggi"}},{"type":"Feature","geometry":{"coordinates":[[[[110.31164516480739,-7.782989507992847],[110.31039117890259,-7.782090291209572],[110.31164516480739,-7.781191074426296],[110.31164516480739,-7.782989507992847]]]],"type":"MultiPolygon"},"properties":{"Kelas":"Sangat Rendah"}},{"type":"Feature","geometry":{"coordinates":[[[[110.3152420319405,-7.782989507992847],[110.3152420319405,-7.782090291209572],[110.31639415344407,-7.782539899601209],[110.3152420319405,-7.782989507992847]]]],"type":"MultiPolygon"},"properties":{"Kelas":"Cukup Rendah"}},{"type":"Feature","geometry":{"coordinates":[[[[110.32513341655653,-7.782989507992847],[110.32513341655653,-7.782090291209572],[110.32596238202862,-7.777215728354138],[110.32783106690636,-7.776694990509917],[110.32902533919665,-7.776090829233652],[110.32993158111104,-7.77429942079822],[110.33052871725619,-7.773997340160088],[110.3301616541552,-7.777227144192207],[110.32873028368964,-7.779392640859744],[110.3269388752542,-7.780298882774138],[110.32573055270167,-7.782687427354716],[110.32513341655653,-7.782989507992847]]]],"type":"MultiPolygon"},"properties":{"Kelas":"Sedang"}},{"type":"Feature","geometry":{"coordinates":[[[[110.43663629768274,-7.782989507992847],[110.43573708089947,-7.782989507992847],[110.43573708089947,-7.781191074426296],[110.43663629768274,-7.781191074426296],[110.43663629768274,-7.782989507992847]]]],"type":"MultiPolygon"},"properties":{"Kelas":"Sangat Rendah"}},{"type":"Feature","geometry":{"coordinates":[[[[110.4420315983824,-7.782989507992847],[110.44113238159912,-7.782989507992847],[110.44113238159912,-7.78029185764302],[110.44292203375177,-7.781197221416026],[110.4420315983824,-7.782989507992847]]]],"type":"MultiPolygon"},"properties":{"Kelas":"Cukup Rendah"}},{"type":"Feature","geometry":{"coordinates":[[[[110.2251007,-7.7824698],[110.224936,-7.7822498],[110.22484071100017,-7.782090291209572],[110.2253203536129,-7.782090291209572],[110.2253203536129,-7.782762541028863],[110.2251007,-7.7824698]]],[[[110.22431443676722,-7.781191074426296],[110.22442113682963,-7.781191074426296],[110.22442113682963,-7.781386202447431],[110.22431443676722,-7.781191074426296]]]],"type":"MultiPolygon"},"properties":{"Kelas":"Sedang"}},{"type":"Feature","geometry":{"coordinates":[[[[110.23521173822894,-7.783888724776123],[110.23557704504715,-7.781820701802866],[110.23635332203584,-7.78340047816333],[110.23521173822894,-7.783888724776123]]]],"type":"MultiPolygon"},"properties":{"Kelas":"Cukup Rendah"}},{"type":"Feature","geometry":{"coordinates":[[[[110.26398667529376,-7.783888724776123],[110.2630874585105,-7.783888724776123],[110.26185630428182,-7.783100153807977],[110.2630874585105,-7.78029185764302],[110.26398667529376,-7.78029185764302],[110.26398667529376,-7.783888724776123]]]],"type":"MultiPolygon"},"properties":{"Kelas":"Sangat Rendah"}},{"type":"Feature","geometry":{"coordinates":[[[[110.26398667529376,-7.783888724776123],[110.26398667529376,-7.78029185764302],[110.26488589207705,-7.78029185764302],[110.26578510886031,-7.78029185764302],[110.26578510886031,-7.781191074426296],[110.26578510886031,-7.782090291209572],[110.26488589207705,-7.782090291209572],[110.26488589207705,-7.783888724776123],[110.26398667529376,-7.783888724776123]]]],"type":"MultiPolygon"},"properties":{"Kelas":"Cukup Rendah"}},{"type":"Feature","geometry":{"coordinates":[[[[110.32513341655653,-7.783888724776123],[110.32387943065173,-7.782989507992847],[110.32513341655653,-7.782090291209572],[110.32513341655653,-7.782989507992847],[110.32513341655653,-7.783888724776123]]]],"type":"MultiPolygon"},"properties":{"Kelas":"Cukup Rendah"}},{"type":"Feature","geometry":{"coordinates":[[[[110.39617154243533,-7.783888724776123],[110.39527232565206,-7.783888724776123],[110.39527232565206,-7.782989507992847],[110.39617154243533,-7.782989507992847],[110.39617154243533,-7.783888724776123]]]],"type":"MultiPolygon"},"properties":{"Kelas":"Sedang"}},{"type":"Feature","geometry":{"coordinates":[[[[110.41865196201722,-7.783888724776123],[110.41775274523394,-7.783888724776123],[110.41775274523394,-7.778493424076467],[110.41865196201722,-7.778493424076467],[110.41865196201722,-7.779392640859744],[110.42045039558377,-7.779392640859744],[110.42045039558377,-7.781191074426296],[110.41865196201722,-7.781191074426296],[110.41865196201722,-7.783888724776123]]]],"type":"MultiPolygon"},"properties":{"Kelas":"Tinggi"}},{"type":"Feature","geometry":{"coordinates":[[[[110.42224882915033,-7.783888724776123],[110.42257725403016,-7.782258894356435],[110.42404726271688,-7.782989507992847],[110.42404726271688,-7.783888724776123],[110.42224882915033,-7.783888724776123]]]],"type":"MultiPolygon"},"properties":{"Kelas":"Sangat Rendah"}},{"type":"Feature","geometry":{"coordinates":[[[[110.42854334663326,-7.783888724776123],[110.42854334663326,-7.782989507992847],[110.43063332314127,-7.783439116384486],[110.42854334663326,-7.783888724776123]]]],"type":"MultiPolygon"},"properties":{"Kelas":"Sangat Rendah"}},{"type":"Feature","geometry":{"coordinates":[[[[110.43753551446602,-7.783888724776123],[110.43663629768274,-7.783888724776123],[110.43663629768274,-7.782989507992847],[110.43663629768274,-7.781191074426296],[110.43573708089947,-7.781191074426296],[110.43483786411619,-7.781191074426296],[110.43483786411619,-7.78029185764302],[110.43483786411619,-7.779392640859744],[110.43663629768274,-7.779392640859744],[110.43663629768274,-7.78029185764302],[110.43753551446602,-7.78029185764302],[110.43753551446602,-7.783888724776123]]]],"type":"MultiPolygon"},"properties":{"Kelas":"Cukup Rendah"}},{"type":"Feature","geometry":{"coordinates":[[[[110.47080653544722,-7.783888724776123],[110.46794028195053,-7.783526930523477],[110.47080653544722,-7.782090291209572],[110.47080653544722,-7.783888724776123]]]],"type":"MultiPolygon"},"properties":{"Kelas":"Cukup Tinggi"}},{"type":"Feature","geometry":{"coordinates":[[[[110.2267975,-7.7836789],[110.2259278,-7.7831591],[110.2253252,-7.782769],[110.2253203536129,-7.782762541028863],[110.2253203536129,-7.782090291209572],[110.22651462590319,-7.782694452485835],[110.22711878717945,-7.783888724776123],[110.22711878717945,-7.783953234982032],[110.2267975,-7.7836789]]]],"type":"MultiPolygon"},"properties":{"Kelas":"Cukup Tinggi"}},{"type":"Feature","geometry":{"coordinates":[[[[110.2276597,-7.7844151],[110.22711878717945,-7.783953234982032],[110.22711878717945,-7.783888724776123],[110.22801800396273,-7.783888724776123],[110.22801800396273,-7.784787941559399],[110.22791216778671,-7.784787941559399],[110.2276597,-7.7844151]]]],"type":"MultiPolygon"},"properties":{"Kelas":"Tinggi"}},{"type":"Feature","geometry":{"coordinates":[[[[110.23431252144566,-7.784787941559399],[110.23431252144566,-7.783888724776123],[110.23521173822894,-7.783888724776123],[110.23521173822894,-7.784787941559399],[110.23431252144566,-7.784787941559399]]]],"type":"MultiPolygon"},"properties":{"Kelas":"Cukup Rendah"}},{"type":"Feature","geometry":{"coordinates":[[[[110.26128902494395,-7.784787941559399],[110.25949059137739,-7.784787941559399],[110.26038980816067,-7.783533077513207],[110.26128902494395,-7.784787941559399]]]],"type":"MultiPolygon"},"properties":{"Kelas":"Cukup Rendah"}},{"type":"Feature","geometry":{"coordinates":[[[[110.26848275921014,-7.784787941559399],[110.26848275921014,-7.782090291209572],[110.27028119277671,-7.782090291209572],[110.27028119277671,-7.782989507992847],[110.26938197599343,-7.782989507992847],[110.26938197599343,-7.784787941559399],[110.26848275921014,-7.784787941559399]]]],"type":"MultiPolygon"},"properties":{"Kelas":"Sedang"}},{"type":"Feature","geometry":{"coordinates":[[[[110.3152420319405,-7.784787941559399],[110.3152420319405,-7.783888724776123],[110.31639415344407,-7.784338333167762],[110.3152420319405,-7.784787941559399]]]],"type":"MultiPolygon"},"properties":{"Kelas":"Cukup Rendah"}},{"type":"Feature","geometry":{"coordinates":[[[[110.3260326333398,-7.784787941559399],[110.3260326333398,-7.783888724776123],[110.32718475484337,-7.784338333167762],[110.3260326333398,-7.784787941559399]]]],"type":"MultiPolygon"},"properties":{"Kelas":"Tinggi"}},{"type":"Feature","geometry":{"coordinates":[[[[110.42224882915033,-7.784787941559399],[110.42224882915033,-7.783888724776123],[110.42404726271688,-7.783888724776123],[110.42404726271688,-7.782989507992847],[110.42404726271688,-7.781191074426296],[110.42494647950015,-7.781191074426296],[110.42494647950015,-7.784787941559399],[110.42224882915033,-7.784787941559399]]]],"type":"MultiPolygon"},"properties":{"Kelas":"Cukup Rendah"}},{"type":"Feature","geometry":{"coordinates":[[[[110.42674491306671,-7.784787941559399],[110.42764412984998,-7.781191074426296],[110.42854334663326,-7.781191074426296],[110.42854334663326,-7.782989507992847],[110.42854334663326,-7.783888724776123],[110.42854334663326,-7.784787941559399],[110.42674491306671,-7.784787941559399]]]],"type":"MultiPolygon"},"properties":{"Kelas":"Cukup Rendah"}},{"type":"Feature","geometry":{"coordinates":[[[[110.2284377,-7.7855614],[110.2280268,-7.784957],[110.2280259,-7.7849559],[110.22801800396273,-7.784944239221851],[110.22801800396273,-7.784787941559399],[110.22891722074601,-7.784787941559399],[110.22891722074601,-7.785687158342675],[110.22847783005024,-7.785687158342675],[110.2284377,-7.7855614]]]],"type":"MultiPolygon"},"properties":{"Kelas":"Tinggi"}},{"type":"Feature","geometry":{"coordinates":[[[[110.26398667529376,-7.785687158342675],[110.2630874585105,-7.785687158342675],[110.2630874585105,-7.783888724776123],[110.26398667529376,-7.783888724776123],[110.26398667529376,-7.785687158342675]]]],"type":"MultiPolygon"},"properties":{"Kelas":"Cukup Rendah"}},{"type":"Feature","geometry":{"coordinates":[[[[110.26398667529376,-7.785687158342675],[110.26398667529376,-7.783888724776123],[110.26488589207705,-7.783888724776123],[110.26488589207705,-7.782090291209572],[110.26578510886031,-7.782090291209572],[110.26608718949845,-7.783586644137991],[110.2666843256436,-7.784787941559399],[110.26518797271518,-7.785090022197531],[110.26398667529376,-7.785687158342675]]]],"type":"MultiPolygon"},"properties":{"Kelas":"Sedang"}},{"type":"Feature","geometry":{"coordinates":[[[[110.2666843256436,-7.784787941559399],[110.26758354242688,-7.784787941559399],[110.26713393403523,-7.785940063062972],[110.2666843256436,-7.784787941559399]]]],"type":"MultiPolygon"},"properties":{"Kelas":"Sangat Rendah"}},{"type":"Feature","geometry":{"coordinates":[[[[110.27118040955997,-7.785687158342675],[110.27028119277671,-7.785687158342675],[110.27028119277671,-7.782989507992847],[110.27362866775506,-7.784337455026371],[110.27157206061987,-7.785179592619302],[110.27118040955997,-7.785687158342675]]]],"type":"MultiPolygon"},"properties":{"Kelas":"Tinggi"}},{"type":"Feature","geometry":{"coordinates":[[[[110.27837414382618,-7.785687158342675],[110.2774749270429,-7.785687158342675],[110.2774749270429,-7.782989507992847],[110.28017257739273,-7.782989507992847],[110.28017257739273,-7.783888724776123],[110.27927336060947,-7.783888724776123],[110.27837414382618,-7.783888724776123],[110.27837414382618,-7.785687158342675]]]],"type":"MultiPolygon"},"properties":{"Kelas":"Cukup Rendah"}},{"type":"Feature","geometry":{"coordinates":[[[[110.31164516480739,-7.785687158342675],[110.31164516480739,-7.782989507992847],[110.31164516480739,-7.781191074426296],[110.31254438159067,-7.781191074426296],[110.31254438159067,-7.785687158342675],[110.31164516480739,-7.785687158342675]]]],"type":"MultiPolygon"},"properties":{"Kelas":"Cukup Rendah"}},{"type":"Feature","geometry":{"coordinates":[[[[110.3260326333398,-7.785687158342675],[110.3260326333398,-7.784787941559399],[110.32718475484337,-7.784338333167762],[110.3260326333398,-7.783888724776123],[110.32513341655653,-7.783888724776123],[110.32513341655653,-7.782989507992847],[110.32573055270167,-7.782687427354716],[110.3269388752542,-7.780298882774138],[110.32873028368964,-7.779392640859744],[110.32873028368964,-7.781191074426296],[110.32783106690636,-7.781191074426296],[110.32783106690636,-7.782090291209572],[110.32813314754449,-7.783586644137991],[110.32873028368964,-7.784787941559399],[110.32752898626822,-7.785385077704543],[110.3260326333398,-7.785687158342675]]]],"type":"MultiPolygon"},"properties":{"Kelas":"Cukup Tinggi"}},{"type":"Feature","geometry":{"coordinates":[[[[110.39796997600187,-7.785687158342675],[110.39707075921861,-7.785687158342675],[110.39707075921861,-7.778493424076467],[110.39778381002722,-7.778132507965212],[110.39679677910495,-7.77611190462701],[110.39557440629018,-7.775493693088508],[110.39527232565206,-7.774896556943364],[110.39527232565206,-7.773997340160088],[110.39437310886878,-7.773997340160088],[110.39437310886878,-7.772198906593536],[110.39617154243533,-7.772198906593536],[110.39688634952672,-7.772560700846183],[110.39617154243533,-7.773997340160088],[110.39617154243533,-7.774896556943364],[110.39707075921861,-7.774896556943364],[110.39796997600187,-7.774896556943364],[110.39976840956842,-7.774896556943364],[110.4018355544003,-7.775274157741029],[110.40004590224764,-7.776073266405854],[110.39976840956842,-7.777594207293191],[110.39911331609156,-7.778100016733784],[110.39976840956842,-7.782090291209572],[110.39976840956842,-7.782989507992847],[110.39796997600187,-7.782989507992847],[110.39796997600187,-7.785687158342675]],[[110.39886919278516,-7.782090291209572],[110.39856184329868,-7.780994370754954],[110.39777327233054,-7.78178206358171],[110.39886919278516,-7.782090291209572]]]],"type":"MultiPolygon"},"properties":{"Kelas":"Sedang"}},{"type":"Feature","geometry":{"coordinates":[[[[110.42134961236705,-7.785687158342675],[110.42045039558377,-7.785687158342675],[110.42045039558377,-7.784787941559399],[110.42134961236705,-7.784787941559399],[110.42134961236705,-7.785687158342675]]]],"type":"MultiPolygon"},"properties":{"Kelas":"Tinggi"}},{"type":"Feature","geometry":{"coordinates":[[[[110.4231480459336,-7.785687158342675],[110.42224882915033,-7.785687158342675],[110.42224882915033,-7.784787941559399],[110.42494647950015,-7.784787941559399],[110.42494647950015,-7.781191074426296],[110.42609860100373,-7.780741466034657],[110.42494647950015,-7.78029185764302],[110.42494647950015,-7.779392640859744],[110.42404726271688,-7.779392640859744],[110.4231480459336,-7.779392640859744],[110.4231480459336,-7.777594207293191],[110.42421235329819,-7.77686008109122],[110.42494647950015,-7.773997340160088],[110.42584569628343,-7.773997340160088],[110.42584569628343,-7.774896556943364],[110.42584569628343,-7.776694990509917],[110.42674491306671,-7.776694990509917],[110.42674491306671,-7.78029185764302],[110.42764412984998,-7.78029185764302],[110.42764412984998,-7.781191074426296],[110.42674491306671,-7.784787941559399],[110.42674491306671,-7.785687158342675],[110.4231480459336,-7.785687158342675]],[[110.42584569628343,-7.778493424076467],[110.42553834679696,-7.777397503621851],[110.42474977582881,-7.778185196448607],[110.42584569628343,-7.778493424076467]]]],"type":"MultiPolygon"},"properties":{"Kelas":"Sedang"}},{"type":"Feature","geometry":{"coordinates":[[[[110.26038980816067,-7.786586375125951],[110.25949059137739,-7.786586375125951],[110.25949059137739,-7.784787941559399],[110.26128902494395,-7.784787941559399],[110.26038980816067,-7.786586375125951]]]],"type":"MultiPolygon"},"properties":{"Kelas":"Sedang"}},{"type":"Feature","geometry":{"coordinates":[[[[110.27118040955997,-7.786586375125951],[110.27028119277671,-7.786586375125951],[110.26848275921014,-7.785687158342675],[110.26848275921014,-7.784787941559399],[110.26938197599343,-7.784787941559399],[110.26938197599343,-7.782989507992847],[110.27028119277671,-7.782989507992847],[110.27028119277671,-7.785687158342675],[110.27118040955997,-7.785687158342675],[110.27118040955997,-7.786586375125951]]]],"type":"MultiPolygon"},"properties":{"Kelas":"Cukup Tinggi"}},{"type":"Feature","geometry":{"coordinates":[[[[110.2800063,-7.7857028],[110.2797826,-7.785566],[110.2798032,-7.7854935],[110.2798953,-7.7851692],[110.2794354,-7.7849823],[110.279192,-7.7854285],[110.2790568,-7.7855972],[110.27861041099251,-7.786154198090069],[110.27837414382618,-7.785687158342675],[110.27837414382618,-7.783888724776123],[110.27927336060947,-7.783888724776123],[110.28018457549388,-7.78572181202897],[110.2800063,-7.7857028]]]],"type":"MultiPolygon"},"properties":{"Kelas":"Sangat Rendah"}},{"type":"Feature","geometry":{"coordinates":[[[[110.39527232565206,-7.786586375125951],[110.39412020414848,-7.786136766734312],[110.39527232565206,-7.785687158342675],[110.39527232565206,-7.786586375125951]]]],"type":"MultiPolygon"},"properties":{"Kelas":"Sangat Rendah"}},{"type":"Feature","geometry":{"coordinates":[[[[110.39617154243533,-7.786586375125951],[110.39527232565206,-7.786586375125951],[110.39527232565206,-7.785687158342675],[110.39617154243533,-7.785687158342675],[110.39617154243533,-7.786586375125951]]]],"type":"MultiPolygon"},"properties":{"Kelas":"Sedang"}},{"type":"Feature","geometry":{"coordinates":[[[[110.4195218,-7.786451],[110.4191174,-7.7864906],[110.4186596,-7.7865277],[110.41865196201722,-7.786528340074399],[110.41865196201722,-7.785687158342675],[110.4195511788005,-7.785687158342675],[110.4195511788005,-7.786449213306742],[110.4195218,-7.786451]]]],"type":"MultiPolygon"},"properties":{"Kelas":"Sedang"}},{"type":"Feature","geometry":{"coordinates":[[[[110.43843473124929,-7.786586375125951],[110.43843473124929,-7.783888724776123],[110.43753551446602,-7.783888724776123],[110.43753551446602,-7.78029185764302],[110.43843473124929,-7.78029185764302],[110.43843473124929,-7.779392640859744],[110.43753551446602,-7.779392640859744],[110.43753551446602,-7.778493424076467],[110.43843473124929,-7.778493424076467],[110.43843473124929,-7.777594207293191],[110.4396887171541,-7.776694990509917],[110.43843473124929,-7.775795773726641],[110.43843473124929,-7.774896556943364],[110.43753551446602,-7.774896556943364],[110.43753551446602,-7.773997340160088],[110.43933394803257,-7.773997340160088],[110.44023316481585,-7.773997340160088],[110.44113238159912,-7.773997340160088],[110.44051943890896,-7.77890175982278],[110.44113238159912,-7.779392640859744],[110.44113238159912,-7.78029185764302],[110.44113238159912,-7.782989507992847],[110.4420315983824,-7.782989507992847],[110.4420315983824,-7.784787941559399],[110.44113238159912,-7.784787941559399],[110.44023316481585,-7.784787941559399],[110.44023316481585,-7.786586375125951],[110.43933394803257,-7.786586375125951],[110.43843473124929,-7.786586375125951]],[[110.43904943022224,-7.782444182189709],[110.44063359728965,-7.780920606878201],[110.43843473124929,-7.78029185764302],[110.43904943022224,-7.782444182189709]]]],"type":"MultiPolygon"},"properties":{"Kelas":"Sedang"}},{"type":"Feature","geometry":{"coordinates":[[[[110.46990731866396,-7.786586375125951],[110.46990731866396,-7.784787941559399],[110.46720966831413,-7.784787941559399],[110.46613833581843,-7.782632104447151],[110.46780680445927,-7.78178821057144],[110.4681088850974,-7.778493424076467],[110.46900810188068,-7.778493424076467],[110.46900810188068,-7.777594207293191],[110.4677172340375,-7.774388991219991],[110.46720966831413,-7.773997340160088],[110.46558159417721,-7.769857781648016],[110.46720966831413,-7.768602039460433],[110.46720966831413,-7.771299689810261],[110.46720966831413,-7.772198906593536],[110.4681088850974,-7.772198906593536],[110.46990731866396,-7.772198906593536],[110.47013563542532,-7.774668240181985],[110.47141420928905,-7.775992477397981],[110.4717057522305,-7.773997340160088],[110.47260496901377,-7.773997340160088],[110.47223790591279,-7.77632792740893],[110.47106470901586,-7.777138451911824],[110.4702427686749,-7.780802057790561],[110.47080653544722,-7.781191074426296],[110.47080653544722,-7.782090291209572],[110.46794028195053,-7.783526930523477],[110.47080653544722,-7.783888724776123],[110.47080653544722,-7.786586375125951],[110.46990731866396,-7.786586375125951]]]],"type":"MultiPolygon"},"properties":{"Kelas":"Sedang"}},{"type":"Feature","geometry":{"coordinates":[[[[110.26848275921014,-7.787485591909228],[110.26848275921014,-7.785687158342675],[110.27028119277671,-7.786586375125951],[110.27028119277671,-7.787485591909228],[110.26848275921014,-7.787485591909228]]]],"type":"MultiPolygon"},"properties":{"Kelas":"Sedang"}},{"type":"Feature","geometry":{"coordinates":[[[[110.27297884312652,-7.787485591909228],[110.27118040955997,-7.787485591909228],[110.27118040955997,-7.786586375125951],[110.27297884312652,-7.786586375125951],[110.27297884312652,-7.787485591909228]]]],"type":"MultiPolygon"},"properties":{"Kelas":"Cukup Rendah"}},{"type":"Feature","geometry":{"coordinates":[[[[110.2738780599098,-7.787485591909228],[110.27297884312652,-7.787485591909228],[110.27297884312652,-7.786586375125951],[110.27118040955997,-7.786586375125951],[110.27118040955997,-7.785687158342675],[110.2738780599098,-7.785687158342675],[110.2738780599098,-7.787485591909228]]]],"type":"MultiPolygon"},"properties":{"Kelas":"Sedang"}},{"type":"Feature","geometry":{"coordinates":[[[[110.27657571025964,-7.787485591909228],[110.2738780599098,-7.787485591909228],[110.2738780599098,-7.785687158342675],[110.27118040955997,-7.785687158342675],[110.27157206061987,-7.785179592619302],[110.27362866775506,-7.784337455026371],[110.27028119277671,-7.782989507992847],[110.27028119277671,-7.782090291209572],[110.27207962634326,-7.782090291209572],[110.27247127740316,-7.782597856932943],[110.27590832280329,-7.783555031047955],[110.27657571025964,-7.787485591909228]]]],"type":"MultiPolygon"},"properties":{"Kelas":"Cukup Tinggi"}},{"type":"Feature","geometry":{"coordinates":[[[[110.27657571025964,-7.787485591909228],[110.27590832280329,-7.783555031047955],[110.27247127740316,-7.782597856932943],[110.27207962634326,-7.782090291209572],[110.27447519605495,-7.78178821057144],[110.27507935733121,-7.778656758374993],[110.27297884312652,-7.777594207293191],[110.27207962634326,-7.777594207293191],[110.27207962634326,-7.776694990509917],[110.27297884312652,-7.776694990509917],[110.2738780599098,-7.776694990509917],[110.27567649347635,-7.776694990509917],[110.27567649347635,-7.774896556943364],[110.27657571025964,-7.774896556943364],[110.27657571025964,-7.776694990509917],[110.27657571025964,-7.777594207293191],[110.27657571025964,-7.779392640859744],[110.2774749270429,-7.779392640859744],[110.27837414382618,-7.780647504905936],[110.27927336060947,-7.779392640859744],[110.28017257739273,-7.779392640859744],[110.28017257739273,-7.778493424076467],[110.28107179417601,-7.778493424076467],[110.28107179417601,-7.779392640859744],[110.28197101095928,-7.779392640859744],[110.28197101095928,-7.781191074426296],[110.28376944452584,-7.781191074426296],[110.28376944452584,-7.782090291209572],[110.28017257739273,-7.782090291209572],[110.28017257739273,-7.782989507992847],[110.2774749270429,-7.782989507992847],[110.2774749270429,-7.785687158342675],[110.2774749270429,-7.787485591909228],[110.27657571025964,-7.787485591909228]],[[110.27927336060947,-7.782090291209572],[110.27896601112299,-7.780994370754954],[110.27817744015485,-7.78178206358171],[110.27927336060947,-7.782090291209572]]]],"type":"MultiPolygon"},"properties":{"Kelas":"Sedang"}},{"type":"Feature","geometry":{"coordinates":[[[[110.2927616123586,-7.787485591909228],[110.29186239557532,-7.787485591909228],[110.29231200396696,-7.786333470405655],[110.2927616123586,-7.787485591909228]]]],"type":"MultiPolygon"},"properties":{"Kelas":"Cukup Rendah"}},{"type":"Feature","geometry":{"coordinates":[[[[110.4212765,-7.7871724],[110.4211392,-7.7867795],[110.4210629,-7.7865725],[110.42104,-7.7865034],[110.4209942,-7.786347],[110.4208493,-7.7863356],[110.420773,-7.7863446],[110.4205212,-7.7863775],[110.4202008,-7.7864133],[110.4198269,-7.7864343],[110.4197964,-7.7864343],[110.4195511788005,-7.786449213306742],[110.4195511788005,-7.785687158342675],[110.41865196201722,-7.785687158342675],[110.41865196201722,-7.783888724776123],[110.41865196201722,-7.781191074426296],[110.42045039558377,-7.781191074426296],[110.42045039558377,-7.784787941559399],[110.42045039558377,-7.785687158342675],[110.42134961236705,-7.785687158342675],[110.42224882915033,-7.785687158342675],[110.4231480459336,-7.785687158342675],[110.4231480459336,-7.786586375125951],[110.42134961236705,-7.786586375125951],[110.42134961236705,-7.787485591909228],[110.42134714293832,-7.787484357194863],[110.4212765,-7.7871724]]]],"type":"MultiPolygon"},"properties":{"Kelas":"Cukup Tinggi"}},{"type":"Feature","geometry":{"coordinates":[[[[110.4420315983824,-7.787485591909228],[110.44113238159912,-7.787485591909228],[110.44113238159912,-7.786586375125951],[110.4420315983824,-7.786586375125951],[110.4420315983824,-7.787485591909228]]]],"type":"MultiPolygon"},"properties":{"Kelas":"Tinggi"}},{"type":"Feature","geometry":{"coordinates":[[[[110.23431252144566,-7.788384808692502],[110.23431252144566,-7.787485591909228],[110.23521173822894,-7.787485591909228],[110.23521173822894,-7.788384808692502],[110.23431252144566,-7.788384808692502]]]],"type":"MultiPolygon"},"properties":{"Kelas":"Sedang"}},{"type":"Feature","geometry":{"coordinates":[[[[110.28751849964073,-7.787777115343956],[110.28826552844222,-7.787485591909228],[110.28826552844222,-7.788047036080081],[110.28751849964073,-7.787777115343956]]]],"type":"MultiPolygon"},"properties":{"Kelas":"Cukup Rendah"}},{"type":"Feature","geometry":{"coordinates":[[[[110.28826552844222,-7.788047036080081],[110.28826552844222,-7.787485591909228],[110.28837527559484,-7.786613740110744],[110.2886615,-7.7854801],[110.2886615,-7.7854785],[110.2888145,-7.7848741],[110.28859982319013,-7.784829892237481],[110.28864312923989,-7.784485860921267],[110.28976188137064,-7.785090022197531],[110.29096317879204,-7.787485591909228],[110.28917967853145,-7.788377342039524],[110.28826552844222,-7.788047036080081]]]],"type":"MultiPolygon"},"properties":{"Kelas":"Sedang"}},{"type":"Feature","geometry":{"coordinates":[[[[110.31344359837394,-7.788384808692502],[110.31254438159067,-7.788384808692502],[110.31254438159067,-7.787485591909228],[110.31306599757627,-7.786317663860636],[110.31344359837394,-7.788384808692502]]]],"type":"MultiPolygon"},"properties":{"Kelas":"Cukup Tinggi"}},{"type":"Feature","geometry":{"coordinates":[[[[110.31344359837394,-7.788384808692502],[110.31306599757627,-7.786317663860636],[110.31254438159067,-7.787485591909228],[110.31164516480739,-7.787485591909228],[110.31164516480739,-7.785687158342675],[110.31254438159067,-7.785687158342675],[110.31254438159067,-7.781191074426296],[110.31344359837394,-7.779392640859744],[110.31344359837394,-7.778493424076467],[110.31344359837394,-7.776694990509917],[110.31344359837394,-7.775795773726641],[110.31254438159067,-7.775795773726641],[110.31391076959338,-7.772401757254608],[110.31473446621712,-7.776303339450013],[110.3152420319405,-7.776694990509917],[110.3152420319405,-7.781191074426296],[110.3152420319405,-7.782090291209572],[110.3152420319405,-7.782989507992847],[110.3152420319405,-7.783888724776123],[110.3152420319405,-7.784787941559399],[110.3152420319405,-7.786586375125951],[110.31434281515722,-7.786586375125951],[110.31434281515722,-7.787485591909228],[110.31434281515722,-7.788384808692502],[110.31344359837394,-7.788384808692502]]]],"type":"MultiPolygon"},"properties":{"Kelas":"Sedang"}},{"type":"Feature","geometry":{"coordinates":[[[[110.3296295004729,-7.788384808692502],[110.32873028368964,-7.788384808692502],[110.32873028368964,-7.786586375125951],[110.3296295004729,-7.786586375125951],[110.3296295004729,-7.788384808692502]]]],"type":"MultiPolygon"},"properties":{"Kelas":"Cukup Tinggi"}},{"type":"Feature","geometry":{"coordinates":[[[[110.4420315983824,-7.788384808692502],[110.44053524545397,-7.788082728054372],[110.43933394803257,-7.787485591909228],[110.43933394803257,-7.786586375125951],[110.44023316481585,-7.786586375125951],[110.44023316481585,-7.784787941559399],[110.44113238159912,-7.784787941559399],[110.44113238159912,-7.786586375125951],[110.44113238159912,-7.787485591909228],[110.4420315983824,-7.787485591909228],[110.4420315983824,-7.788384808692502]]]],"type":"MultiPolygon"},"properties":{"Kelas":"Cukup Tinggi"}},{"type":"Feature","geometry":{"coordinates":[[[[110.46541123474756,-7.788384808692502],[110.46541123474756,-7.787485591909228],[110.46656335625114,-7.787935200300865],[110.46541123474756,-7.788384808692502]]]],"type":"MultiPolygon"},"properties":{"Kelas":"Cukup Rendah"}},{"type":"Feature","geometry":{"coordinates":[[[[110.46900810188068,-7.788384808692502],[110.46757146256677,-7.787657707621651],[110.46720966831413,-7.784787941559399],[110.46990731866396,-7.784787941559399],[110.46990731866396,-7.786586375125951],[110.46990731866396,-7.787485591909228],[110.46900810188068,-7.787485591909228],[110.46900810188068,-7.788384808692502]]]],"type":"MultiPolygon"},"properties":{"Kelas":"Cukup Tinggi"}},{"type":"Feature","geometry":{"coordinates":[[[[110.46900810188068,-7.788384808692502],[110.46900810188068,-7.787485591909228],[110.46990731866396,-7.787485591909228],[110.46990731866396,-7.788384808692502],[110.46900810188068,-7.788384808692502]]]],"type":"MultiPolygon"},"properties":{"Kelas":"Sedang"}},{"type":"Feature","geometry":{"coordinates":[[[[110.2295365,-7.7891926],[110.2290635,-7.7888025],[110.2288422,-7.7883056],[110.2288422,-7.7875494],[110.2288041,-7.7868579],[110.2286515,-7.7862314],[110.22847783005024,-7.785687158342675],[110.22891722074601,-7.785687158342675],[110.22921930138415,-7.788082728054372],[110.22981643752928,-7.789284025475778],[110.22969450040277,-7.789284025475778],[110.2295365,-7.7891926]]],[[[110.22791216778671,-7.784787941559399],[110.22801800396273,-7.784787941559399],[110.22801800396273,-7.784944239221851],[110.22791216778671,-7.784787941559399]]]],"type":"MultiPolygon"},"properties":{"Kelas":"Cukup Tinggi"}},{"type":"Feature","geometry":{"coordinates":[[[[110.23431252144566,-7.789284025475778],[110.23341330466239,-7.789284025475778],[110.23218741928207,-7.788585024929404],[110.23348706853915,-7.785258625344396],[110.23431252144566,-7.784787941559399],[110.23456542616596,-7.786333470405655],[110.23635859088418,-7.787035983517589],[110.23521173822894,-7.787485591909228],[110.23431252144566,-7.787485591909228],[110.23431252144566,-7.788384808692502],[110.23431252144566,-7.789284025475778]]]],"type":"MultiPolygon"},"properties":{"Kelas":"Cukup Rendah"}},{"type":"Feature","geometry":{"coordinates":[[[[110.26128902494395,-7.789284025475778],[110.26038980816067,-7.789284025475778],[110.26008772752253,-7.787787672547358],[110.25949059137739,-7.786586375125951],[110.26038980816067,-7.786586375125951],[110.26128902494395,-7.786586375125951],[110.26128902494395,-7.789284025475778]]]],"type":"MultiPolygon"},"properties":{"Kelas":"Cukup Tinggi"}},{"type":"Feature","geometry":{"coordinates":[[[[110.2666843256436,-7.789284025475778],[110.2666843256436,-7.787485591909228],[110.26848275921014,-7.787485591909228],[110.26787859793389,-7.788679864199516],[110.2666843256436,-7.789284025475778]]]],"type":"MultiPolygon"},"properties":{"Kelas":"Sangat Rendah"}},{"type":"Feature","geometry":{"coordinates":[[[[110.31344359837394,-7.789284025475778],[110.31344359837394,-7.788384808692502],[110.31434281515722,-7.788384808692502],[110.31434281515722,-7.787485591909228],[110.3152420319405,-7.787485591909228],[110.3152420319405,-7.789284025475778],[110.31344359837394,-7.789284025475778]]]],"type":"MultiPolygon"},"properties":{"Kelas":"Cukup Rendah"}},{"type":"Feature","geometry":{"coordinates":[[[[110.32693185012309,-7.789284025475778],[110.3260326333398,-7.785687158342675],[110.32752898626822,-7.785385077704543],[110.32873028368964,-7.784787941559399],[110.3296295004729,-7.784787941559399],[110.3296295004729,-7.786586375125951],[110.32873028368964,-7.786586375125951],[110.32873028368964,-7.788384808692502],[110.32693185012309,-7.789284025475778]]]],"type":"MultiPolygon"},"properties":{"Kelas":"Sedang"}},{"type":"Feature","geometry":{"coordinates":[[[[110.32873028368964,-7.789284025475778],[110.32873028368964,-7.788384808692502],[110.3296295004729,-7.788384808692502],[110.3296295004729,-7.789284025475778],[110.32873028368964,-7.789284025475778]]]],"type":"MultiPolygon"},"properties":{"Kelas":"Sedang"}},{"type":"Feature","geometry":{"coordinates":[[[[110.43573708089947,-7.789284025475778],[110.43421789629491,-7.788977554130698],[110.4332255965243,-7.786947291237206],[110.43453578347805,-7.786284294487819],[110.43513994475433,-7.785090022197531],[110.43663629768274,-7.784787941559399],[110.43506618087757,-7.787935200300865],[110.43573708089947,-7.789284025475778]]]],"type":"MultiPolygon"},"properties":{"Kelas":"Sangat Rendah"}},{"type":"Feature","geometry":{"coordinates":[[[[110.23341330466239,-7.790183242259054],[110.23341330466239,-7.789284025475778],[110.23431252144566,-7.789284025475778],[110.23431252144566,-7.790183242259054],[110.23341330466239,-7.790183242259054]]]],"type":"MultiPolygon"},"properties":{"Kelas":"Sedang"}},{"type":"Feature","geometry":{"coordinates":[[[[110.26128902494395,-7.790183242259054],[110.26038980816067,-7.790183242259054],[110.26038980816067,-7.789284025475778],[110.26128902494395,-7.789284025475778],[110.26128902494395,-7.790183242259054]]]],"type":"MultiPolygon"},"properties":{"Kelas":"Sedang"}},{"type":"Feature","geometry":{"coordinates":[[[[110.26218824172722,-7.790183242259054],[110.26255003597987,-7.787313476196802],[110.26398667529376,-7.786586375125951],[110.26362488104112,-7.789456141188202],[110.26218824172722,-7.790183242259054]]]],"type":"MultiPolygon"},"properties":{"Kelas":"Sangat Rendah"}},{"type":"Feature","geometry":{"coordinates":[[[[110.2927616123586,-7.790183242259054],[110.29186239557532,-7.790183242259054],[110.29186239557532,-7.788384808692502],[110.29096317879204,-7.788384808692502],[110.29096317879204,-7.787485591909228],[110.29186239557532,-7.787485591909228],[110.2927616123586,-7.787485591909228],[110.29366082914187,-7.787485591909228],[110.29366082914187,-7.789284025475778],[110.2927616123586,-7.789284025475778],[110.2927616123586,-7.790183242259054]]]],"type":"MultiPolygon"},"properties":{"Kelas":"Sedang"}},{"type":"Feature","geometry":{"coordinates":[[[[110.29366082914187,-7.790183242259054],[110.2927616123586,-7.790183242259054],[110.2927616123586,-7.789284025475778],[110.29366082914187,-7.789284025475778],[110.29481295064545,-7.789733633867417],[110.29366082914187,-7.790183242259054]]]],"type":"MultiPolygon"},"properties":{"Kelas":"Cukup Rendah"}},{"type":"Feature","geometry":{"coordinates":[[[[110.4420315983824,-7.790183242259054],[110.4420315983824,-7.789284025475778],[110.44318371988597,-7.789733633867417],[110.4420315983824,-7.790183242259054]]]],"type":"MultiPolygon"},"properties":{"Kelas":"Cukup Rendah"}},{"type":"Feature","geometry":{"coordinates":[[[[110.46720966831413,-7.790183242259054],[110.46541123474756,-7.790183242259054],[110.46541123474756,-7.788384808692502],[110.46656335625114,-7.787935200300865],[110.46541123474756,-7.787485591909228],[110.46661253216898,-7.785090022197531],[110.46720966831413,-7.784787941559399],[110.46757146256677,-7.787657707621651],[110.46900810188068,-7.788384808692502],[110.46840394060442,-7.789579080982792],[110.46720966831413,-7.790183242259054]]]],"type":"MultiPolygon"},"properties":{"Kelas":"Sedang"}},{"type":"Feature","geometry":{"coordinates":[[[[110.2315507,-7.7897576],[110.2309479,-7.7896484],[110.2304215,-7.7895612],[110.2299485,-7.789431],[110.22969450040277,-7.789284025475778],[110.22981643752928,-7.789284025475778],[110.23161487109584,-7.789284025475778],[110.23161487109584,-7.789782268074045],[110.2315507,-7.7897576]]]],"type":"MultiPolygon"},"properties":{"Kelas":"Sedang"}},{"type":"Feature","geometry":{"coordinates":[[[[110.2927616123586,-7.791082459042331],[110.2927616123586,-7.790183242259054],[110.29366082914187,-7.790183242259054],[110.29366082914187,-7.791082459042331],[110.2927616123586,-7.791082459042331]]]],"type":"MultiPolygon"},"properties":{"Kelas":"Sangat Rendah"}},{"type":"Feature","geometry":{"coordinates":[[[[110.32873028368964,-7.791082459042331],[110.32693185012309,-7.790183242259054],[110.32577972861951,-7.789733633867417],[110.32693185012309,-7.789284025475778],[110.32873028368964,-7.788384808692502],[110.32873028368964,-7.789284025475778],[110.32873028368964,-7.791082459042331]]]],"type":"MultiPolygon"},"properties":{"Kelas":"Cukup Tinggi"}},{"type":"Feature","geometry":{"coordinates":[[[[110.3980909,-7.786236],[110.3969617,-7.7862646],[110.3971294,-7.7872149],[110.3971067,-7.7880685],[110.3971139,-7.7882897],[110.3971143,-7.7883136],[110.3971156,-7.7883206],[110.3971152,-7.7883251],[110.3970836,-7.7883291],[110.39620771833883,-7.788384808692502],[110.39527232565206,-7.788384808692502],[110.39617154243533,-7.786586375125951],[110.39617154243533,-7.785687158342675],[110.39617154243533,-7.783888724776123],[110.39617154243533,-7.782989507992847],[110.39527232565206,-7.782989507992847],[110.39586946179719,-7.78178821057144],[110.39647362307346,-7.7787955047146],[110.39707075921861,-7.778493424076467],[110.39707075921861,-7.785687158342675],[110.39796997600187,-7.785687158342675],[110.39810477890572,-7.786236088306929],[110.3980909,-7.786236]]]],"type":"MultiPolygon"},"properties":{"Kelas":"Cukup Rendah"}},{"type":"Feature","geometry":{"coordinates":[[[[110.44113238159912,-7.791082459042331],[110.43893351555877,-7.790453709807149],[110.44051768262618,-7.788930134495642],[110.44113238159912,-7.791082459042331]]]],"type":"MultiPolygon"},"properties":{"Kelas":"Cukup Tinggi"}},{"type":"Feature","geometry":{"coordinates":[[[[110.5285797,-7.7900538],[110.5285849,-7.7900548],[110.5286182,-7.7901082],[110.52878983519221,-7.790270676430627],[110.52830196481071,-7.790145482179287],[110.52827181355418,-7.790011195504262],[110.5285797,-7.7900538]]]],"type":"MultiPolygon"},"properties":{"Kelas":"Cukup Rendah"}},{"type":"Feature","geometry":{"coordinates":[[[[110.2330067,-7.7908861],[110.2328724,-7.7907914],[110.2328342,-7.7907407],[110.2328328,-7.7907389],[110.2325501,-7.7903861],[110.23233570672772,-7.790183242259054],[110.23341330466239,-7.790183242259054],[110.23341330466239,-7.791082459042331],[110.23307856821701,-7.791082459042331],[110.2330067,-7.7908861]]]],"type":"MultiPolygon"},"properties":{"Kelas":"Cukup Tinggi"}},{"type":"Feature","geometry":{"coordinates":[[[[110.2332203,-7.7914697],[110.23307856821701,-7.791082459042331],[110.23341330466239,-7.791082459042331],[110.23341330466239,-7.791981675825607],[110.23330848003498,-7.791981675825607],[110.2332203,-7.7914697]]]],"type":"MultiPolygon"},"properties":{"Kelas":"Tinggi"}},{"type":"Feature","geometry":{"coordinates":[[[[110.29186239557532,-7.791981675825607],[110.29096317879204,-7.791981675825607],[110.29141278718369,-7.790829554322034],[110.29186239557532,-7.791981675825607]]]],"type":"MultiPolygon"},"properties":{"Kelas":"Sedang"}},{"type":"Feature","geometry":{"coordinates":[[[[110.31614124872377,-7.791981675825607],[110.31374567901207,-7.790780378404198],[110.31344359837394,-7.790183242259054],[110.31344359837394,-7.789284025475778],[110.3152420319405,-7.789284025475778],[110.3152420319405,-7.787485591909228],[110.3152420319405,-7.786586375125951],[110.31577769818834,-7.786971001054734],[110.31669096523386,-7.791588268482924],[110.31614124872377,-7.791981675825607]]]],"type":"MultiPolygon"},"properties":{"Kelas":"Sangat Rendah"}},{"type":"Feature","geometry":{"coordinates":[[[[110.4231480459336,-7.791981675825607],[110.42224882915033,-7.791981675825607],[110.42224882915033,-7.787485591909228],[110.4231480459336,-7.787485591909228],[110.4231480459336,-7.791981675825607]]]],"type":"MultiPolygon"},"properties":{"Kelas":"Cukup Rendah"}},{"type":"Feature","geometry":{"coordinates":[[[[110.4231480459336,-7.791981675825607],[110.4231480459336,-7.787485591909228],[110.42713656412661,-7.788163517062243],[110.42610913870041,-7.791478500809184],[110.4231480459336,-7.791981675825607]]]],"type":"MultiPolygon"},"properties":{"Kelas":"Sangat Rendah"}},{"type":"Feature","geometry":{"coordinates":[[[[110.44113238159912,-7.791981675825607],[110.44113238159912,-7.791082459042331],[110.4420315983824,-7.791082459042331],[110.4420315983824,-7.791981675825607],[110.44113238159912,-7.791981675825607]]]],"type":"MultiPolygon"},"properties":{"Kelas":"Cukup Rendah"}},{"type":"Feature","geometry":{"coordinates":[[[[110.31614124872377,-7.792880892608881],[110.31311341721134,-7.792404061834157],[110.31254438159067,-7.790183242259054],[110.31344359837394,-7.790183242259054],[110.31374567901207,-7.790780378404198],[110.31614124872377,-7.791981675825607],[110.31614124872377,-7.792880892608881]]]],"type":"MultiPolygon"},"properties":{"Kelas":"Cukup Rendah"}},{"type":"Feature","geometry":{"coordinates":[[[[110.4231480459336,-7.792880892608881],[110.42224882915033,-7.792880892608881],[110.42224882915033,-7.791981675825607],[110.4231480459336,-7.791981675825607],[110.4231480459336,-7.792880892608881]]]],"type":"MultiPolygon"},"properties":{"Kelas":"Sedang"}},{"type":"Feature","geometry":{"coordinates":[[[[110.46720966831413,-7.792880892608881],[110.46541123474756,-7.791981675825607],[110.46469642765618,-7.7905450365117],[110.46541123474756,-7.790183242259054],[110.46720966831413,-7.790183242259054],[110.46720966831413,-7.792880892608881]]]],"type":"MultiPolygon"},"properties":{"Kelas":"Cukup Tinggi"}},{"type":"Feature","geometry":{"coordinates":[[[[110.2666843256436,-7.789284025475778],[110.2666843256436,-7.792880892608881],[110.26456976117667,-7.793808209916635],[110.26565514393461,-7.789942631518217],[110.2666843256436,-7.789284025475778]]]],"type":"MultiPolygon"},"properties":{"Kelas":"Sangat Rendah"}},{"type":"Feature","geometry":{"coordinates":[[[[110.32063733264015,-7.793780109392157],[110.3188388990736,-7.793780109392157],[110.31810828543719,-7.792310978846826],[110.31973811585688,-7.791981675825607],[110.32063733264015,-7.793780109392157]]]],"type":"MultiPolygon"},"properties":{"Kelas":"Cukup Rendah"}},{"type":"Feature","geometry":{"coordinates":[[[[110.32063733264015,-7.793780109392157],[110.31973811585688,-7.791981675825607],[110.32195103215946,-7.792648185140553],[110.32063733264015,-7.793780109392157]]]],"type":"MultiPolygon"},"properties":{"Kelas":"Sangat Rendah"}},{"type":"Feature","geometry":{"coordinates":[[[[110.39527232565206,-7.788444302464167],[110.39527232565206,-7.788384808692502],[110.39620771833883,-7.788384808692502],[110.39527232565206,-7.788444302464167]]]],"type":"MultiPolygon"},"properties":{"Kelas":"Sedang"}},{"type":"Feature","geometry":{"coordinates":[[[[110.43663629768274,-7.793780109392157],[110.43663629768274,-7.790183242259054],[110.43573708089947,-7.790183242259054],[110.43573708089947,-7.789284025475778],[110.43506618087757,-7.787935200300865],[110.43663629768274,-7.784787941559399],[110.43753551446602,-7.784787941559399],[110.43753551446602,-7.783888724776123],[110.43843473124929,-7.783888724776123],[110.43843473124929,-7.786586375125951],[110.43933394803257,-7.786586375125951],[110.43933394803257,-7.787485591909228],[110.43679963198127,-7.787805235375156],[110.43842770611818,-7.791077190193992],[110.43726153435236,-7.793463978491788],[110.43663629768274,-7.793780109392157]]]],"type":"MultiPolygon"},"properties":{"Kelas":"Cukup Rendah"}},{"type":"Feature","geometry":{"coordinates":[[[[110.43933394803257,-7.793780109392157],[110.438181826529,-7.79333050100052],[110.43933394803257,-7.792880892608881],[110.43933394803257,-7.793780109392157]]]],"type":"MultiPolygon"},"properties":{"Kelas":"Cukup Tinggi"}},{"type":"Feature","geometry":{"coordinates":[[[[110.44023316481585,-7.793780109392157],[110.43933394803257,-7.793780109392157],[110.43933394803257,-7.792880892608881],[110.43933394803257,-7.791981675825607],[110.44113238159912,-7.791981675825607],[110.44023316481585,-7.793780109392157]]]],"type":"MultiPolygon"},"properties":{"Kelas":"Cukup Rendah"}},{"type":"Feature","geometry":{"coordinates":[[[[110.44383003194895,-7.793780109392157],[110.4420315983824,-7.793780109392157],[110.44333300392225,-7.791668179349406],[110.44383003194895,-7.793780109392157]]]],"type":"MultiPolygon"},"properties":{"Kelas":"Cukup Rendah"}},{"type":"Feature","geometry":{"coordinates":[[[[110.48969008789602,-7.793780109392157],[110.4899974373825,-7.792684188937541],[110.49078600835064,-7.793471881764297],[110.48969008789602,-7.793780109392157]]]],"type":"MultiPolygon"},"properties":{"Kelas":"Sedang"}},{"type":"Feature","geometry":{"coordinates":[[[[110.2340596,-7.7945816],[110.2335026,-7.7932197],[110.2333729,-7.7923557],[110.23330848003498,-7.791981675825607],[110.23341330466239,-7.791981675825607],[110.23401044080754,-7.793182973247013],[110.23431252144566,-7.794679326175434],[110.23413567576188,-7.794679326175434],[110.2340596,-7.7945816]]]],"type":"MultiPolygon"},"properties":{"Kelas":"Cukup Tinggi"}},{"type":"Feature","geometry":{"coordinates":[[[[110.26038980816067,-7.794679326175434],[110.25971890813877,-7.79333050100052],[110.26038980816067,-7.791981675825607],[110.26218824172722,-7.791981675825607],[110.26098694430581,-7.794377245537301],[110.26038980816067,-7.794679326175434]]]],"type":"MultiPolygon"},"properties":{"Kelas":"Sedang"}},{"type":"Feature","geometry":{"coordinates":[[[[110.2645553,-7.7941666],[110.2644637,-7.7942214],[110.2643493,-7.7942357],[110.2642501,-7.7941814],[110.2640288,-7.794055],[110.26398667529376,-7.794053920523022],[110.26398667529376,-7.791981675825607],[110.2630874585105,-7.791981675825607],[110.26218824172722,-7.791981675825607],[110.26038980816067,-7.791981675825607],[110.25967500106927,-7.7905450365117],[110.26038980816067,-7.790183242259054],[110.26128902494395,-7.790183242259054],[110.26218824172722,-7.790183242259054],[110.26362488104112,-7.789456141188202],[110.26398667529376,-7.786586375125951],[110.26398667529376,-7.785687158342675],[110.26518797271518,-7.785090022197531],[110.2666843256436,-7.784787941559399],[110.26713393403523,-7.785940063062972],[110.26758354242688,-7.784787941559399],[110.26848275921014,-7.784787941559399],[110.26848275921014,-7.785687158342675],[110.26848275921014,-7.787485591909228],[110.2666843256436,-7.787485591909228],[110.2666843256436,-7.789284025475778],[110.26565514393461,-7.789942631518217],[110.26456976117667,-7.793808209916635],[110.2666843256436,-7.792880892608881],[110.2666843256436,-7.794679326175434],[110.26578510886031,-7.794679326175434],[110.2655639023512,-7.794679326175434],[110.2645553,-7.7941666]]]],"type":"MultiPolygon"},"properties":{"Kelas":"Cukup Rendah"}},{"type":"Feature","geometry":{"coordinates":[[[[110.32693185012309,-7.794679326175434],[110.3260326333398,-7.794679326175434],[110.3260326333398,-7.793780109392157],[110.32693185012309,-7.793780109392157],[110.32693185012309,-7.794679326175434]]]],"type":"MultiPolygon"},"properties":{"Kelas":"Cukup Rendah"}},{"type":"Feature","geometry":{"coordinates":[[[[110.3296295004729,-7.794679326175434],[110.3296295004729,-7.792880892608881],[110.33174055237427,-7.794182298148741],[110.3296295004729,-7.794679326175434]]]],"type":"MultiPolygon"},"properties":{"Kelas":"Cukup Rendah"}},{"type":"Feature","geometry":{"coordinates":[[[[110.43663629768274,-7.794679326175434],[110.43363656669479,-7.793175069974504],[110.43442162509737,-7.790848873432612],[110.43573708089947,-7.790183242259054],[110.43663629768274,-7.790183242259054],[110.43663629768274,-7.793780109392157],[110.43663629768274,-7.794679326175434]]]],"type":"MultiPolygon"},"properties":{"Kelas":"Sangat Rendah"}},{"type":"Feature","geometry":{"coordinates":[[[[110.48969008789602,-7.794679326175434],[110.48879087111274,-7.794679326175434],[110.48879087111274,-7.793780109392157],[110.48969008789602,-7.793780109392157],[110.48969008789602,-7.794679326175434]]]],"type":"MultiPolygon"},"properties":{"Kelas":"Sedang"}},{"type":"Feature","geometry":{"coordinates":[[[[110.2342121,-7.7947775],[110.23413567576188,-7.794679326175434],[110.23431252144566,-7.794679326175434],[110.23431252144566,-7.79509415149399],[110.2342121,-7.7947775]]]],"type":"MultiPolygon"},"properties":{"Kelas":"Sedang"}},{"type":"Feature","geometry":{"coordinates":[[[[110.31254438159067,-7.79557854295871],[110.31254438159067,-7.793780109392157],[110.31614124872377,-7.793780109392157],[110.31614124872377,-7.794679326175434],[110.31374567901207,-7.794981406813566],[110.31254438159067,-7.79557854295871]]]],"type":"MultiPolygon"},"properties":{"Kelas":"Cukup Rendah"}},{"type":"Feature","geometry":{"coordinates":[[[[110.3188388990736,-7.79557854295871],[110.3188388990736,-7.793780109392157],[110.32063733264015,-7.793780109392157],[110.32003317136389,-7.794974381682445],[110.3188388990736,-7.79557854295871]]]],"type":"MultiPolygon"},"properties":{"Kelas":"Sedang"}},{"type":"Feature","geometry":{"coordinates":[[[[110.3296295004729,-7.79557854295871],[110.3284282030515,-7.794981406813566],[110.32693185012309,-7.794679326175434],[110.32693185012309,-7.793780109392157],[110.32693185012309,-7.790183242259054],[110.32873028368964,-7.791082459042331],[110.3296295004729,-7.792880892608881],[110.3296295004729,-7.794679326175434],[110.3296295004729,-7.79557854295871]]]],"type":"MultiPolygon"},"properties":{"Kelas":"Sedang"}},{"type":"Feature","geometry":{"coordinates":[[[[110.4204942,-7.7919473],[110.4204559,-7.7917809],[110.4203949,-7.7915897],[110.4203949,-7.7914667],[110.4204483,-7.7913432],[110.4205597,-7.7908779],[110.4208379,-7.7908783],[110.4210981,-7.7909055],[110.4212237,-7.7909057],[110.4213757,-7.7908584],[110.4215207,-7.7907506],[110.421597,-7.7906452],[110.421604,-7.7905748],[110.4216027,-7.7901713],[110.4212895,-7.7902512],[110.4210138,-7.7902927],[110.4208364,-7.7902459],[110.4207654,-7.7900845],[110.4207654,-7.7899628],[110.4211044,-7.7895694],[110.4212418,-7.7894186],[110.4212424,-7.7894169],[110.4212536,-7.7894045],[110.4213147,-7.7892195],[110.4212994,-7.7891184],[110.421185,-7.7889238],[110.4210629,-7.7887713],[110.4210171,-7.7886559],[110.4210171,-7.7885095],[110.4212918,-7.7881008],[110.4213604,-7.7879463],[110.4213604,-7.7875429],[110.42134714293832,-7.787484357194863],[110.42134961236705,-7.787485591909228],[110.42224882915033,-7.787485591909228],[110.42224882915033,-7.791981675825607],[110.42049959259109,-7.791981675825607],[110.4204942,-7.7919473]]]],"type":"MultiPolygon"},"properties":{"Kelas":"Sedang"}},{"type":"Feature","geometry":{"coordinates":[[[[110.44293081516568,-7.79557854295871],[110.44293081516568,-7.794679326175434],[110.4420315983824,-7.794679326175434],[110.4420315983824,-7.793780109392157],[110.44383003194895,-7.793780109392157],[110.44383003194895,-7.79557854295871],[110.44293081516568,-7.79557854295871]]]],"type":"MultiPolygon"},"properties":{"Kelas":"Sedang"}},{"type":"Feature","geometry":{"coordinates":[[[[110.46631045153084,-7.79557854295871],[110.46511617924055,-7.794974381682445],[110.4645120179643,-7.793780109392157],[110.46631045153084,-7.793780109392157],[110.46631045153084,-7.79557854295871]]]],"type":"MultiPolygon"},"properties":{"Kelas":"Cukup Rendah"}},{"type":"Feature","geometry":{"coordinates":[[[[110.49958147251206,-7.79557854295871],[110.49988882199852,-7.794482622504093],[110.50067739296668,-7.795270315330848],[110.49958147251206,-7.79557854295871]]]],"type":"MultiPolygon"},"properties":{"Kelas":"Tinggi"}},{"type":"Feature","geometry":{"coordinates":[[[[110.5347755,-7.7949858],[110.5348968,-7.7946611],[110.53499915318841,-7.794674260893186],[110.53473766502223,-7.795098605724264],[110.5347755,-7.7949858]]],[[[110.5352707,-7.7942252],[110.53527687001198,-7.794223580082995],[110.53526646146406,-7.794240471147617],[110.5352707,-7.7942252]]]],"type":"MultiPolygon"},"properties":{"Kelas":"Cukup Tinggi"}},{"type":"Feature","geometry":{"coordinates":[[[[110.23611095501222,-7.796477759741986],[110.23521173822894,-7.796477759741986],[110.23521173822894,-7.79557854295871],[110.23611095501222,-7.79557854295871],[110.23611095501222,-7.796477759741986]]]],"type":"MultiPolygon"},"properties":{"Kelas":"Sedang"}},{"type":"Feature","geometry":{"coordinates":[[[[110.25428096174608,-7.796218654315567],[110.254994507461,-7.795222895695794],[110.25589372424429,-7.796477759741986],[110.25500125625766,-7.796477759741986],[110.25428096174608,-7.796218654315567]]]],"type":"MultiPolygon"},"properties":{"Kelas":"Sangat Rendah"}},{"type":"Feature","geometry":{"coordinates":[[[[110.31254438159067,-7.796477759741986],[110.31139226008709,-7.796028151350347],[110.31254438159067,-7.79557854295871],[110.31254438159067,-7.796477759741986]]]],"type":"MultiPolygon"},"properties":{"Kelas":"Cukup Rendah"}},{"type":"Feature","geometry":{"coordinates":[[[[110.421534,-7.7940062],[110.4213869,-7.7940441],[110.4210341,-7.7940143],[110.4207814,-7.7939259],[110.4206846,-7.7937616],[110.4206786,-7.7936234],[110.4207322,-7.7932954],[110.4207032,-7.7930139],[110.4206098,-7.7927039],[110.4205751,-7.7924944],[110.4205753,-7.7923431],[110.4205289,-7.7921685],[110.42049959259109,-7.791981675825607],[110.42224882915033,-7.791981675825607],[110.42224882915033,-7.792880892608881],[110.4231480459336,-7.792880892608881],[110.42404726271688,-7.792880892608881],[110.42404726271688,-7.794679326175434],[110.42172194431637,-7.793523692106302],[110.42166313616895,-7.793990273728861],[110.421534,-7.7940062]]]],"type":"MultiPolygon"},"properties":{"Kelas":"Cukup Tinggi"}},{"type":"Feature","geometry":{"coordinates":[[[[110.4227801,-7.7962074],[110.4227789,-7.796205],[110.4227796,-7.7962036],[110.4228577,-7.7960731],[110.4229004,-7.7959848],[110.422898,-7.7957401],[110.4228464,-7.7955932],[110.4226013,-7.7954461],[110.4224296,-7.7954296],[110.4222792,-7.7954623],[110.4219551,-7.7955349],[110.4218625,-7.7955076],[110.4217182,-7.7953552],[110.4216511,-7.7952009],[110.4216589,-7.7950084],[110.4217007,-7.794914],[110.4217311,-7.7948348],[110.4218261,-7.7945933],[110.4219156,-7.7944084],[110.4219511,-7.7942589],[110.4218866,-7.7941151],[110.4217868,-7.794027],[110.4216986,-7.7939859],[110.42166313616895,-7.793990273728861],[110.42172194431637,-7.793523692106302],[110.42404726271688,-7.794679326175434],[110.42404726271688,-7.79557854295871],[110.4231480459336,-7.79557854295871],[110.4231480459336,-7.796477759741986],[110.42281524159165,-7.796477759741986],[110.4227801,-7.7962074]]]],"type":"MultiPolygon"},"properties":{"Kelas":"Tinggi"}},{"type":"Feature","geometry":{"coordinates":[[[[110.42404726271688,-7.796477759741986],[110.4231480459336,-7.796477759741986],[110.4231480459336,-7.79557854295871],[110.42404726271688,-7.79557854295871],[110.42404726271688,-7.796477759741986]]]],"type":"MultiPolygon"},"properties":{"Kelas":"Cukup Tinggi"}},{"type":"Feature","geometry":{"coordinates":[[[[110.43753551446602,-7.796477759741986],[110.43663629768274,-7.796477759741986],[110.43663629768274,-7.794679326175434],[110.43753551446602,-7.794679326175434],[110.43753551446602,-7.796477759741986]]]],"type":"MultiPolygon"},"properties":{"Kelas":"Cukup Rendah"}},{"type":"Feature","geometry":{"coordinates":[[[[110.46720966831413,-7.794679326175434],[110.4681088850974,-7.794679326175434],[110.4681088850974,-7.79557854295871],[110.46758726911179,-7.796746471007301],[110.46720966831413,-7.794679326175434]]]],"type":"MultiPolygon"},"properties":{"Kelas":"Cukup Rendah"}},{"type":"Feature","geometry":{"coordinates":[[[[110.48879087111274,-7.796477759741986],[110.48807606402136,-7.79611596548934],[110.48879087111274,-7.794679326175434],[110.48969008789602,-7.794679326175434],[110.48969008789602,-7.79557854295871],[110.48969008789602,-7.796477759741986],[110.48879087111274,-7.796477759741986]]]],"type":"MultiPolygon"},"properties":{"Kelas":"Cukup Rendah"}},{"type":"Feature","geometry":{"coordinates":[[[[110.23701017179549,-7.797376976525262],[110.23611095501222,-7.797376976525262],[110.23611095501222,-7.796477759741986],[110.23701017179549,-7.796477759741986],[110.23701017179549,-7.797376976525262]]]],"type":"MultiPolygon"},"properties":{"Kelas":"Sedang"}},{"type":"Feature","geometry":{"coordinates":[[[[110.3260326333398,-7.797376976525262],[110.3260326333398,-7.794679326175434],[110.32693185012309,-7.794679326175434],[110.32693185012309,-7.797376976525262],[110.3260326333398,-7.797376976525262]]]],"type":"MultiPolygon"},"properties":{"Kelas":"Sedang"}},{"type":"Feature","geometry":{"coordinates":[[[[110.3296295004729,-7.797376976525262],[110.3296295004729,-7.796477759741986],[110.33078162197648,-7.796927368133623],[110.3296295004729,-7.797376976525262]]]],"type":"MultiPolygon"},"properties":{"Kelas":"Sedang"}},{"type":"Feature","geometry":{"coordinates":[[[[110.43753551446602,-7.797376976525262],[110.43663629768274,-7.797376976525262],[110.43663629768274,-7.796477759741986],[110.43753551446602,-7.796477759741986],[110.43753551446602,-7.797376976525262]]]],"type":"MultiPolygon"},"properties":{"Kelas":"Sangat Rendah"}},{"type":"Feature","geometry":{"coordinates":[[[[110.4977830389455,-7.797376976525262],[110.4977830389455,-7.796477759741986],[110.49688382216223,-7.796477759741986],[110.49478330795755,-7.795415208660184],[110.49649041481955,-7.793901292903966],[110.49718590280035,-7.795276462320578],[110.49958147251206,-7.79557854295871],[110.49958147251206,-7.797376976525262],[110.4977830389455,-7.797376976525262]]]],"type":"MultiPolygon"},"properties":{"Kelas":"Sedang"}},{"type":"Feature","geometry":{"coordinates":[[[[110.25334109006107,-7.798276193308537],[110.25319607389446,-7.798276193308537],[110.25319607389446,-7.797376976525262],[110.25358007791304,-7.797376976525262],[110.25334109006107,-7.798276193308537]]]],"type":"MultiPolygon"},"properties":{"Kelas":"Sangat Rendah"}},{"type":"Feature","geometry":{"coordinates":[[[[110.2655639023512,-7.794679326175434],[110.26578510886031,-7.794679326175434],[110.26574048752475,-7.794769093803444],[110.2655639023512,-7.794679326175434]]],[[[110.263861,-7.7940507],[110.263716,-7.794106],[110.2636018,-7.7942224],[110.2634795,-7.7945261],[110.2632583,-7.7954116],[110.2631057,-7.7955747],[110.2629455,-7.7957764],[110.2627395,-7.7959933],[110.26239501493727,-7.796198907467319],[110.2630874585105,-7.791981675825607],[110.26398667529376,-7.791981675825607],[110.26398667529376,-7.794053920523022],[110.263861,-7.7940507]]]],"type":"MultiPolygon"},"properties":{"Kelas":"Sedang"}},{"type":"Feature","geometry":{"coordinates":[[[[110.29905612984153,-7.798276193308537],[110.29815691305825,-7.798276193308537],[110.29815691305825,-7.797376976525262],[110.29905612984153,-7.797376976525262],[110.29905612984153,-7.798276193308537]]]],"type":"MultiPolygon"},"properties":{"Kelas":"Cukup Tinggi"}},{"type":"Feature","geometry":{"coordinates":[[[[110.31344359837394,-7.798276193308537],[110.31254438159067,-7.798276193308537],[110.31254438159067,-7.796477759741986],[110.31344359837394,-7.796477759741986],[110.31344359837394,-7.798276193308537]]]],"type":"MultiPolygon"},"properties":{"Kelas":"Cukup Rendah"}},{"type":"Feature","geometry":{"coordinates":[[[[110.31973811585688,-7.798276193308537],[110.31793968229033,-7.797382245373601],[110.31614124872377,-7.798276193308537],[110.31636956548515,-7.796706076503364],[110.31771136552895,-7.795350226197332],[110.31793968229033,-7.793780109392157],[110.3188388990736,-7.793780109392157],[110.3188388990736,-7.79557854295871],[110.31943603521874,-7.796779840380118],[110.31973811585688,-7.798276193308537]]]],"type":"MultiPolygon"},"properties":{"Kelas":"Cukup Rendah"}},{"type":"Feature","geometry":{"coordinates":[[[[110.3349505,-7.7982076],[110.3342486,-7.7981649],[110.33412558438928,-7.798128556381858],[110.33412558438928,-7.797376976525262],[110.33502480117257,-7.797376976525262],[110.33502480117257,-7.797973447145912],[110.3349505,-7.7982076]]]],"type":"MultiPolygon"},"properties":{"Kelas":"Sedang"}},{"type":"Feature","geometry":{"coordinates":[[[[110.3351283,-7.7975097],[110.3351218,-7.7975387],[110.3350575,-7.7978704],[110.33502480117257,-7.797973447145912],[110.33502480117257,-7.797376976525262],[110.3355202350046,-7.797570316557271],[110.3351283,-7.7975097]]]],"type":"MultiPolygon"},"properties":{"Kelas":"Cukup Tinggi"}},{"type":"Feature","geometry":{"coordinates":[[[[110.4224396,-7.7980504],[110.4226837,-7.7976146],[110.4227829,-7.7974352],[110.42279940901453,-7.797376976525262],[110.4231480459336,-7.797376976525262],[110.4231480459336,-7.798276193308537],[110.42237279551983,-7.798276193308537],[110.4224396,-7.7980504]]]],"type":"MultiPolygon"},"properties":{"Kelas":"Cukup Rendah"}},{"type":"Feature","geometry":{"coordinates":[[[[110.4228875,-7.7970663],[110.4228548,-7.7967821],[110.42281524159165,-7.796477759741986],[110.4231480459336,-7.796477759741986],[110.42404726271688,-7.796477759741986],[110.42404726271688,-7.798276193308537],[110.4231480459336,-7.798276193308537],[110.4231480459336,-7.797376976525262],[110.42279940901453,-7.797376976525262],[110.4228875,-7.7970663]]]],"type":"MultiPolygon"},"properties":{"Kelas":"Sedang"}},{"type":"Feature","geometry":{"coordinates":[[[[110.4905893046793,-7.798276193308537],[110.48949338422467,-7.797967965680677],[110.49028195519283,-7.79718027285392],[110.4905893046793,-7.798276193308537]]]],"type":"MultiPolygon"},"properties":{"Kelas":"Cukup Tinggi"}},{"type":"Feature","geometry":{"coordinates":[[[[110.4977830389455,-7.798276193308537],[110.49688382216223,-7.798276193308537],[110.49688382216223,-7.797376976525262],[110.49688382216223,-7.796477759741986],[110.4977830389455,-7.796477759741986],[110.4977830389455,-7.797376976525262],[110.4977830389455,-7.798276193308537]]]],"type":"MultiPolygon"},"properties":{"Kelas":"Cukup Rendah"}},{"type":"Feature","geometry":{"coordinates":[[[[110.2361119,-7.7986681],[110.23611095501222,-7.798658408848774],[110.23611095501222,-7.798276193308537],[110.23701017179549,-7.798276193308537],[110.23701017179549,-7.799175410091813],[110.23611095501222,-7.799175410091813],[110.23611095501222,-7.798671442135664],[110.2361119,-7.7986681]]]],"type":"MultiPolygon"},"properties":{"Kelas":"Tinggi"}},{"type":"Feature","geometry":{"coordinates":[[[[110.25500125625766,-7.796477759741986],[110.25589372424429,-7.796477759741986],[110.25679294102756,-7.796477759741986],[110.25679294102756,-7.797122267285568],[110.25500125625766,-7.796477759741986]]]],"type":"MultiPolygon"},"properties":{"Kelas":"Cukup Rendah"}},{"type":"Feature","geometry":{"coordinates":[[[[110.30085456340808,-7.799175410091813],[110.29995534662481,-7.799175410091813],[110.30040495501645,-7.798023288588242],[110.30085456340808,-7.799175410091813]]]],"type":"MultiPolygon"},"properties":{"Kelas":"Sangat Rendah"}},{"type":"Feature","geometry":{"coordinates":[[[[110.31344359837394,-7.798276193308537],[110.31344359837394,-7.796477759741986],[110.31254438159067,-7.796477759741986],[110.31254438159067,-7.79557854295871],[110.31374567901207,-7.794981406813566],[110.31614124872377,-7.794679326175434],[110.31793968229033,-7.793780109392157],[110.31771136552895,-7.795350226197332],[110.31636956548515,-7.796706076503364],[110.31614124872377,-7.798276193308537],[110.31479242354885,-7.798947093330435],[110.31344359837394,-7.798276193308537]]]],"type":"MultiPolygon"},"properties":{"Kelas":"Sangat Rendah"}},{"type":"Feature","geometry":{"coordinates":[[[[110.3339548,-7.7980781],[110.333661,-7.7979487],[110.3333833,-7.7978935],[110.3333409,-7.7981673],[110.3333631,-7.7983993],[110.3333367,-7.7987601],[110.3331589,-7.7988242],[110.3330455,-7.7990496],[110.3329929474699,-7.799175410091813],[110.33232715082274,-7.799175410091813],[110.33232715082274,-7.797376976525262],[110.33412558438928,-7.797376976525262],[110.33412558438928,-7.798128556381858],[110.3339548,-7.7980781]]]],"type":"MultiPolygon"},"properties":{"Kelas":"Cukup Rendah"}},{"type":"Feature","geometry":{"coordinates":[[[[110.48789165432947,-7.799175410091813],[110.4867395328259,-7.798725801700176],[110.48789165432947,-7.798276193308537],[110.48789165432947,-7.799175410091813]]]],"type":"MultiPolygon"},"properties":{"Kelas":"Sangat Rendah"}},{"type":"Feature","geometry":{"coordinates":[[[[110.48879087111274,-7.799175410091813],[110.48789165432947,-7.799175410091813],[110.48789165432947,-7.798276193308537],[110.48879087111274,-7.798276193308537],[110.48879087111274,-7.799175410091813]]]],"type":"MultiPolygon"},"properties":{"Kelas":"Cukup Rendah"}},{"type":"Feature","geometry":{"coordinates":[[[[110.49598460537895,-7.799175410091813],[110.49238773824585,-7.799175410091813],[110.49238773824585,-7.796477759741986],[110.49328695502912,-7.796477759741986],[110.49328695502912,-7.797376976525262],[110.49688382216223,-7.797376976525262],[110.49688382216223,-7.798276193308537],[110.49598460537895,-7.798276193308537],[110.49598460537895,-7.799175410091813]]]],"type":"MultiPolygon"},"properties":{"Kelas":"Sangat Rendah"}},{"type":"Feature","geometry":{"coordinates":[[[[110.50048068929533,-7.799175410091813],[110.49958147251206,-7.799175410091813],[110.49958147251206,-7.798276193308537],[110.50048068929533,-7.798276193308537],[110.50048068929533,-7.799175410091813]]]],"type":"MultiPolygon"},"properties":{"Kelas":"Cukup Tinggi"}},{"type":"Feature","geometry":{"coordinates":[[[[110.50048068929533,-7.799175410091813],[110.50048068929533,-7.798276193308537],[110.5016328107989,-7.798725801700176],[110.50048068929533,-7.799175410091813]]]],"type":"MultiPolygon"},"properties":{"Kelas":"Cukup Rendah"}},{"type":"Feature","geometry":{"coordinates":[[[[110.2619765,-7.7964487],[110.2616561,-7.7966428],[110.2614043,-7.7966938],[110.26121108238398,-7.796730004854264],[110.26122579876386,-7.796670072706378],[110.26038980816067,-7.794679326175434],[110.26098694430581,-7.794377245537301],[110.26218824172722,-7.791981675825607],[110.2630874585105,-7.791981675825607],[110.26239501493727,-7.796198907467319],[110.2619765,-7.7964487]]]],"type":"MultiPolygon"},"properties":{"Kelas":"Cukup Tinggi"}},{"type":"Feature","geometry":{"coordinates":[[[[110.28736631165894,-7.799614126034795],[110.28736631165894,-7.800074626875089],[110.28687577181513,-7.800074626875089],[110.28736631165894,-7.799614126034795]]]],"type":"MultiPolygon"},"properties":{"Kelas":"Cukup Rendah"}},{"type":"Feature","geometry":{"coordinates":[[[[110.29096317879204,-7.800074626875089],[110.29030808531516,-7.799568817434496],[110.29096317879204,-7.79557854295871],[110.29225053406967,-7.79664811917163],[110.29096317879204,-7.800074626875089]]]],"type":"MultiPolygon"},"properties":{"Kelas":"Sangat Rendah"}},{"type":"Feature","geometry":{"coordinates":[[[[110.31344359837394,-7.800074626875089],[110.31164516480739,-7.799175410091813],[110.31019974407958,-7.79696688449617],[110.31038591005425,-7.796028151350347],[110.30947088672596,-7.79140298064965],[110.31165745878685,-7.78894506289927],[110.31254438159067,-7.790183242259054],[110.31311341721134,-7.792404061834157],[110.31614124872377,-7.792880892608881],[110.31614124872377,-7.793780109392157],[110.31254438159067,-7.793780109392157],[110.31254438159067,-7.79557854295871],[110.31139226008709,-7.796028151350347],[110.31254438159067,-7.796477759741986],[110.31254438159067,-7.798276193308537],[110.31344359837394,-7.798276193308537],[110.31344359837394,-7.800074626875089]]]],"type":"MultiPolygon"},"properties":{"Kelas":"Sedang"}},{"type":"Feature","geometry":{"coordinates":[[[[110.32873028368964,-7.800074626875089],[110.32752898626822,-7.799477490729945],[110.3260326333398,-7.799175410091813],[110.3260326333398,-7.797376976525262],[110.32693185012309,-7.797376976525262],[110.32693185012309,-7.794679326175434],[110.3284282030515,-7.794981406813566],[110.3296295004729,-7.79557854295871],[110.3296295004729,-7.796477759741986],[110.3296295004729,-7.797376976525262],[110.3296295004729,-7.798276193308537],[110.32873028368964,-7.798276193308537],[110.32873028368964,-7.800074626875089]]]],"type":"MultiPolygon"},"properties":{"Kelas":"Cukup Tinggi"}},{"type":"Feature","geometry":{"coordinates":[[[[110.4645120179643,-7.800074626875089],[110.46541123474756,-7.798276193308537],[110.4657133153857,-7.796779840380118],[110.46631045153084,-7.79557854295871],[110.46631045153084,-7.793780109392157],[110.4645120179643,-7.793780109392157],[110.4645120179643,-7.791981675825607],[110.46541123474756,-7.791981675825607],[110.46720966831413,-7.792880892608881],[110.46720966831413,-7.794679326175434],[110.46758726911179,-7.796746471007301],[110.4681088850974,-7.79557854295871],[110.46919602413811,-7.796128259468798],[110.46738178402654,-7.799712832622443],[110.4645120179643,-7.800074626875089]]]],"type":"MultiPolygon"},"properties":{"Kelas":"Sedang"}},{"type":"Feature","geometry":{"coordinates":[[[[110.48879087111274,-7.800074626875089],[110.48789165432947,-7.800074626875089],[110.48789165432947,-7.799175410091813],[110.48879087111274,-7.799175410091813],[110.48879087111274,-7.800074626875089]]]],"type":"MultiPolygon"},"properties":{"Kelas":"Sangat Rendah"}},{"type":"Feature","geometry":{"coordinates":[[[[110.49148852146257,-7.800074626875089],[110.49028722404117,-7.799477490729945],[110.48879087111274,-7.799175410091813],[110.48879087111274,-7.798276193308537],[110.48879087111274,-7.796477759741986],[110.48969008789602,-7.796477759741986],[110.48969008789602,-7.79557854295871],[110.49148852146257,-7.794679326175434],[110.49148852146257,-7.800074626875089]],[[110.4905893046793,-7.798276193308537],[110.49028195519283,-7.79718027285392],[110.48949338422467,-7.797967965680677],[110.4905893046793,-7.798276193308537]]]],"type":"MultiPolygon"},"properties":{"Kelas":"Sedang"}},{"type":"Feature","geometry":{"coordinates":[[[[110.2565967,-7.8001294],[110.2564822,-7.8000789],[110.2563602,-7.8000293],[110.2562305,-7.8000312],[110.2561999,-7.8000307],[110.2560473,-7.8000198],[110.2559024,-7.800062],[110.2558809,-7.800069],[110.2559279,-7.7999829],[110.2567271,-7.7985176],[110.25679294102756,-7.798404950642345],[110.25679294102756,-7.799175410091813],[110.25679294102756,-7.800074626875089],[110.2566426025388,-7.800149341924635],[110.2565967,-7.8001294]]]],"type":"MultiPolygon"},"properties":{"Kelas":"Sedang"}},{"type":"Feature","geometry":{"coordinates":[[[[110.257474,-7.7997289],[110.2572223,-7.7999073],[110.2569934,-7.8001509],[110.2569171,-7.8002654],[110.25679294102756,-7.800213385828534],[110.25679294102756,-7.800074626875089],[110.25679294102756,-7.799175410091813],[110.25769492291225,-7.799626401034159],[110.257474,-7.7997289]]]],"type":"MultiPolygon"},"properties":{"Kelas":"Sangat Rendah"}},{"type":"Feature","geometry":{"coordinates":[[[[110.2611983,-7.7967324],[110.2610991,-7.796751],[110.2608855,-7.7968693],[110.2607863,-7.7969842],[110.2607024,-7.7971435],[110.2605422,-7.7974749],[110.2604278,-7.7974725],[110.2601531,-7.7974916],[110.2599242,-7.7975068],[110.2598327,-7.7975154],[110.2598021,-7.7975264],[110.2597553,-7.797564],[110.259703,-7.797606],[110.2596793,-7.7976355],[110.2596388,-7.7976879],[110.2596289,-7.7976995],[110.2595798,-7.7977567],[110.25949059137739,-7.797920579543763],[110.25949059137739,-7.794679326175434],[110.26038980816067,-7.794679326175434],[110.26122579876386,-7.796670072706378],[110.26121108238398,-7.796730004854264],[110.2611983,-7.7967324]]]],"type":"MultiPolygon"},"properties":{"Kelas":"Sedang"}},{"type":"Feature","geometry":{"coordinates":[[[[110.30175378019136,-7.800973843658365],[110.30175378019136,-7.800074626875089],[110.30290590169493,-7.800524235266728],[110.30175378019136,-7.800973843658365]]]],"type":"MultiPolygon"},"properties":{"Kelas":"Sedang"}},{"type":"Feature","geometry":{"coordinates":[[[[110.30984673124084,-7.800973843658365],[110.30984673124084,-7.799175410091813],[110.31164516480739,-7.799175410091813],[110.31104100353113,-7.800369682382101],[110.30984673124084,-7.800973843658365]]]],"type":"MultiPolygon"},"properties":{"Kelas":"Sedang"}},{"type":"Feature","geometry":{"coordinates":[[[[110.31344359837394,-7.800074626875089],[110.31344359837394,-7.798276193308537],[110.31479242354885,-7.798947093330435],[110.31614124872377,-7.798276193308537],[110.31546156728797,-7.800922033316359],[110.31344359837394,-7.800074626875089]]]],"type":"MultiPolygon"},"properties":{"Kelas":"Cukup Rendah"}},{"type":"Feature","geometry":{"coordinates":[[[[110.32693185012309,-7.800973843658365],[110.3260326333398,-7.800973843658365],[110.3260326333398,-7.800074626875089],[110.32693185012309,-7.800074626875089],[110.32693185012309,-7.800973843658365]]]],"type":"MultiPolygon"},"properties":{"Kelas":"Cukup Rendah"}},{"type":"Feature","geometry":{"coordinates":[[[[110.32873028368964,-7.800973843658365],[110.32693185012309,-7.800973843658365],[110.32693185012309,-7.800074626875089],[110.3260326333398,-7.800074626875089],[110.3260326333398,-7.799175410091813],[110.32752898626822,-7.799477490729945],[110.32873028368964,-7.800074626875089],[110.32873028368964,-7.800973843658365]]]],"type":"MultiPolygon"},"properties":{"Kelas":"Sedang"}},{"type":"Feature","geometry":{"coordinates":[[[[110.3296295004729,-7.800973843658365],[110.32873028368964,-7.800973843658365],[110.32873028368964,-7.800074626875089],[110.3296295004729,-7.800074626875089],[110.3296295004729,-7.800973843658365]]]],"type":"MultiPolygon"},"properties":{"Kelas":"Cukup Tinggi"}},{"type":"Feature","geometry":{"coordinates":[[[[110.48969008789602,-7.800973843658365],[110.48879087111274,-7.800973843658365],[110.48879087111274,-7.800074626875089],[110.48969008789602,-7.800074626875089],[110.48969008789602,-7.800973843658365]]]],"type":"MultiPolygon"},"properties":{"Kelas":"Sangat Rendah"}},{"type":"Feature","geometry":{"coordinates":[[[[110.49508538859567,-7.800074626875089],[110.4941861718124,-7.800074626875089],[110.49148852146257,-7.800074626875089],[110.49148852146257,-7.794679326175434],[110.49268279375286,-7.795283487451698],[110.49328695502912,-7.796477759741986],[110.49238773824585,-7.796477759741986],[110.49238773824585,-7.799175410091813],[110.49598460537895,-7.799175410091813],[110.4977830389455,-7.799175410091813],[110.49740543814784,-7.800644540637146],[110.49508538859567,-7.800074626875089]]]],"type":"MultiPolygon"},"properties":{"Kelas":"Cukup Rendah"}},{"type":"Feature","geometry":{"coordinates":[[[[110.49868225572878,-7.800973843658365],[110.49868225572878,-7.799175410091813],[110.49958147251206,-7.799175410091813],[110.49958147251206,-7.800973843658365],[110.49868225572878,-7.800973843658365]]]],"type":"MultiPolygon"},"properties":{"Kelas":"Cukup Tinggi"}},{"type":"Feature","geometry":{"coordinates":[[[[110.2865776,-7.8016819],[110.2866278,-7.8014338],[110.2867152,-7.8012603],[110.2868399,-7.8010744],[110.2869398,-7.8008637],[110.28694,-7.8007024],[110.2869531,-7.8003551],[110.2868761,-7.8001842],[110.2868415,-7.8001068],[110.28687577181513,-7.800074626875089],[110.28736631165894,-7.800074626875089],[110.28736631165894,-7.799614126034795],[110.2875143,-7.7994752],[110.287852,-7.7994288],[110.2879428,-7.7992798],[110.2881335,-7.7989761],[110.2882403,-7.7988473],[110.2882576,-7.7988382],[110.2884429,-7.7983851],[110.2889096,-7.7982246],[110.28916474522549,-7.798058195372382],[110.28916474522549,-7.801873060441642],[110.28660466761434,-7.801873060441642],[110.2865776,-7.8016819]]]],"type":"MultiPolygon"},"properties":{"Kelas":"Sedang"}},{"type":"Feature","geometry":{"coordinates":[[[[110.2893081,-7.7979647],[110.2895038,-7.7978454],[110.2900179,-7.7975317],[110.2900369,-7.7973456],[110.2899254,-7.7970725],[110.2895278,-7.7967989],[110.2899531,-7.7954226],[110.2900663,-7.7946784],[110.2900544,-7.794331],[110.2902416,-7.7939716],[110.2903935,-7.7938391],[110.2909273,-7.7933632],[110.2908126,-7.7930602],[110.2907911,-7.7930032],[110.2899839,-7.7921831],[110.2900721,-7.7915133],[110.2902169,-7.7905973],[110.2904367,-7.7892064],[110.2903931723499,-7.7891802571357],[110.29096317879204,-7.788384808692502],[110.29186239557532,-7.788384808692502],[110.29186239557532,-7.790183242259054],[110.2927616123586,-7.790183242259054],[110.2927616123586,-7.791082459042331],[110.2927616123586,-7.791981675825607],[110.29186239557532,-7.791981675825607],[110.29141278718369,-7.790829554322034],[110.29096317879204,-7.791981675825607],[110.29185712672698,-7.793780109392157],[110.29096317879204,-7.79557854295871],[110.29030808531516,-7.799568817434496],[110.29096317879204,-7.800074626875089],[110.29167798588344,-7.800436421127735],[110.29096317879204,-7.801873060441642],[110.28916474522549,-7.801873060441642],[110.28916474522549,-7.798058195372382],[110.2893081,-7.7979647]]]],"type":"MultiPolygon"},"properties":{"Kelas":"Cukup Rendah"}},{"type":"Feature","geometry":{"coordinates":[[[[110.29545926270842,-7.801873060441642],[110.29430714120485,-7.801423452050003],[110.29545926270842,-7.800973843658365],[110.29545926270842,-7.801873060441642]]]],"type":"MultiPolygon"},"properties":{"Kelas":"Cukup Rendah"}},{"type":"Feature","geometry":{"coordinates":[[[[110.32693185012309,-7.801873060441642],[110.3260326333398,-7.801873060441642],[110.3260326333398,-7.800973843658365],[110.32693185012309,-7.800973843658365],[110.32693185012309,-7.801873060441642]]]],"type":"MultiPolygon"},"properties":{"Kelas":"Sangat Rendah"}},{"type":"Feature","geometry":{"coordinates":[[[[110.33107069684901,-7.801694441846415],[110.3296295004729,-7.800973843658365],[110.3296295004729,-7.800074626875089],[110.32873028368964,-7.800074626875089],[110.32873028368964,-7.798276193308537],[110.3296295004729,-7.798276193308537],[110.33022663661805,-7.798578273946669],[110.33130237056002,-7.800723450988834],[110.33107069684901,-7.801694441846415]]]],"type":"MultiPolygon"},"properties":{"Kelas":"Sedang"}},{"type":"Feature","geometry":{"coordinates":[[[[110.3329191,-7.7993522],[110.3325928,-7.799371],[110.3325147,-7.7997124],[110.3324466,-7.7998927],[110.3323848,-7.8001278],[110.33232715082274,-7.800126524978702],[110.33232715082274,-7.799175410091813],[110.3329929474699,-7.799175410091813],[110.3329191,-7.7993522]]]],"type":"MultiPolygon"},"properties":{"Kelas":"Sangat Rendah"}},{"type":"Feature","geometry":{"coordinates":[[[[110.4420315983824,-7.801873060441642],[110.44056861482679,-7.801132787249941],[110.44023316481585,-7.796477759741986],[110.44113238159912,-7.796477759741986],[110.44113238159912,-7.794679326175434],[110.4420315983824,-7.794679326175434],[110.44293081516568,-7.794679326175434],[110.44293081516568,-7.79557854295871],[110.44293081516568,-7.797376976525262],[110.4420315983824,-7.797376976525262],[110.4420315983824,-7.801873060441642]]]],"type":"MultiPolygon"},"properties":{"Kelas":"Cukup Rendah"}},{"type":"Feature","geometry":{"coordinates":[[[[110.46271358439775,-7.801873060441642],[110.46154565634916,-7.801372519849387],[110.46222533778494,-7.798935677492366],[110.46271358439775,-7.800074626875089],[110.46271358439775,-7.801873060441642]]]],"type":"MultiPolygon"},"properties":{"Kelas":"Tinggi"}},{"type":"Feature","geometry":{"coordinates":[[[[110.49328695502912,-7.801873060441642],[110.49209268273884,-7.801268899165377],[110.49148852146257,-7.800074626875089],[110.4941861718124,-7.800074626875089],[110.49328695502912,-7.801873060441642]]]],"type":"MultiPolygon"},"properties":{"Kelas":"Sedang"}},{"type":"Feature","geometry":{"coordinates":[[[[110.29545926270842,-7.802772277224918],[110.29545926270842,-7.801873060441642],[110.296611384212,-7.802322668833279],[110.29545926270842,-7.802772277224918]]]],"type":"MultiPolygon"},"properties":{"Kelas":"Cukup Rendah"}},{"type":"Feature","geometry":{"coordinates":[[[[110.3188388990736,-7.802772277224918],[110.31704046550705,-7.802772277224918],[110.31788523752415,-7.799738298722751],[110.3188388990736,-7.800973843658365],[110.3188388990736,-7.801873060441642],[110.3188388990736,-7.802772277224918]]]],"type":"MultiPolygon"},"properties":{"Kelas":"Cukup Rendah"}},{"type":"Feature","geometry":{"coordinates":[[[[110.31973811585688,-7.802772277224918],[110.3188388990736,-7.802772277224918],[110.3188388990736,-7.801873060441642],[110.31973811585688,-7.801873060441642],[110.31973811585688,-7.802772277224918]]]],"type":"MultiPolygon"},"properties":{"Kelas":"Sangat Rendah"}},{"type":"Feature","geometry":{"coordinates":[[[[110.32783106690636,-7.802772277224918],[110.32693185012309,-7.802772277224918],[110.32693185012309,-7.801873060441642],[110.32783106690636,-7.801873060441642],[110.32783106690636,-7.802772277224918]]]],"type":"MultiPolygon"},"properties":{"Kelas":"Sangat Rendah"}},{"type":"Feature","geometry":{"coordinates":[[[[110.32873028368964,-7.802772277224918],[110.32783106690636,-7.802772277224918],[110.32783106690636,-7.801873060441642],[110.32693185012309,-7.801873060441642],[110.32693185012309,-7.800973843658365],[110.32873028368964,-7.800973843658365],[110.32873028368964,-7.802772277224918]]]],"type":"MultiPolygon"},"properties":{"Kelas":"Cukup Rendah"}},{"type":"Feature","geometry":{"coordinates":[[[[110.3296295004729,-7.802772277224918],[110.32873028368964,-7.802772277224918],[110.32873028368964,-7.800973843658365],[110.3296295004729,-7.800973843658365],[110.3296295004729,-7.802772277224918]]]],"type":"MultiPolygon"},"properties":{"Kelas":"Sedang"}},{"type":"Feature","geometry":{"coordinates":[[[[110.44472924873223,-7.802772277224918],[110.44352795131081,-7.802175141079774],[110.4420315983824,-7.801873060441642],[110.4420315983824,-7.797376976525262],[110.44293081516568,-7.797376976525262],[110.44383003194895,-7.797376976525262],[110.44383003194895,-7.799175410091813],[110.44472924873223,-7.802772277224918]]]],"type":"MultiPolygon"},"properties":{"Kelas":"Sedang"}},{"type":"Feature","geometry":{"coordinates":[[[[110.4456284655155,-7.802772277224918],[110.44472924873223,-7.802772277224918],[110.44383003194895,-7.799175410091813],[110.44526667126286,-7.799902511162665],[110.4456284655155,-7.802772277224918]]]],"type":"MultiPolygon"},"properties":{"Kelas":"Cukup Rendah"}},{"type":"Feature","geometry":{"coordinates":[[[[110.46181436761447,-7.802772277224918],[110.46001593404792,-7.802772277224918],[110.46054984401299,-7.794255183884104],[110.4631877807483,-7.796002685250039],[110.46446108576367,-7.797427908725878],[110.46541123474756,-7.798276193308537],[110.4645120179643,-7.800074626875089],[110.46271358439775,-7.800074626875089],[110.46222533778494,-7.798935677492366],[110.46154565634916,-7.801372519849387],[110.46271358439775,-7.801873060441642],[110.46271358439775,-7.802772277224918],[110.46181436761447,-7.802772277224918]]]],"type":"MultiPolygon"},"properties":{"Kelas":"Cukup Tinggi"}},{"type":"Feature","geometry":{"coordinates":[[[[110.49148852146257,-7.802772277224918],[110.4905893046793,-7.802772277224918],[110.4905893046793,-7.801873060441642],[110.49148852146257,-7.801873060441642],[110.49148852146257,-7.802772277224918]]]],"type":"MultiPolygon"},"properties":{"Kelas":"Sangat Rendah"}},{"type":"Feature","geometry":{"coordinates":[[[[110.49328695502912,-7.801873060441642],[110.4941861718124,-7.800074626875089],[110.49508538859567,-7.800074626875089],[110.49598460537895,-7.801883598138319],[110.49463402392126,-7.802543082322149],[110.49328695502912,-7.801873060441642]]]],"type":"MultiPolygon"},"properties":{"Kelas":"Cukup Tinggi"}},{"type":"Feature","geometry":{"coordinates":[[[[110.23341330466239,-7.803671494008192],[110.23341330466239,-7.802772277224918],[110.23431252144566,-7.802772277224918],[110.23431252144566,-7.803671494008192],[110.23341330466239,-7.803671494008192]]]],"type":"MultiPolygon"},"properties":{"Kelas":"Sedang"}},{"type":"Feature","geometry":{"coordinates":[[[[110.28916474522549,-7.801873060441642],[110.29096317879204,-7.801873060441642],[110.29096317879204,-7.802772277224918],[110.28983037639905,-7.804085976744235],[110.28916474522549,-7.801873060441642]]]],"type":"MultiPolygon"},"properties":{"Kelas":"Sedang"}},{"type":"Feature","geometry":{"coordinates":[[[[110.29456004592515,-7.803671494008192],[110.29456004592515,-7.802772277224918],[110.29545926270842,-7.802772277224918],[110.29545926270842,-7.803671494008192],[110.29456004592515,-7.803671494008192]]]],"type":"MultiPolygon"},"properties":{"Kelas":"Cukup Rendah"}},{"type":"Feature","geometry":{"coordinates":[[[[110.31164516480739,-7.803671494008192],[110.31074594802412,-7.803671494008192],[110.31014881187897,-7.802470196586786],[110.30984673124084,-7.800973843658365],[110.31104100353113,-7.800369682382101],[110.31164516480739,-7.799175410091813],[110.31344359837394,-7.800074626875089],[110.31270947217197,-7.802937367806221],[110.31164516480739,-7.803671494008192]]]],"type":"MultiPolygon"},"properties":{"Kelas":"Cukup Tinggi"}},{"type":"Feature","geometry":{"coordinates":[[[[110.3188388990736,-7.803671494008192],[110.3188388990736,-7.802772277224918],[110.31973811585688,-7.802772277224918],[110.31973811585688,-7.803671494008192],[110.3188388990736,-7.803671494008192]]]],"type":"MultiPolygon"},"properties":{"Kelas":"Cukup Rendah"}},{"type":"Feature","geometry":{"coordinates":[[[[110.33052871725619,-7.803671494008192],[110.3296295004729,-7.803671494008192],[110.3296295004729,-7.802772277224918],[110.33052871725619,-7.802772277224918],[110.33052871725619,-7.803671494008192]]]],"type":"MultiPolygon"},"properties":{"Kelas":"Sedang"}},{"type":"Feature","geometry":{"coordinates":[[[[110.3310379,-7.8018319],[110.3310637,-7.80185],[110.3310655,-7.8018512],[110.3314636,-7.8021569],[110.3314465,-7.8021773],[110.3315068,-7.8022279],[110.3315831,-7.8022976],[110.33169416944061,-7.80240841119418],[110.33215854767587,-7.803342190986974],[110.33052871725619,-7.803671494008192],[110.33052871725619,-7.802772277224918],[110.3296295004729,-7.802772277224918],[110.3296295004729,-7.800973843658365],[110.33107069684901,-7.801694441846415],[110.3310379,-7.8018319]]]],"type":"MultiPolygon"},"properties":{"Kelas":"Cukup Tinggi"}},{"type":"Feature","geometry":{"coordinates":[[[[110.43808698725888,-7.800626977809348],[110.43753551446602,-7.797376976525262],[110.43753551446602,-7.796477759741986],[110.43753551446602,-7.794679326175434],[110.43663629768274,-7.794679326175434],[110.43663629768274,-7.793780109392157],[110.43726153435236,-7.793463978491788],[110.43842770611818,-7.791077190193992],[110.43679963198127,-7.787805235375156],[110.43933394803257,-7.787485591909228],[110.44053524545397,-7.788082728054372],[110.4420315983824,-7.788384808692502],[110.4420315983824,-7.789284025475778],[110.4420315983824,-7.790183242259054],[110.4420315983824,-7.791082459042331],[110.44113238159912,-7.791082459042331],[110.44113238159912,-7.791981675825607],[110.43933394803257,-7.791981675825607],[110.43933394803257,-7.792880892608881],[110.438181826529,-7.79333050100052],[110.43933394803257,-7.793780109392157],[110.44023316481585,-7.793780109392157],[110.44023316481585,-7.796477759741986],[110.44056861482679,-7.801132787249941],[110.4420315983824,-7.801873060441642],[110.4420315983824,-7.803671494008192],[110.43808698725888,-7.800626977809348]],[[110.44051768262618,-7.788930134495642],[110.43893351555877,-7.790453709807149],[110.44113238159912,-7.791082459042331],[110.44051768262618,-7.788930134495642]]]],"type":"MultiPolygon"},"properties":{"Kelas":"Sedang"}},{"type":"Feature","geometry":{"coordinates":[[[[110.45012454943188,-7.803671494008192],[110.44832611586533,-7.803671494008192],[110.44922533264861,-7.802416629962],[110.45012454943188,-7.803671494008192]]]],"type":"MultiPolygon"},"properties":{"Kelas":"Sangat Rendah"}},{"type":"Feature","geometry":{"coordinates":[[[[110.50767442356154,-7.803671494008192],[110.50542638160334,-7.802553620018827],[110.50317833964516,-7.803671494008192],[110.50317833964516,-7.801873060441642],[110.50767442356154,-7.801873060441642],[110.50767442356154,-7.803671494008192]]]],"type":"MultiPolygon"},"properties":{"Kelas":"Sangat Rendah"}},{"type":"Feature","geometry":{"coordinates":[[[[110.29366082914187,-7.804570710791468],[110.29366082914187,-7.803671494008192],[110.29456004592515,-7.803671494008192],[110.29456004592515,-7.804570710791468],[110.29366082914187,-7.804570710791468]]]],"type":"MultiPolygon"},"properties":{"Kelas":"Cukup Rendah"}},{"type":"Feature","geometry":{"coordinates":[[[[110.30894751445757,-7.804570710791468],[110.30894751445757,-7.803671494008192],[110.30984673124084,-7.803671494008192],[110.30984673124084,-7.804570710791468],[110.30894751445757,-7.804570710791468]]]],"type":"MultiPolygon"},"properties":{"Kelas":"Sangat Rendah"}},{"type":"Feature","geometry":{"coordinates":[[[[110.31434281515722,-7.804570710791468],[110.3132468947026,-7.804262483163608],[110.31403546567074,-7.803474790336852],[110.31434281515722,-7.804570710791468]]]],"type":"MultiPolygon"},"properties":{"Kelas":"Cukup Rendah"}},{"type":"Feature","geometry":{"coordinates":[[[[110.31704046550705,-7.802772277224918],[110.31808545376106,-7.804872791429601],[110.31493995130236,-7.80412461496539],[110.31558275079979,-7.802047810578236],[110.31704046550705,-7.802772277224918]]]],"type":"MultiPolygon"},"properties":{"Kelas":"Cukup Tinggi"}},{"type":"Feature","geometry":{"coordinates":[[[[110.33028628835879,-7.804570710791468],[110.32873028368964,-7.804570710791468],[110.32873028368964,-7.802772277224918],[110.3296295004729,-7.802772277224918],[110.3296295004729,-7.803671494008192],[110.33052871725619,-7.803671494008192],[110.33052871725619,-7.804228849069381],[110.33028628835879,-7.804570710791468]]]],"type":"MultiPolygon"},"properties":{"Kelas":"Cukup Rendah"}},{"type":"Feature","geometry":{"coordinates":[[[[110.3320562,-7.8027696],[110.3322698,-7.8031077],[110.3322927,-7.8032336],[110.3322621,-7.8034434],[110.3321935,-7.8035836],[110.3321019,-7.8036494],[110.3319799,-7.8036642],[110.3317357,-7.8036351],[110.3314992,-7.8036246],[110.3312703,-7.8036708],[110.3310415,-7.8037862],[110.3307286,-7.8040147],[110.3305379,-7.8042159],[110.33052871725619,-7.804228849069381],[110.33052871725619,-7.803671494008192],[110.33215854767587,-7.803342190986974],[110.33169416944061,-7.80240841119418],[110.3320562,-7.8027696]]]],"type":"MultiPolygon"},"properties":{"Kelas":"Sedang"}},{"type":"Feature","geometry":{"coordinates":[[[[110.45012454943188,-7.804570710791468],[110.44832611586533,-7.804570710791468],[110.44832611586533,-7.803671494008192],[110.45012454943188,-7.803671494008192],[110.45012454943188,-7.804570710791468]]]],"type":"MultiPolygon"},"properties":{"Kelas":"Cukup Rendah"}},{"type":"Feature","geometry":{"coordinates":[[[[110.45102376621516,-7.804570710791468],[110.45012454943188,-7.804570710791468],[110.45012454943188,-7.803671494008192],[110.45102376621516,-7.803671494008192],[110.45102376621516,-7.804570710791468]]]],"type":"MultiPolygon"},"properties":{"Kelas":"Sedang"}},{"type":"Feature","geometry":{"coordinates":[[[[110.50227912286188,-7.804570710791468],[110.50112700135831,-7.804121102399831],[110.50227912286188,-7.803671494008192],[110.50227912286188,-7.804570710791468]]]],"type":"MultiPolygon"},"properties":{"Kelas":"Sangat Rendah"}},{"type":"Feature","geometry":{"coordinates":[[[[110.50947285712809,-7.804570710791468],[110.50857364034482,-7.804570710791468],[110.50857364034482,-7.803671494008192],[110.50947285712809,-7.803671494008192],[110.50947285712809,-7.804570710791468]]]],"type":"MultiPolygon"},"properties":{"Kelas":"Sedang"}},{"type":"Feature","geometry":{"coordinates":[[[[110.2839541,-7.8046548],[110.2843524,-7.804519],[110.2848126,-7.8045198],[110.2852990140992,-7.804612866172405],[110.28574350637038,-7.805910754552484],[110.28381186352048,-7.804800603091346],[110.2839541,-7.8046548]]]],"type":"MultiPolygon"},"properties":{"Kelas":"Cukup Tinggi"}},{"type":"Feature","geometry":{"coordinates":[[[[110.29006396200877,-7.805469927574745],[110.28916474522549,-7.805469927574745],[110.28916474522549,-7.804570710791468],[110.29006396200877,-7.804570710791468],[110.29006396200877,-7.805469927574745]]]],"type":"MultiPolygon"},"properties":{"Kelas":"Sedang"}},{"type":"Feature","geometry":{"coordinates":[[[[110.44383003194895,-7.805469927574745],[110.44263575965866,-7.804865766298482],[110.4420315983824,-7.803671494008192],[110.44383003194895,-7.803671494008192],[110.44383003194895,-7.805469927574745]]]],"type":"MultiPolygon"},"properties":{"Kelas":"Sedang"}},{"type":"Feature","geometry":{"coordinates":[[[[110.4456284655155,-7.805469927574745],[110.44472924873223,-7.805469927574745],[110.44383003194895,-7.805469927574745],[110.44383003194895,-7.803671494008192],[110.4420315983824,-7.803671494008192],[110.4420315983824,-7.801873060441642],[110.44352795131081,-7.802175141079774],[110.44472924873223,-7.802772277224918],[110.4456284655155,-7.802772277224918],[110.4456284655155,-7.805469927574745]]]],"type":"MultiPolygon"},"properties":{"Kelas":"Cukup Tinggi"}},{"type":"Feature","geometry":{"coordinates":[[[[110.45102376621516,-7.804570710791468],[110.45211968666977,-7.80487893841933],[110.45133111570163,-7.805666631246087],[110.45102376621516,-7.804570710791468]]]],"type":"MultiPolygon"},"properties":{"Kelas":"Sedang"}},{"type":"Feature","geometry":{"coordinates":[[[[110.4564190669148,-7.805469927574745],[110.4564190669148,-7.803671494008192],[110.45821750048137,-7.803671494008192],[110.4576133392051,-7.804865766298482],[110.4564190669148,-7.805469927574745]]]],"type":"MultiPolygon"},"properties":{"Kelas":"Cukup Tinggi"}},{"type":"Feature","geometry":{"coordinates":[[[[110.4609151508312,-7.805469927574745],[110.4609151508312,-7.803671494008192],[110.46181436761447,-7.803671494008192],[110.46181436761447,-7.805469927574745],[110.4609151508312,-7.805469927574745]]]],"type":"MultiPolygon"},"properties":{"Kelas":"Cukup Tinggi"}},{"type":"Feature","geometry":{"coordinates":[[[[110.49238773824585,-7.805469927574745],[110.4905980860932,-7.804564563801739],[110.49148852146257,-7.802772277224918],[110.49238773824585,-7.802772277224918],[110.49238773824585,-7.805469927574745]]]],"type":"MultiPolygon"},"properties":{"Kelas":"Sangat Rendah"}},{"type":"Feature","geometry":{"coordinates":[[[[110.49688382216223,-7.804570710791468],[110.49688382216223,-7.801873060441642],[110.49868225572878,-7.801873060441642],[110.4983678811112,-7.805308349559001],[110.49688382216223,-7.804570710791468]]]],"type":"MultiPolygon"},"properties":{"Kelas":"Cukup Rendah"}},{"type":"Feature","geometry":{"coordinates":[[[[110.29096317879204,-7.806369144358021],[110.29006396200877,-7.806369144358021],[110.29006396200877,-7.805469927574745],[110.29096317879204,-7.805469927574745],[110.29096317879204,-7.806369144358021]]]],"type":"MultiPolygon"},"properties":{"Kelas":"Sedang"}},{"type":"Feature","geometry":{"coordinates":[[[[110.29186239557532,-7.806369144358021],[110.29096317879204,-7.806369144358021],[110.29096317879204,-7.805469927574745],[110.29186239557532,-7.805469927574745],[110.29186239557532,-7.806369144358021]]]],"type":"MultiPolygon"},"properties":{"Kelas":"Cukup Tinggi"}},{"type":"Feature","geometry":{"coordinates":[[[[110.29186239557532,-7.806369144358021],[110.29186239557532,-7.805469927574745],[110.29096317879204,-7.805469927574745],[110.29176404373965,-7.804219454235502],[110.29304613016893,-7.805611308338522],[110.29186239557532,-7.806369144358021]]]],"type":"MultiPolygon"},"properties":{"Kelas":"Tinggi"}},{"type":"Feature","geometry":{"coordinates":[[[[110.29366082914187,-7.804570710791468],[110.29456004592515,-7.804570710791468],[110.29456004592515,-7.803671494008192],[110.29545926270842,-7.803671494008192],[110.29545926270842,-7.802772277224918],[110.296611384212,-7.802322668833279],[110.29545926270842,-7.801873060441642],[110.29545926270842,-7.800973843658365],[110.29619690147595,-7.800463643510822],[110.29578241873992,-7.798613399602266],[110.29774418660499,-7.795771734064491],[110.29815691305825,-7.797376976525262],[110.29815691305825,-7.798276193308537],[110.29905612984153,-7.798276193308537],[110.29905612984153,-7.800074626875089],[110.29905612984153,-7.801873060441642],[110.29769852325272,-7.80231388741938],[110.29438090508161,-7.806788895942402],[110.29366082914187,-7.804570710791468]]]],"type":"MultiPolygon"},"properties":{"Kelas":"Sedang"}},{"type":"Feature","geometry":{"coordinates":[[[[110.30894751445757,-7.806369144358021],[110.30894751445757,-7.804570710791468],[110.30984673124084,-7.804570710791468],[110.30984673124084,-7.803671494008192],[110.31074594802412,-7.803671494008192],[110.31164516480739,-7.803671494008192],[110.31164516480739,-7.805469927574745],[110.31014881187897,-7.805772008212877],[110.30894751445757,-7.806369144358021]]]],"type":"MultiPolygon"},"properties":{"Kelas":"Cukup Rendah"}},{"type":"Feature","geometry":{"coordinates":[[[[110.3171211,-7.805841],[110.3166072,-7.805663],[110.3165607,-7.8055324],[110.3165889,-7.8054112],[110.3168975,-7.8053837],[110.3168416,-7.8052438],[110.3164959,-7.8051127],[110.3163367,-7.8052523],[110.3160095,-7.8052424],[110.3160068,-7.8053318],[110.3159997,-7.8055688],[110.3162891,-7.8058116],[110.3162795,-7.8059608],[110.3162419,-7.8060913],[110.31623518330417,-7.806233320032296],[110.31614124872377,-7.806369144358021],[110.31493995130236,-7.805772008212877],[110.31164516480739,-7.805469927574745],[110.31164516480739,-7.803671494008192],[110.31270947217197,-7.802937367806221],[110.31344359837394,-7.800074626875089],[110.31546156728797,-7.800922033316359],[110.31614124872377,-7.798276193308537],[110.31793968229033,-7.797382245373601],[110.31973811585688,-7.798276193308537],[110.31973811585688,-7.800973843658365],[110.3188388990736,-7.800973843658365],[110.31788523752415,-7.799738298722751],[110.31704046550705,-7.802772277224918],[110.3188388990736,-7.802772277224918],[110.3188388990736,-7.803671494008192],[110.31819609957618,-7.806178587676408],[110.31708539274702,-7.805929615945186],[110.3171211,-7.805841]],[[110.31558275079979,-7.802047810578236],[110.31493995130236,-7.80412461496539],[110.31808545376106,-7.804872791429601],[110.31704046550705,-7.802772277224918],[110.31558275079979,-7.802047810578236]],[[110.3132468947026,-7.804262483163608],[110.31434281515722,-7.804570710791468],[110.31403546567074,-7.803474790336852],[110.3132468947026,-7.804262483163608]]]],"type":"MultiPolygon"},"properties":{"Kelas":"Sedang"}},{"type":"Feature","geometry":{"coordinates":[[[[110.3301183,-7.8048076],[110.330042,-7.8050918],[110.3300878,-7.8052277],[110.33014707059473,-7.805325128610612],[110.32992455597991,-7.805764983081756],[110.32904203390001,-7.806211435428068],[110.3290033,-7.806205],[110.3290257,-7.8059896],[110.3290321,-7.8057295],[110.3290421,-7.8053193],[110.3287618,-7.8052442],[110.3287996,-7.8049925],[110.32873028368964,-7.804977142428799],[110.32873028368964,-7.804570710791468],[110.33028628835879,-7.804570710791468],[110.3301183,-7.8048076]]]],"type":"MultiPolygon"},"properties":{"Kelas":"Sangat Rendah"}},{"type":"Feature","geometry":{"coordinates":[[[[110.44383003194895,-7.806369144358021],[110.44383003194895,-7.805469927574745],[110.44472924873223,-7.805469927574745],[110.44472924873223,-7.806369144358021],[110.44383003194895,-7.806369144358021]]]],"type":"MultiPolygon"},"properties":{"Kelas":"Sedang"}},{"type":"Feature","geometry":{"coordinates":[[[[110.49688382216223,-7.806369144358021],[110.49508538859567,-7.806369144358021],[110.49508538859567,-7.804570710791468],[110.49688382216223,-7.804570710791468],[110.49688382216223,-7.806369144358021]]]],"type":"MultiPolygon"},"properties":{"Kelas":"Cukup Tinggi"}},{"type":"Feature","geometry":{"coordinates":[[[[110.50317833964516,-7.806369144358021],[110.50227912286188,-7.806369144358021],[110.50227912286188,-7.804570710791468],[110.50317833964516,-7.804570710791468],[110.50317833964516,-7.806369144358021]]]],"type":"MultiPolygon"},"properties":{"Kelas":"Sangat Rendah"}},{"type":"Feature","geometry":{"coordinates":[[[[110.23071565431256,-7.807268361141297],[110.22981643752928,-7.807268361141297],[110.22981643752928,-7.806369144358021],[110.23071565431256,-7.806369144358021],[110.23071565431256,-7.807268361141297]]]],"type":"MultiPolygon"},"properties":{"Kelas":"Sedang"}},{"type":"Feature","geometry":{"coordinates":[[[[110.29006396200877,-7.807268361141297],[110.28916474522549,-7.807268361141297],[110.2879968171769,-7.806746745155685],[110.29006396200877,-7.806369144358021],[110.29006396200877,-7.807268361141297]]]],"type":"MultiPolygon"},"properties":{"Kelas":"Sangat Rendah"}},{"type":"Feature","geometry":{"coordinates":[[[[110.29096317879204,-7.807268361141297],[110.29006396200877,-7.807268361141297],[110.29006396200877,-7.806369144358021],[110.29096317879204,-7.806369144358021],[110.29096317879204,-7.807268361141297]]]],"type":"MultiPolygon"},"properties":{"Kelas":"Cukup Rendah"}},{"type":"Feature","geometry":{"coordinates":[[[[110.29186239557532,-7.807268361141297],[110.29096317879204,-7.807268361141297],[110.29096317879204,-7.806369144358021],[110.29186239557532,-7.806369144358021],[110.29186239557532,-7.807268361141297]]]],"type":"MultiPolygon"},"properties":{"Kelas":"Sedang"}},{"type":"Feature","geometry":{"coordinates":[[[[110.44652768229878,-7.807268361141297],[110.44383003194895,-7.807268361141297],[110.44383003194895,-7.806369144358021],[110.44472924873223,-7.806369144358021],[110.44472924873223,-7.805469927574745],[110.4456284655155,-7.805469927574745],[110.44652768229878,-7.805469927574745],[110.44652768229878,-7.806369144358021],[110.44652768229878,-7.807268361141297]]]],"type":"MultiPolygon"},"properties":{"Kelas":"Cukup Rendah"}},{"type":"Feature","geometry":{"coordinates":[[[[110.44742689908205,-7.807268361141297],[110.44652768229878,-7.807268361141297],[110.44652768229878,-7.806369144358021],[110.44742689908205,-7.806369144358021],[110.44742689908205,-7.807268361141297]]]],"type":"MultiPolygon"},"properties":{"Kelas":"Sangat Rendah"}},{"type":"Feature","geometry":{"coordinates":[[[[110.44742689908205,-7.807268361141297],[110.44742689908205,-7.806369144358021],[110.44857902058563,-7.806818752749658],[110.44742689908205,-7.807268361141297]]]],"type":"MultiPolygon"},"properties":{"Kelas":"Cukup Rendah"}},{"type":"Feature","geometry":{"coordinates":[[[[110.49328695502912,-7.807268361141297],[110.49328695502912,-7.805469927574745],[110.49238773824585,-7.805469927574745],[110.49238773824585,-7.802772277224918],[110.49148852146257,-7.802772277224918],[110.49148852146257,-7.801873060441642],[110.4905893046793,-7.801873060441642],[110.4905893046793,-7.800973843658365],[110.48969008789602,-7.800973843658365],[110.48969008789602,-7.800074626875089],[110.48879087111274,-7.800074626875089],[110.48879087111274,-7.799175410091813],[110.49028722404117,-7.799477490729945],[110.49148852146257,-7.800074626875089],[110.49209268273884,-7.801268899165377],[110.49328695502912,-7.801873060441642],[110.49441975742212,-7.806485937162879],[110.49328695502912,-7.807268361141297]]]],"type":"MultiPolygon"},"properties":{"Kelas":"Cukup Rendah"}},{"type":"Feature","geometry":{"coordinates":[[[[110.2567111,-7.8001791],[110.2566426025388,-7.800149341924635],[110.25679294102756,-7.800074626875089],[110.25679294102756,-7.800213385828534],[110.2567111,-7.8001791]]],[[[110.2523935,-7.8018416],[110.2518932,-7.8019713],[110.25095710722934,-7.802214044553883],[110.25319607389446,-7.798276193308537],[110.25334109006107,-7.798276193308537],[110.2523935,-7.8018416]]],[[[110.25064696406152,-7.803024519411592],[110.25054584317968,-7.802937367806221],[110.25072675041048,-7.802619191669355],[110.25064696406152,-7.803024519411592]]]],"type":"MultiPolygon"},"properties":{"Kelas":"Cukup Rendah"}},{"type":"Feature","geometry":{"coordinates":[[[[110.29186239557532,-7.808167577924573],[110.29096317879204,-7.808167577924573],[110.29096317879204,-7.807268361141297],[110.29186239557532,-7.807268361141297],[110.29186239557532,-7.808167577924573]]]],"type":"MultiPolygon"},"properties":{"Kelas":"Cukup Rendah"}},{"type":"Feature","geometry":{"coordinates":[[[[110.3158947,-7.8068926],[110.31588623689804,-7.807310278973014],[110.31294657034725,-7.807793489692468],[110.31164516480739,-7.805469927574745],[110.31493995130236,-7.805772008212877],[110.31614124872377,-7.806369144358021],[110.31614124872377,-7.806457067113752],[110.3158947,-7.8068926]]]],"type":"MultiPolygon"},"properties":{"Kelas":"Cukup Rendah"}},{"type":"Feature","geometry":{"coordinates":[[[[110.3302175,-7.8054409],[110.3304006,-7.8056183],[110.3306905,-7.805901],[110.3308583,-7.806127],[110.330866,-7.8062539],[110.3308278,-7.8063683],[110.330721,-7.8065047],[110.3304685,-7.8068062],[110.3304556,-7.8068216],[110.3304252,-7.8067852],[110.3303655,-7.8067431],[110.3302654,-7.8066801],[110.3301014,-7.8065959],[110.3299471,-7.8064955],[110.3298014,-7.8063376],[110.32904203390001,-7.806211435428068],[110.32992455597991,-7.805764983081756],[110.33014707059473,-7.805325128610612],[110.3302175,-7.8054409]]]],"type":"MultiPolygon"},"properties":{"Kelas":"Cukup Rendah"}},{"type":"Feature","geometry":{"coordinates":[[[[110.44383003194895,-7.808167577924573],[110.44267791044538,-7.807717969532934],[110.44383003194895,-7.807268361141297],[110.44383003194895,-7.808167577924573]]]],"type":"MultiPolygon"},"properties":{"Kelas":"Cukup Rendah"}},{"type":"Feature","geometry":{"coordinates":[[[[110.44652768229878,-7.807268361141297],[110.44742689908205,-7.807268361141297],[110.44697729069041,-7.808420482644868],[110.44652768229878,-7.807268361141297]]]],"type":"MultiPolygon"},"properties":{"Kelas":"Cukup Rendah"}},{"type":"Feature","geometry":{"coordinates":[[[[110.4609151508312,-7.808167577924573],[110.45956632565628,-7.807496677902675],[110.45821750048137,-7.808167577924573],[110.45789961329821,-7.807587126465837],[110.45522830719008,-7.806122386627454],[110.4564190669148,-7.805469927574745],[110.4576133392051,-7.804865766298482],[110.45821750048137,-7.803671494008192],[110.46001593404792,-7.802772277224918],[110.46181436761447,-7.802772277224918],[110.46181436761447,-7.803671494008192],[110.4609151508312,-7.803671494008192],[110.4609151508312,-7.805469927574745],[110.4609151508312,-7.808167577924573]]]],"type":"MultiPolygon"},"properties":{"Kelas":"Tinggi"}},{"type":"Feature","geometry":{"coordinates":[[[[110.50497677321171,-7.808167577924573],[110.50407755642843,-7.808167577924573],[110.50407755642843,-7.807268361141297],[110.5045078457095,-7.80423613892191],[110.50719320207986,-7.805166090653833],[110.50767442356154,-7.807268361141297],[110.50535964285771,-7.80573863884006],[110.50497677321171,-7.808167577924573]]]],"type":"MultiPolygon"},"properties":{"Kelas":"Sedang"}},{"type":"Feature","geometry":{"coordinates":[[[[110.50947285712809,-7.808167577924573],[110.50767442356154,-7.807268361141297],[110.50719320207986,-7.805166090653833],[110.5045078457095,-7.80423613892191],[110.50407755642843,-7.807268361141297],[110.50317833964516,-7.807268361141297],[110.50317833964516,-7.806369144358021],[110.50317833964516,-7.804570710791468],[110.50227912286188,-7.804570710791468],[110.50227912286188,-7.803671494008192],[110.50317833964516,-7.803671494008192],[110.50542638160334,-7.802553620018827],[110.50767442356154,-7.803671494008192],[110.50857364034482,-7.803671494008192],[110.50857364034482,-7.804570710791468],[110.50947285712809,-7.804570710791468],[110.50947285712809,-7.808167577924573]]]],"type":"MultiPolygon"},"properties":{"Kelas":"Cukup Rendah"}},{"type":"Feature","geometry":{"coordinates":[[[[110.28646709487566,-7.809066794707848],[110.28376944452584,-7.809066794707848],[110.2841733895652,-7.806506134414848],[110.28672351216153,-7.807077804459684],[110.28736631165894,-7.804570710791468],[110.28916474522549,-7.804570710791468],[110.28916474522549,-7.805469927574745],[110.29006396200877,-7.805469927574745],[110.29006396200877,-7.806369144358021],[110.2879968171769,-7.806746745155685],[110.28916474522549,-7.807268361141297],[110.28826201587665,-7.80905450072839],[110.28682713284553,-7.808353743899236],[110.28646709487566,-7.809066794707848]]]],"type":"MultiPolygon"},"properties":{"Kelas":"Cukup Rendah"}},{"type":"Feature","geometry":{"coordinates":[[[[110.29366082914187,-7.809066794707848],[110.29186239557532,-7.809066794707848],[110.29186239557532,-7.808167577924573],[110.29366082914187,-7.808167577924573],[110.29366082914187,-7.809066794707848]]]],"type":"MultiPolygon"},"properties":{"Kelas":"Cukup Rendah"}},{"type":"Feature","geometry":{"coordinates":[[[[110.29545926270842,-7.809066794707848],[110.29456004592515,-7.809066794707848],[110.29366082914187,-7.809066794707848],[110.29366082914187,-7.808167577924573],[110.29186239557532,-7.808167577924573],[110.29186239557532,-7.807268361141297],[110.29473216163757,-7.807630155393943],[110.29545926270842,-7.809066794707848]]]],"type":"MultiPolygon"},"properties":{"Kelas":"Sedang"}},{"type":"Feature","geometry":{"coordinates":[[[[110.4609151508312,-7.809066794707848],[110.45821750048137,-7.809066794707848],[110.45821750048137,-7.808167577924573],[110.45956632565628,-7.807496677902675],[110.4609151508312,-7.808167577924573],[110.4609151508312,-7.809066794707848]]]],"type":"MultiPolygon"},"properties":{"Kelas":"Cukup Tinggi"}},{"type":"Feature","geometry":{"coordinates":[[[[110.50227912286188,-7.809066794707848],[110.50137990607861,-7.809066794707848],[110.50137990607861,-7.808167577924573],[110.50227912286188,-7.808167577924573],[110.50227912286188,-7.809066794707848]]]],"type":"MultiPolygon"},"properties":{"Kelas":"Sedang"}},{"type":"Feature","geometry":{"coordinates":[[[[110.50407755642843,-7.809066794707848],[110.50317833964516,-7.809066794707848],[110.50317833964516,-7.808167577924573],[110.50407755642843,-7.808167577924573],[110.50407755642843,-7.809066794707848]]]],"type":"MultiPolygon"},"properties":{"Kelas":"Sedang"}},{"type":"Feature","geometry":{"coordinates":[[[[110.2319271,-7.8093042],[110.2317031917501,-7.809066794707848],[110.23251408787911,-7.809066794707848],[110.23251408787911,-7.809966011491124],[110.23235652720561,-7.809966011491124],[110.2319271,-7.8093042]]]],"type":"MultiPolygon"},"properties":{"Kelas":"Tinggi"}},{"type":"Feature","geometry":{"coordinates":[[[[110.2822893,-7.8070587],[110.2821029,-7.8069344],[110.28206910769423,-7.806841275088733],[110.28283334580419,-7.807013700138221],[110.28282588668758,-7.807031459216284],[110.2822893,-7.8070587]]]],"type":"MultiPolygon"},"properties":{"Kelas":"Cukup Tinggi"}},{"type":"Feature","geometry":{"coordinates":[[[[110.29545926270842,-7.809966011491124],[110.29456004592515,-7.809966011491124],[110.29456004592515,-7.809066794707848],[110.29545926270842,-7.809066794707848],[110.29545926270842,-7.809966011491124]]]],"type":"MultiPolygon"},"properties":{"Kelas":"Cukup Rendah"}},{"type":"Feature","geometry":{"coordinates":[[[[110.29725769627498,-7.809966011491124],[110.2963584794917,-7.809966011491124],[110.2967852562072,-7.806017887802053],[110.29847831280696,-7.807182303285085],[110.29725769627498,-7.809966011491124]]]],"type":"MultiPolygon"},"properties":{"Kelas":"Tinggi"}},{"type":"Feature","geometry":{"coordinates":[[[[110.2869985,-7.8029232],[110.28691725008066,-7.802778666795235],[110.28688848155805,-7.8027207912968],[110.2869992,-7.8024766],[110.2868628,-7.8022282],[110.2866145,-7.8019425],[110.28660466761434,-7.801873060441642],[110.28916474522549,-7.801873060441642],[110.28983037639905,-7.804085976744235],[110.29096317879204,-7.802772277224918],[110.29216447621346,-7.803369413370062],[110.29366082914187,-7.803671494008192],[110.29366082914187,-7.804570710791468],[110.29438090508161,-7.806788895942402],[110.29769852325272,-7.80231388741938],[110.29905612984153,-7.801873060441642],[110.29905612984153,-7.809966011491124],[110.29725769627498,-7.809966011491124],[110.29847831280696,-7.807182303285085],[110.2967852562072,-7.806017887802053],[110.2963584794917,-7.809966011491124],[110.29545926270842,-7.809966011491124],[110.29545926270842,-7.809066794707848],[110.29473216163757,-7.807630155393943],[110.29186239557532,-7.807268361141297],[110.29186239557532,-7.806369144358021],[110.29304613016893,-7.805611308338522],[110.29176404373965,-7.804219454235502],[110.29096317879204,-7.805469927574745],[110.29006396200877,-7.805469927574745],[110.29006396200877,-7.804570710791468],[110.28916474522549,-7.804570710791468],[110.28736631165894,-7.804570710791468],[110.2870642310208,-7.803074357863048],[110.28699127588521,-7.802927589296136],[110.2869985,-7.8029232]]]],"type":"MultiPolygon"},"properties":{"Kelas":"Cukup Tinggi"}},{"type":"Feature","geometry":{"coordinates":[[[[110.29905612984153,-7.809966011491124],[110.29905612984153,-7.801873060441642],[110.29956018299934,-7.802277005481004],[110.30046642491374,-7.809562944593152],[110.29905612984153,-7.809966011491124]]]],"type":"MultiPolygon"},"properties":{"Kelas":"Sedang"}},{"type":"Feature","geometry":{"coordinates":[[[[110.30265299697463,-7.805469927574745],[110.30464462164697,-7.805067738818162],[110.30595832116629,-7.802470196586786],[110.30695588978523,-7.803148121739802],[110.30608477352644,-7.804931626902725],[110.30774621703615,-7.805772008212877],[110.30804829767429,-7.806369144358021],[110.30496953396124,-7.810357662551027],[110.3020453231328,-7.809167780967689],[110.30265299697463,-7.805469927574745]]]],"type":"MultiPolygon"},"properties":{"Kelas":"Sangat Rendah"}},{"type":"Feature","geometry":{"coordinates":[[[[110.44383003194895,-7.809966011491124],[110.44267791044538,-7.809516403099487],[110.44383003194895,-7.809066794707848],[110.44383003194895,-7.809966011491124]]]],"type":"MultiPolygon"},"properties":{"Kelas":"Cukup Rendah"}},{"type":"Feature","geometry":{"coordinates":[[[[110.2830447,-7.8099534],[110.2830294,-7.8098709],[110.2830901,-7.8094889],[110.2835939,-7.8093171],[110.28364622239661,-7.809066794707848],[110.28376944452584,-7.809066794707848],[110.2831383605438,-7.81032896267193],[110.2830447,-7.8099534]]]],"type":"MultiPolygon"},"properties":{"Kelas":"Cukup Rendah"}},{"type":"Feature","geometry":{"coordinates":[[[[110.2832278,-7.8107525],[110.2831668,-7.810443],[110.2831383605438,-7.81032896267193],[110.28376944452584,-7.809066794707848],[110.28646709487566,-7.809066794707848],[110.2857329686737,-7.810131102072429],[110.28323078051501,-7.810772767502078],[110.2832278,-7.8107525]]]],"type":"MultiPolygon"},"properties":{"Kelas":"Sangat Rendah"}},{"type":"Feature","geometry":{"coordinates":[[[[110.29725769627498,-7.8108652282744],[110.29725769627498,-7.809966011491124],[110.29905612984153,-7.809966011491124],[110.29905612984153,-7.8108652282744],[110.29725769627498,-7.8108652282744]]]],"type":"MultiPolygon"},"properties":{"Kelas":"Sedang"}},{"type":"Feature","geometry":{"coordinates":[[[[110.4609151508312,-7.8108652282744],[110.45911671726464,-7.8108652282744],[110.45821750048137,-7.8108652282744],[110.45821750048137,-7.809066794707848],[110.4609151508312,-7.809066794707848],[110.4609151508312,-7.8108652282744]]]],"type":"MultiPolygon"},"properties":{"Kelas":"Sedang"}},{"type":"Feature","geometry":{"coordinates":[[[[110.48969008789602,-7.8108652282744],[110.48897528080462,-7.809428588960495],[110.49088787275187,-7.808460877148805],[110.49238773824585,-7.805469927574745],[110.49328695502912,-7.805469927574745],[110.49328695502912,-7.807268361141297],[110.49273021338792,-7.807610836283365],[110.4917906021007,-7.810370834671877],[110.48969008789602,-7.8108652282744]]]],"type":"MultiPolygon"},"properties":{"Kelas":"Sangat Rendah"}},{"type":"Feature","geometry":{"coordinates":[[[[110.50587598999499,-7.8108652282744],[110.50478006954037,-7.810557000646538],[110.50556864050851,-7.809769307819783],[110.50587598999499,-7.8108652282744]]]],"type":"MultiPolygon"},"properties":{"Kelas":"Sedang"}},{"type":"Feature","geometry":{"coordinates":[[[[110.2326672,-7.8112712],[110.2325376,-7.8104934],[110.2323621,-7.8099746],[110.23235652720561,-7.809966011491124],[110.23251408787911,-7.809966011491124],[110.23341330466239,-7.811764445057676],[110.23269284229886,-7.811764445057676],[110.2326672,-7.8112712]]],[[[110.2311109,-7.8084388],[110.2308864,-7.808179],[110.230737,-7.8080065],[110.2305692,-7.8079409],[110.229852,-7.8077669],[110.2295087,-7.8076582],[110.229112,-7.8073983],[110.2286847,-7.806879],[110.2284635,-7.8064685],[110.2284253,-7.8058633],[110.2285093,-7.8054962],[110.2285105,-7.8054924],[110.2287382,-7.8048208],[110.2287571,-7.8047677],[110.2291233,-7.8040559],[110.2296498,-7.8034951],[110.2302525,-7.8028914],[110.231168,-7.8024393],[110.2318623,-7.8022462],[110.2326176,-7.8020965],[110.2333119,-7.8017303],[110.2340748,-7.80117],[110.234792,-7.8005449],[110.2355091,-7.7998768],[110.2359593,-7.7992078],[110.23611095501222,-7.798671442135664],[110.23611095501222,-7.799175410091813],[110.23574389191123,-7.800606780557379],[110.23431252144566,-7.802772277224918],[110.23341330466239,-7.802772277224918],[110.23341330466239,-7.803671494008192],[110.23038547314995,-7.804148324782918],[110.22981643752928,-7.806369144358021],[110.22981643752928,-7.807268361141297],[110.23071565431256,-7.807268361141297],[110.23161487109584,-7.807268361141297],[110.23161487109584,-7.808973150142545],[110.2311109,-7.8084388]]],[[[110.2360508,-7.7980415],[110.2356617,-7.7973062],[110.2352116,-7.7967006],[110.2347081,-7.7959224],[110.2344105,-7.7954031],[110.23431252144566,-7.79509415149399],[110.23431252144566,-7.794679326175434],[110.23521173822894,-7.794679326175434],[110.23521173822894,-7.79557854295871],[110.23521173822894,-7.796477759741986],[110.23611095501222,-7.796477759741986],[110.23611095501222,-7.797376976525262],[110.23701017179549,-7.797376976525262],[110.23701017179549,-7.798276193308537],[110.23611095501222,-7.798276193308537],[110.23611095501222,-7.798658408848774],[110.2360508,-7.7980415]]]],"type":"MultiPolygon"},"properties":{"Kelas":"Cukup Tinggi"}},{"type":"Feature","geometry":{"coordinates":[[[[110.4211474,-7.8080216],[110.42111478560443,-7.807900283744793],[110.4212319414208,-7.80775924217826],[110.42116736020395,-7.808159202746839],[110.4211474,-7.8080216]]]],"type":"MultiPolygon"},"properties":{"Kelas":"Sangat Rendah"}},{"type":"Feature","geometry":{"coordinates":[[[[110.45102376621516,-7.811764445057676],[110.45012454943188,-7.811764445057676],[110.45012454943188,-7.809966011491124],[110.45102376621516,-7.809966011491124],[110.45102376621516,-7.811764445057676]]]],"type":"MultiPolygon"},"properties":{"Kelas":"Sangat Rendah"}},{"type":"Feature","geometry":{"coordinates":[[[[110.49598460537895,-7.811764445057676],[110.49478330795755,-7.811156771215853],[110.49549987133172,-7.80796823982906],[110.49688382216223,-7.807268361141297],[110.49688382216223,-7.809066794707848],[110.49598460537895,-7.809066794707848],[110.49598460537895,-7.811764445057676]]]],"type":"MultiPolygon"},"properties":{"Kelas":"Cukup Rendah"}},{"type":"Feature","geometry":{"coordinates":[[[[110.50317833964516,-7.811764445057676],[110.50201041159657,-7.811263904465424],[110.50281830167529,-7.809721010043337],[110.50317833964516,-7.811764445057676]]]],"type":"MultiPolygon"},"properties":{"Kelas":"Tinggi"}},{"type":"Feature","geometry":{"coordinates":[[[[110.51127129069464,-7.811764445057676],[110.50947285712809,-7.811764445057676],[110.50797650419968,-7.808764714069717],[110.50767442356154,-7.807268361141297],[110.50947285712809,-7.808167577924573],[110.51037207391137,-7.808167577924573],[110.51037207391137,-7.8108652282744],[110.51127129069464,-7.8108652282744],[110.51127129069464,-7.811764445057676]]]],"type":"MultiPolygon"},"properties":{"Kelas":"Sedang"}},{"type":"Feature","geometry":{"coordinates":[[[[110.2327054,-7.812006],[110.23269284229886,-7.811764445057676],[110.23341330466239,-7.811764445057676],[110.23341330466239,-7.812663661840952],[110.23268655322718,-7.812663661840952],[110.2327054,-7.812006]]]],"type":"MultiPolygon"},"properties":{"Kelas":"Sedang"}},{"type":"Feature","geometry":{"coordinates":[[[[110.45012454943188,-7.812663661840952],[110.44795905276435,-7.8108652282744],[110.45012454943188,-7.809066794707848],[110.45012454943188,-7.809966011491124],[110.45012454943188,-7.811764445057676],[110.45102376621516,-7.811764445057676],[110.45102376621516,-7.812663661840952],[110.45012454943188,-7.812663661840952]]]],"type":"MultiPolygon"},"properties":{"Kelas":"Cukup Rendah"}},{"type":"Feature","geometry":{"coordinates":[[[[110.48969008789602,-7.812663661840952],[110.48757903599466,-7.812166633814259],[110.48969008789602,-7.8108652282744],[110.48969008789602,-7.812663661840952]]]],"type":"MultiPolygon"},"properties":{"Kelas":"Sangat Rendah"}},{"type":"Feature","geometry":{"coordinates":[[[[110.49688382216223,-7.812663661840952],[110.49598460537895,-7.812663661840952],[110.49598460537895,-7.811764445057676],[110.49688382216223,-7.811764445057676],[110.49688382216223,-7.812663661840952]]]],"type":"MultiPolygon"},"properties":{"Kelas":"Cukup Rendah"}},{"type":"Feature","geometry":{"coordinates":[[[[110.4977830389455,-7.812663661840952],[110.49688382216223,-7.812663661840952],[110.49688382216223,-7.811764445057676],[110.49598460537895,-7.811764445057676],[110.49598460537895,-7.809066794707848],[110.49688382216223,-7.809066794707848],[110.49735977479557,-7.809783358082022],[110.49867874316323,-7.806146974586371],[110.50167144902007,-7.805392651132433],[110.50048068929533,-7.808167577924573],[110.49860497928647,-7.809462836474701],[110.4977830389455,-7.812663661840952]]]],"type":"MultiPolygon"},"properties":{"Kelas":"Sangat Rendah"}},{"type":"Feature","geometry":{"coordinates":[[[[110.49868225572878,-7.812663661840952],[110.4977830389455,-7.812663661840952],[110.49860497928647,-7.809462836474701],[110.50048068929533,-7.808167577924573],[110.50137990607861,-7.808167577924573],[110.50137990607861,-7.809066794707848],[110.50018212122276,-7.809672712266892],[110.49868225572878,-7.812663661840952]]]],"type":"MultiPolygon"},"properties":{"Kelas":"Cukup Rendah"}},{"type":"Feature","geometry":{"coordinates":[[[[110.49868225572878,-7.812663661840952],[110.50018212122276,-7.809672712266892],[110.50137990607861,-7.809066794707848],[110.50058255369656,-7.812176293369548],[110.49868225572878,-7.812663661840952]]]],"type":"MultiPolygon"},"properties":{"Kelas":"Sedang"}},{"type":"Feature","geometry":{"coordinates":[[[[110.50587598999499,-7.812663661840952],[110.50587598999499,-7.811764445057676],[110.50767442356154,-7.811764445057676],[110.50767442356154,-7.812663661840952],[110.50587598999499,-7.812663661840952]]]],"type":"MultiPolygon"},"properties":{"Kelas":"Sedang"}},{"type":"Feature","geometry":{"coordinates":[[[[110.51127129069464,-7.811764445057676],[110.51127129069464,-7.8108652282744],[110.51338058631322,-7.811976077132647],[110.51186667055701,-7.81289636930928],[110.51127129069464,-7.811764445057676]]]],"type":"MultiPolygon"},"properties":{"Kelas":"Cukup Tinggi"}},{"type":"Feature","geometry":{"coordinates":[[[[110.23431252144566,-7.813562878624229],[110.23341330466239,-7.813562878624229],[110.23341330466239,-7.812663661840952],[110.23431252144566,-7.812663661840952],[110.23431252144566,-7.813562878624229]]]],"type":"MultiPolygon"},"properties":{"Kelas":"Sedang"}},{"type":"Feature","geometry":{"coordinates":[[[[110.2838424,-7.8081283],[110.2831462,-7.8078914],[110.2832348,-7.8070107],[110.28282588668758,-7.807031459216284],[110.28283334580419,-7.807013700138221],[110.28206910769423,-7.806841275088733],[110.2820038,-7.8066613],[110.2820104,-7.8064571],[110.282017,-7.8062519],[110.2824653,-7.8059425],[110.2829575,-7.8054967],[110.2835553,-7.8050636],[110.28381186352048,-7.804800603091346],[110.28574350637038,-7.805910754552484],[110.2852990140992,-7.804612866172405],[110.285364,-7.8046253],[110.2855339,-7.8046575],[110.2855856,-7.8044654],[110.2856841,-7.8040995],[110.2859338,-7.8035789],[110.2862451,-7.8033809],[110.2865347,-7.803205],[110.28699127588521,-7.802927589296136],[110.2870642310208,-7.803074357863048],[110.28736631165894,-7.804570710791468],[110.28672351216153,-7.807077804459684],[110.2841733895652,-7.806506134414848],[110.28376944452584,-7.809066794707848],[110.28364622239661,-7.809066794707848],[110.2838424,-7.8081283]]],[[[110.2868868,-7.8027245],[110.28688848155805,-7.8027207912968],[110.28691725008066,-7.802778666795235],[110.2868868,-7.8027245]]]],"type":"MultiPolygon"},"properties":{"Kelas":"Sedang"}},{"type":"Feature","geometry":{"coordinates":[[[[110.30355221375791,-7.813562878624229],[110.30235091633651,-7.812965742479085],[110.29797601593194,-7.812286939184677],[110.29725769627498,-7.8108652282744],[110.29905612984153,-7.8108652282744],[110.29905612984153,-7.809966011491124],[110.30046642491374,-7.809562944593152],[110.29956018299934,-7.802277005481004],[110.29905612984153,-7.801873060441642],[110.29905612984153,-7.800074626875089],[110.29995534662481,-7.800074626875089],[110.29995534662481,-7.799175410091813],[110.30085456340808,-7.799175410091813],[110.30085456340808,-7.800074626875089],[110.30175378019136,-7.800074626875089],[110.30175378019136,-7.800973843658365],[110.30085456340808,-7.800973843658365],[110.30085456340808,-7.805469927574745],[110.30265299697463,-7.805469927574745],[110.3020453231328,-7.809167780967689],[110.30496953396124,-7.810357662551027],[110.30804829767429,-7.806369144358021],[110.30894751445757,-7.806369144358021],[110.30857342622546,-7.809920348138849],[110.30479390568325,-7.811207703416468],[110.30445143054118,-7.812663661840952],[110.30355221375791,-7.812663661840952],[110.30355221375791,-7.813562878624229]]]],"type":"MultiPolygon"},"properties":{"Kelas":"Cukup Rendah"}},{"type":"Feature","geometry":{"coordinates":[[[[110.49688382216223,-7.812663661840952],[110.4977830389455,-7.812663661840952],[110.49733343055387,-7.813815783344523],[110.49688382216223,-7.812663661840952]]]],"type":"MultiPolygon"},"properties":{"Kelas":"Cukup Rendah"}},{"type":"Feature","geometry":{"coordinates":[[[[110.3158845,-7.807396],[110.31614124872377,-7.807732763205894],[110.31614124872377,-7.807988930757777],[110.3160704,-7.8080303],[110.315294,-7.8083181],[110.3150655,-7.808687],[110.314994,-7.8088025],[110.3147788,-7.808914],[110.31476483667787,-7.809117814249476],[110.31373338503262,-7.809829899575687],[110.31254438159067,-7.814462095407503],[110.31164516480739,-7.814462095407503],[110.3112008252641,-7.809593679541798],[110.3076724531594,-7.812287817326068],[110.30445143054118,-7.812663661840952],[110.30479390568325,-7.811207703416468],[110.30857342622546,-7.809920348138849],[110.30894751445757,-7.806369144358021],[110.31014881187897,-7.805772008212877],[110.31164516480739,-7.805469927574745],[110.31294657034725,-7.807793489692468],[110.31588623689804,-7.807310278973014],[110.3158845,-7.807396]]]],"type":"MultiPolygon"},"properties":{"Kelas":"Sedang"}},{"type":"Feature","geometry":{"coordinates":[[[[110.3147399,-7.8094818],[110.3147306,-7.8096185],[110.3147118,-7.8098929],[110.3153383,-7.809838],[110.3158992,-7.8098389],[110.3160443,-7.8098867],[110.31614124872377,-7.809918688420336],[110.31614124872377,-7.810469871298897],[110.3161035,-7.8106877],[110.3148136,-7.8105457],[110.3147756,-7.8109186],[110.3146587,-7.8112549],[110.3145877,-7.8114591],[110.3144461,-7.8122794],[110.3146259,-7.812386],[110.3149505,-7.8125786],[110.31495889280305,-7.812663661840952],[110.31434281515722,-7.812663661840952],[110.31434281515722,-7.814462095407503],[110.31344359837394,-7.814462095407503],[110.31254438159067,-7.814462095407503],[110.31373338503262,-7.809829899575687],[110.31476483667787,-7.809117814249476],[110.3147399,-7.8094818]]]],"type":"MultiPolygon"},"properties":{"Kelas":"Cukup Rendah"}},{"type":"Feature","geometry":{"coordinates":[[[[110.46001593404792,-7.814462095407503],[110.45911671726464,-7.814462095407503],[110.45911671726464,-7.813562878624229],[110.46001593404792,-7.813562878624229],[110.46001593404792,-7.814462095407503]]]],"type":"MultiPolygon"},"properties":{"Kelas":"Sedang"}},{"type":"Feature","geometry":{"coordinates":[[[[110.49148852146257,-7.814462095407503],[110.4905893046793,-7.814462095407503],[110.4905893046793,-7.813562878624229],[110.49148852146257,-7.813562878624229],[110.49148852146257,-7.814462095407503]]]],"type":"MultiPolygon"},"properties":{"Kelas":"Sedang"}},{"type":"Feature","geometry":{"coordinates":[[[[110.50407755642843,-7.814462095407503],[110.50407755642843,-7.812663661840952],[110.50587598999499,-7.812663661840952],[110.50527182871872,-7.81385793413124],[110.50407755642843,-7.814462095407503]]]],"type":"MultiPolygon"},"properties":{"Kelas":"Sedang"}},{"type":"Feature","geometry":{"coordinates":[[[[110.30445143054118,-7.815361312190779],[110.30355221375791,-7.815361312190779],[110.30355221375791,-7.813562878624229],[110.30355221375791,-7.812663661840952],[110.30445143054118,-7.812663661840952],[110.30445143054118,-7.815361312190779]]]],"type":"MultiPolygon"},"properties":{"Kelas":"Sedang"}},{"type":"Feature","geometry":{"coordinates":[[[[110.30714908089101,-7.815361312190779],[110.30503276014132,-7.814201287414699],[110.30671703532717,-7.813354759114818],[110.30714908089101,-7.815361312190779]]]],"type":"MultiPolygon"},"properties":{"Kelas":"Tinggi"}},{"type":"Feature","geometry":{"coordinates":[[[[110.31344359837394,-7.815361312190779],[110.31254438159067,-7.815361312190779],[110.31254438159067,-7.814462095407503],[110.31344359837394,-7.814462095407503],[110.31344359837394,-7.815361312190779]]]],"type":"MultiPolygon"},"properties":{"Kelas":"Sedang"}},{"type":"Feature","geometry":{"coordinates":[[[[110.44652768229878,-7.815361312190779],[110.44472924873223,-7.814462095407503],[110.44383003194895,-7.814462095407503],[110.44383003194895,-7.812663661840952],[110.44622560166064,-7.813864959262359],[110.44652768229878,-7.815361312190779]]]],"type":"MultiPolygon"},"properties":{"Kelas":"Cukup Rendah"}},{"type":"Feature","geometry":{"coordinates":[[[[110.4609151508312,-7.815361312190779],[110.46001593404792,-7.815361312190779],[110.46001593404792,-7.814462095407503],[110.46001593404792,-7.813562878624229],[110.45911671726464,-7.813562878624229],[110.45844581724275,-7.812214053449313],[110.45911671726464,-7.8108652282744],[110.4609151508312,-7.8108652282744],[110.4609151508312,-7.811764445057676],[110.46271358439775,-7.811764445057676],[110.46271358439775,-7.813562878624229],[110.4609151508312,-7.813562878624229],[110.4609151508312,-7.815361312190779]]]],"type":"MultiPolygon"},"properties":{"Kelas":"Cukup Tinggi"}},{"type":"Feature","geometry":{"coordinates":[[[[110.49148852146257,-7.813562878624229],[110.49291989192814,-7.81139738195669],[110.49328695502912,-7.807268361141297],[110.49441975742212,-7.806485937162879],[110.49328695502912,-7.801873060441642],[110.49463402392126,-7.802543082322149],[110.49598460537895,-7.801883598138319],[110.49508538859567,-7.800074626875089],[110.49740543814784,-7.800644540637146],[110.4977830389455,-7.799175410091813],[110.4977830389455,-7.798276193308537],[110.49958147251206,-7.798276193308537],[110.49958147251206,-7.799175410091813],[110.49868225572878,-7.799175410091813],[110.49868225572878,-7.800973843658365],[110.49868225572878,-7.801873060441642],[110.49688382216223,-7.801873060441642],[110.49688382216223,-7.804570710791468],[110.49508538859567,-7.804570710791468],[110.49508538859567,-7.806369144358021],[110.49688382216223,-7.806369144358021],[110.49688382216223,-7.807268361141297],[110.49549987133172,-7.80796823982906],[110.49478330795755,-7.811156771215853],[110.49598460537895,-7.811764445057676],[110.49598460537895,-7.812663661840952],[110.49688382216223,-7.812663661840952],[110.49733343055387,-7.813815783344523],[110.4977830389455,-7.812663661840952],[110.49868225572878,-7.812663661840952],[110.49868225572878,-7.813562878624229],[110.49868225572878,-7.814462095407503],[110.49730884259495,-7.81503903430068],[110.49446190820883,-7.812832264987817],[110.49148852146257,-7.813562878624229]]]],"type":"MultiPolygon"},"properties":{"Kelas":"Sedang"}},{"type":"Feature","geometry":{"coordinates":[[[[110.30535064732446,-7.816260528974055],[110.30445143054118,-7.816260528974055],[110.30445143054118,-7.815361312190779],[110.30535064732446,-7.815361312190779],[110.30535064732446,-7.816260528974055]]]],"type":"MultiPolygon"},"properties":{"Kelas":"Sedang"}},{"type":"Feature","geometry":{"coordinates":[[[[110.31434281515722,-7.816260528974055],[110.31344359837394,-7.816260528974055],[110.31344359837394,-7.815361312190779],[110.31434281515722,-7.815361312190779],[110.31434281515722,-7.816260528974055]]]],"type":"MultiPolygon"},"properties":{"Kelas":"Cukup Rendah"}},{"type":"Feature","geometry":{"coordinates":[[[[110.3150149,-7.8132313],[110.3151828,-7.813446],[110.315351,-7.8134836],[110.3153226,-7.8137353],[110.3151355,-7.8137816],[110.3151912,-7.8140521],[110.3153964,-7.8143042],[110.3154708,-7.8145933],[110.3155541,-7.8151156],[110.3156002,-7.8154607],[110.3153288,-7.8156653],[110.31530796645472,-7.815772292613877],[110.31434281515722,-7.816260528974055],[110.31434281515722,-7.815361312190779],[110.31344359837394,-7.815361312190779],[110.31344359837394,-7.814462095407503],[110.31434281515722,-7.814462095407503],[110.31434281515722,-7.812663661840952],[110.31495889280305,-7.812663661840952],[110.3150149,-7.8132313]]]],"type":"MultiPolygon"},"properties":{"Kelas":"Sangat Rendah"}},{"type":"Feature","geometry":{"coordinates":[[[[110.4213181,-7.8161783],[110.421524,-7.8159976],[110.4216309,-7.8159032],[110.4217682,-7.815752],[110.4217872,-7.8157044],[110.4218216,-7.815618],[110.421608,-7.8151035],[110.42160444754802,-7.8150948844047],[110.42254037209179,-7.815608069921346],[110.42134961236705,-7.816260528974055],[110.4212428482512,-7.816260528974055],[110.4213181,-7.8161783]]]],"type":"MultiPolygon"},"properties":{"Kelas":"Cukup Tinggi"}},{"type":"Feature","geometry":{"coordinates":[[[[110.44742689908205,-7.816260528974055],[110.44742689908205,-7.815361312190779],[110.44742689908205,-7.813562878624229],[110.44922533264861,-7.813562878624229],[110.44922533264861,-7.816260528974055],[110.44742689908205,-7.816260528974055]]]],"type":"MultiPolygon"},"properties":{"Kelas":"Cukup Tinggi"}},{"type":"Feature","geometry":{"coordinates":[[[[110.50407755642843,-7.816260528974055],[110.50407755642843,-7.815361312190779],[110.50522967793201,-7.815810920582418],[110.50407755642843,-7.816260528974055]]]],"type":"MultiPolygon"},"properties":{"Kelas":"Cukup Tinggi"}},{"type":"Feature","geometry":{"coordinates":[[[[110.30445143054118,-7.816260528974055],[110.30535064732446,-7.816260528974055],[110.30490103893283,-7.817412650477628],[110.30445143054118,-7.816260528974055]]]],"type":"MultiPolygon"},"properties":{"Kelas":"Cukup Rendah"}},{"type":"Feature","geometry":{"coordinates":[[[[110.30984673124084,-7.817159745757332],[110.30852249402484,-7.816603882257514],[110.30759517671709,-7.816812001766923],[110.30535064732446,-7.816260528974055],[110.30535064732446,-7.815361312190779],[110.30445143054118,-7.815361312190779],[110.30445143054118,-7.812663661840952],[110.3076724531594,-7.812287817326068],[110.3112008252641,-7.809593679541798],[110.31164516480739,-7.814462095407503],[110.30984673124084,-7.814462095407503],[110.30984673124084,-7.817159745757332]],[[110.30714908089101,-7.815361312190779],[110.30671703532717,-7.813354759114818],[110.30503276014132,-7.814201287414699],[110.30714908089101,-7.815361312190779]]]],"type":"MultiPolygon"},"properties":{"Kelas":"Cukup Tinggi"}},{"type":"Feature","geometry":{"coordinates":[[[[110.30984673124084,-7.817159745757332],[110.30984673124084,-7.814462095407503],[110.31164516480739,-7.814462095407503],[110.31221595671084,-7.816786535666616],[110.30984673124084,-7.817159745757332]]]],"type":"MultiPolygon"},"properties":{"Kelas":"Tinggi"}},{"type":"Feature","geometry":{"coordinates":[[[[110.3152816,-7.8159077],[110.3153185,-7.8162061],[110.3151994,-7.8165116],[110.3151258,-7.8168611],[110.31510147019223,-7.817159745757332],[110.31434281515722,-7.817159745757332],[110.31434281515722,-7.816260528974055],[110.31530796645472,-7.815772292613877],[110.3152816,-7.8159077]]]],"type":"MultiPolygon"},"properties":{"Kelas":"Cukup Rendah"}},{"type":"Feature","geometry":{"coordinates":[[[[110.45372141656499,-7.817159745757332],[110.44978207428981,-7.8167443848799],[110.45049688138121,-7.81472202525892],[110.45337894142291,-7.815703787332847],[110.45372141656499,-7.817159745757332]]]],"type":"MultiPolygon"},"properties":{"Kelas":"Cukup Rendah"}},{"type":"Feature","geometry":{"coordinates":[[[[110.49148852146257,-7.817159745757332],[110.4905893046793,-7.817159745757332],[110.4905893046793,-7.814462095407503],[110.49148852146257,-7.814462095407503],[110.49148852146257,-7.817159745757332]]]],"type":"MultiPolygon"},"properties":{"Kelas":"Cukup Tinggi"}},{"type":"Feature","geometry":{"coordinates":[[[[110.50317833964516,-7.817159745757332],[110.50048068929533,-7.817159745757332],[110.50084775239631,-7.816627592075042],[110.5019120597609,-7.815893465873071],[110.50264618596287,-7.814579766353752],[110.49868225572878,-7.813562878624229],[110.49868225572878,-7.812663661840952],[110.50058255369656,-7.812176293369548],[110.50137990607861,-7.809066794707848],[110.50227912286188,-7.809066794707848],[110.50317833964516,-7.809066794707848],[110.50407755642843,-7.809066794707848],[110.50497677321171,-7.809066794707848],[110.50497677321171,-7.808167577924573],[110.50535964285771,-7.80573863884006],[110.50767442356154,-7.807268361141297],[110.50797650419968,-7.808764714069717],[110.50947285712809,-7.811764445057676],[110.50767442356154,-7.811764445057676],[110.50587598999499,-7.811764445057676],[110.50587598999499,-7.812663661840952],[110.50407755642843,-7.812663661840952],[110.50407755642843,-7.814462095407503],[110.50407755642843,-7.815361312190779],[110.50317833964516,-7.815361312190779],[110.50317833964516,-7.817159745757332]],[[110.50317833964516,-7.811764445057676],[110.50281830167529,-7.809721010043337],[110.50201041159657,-7.811263904465424],[110.50317833964516,-7.811764445057676]],[[110.50587598999499,-7.8108652282744],[110.50556864050851,-7.809769307819783],[110.50478006954037,-7.810557000646538],[110.50587598999499,-7.8108652282744]]]],"type":"MultiPolygon"},"properties":{"Kelas":"Cukup Tinggi"}},{"type":"Feature","geometry":{"coordinates":[[[[110.50317833964516,-7.817159745757332],[110.50317833964516,-7.815361312190779],[110.50407755642843,-7.815361312190779],[110.50407755642843,-7.816260528974055],[110.50407755642843,-7.817159745757332],[110.50317833964516,-7.817159745757332]]]],"type":"MultiPolygon"},"properties":{"Kelas":"Tinggi"}},{"type":"Feature","geometry":{"coordinates":[[[[110.4220763,-7.8172268],[110.42180948431768,-7.817159745757332],[110.42224882915033,-7.817159745757332],[110.42218875546934,-7.817313684564878],[110.4220763,-7.8172268]]]],"type":"MultiPolygon"},"properties":{"Kelas":"Cukup Tinggi"}},{"type":"Feature","geometry":{"coordinates":[[[[110.44652768229878,-7.818058962540608],[110.44509104298487,-7.817331861469755],[110.44472924873223,-7.814462095407503],[110.44652768229878,-7.815361312190779],[110.44652768229878,-7.818058962540608]]]],"type":"MultiPolygon"},"properties":{"Kelas":"Sangat Rendah"}},{"type":"Feature","geometry":{"coordinates":[[[[110.4564190669148,-7.818058962540608],[110.4564190669148,-7.817159745757332],[110.45731828369809,-7.817159745757332],[110.45731828369809,-7.818058962540608],[110.4564190669148,-7.818058962540608]]]],"type":"MultiPolygon"},"properties":{"Kelas":"Sedang"}},{"type":"Feature","geometry":{"coordinates":[[[[110.46271358439775,-7.818058962540608],[110.46181436761447,-7.818058962540608],[110.4621164482526,-7.816562609612188],[110.46271358439775,-7.815361312190779],[110.46361280118101,-7.815361312190779],[110.46361280118101,-7.817159745757332],[110.46271358439775,-7.817159745757332],[110.46271358439775,-7.818058962540608]]]],"type":"MultiPolygon"},"properties":{"Kelas":"Cukup Tinggi"}},{"type":"Feature","geometry":{"coordinates":[[[[110.46361280118101,-7.818058962540608],[110.46271358439775,-7.818058962540608],[110.46271358439775,-7.817159745757332],[110.46361280118101,-7.817159745757332],[110.46361280118101,-7.818058962540608]]]],"type":"MultiPolygon"},"properties":{"Kelas":"Sedang"}},{"type":"Feature","geometry":{"coordinates":[[[[110.4645120179643,-7.818058962540608],[110.46361280118101,-7.818058962540608],[110.46361280118101,-7.817159745757332],[110.4645120179643,-7.817159745757332],[110.4645120179643,-7.818058962540608]]]],"type":"MultiPolygon"},"properties":{"Kelas":"Cukup Rendah"}},{"type":"Feature","geometry":{"coordinates":[[[[110.48879087111274,-7.818058962540608],[110.48789165432947,-7.818058962540608],[110.48789165432947,-7.817159745757332],[110.48879087111274,-7.817159745757332],[110.48879087111274,-7.818058962540608]]]],"type":"MultiPolygon"},"properties":{"Kelas":"Sangat Rendah"}},{"type":"Feature","geometry":{"coordinates":[[[[110.48969008789602,-7.818058962540608],[110.48879087111274,-7.818058962540608],[110.48879087111274,-7.817159745757332],[110.48789165432947,-7.817159745757332],[110.48726641765984,-7.814614892009349],[110.48932302479503,-7.813195815523242],[110.48969008789602,-7.812663661840952],[110.48969008789602,-7.8108652282744],[110.4917906021007,-7.810370834671877],[110.49273021338792,-7.807610836283365],[110.49328695502912,-7.807268361141297],[110.49291989192814,-7.81139738195669],[110.49148852146257,-7.813562878624229],[110.4905893046793,-7.813562878624229],[110.4905893046793,-7.814462095407503],[110.48916495934485,-7.814859015315747],[110.48969008789602,-7.818058962540608]]]],"type":"MultiPolygon"},"properties":{"Kelas":"Cukup Rendah"}},{"type":"Feature","geometry":{"coordinates":[[[[110.49148852146257,-7.818058962540608],[110.48969008789602,-7.818058962540608],[110.48916495934485,-7.814859015315747],[110.4905893046793,-7.814462095407503],[110.4905893046793,-7.817159745757332],[110.49148852146257,-7.817159745757332],[110.49148852146257,-7.818058962540608]]]],"type":"MultiPolygon"},"properties":{"Kelas":"Sedang"}},{"type":"Feature","geometry":{"coordinates":[[[[110.3114151,-7.8180961],[110.3113563,-7.8181036],[110.31074594802412,-7.818931872357006],[110.31074594802412,-7.818058962540608],[110.31164516480739,-7.818058962540608],[110.31164516480739,-7.818241911344143],[110.3114151,-7.8180961]]]],"type":"MultiPolygon"},"properties":{"Kelas":"Sedang"}},{"type":"Feature","geometry":{"coordinates":[[[[110.3123418,-7.8188697],[110.3119211,-7.8185653],[110.3117111,-7.8182837],[110.31164516480739,-7.818241911344143],[110.31164516480739,-7.818058962540608],[110.31074594802412,-7.818058962540608],[110.30984673124084,-7.818058962540608],[110.30984673124084,-7.817159745757332],[110.31221595671084,-7.816786535666616],[110.31164516480739,-7.814462095407503],[110.31254438159067,-7.814462095407503],[110.31254438159067,-7.815361312190779],[110.31344359837394,-7.815361312190779],[110.31344359837394,-7.816260528974055],[110.31344359837394,-7.818958179323884],[110.31254438159067,-7.818958179323884],[110.3123931126542,-7.818958179323884],[110.3123418,-7.8188697]]]],"type":"MultiPolygon"},"properties":{"Kelas":"Cukup Tinggi"}},{"type":"Feature","geometry":{"coordinates":[[[[110.46361280118101,-7.818958179323884],[110.46361280118101,-7.818058962540608],[110.4645120179643,-7.818058962540608],[110.4645120179643,-7.818958179323884],[110.46361280118101,-7.818958179323884]]]],"type":"MultiPolygon"},"properties":{"Kelas":"Sangat Rendah"}},{"type":"Feature","geometry":{"coordinates":[[[[110.49238773824585,-7.818958179323884],[110.49148852146257,-7.818958179323884],[110.49148852146257,-7.818058962540608],[110.49238773824585,-7.818058962540608],[110.49238773824585,-7.818958179323884]]]],"type":"MultiPolygon"},"properties":{"Kelas":"Sedang"}},{"type":"Feature","geometry":{"coordinates":[[[[110.49328695502912,-7.818958179323884],[110.49238773824585,-7.818958179323884],[110.49238773824585,-7.818058962540608],[110.49148852146257,-7.818058962540608],[110.49148852146257,-7.817159745757332],[110.49328695502912,-7.817159745757332],[110.49328695502912,-7.818958179323884]]]],"type":"MultiPolygon"},"properties":{"Kelas":"Cukup Tinggi"}},{"type":"Feature","geometry":{"coordinates":[[[[110.50048068929533,-7.818958179323884],[110.49868225572878,-7.818958179323884],[110.49868225572878,-7.814462095407503],[110.49868225572878,-7.813562878624229],[110.50264618596287,-7.814579766353752],[110.5019120597609,-7.815893465873071],[110.50084775239631,-7.816627592075042],[110.50048068929533,-7.817159745757332],[110.50048068929533,-7.818958179323884]]]],"type":"MultiPolygon"},"properties":{"Kelas":"Tinggi"}},{"type":"Feature","geometry":{"coordinates":[[[[110.312591,-7.8192994],[110.31254438159067,-7.819219015046194],[110.31254438159067,-7.818958179323884],[110.31344359837394,-7.818958179323884],[110.31344359837394,-7.819857396107158],[110.31254438159067,-7.819857396107158],[110.31254438159067,-7.819689184881932],[110.312591,-7.8192994]]]],"type":"MultiPolygon"},"properties":{"Kelas":"Sedang"}},{"type":"Feature","geometry":{"coordinates":[[[[110.31434281515722,-7.819857396107158],[110.31344359837394,-7.819857396107158],[110.31344359837394,-7.818958179323884],[110.31434281515722,-7.818958179323884],[110.31434281515722,-7.819857396107158]]]],"type":"MultiPolygon"},"properties":{"Kelas":"Cukup Rendah"}},{"type":"Feature","geometry":{"coordinates":[[[[110.3150796,-7.8174282],[110.3144823,-7.8172971],[110.3143505,-7.81753],[110.3143789,-7.8179962],[110.3143197,-7.8184623],[110.3143778,-7.8186955],[110.3142461,-7.818841],[110.314595,-7.8190405],[110.3147181,-7.8189957],[110.3149513,-7.8192117],[110.3152518,-7.8194901],[110.3153851933553,-7.819574402612783],[110.3152420319405,-7.819857396107158],[110.31434281515722,-7.819857396107158],[110.31434281515722,-7.818958179323884],[110.31344359837394,-7.818958179323884],[110.31344359837394,-7.816260528974055],[110.31434281515722,-7.816260528974055],[110.31434281515722,-7.817159745757332],[110.31510147019223,-7.817159745757332],[110.3150796,-7.8174282]]]],"type":"MultiPolygon"},"properties":{"Kelas":"Sedang"}},{"type":"Feature","geometry":{"coordinates":[[[[110.3156276,-7.8197276],[110.3159441,-7.8198268],[110.31623106249133,-7.819857396107158],[110.3152420319405,-7.819857396107158],[110.3153851933553,-7.819574402612783],[110.3156276,-7.8197276]]],[[[110.3164908,-7.8196905],[110.316568,-7.8196107],[110.3166401,-7.8196587],[110.31693788386016,-7.819857396107158],[110.31632939140657,-7.819857396107158],[110.3164908,-7.8196905]]]],"type":"MultiPolygon"},"properties":{"Kelas":"Cukup Tinggi"}},{"type":"Feature","geometry":{"coordinates":[[[[110.4221707,-7.8188281],[110.4224062,-7.8187442],[110.4227686,-7.8186243],[110.4228454,-7.8186595],[110.4229133,-7.8186907],[110.4231415,-7.8186311],[110.4231480459336,-7.818605466055292],[110.4231480459336,-7.819857396107158],[110.42224882915033,-7.819857396107158],[110.42224882915033,-7.818958179323884],[110.42213135190535,-7.818958179323884],[110.4221707,-7.8188281]]],[[[110.4229264,-7.8180045],[110.4226732,-7.8177152],[110.4224743,-7.8175343],[110.42218875546934,-7.817313684564878],[110.42224882915033,-7.817159745757332],[110.4231480459336,-7.817159745757332],[110.4231480459336,-7.818321734226009],[110.4229264,-7.8180045]]],[[[110.4213486,-7.8170309],[110.4212036,-7.8169431],[110.4211044,-7.8168244],[110.4210879,-7.8167763],[110.4210587,-7.816689],[110.4210587,-7.8165312],[110.4211121,-7.8164034],[110.4212428482512,-7.816260528974055],[110.42134961236705,-7.816260528974055],[110.42134961236705,-7.817031216127726],[110.4213486,-7.8170309]]]],"type":"MultiPolygon"},"properties":{"Kelas":"Sedang"}},{"type":"Feature","geometry":{"coordinates":[[[[110.44892676457603,-7.819251478548116],[110.44742689908205,-7.816260528974055],[110.44922533264861,-7.816260528974055],[110.44922533264861,-7.813562878624229],[110.44742689908205,-7.813562878624229],[110.44742689908205,-7.815361312190779],[110.44652768229878,-7.815361312190779],[110.44622560166064,-7.813864959262359],[110.44383003194895,-7.812663661840952],[110.44383003194895,-7.809966011491124],[110.44383003194895,-7.809066794707848],[110.44383003194895,-7.808167577924573],[110.44383003194895,-7.807268361141297],[110.44652768229878,-7.807268361141297],[110.44697729069041,-7.808420482644868],[110.44742689908205,-7.807268361141297],[110.44857902058563,-7.806818752749658],[110.44742689908205,-7.806369144358021],[110.44832611586533,-7.804570710791468],[110.45012454943188,-7.804570710791468],[110.44957307663901,-7.806818752749658],[110.45012454943188,-7.809066794707848],[110.44795905276435,-7.8108652282744],[110.45012454943188,-7.812663661840952],[110.45066548452807,-7.813446963960759],[110.45726735149748,-7.815140898701911],[110.4564190669148,-7.817159745757332],[110.4550702417399,-7.816488845735433],[110.45372141656499,-7.817159745757332],[110.45372141656499,-7.818058962540608],[110.45012454943188,-7.818058962540608],[110.45012454943188,-7.819857396107158],[110.44892676457603,-7.819251478548116]],[[110.45337894142291,-7.815703787332847],[110.45049688138121,-7.81472202525892],[110.44978207428981,-7.8167443848799],[110.45372141656499,-7.817159745757332],[110.45337894142291,-7.815703787332847]]]],"type":"MultiPolygon"},"properties":{"Kelas":"Sedang"}},{"type":"Feature","geometry":{"coordinates":[[[[110.4528221997817,-7.819857396107158],[110.45172627932709,-7.819549168479298],[110.45251485029524,-7.818761475652542],[110.4528221997817,-7.819857396107158]]]],"type":"MultiPolygon"},"properties":{"Kelas":"Tinggi"}},{"type":"Feature","geometry":{"coordinates":[[[[110.46181436761447,-7.819857396107158],[110.4609151508312,-7.819857396107158],[110.4609151508312,-7.818058962540608],[110.46181436761447,-7.818058962540608],[110.46181436761447,-7.819857396107158]]]],"type":"MultiPolygon"},"properties":{"Kelas":"Cukup Tinggi"}},{"type":"Feature","geometry":{"coordinates":[[[[110.46271358439775,-7.819857396107158],[110.46181436761447,-7.819857396107158],[110.46181436761447,-7.818058962540608],[110.46271358439775,-7.818058962540608],[110.46271358439775,-7.819857396107158]]]],"type":"MultiPolygon"},"properties":{"Kelas":"Sedang"}},{"type":"Feature","geometry":{"coordinates":[[[[110.46271358439775,-7.819857396107158],[110.46271358439775,-7.818058962540608],[110.46361280118101,-7.818058962540608],[110.46361280118101,-7.818958179323884],[110.46361280118101,-7.819857396107158],[110.46271358439775,-7.819857396107158]]]],"type":"MultiPolygon"},"properties":{"Kelas":"Cukup Rendah"}},{"type":"Feature","geometry":{"coordinates":[[[[110.4905893046793,-7.819857396107158],[110.48969008789602,-7.819857396107158],[110.48969008789602,-7.818058962540608],[110.49148852146257,-7.818058962540608],[110.49148852146257,-7.818958179323884],[110.4905893046793,-7.818958179323884],[110.4905893046793,-7.819857396107158]]]],"type":"MultiPolygon"},"properties":{"Kelas":"Cukup Rendah"}},{"type":"Feature","geometry":{"coordinates":[[[[110.49148852146257,-7.819857396107158],[110.4905893046793,-7.819857396107158],[110.4905893046793,-7.818958179323884],[110.49148852146257,-7.818958179323884],[110.49148852146257,-7.819857396107158]]]],"type":"MultiPolygon"},"properties":{"Kelas":"Sangat Rendah"}},{"type":"Feature","geometry":{"coordinates":[[[[110.49238773824585,-7.819857396107158],[110.49148852146257,-7.819857396107158],[110.49148852146257,-7.818958179323884],[110.49238773824585,-7.818958179323884],[110.49238773824585,-7.819857396107158]]]],"type":"MultiPolygon"},"properties":{"Kelas":"Cukup Rendah"}},{"type":"Feature","geometry":{"coordinates":[[[[110.42134961236705,-7.82048477552678],[110.42134961236705,-7.820756612890435],[110.42133011030936,-7.820756612890435],[110.42134961236705,-7.82048477552678]]],[[[110.4220141,-7.8196192],[110.4221915,-7.8191106],[110.4221161,-7.8190086],[110.42213135190535,-7.818958179323884],[110.42224882915033,-7.818958179323884],[110.42224882915033,-7.819857396107158],[110.42196926786198,-7.819857396107158],[110.4220141,-7.8196192]]]],"type":"MultiPolygon"},"properties":{"Kelas":"Cukup Tinggi"}},{"type":"Feature","geometry":{"coordinates":[[[[110.460192,-7.8196744],[110.4601777,-7.8196449],[110.45911851603312,-7.8199987377538],[110.45768534679907,-7.820224459208145],[110.45551985013154,-7.820756612890435],[110.45551985013154,-7.818958179323884],[110.46001593404792,-7.818958179323884],[110.46001593404792,-7.817159745757332],[110.4609151508312,-7.817159745757332],[110.4609151508312,-7.815361312190779],[110.4609151508312,-7.813562878624229],[110.46271358439775,-7.813562878624229],[110.46271358439775,-7.815361312190779],[110.4621164482526,-7.816562609612188],[110.46181436761447,-7.818058962540608],[110.4609151508312,-7.818058962540608],[110.4609151508312,-7.819857396107158],[110.46024547041802,-7.819857396107158],[110.460192,-7.8196744]]]],"type":"MultiPolygon"},"properties":{"Kelas":"Tinggi"}},{"type":"Feature","geometry":{"coordinates":[[[[110.46024547041802,-7.819857396107158],[110.4609151508312,-7.819857396107158],[110.4609151508312,-7.820756612890435],[110.46050821642953,-7.820756612890435],[110.46024547041802,-7.819857396107158]]]],"type":"MultiPolygon"},"properties":{"Kelas":"Cukup Tinggi"}},{"type":"Feature","geometry":{"coordinates":[[[[110.4609151508312,-7.820756612890435],[110.4609151508312,-7.819857396107158],[110.46181436761447,-7.819857396107158],[110.46181436761447,-7.820756612890435],[110.4609151508312,-7.820756612890435]]]],"type":"MultiPolygon"},"properties":{"Kelas":"Sedang"}},{"type":"Feature","geometry":{"coordinates":[[[[110.49238773824585,-7.820756612890435],[110.49148852146257,-7.820756612890435],[110.49148852146257,-7.819857396107158],[110.49238773824585,-7.819857396107158],[110.49238773824585,-7.820756612890435]]]],"type":"MultiPolygon"},"properties":{"Kelas":"Sangat Rendah"}},{"type":"Feature","geometry":{"coordinates":[[[[110.50137990607861,-7.819857396107158],[110.50247582653323,-7.82016562373502],[110.50168725556507,-7.820953316561777],[110.50137990607861,-7.819857396107158]]]],"type":"MultiPolygon"},"properties":{"Kelas":"Sedang"}},{"type":"Feature","geometry":{"coordinates":[[[[110.2342883,-7.8140931],[110.2341891,-7.8143306],[110.2340976,-7.8144465],[110.2337542,-7.8147545],[110.2337009,-7.8147936],[110.2336398,-7.8148075],[110.2334361,-7.8150045],[110.23343,-7.8149955],[110.2331327,-7.8145342],[110.2328351,-7.8140797],[110.2326368,-7.8135829],[110.2326825,-7.8128051],[110.23268655322718,-7.812663661840952],[110.23341330466239,-7.812663661840952],[110.23341330466239,-7.813562878624229],[110.23431252144566,-7.813562878624229],[110.23431252144566,-7.813925817806026],[110.2342883,-7.8140931]]]],"type":"MultiPolygon"},"properties":{"Kelas":"Cukup Tinggi"}},{"type":"Feature","geometry":{"coordinates":[[[[110.42404726271688,-7.821655829673711],[110.42404726271688,-7.817159745757332],[110.42598971147137,-7.817526808858316],[110.42701362433202,-7.819312948445409],[110.42523275359326,-7.820142792058883],[110.42466020540704,-7.821370433721988],[110.42404726271688,-7.821655829673711]]]],"type":"MultiPolygon"},"properties":{"Kelas":"Sangat Rendah"}},{"type":"Feature","geometry":{"coordinates":[[[[110.45012454943188,-7.821655829673711],[110.44892325201047,-7.821058693528567],[110.44742689908205,-7.820756612890435],[110.44712481844392,-7.819260259962014],[110.44652768229878,-7.818058962540608],[110.44652768229878,-7.815361312190779],[110.44742689908205,-7.815361312190779],[110.44742689908205,-7.816260528974055],[110.44892676457603,-7.819251478548116],[110.45012454943188,-7.819857396107158],[110.45012454943188,-7.821655829673711]]]],"type":"MultiPolygon"},"properties":{"Kelas":"Cukup Rendah"}},{"type":"Feature","geometry":{"coordinates":[[[[110.45192298299844,-7.821655829673711],[110.45012454943188,-7.821655829673711],[110.45012454943188,-7.819857396107158],[110.45131882172217,-7.820461557383423],[110.45192298299844,-7.821655829673711]]]],"type":"MultiPolygon"},"properties":{"Kelas":"Sedang"}},{"type":"Feature","geometry":{"coordinates":[[[[110.4543305,-7.8207553],[110.4537669,-7.8205637],[110.4537438,-7.8205559],[110.4533556,-7.8208244],[110.4531192,-7.8211408],[110.4529529,-7.8215189],[110.45294173118485,-7.821655829673711],[110.45192298299844,-7.821655829673711],[110.45131882172217,-7.820461557383423],[110.45012454943188,-7.819857396107158],[110.45012454943188,-7.818058962540608],[110.45372141656499,-7.818058962540608],[110.4564190669148,-7.818058962540608],[110.45731828369809,-7.818058962540608],[110.45731828369809,-7.817159745757332],[110.46001593404792,-7.817159745757332],[110.46001593404792,-7.818958179323884],[110.45551985013154,-7.818958179323884],[110.45551985013154,-7.820756612890435],[110.45551985013154,-7.821176831294434],[110.4543305,-7.8207553]],[[110.45251485029524,-7.818761475652542],[110.45172627932709,-7.819549168479298],[110.4528221997817,-7.819857396107158],[110.45251485029524,-7.818761475652542]]]],"type":"MultiPolygon"},"properties":{"Kelas":"Cukup Tinggi"}},{"type":"Feature","geometry":{"coordinates":[[[[110.49868225572878,-7.821655829673711],[110.49868225572878,-7.820756612890435],[110.49958147251206,-7.820756612890435],[110.49958147251206,-7.821655829673711],[110.49868225572878,-7.821655829673711]]]],"type":"MultiPolygon"},"properties":{"Kelas":"Sedang"}},{"type":"Feature","geometry":{"coordinates":[[[[110.4219198,-7.8215538],[110.4218445,-7.8215008],[110.4215717,-7.8213811],[110.4217374,-7.8210592],[110.42134961236705,-7.820829354547568],[110.42134961236705,-7.820756612890435],[110.42134961236705,-7.82048477552678],[110.421357,-7.8203818],[110.4218595,-7.8204406],[110.42196926786198,-7.819857396107158],[110.42224882915033,-7.819857396107158],[110.42224882915033,-7.821729063157771],[110.4219198,-7.8215538]]]],"type":"MultiPolygon"},"properties":{"Kelas":"Sedang"}},{"type":"Feature","geometry":{"coordinates":[[[[110.49328695502912,-7.822555046456987],[110.49238773824585,-7.822555046456987],[110.49238773824585,-7.820756612890435],[110.49238773824585,-7.819857396107158],[110.49238773824585,-7.818958179323884],[110.49328695502912,-7.818958179323884],[110.49328695502912,-7.822555046456987]]]],"type":"MultiPolygon"},"properties":{"Kelas":"Sedang"}},{"type":"Feature","geometry":{"coordinates":[[[[110.49328695502912,-7.822555046456987],[110.49328695502912,-7.818958179323884],[110.4941861718124,-7.818958179323884],[110.4941861718124,-7.822555046456987],[110.49328695502912,-7.822555046456987]]]],"type":"MultiPolygon"},"properties":{"Kelas":"Cukup Tinggi"}},{"type":"Feature","geometry":{"coordinates":[[[[110.4977830389455,-7.822555046456987],[110.49741597584452,-7.821123675991421],[110.49635166847993,-7.819490333006174],[110.49561051714684,-7.815693249636169],[110.4939244856782,-7.816071728575222],[110.49148852146257,-7.814462095407503],[110.49148852146257,-7.813562878624229],[110.49446190820883,-7.812832264987817],[110.49730884259495,-7.81503903430068],[110.49868225572878,-7.814462095407503],[110.49868225572878,-7.818958179323884],[110.50048068929533,-7.818958179323884],[110.50137990607861,-7.818958179323884],[110.50137990607861,-7.819857396107158],[110.49958147251206,-7.820756612890435],[110.49868225572878,-7.820756612890435],[110.49868225572878,-7.821655829673711],[110.49868225572878,-7.822555046456987],[110.4977830389455,-7.822555046456987]]]],"type":"MultiPolygon"},"properties":{"Kelas":"Cukup Tinggi"}},{"type":"Feature","geometry":{"coordinates":[[[[110.4506368,-7.8242117],[110.4504232,-7.8241588],[110.4503927,-7.8241421],[110.4501257,-7.8241049],[110.45012454943188,-7.824104768916462],[110.45012454943188,-7.821655829673711],[110.45192298299844,-7.821655829673711],[110.4513258468533,-7.822857127095119],[110.45103839015465,-7.824281040509333],[110.4506368,-7.8242117]]]],"type":"MultiPolygon"},"properties":{"Kelas":"Cukup Rendah"}},{"type":"Feature","geometry":{"coordinates":[[[[110.3153774,-7.8235409],[110.3152733,-7.8235226],[110.31529577199102,-7.82337298917688],[110.31545185072883,-7.823553992116227],[110.3153774,-7.8235409]]]],"type":"MultiPolygon"},"properties":{"Kelas":"Sedang"}},{"type":"Feature","geometry":{"coordinates":[[[[110.4243691,-7.822424],[110.424263,-7.8223662],[110.4240146,-7.8222377],[110.4237645,-7.822116],[110.4236855,-7.822088],[110.4236425,-7.8221951],[110.4236043,-7.8222787],[110.4227352,-7.8219961],[110.4225106,-7.8218685],[110.42224882915033,-7.821729063157771],[110.42224882915033,-7.819857396107158],[110.4231480459336,-7.819857396107158],[110.4231480459336,-7.818605466055292],[110.4231796,-7.8184819],[110.423172,-7.818356],[110.423165,-7.818346],[110.4231480459336,-7.818321734226009],[110.4231480459336,-7.817159745757332],[110.42404726271688,-7.817159745757332],[110.42404726271688,-7.821655829673711],[110.42438871932401,-7.822434701449462],[110.4243691,-7.822424]]]],"type":"MultiPolygon"},"properties":{"Kelas":"Cukup Rendah"}},{"type":"Feature","geometry":{"coordinates":[[[[110.4496526,-7.824051],[110.4492788,-7.8240214],[110.4492178,-7.8240062],[110.4491797,-7.8242002],[110.4491336,-7.8244535],[110.4482349,-7.8241989],[110.44800584014108,-7.824164166262413],[110.44742689908205,-7.820756612890435],[110.44892325201047,-7.821058693528567],[110.45012454943188,-7.821655829673711],[110.45012454943188,-7.824104768916462],[110.4496526,-7.824051]]]],"type":"MultiPolygon"},"properties":{"Kelas":"Sangat Rendah"}},{"type":"Feature","geometry":{"coordinates":[[[[110.4924915,-7.8227346],[110.4924075,-7.822799],[110.49238773824585,-7.822799194377909],[110.49238773824585,-7.822555046456987],[110.49328695502912,-7.822555046456987],[110.49328695502912,-7.822813009622968],[110.4924915,-7.8227346]]]],"type":"MultiPolygon"},"properties":{"Kelas":"Cukup Tinggi"}},{"type":"Feature","geometry":{"coordinates":[[[[110.4950015,-7.8227918],[110.4949972,-7.8227935],[110.4947955,-7.8228724],[110.4945735,-7.8229119],[110.4945438,-7.8229172],[110.4944831,-7.8229181],[110.4943683,-7.8229196],[110.49328695502912,-7.822813009622968],[110.49328695502912,-7.822555046456987],[110.4941861718124,-7.822555046456987],[110.4941861718124,-7.818958179323884],[110.49328695502912,-7.818958179323884],[110.49328695502912,-7.817159745757332],[110.49148852146257,-7.817159745757332],[110.49148852146257,-7.814462095407503],[110.4939244856782,-7.816071728575222],[110.49561051714684,-7.815693249636169],[110.49635166847993,-7.819490333006174],[110.49741597584452,-7.821123675991421],[110.4977830389455,-7.822555046456987],[110.49643532006968,-7.82290096096845],[110.4950015,-7.8227918]]]],"type":"MultiPolygon"},"properties":{"Kelas":"Tinggi"}},{"type":"Feature","geometry":{"coordinates":[[[[110.4706815,-7.8234481],[110.4707674,-7.823937],[110.4705434,-7.8243106],[110.4702905,-7.8248278],[110.47003752682325,-7.824772626664617],[110.47049918596076,-7.823070515452869],[110.47066932017799,-7.823229174619772],[110.4706815,-7.8234481]]]],"type":"MultiPolygon"},"properties":{"Kelas":"Cukup Rendah"}},{"type":"Feature","geometry":{"coordinates":[[[[110.4529129,-7.8220093],[110.4528427,-7.8225639],[110.4527485,-7.8230825],[110.4526232,-7.8243183],[110.4526367,-7.8245884],[110.452638,-7.8245981],[110.4512853,-7.8243228],[110.451148,-7.8242942],[110.4511175,-7.8242947],[110.45103839015465,-7.824281040509333],[110.4513258468533,-7.822857127095119],[110.45192298299844,-7.821655829673711],[110.45294173118485,-7.821655829673711],[110.4529129,-7.8220093]]]],"type":"MultiPolygon"},"properties":{"Kelas":"Sedang"}},{"type":"Feature","geometry":{"coordinates":[[[[110.4682749,-7.8268081],[110.4682752,-7.8268091],[110.4682006,-7.8268644],[110.4681789,-7.8269219],[110.4681573,-7.8269362],[110.4681088850974,-7.82700041815225],[110.4681088850974,-7.82615191359009],[110.46871169637254,-7.825850507952519],[110.4682749,-7.8268081]]]],"type":"MultiPolygon"},"properties":{"Kelas":"Sedang"}},{"type":"Feature","geometry":{"coordinates":[[[[110.4680706,-7.8270512],[110.4679984,-7.8271733],[110.4678974,-7.827245],[110.4678757,-7.8272738],[110.4678756,-7.8273241],[110.4678539,-7.8273888],[110.4678322,-7.8274678],[110.4677889,-7.8275253],[110.4677887,-7.8276618],[110.4677309,-7.8278127],[110.4676946,-7.8279421],[110.4675873,-7.8280017],[110.46744821947571,-7.827959898908187],[110.46716400496184,-7.826803494501409],[110.4681088850974,-7.82615191359009],[110.4681088850974,-7.82700041815225],[110.4680706,-7.8270512]]]],"type":"MultiPolygon"},"properties":{"Kelas":"Cukup Tinggi"}},{"type":"Feature","geometry":{"coordinates":[[[[110.492049,-7.8227313],[110.4913471,-7.8225019],[110.4913089,-7.8224985],[110.4911868,-7.8224747],[110.4908664,-7.8223884],[110.4904544,-7.8222959],[110.4903628,-7.8222849],[110.4902866,-7.8222559],[110.4902408,-7.8222401],[110.4898669,-7.822119],[110.48942692387931,-7.821984076672029],[110.49009930178372,-7.821145629526169],[110.49107930757486,-7.821266813037978],[110.49148852146257,-7.820756612890435],[110.49238773824585,-7.820756612890435],[110.49238773824585,-7.822555046456987],[110.49208347598515,-7.82274221093912],[110.492049,-7.8227313]]],[[[110.488959,-7.8218501],[110.4887073,-7.8217619],[110.4885888,-7.821721],[110.4880206,-7.8215253],[110.4875171,-7.8213737],[110.48728661784087,-7.821303974972899],[110.48718738493476,-7.820505464452918],[110.48805323234521,-7.819457841774746],[110.48907500168646,-7.821881288698069],[110.488959,-7.8218501]]]],"type":"MultiPolygon"},"properties":{"Kelas":"Cukup Rendah"}},{"type":"Feature","geometry":{"coordinates":[[[[110.492316,-7.8227999],[110.4921558,-7.8227651],[110.49208347598515,-7.82274221093912],[110.49238773824585,-7.822555046456987],[110.49238773824585,-7.822799194377909],[110.492316,-7.8227999]]]],"type":"MultiPolygon"},"properties":{"Kelas":"Sedang"}}]}