{"type":"FeatureCollection","features":[{"type":"Feature","geometry":{"coordinates":[110.4222995,-7.7281999],"type":"Point"},"properties":{"NAMA":"WARUNG KINARA","TIPE_1":"PERDAGANGAN DAN RETAIL","TIPE_2":"TOKO KELONTONG","TIPE_3":"-","TELEPON":"0812-7657-334","ALAMAT":"DS. SAMBIREJO, NO.36, KARANGANYAR, WEDOMARTANI, KEC. NGEMPLAK, KABUPATEN SLEMAN, DAERAH ISTIMEWA YOGYAKARTA 55584","ID_PROV":34,"PROVINSI":"DAERAH ISTIMEWA YOGYAKARTA","ID_KABKOT":34.04,"KABKOT":"SLEMAN","ID_KEC":"34.04.11","KECAMATAN":"NGEMPLAK","ID_DESA":"34.04.11.2004","DESA":"WEDOMARTANI","LONGITUDE":110.4222995,"LATITUDE":-7.7281999,"STATUS":"BUKA","TANGGAL PENGUMPULAN":"Q1 2025","TANGGAL UPDATE":"27/02/2025"}},{"type":"Feature","geometry":{"coordinates":[110.3348068,-7.794974],"type":"Point"},"properties":{"NAMA":"TOKO RIZKI BAROKAH","TIPE_1":"PERDAGANGAN DAN RETAIL","TIPE_2":"TOKO KELONTONG","TIPE_3":"-","TELEPON":"","ALAMAT":"DUKUH, BANYURADEN, KEC. GAMPING, KABUPATEN SLEMAN, DAERAH ISTIMEWA YOGYAKARTA 55293","ID_PROV":34,"PROVINSI":"DAERAH ISTIMEWA YOGYAKARTA","ID_KABKOT":34.04,"KABKOT":"SLEMAN","ID_KEC":"34.04.01","KECAMATAN":"GAMPING","ID_DESA":"34.04.01.2003","DESA":"BANYURADEN","LONGITUDE":110.3348068,"LATITUDE":-7.794974,"STATUS":"BUKA","TANGGAL PENGUMPULAN":"Q1 2025","TANGGAL UPDATE":"27/02/2025"}},{"type":"Feature","geometry":{"coordinates":[110.2312906,-7.7304198],"type":"Point"},"properties":{"NAMA":"TOKO ARROHMAH","TIPE_1":"PERDAGANGAN DAN RETAIL","TIPE_2":"TOKO KELONTONG","TIPE_3":"-","TELEPON":"","ALAMAT":"DUKUHAN, SENDANGAGUNG, KEC. MINGGIR, KABUPATEN SLEMAN, DAERAH ISTIMEWA YOGYAKARTA 55562","ID_PROV":34,"PROVINSI":"DAERAH ISTIMEWA YOGYAKARTA","ID_KABKOT":34.04,"KABKOT":"SLEMAN","ID_KEC":"34.04.04","KECAMATAN":"MINGGIR","ID_DESA":"34.04.04.2003","DESA":"SENDANGAGUNG","LONGITUDE":110.2312906,"LATITUDE":-7.7304198,"STATUS":"BUKA","TANGGAL PENGUMPULAN":"Q1 2025","TANGGAL UPDATE":"27/02/2025"}},{"type":"Feature","geometry":{"coordinates":[110.2324991,-7.7288933],"type":"Point"},"properties":{"NAMA":"BABACANG KELONTONG","TIPE_1":"PERDAGANGAN DAN RETAIL","TIPE_2":"TOKO KELONTONG","TIPE_3":"-","TELEPON":"","ALAMAT":"DUKUHAN, SENDANGAGUNG, MINGGIR, SLEMAN REGENCY, SPECIAL REGION OF YOGYAKARTA 55562","ID_PROV":34,"PROVINSI":"DAERAH ISTIMEWA YOGYAKARTA","ID_KABKOT":34.04,"KABKOT":"SLEMAN","ID_KEC":"34.04.04","KECAMATAN":"MINGGIR","ID_DESA":"34.04.04.2003","DESA":"SENDANGAGUNG","LONGITUDE":110.2324991,"LATITUDE":-7.7288933,"STATUS":"BUKA","TANGGAL PENGUMPULAN":"Q1 2025","TANGGAL UPDATE":"27/02/2025"}},{"type":"Feature","geometry":{"coordinates":[110.3596686,-7.7225898],"type":"Point"},"properties":{"NAMA":"TOKO KELONTONG BU WATI","TIPE_1":"PERDAGANGAN DAN RETAIL","TIPE_2":"TOKO KELONTONG","TIPE_3":"-","TELEPON":"0877-0609-3882","ALAMAT":"DUSUN JABAN, TRIDADI, KEC. SLEMAN, KABUPATEN SLEMAN, DAERAH ISTIMEWA YOGYAKARTA 55285","ID_PROV":34,"PROVINSI":"DAERAH ISTIMEWA YOGYAKARTA","ID_KABKOT":34.04,"KABKOT":"SLEMAN","ID_KEC":"34.04.13","KECAMATAN":"SLEMAN","ID_DESA":"34.04.13.2003","DESA":"TRIDADI","LONGITUDE":110.3596686,"LATITUDE":-7.7225898,"STATUS":"BUKA","TANGGAL PENGUMPULAN":"Q1 2025","TANGGAL UPDATE":"27/02/2025"}},{"type":"Feature","geometry":{"coordinates":[110.3137062,-7.8151685],"type":"Point"},"properties":{"NAMA":"WARUNG KELONTONG SHALSABILLA","TIPE_1":"PERDAGANGAN DAN RETAIL","TIPE_2":"TOKO KELONTONG","TIPE_3":"-","TELEPON":"","ALAMAT":"DUSUN KALIMANJUNG, KALIMANJUNG, AMBARKETAWANG, GAMPING, SLEMAN REGENCY, SPECIAL REGION OF YOGYAKARTA 55294","ID_PROV":34,"PROVINSI":"DAERAH ISTIMEWA YOGYAKARTA","ID_KABKOT":34.04,"KABKOT":"SLEMAN","ID_KEC":"34.04.01","KECAMATAN":"GAMPING","ID_DESA":"34.04.01.2002","DESA":"AMBARKETAWANG","LONGITUDE":110.3137062,"LATITUDE":-7.8151685,"STATUS":"BUKA","TANGGAL PENGUMPULAN":"Q1 2025","TANGGAL UPDATE":"27/02/2025"}},{"type":"Feature","geometry":{"coordinates":[110.2976509,-7.749609],"type":"Point"},"properties":{"NAMA":"TOKO KELONTONG DAN SEMBAKO AYUNA","TIPE_1":"PERDAGANGAN DAN RETAIL","TIPE_2":"TOKO KELONTONG","TIPE_3":"-","TELEPON":"0877-3847-4071","ALAMAT":"DUSUN KLAKAPAN II, RT 5 RW 6, MARGOLUWIH, SEYEGAN, SLEMAN, KLANGKAPAN II, MARGOLUWIH, KEC. SEYEGAN, YOGYAKARTA, DAERAH ISTIMEWA YOGYAKARTA 55561","ID_PROV":34,"PROVINSI":"DAERAH ISTIMEWA YOGYAKARTA","ID_KABKOT":34.04,"KABKOT":"SLEMAN","ID_KEC":"34.04.05","KECAMATAN":"SEYEGAN","ID_DESA":"34.04.05.2001","DESA":"MARGOLUWIH","LONGITUDE":110.2976509,"LATITUDE":-7.749609,"STATUS":"BUKA","TANGGAL PENGUMPULAN":"Q1 2025","TANGGAL UPDATE":"27/02/2025"}},{"type":"Feature","geometry":{"coordinates":[110.4249353,-7.6447608],"type":"Point"},"properties":{"NAMA":"WAROENG SEMBAKO PARIMAN","TIPE_1":"PERDAGANGAN DAN RETAIL","TIPE_2":"TOKO KELONTONG","TIPE_3":"-","TELEPON":"","ALAMAT":"DUSUN PURWODADI RT 02, JL. KALIURANG NO.KM 19,5, PAKEMBINANGUN, KEC. PAKEM, KABUPATEN SLEMAN, DAERAH ISTIMEWA YOGYAKARTA 55582","ID_PROV":34,"PROVINSI":"DAERAH ISTIMEWA YOGYAKARTA","ID_KABKOT":34.04,"KABKOT":"SLEMAN","ID_KEC":"34.04.16","KECAMATAN":"PAKEM","ID_DESA":"34.04.16.2004","DESA":"PAKEMBINANGUN","LONGITUDE":110.4249353,"LATITUDE":-7.6447608,"STATUS":"BUKA","TANGGAL PENGUMPULAN":"Q1 2025","TANGGAL UPDATE":"27/02/2025"}},{"type":"Feature","geometry":{"coordinates":[110.4175759,-7.6125512],"type":"Point"},"properties":{"NAMA":"WARUNG SEMBAKO RADITYA","TIPE_1":"PERDAGANGAN DAN RETAIL","TIPE_2":"TOKO KELONTONG","TIPE_3":"-","TELEPON":"0821-2221-3189","ALAMAT":"DUSUN, JL. BOYONG RT5, RW11, KEC. PAKEM, KABUPATEN SLEMAN, DAERAH ISTIMEWA YOGYAKARTA 55582","ID_PROV":34,"PROVINSI":"DAERAH ISTIMEWA YOGYAKARTA","ID_KABKOT":34.04,"KABKOT":"SLEMAN","ID_KEC":"34.04.16","KECAMATAN":"PAKEM","ID_DESA":"34.04.16.2005","DESA":"HARGOBINANGUN","LONGITUDE":110.4175759,"LATITUDE":-7.6125512,"STATUS":"BUKA","TANGGAL PENGUMPULAN":"Q1 2025","TANGGAL UPDATE":"27/02/2025"}},{"type":"Feature","geometry":{"coordinates":[110.378158,-7.663517],"type":"Point"},"properties":{"NAMA":"TOKO BU GENDUT","TIPE_1":"PERDAGANGAN DAN RETAIL","TIPE_2":"TOKO KELONTONG","TIPE_3":"-","TELEPON":"","ALAMAT":"GABUGAN, DONOKERTO, KEC. TURI, KABUPATEN SLEMAN, DAERAH ISTIMEWA YOGYAKARTA 55551","ID_PROV":34,"PROVINSI":"DAERAH ISTIMEWA YOGYAKARTA","ID_KABKOT":34.04,"KABKOT":"SLEMAN","ID_KEC":"34.04.15","KECAMATAN":"TURI","ID_DESA":"34.04.15.2002","DESA":"DONOKERTO","LONGITUDE":110.378158,"LATITUDE":-7.663517,"STATUS":"BUKA","TANGGAL PENGUMPULAN":"Q1 2025","TANGGAL UPDATE":"27/02/2025"}},{"type":"Feature","geometry":{"coordinates":[110.3774466,-7.6637238],"type":"Point"},"properties":{"NAMA":"TOKO BU MANGUN","TIPE_1":"PERDAGANGAN DAN RETAIL","TIPE_2":"TOKO KELONTONG","TIPE_3":"-","TELEPON":"0813-2864-5414","ALAMAT":"GABUGAN, DONOKERTO, KEC. TURI, KABUPATEN SLEMAN, DAERAH ISTIMEWA YOGYAKARTA 55551","ID_PROV":34,"PROVINSI":"DAERAH ISTIMEWA YOGYAKARTA","ID_KABKOT":34.04,"KABKOT":"SLEMAN","ID_KEC":"34.04.15","KECAMATAN":"TURI","ID_DESA":"34.04.15.2002","DESA":"DONOKERTO","LONGITUDE":110.3774466,"LATITUDE":-7.6637238,"STATUS":"BUKA","TANGGAL PENGUMPULAN":"Q1 2025","TANGGAL UPDATE":"27/02/2025"}},{"type":"Feature","geometry":{"coordinates":[110.380042,-7.6615412],"type":"Point"},"properties":{"NAMA":"TOKO POJOK","TIPE_1":"PERDAGANGAN DAN RETAIL","TIPE_2":"TOKO KELONTONG","TIPE_3":"-","TELEPON":"","ALAMAT":"GABUGAN, DONOKERTO, KEC. TURI, KABUPATEN SLEMAN, DAERAH ISTIMEWA YOGYAKARTA 55551","ID_PROV":34,"PROVINSI":"DAERAH ISTIMEWA YOGYAKARTA","ID_KABKOT":34.04,"KABKOT":"SLEMAN","ID_KEC":"34.04.15","KECAMATAN":"TURI","ID_DESA":"34.04.15.2002","DESA":"DONOKERTO","LONGITUDE":110.380042,"LATITUDE":-7.6615412,"STATUS":"BUKA","TANGGAL PENGUMPULAN":"Q1 2025","TANGGAL UPDATE":"27/02/2025"}},{"type":"Feature","geometry":{"coordinates":[110.3661623,-7.6532882],"type":"Point"},"properties":{"NAMA":"TOKO BU JONO","TIPE_1":"PERDAGANGAN DAN RETAIL","TIPE_2":"TOKO KELONTONG","TIPE_3":"-","TELEPON":"","ALAMAT":"GADING ROAD, DOK PONG, DONOKERTO, KEC. TURI, KABUPATEN SLEMAN, DAERAH ISTIMEWA YOGYAKARTA 55551","ID_PROV":34,"PROVINSI":"DAERAH ISTIMEWA YOGYAKARTA","ID_KABKOT":34.04,"KABKOT":"SLEMAN","ID_KEC":"34.04.15","KECAMATAN":"TURI","ID_DESA":"34.04.15.2002","DESA":"DONOKERTO","LONGITUDE":110.3661623,"LATITUDE":-7.6532882,"STATUS":"BUKA","TANGGAL PENGUMPULAN":"Q1 2025","TANGGAL UPDATE":"27/02/2025"}},{"type":"Feature","geometry":{"coordinates":[110.4654212,-7.663163],"type":"Point"},"properties":{"NAMA":"ARJUNA KELONTONG","TIPE_1":"PERDAGANGAN DAN RETAIL","TIPE_2":"TOKO KELONTONG","TIPE_3":"-","TELEPON":"0852-1516-3030","ALAMAT":"GADINGAN, ARGOMULYO, KEC. CANGKRINGAN, KABUPATEN SLEMAN, DAERAH ISTIMEWA YOGYAKARTA 55583","ID_PROV":34,"PROVINSI":"DAERAH ISTIMEWA YOGYAKARTA","ID_KABKOT":34.04,"KABKOT":"SLEMAN","ID_KEC":"34.04.17","KECAMATAN":"CANGKRINGAN","ID_DESA":"34.04.17.2001","DESA":"ARGOMULYO","LONGITUDE":110.4654212,"LATITUDE":-7.663163,"STATUS":"BUKA","TANGGAL PENGUMPULAN":"Q1 2025","TANGGAL UPDATE":"27/02/2025"}},{"type":"Feature","geometry":{"coordinates":[110.465441,-7.6623902],"type":"Point"},"properties":{"NAMA":"TOKO DE","TIPE_1":"PERDAGANGAN DAN RETAIL","TIPE_2":"TOKO KELONTONG","TIPE_3":"-","TELEPON":"","ALAMAT":"GADINGAN, ARGOMULYO, KEC. CANGKRINGAN, KABUPATEN SLEMAN, DAERAH ISTIMEWA YOGYAKARTA 55583","ID_PROV":34,"PROVINSI":"DAERAH ISTIMEWA YOGYAKARTA","ID_KABKOT":34.04,"KABKOT":"SLEMAN","ID_KEC":"34.04.17","KECAMATAN":"CANGKRINGAN","ID_DESA":"34.04.17.2001","DESA":"ARGOMULYO","LONGITUDE":110.465441,"LATITUDE":-7.6623902,"STATUS":"BUKA","TANGGAL PENGUMPULAN":"Q1 2025","TANGGAL UPDATE":"27/02/2025"}},{"type":"Feature","geometry":{"coordinates":[110.4240329,-7.6587992],"type":"Point"},"properties":{"NAMA":"TOKO PANGKALAN GAS DAN KELONTONG","TIPE_1":"PERDAGANGAN DAN RETAIL","TIPE_2":"TOKO KELONTONG","TIPE_3":"-","TELEPON":"","ALAMAT":"GAMBIRAN, PAKEMBINANGUN, KEC. PAKEM, KABUPATEN SLEMAN, DAERAH ISTIMEWA YOGYAKARTA 55582","ID_PROV":34,"PROVINSI":"DAERAH ISTIMEWA YOGYAKARTA","ID_KABKOT":34.04,"KABKOT":"SLEMAN","ID_KEC":"34.04.16","KECAMATAN":"PAKEM","ID_DESA":"34.04.16.2004","DESA":"PAKEMBINANGUN","LONGITUDE":110.4240329,"LATITUDE":-7.6587992,"STATUS":"BUKA","TANGGAL PENGUMPULAN":"Q1 2025","TANGGAL UPDATE":"27/02/2025"}},{"type":"Feature","geometry":{"coordinates":[110.3239255,-7.8041497],"type":"Point"},"properties":{"NAMA":"TOKO MBAK TRI NGAWEN","TIPE_1":"PERDAGANGAN DAN RETAIL","TIPE_2":"TOKO KELONTONG","TIPE_3":"-","TELEPON":"0822-2604-1195","ALAMAT":"GAMPING KIDUL RT3, RT.3/RW.16, AMBARKETAWANG, KABUPATEN SLEMAN, DAERAH ISTIMEWA YOGYAKARTA","ID_PROV":34,"PROVINSI":"DAERAH ISTIMEWA YOGYAKARTA","ID_KABKOT":34.04,"KABKOT":"SLEMAN","ID_KEC":"34.04.01","KECAMATAN":"GAMPING","ID_DESA":"34.04.01.2002","DESA":"AMBARKETAWANG","LONGITUDE":110.3239255,"LATITUDE":-7.8041497,"STATUS":"BUKA","TANGGAL PENGUMPULAN":"Q1 2025","TANGGAL UPDATE":"27/02/2025"}},{"type":"Feature","geometry":{"coordinates":[110.3263364,-7.7938866],"type":"Point"},"properties":{"NAMA":"TOKO ZAVA ( SEMBAKO & KELONTONG )","TIPE_1":"PERDAGANGAN DAN RETAIL","TIPE_2":"TOKO KELONTONG","TIPE_3":"-","TELEPON":"0858-6862-5577","ALAMAT":"GAMPING LOR RT 06/RW 12 GAMPING SLEMAN, YOGYAKARTA, DAERAH ISTIMEWA YOGYAKARTA","ID_PROV":34,"PROVINSI":"DAERAH ISTIMEWA YOGYAKARTA","ID_KABKOT":34.04,"KABKOT":"SLEMAN","ID_KEC":"34.04.01","KECAMATAN":"GAMPING","ID_DESA":"34.04.01.2002","DESA":"AMBARKETAWANG","LONGITUDE":110.3263364,"LATITUDE":-7.7938866,"STATUS":"BUKA","TANGGAL PENGUMPULAN":"Q1 2025","TANGGAL UPDATE":"27/02/2025"}},{"type":"Feature","geometry":{"coordinates":[110.3250428,-7.7991193],"type":"Point"},"properties":{"NAMA":"WARUNG BU TINI","TIPE_1":"PERDAGANGAN DAN RETAIL","TIPE_2":"TOKO KELONTONG","TIPE_3":"-","TELEPON":"0838-4031-3823","ALAMAT":"GAMPING TENGAH, AMBARKETAWANG, KEC. GAMPING, KABUPATEN SLEMAN, DAERAH ISTIMEWA YOGYAKARTA 55294","ID_PROV":34,"PROVINSI":"DAERAH ISTIMEWA YOGYAKARTA","ID_KABKOT":34.04,"KABKOT":"SLEMAN","ID_KEC":"34.04.01","KECAMATAN":"GAMPING","ID_DESA":"34.04.01.2002","DESA":"AMBARKETAWANG","LONGITUDE":110.3250428,"LATITUDE":-7.7991193,"STATUS":"BUKA","TANGGAL PENGUMPULAN":"Q1 2025","TANGGAL UPDATE":"27/02/2025"}},{"type":"Feature","geometry":{"coordinates":[110.3203717,-7.8021009],"type":"Point"},"properties":{"NAMA":"WARUNG KELONTONG MBOK MUJIYEM","TIPE_1":"PERDAGANGAN DAN RETAIL","TIPE_2":"TOKO KELONTONG","TIPE_3":"-","TELEPON":"","ALAMAT":"GAMPING TENGAH, AMBARKETAWANG, KEC. GAMPING, KABUPATEN SLEMAN, DAERAH ISTIMEWA YOGYAKARTA 55294","ID_PROV":34,"PROVINSI":"DAERAH ISTIMEWA YOGYAKARTA","ID_KABKOT":34.04,"KABKOT":"SLEMAN","ID_KEC":"34.04.01","KECAMATAN":"GAMPING","ID_DESA":"34.04.01.2002","DESA":"AMBARKETAWANG","LONGITUDE":110.3203717,"LATITUDE":-7.8021009,"STATUS":"BUKA","TANGGAL PENGUMPULAN":"Q1 2025","TANGGAL UPDATE":"27/02/2025"}},{"type":"Feature","geometry":{"coordinates":[110.2376089,-7.8044237],"type":"Point"},"properties":{"NAMA":"WARUNG KELONTONG PAK TRIS WASIMIN","TIPE_1":"PERDAGANGAN DAN RETAIL","TIPE_2":"TOKO KELONTONG","TIPE_3":"-","TELEPON":"0819-0405-8389","ALAMAT":"GAMPLONG 4 RT 05, GAMPLONG III, SUMBERRAHAYU, KEC. MOYUDAN, KABUPATEN SLEMAN, DAERAH ISTIMEWA YOGYAKARTA 55563","ID_PROV":34,"PROVINSI":"DAERAH ISTIMEWA YOGYAKARTA","ID_KABKOT":34.04,"KABKOT":"SLEMAN","ID_KEC":"34.04.03","KECAMATAN":"MOYUDAN","ID_DESA":"34.04.03.2001","DESA":"SUMBERRAHAYU","LONGITUDE":110.2376089,"LATITUDE":-7.8044237,"STATUS":"BUKA","TANGGAL PENGUMPULAN":"Q1 2025","TANGGAL UPDATE":"27/02/2025"}},{"type":"Feature","geometry":{"coordinates":[110.4308681,-7.8277963],"type":"Point"},"properties":{"NAMA":"TOKO MBAK WINN","TIPE_1":"PERDAGANGAN DAN RETAIL","TIPE_2":"TOKO KELONTONG","TIPE_3":"-","TELEPON":"","ALAMAT":"GANDU, SENDANGTIRTO, KEC. BERBAH, KABUPATEN SLEMAN, DAERAH ISTIMEWA YOGYAKARTA 55573","ID_PROV":34,"PROVINSI":"DAERAH ISTIMEWA YOGYAKARTA","ID_KABKOT":34.04,"KABKOT":"SLEMAN","ID_KEC":"34.04.08","KECAMATAN":"BERBAH","ID_DESA":"34.04.08.2001","DESA":"SENDANGTIRTO","LONGITUDE":110.4308681,"LATITUDE":-7.8277963,"STATUS":"BUKA","TANGGAL PENGUMPULAN":"Q1 2025","TANGGAL UPDATE":"27/02/2025"}},{"type":"Feature","geometry":{"coordinates":[110.3904052,-7.7175502],"type":"Point"},"properties":{"NAMA":"TOKO GENJOERSAPI","TIPE_1":"PERDAGANGAN DAN RETAIL","TIPE_2":"TOKO KELONTONG","TIPE_3":"-","TELEPON":"","ALAMAT":"GANG AMATREJAN DAYAKAN RT5/RW36, DRONO, SARDONOHARJO, KEC. NGAGLIK, KABUPATEN SLEMAN, DAERAH ISTIMEWA YOGYAKARTA 55581","ID_PROV":34,"PROVINSI":"DAERAH ISTIMEWA YOGYAKARTA","ID_KABKOT":34.04,"KABKOT":"SLEMAN","ID_KEC":"34.04.12","KECAMATAN":"NGAGLIK","ID_DESA":"34.04.12.2005","DESA":"SARDONOHARJO","LONGITUDE":110.3904052,"LATITUDE":-7.7175502,"STATUS":"BUKA","TANGGAL PENGUMPULAN":"Q1 2025","TANGGAL UPDATE":"27/02/2025"}},{"type":"Feature","geometry":{"coordinates":[110.3528035,-7.6407939],"type":"Point"},"properties":{"NAMA":"WARUNG DHEA","TIPE_1":"PERDAGANGAN DAN RETAIL","TIPE_2":"TOKO KELONTONG","TIPE_3":"-","TELEPON":"","ALAMAT":"GANGGONG, BANGUN KERTO, KEC. TURI, KABUPATEN SLEMAN, DAERAH ISTIMEWA YOGYAKARTA 55551","ID_PROV":34,"PROVINSI":"DAERAH ISTIMEWA YOGYAKARTA","ID_KABKOT":34.04,"KABKOT":"SLEMAN","ID_KEC":"34.04.15","KECAMATAN":"TURI","ID_DESA":"34.04.15.2001","DESA":"BANGUNKERTO","LONGITUDE":110.3528035,"LATITUDE":-7.6407939,"STATUS":"BUKA","TANGGAL PENGUMPULAN":"Q1 2025","TANGGAL UPDATE":"27/02/2025"}},{"type":"Feature","geometry":{"coordinates":[110.4053852,-7.732073],"type":"Point"},"properties":{"NAMA":"WARUNG SEMBAKO (SURATI)","TIPE_1":"PERDAGANGAN DAN RETAIL","TIPE_2":"TOKO KELONTONG","TIPE_3":"-","TELEPON":"0895-3313-44199","ALAMAT":"GANTALAN, MINOMARTANI, KEC. NGAGLIK, KABUPATEN SLEMAN, DAERAH ISTIMEWA YOGYAKARTA 55581","ID_PROV":34,"PROVINSI":"DAERAH ISTIMEWA YOGYAKARTA","ID_KABKOT":34.04,"KABKOT":"SLEMAN","ID_KEC":"34.04.12","KECAMATAN":"NGAGLIK","ID_DESA":"34.04.12.2002","DESA":"MINOMARTANI","LONGITUDE":110.4053852,"LATITUDE":-7.732073,"STATUS":"BUKA","TANGGAL PENGUMPULAN":"Q1 2025","TANGGAL UPDATE":"27/02/2025"}},{"type":"Feature","geometry":{"coordinates":[110.3123284,-7.7159315],"type":"Point"},"properties":{"NAMA":"WARUNG ANEKA BAROKAH","TIPE_1":"PERDAGANGAN DAN RETAIL","TIPE_2":"TOKO KELONTONG","TIPE_3":"-","TELEPON":"0812-2711-5454","ALAMAT":"GAPURA PADUKUHAN SOMPOKAN ?????????????????????????, SOMPOKAN, MARGOMULYO, KEC. SEYEGAN, KABUPATEN SLEMAN, DAERAH ISTIMEWA YOGYAKARTA","ID_PROV":34,"PROVINSI":"DAERAH ISTIMEWA YOGYAKARTA","ID_KABKOT":34.04,"KABKOT":"SLEMAN","ID_KEC":"34.04.05","KECAMATAN":"SEYEGAN","ID_DESA":"34.04.05.2004","DESA":"MARGOMULYO","LONGITUDE":110.3123284,"LATITUDE":-7.7159315,"STATUS":"BUKA","TANGGAL PENGUMPULAN":"Q1 2025","TANGGAL UPDATE":"27/02/2025"}},{"type":"Feature","geometry":{"coordinates":[110.4650392,-7.7198708],"type":"Point"},"properties":{"NAMA":"TOKO KELONTONG MBAK EKA","TIPE_1":"PERDAGANGAN DAN RETAIL","TIPE_2":"TOKO KELONTONG","TIPE_3":"-","TELEPON":"","ALAMAT":"GATAK 1, SELOMARTANI, KEC. KALASAN, KABUPATEN SLEMAN, DAERAH ISTIMEWA YOGYAKARTA","ID_PROV":34,"PROVINSI":"DAERAH ISTIMEWA YOGYAKARTA","ID_KABKOT":34.04,"KABKOT":"SLEMAN","ID_KEC":"34.04.10","KECAMATAN":"KALASAN","ID_DESA":"34.04.10.2004","DESA":"SELOMARTANI","LONGITUDE":110.4650392,"LATITUDE":-7.7198708,"STATUS":"BUKA","TANGGAL PENGUMPULAN":"Q1 2025","TANGGAL UPDATE":"27/02/2025"}},{"type":"Feature","geometry":{"coordinates":[110.4638541,-7.7199497],"type":"Point"},"properties":{"NAMA":"TOKO SEMBAKO PAK GUN","TIPE_1":"PERDAGANGAN DAN RETAIL","TIPE_2":"TOKO KELONTONG","TIPE_3":"-","TELEPON":"0859-4212-20183","ALAMAT":"GATAK 1, SELOMARTANI, KEC. KALASAN, KABUPATEN SLEMAN, DAERAH ISTIMEWA YOGYAKARTA 55571","ID_PROV":34,"PROVINSI":"DAERAH ISTIMEWA YOGYAKARTA","ID_KABKOT":34.04,"KABKOT":"SLEMAN","ID_KEC":"34.04.10","KECAMATAN":"KALASAN","ID_DESA":"34.04.10.2004","DESA":"SELOMARTANI","LONGITUDE":110.4638541,"LATITUDE":-7.7199497,"STATUS":"BUKA","TANGGAL PENGUMPULAN":"Q1 2025","TANGGAL UPDATE":"27/02/2025"}},{"type":"Feature","geometry":{"coordinates":[110.4916333,-7.761919],"type":"Point"},"properties":{"NAMA":"TOKO KELONTONG BU SUM","TIPE_1":"PERDAGANGAN DAN RETAIL","TIPE_2":"TOKO KELONTONG","TIPE_3":"-","TELEPON":"","ALAMAT":"GATAK, BOKOHARJO, KEC. PRAMBANAN, KABUPATEN SLEMAN, DAERAH ISTIMEWA YOGYAKARTA 55572","ID_PROV":34,"PROVINSI":"DAERAH ISTIMEWA YOGYAKARTA","ID_KABKOT":34.04,"KABKOT":"SLEMAN","ID_KEC":"34.04.09","KECAMATAN":"PRAMBANAN","ID_DESA":"34.04.09.2006","DESA":"BOKOHARJO","LONGITUDE":110.4916333,"LATITUDE":-7.761919,"STATUS":"BUKA","TANGGAL PENGUMPULAN":"Q1 2025","TANGGAL UPDATE":"27/02/2025"}},{"type":"Feature","geometry":{"coordinates":[110.4908616,-7.7617486],"type":"Point"},"properties":{"NAMA":"AHA TOKO SEMBAKO","TIPE_1":"PERDAGANGAN DAN RETAIL","TIPE_2":"TOKO KELONTONG","TIPE_3":"-","TELEPON":"0822-9747-6775","ALAMAT":"GATAK, RT.04/RW.09, KLURAK BARU, BOKOHARJO, KEC. PRAMBANAN, KABUPATEN SLEMAN, DAERAH ISTIMEWA YOGYAKARTA 55572","ID_PROV":34,"PROVINSI":"DAERAH ISTIMEWA YOGYAKARTA","ID_KABKOT":34.04,"KABKOT":"SLEMAN","ID_KEC":"34.04.09","KECAMATAN":"PRAMBANAN","ID_DESA":"34.04.09.2006","DESA":"BOKOHARJO","LONGITUDE":110.4908616,"LATITUDE":-7.7617486,"STATUS":"BUKA","TANGGAL PENGUMPULAN":"Q1 2025","TANGGAL UPDATE":"27/02/2025"}},{"type":"Feature","geometry":{"coordinates":[110.2999652,-7.6745949],"type":"Point"},"properties":{"NAMA":"WARUNG SEMBAKO TOKO MARYLATI KRB","TIPE_1":"PERDAGANGAN DAN RETAIL","TIPE_2":"TOKO KELONTONG","TIPE_3":"-","TELEPON":"0852-2820-7763","ALAMAT":"GATAN, SUMBEREJO, KEC. TEMPEL, KABUPATEN SLEMAN, DAERAH ISTIMEWA YOGYAKARTA 55552","ID_PROV":34,"PROVINSI":"DAERAH ISTIMEWA YOGYAKARTA","ID_KABKOT":34.04,"KABKOT":"SLEMAN","ID_KEC":"34.04.14","KECAMATAN":"TEMPEL","ID_DESA":"34.04.14.2003","DESA":"SUMBERREJO","LONGITUDE":110.2999652,"LATITUDE":-7.6745949,"STATUS":"BUKA","TANGGAL PENGUMPULAN":"Q1 2025","TANGGAL UPDATE":"27/02/2025"}},{"type":"Feature","geometry":{"coordinates":[110.3559043,-7.7562165],"type":"Point"},"properties":{"NAMA":"GROSIR SEMBAKO MANJA","TIPE_1":"PERDAGANGAN DAN RETAIL","TIPE_2":"TOKO KELONTONG","TIPE_3":"-","TELEPON":"0852-2822-2780","ALAMAT":"GEDONGAN, SINDUADI, KEC. MLATI, KABUPATEN SLEMAN, DAERAH ISTIMEWA YOGYAKARTA 55284","ID_PROV":34,"PROVINSI":"DAERAH ISTIMEWA YOGYAKARTA","ID_KABKOT":34.04,"KABKOT":"SLEMAN","ID_KEC":"34.04.06","KECAMATAN":"MLATI","ID_DESA":"34.04.06.2001","DESA":"SINDUADI","LONGITUDE":110.3559043,"LATITUDE":-7.7562165,"STATUS":"BUKA","TANGGAL PENGUMPULAN":"Q1 2025","TANGGAL UPDATE":"27/02/2025"}},{"type":"Feature","geometry":{"coordinates":[110.465754,-7.7840009],"type":"Point"},"properties":{"NAMA":"TOKO KELONTONG PAK SUROSO","TIPE_1":"PERDAGANGAN DAN RETAIL","TIPE_2":"TOKO KELONTONG","TIPE_3":"-","TELEPON":"","ALAMAT":"GENDINGSARI, SUMBER, TIRTOMARTANI, KALASAN, SLEMAN REGENCY, SPECIAL REGION OF YOGYAKARTA 55571","ID_PROV":34,"PROVINSI":"DAERAH ISTIMEWA YOGYAKARTA","ID_KABKOT":34.04,"KABKOT":"SLEMAN","ID_KEC":"34.04.10","KECAMATAN":"KALASAN","ID_DESA":"34.04.10.2002","DESA":"TIRTOMARTANI","LONGITUDE":110.465754,"LATITUDE":-7.7840009,"STATUS":"BUKA","TANGGAL PENGUMPULAN":"Q1 2025","TANGGAL UPDATE":"27/02/2025"}},{"type":"Feature","geometry":{"coordinates":[110.2987845,-7.681659],"type":"Point"},"properties":{"NAMA":"TOKO CHIKAL","TIPE_1":"PERDAGANGAN DAN RETAIL","TIPE_2":"TOKO KELONTONG","TIPE_3":"-","TELEPON":"0852-9286-1886","ALAMAT":"GENDOL WETAN, RT.003/RW.010, GENDOL, SUMBEREJO, KEC. TEMPEL, KABUPATEN SLEMAN, DAERAH ISTIMEWA YOGYAKARTA 55552","ID_PROV":34,"PROVINSI":"DAERAH ISTIMEWA YOGYAKARTA","ID_KABKOT":34.04,"KABKOT":"SLEMAN","ID_KEC":"34.04.14","KECAMATAN":"TEMPEL","ID_DESA":"34.04.14.2003","DESA":"SUMBERREJO","LONGITUDE":110.2987845,"LATITUDE":-7.681659,"STATUS":"BUKA","TANGGAL PENGUMPULAN":"Q1 2025","TANGGAL UPDATE":"27/02/2025"}},{"type":"Feature","geometry":{"coordinates":[110.2979429,-7.6801639],"type":"Point"},"properties":{"NAMA":"TOKO KELONTONG MBAK IDUL","TIPE_1":"PERDAGANGAN DAN RETAIL","TIPE_2":"TOKO KELONTONG","TIPE_3":"-","TELEPON":"0899-4635-256","ALAMAT":"GENDOL, SUMBEREJO, KEC. TEMPEL, KABUPATEN SLEMAN, DAERAH ISTIMEWA YOGYAKARTA 55552","ID_PROV":34,"PROVINSI":"DAERAH ISTIMEWA YOGYAKARTA","ID_KABKOT":34.04,"KABKOT":"SLEMAN","ID_KEC":"34.04.14","KECAMATAN":"TEMPEL","ID_DESA":"34.04.14.2003","DESA":"SUMBERREJO","LONGITUDE":110.2979429,"LATITUDE":-7.6801639,"STATUS":"BUKA","TANGGAL PENGUMPULAN":"Q1 2025","TANGGAL UPDATE":"27/02/2025"}},{"type":"Feature","geometry":{"coordinates":[110.2988478,-7.6807149],"type":"Point"},"properties":{"NAMA":"SEMBAKO BU SURADAL","TIPE_1":"PERDAGANGAN DAN RETAIL","TIPE_2":"TOKO KELONTONG","TIPE_3":"-","TELEPON":"0878-3909-0390","ALAMAT":"GENDOL, SUMBEREJO, TEMPEL, SLEMAN REGENCY, SPECIAL REGION OF YOGYAKARTA 55552","ID_PROV":34,"PROVINSI":"DAERAH ISTIMEWA YOGYAKARTA","ID_KABKOT":34.04,"KABKOT":"SLEMAN","ID_KEC":"34.04.14","KECAMATAN":"TEMPEL","ID_DESA":"34.04.14.2003","DESA":"SUMBERREJO","LONGITUDE":110.2988478,"LATITUDE":-7.6807149,"STATUS":"BUKA","TANGGAL PENGUMPULAN":"Q1 2025","TANGGAL UPDATE":"27/02/2025"}},{"type":"Feature","geometry":{"coordinates":[110.4746132,-7.7779883],"type":"Point"},"properties":{"NAMA":"WARUNG KELONTONG FAUZAN","TIPE_1":"PERDAGANGAN DAN RETAIL","TIPE_2":"TOKO KELONTONG","TIPE_3":"-","TELEPON":"0858-8916-8410","ALAMAT":"GENDUKAN, BOKOHARJO, KEC. PRAMBANAN, KABUPATEN SLEMAN, DAERAH ISTIMEWA YOGYAKARTA 55572","ID_PROV":34,"PROVINSI":"DAERAH ISTIMEWA YOGYAKARTA","ID_KABKOT":34.04,"KABKOT":"SLEMAN","ID_KEC":"34.04.09","KECAMATAN":"PRAMBANAN","ID_DESA":"34.04.09.2006","DESA":"BOKOHARJO","LONGITUDE":110.4746132,"LATITUDE":-7.7779883,"STATUS":"BUKA","TANGGAL PENGUMPULAN":"Q1 2025","TANGGAL UPDATE":"27/02/2025"}},{"type":"Feature","geometry":{"coordinates":[110.3144169,-7.7058219],"type":"Point"},"properties":{"NAMA":"WARUNG SEMBAKO KELONTONG TELU WOLU","TIPE_1":"PERDAGANGAN DAN RETAIL","TIPE_2":"TOKO KELONTONG","TIPE_3":"-","TELEPON":"0852-2841-1868","ALAMAT":"GENTON, MARGOAGUNG, KEC. SEYEGAN, KABUPATEN SLEMAN, DAERAH ISTIMEWA YOGYAKARTA 55561","ID_PROV":34,"PROVINSI":"DAERAH ISTIMEWA YOGYAKARTA","ID_KABKOT":34.04,"KABKOT":"SLEMAN","ID_KEC":"34.04.05","KECAMATAN":"SEYEGAN","ID_DESA":"34.04.05.2005","DESA":"MARGOAGUNG","LONGITUDE":110.3144169,"LATITUDE":-7.7058219,"STATUS":"BUKA","TANGGAL PENGUMPULAN":"Q1 2025","TANGGAL UPDATE":"27/02/2025"}},{"type":"Feature","geometry":{"coordinates":[110.269057,-7.7901594],"type":"Point"},"properties":{"NAMA":"WARUNG BU NUR MANGIR","TIPE_1":"PERDAGANGAN DAN RETAIL","TIPE_2":"TOKO KELONTONG","TIPE_3":"-","TELEPON":"0815-7800-7704","ALAMAT":"GESIKAN, SUMBERSARI, MOYUDAN, SLEMAN REGENCY, SPECIAL REGION OF YOGYAKARTA 55563","ID_PROV":34,"PROVINSI":"DAERAH ISTIMEWA YOGYAKARTA","ID_KABKOT":34.04,"KABKOT":"SLEMAN","ID_KEC":"34.04.03","KECAMATAN":"MOYUDAN","ID_DESA":"34.04.03.2002","DESA":"SUMBERSARI","LONGITUDE":110.269057,"LATITUDE":-7.7901594,"STATUS":"BUKA","TANGGAL PENGUMPULAN":"Q1 2025","TANGGAL UPDATE":"27/02/2025"}},{"type":"Feature","geometry":{"coordinates":[110.4772995,-7.7539042],"type":"Point"},"properties":{"NAMA":"WARUNG SEMBAKO QUINN","TIPE_1":"PERDAGANGAN DAN RETAIL","TIPE_2":"TOKO KELONTONG","TIPE_3":"-","TELEPON":"0819-4683-6181","ALAMAT":"GG. 06 NO.RT.06/15, JOWAH, TIRTOMARTANI, KEC. KALASAN, KABUPATEN SLEMAN, DAERAH ISTIMEWA YOGYAKARTA 55564","ID_PROV":34,"PROVINSI":"DAERAH ISTIMEWA YOGYAKARTA","ID_KABKOT":34.04,"KABKOT":"SLEMAN","ID_KEC":"34.04.10","KECAMATAN":"KALASAN","ID_DESA":"34.04.10.2002","DESA":"TIRTOMARTANI","LONGITUDE":110.4772995,"LATITUDE":-7.7539042,"STATUS":"BUKA","TANGGAL PENGUMPULAN":"Q1 2025","TANGGAL UPDATE":"27/02/2025"}},{"type":"Feature","geometry":{"coordinates":[110.4558818,-7.8010125],"type":"Point"},"properties":{"NAMA":"TOKO AGUS","TIPE_1":"PERDAGANGAN DAN RETAIL","TIPE_2":"TOKO KELONTONG","TIPE_3":"-","TELEPON":"0857-0258-4447","ALAMAT":"GG. 2 SUMBER LOR, DEMANGAN, KALITIRTO, KEC. BERBAH, KABUPATEN SLEMAN, DAERAH ISTIMEWA YOGYAKARTA 55573","ID_PROV":34,"PROVINSI":"DAERAH ISTIMEWA YOGYAKARTA","ID_KABKOT":34.04,"KABKOT":"SLEMAN","ID_KEC":"34.04.08","KECAMATAN":"BERBAH","ID_DESA":"34.04.08.2003","DESA":"KALITIRTO","LONGITUDE":110.4558818,"LATITUDE":-7.8010125,"STATUS":"BUKA","TANGGAL PENGUMPULAN":"Q1 2025","TANGGAL UPDATE":"27/02/2025"}},{"type":"Feature","geometry":{"coordinates":[110.3284663,-7.7986484],"type":"Point"},"properties":{"NAMA":"TOKO KELONTONG BU SUMIRAH","TIPE_1":"PERDAGANGAN DAN RETAIL","TIPE_2":"TOKO KELONTONG","TIPE_3":"-","TELEPON":"0882-2419-8269","ALAMAT":"GG. ANGGREK, PATUK, BANYURADEN, KEC. GAMPING, KABUPATEN SLEMAN, DAERAH ISTIMEWA YOGYAKARTA 55293","ID_PROV":34,"PROVINSI":"DAERAH ISTIMEWA YOGYAKARTA","ID_KABKOT":34.04,"KABKOT":"SLEMAN","ID_KEC":"34.04.01","KECAMATAN":"GAMPING","ID_DESA":"34.04.01.2003","DESA":"BANYURADEN","LONGITUDE":110.3284663,"LATITUDE":-7.7986484,"STATUS":"BUKA","TANGGAL PENGUMPULAN":"Q1 2025","TANGGAL UPDATE":"27/02/2025"}},{"type":"Feature","geometry":{"coordinates":[110.394739,-7.772901],"type":"Point"},"properties":{"NAMA":"WARUNG KELONTONG AMANAH","TIPE_1":"PERDAGANGAN DAN RETAIL","TIPE_2":"TOKO KELONTONG","TIPE_3":"-","TELEPON":"0819-0374-8890","ALAMAT":"GG. BROJOWIKALPO NO.18, MRICAN, CATURTUNGGAL, KEC. DEPOK, KABUPATEN SLEMAN, DAERAH ISTIMEWA YOGYAKARTA 55283","ID_PROV":34,"PROVINSI":"DAERAH ISTIMEWA YOGYAKARTA","ID_KABKOT":34.04,"KABKOT":"SLEMAN","ID_KEC":"34.04.07","KECAMATAN":"DEPOK","ID_DESA":"34.04.07.2001","DESA":"CATURTUNGGAL","LONGITUDE":110.394739,"LATITUDE":-7.772901,"STATUS":"BUKA","TANGGAL PENGUMPULAN":"Q1 2025","TANGGAL UPDATE":"27/02/2025"}},{"type":"Feature","geometry":{"coordinates":[110.3700303,-7.7461088],"type":"Point"},"properties":{"NAMA":"TOKO SEMBAKO AL FURQAN","TIPE_1":"PERDAGANGAN DAN RETAIL","TIPE_2":"TOKO KELONTONG","TIPE_3":"-","TELEPON":"","ALAMAT":"GG. GAMBIR NO.136, JONGKANG, SARIHARJO, KEC. NGAGLIK, KABUPATEN SLEMAN, DAERAH ISTIMEWA YOGYAKARTA 55581","ID_PROV":34,"PROVINSI":"DAERAH ISTIMEWA YOGYAKARTA","ID_KABKOT":34.04,"KABKOT":"SLEMAN","ID_KEC":"34.04.12","KECAMATAN":"NGAGLIK","ID_DESA":"34.04.12.2001","DESA":"SARIHARJO","LONGITUDE":110.3700303,"LATITUDE":-7.7461088,"STATUS":"BUKA","TANGGAL PENGUMPULAN":"Q1 2025","TANGGAL UPDATE":"27/02/2025"}},{"type":"Feature","geometry":{"coordinates":[110.3831219,-7.764424],"type":"Point"},"properties":{"NAMA":"TOKO KELONTONG DAN SAYUR BU WARSI","TIPE_1":"PERDAGANGAN DAN RETAIL","TIPE_2":"TOKO KELONTONG","TIPE_3":"-","TELEPON":"0815-1752-8748","ALAMAT":"GG. GAYAMSARI II NO.F11, KOCORAN, CATURTUNGGAL, KEC. DEPOK, KABUPATEN SLEMAN, DAERAH ISTIMEWA YOGYAKARTA 55281","ID_PROV":34,"PROVINSI":"DAERAH ISTIMEWA YOGYAKARTA","ID_KABKOT":34.04,"KABKOT":"SLEMAN","ID_KEC":"34.04.07","KECAMATAN":"DEPOK","ID_DESA":"34.04.07.2001","DESA":"CATURTUNGGAL","LONGITUDE":110.3831219,"LATITUDE":-7.764424,"STATUS":"BUKA","TANGGAL PENGUMPULAN":"Q1 2025","TANGGAL UPDATE":"27/02/2025"}},{"type":"Feature","geometry":{"coordinates":[110.4291954,-7.6011682],"type":"Point"},"properties":{"NAMA":"WARUNG BU TINAH","TIPE_1":"PERDAGANGAN DAN RETAIL","TIPE_2":"TOKO KELONTONG","TIPE_3":"-","TELEPON":"0857-2597-8719","ALAMAT":"GG. GIRI RENGGO, RT.01/RW.14, KALIURANG, HARGOBINANGUN, KEC. PAKEM, KABUPATEN SLEMAN, DAERAH ISTIMEWA YOGYAKARTA 55585","ID_PROV":34,"PROVINSI":"DAERAH ISTIMEWA YOGYAKARTA","ID_KABKOT":34.04,"KABKOT":"SLEMAN","ID_KEC":"34.04.16","KECAMATAN":"PAKEM","ID_DESA":"34.04.16.2005","DESA":"HARGOBINANGUN","LONGITUDE":110.4291954,"LATITUDE":-7.6011682,"STATUS":"BUKA","TANGGAL PENGUMPULAN":"Q1 2025","TANGGAL UPDATE":"27/02/2025"}},{"type":"Feature","geometry":{"coordinates":[110.4162447,-7.6900742],"type":"Point"},"properties":{"NAMA":"WARUNG KUNING","TIPE_1":"PERDAGANGAN DAN RETAIL","TIPE_2":"TOKO KELONTONG","TIPE_3":"-","TELEPON":"","ALAMAT":"GG. GODEL, TJ. MANDING, UMBULMARTANI, KEC. NGEMPLAK, KABUPATEN SLEMAN, DAERAH ISTIMEWA YOGYAKARTA 55584","ID_PROV":34,"PROVINSI":"DAERAH ISTIMEWA YOGYAKARTA","ID_KABKOT":34.04,"KABKOT":"SLEMAN","ID_KEC":"34.04.11","KECAMATAN":"NGEMPLAK","ID_DESA":"34.04.11.2005","DESA":"UMBULMARTANI","LONGITUDE":110.4162447,"LATITUDE":-7.6900742,"STATUS":"BUKA","TANGGAL PENGUMPULAN":"Q1 2025","TANGGAL UPDATE":"27/02/2025"}},{"type":"Feature","geometry":{"coordinates":[110.4258807,-7.6553727],"type":"Point"},"properties":{"NAMA":"TOKO KELONTONG ALBAROKAH 3 CINTA ABADI","TIPE_1":"PERDAGANGAN DAN RETAIL","TIPE_2":"TOKO KELONTONG","TIPE_3":"-","TELEPON":"0813-2643-8305","ALAMAT":"GG. IMPLANT IX, BALONG, PAKEMBINANGUN, KEC. PAKEM, KABUPATEN SLEMAN, DAERAH ISTIMEWA YOGYAKARTA 55582","ID_PROV":34,"PROVINSI":"DAERAH ISTIMEWA YOGYAKARTA","ID_KABKOT":34.04,"KABKOT":"SLEMAN","ID_KEC":"34.04.16","KECAMATAN":"PAKEM","ID_DESA":"34.04.16.2004","DESA":"PAKEMBINANGUN","LONGITUDE":110.4258807,"LATITUDE":-7.6553727,"STATUS":"BUKA","TANGGAL PENGUMPULAN":"Q1 2025","TANGGAL UPDATE":"27/02/2025"}},{"type":"Feature","geometry":{"coordinates":[110.3394304,-7.7722479],"type":"Point"},"properties":{"NAMA":"WARUNG KELONTONG & MIE AYAM","TIPE_1":"PERDAGANGAN DAN RETAIL","TIPE_2":"TOKO KELONTONG","TIPE_3":"-","TELEPON":"","ALAMAT":"GG. JANGKANG, KARANG WETAN, NOGOTIRTO, KEC. GAMPING, KABUPATEN SLEMAN, DAERAH ISTIMEWA YOGYAKARTA 55592","ID_PROV":34,"PROVINSI":"DAERAH ISTIMEWA YOGYAKARTA","ID_KABKOT":34.04,"KABKOT":"SLEMAN","ID_KEC":"34.04.01","KECAMATAN":"GAMPING","ID_DESA":"34.04.01.2004","DESA":"NOGOTIRTO","LONGITUDE":110.3394304,"LATITUDE":-7.7722479,"STATUS":"BUKA","TANGGAL PENGUMPULAN":"Q1 2025","TANGGAL UPDATE":"27/02/2025"}},{"type":"Feature","geometry":{"coordinates":[110.3920305,-7.7628655],"type":"Point"},"properties":{"NAMA":"KARNO JAYA SEMBAKO","TIPE_1":"PERDAGANGAN DAN RETAIL","TIPE_2":"TOKO KELONTONG","TIPE_3":"-","TELEPON":"0818-0411-8794","ALAMAT":"GG. KANTIL PELEM KECUT NO.41, KARANG GAYAM, CATURTUNGGAL, DEPOK, SLEMAN REGENCY, SPECIAL REGION OF YOGYAKARTA 55281","ID_PROV":34,"PROVINSI":"DAERAH ISTIMEWA YOGYAKARTA","ID_KABKOT":34.04,"KABKOT":"SLEMAN","ID_KEC":"34.04.07","KECAMATAN":"DEPOK","ID_DESA":"34.04.07.2001","DESA":"CATURTUNGGAL","LONGITUDE":110.3920305,"LATITUDE":-7.7628655,"STATUS":"BUKA","TANGGAL PENGUMPULAN":"Q1 2025","TANGGAL UPDATE":"27/02/2025"}},{"type":"Feature","geometry":{"coordinates":[110.2587054,-7.7668366],"type":"Point"},"properties":{"NAMA":"WARUNG KELONTONG MBAH SASTRO","TIPE_1":"PERDAGANGAN DAN RETAIL","TIPE_2":"TOKO KELONTONG","TIPE_3":"-","TELEPON":"","ALAMAT":"GG. KAPEL WETAN, NGENTO-ENTO, SUMBERAGUNG, KEC. MOYUDAN, KABUPATEN SLEMAN, DAERAH ISTIMEWA YOGYAKARTA 55563","ID_PROV":34,"PROVINSI":"DAERAH ISTIMEWA YOGYAKARTA","ID_KABKOT":34.04,"KABKOT":"SLEMAN","ID_KEC":"34.04.03","KECAMATAN":"MOYUDAN","ID_DESA":"34.04.03.2003","DESA":"SUMBERAGUNG","LONGITUDE":110.2587054,"LATITUDE":-7.7668366,"STATUS":"BUKA","TANGGAL PENGUMPULAN":"Q1 2025","TANGGAL UPDATE":"27/02/2025"}},{"type":"Feature","geometry":{"coordinates":[110.3941752,-7.7723843],"type":"Point"},"properties":{"NAMA":"TOKO KELONTONG YOGA MAKMUR","TIPE_1":"PERDAGANGAN DAN RETAIL","TIPE_2":"TOKO KELONTONG","TIPE_3":"-","TELEPON":"","ALAMAT":"GG. KOLOBENDONO JL. PRINGGODANI, MRICAN, CATURTUNGGAL, KEC. DEPOK, KABUPATEN SLEMAN, DAERAH ISTIMEWA YOGYAKARTA 55281","ID_PROV":34,"PROVINSI":"DAERAH ISTIMEWA YOGYAKARTA","ID_KABKOT":34.04,"KABKOT":"SLEMAN","ID_KEC":"34.04.07","KECAMATAN":"DEPOK","ID_DESA":"34.04.07.2001","DESA":"CATURTUNGGAL","LONGITUDE":110.3941752,"LATITUDE":-7.7723843,"STATUS":"BUKA","TANGGAL PENGUMPULAN":"Q1 2025","TANGGAL UPDATE":"27/02/2025"}},{"type":"Feature","geometry":{"coordinates":[110.3074743,-7.7093522],"type":"Point"},"properties":{"NAMA":"CEMALCEMIL IREKA WARUNG P JALAL","TIPE_1":"PERDAGANGAN DAN RETAIL","TIPE_2":"TOKO KELONTONG","TIPE_3":"-","TELEPON":"0821-3690-3157","ALAMAT":"GG. KRAPYAK VII NO.RT 02, RT.02/RW.20, NGANGGRUNG, MARGOAGUNG, KEC. SEYEGAN, KABUPATEN SLEMAN, DAERAH ISTIMEWA YOGYAKARTA 55561","ID_PROV":34,"PROVINSI":"DAERAH ISTIMEWA YOGYAKARTA","ID_KABKOT":34.04,"KABKOT":"SLEMAN","ID_KEC":"34.04.05","KECAMATAN":"SEYEGAN","ID_DESA":"34.04.05.2005","DESA":"MARGOAGUNG","LONGITUDE":110.3074743,"LATITUDE":-7.7093522,"STATUS":"BUKA","TANGGAL PENGUMPULAN":"Q1 2025","TANGGAL UPDATE":"27/02/2025"}},{"type":"Feature","geometry":{"coordinates":[110.4119612,-7.7869137],"type":"Point"},"properties":{"NAMA":"TOKO KELONTONG RUMIYATI & AGEN MANDIRI","TIPE_1":"PERDAGANGAN DAN RETAIL","TIPE_2":"TOKO KELONTONG","TIPE_3":"-","TELEPON":"0858-6863-3322","ALAMAT":"GG. KRUWING NO.7A, GOWOK, CATURTUNGGAL, KEC. DEPOK, KABUPATEN SLEMAN, DAERAH ISTIMEWA YOGYAKARTA 55281","ID_PROV":34,"PROVINSI":"DAERAH ISTIMEWA YOGYAKARTA","ID_KABKOT":34.04,"KABKOT":"SLEMAN","ID_KEC":"34.04.07","KECAMATAN":"DEPOK","ID_DESA":"34.04.07.2001","DESA":"CATURTUNGGAL","LONGITUDE":110.4119612,"LATITUDE":-7.7869137,"STATUS":"BUKA","TANGGAL PENGUMPULAN":"Q1 2025","TANGGAL UPDATE":"27/02/2025"}},{"type":"Feature","geometry":{"coordinates":[110.3794482,-7.6098959],"type":"Point"},"properties":{"NAMA":"TOKO ANISA","TIPE_1":"PERDAGANGAN DAN RETAIL","TIPE_2":"TOKO KELONTONG","TIPE_3":"-","TELEPON":"0858-6807-7192","ALAMAT":"GG. MACAN, SEMPU, WONO KERTO, KEC. TURI, KABUPATEN SLEMAN, DAERAH ISTIMEWA YOGYAKARTA 55551","ID_PROV":34,"PROVINSI":"DAERAH ISTIMEWA YOGYAKARTA","ID_KABKOT":34.04,"KABKOT":"SLEMAN","ID_KEC":"34.04.15","KECAMATAN":"TURI","ID_DESA":"34.04.15.2004","DESA":"WONOKERTO","LONGITUDE":110.3794482,"LATITUDE":-7.6098959,"STATUS":"BUKA","TANGGAL PENGUMPULAN":"Q1 2025","TANGGAL UPDATE":"27/02/2025"}},{"type":"Feature","geometry":{"coordinates":[110.3287086,-7.7986613],"type":"Point"},"properties":{"NAMA":"WARUNG KELONTONG MBAK RINA","TIPE_1":"PERDAGANGAN DAN RETAIL","TIPE_2":"TOKO KELONTONG","TIPE_3":"-","TELEPON":"0821-1975-2773","ALAMAT":"GG. MELATI, PATUK, BANYURADEN, KEC. GAMPING, KABUPATEN SLEMAN, DAERAH ISTIMEWA YOGYAKARTA 55293","ID_PROV":34,"PROVINSI":"DAERAH ISTIMEWA YOGYAKARTA","ID_KABKOT":34.04,"KABKOT":"SLEMAN","ID_KEC":"34.04.01","KECAMATAN":"GAMPING","ID_DESA":"34.04.01.2003","DESA":"BANYURADEN","LONGITUDE":110.3287086,"LATITUDE":-7.7986613,"STATUS":"BUKA","TANGGAL PENGUMPULAN":"Q1 2025","TANGGAL UPDATE":"27/02/2025"}},{"type":"Feature","geometry":{"coordinates":[110.4314697,-7.734289],"type":"Point"},"properties":{"NAMA":"WARUNG ANGELA","TIPE_1":"PERDAGANGAN DAN RETAIL","TIPE_2":"TOKO KELONTONG","TIPE_3":"-","TELEPON":"0815-7839-3730","ALAMAT":"GG. NAKULA, POKOH, WEDOMARTANI, KEC. NGEMPLAK, KABUPATEN SLEMAN, DAERAH ISTIMEWA YOGYAKARTA 55584","ID_PROV":34,"PROVINSI":"DAERAH ISTIMEWA YOGYAKARTA","ID_KABKOT":34.04,"KABKOT":"SLEMAN","ID_KEC":"34.04.11","KECAMATAN":"NGEMPLAK","ID_DESA":"34.04.11.2004","DESA":"WEDOMARTANI","LONGITUDE":110.4314697,"LATITUDE":-7.734289,"STATUS":"BUKA","TANGGAL PENGUMPULAN":"Q1 2025","TANGGAL UPDATE":"27/02/2025"}},{"type":"Feature","geometry":{"coordinates":[110.3976524,-7.7548891],"type":"Point"},"properties":{"NAMA":"WARUNG YANTI","TIPE_1":"PERDAGANGAN DAN RETAIL","TIPE_2":"TOKO KELONTONG","TIPE_3":"-","TELEPON":"0818-469-929","ALAMAT":"GG. RAJAWALI NO.218, GEJAYAN, CONDONGCATUR, KEC. DEPOK, KABUPATEN SLEMAN, DAERAH ISTIMEWA YOGYAKARTA 55281","ID_PROV":34,"PROVINSI":"DAERAH ISTIMEWA YOGYAKARTA","ID_KABKOT":34.04,"KABKOT":"SLEMAN","ID_KEC":"34.04.07","KECAMATAN":"DEPOK","ID_DESA":"34.04.07.2003","DESA":"CONDONGCATUR","LONGITUDE":110.3976524,"LATITUDE":-7.7548891,"STATUS":"BUKA","TANGGAL PENGUMPULAN":"Q1 2025","TANGGAL UPDATE":"27/02/2025"}},{"type":"Feature","geometry":{"coordinates":[110.424394,-7.779151],"type":"Point"},"properties":{"NAMA":"TOKO SEMBAKO MBAK SRI","TIPE_1":"PERDAGANGAN DAN RETAIL","TIPE_2":"TOKO KELONTONG","TIPE_3":"-","TELEPON":"0896-6015-7574","ALAMAT":"GG. RAMA II NO.130, NAYAN, MAGUWOHARJO, KEC. DEPOK, KABUPATEN SLEMAN, DAERAH ISTIMEWA YOGYAKARTA 55281","ID_PROV":34,"PROVINSI":"DAERAH ISTIMEWA YOGYAKARTA","ID_KABKOT":34.04,"KABKOT":"SLEMAN","ID_KEC":"34.04.07","KECAMATAN":"DEPOK","ID_DESA":"34.04.07.2002","DESA":"MAGUWOHARJO","LONGITUDE":110.424394,"LATITUDE":-7.779151,"STATUS":"BUKA","TANGGAL PENGUMPULAN":"Q1 2025","TANGGAL UPDATE":"27/02/2025"}},{"type":"Feature","geometry":{"coordinates":[110.3674424,-7.764502],"type":"Point"},"properties":{"NAMA":"WARUNG MBAK CENING","TIPE_1":"PERDAGANGAN DAN RETAIL","TIPE_2":"TOKO KELONTONG","TIPE_3":"-","TELEPON":"","ALAMAT":"GG. SAWO NO.163, KUTU DUKUH, SINDUADI, KEC. MLATI, KABUPATEN SLEMAN, DAERAH ISTIMEWA YOGYAKARTA 55284","ID_PROV":34,"PROVINSI":"DAERAH ISTIMEWA YOGYAKARTA","ID_KABKOT":34.04,"KABKOT":"SLEMAN","ID_KEC":"34.04.06","KECAMATAN":"MLATI","ID_DESA":"34.04.06.2001","DESA":"SINDUADI","LONGITUDE":110.3674424,"LATITUDE":-7.764502,"STATUS":"BUKA","TANGGAL PENGUMPULAN":"Q1 2025","TANGGAL UPDATE":"27/02/2025"}},{"type":"Feature","geometry":{"coordinates":[110.2920286,-7.7980217],"type":"Point"},"properties":{"NAMA":"TOKO KELONTONG & PAKAN TERNAK","TIPE_1":"PERDAGANGAN DAN RETAIL","TIPE_2":"TOKO KELONTONG","TIPE_3":"-","TELEPON":"","ALAMAT":"GG. SEDEWA, SUMBER, BALECATUR, KEC. GAMPING, KABUPATEN SLEMAN, DAERAH ISTIMEWA YOGYAKARTA 55295","ID_PROV":34,"PROVINSI":"DAERAH ISTIMEWA YOGYAKARTA","ID_KABKOT":34.04,"KABKOT":"SLEMAN","ID_KEC":"34.04.01","KECAMATAN":"GAMPING","ID_DESA":"34.04.01.2001","DESA":"BALECATUR","LONGITUDE":110.2920286,"LATITUDE":-7.7980217,"STATUS":"BUKA","TANGGAL PENGUMPULAN":"Q1 2025","TANGGAL UPDATE":"27/02/2025"}},{"type":"Feature","geometry":{"coordinates":[110.4250512,-7.7343658],"type":"Point"},"properties":{"NAMA":"TOKO FAFA SEMBAKO JOGJA","TIPE_1":"PERDAGANGAN DAN RETAIL","TIPE_2":"TOKO KELONTONG","TIPE_3":"-","TELEPON":"","ALAMAT":"GG. TA'ARUF, TEGALSARI, WEDOMARTANI, KEC. NGEMPLAK, KABUPATEN SLEMAN, DAERAH ISTIMEWA YOGYAKARTA 55584","ID_PROV":34,"PROVINSI":"DAERAH ISTIMEWA YOGYAKARTA","ID_KABKOT":34.04,"KABKOT":"SLEMAN","ID_KEC":"34.04.11","KECAMATAN":"NGEMPLAK","ID_DESA":"34.04.11.2004","DESA":"WEDOMARTANI","LONGITUDE":110.4250512,"LATITUDE":-7.7343658,"STATUS":"BUKA","TANGGAL PENGUMPULAN":"Q1 2025","TANGGAL UPDATE":"27/02/2025"}},{"type":"Feature","geometry":{"coordinates":[110.4228336,-7.7409002],"type":"Point"},"properties":{"NAMA":"TOKO BINTANG ROMIKA","TIPE_1":"PERDAGANGAN DAN RETAIL","TIPE_2":"TOKO KELONTONG","TIPE_3":"-","TELEPON":"","ALAMAT":"GG. TAWES, MALANGREJO, WEDOMARTANI, KEC. NGEMPLAK, KABUPATEN SLEMAN, DAERAH ISTIMEWA YOGYAKARTA 55584","ID_PROV":34,"PROVINSI":"DAERAH ISTIMEWA YOGYAKARTA","ID_KABKOT":34.04,"KABKOT":"SLEMAN","ID_KEC":"34.04.11","KECAMATAN":"NGEMPLAK","ID_DESA":"34.04.11.2004","DESA":"WEDOMARTANI","LONGITUDE":110.4228336,"LATITUDE":-7.7409002,"STATUS":"BUKA","TANGGAL PENGUMPULAN":"Q1 2025","TANGGAL UPDATE":"27/02/2025"}},{"type":"Feature","geometry":{"coordinates":[110.3819344,-7.7605333],"type":"Point"},"properties":{"NAMA":"TOKO SLAMET TEMON","TIPE_1":"PERDAGANGAN DAN RETAIL","TIPE_2":"TOKO KELONTONG","TIPE_3":"-","TELEPON":"","ALAMAT":"GG. WUNI, KARANG WUNI, CATURTUNGGAL, DEPOK, SLEMAN REGENCY, SPECIAL REGION OF YOGYAKARTA 55281","ID_PROV":34,"PROVINSI":"DAERAH ISTIMEWA YOGYAKARTA","ID_KABKOT":34.04,"KABKOT":"SLEMAN","ID_KEC":"34.04.07","KECAMATAN":"DEPOK","ID_DESA":"34.04.07.2001","DESA":"CATURTUNGGAL","LONGITUDE":110.3819344,"LATITUDE":-7.7605333,"STATUS":"BUKA","TANGGAL PENGUMPULAN":"Q1 2025","TANGGAL UPDATE":"27/02/2025"}},{"type":"Feature","geometry":{"coordinates":[110.3540229,-7.7285547],"type":"Point"},"properties":{"NAMA":"TOKO KELONTONG BU YAYUK","TIPE_1":"PERDAGANGAN DAN RETAIL","TIPE_2":"TOKO KELONTONG","TIPE_3":"-","TELEPON":"","ALAMAT":"GG.JATIMAS, JATEN, SENDANGADI, KEC. MLATI, KABUPATEN SLEMAN, DAERAH ISTIMEWA YOGYAKARTA 55285","ID_PROV":34,"PROVINSI":"DAERAH ISTIMEWA YOGYAKARTA","ID_KABKOT":34.04,"KABKOT":"SLEMAN","ID_KEC":"34.04.06","KECAMATAN":"MLATI","ID_DESA":"34.04.06.2002","DESA":"SENDANGADI","LONGITUDE":110.3540229,"LATITUDE":-7.7285547,"STATUS":"BUKA","TANGGAL PENGUMPULAN":"Q1 2025","TANGGAL UPDATE":"27/02/2025"}},{"type":"Feature","geometry":{"coordinates":[110.4165831,-7.7860575],"type":"Point"},"properties":{"NAMA":"TOKO KELONTONG POJOK BU ISTI","TIPE_1":"PERDAGANGAN DAN RETAIL","TIPE_2":"TOKO KELONTONG","TIPE_3":"-","TELEPON":"","ALAMAT":"GGVLL JL. SANTAN NO.76A RT09, RW.29, KALONGAN, MAGUWOHARJO, KEC. DEPOK, KABUPATEN SLEMAN, DAERAH ISTIMEWA YOGYAKARTA 55282","ID_PROV":34,"PROVINSI":"DAERAH ISTIMEWA YOGYAKARTA","ID_KABKOT":34.04,"KABKOT":"SLEMAN","ID_KEC":"34.04.07","KECAMATAN":"DEPOK","ID_DESA":"34.04.07.2002","DESA":"MAGUWOHARJO","LONGITUDE":110.4165831,"LATITUDE":-7.7860575,"STATUS":"BUKA","TANGGAL PENGUMPULAN":"Q1 2025","TANGGAL UPDATE":"27/02/2025"}},{"type":"Feature","geometry":{"coordinates":[110.4679655,-7.7681668],"type":"Point"},"properties":{"NAMA":"TOKO RAHMAT GROSIR SEMBAKO","TIPE_1":"PERDAGANGAN DAN RETAIL","TIPE_2":"TOKO KELONTONG","TIPE_3":"-","TELEPON":"0851-0089-1897","ALAMAT":"GLONDONG, TIRTOMARTANI, KEC. KALASAN, KABUPATEN SLEMAN, DAERAH ISTIMEWA YOGYAKARTA 55571","ID_PROV":34,"PROVINSI":"DAERAH ISTIMEWA YOGYAKARTA","ID_KABKOT":34.04,"KABKOT":"SLEMAN","ID_KEC":"34.04.10","KECAMATAN":"KALASAN","ID_DESA":"34.04.10.2002","DESA":"TIRTOMARTANI","LONGITUDE":110.4679655,"LATITUDE":-7.7681668,"STATUS":"BUKA","TANGGAL PENGUMPULAN":"Q1 2025","TANGGAL UPDATE":"27/02/2025"}},{"type":"Feature","geometry":{"coordinates":[110.291638,-7.7663454],"type":"Point"},"properties":{"NAMA":"TOKO SEMBAKO MAJU JAYA SUKSES (MJS)","TIPE_1":"PERDAGANGAN DAN RETAIL","TIPE_2":"TOKO KELONTONG","TIPE_3":"-","TELEPON":"0821-3534-2838","ALAMAT":"GODEAN, SIDOAGUNG, KEC. GODEAN, KABUPATEN SLEMAN, DAERAH ISTIMEWA YOGYAKARTA 55264","ID_PROV":34,"PROVINSI":"DAERAH ISTIMEWA YOGYAKARTA","ID_KABKOT":34.04,"KABKOT":"SLEMAN","ID_KEC":"34.04.02","KECAMATAN":"GODEAN","ID_DESA":"34.04.02.2004","DESA":"SIDOAGUNG","LONGITUDE":110.291638,"LATITUDE":-7.7663454,"STATUS":"BUKA","TANGGAL PENGUMPULAN":"Q1 2025","TANGGAL UPDATE":"27/02/2025"}},{"type":"Feature","geometry":{"coordinates":[110.2919281,-7.7658071],"type":"Point"},"properties":{"NAMA":"TOKO SM","TIPE_1":"PERDAGANGAN DAN RETAIL","TIPE_2":"TOKO KELONTONG","TIPE_3":"-","TELEPON":"","ALAMAT":"GODEAN, SIDOAGUNG, KEC. GODEAN, KABUPATEN SLEMAN, DAERAH ISTIMEWA YOGYAKARTA 55264","ID_PROV":34,"PROVINSI":"DAERAH ISTIMEWA YOGYAKARTA","ID_KABKOT":34.04,"KABKOT":"SLEMAN","ID_KEC":"34.04.02","KECAMATAN":"GODEAN","ID_DESA":"34.04.02.2004","DESA":"SIDOAGUNG","LONGITUDE":110.2919281,"LATITUDE":-7.7658071,"STATUS":"BUKA","TANGGAL PENGUMPULAN":"Q1 2025","TANGGAL UPDATE":"27/02/2025"}},{"type":"Feature","geometry":{"coordinates":[110.3286531,-7.7498762],"type":"Point"},"properties":{"NAMA":"WARUNG KELONTONG MAS NABIL","TIPE_1":"PERDAGANGAN DAN RETAIL","TIPE_2":"TOKO KELONTONG","TIPE_3":"-","TELEPON":"0882-3380-8416","ALAMAT":"GOMBANG ASEM, RAJEG LOR, TIRTOADI, KEC. MLATI, KABUPATEN SLEMAN, DAERAH ISTIMEWA YOGYAKARTA","ID_PROV":34,"PROVINSI":"DAERAH ISTIMEWA YOGYAKARTA","ID_KABKOT":34.04,"KABKOT":"SLEMAN","ID_KEC":"34.04.06","KECAMATAN":"MLATI","ID_DESA":"34.04.06.2004","DESA":"TIRTOADI","LONGITUDE":110.3286531,"LATITUDE":-7.7498762,"STATUS":"BUKA","TANGGAL PENGUMPULAN":"Q1 2025","TANGGAL UPDATE":"27/02/2025"}},{"type":"Feature","geometry":{"coordinates":[110.2969899,-7.7330201],"type":"Point"},"properties":{"NAMA":"ADINDA KELONTONG","TIPE_1":"PERDAGANGAN DAN RETAIL","TIPE_2":"TOKO KELONTONG","TIPE_3":"-","TELEPON":"","ALAMAT":"GORON, DRUJU KIDUL, MARGODADI, KEC. SEYEGAN, KABUPATEN SLEMAN, DAERAH ISTIMEWA YOGYAKARTA","ID_PROV":34,"PROVINSI":"DAERAH ISTIMEWA YOGYAKARTA","ID_KABKOT":34.04,"KABKOT":"SLEMAN","ID_KEC":"34.04.05","KECAMATAN":"SEYEGAN","ID_DESA":"34.04.05.2002","DESA":"MARGODADI","LONGITUDE":110.2969899,"LATITUDE":-7.7330201,"STATUS":"BUKA","TANGGAL PENGUMPULAN":"Q1 2025","TANGGAL UPDATE":"27/02/2025"}},{"type":"Feature","geometry":{"coordinates":[110.2585594,-7.7135698],"type":"Point"},"properties":{"NAMA":"TOKO ARIES SEMBAKO","TIPE_1":"PERDAGANGAN DAN RETAIL","TIPE_2":"TOKO KELONTONG","TIPE_3":"-","TELEPON":"","ALAMAT":"GTAKAN, SENDANGSARI, KEC. MINGGIR, KABUPATEN SLEMAN, DAERAH ISTIMEWA YOGYAKARTA 55562","ID_PROV":34,"PROVINSI":"DAERAH ISTIMEWA YOGYAKARTA","ID_KABKOT":34.04,"KABKOT":"SLEMAN","ID_KEC":"34.04.04","KECAMATAN":"MINGGIR","ID_DESA":"34.04.04.2004","DESA":"SENDANGSARI","LONGITUDE":110.2585594,"LATITUDE":-7.7135698,"STATUS":"BUKA","TANGGAL PENGUMPULAN":"Q1 2025","TANGGAL UPDATE":"27/02/2025"}},{"type":"Feature","geometry":{"coordinates":[110.503705,-7.7943322],"type":"Point"},"properties":{"NAMA":"TOKO KELONTONG MITRA SEJAHTERA","TIPE_1":"PERDAGANGAN DAN RETAIL","TIPE_2":"TOKO KELONTONG","TIPE_3":"-","TELEPON":"0823-3950-0323","ALAMAT":"GUNUNG CILIK, SAMBIREJO, KEC. PRAMBANAN, KABUPATEN SLEMAN, DAERAH ISTIMEWA YOGYAKARTA","ID_PROV":34,"PROVINSI":"DAERAH ISTIMEWA YOGYAKARTA","ID_KABKOT":34.04,"KABKOT":"SLEMAN","ID_KEC":"34.04.09","KECAMATAN":"PRAMBANAN","ID_DESA":"34.04.09.2004","DESA":"SAMBIREJO","LONGITUDE":110.503705,"LATITUDE":-7.7943322,"STATUS":"BUKA","TANGGAL PENGUMPULAN":"Q1 2025","TANGGAL UPDATE":"27/02/2025"}},{"type":"Feature","geometry":{"coordinates":[110.5013872,-7.7965681],"type":"Point"},"properties":{"NAMA":"TOKO KELONTONG IBU YUNI","TIPE_1":"PERDAGANGAN DAN RETAIL","TIPE_2":"TOKO KELONTONG","TIPE_3":"-","TELEPON":"","ALAMAT":"GUNUNGCILIK, SAMBIREJO, KEC. PRAMBANAN, KABUPATEN SLEMAN, DAERAH ISTIMEWA YOGYAKARTA","ID_PROV":34,"PROVINSI":"DAERAH ISTIMEWA YOGYAKARTA","ID_KABKOT":34.04,"KABKOT":"SLEMAN","ID_KEC":"34.04.09","KECAMATAN":"PRAMBANAN","ID_DESA":"34.04.09.2004","DESA":"SAMBIREJO","LONGITUDE":110.5013872,"LATITUDE":-7.7965681,"STATUS":"BUKA","TANGGAL PENGUMPULAN":"Q1 2025","TANGGAL UPDATE":"27/02/2025"}},{"type":"Feature","geometry":{"coordinates":[110.4489489,-7.6752368],"type":"Point"},"properties":{"NAMA":"WARUNG CIKAL","TIPE_1":"PERDAGANGAN DAN RETAIL","TIPE_2":"TOKO KELONTONG","TIPE_3":"-","TELEPON":"0851-1728-8800","ALAMAT":"HUNTAP KUWANG, JARANAN, ARGOMULYO, KEC. CANGKRINGAN, KABUPATEN SLEMAN, DAERAH ISTIMEWA YOGYAKARTA 55583","ID_PROV":34,"PROVINSI":"DAERAH ISTIMEWA YOGYAKARTA","ID_KABKOT":34.04,"KABKOT":"SLEMAN","ID_KEC":"34.04.17","KECAMATAN":"CANGKRINGAN","ID_DESA":"34.04.17.2001","DESA":"ARGOMULYO","LONGITUDE":110.4489489,"LATITUDE":-7.6752368,"STATUS":"BUKA","TANGGAL PENGUMPULAN":"Q1 2025","TANGGAL UPDATE":"27/02/2025"}},{"type":"Feature","geometry":{"coordinates":[110.3683905,-7.6837354],"type":"Point"},"properties":{"NAMA":"TOKO KELONTONG BU SUMIYATI (BU PRI)","TIPE_1":"PERDAGANGAN DAN RETAIL","TIPE_2":"TOKO KELONTONG","TIPE_3":"-","TELEPON":"0856-4242-6459","ALAMAT":"JABUNG GEDE, RT.03/RW.39, PLALANGAN, PANDOWOHARJO, KEC. SLEMAN, KABUPATEN SLEMAN, DAERAH ISTIMEWA YOGYAKARTA 55512","ID_PROV":34,"PROVINSI":"DAERAH ISTIMEWA YOGYAKARTA","ID_KABKOT":34.04,"KABKOT":"SLEMAN","ID_KEC":"34.04.13","KECAMATAN":"SLEMAN","ID_DESA":"34.04.13.2004","DESA":"PANDOWOHARJO","LONGITUDE":110.3683905,"LATITUDE":-7.6837354,"STATUS":"BUKA","TANGGAL PENGUMPULAN":"Q1 2025","TANGGAL UPDATE":"27/02/2025"}},{"type":"Feature","geometry":{"coordinates":[110.315592,-7.647906],"type":"Point"},"properties":{"NAMA":"TOKO KELONTONG BU KASIHANI","TIPE_1":"PERDAGANGAN DAN RETAIL","TIPE_2":"TOKO KELONTONG","TIPE_3":"-","TELEPON":"0878-3411-0744","ALAMAT":"JAGALAN, SALAM, KEC. SALAM, KABUPATEN MAGELANG, JAWA TENGAH 56484","ID_PROV":34,"PROVINSI":"DAERAH ISTIMEWA YOGYAKARTA","ID_KABKOT":34.04,"KABKOT":"SLEMAN","ID_KEC":"34.04.14","KECAMATAN":"TEMPEL","ID_DESA":"34.04.14.2007","DESA":"LUMBUNGREJO","LONGITUDE":110.315592,"LATITUDE":-7.647906,"STATUS":"BUKA","TANGGAL PENGUMPULAN":"Q1 2025","TANGGAL UPDATE":"27/02/2025"}},{"type":"Feature","geometry":{"coordinates":[110.4188935,-7.6586593],"type":"Point"},"properties":{"NAMA":"WARUNG KELONTONG FATIN","TIPE_1":"PERDAGANGAN DAN RETAIL","TIPE_2":"TOKO KELONTONG","TIPE_3":"-","TELEPON":"0877-3917-5076","ALAMAT":"JALAN BANTUL NO.74, AREA SAWAH, GEDONGKIWO, KEC. PAKEM, KOTA YOGYAKARTA, DAERAH ISTIMEWA YOGYAKARTA","ID_PROV":34,"PROVINSI":"DAERAH ISTIMEWA YOGYAKARTA","ID_KABKOT":34.04,"KABKOT":"SLEMAN","ID_KEC":"34.04.16","KECAMATAN":"PAKEM","ID_DESA":"34.04.16.2004","DESA":"PAKEMBINANGUN","LONGITUDE":110.4188935,"LATITUDE":-7.6586593,"STATUS":"BUKA","TANGGAL PENGUMPULAN":"Q1 2025","TANGGAL UPDATE":"27/02/2025"}},{"type":"Feature","geometry":{"coordinates":[110.4193278,-7.618963],"type":"Point"},"properties":{"NAMA":"TOKO SEMBAKO SURTINI","TIPE_1":"PERDAGANGAN DAN RETAIL","TIPE_2":"TOKO KELONTONG","TIPE_3":"-","TELEPON":"0857-0117-0137","ALAMAT":"JALAN BOYONG, KALIURANG BARAT, PAKEM, WONOREJO, HARGOBINANGUN, KEC. PAKEM, KABUPATEN SLEMAN, DAERAH ISTIMEWA YOGYAKARTA 55582","ID_PROV":34,"PROVINSI":"DAERAH ISTIMEWA YOGYAKARTA","ID_KABKOT":34.04,"KABKOT":"SLEMAN","ID_KEC":"34.04.16","KECAMATAN":"PAKEM","ID_DESA":"34.04.16.2005","DESA":"HARGOBINANGUN","LONGITUDE":110.4193278,"LATITUDE":-7.618963,"STATUS":"BUKA","TANGGAL PENGUMPULAN":"Q1 2025","TANGGAL UPDATE":"27/02/2025"}},{"type":"Feature","geometry":{"coordinates":[110.4060101,-7.7559814],"type":"Point"},"properties":{"NAMA":"OMAH SEMBAKO AZFA","TIPE_1":"PERDAGANGAN DAN RETAIL","TIPE_2":"TOKO KELONTONG","TIPE_3":"-","TELEPON":"0821-3653-5690","ALAMAT":"JALAN CEMPAKA LELES, PERUMNAS CONDONG CATUR, CONDONGCATUR, KEC. DEPOK, KABUPATEN SLEMAN, DAERAH ISTIMEWA YOGYAKARTA 55283","ID_PROV":34,"PROVINSI":"DAERAH ISTIMEWA YOGYAKARTA","ID_KABKOT":34.04,"KABKOT":"SLEMAN","ID_KEC":"34.04.07","KECAMATAN":"DEPOK","ID_DESA":"34.04.07.2003","DESA":"CONDONGCATUR","LONGITUDE":110.4060101,"LATITUDE":-7.7559814,"STATUS":"BUKA","TANGGAL PENGUMPULAN":"Q1 2025","TANGGAL UPDATE":"27/02/2025"}},{"type":"Feature","geometry":{"coordinates":[110.421515,-7.7315053],"type":"Point"},"properties":{"NAMA":"TOKO ARIS","TIPE_1":"PERDAGANGAN DAN RETAIL","TIPE_2":"TOKO KELONTONG","TIPE_3":"-","TELEPON":"0857-1757-9925","ALAMAT":"JALAN DARSONO, DUSUN KARANGANYAR, WEDOMARTANI, NGEMPLAK, SLEMAN, YOGYAKARTA 55584, BLOTAN, WEDOMARTANI, KEC. NGEMPLAK, KABUPATEN SLEMAN, DAERAH ISTIMEWA YOGYAKARTA 55584","ID_PROV":34,"PROVINSI":"DAERAH ISTIMEWA YOGYAKARTA","ID_KABKOT":34.04,"KABKOT":"SLEMAN","ID_KEC":"34.04.11","KECAMATAN":"NGEMPLAK","ID_DESA":"34.04.11.2004","DESA":"WEDOMARTANI","LONGITUDE":110.421515,"LATITUDE":-7.7315053,"STATUS":"BUKA","TANGGAL PENGUMPULAN":"Q1 2025","TANGGAL UPDATE":"27/02/2025"}},{"type":"Feature","geometry":{"coordinates":[110.4210439,-7.7317061],"type":"Point"},"properties":{"NAMA":"TOKO KELONTONG GALIH RAHAYU","TIPE_1":"PERDAGANGAN DAN RETAIL","TIPE_2":"TOKO KELONTONG","TIPE_3":"-","TELEPON":"0812-2611-6542","ALAMAT":"JALAN DERSONO, DUSUN KARANGANYAR, BLOTAN, WEDOMARTANI, KEC. NGEMPLAK, KABUPATEN SLEMAN, DAERAH ISTIMEWA YOGYAKARTA 55584","ID_PROV":34,"PROVINSI":"DAERAH ISTIMEWA YOGYAKARTA","ID_KABKOT":34.04,"KABKOT":"SLEMAN","ID_KEC":"34.04.11","KECAMATAN":"NGEMPLAK","ID_DESA":"34.04.11.2004","DESA":"WEDOMARTANI","LONGITUDE":110.4210439,"LATITUDE":-7.7317061,"STATUS":"BUKA","TANGGAL PENGUMPULAN":"Q1 2025","TANGGAL UPDATE":"27/02/2025"}},{"type":"Feature","geometry":{"coordinates":[110.3251839,-7.7777075],"type":"Point"},"properties":{"NAMA":"WARUNG KELONTONG PUJANA","TIPE_1":"PERDAGANGAN DAN RETAIL","TIPE_2":"TOKO KELONTONG","TIPE_3":"-","TELEPON":"0859-2743-0765","ALAMAT":"JALAN DS COKROBEDOG, RT.7, COKRO GEDOK, SIDOARUM, KEC. GODEAN, KABUPATEN SLEMAN, DAERAH ISTIMEWA YOGYAKARTA 55264","ID_PROV":34,"PROVINSI":"DAERAH ISTIMEWA YOGYAKARTA","ID_KABKOT":34.04,"KABKOT":"SLEMAN","ID_KEC":"34.04.02","KECAMATAN":"GODEAN","ID_DESA":"34.04.02.2006","DESA":"SIDOARUM","LONGITUDE":110.3251839,"LATITUDE":-7.7777075,"STATUS":"BUKA","TANGGAL PENGUMPULAN":"Q1 2025","TANGGAL UPDATE":"27/02/2025"}},{"type":"Feature","geometry":{"coordinates":[110.3157348,-7.764555],"type":"Point"},"properties":{"NAMA":"TOKO SEMBAKO ARTO MORO","TIPE_1":"PERDAGANGAN DAN RETAIL","TIPE_2":"TOKO KELONTONG","TIPE_3":"-","TELEPON":"0856-4337-5496","ALAMAT":"JALAN DUSUN TAJEN,KARANG MALANG, AREA SAWAH, SIDOMOYO, KEC. GODEAN, KABUPATEN SLEMAN, DAERAH ISTIMEWA YOGYAKARTA 55264","ID_PROV":34,"PROVINSI":"DAERAH ISTIMEWA YOGYAKARTA","ID_KABKOT":34.04,"KABKOT":"SLEMAN","ID_KEC":"34.04.02","KECAMATAN":"GODEAN","ID_DESA":"34.04.02.2007","DESA":"SIDOMOYO","LONGITUDE":110.3157348,"LATITUDE":-7.764555,"STATUS":"BUKA","TANGGAL PENGUMPULAN":"Q1 2025","TANGGAL UPDATE":"27/02/2025"}},{"type":"Feature","geometry":{"coordinates":[110.330807,-7.731206],"type":"Point"},"properties":{"NAMA":"TOKO SEMBAKO ALI MURAH 2","TIPE_1":"PERDAGANGAN DAN RETAIL","TIPE_2":"TOKO KELONTONG","TIPE_3":"-","TELEPON":"0877-3827-6991","ALAMAT":"JALAN GAJAH MADA, KOMPLEK PASAR CEBONGAN KIOS NO.3, AREA SAWAH, TLOGOADI, KEC. MLATI, KABUPATEN SLEMAN, DAERAH ISTIMEWA YOGYAKARTA 55286","ID_PROV":34,"PROVINSI":"DAERAH ISTIMEWA YOGYAKARTA","ID_KABKOT":34.04,"KABKOT":"SLEMAN","ID_KEC":"34.04.06","KECAMATAN":"MLATI","ID_DESA":"34.04.06.2003","DESA":"TLOGOADI","LONGITUDE":110.330807,"LATITUDE":-7.731206,"STATUS":"BUKA","TANGGAL PENGUMPULAN":"Q1 2025","TANGGAL UPDATE":"27/02/2025"}},{"type":"Feature","geometry":{"coordinates":[110.3284671,-7.7351136],"type":"Point"},"properties":{"NAMA":"TOKO SEMBAKO PURNAMA","TIPE_1":"PERDAGANGAN DAN RETAIL","TIPE_2":"TOKO KELONTONG","TIPE_3":"-","TELEPON":"0877-2866-6062","ALAMAT":"JALAN GAJAH MADA, TLOGOADI, MLATI, SENDON, TIRTOADI, KEC. MLATI, KABUPATEN SLEMAN, DAERAH ISTIMEWA YOGYAKARTA 55286","ID_PROV":34,"PROVINSI":"DAERAH ISTIMEWA YOGYAKARTA","ID_KABKOT":34.04,"KABKOT":"SLEMAN","ID_KEC":"34.04.06","KECAMATAN":"MLATI","ID_DESA":"34.04.06.2003","DESA":"TLOGOADI","LONGITUDE":110.3284671,"LATITUDE":-7.7351136,"STATUS":"BUKA","TANGGAL PENGUMPULAN":"Q1 2025","TANGGAL UPDATE":"27/02/2025"}},{"type":"Feature","geometry":{"coordinates":[110.322864,-7.7748985],"type":"Point"},"properties":{"NAMA":"SEMBAKO JOGLO JOGJA 2","TIPE_1":"PERDAGANGAN DAN RETAIL","TIPE_2":"TOKO KELONTONG","TIPE_3":"-","TELEPON":"","ALAMAT":"JALAN GODEAN KM 7 (UTARA JALAN TIMUR BANK BRI UNIT SIDOARUM BANTULAN, BANTULAN, SIDOARUM, KEC. GODEAN, KABUPATEN SLEMAN, DAERAH ISTIMEWA YOGYAKARTA 55564","ID_PROV":34,"PROVINSI":"DAERAH ISTIMEWA YOGYAKARTA","ID_KABKOT":34.04,"KABKOT":"SLEMAN","ID_KEC":"34.04.02","KECAMATAN":"GODEAN","ID_DESA":"34.04.02.2006","DESA":"SIDOARUM","LONGITUDE":110.322864,"LATITUDE":-7.7748985,"STATUS":"BUKA","TANGGAL PENGUMPULAN":"Q1 2025","TANGGAL UPDATE":"27/02/2025"}},{"type":"Feature","geometry":{"coordinates":[110.319095,-7.7747026],"type":"Point"},"properties":{"NAMA":"SEMBAKO MINI MBAH REPTO","TIPE_1":"PERDAGANGAN DAN RETAIL","TIPE_2":"TOKO KELONTONG","TIPE_3":"-","TELEPON":"0878-3915-4121","ALAMAT":"JALAN GODEAN KM 7 BANTULAN SIDOARUM, BANTULAN, SIDOARUM, KEC. GODEAN, KOTA YOGYAKARTA, DAERAH ISTIMEWA YOGYAKARTA 55126","ID_PROV":34,"PROVINSI":"DAERAH ISTIMEWA YOGYAKARTA","ID_KABKOT":34.04,"KABKOT":"SLEMAN","ID_KEC":"34.04.02","KECAMATAN":"GODEAN","ID_DESA":"34.04.02.2006","DESA":"SIDOARUM","LONGITUDE":110.319095,"LATITUDE":-7.7747026,"STATUS":"BUKA","TANGGAL PENGUMPULAN":"Q1 2025","TANGGAL UPDATE":"27/02/2025"}},{"type":"Feature","geometry":{"coordinates":[110.3214119,-7.74994],"type":"Point"},"properties":{"NAMA":"AA MART SEMBAKO MURAH","TIPE_1":"PERDAGANGAN DAN RETAIL","TIPE_2":"TOKO KELONTONG","TIPE_3":"-","TELEPON":"0857-4334-8840","ALAMAT":"JALAN IBNU ABBAS KRAGILAN, BELURAN, SIDOMOYO, KEC. GODEAN, KABUPATEN SLEMAN, DAERAH ISTIMEWA YOGYAKARTA 55264","ID_PROV":34,"PROVINSI":"DAERAH ISTIMEWA YOGYAKARTA","ID_KABKOT":34.04,"KABKOT":"SLEMAN","ID_KEC":"34.04.02","KECAMATAN":"GODEAN","ID_DESA":"34.04.02.2007","DESA":"SIDOMOYO","LONGITUDE":110.3214119,"LATITUDE":-7.74994,"STATUS":"BUKA","TANGGAL PENGUMPULAN":"Q1 2025","TANGGAL UPDATE":"27/02/2025"}},{"type":"Feature","geometry":{"coordinates":[110.3065855,-7.7871205],"type":"Point"},"properties":{"NAMA":"TOKO SEMBAKO BIRU","TIPE_1":"PERDAGANGAN DAN RETAIL","TIPE_2":"TOKO KELONTONG","TIPE_3":"-","TELEPON":"0838-4013-3141","ALAMAT":"JALAN JETIS PRENGGAN, WIROKRAMAN, SIDOKARTO, KEC. GODEAN, KABUPATEN SLEMAN, DAERAH ISTIMEWA YOGYAKARTA 55264","ID_PROV":34,"PROVINSI":"DAERAH ISTIMEWA YOGYAKARTA","ID_KABKOT":34.04,"KABKOT":"SLEMAN","ID_KEC":"34.04.02","KECAMATAN":"GODEAN","ID_DESA":"34.04.02.2005","DESA":"SIDOKARTO","LONGITUDE":110.3065855,"LATITUDE":-7.7871205,"STATUS":"BUKA","TANGGAL PENGUMPULAN":"Q1 2025","TANGGAL UPDATE":"27/02/2025"}},{"type":"Feature","geometry":{"coordinates":[110.4805652,-7.7568771],"type":"Point"},"properties":{"NAMA":"TOKO KELONTONG","TIPE_1":"PERDAGANGAN DAN RETAIL","TIPE_2":"TOKO KELONTONG","TIPE_3":"-","TELEPON":"0858-0100-0342","ALAMAT":"JALAN JOGJA-SOLO, KENITEN, TAMANMARTANI, KEC. KALASAN, KABUPATEN SLEMAN, DAERAH ISTIMEWA YOGYAKARTA 55571","ID_PROV":34,"PROVINSI":"DAERAH ISTIMEWA YOGYAKARTA","ID_KABKOT":34.04,"KABKOT":"SLEMAN","ID_KEC":"34.04.10","KECAMATAN":"KALASAN","ID_DESA":"34.04.10.2003","DESA":"TAMANMARTANI","LONGITUDE":110.4805652,"LATITUDE":-7.7568771,"STATUS":"BUKA","TANGGAL PENGUMPULAN":"Q1 2025","TANGGAL UPDATE":"27/02/2025"}},{"type":"Feature","geometry":{"coordinates":[110.4223246,-7.7743354],"type":"Point"},"properties":{"NAMA":"TOKO KELONTONG ISNIA","TIPE_1":"PERDAGANGAN DAN RETAIL","TIPE_2":"TOKO KELONTONG","TIPE_3":"-","TELEPON":"0816-688-235","ALAMAT":"JALAN K.H. MUHDI NO.10A RT 01 RW 20, DEMANGAN MAGUWOHARJO, CORONGAN, MAGUWOHARJO, KEC. DEPOK, KOTA YOGYAKARTA, DAERAH ISTIMEWA YOGYAKARTA 55281","ID_PROV":34,"PROVINSI":"DAERAH ISTIMEWA YOGYAKARTA","ID_KABKOT":34.04,"KABKOT":"SLEMAN","ID_KEC":"34.04.07","KECAMATAN":"DEPOK","ID_DESA":"34.04.07.2002","DESA":"MAGUWOHARJO","LONGITUDE":110.4223246,"LATITUDE":-7.7743354,"STATUS":"BUKA","TANGGAL PENGUMPULAN":"Q1 2025","TANGGAL UPDATE":"27/02/2025"}},{"type":"Feature","geometry":{"coordinates":[110.4186636,-7.6936959],"type":"Point"},"properties":{"NAMA":"TOKOBUKA","TIPE_1":"PERDAGANGAN DAN RETAIL","TIPE_2":"TOKO KELONTONG","TIPE_3":"-","TELEPON":"0851-0167-1323","ALAMAT":"JALAN KALIURANG KM 13,7 NGANGGRUNG, SUKOHARJO, NGAGLIK, KABUPATEN SLEMAN, BESI, SUKOHARJO, KEC. NGAGLIK, YOGYAKARTA, DAERAH ISTIMEWA YOGYAKARTA 55581","ID_PROV":34,"PROVINSI":"DAERAH ISTIMEWA YOGYAKARTA","ID_KABKOT":34.04,"KABKOT":"SLEMAN","ID_KEC":"34.04.12","KECAMATAN":"NGAGLIK","ID_DESA":"34.04.12.2004","DESA":"SUKOHARJO","LONGITUDE":110.4186636,"LATITUDE":-7.6936959,"STATUS":"BUKA","TANGGAL PENGUMPULAN":"Q1 2025","TANGGAL UPDATE":"27/02/2025"}},{"type":"Feature","geometry":{"coordinates":[110.4192398,-7.6850515],"type":"Point"},"properties":{"NAMA":"TOKO TANDESO","TIPE_1":"PERDAGANGAN DAN RETAIL","TIPE_2":"TOKO KELONTONG","TIPE_3":"-","TELEPON":"0821-3374-8334","ALAMAT":"JALAN KALIURANG KM.14,5 KOMPLEKS PASAR, JL. DEGOLAN, NGEMPLAK, UMBULMARTANI, KEC. NGEMPLAK, KABUPATEN SLEMAN, DAERAH ISTIMEWA YOGYAKARTA 55584","ID_PROV":34,"PROVINSI":"DAERAH ISTIMEWA YOGYAKARTA","ID_KABKOT":34.04,"KABKOT":"SLEMAN","ID_KEC":"34.04.11","KECAMATAN":"NGEMPLAK","ID_DESA":"34.04.11.2005","DESA":"UMBULMARTANI","LONGITUDE":110.4192398,"LATITUDE":-7.6850515,"STATUS":"BUKA","TANGGAL PENGUMPULAN":"Q1 2025","TANGGAL UPDATE":"27/02/2025"}},{"type":"Feature","geometry":{"coordinates":[110.3998152,-7.7194777],"type":"Point"},"properties":{"NAMA":"TOKO HARJONO PATUK","TIPE_1":"PERDAGANGAN DAN RETAIL","TIPE_2":"TOKO KELONTONG","TIPE_3":"-","TELEPON":"","ALAMAT":"JALAN KALIURANG NGALANGAN NGAGLIK SLEMAN, NGALALANGAN, SARDONOHARJO, KEC. NGAGLIK, YOGYAKARTA, DAERAH ISTIMEWA YOGYAKARTA 55283","ID_PROV":34,"PROVINSI":"DAERAH ISTIMEWA YOGYAKARTA","ID_KABKOT":34.04,"KABKOT":"SLEMAN","ID_KEC":"34.04.12","KECAMATAN":"NGAGLIK","ID_DESA":"34.04.12.2005","DESA":"SARDONOHARJO","LONGITUDE":110.3998152,"LATITUDE":-7.7194777,"STATUS":"BUKA","TANGGAL PENGUMPULAN":"Q1 2025","TANGGAL UPDATE":"27/02/2025"}},{"type":"Feature","geometry":{"coordinates":[110.3746578,-7.7115958],"type":"Point"},"properties":{"NAMA":"WARUNG KELONTONG DINI SUBIYONO","TIPE_1":"PERDAGANGAN DAN RETAIL","TIPE_2":"TOKO KELONTONG","TIPE_3":"-","TELEPON":"","ALAMAT":"JALAN KARYODMEDJO, KARANGLO, DONOHARJO, KEC. NGAGLIK, KABUPATEN SLEMAN, DAERAH ISTIMEWA YOGYAKARTA 55581","ID_PROV":34,"PROVINSI":"DAERAH ISTIMEWA YOGYAKARTA","ID_KABKOT":34.04,"KABKOT":"SLEMAN","ID_KEC":"34.04.12","KECAMATAN":"NGAGLIK","ID_DESA":"34.04.12.2006","DESA":"DONOHARJO","LONGITUDE":110.3746578,"LATITUDE":-7.7115958,"STATUS":"BUKA","TANGGAL PENGUMPULAN":"Q1 2025","TANGGAL UPDATE":"27/02/2025"}},{"type":"Feature","geometry":{"coordinates":[110.3280487,-7.7317736],"type":"Point"},"properties":{"NAMA":"TOKO KELONTONG NITA","TIPE_1":"PERDAGANGAN DAN RETAIL","TIPE_2":"TOKO KELONTONG","TIPE_3":"-","TELEPON":"0821-3686-4455","ALAMAT":"JALAN KEBON AGUNG KM 5 CEBONGAN, CABAKAN, SUMBERADI, KEC. MLATI, KABUPATEN SLEMAN, DAERAH ISTIMEWA YOGYAKARTA 55286","ID_PROV":34,"PROVINSI":"DAERAH ISTIMEWA YOGYAKARTA","ID_KABKOT":34.04,"KABKOT":"SLEMAN","ID_KEC":"34.04.06","KECAMATAN":"MLATI","ID_DESA":"34.04.06.2005","DESA":"SUMBERADI","LONGITUDE":110.3280487,"LATITUDE":-7.7317736,"STATUS":"BUKA","TANGGAL PENGUMPULAN":"Q1 2025","TANGGAL UPDATE":"27/02/2025"}},{"type":"Feature","geometry":{"coordinates":[110.2761421,-7.7173404],"type":"Point"},"properties":{"NAMA":"TOKO KELONTONG ECA 9","TIPE_1":"PERDAGANGAN DAN RETAIL","TIPE_2":"TOKO KELONTONG","TIPE_3":"-","TELEPON":"","ALAMAT":"JALAN KEBON AGUNG MEKATON SEYEGAN, SUSUKAN I, MARGOKATON, KEC. SEYEGAN, YOGYAKARTA, DAERAH ISTIMEWA YOGYAKARTA 55561","ID_PROV":34,"PROVINSI":"DAERAH ISTIMEWA YOGYAKARTA","ID_KABKOT":34.04,"KABKOT":"SLEMAN","ID_KEC":"34.04.05","KECAMATAN":"SEYEGAN","ID_DESA":"34.04.05.2003","DESA":"MARGOKATON","LONGITUDE":110.2761421,"LATITUDE":-7.7173404,"STATUS":"BUKA","TANGGAL PENGUMPULAN":"Q1 2025","TANGGAL UPDATE":"27/02/2025"}},{"type":"Feature","geometry":{"coordinates":[110.468377,-7.627996],"type":"Point"},"properties":{"NAMA":"WARUNG KELONTONG PAK MARDI","TIPE_1":"PERDAGANGAN DAN RETAIL","TIPE_2":"TOKO KELONTONG","TIPE_3":"-","TELEPON":"","ALAMAT":"JALAN KIKIS JETISSUMUR, TEGAL GADING, GLAGAHARJO, KEC. CANGKRINGAN, KABUPATEN SLEMAN, DAERAH ISTIMEWA YOGYAKARTA 55583","ID_PROV":34,"PROVINSI":"DAERAH ISTIMEWA YOGYAKARTA","ID_KABKOT":34.04,"KABKOT":"SLEMAN","ID_KEC":"34.04.17","KECAMATAN":"CANGKRINGAN","ID_DESA":"34.04.17.2003","DESA":"GLAGAHARJO","LONGITUDE":110.468377,"LATITUDE":-7.627996,"STATUS":"BUKA","TANGGAL PENGUMPULAN":"Q1 2025","TANGGAL UPDATE":"27/02/2025"}},{"type":"Feature","geometry":{"coordinates":[110.4899223,-7.8058628],"type":"Point"},"properties":{"NAMA":"WARUNG KELONTONG MBAK NUR JANAH","TIPE_1":"PERDAGANGAN DAN RETAIL","TIPE_2":"TOKO KELONTONG","TIPE_3":"-","TELEPON":"0896-4767-6026","ALAMAT":"JALAN KRAP, POLANGAN, SUMBERHARJO, PRAMBANAN, SLEMAN REGENCY, SPECIAL REGION OF YOGYAKARTA 55572","ID_PROV":34,"PROVINSI":"DAERAH ISTIMEWA YOGYAKARTA","ID_KABKOT":34.04,"KABKOT":"SLEMAN","ID_KEC":"34.04.09","KECAMATAN":"PRAMBANAN","ID_DESA":"34.04.09.2001","DESA":"SUMBERHARJO","LONGITUDE":110.4899223,"LATITUDE":-7.8058628,"STATUS":"BUKA","TANGGAL PENGUMPULAN":"Q1 2025","TANGGAL UPDATE":"27/02/2025"}},{"type":"Feature","geometry":{"coordinates":[110.4432849,-7.6712356],"type":"Point"},"properties":{"NAMA":"TOKO KELONTONG ANGKRINGAN GARAGE","TIPE_1":"PERDAGANGAN DAN RETAIL","TIPE_2":"TOKO KELONTONG","TIPE_3":"-","TELEPON":"","ALAMAT":"SRUNI, SRUNI, WUKIRSARI, KEC. CANGKRINGAN, KABUPATEN SLEMAN, DAERAH ISTIMEWA YOGYAKARTA 55583","ID_PROV":34,"PROVINSI":"DAERAH ISTIMEWA YOGYAKARTA","ID_KABKOT":34.04,"KABKOT":"SLEMAN","ID_KEC":"34.04.17","KECAMATAN":"CANGKRINGAN","ID_DESA":"34.04.17.2002","DESA":"WUKIRSARI","LONGITUDE":110.4432849,"LATITUDE":-7.6712356,"STATUS":"BUKA","TANGGAL PENGUMPULAN":"Q1 2025","TANGGAL UPDATE":"27/02/2025"}},{"type":"Feature","geometry":{"coordinates":[110.2773879,-7.7545189],"type":"Point"},"properties":{"NAMA":"TOKO MULYONO","TIPE_1":"PERDAGANGAN DAN RETAIL","TIPE_2":"TOKO KELONTONG","TIPE_3":"-","TELEPON":"","ALAMAT":"DUSUN PARE 4 SIDOREJO GODEAN SLEMAN YK, PARE TENGAH, SIDOREJO, KEC. GODEAN, KABUPATEN SLEMAN, DAERAH ISTIMEWA YOGYAKARTA 55264","ID_PROV":34,"PROVINSI":"DAERAH ISTIMEWA YOGYAKARTA","ID_KABKOT":34.04,"KABKOT":"SLEMAN","ID_KEC":"34.04.02","KECAMATAN":"GODEAN","ID_DESA":"34.04.02.2001","DESA":"SIDOREJO","LONGITUDE":110.2773879,"LATITUDE":-7.7545189,"STATUS":"BUKA","TANGGAL PENGUMPULAN":"Q1 2025","TANGGAL UPDATE":"27/02/2025"}},{"type":"Feature","geometry":{"coordinates":[110.3613166,-7.6635966],"type":"Point"},"properties":{"NAMA":"WARUNG EKEREKER KALIWARU","TIPE_1":"PERDAGANGAN DAN RETAIL","TIPE_2":"TOKO KELONTONG","TIPE_3":"-","TELEPON":"0813-2182-7255","ALAMAT":"NO.18, KENARUHAN, DONOKERTO, KEC. TURI, KABUPATEN SLEMAN, DAERAH ISTIMEWA YOGYAKARTA 55551","ID_PROV":34,"PROVINSI":"DAERAH ISTIMEWA YOGYAKARTA","ID_KABKOT":34.04,"KABKOT":"SLEMAN","ID_KEC":"34.04.15","KECAMATAN":"TURI","ID_DESA":"34.04.15.2002","DESA":"DONOKERTO","LONGITUDE":110.3613166,"LATITUDE":-7.6635966,"STATUS":"BUKA","TANGGAL PENGUMPULAN":"Q1 2025","TANGGAL UPDATE":"27/02/2025"}},{"type":"Feature","geometry":{"coordinates":[110.4054454,-7.5983778],"type":"Point"},"properties":{"NAMA":"WARUNG K24 KADIPIRO 24JAM","TIPE_1":"PERDAGANGAN DAN RETAIL","TIPE_2":"TOKO KELONTONG","TIPE_3":"-","TELEPON":"","ALAMAT":"KEMIRIKEBO, GIRIKERTO, KEC. TURI, KABUPATEN SLEMAN, DAERAH ISTIMEWA YOGYAKARTA 55551","ID_PROV":34,"PROVINSI":"DAERAH ISTIMEWA YOGYAKARTA","ID_KABKOT":34.04,"KABKOT":"SLEMAN","ID_KEC":"34.04.15","KECAMATAN":"TURI","ID_DESA":"34.04.15.2003","DESA":"GIRIKERTO","LONGITUDE":110.4054454,"LATITUDE":-7.5983778,"STATUS":"BUKA","TANGGAL PENGUMPULAN":"Q1 2025","TANGGAL UPDATE":"27/02/2025"}},{"type":"Feature","geometry":{"coordinates":[110.2907106,-7.730063],"type":"Point"},"properties":{"NAMA":"DM GROSIR SEMBAKO JOGJA MURAH","TIPE_1":"PERDAGANGAN DAN RETAIL","TIPE_2":"TOKO KELONTONG","TIPE_3":"-","TELEPON":"0812-1557-025","ALAMAT":"KURAHAN LOR, MARGODADI, KEC. SEYEGAN, KABUPATEN SLEMAN, DAERAH ISTIMEWA YOGYAKARTA 55561","ID_PROV":34,"PROVINSI":"DAERAH ISTIMEWA YOGYAKARTA","ID_KABKOT":34.04,"KABKOT":"SLEMAN","ID_KEC":"34.04.05","KECAMATAN":"SEYEGAN","ID_DESA":"34.04.05.2002","DESA":"MARGODADI","LONGITUDE":110.2907106,"LATITUDE":-7.730063,"STATUS":"BUKA","TANGGAL PENGUMPULAN":"Q1 2025","TANGGAL UPDATE":"27/02/2025"}},{"type":"Feature","geometry":{"coordinates":[110.4630902,-7.6186899],"type":"Point"},"properties":{"NAMA":"WARUNG KELONTONG LA TANSA","TIPE_1":"PERDAGANGAN DAN RETAIL","TIPE_2":"TOKO KELONTONG","TIPE_3":"-","TELEPON":"0815-4898-3845","ALAMAT":"SINGLAR, GLAGAHARJO, KEC. CANGKRINGAN, KABUPATEN SLEMAN, DAERAH ISTIMEWA YOGYAKARTA","ID_PROV":34,"PROVINSI":"DAERAH ISTIMEWA YOGYAKARTA","ID_KABKOT":34.04,"KABKOT":"SLEMAN","ID_KEC":"34.04.17","KECAMATAN":"CANGKRINGAN","ID_DESA":"34.04.17.2003","DESA":"GLAGAHARJO","LONGITUDE":110.4630902,"LATITUDE":-7.6186899,"STATUS":"BUKA","TANGGAL PENGUMPULAN":"Q1 2025","TANGGAL UPDATE":"27/02/2025"}},{"type":"Feature","geometry":{"coordinates":[110.3739584,-7.7673023],"type":"Point"},"properties":{"NAMA":"KIOS KELONTONG LANGGENG","TIPE_1":"PERDAGANGAN DAN RETAIL","TIPE_2":"TOKO KELONTONG","TIPE_3":"-","TELEPON":"0877-3974-0866","ALAMAT":"AREA KULINER SARDJITO, JL. KESEHATAN, SENDOWO, SINDUADI, KEC. MLATI, KABUPATEN SLEMAN, DAERAH ISTIMEWA YOGYAKARTA 55281","ID_PROV":34,"PROVINSI":"DAERAH ISTIMEWA YOGYAKARTA","ID_KABKOT":34.04,"KABKOT":"SLEMAN","ID_KEC":"34.04.06","KECAMATAN":"MLATI","ID_DESA":"34.04.06.2001","DESA":"SINDUADI","LONGITUDE":110.3739584,"LATITUDE":-7.7673023,"STATUS":"BUKA","TANGGAL PENGUMPULAN":"Q1 2025","TANGGAL UPDATE":"27/02/2025"}},{"type":"Feature","geometry":{"coordinates":[110.3739715,-7.7673076],"type":"Point"},"properties":{"NAMA":"TOKO KELONTONG MAHRIN DAN KOST BUDIYONO","TIPE_1":"PERDAGANGAN DAN RETAIL","TIPE_2":"TOKO KELONTONG","TIPE_3":"-","TELEPON":"0858-5243-5943","ALAMAT":"AREA KULINER SARDJITO, JL. KESEHATAN, SENDOWO, SINDUADI, KEC. MLATI, KABUPATEN SLEMAN, DAERAH ISTIMEWA YOGYAKARTA 55281","ID_PROV":34,"PROVINSI":"DAERAH ISTIMEWA YOGYAKARTA","ID_KABKOT":34.04,"KABKOT":"SLEMAN","ID_KEC":"34.04.06","KECAMATAN":"MLATI","ID_DESA":"34.04.06.2001","DESA":"SINDUADI","LONGITUDE":110.3739715,"LATITUDE":-7.7673076,"STATUS":"BUKA","TANGGAL PENGUMPULAN":"Q1 2025","TANGGAL UPDATE":"27/02/2025"}},{"type":"Feature","geometry":{"coordinates":[110.3740985,-7.7673676],"type":"Point"},"properties":{"NAMA":"WARUNG KELONTONG PAK AGUS TRI P18 MARGOREJO","TIPE_1":"PERDAGANGAN DAN RETAIL","TIPE_2":"TOKO KELONTONG","TIPE_3":"-","TELEPON":"0882-1601-8635","ALAMAT":"AREA KULINER SARDJITO, JL. KESEHATAN, SENDOWO, SINDUADI, KEC. MLATI, KABUPATEN SLEMAN, DAERAH ISTIMEWA YOGYAKARTA 55281","ID_PROV":34,"PROVINSI":"DAERAH ISTIMEWA YOGYAKARTA","ID_KABKOT":34.04,"KABKOT":"SLEMAN","ID_KEC":"34.04.06","KECAMATAN":"MLATI","ID_DESA":"34.04.06.2001","DESA":"SINDUADI","LONGITUDE":110.3740985,"LATITUDE":-7.7673676,"STATUS":"BUKA","TANGGAL PENGUMPULAN":"Q1 2025","TANGGAL UPDATE":"27/02/2025"}},{"type":"Feature","geometry":{"coordinates":[110.3292925,-7.7983074],"type":"Point"},"properties":{"NAMA":"WARUNG BU TUMINI","TIPE_1":"PERDAGANGAN DAN RETAIL","TIPE_2":"TOKO KELONTONG","TIPE_3":"-","TELEPON":"","ALAMAT":"AREA SAWAH, BANYURADEN, KEC. GAMPING, KABUPATEN SLEMAN, DAERAH ISTIMEWA YOGYAKARTA 55293","ID_PROV":34,"PROVINSI":"DAERAH ISTIMEWA YOGYAKARTA","ID_KABKOT":34.04,"KABKOT":"SLEMAN","ID_KEC":"34.04.01","KECAMATAN":"GAMPING","ID_DESA":"34.04.01.2003","DESA":"BANYURADEN","LONGITUDE":110.3292925,"LATITUDE":-7.7983074,"STATUS":"BUKA","TANGGAL PENGUMPULAN":"Q1 2025","TANGGAL UPDATE":"27/02/2025"}},{"type":"Feature","geometry":{"coordinates":[110.4168011,-7.6561307],"type":"Point"},"properties":{"NAMA":"WARUNG SEMBAKO NAFIS","TIPE_1":"PERDAGANGAN DAN RETAIL","TIPE_2":"TOKO KELONTONG","TIPE_3":"-","TELEPON":"","ALAMAT":"AREA SAWAH, PAKEMBINANGUN, KEC. PAKEM, KABUPATEN SLEMAN, DAERAH ISTIMEWA YOGYAKARTA 55582","ID_PROV":34,"PROVINSI":"DAERAH ISTIMEWA YOGYAKARTA","ID_KABKOT":34.04,"KABKOT":"SLEMAN","ID_KEC":"34.04.16","KECAMATAN":"PAKEM","ID_DESA":"34.04.16.2004","DESA":"PAKEMBINANGUN","LONGITUDE":110.4168011,"LATITUDE":-7.6561307,"STATUS":"BUKA","TANGGAL PENGUMPULAN":"Q1 2025","TANGGAL UPDATE":"27/02/2025"}},{"type":"Feature","geometry":{"coordinates":[110.2941472,-7.7592488],"type":"Point"},"properties":{"NAMA":"TOKO KELONTONG WIJAYA","TIPE_1":"PERDAGANGAN DAN RETAIL","TIPE_2":"TOKO KELONTONG","TIPE_3":"-","TELEPON":"","ALAMAT":"AREA SAWAH, SIDOAGUNG, KEC. GODEAN, KABUPATEN SLEMAN, DAERAH ISTIMEWA YOGYAKARTA 55264","ID_PROV":34,"PROVINSI":"DAERAH ISTIMEWA YOGYAKARTA","ID_KABKOT":34.04,"KABKOT":"SLEMAN","ID_KEC":"34.04.02","KECAMATAN":"GODEAN","ID_DESA":"34.04.02.2004","DESA":"SIDOAGUNG","LONGITUDE":110.2941472,"LATITUDE":-7.7592488,"STATUS":"BUKA","TANGGAL PENGUMPULAN":"Q1 2025","TANGGAL UPDATE":"27/02/2025"}},{"type":"Feature","geometry":{"coordinates":[110.3171097,-7.7830267],"type":"Point"},"properties":{"NAMA":"TOKO KELONTONG BU TIEN","TIPE_1":"PERDAGANGAN DAN RETAIL","TIPE_2":"TOKO KELONTONG","TIPE_3":"-","TELEPON":"0856-4335-4581","ALAMAT":"AREA SAWAH, SIDOARUM, KEC. GODEAN, KABUPATEN SLEMAN, DAERAH ISTIMEWA YOGYAKARTA 55264","ID_PROV":34,"PROVINSI":"DAERAH ISTIMEWA YOGYAKARTA","ID_KABKOT":34.04,"KABKOT":"SLEMAN","ID_KEC":"34.04.02","KECAMATAN":"GODEAN","ID_DESA":"34.04.02.2006","DESA":"SIDOARUM","LONGITUDE":110.3171097,"LATITUDE":-7.7830267,"STATUS":"BUKA","TANGGAL PENGUMPULAN":"Q1 2025","TANGGAL UPDATE":"27/02/2025"}},{"type":"Feature","geometry":{"coordinates":[110.3001937,-7.7843276],"type":"Point"},"properties":{"NAMA":"WARUNG SEMBAKO MBAK SUM","TIPE_1":"PERDAGANGAN DAN RETAIL","TIPE_2":"TOKO KELONTONG","TIPE_3":"-","TELEPON":"","ALAMAT":"AREA SAWAH, SIDOKARTO, KEC. GODEAN, KABUPATEN SLEMAN, DAERAH ISTIMEWA YOGYAKARTA 55264","ID_PROV":34,"PROVINSI":"DAERAH ISTIMEWA YOGYAKARTA","ID_KABKOT":34.04,"KABKOT":"SLEMAN","ID_KEC":"34.04.02","KECAMATAN":"GODEAN","ID_DESA":"34.04.02.2005","DESA":"SIDOKARTO","LONGITUDE":110.3001937,"LATITUDE":-7.7843276,"STATUS":"BUKA","TANGGAL PENGUMPULAN":"Q1 2025","TANGGAL UPDATE":"27/02/2025"}},{"type":"Feature","geometry":{"coordinates":[110.320324,-7.76476],"type":"Point"},"properties":{"NAMA":"TOKO TIFA WARUNG SAYUR DAN KELONTONG","TIPE_1":"PERDAGANGAN DAN RETAIL","TIPE_2":"TOKO KELONTONG","TIPE_3":"-","TELEPON":"0823-1019-2223","ALAMAT":"AREA SAWAH, SIDOMOYO, GODEAN, SLEMAN REGENCY, SPECIAL REGION OF YOGYAKARTA 55264","ID_PROV":34,"PROVINSI":"DAERAH ISTIMEWA YOGYAKARTA","ID_KABKOT":34.04,"KABKOT":"SLEMAN","ID_KEC":"34.04.02","KECAMATAN":"GODEAN","ID_DESA":"34.04.02.2007","DESA":"SIDOMOYO","LONGITUDE":110.320324,"LATITUDE":-7.76476,"STATUS":"BUKA","TANGGAL PENGUMPULAN":"Q1 2025","TANGGAL UPDATE":"27/02/2025"}},{"type":"Feature","geometry":{"coordinates":[110.2709577,-7.7487237],"type":"Point"},"properties":{"NAMA":"ZIKI SEMBAKO","TIPE_1":"PERDAGANGAN DAN RETAIL","TIPE_2":"TOKO KELONTONG","TIPE_3":"-","TELEPON":"0838-6725-4350","ALAMAT":"AREA SAWAH, SIDOREJO, KEC. GODEAN, KABUPATEN SLEMAN, DAERAH ISTIMEWA YOGYAKARTA 55264","ID_PROV":34,"PROVINSI":"DAERAH ISTIMEWA YOGYAKARTA","ID_KABKOT":34.04,"KABKOT":"SLEMAN","ID_KEC":"34.04.02","KECAMATAN":"GODEAN","ID_DESA":"34.04.02.2001","DESA":"SIDOREJO","LONGITUDE":110.2709577,"LATITUDE":-7.7487237,"STATUS":"BUKA","TANGGAL PENGUMPULAN":"Q1 2025","TANGGAL UPDATE":"27/02/2025"}},{"type":"Feature","geometry":{"coordinates":[110.2364476,-7.7556749],"type":"Point"},"properties":{"NAMA":"TOKO KELONTONG BU ELIS","TIPE_1":"PERDAGANGAN DAN RETAIL","TIPE_2":"TOKO KELONTONG","TIPE_3":"-","TELEPON":"","ALAMAT":"AREA SAWAH, SUMBERARUM, KEC. MOYUDAN, KABUPATEN SLEMAN, DAERAH ISTIMEWA YOGYAKARTA 55563","ID_PROV":34,"PROVINSI":"DAERAH ISTIMEWA YOGYAKARTA","ID_KABKOT":34.04,"KABKOT":"SLEMAN","ID_KEC":"34.04.03","KECAMATAN":"MOYUDAN","ID_DESA":"34.04.03.2004","DESA":"SUMBERARUM","LONGITUDE":110.2364476,"LATITUDE":-7.7556749,"STATUS":"BUKA","TANGGAL PENGUMPULAN":"Q1 2025","TANGGAL UPDATE":"27/02/2025"}},{"type":"Feature","geometry":{"coordinates":[110.2889884,-7.6852707],"type":"Point"},"properties":{"NAMA":"WARUNG KELONTONG","TIPE_1":"PERDAGANGAN DAN RETAIL","TIPE_2":"TOKO KELONTONG","TIPE_3":"-","TELEPON":"","ALAMAT":"AREA SAWAH, SUMBEREJO, KEC. TEMPEL, KABUPATEN SLEMAN, DAERAH ISTIMEWA YOGYAKARTA 55552","ID_PROV":34,"PROVINSI":"DAERAH ISTIMEWA YOGYAKARTA","ID_KABKOT":34.04,"KABKOT":"SLEMAN","ID_KEC":"34.04.14","KECAMATAN":"TEMPEL","ID_DESA":"34.04.14.2003","DESA":"SUMBERREJO","LONGITUDE":110.2889884,"LATITUDE":-7.6852707,"STATUS":"BUKA","TANGGAL PENGUMPULAN":"Q1 2025","TANGGAL UPDATE":"27/02/2025"}},{"type":"Feature","geometry":{"coordinates":[110.3006614,-7.6698385],"type":"Point"},"properties":{"NAMA":"WARUNG SEMBAKO WARINI","TIPE_1":"PERDAGANGAN DAN RETAIL","TIPE_2":"TOKO KELONTONG","TIPE_3":"-","TELEPON":"0818-0267-6988","ALAMAT":"AREA SAWAH, SUMBEREJO, KEC. TEMPEL, KABUPATEN SLEMAN, DAERAH ISTIMEWA YOGYAKARTA 55552","ID_PROV":34,"PROVINSI":"DAERAH ISTIMEWA YOGYAKARTA","ID_KABKOT":34.04,"KABKOT":"SLEMAN","ID_KEC":"34.04.14","KECAMATAN":"TEMPEL","ID_DESA":"34.04.14.2004","DESA":"PONDOKREJO","LONGITUDE":110.3006614,"LATITUDE":-7.6698385,"STATUS":"BUKA","TANGGAL PENGUMPULAN":"Q1 2025","TANGGAL UPDATE":"27/02/2025"}},{"type":"Feature","geometry":{"coordinates":[110.3317868,-7.7394255],"type":"Point"},"properties":{"NAMA":"KIOS SEMBAKO BERKAT","TIPE_1":"PERDAGANGAN DAN RETAIL","TIPE_2":"TOKO KELONTONG","TIPE_3":"-","TELEPON":"","ALAMAT":"AREA SAWAH, TIRTOADI, KEC. MLATI, KABUPATEN SLEMAN, DAERAH ISTIMEWA YOGYAKARTA 55287","ID_PROV":34,"PROVINSI":"DAERAH ISTIMEWA YOGYAKARTA","ID_KABKOT":34.04,"KABKOT":"SLEMAN","ID_KEC":"34.04.06","KECAMATAN":"MLATI","ID_DESA":"34.04.06.2003","DESA":"TLOGOADI","LONGITUDE":110.3317868,"LATITUDE":-7.7394255,"STATUS":"BUKA","TANGGAL PENGUMPULAN":"Q1 2025","TANGGAL UPDATE":"27/02/2025"}},{"type":"Feature","geometry":{"coordinates":[110.3433624,-7.7294376],"type":"Point"},"properties":{"NAMA":"TOKO KELONTONG SRC FERI","TIPE_1":"PERDAGANGAN DAN RETAIL","TIPE_2":"TOKO KELONTONG","TIPE_3":"-","TELEPON":"","ALAMAT":"AREA SAWAH, TLOGOADI, KEC. MLATI, KABUPATEN SLEMAN, DAERAH ISTIMEWA YOGYAKARTA 55286","ID_PROV":34,"PROVINSI":"DAERAH ISTIMEWA YOGYAKARTA","ID_KABKOT":34.04,"KABKOT":"SLEMAN","ID_KEC":"34.04.06","KECAMATAN":"MLATI","ID_DESA":"34.04.06.2003","DESA":"TLOGOADI","LONGITUDE":110.3433624,"LATITUDE":-7.7294376,"STATUS":"BUKA","TANGGAL PENGUMPULAN":"Q1 2025","TANGGAL UPDATE":"27/02/2025"}},{"type":"Feature","geometry":{"coordinates":[110.4597968,-7.7429155],"type":"Point"},"properties":{"NAMA":"WARUNG MBOK LAH","TIPE_1":"PERDAGANGAN DAN RETAIL","TIPE_2":"TOKO KELONTONG","TIPE_3":"-","TELEPON":"","ALAMAT":"BABADAN, PURWOMARTANI, KEC. KALASAN, KABUPATEN SLEMAN, DAERAH ISTIMEWA YOGYAKARTA 55571","ID_PROV":34,"PROVINSI":"DAERAH ISTIMEWA YOGYAKARTA","ID_KABKOT":34.04,"KABKOT":"SLEMAN","ID_KEC":"34.04.10","KECAMATAN":"KALASAN","ID_DESA":"34.04.10.2001","DESA":"PURWOMARTANI","LONGITUDE":110.4597968,"LATITUDE":-7.7429155,"STATUS":"BUKA","TANGGAL PENGUMPULAN":"Q1 2025","TANGGAL UPDATE":"27/02/2025"}},{"type":"Feature","geometry":{"coordinates":[110.2359494,-7.7201236],"type":"Point"},"properties":{"NAMA":"TOKO KELONTONG DAN MEBEL BU RINI","TIPE_1":"PERDAGANGAN DAN RETAIL","TIPE_2":"TOKO KELONTONG","TIPE_3":"-","TELEPON":"0812-2840-5101","ALAMAT":"BABADAN4,03/09, BABADAN, SENDANGAGUNG, KEC. MINGGIR, KABUPATEN SLEMAN, DAERAH ISTIMEWA YOGYAKARTA 55562","ID_PROV":34,"PROVINSI":"DAERAH ISTIMEWA YOGYAKARTA","ID_KABKOT":34.04,"KABKOT":"SLEMAN","ID_KEC":"34.04.04","KECAMATAN":"MINGGIR","ID_DESA":"34.04.04.2003","DESA":"SENDANGAGUNG","LONGITUDE":110.2359494,"LATITUDE":-7.7201236,"STATUS":"BUKA","TANGGAL PENGUMPULAN":"Q1 2025","TANGGAL UPDATE":"27/02/2025"}},{"type":"Feature","geometry":{"coordinates":[110.4146184,-7.7279774],"type":"Point"},"properties":{"NAMA":"TOKO ROKHAYATI","TIPE_1":"PERDAGANGAN DAN RETAIL","TIPE_2":"TOKO KELONTONG","TIPE_3":"-","TELEPON":"","ALAMAT":"BAKUNGAN, WEDOMARTANI, KEC. NGEMPLAK, KABUPATEN SLEMAN, DAERAH ISTIMEWA YOGYAKARTA 55584","ID_PROV":34,"PROVINSI":"DAERAH ISTIMEWA YOGYAKARTA","ID_KABKOT":34.04,"KABKOT":"SLEMAN","ID_KEC":"34.04.11","KECAMATAN":"NGEMPLAK","ID_DESA":"34.04.11.2004","DESA":"WEDOMARTANI","LONGITUDE":110.4146184,"LATITUDE":-7.7279774,"STATUS":"BUKA","TANGGAL PENGUMPULAN":"Q1 2025","TANGGAL UPDATE":"27/02/2025"}},{"type":"Feature","geometry":{"coordinates":[110.4260724,-7.6547972],"type":"Point"},"properties":{"NAMA":"WARUNG SEMBAKO MBAH MAMI","TIPE_1":"PERDAGANGAN DAN RETAIL","TIPE_2":"TOKO KELONTONG","TIPE_3":"-","TELEPON":"","ALAMAT":"BALONG, PAKEMBINANGUN, KEC. PAKEM, KABUPATEN SLEMAN, DAERAH ISTIMEWA YOGYAKARTA 55582","ID_PROV":34,"PROVINSI":"DAERAH ISTIMEWA YOGYAKARTA","ID_KABKOT":34.04,"KABKOT":"SLEMAN","ID_KEC":"34.04.16","KECAMATAN":"PAKEM","ID_DESA":"34.04.16.2004","DESA":"PAKEMBINANGUN","LONGITUDE":110.4260724,"LATITUDE":-7.6547972,"STATUS":"BUKA","TANGGAL PENGUMPULAN":"Q1 2025","TANGGAL UPDATE":"27/02/2025"}},{"type":"Feature","geometry":{"coordinates":[110.2533273,-7.7130934],"type":"Point"},"properties":{"NAMA":"ROKOK ST SEHAT TENTREM TOKO BU YATI SKJ","TIPE_1":"PERDAGANGAN DAN RETAIL","TIPE_2":"TOKO KELONTONG","TIPE_3":"-","TELEPON":"0858-6664-64495","ALAMAT":"BANDAN, RT.03/RW.015, PARAKAN KULON, SENDANGSARI, KEC. MINGGIR, KABUPATEN SLEMAN, DAERAH ISTIMEWA YOGYAKARTA 55562","ID_PROV":34,"PROVINSI":"DAERAH ISTIMEWA YOGYAKARTA","ID_KABKOT":34.04,"KABKOT":"SLEMAN","ID_KEC":"34.04.04","KECAMATAN":"MINGGIR","ID_DESA":"34.04.04.2004","DESA":"SENDANGSARI","LONGITUDE":110.2533273,"LATITUDE":-7.7130934,"STATUS":"BUKA","TANGGAL PENGUMPULAN":"Q1 2025","TANGGAL UPDATE":"27/02/2025"}},{"type":"Feature","geometry":{"coordinates":[110.3683066,-7.662223],"type":"Point"},"properties":{"NAMA":"ALIMA SWALAYAN & GROSIR","TIPE_1":"PERDAGANGAN DAN RETAIL","TIPE_2":"TOKO KELONTONG","TIPE_3":"-","TELEPON":"0818-0407-6345","ALAMAT":"BANDARAN, DONOKERTO, KEC. TURI, KABUPATEN SLEMAN, DAERAH ISTIMEWA YOGYAKARTA 55551","ID_PROV":34,"PROVINSI":"DAERAH ISTIMEWA YOGYAKARTA","ID_KABKOT":34.04,"KABKOT":"SLEMAN","ID_KEC":"34.04.15","KECAMATAN":"TURI","ID_DESA":"34.04.15.2002","DESA":"DONOKERTO","LONGITUDE":110.3683066,"LATITUDE":-7.662223,"STATUS":"BUKA","TANGGAL PENGUMPULAN":"Q1 2025","TANGGAL UPDATE":"27/02/2025"}},{"type":"Feature","geometry":{"coordinates":[110.3695572,-7.6610723],"type":"Point"},"properties":{"NAMA":"KIOS SEMBAKO BU YANTI TEMPEL","TIPE_1":"PERDAGANGAN DAN RETAIL","TIPE_2":"TOKO KELONTONG","TIPE_3":"-","TELEPON":"0812-2703-484","ALAMAT":"BANDARAN, DONOKERTO, TURI, SLEMAN REGENCY, SPECIAL REGION OF YOGYAKARTA 55551","ID_PROV":34,"PROVINSI":"DAERAH ISTIMEWA YOGYAKARTA","ID_KABKOT":34.04,"KABKOT":"SLEMAN","ID_KEC":"34.04.15","KECAMATAN":"TURI","ID_DESA":"34.04.15.2002","DESA":"DONOKERTO","LONGITUDE":110.3695572,"LATITUDE":-7.6610723,"STATUS":"BUKA","TANGGAL PENGUMPULAN":"Q1 2025","TANGGAL UPDATE":"27/02/2025"}},{"type":"Feature","geometry":{"coordinates":[110.461148,-7.8225358],"type":"Point"},"properties":{"NAMA":"TOKO SRI REJEKI","TIPE_1":"PERDAGANGAN DAN RETAIL","TIPE_2":"TOKO KELONTONG","TIPE_3":"-","TELEPON":"0818-0617-8000","ALAMAT":"BANGKEL NO.RT 04, BANGKIL, SRIMULYO, KEC. PIYUNGAN, YOGYAKARTA, DAERAH ISTIMEWA YOGYAKARTA 55792","ID_PROV":34,"PROVINSI":"DAERAH ISTIMEWA YOGYAKARTA","ID_KABKOT":34.04,"KABKOT":"SLEMAN","ID_KEC":"34.04.08","KECAMATAN":"BERBAH","ID_DESA":"34.04.08.2004","DESA":"JOGOTIRTO","LONGITUDE":110.461148,"LATITUDE":-7.8225358,"STATUS":"BUKA","TANGGAL PENGUMPULAN":"Q1 2025","TANGGAL UPDATE":"27/02/2025"}},{"type":"Feature","geometry":{"coordinates":[110.3889225,-7.622874],"type":"Point"},"properties":{"NAMA":"KIOS SEMBAKO PAIKEM","TIPE_1":"PERDAGANGAN DAN RETAIL","TIPE_2":"TOKO KELONTONG","TIPE_3":"-","TELEPON":"","ALAMAT":"BANGUNMULYO, GIRIKERTO, KEC. TURI, KABUPATEN SLEMAN, DAERAH ISTIMEWA YOGYAKARTA 55551","ID_PROV":34,"PROVINSI":"DAERAH ISTIMEWA YOGYAKARTA","ID_KABKOT":34.04,"KABKOT":"SLEMAN","ID_KEC":"34.04.15","KECAMATAN":"TURI","ID_DESA":"34.04.15.2003","DESA":"GIRIKERTO","LONGITUDE":110.3889225,"LATITUDE":-7.622874,"STATUS":"BUKA","TANGGAL PENGUMPULAN":"Q1 2025","TANGGAL UPDATE":"27/02/2025"}},{"type":"Feature","geometry":{"coordinates":[110.3396365,-7.6347852],"type":"Point"},"properties":{"NAMA":"LAPAK KELONTONG SEMBAKO BU YATI JILAN","TIPE_1":"PERDAGANGAN DAN RETAIL","TIPE_2":"TOKO KELONTONG","TIPE_3":"-","TELEPON":"0899-5471-059","ALAMAT":"BANGUNREJO, MERDIKOREJO, TEMPEL, SLEMAN REGENCY, SPECIAL REGION OF YOGYAKARTA 55552","ID_PROV":34,"PROVINSI":"DAERAH ISTIMEWA YOGYAKARTA","ID_KABKOT":34.04,"KABKOT":"SLEMAN","ID_KEC":"34.04.14","KECAMATAN":"TEMPEL","ID_DESA":"34.04.14.2008","DESA":"MERDIKOREJO","LONGITUDE":110.3396365,"LATITUDE":-7.6347852,"STATUS":"BUKA","TANGGAL PENGUMPULAN":"Q1 2025","TANGGAL UPDATE":"27/02/2025"}},{"type":"Feature","geometry":{"coordinates":[110.360544,-7.6466726],"type":"Point"},"properties":{"NAMA":"TOKO BU SUMIYATI","TIPE_1":"PERDAGANGAN DAN RETAIL","TIPE_2":"TOKO KELONTONG","TIPE_3":"-","TELEPON":"","ALAMAT":"BANGUNSARI, BANGUN KERTO, KEC. TURI, KABUPATEN SLEMAN, DAERAH ISTIMEWA YOGYAKARTA 55551","ID_PROV":34,"PROVINSI":"DAERAH ISTIMEWA YOGYAKARTA","ID_KABKOT":34.04,"KABKOT":"SLEMAN","ID_KEC":"34.04.15","KECAMATAN":"TURI","ID_DESA":"34.04.15.2001","DESA":"BANGUNKERTO","LONGITUDE":110.360544,"LATITUDE":-7.6466726,"STATUS":"BUKA","TANGGAL PENGUMPULAN":"Q1 2025","TANGGAL UPDATE":"27/02/2025"}},{"type":"Feature","geometry":{"coordinates":[110.3847875,-7.7046624],"type":"Point"},"properties":{"NAMA":"RUMAH ASKA RAHMA","TIPE_1":"PERDAGANGAN DAN RETAIL","TIPE_2":"TOKO KELONTONG","TIPE_3":"-","TELEPON":"","ALAMAT":"BANTARJO, DONOHARJO, KEC. NGAGLIK, KABUPATEN SLEMAN, DAERAH ISTIMEWA YOGYAKARTA 55581","ID_PROV":34,"PROVINSI":"DAERAH ISTIMEWA YOGYAKARTA","ID_KABKOT":34.04,"KABKOT":"SLEMAN","ID_KEC":"34.04.12","KECAMATAN":"NGAGLIK","ID_DESA":"34.04.12.2006","DESA":"DONOHARJO","LONGITUDE":110.3847875,"LATITUDE":-7.7046624,"STATUS":"BUKA","TANGGAL PENGUMPULAN":"Q1 2025","TANGGAL UPDATE":"27/02/2025"}},{"type":"Feature","geometry":{"coordinates":[110.4262366,-7.6171231],"type":"Point"},"properties":{"NAMA":"TOKO BU SRI","TIPE_1":"PERDAGANGAN DAN RETAIL","TIPE_2":"TOKO KELONTONG","TIPE_3":"-","TELEPON":"","ALAMAT":"BANTENG, HARGOBINANGUN, KEC. PAKEM, KABUPATEN SLEMAN, DAERAH ISTIMEWA YOGYAKARTA 55582","ID_PROV":34,"PROVINSI":"DAERAH ISTIMEWA YOGYAKARTA","ID_KABKOT":34.04,"KABKOT":"SLEMAN","ID_KEC":"34.04.16","KECAMATAN":"PAKEM","ID_DESA":"34.04.16.2005","DESA":"HARGOBINANGUN","LONGITUDE":110.4262366,"LATITUDE":-7.6171231,"STATUS":"BUKA","TANGGAL PENGUMPULAN":"Q1 2025","TANGGAL UPDATE":"27/02/2025"}},{"type":"Feature","geometry":{"coordinates":[110.4054337,-7.7849083],"type":"Point"},"properties":{"NAMA":"TOKO BU ERMI","TIPE_1":"PERDAGANGAN DAN RETAIL","TIPE_2":"TOKO KELONTONG","TIPE_3":"-","TELEPON":"0877-3293-0370","ALAMAT":"BANTULAN, RT.01 RW01/RW.NO. 30, JANTI, KEC. DEPOK, KABUPATEN SLEMAN, DAERAH ISTIMEWA YOGYAKARTA 55281","ID_PROV":34,"PROVINSI":"DAERAH ISTIMEWA YOGYAKARTA","ID_KABKOT":34.04,"KABKOT":"SLEMAN","ID_KEC":"34.04.07","KECAMATAN":"DEPOK","ID_DESA":"34.04.07.2001","DESA":"CATURTUNGGAL","LONGITUDE":110.4054337,"LATITUDE":-7.7849083,"STATUS":"BUKA","TANGGAL PENGUMPULAN":"Q1 2025","TANGGAL UPDATE":"27/02/2025"}},{"type":"Feature","geometry":{"coordinates":[110.3416253,-7.7880664],"type":"Point"},"properties":{"NAMA":"TOKO KELONTONG DAN PERTANIAN","TIPE_1":"PERDAGANGAN DAN RETAIL","TIPE_2":"TOKO KELONTONG","TIPE_3":"-","TELEPON":"","ALAMAT":"BANYUMENENG RT 16/04, BANYURADEN, KEC. GAMPING, KABUPATEN SLEMAN, DAERAH ISTIMEWA YOGYAKARTA 55293","ID_PROV":34,"PROVINSI":"DAERAH ISTIMEWA YOGYAKARTA","ID_KABKOT":34.04,"KABKOT":"SLEMAN","ID_KEC":"34.04.01","KECAMATAN":"GAMPING","ID_DESA":"34.04.01.2003","DESA":"BANYURADEN","LONGITUDE":110.3416253,"LATITUDE":-7.7880664,"STATUS":"BUKA","TANGGAL PENGUMPULAN":"Q1 2025","TANGGAL UPDATE":"27/02/2025"}},{"type":"Feature","geometry":{"coordinates":[110.3439535,-7.7868283],"type":"Point"},"properties":{"NAMA":"TOKO BU SUKINI","TIPE_1":"PERDAGANGAN DAN RETAIL","TIPE_2":"TOKO KELONTONG","TIPE_3":"-","TELEPON":"","ALAMAT":"BANYUMENENG, BANYURADEN, KEC. GAMPING, KABUPATEN SLEMAN, DAERAH ISTIMEWA YOGYAKARTA 55293","ID_PROV":34,"PROVINSI":"DAERAH ISTIMEWA YOGYAKARTA","ID_KABKOT":34.04,"KABKOT":"SLEMAN","ID_KEC":"34.04.01","KECAMATAN":"GAMPING","ID_DESA":"34.04.01.2003","DESA":"BANYURADEN","LONGITUDE":110.3439535,"LATITUDE":-7.7868283,"STATUS":"BUKA","TANGGAL PENGUMPULAN":"Q1 2025","TANGGAL UPDATE":"27/02/2025"}},{"type":"Feature","geometry":{"coordinates":[110.3431207,-7.7874591],"type":"Point"},"properties":{"NAMA":"WARUNG SEMBAKO AMANAH AMR2","TIPE_1":"PERDAGANGAN DAN RETAIL","TIPE_2":"TOKO KELONTONG","TIPE_3":"-","TELEPON":"","ALAMAT":"BANYUMENENG, BANYURADEN, KEC. GAMPING, KABUPATEN SLEMAN, DAERAH ISTIMEWA YOGYAKARTA 55293","ID_PROV":34,"PROVINSI":"DAERAH ISTIMEWA YOGYAKARTA","ID_KABKOT":34.04,"KABKOT":"SLEMAN","ID_KEC":"34.04.01","KECAMATAN":"GAMPING","ID_DESA":"34.04.01.2003","DESA":"BANYURADEN","LONGITUDE":110.3431207,"LATITUDE":-7.7874591,"STATUS":"BUKA","TANGGAL PENGUMPULAN":"Q1 2025","TANGGAL UPDATE":"27/02/2025"}},{"type":"Feature","geometry":{"coordinates":[110.3065727,-7.7116065],"type":"Point"},"properties":{"NAMA":"TOKO SEMBAKO","TIPE_1":"PERDAGANGAN DAN RETAIL","TIPE_2":"TOKO KELONTONG","TIPE_3":"-","TELEPON":"0813-9211-1222","ALAMAT":"BAREPAN, MARGOAGUNG, KEC. SEYEGAN, KABUPATEN SLEMAN, DAERAH ISTIMEWA YOGYAKARTA 55561","ID_PROV":34,"PROVINSI":"DAERAH ISTIMEWA YOGYAKARTA","ID_KABKOT":34.04,"KABKOT":"SLEMAN","ID_KEC":"34.04.05","KECAMATAN":"SEYEGAN","ID_DESA":"34.04.05.2005","DESA":"MARGOAGUNG","LONGITUDE":110.3065727,"LATITUDE":-7.7116065,"STATUS":"BUKA","TANGGAL PENGUMPULAN":"Q1 2025","TANGGAL UPDATE":"27/02/2025"}},{"type":"Feature","geometry":{"coordinates":[110.3053978,-7.7449189],"type":"Point"},"properties":{"NAMA":"TOKO AMALIA","TIPE_1":"PERDAGANGAN DAN RETAIL","TIPE_2":"TOKO KELONTONG","TIPE_3":"-","TELEPON":"","ALAMAT":"BASAK I, MARGOLUWIH, KEC. SEYEGAN, KABUPATEN SLEMAN, DAERAH ISTIMEWA YOGYAKARTA 55561","ID_PROV":34,"PROVINSI":"DAERAH ISTIMEWA YOGYAKARTA","ID_KABKOT":34.04,"KABKOT":"SLEMAN","ID_KEC":"34.04.05","KECAMATAN":"SEYEGAN","ID_DESA":"34.04.05.2001","DESA":"MARGOLUWIH","LONGITUDE":110.3053978,"LATITUDE":-7.7449189,"STATUS":"BUKA","TANGGAL PENGUMPULAN":"Q1 2025","TANGGAL UPDATE":"27/02/2025"}},{"type":"Feature","geometry":{"coordinates":[110.3601821,-7.6455548],"type":"Point"},"properties":{"NAMA":"TOKO ALFARIZKI","TIPE_1":"PERDAGANGAN DAN RETAIL","TIPE_2":"TOKO KELONTONG","TIPE_3":"-","TELEPON":"","ALAMAT":"BAYEMAN, RT.5/RW.22, KELOR, BANGUN KERTO, KEC. TURI, KABUPATEN SLEMAN, DAERAH ISTIMEWA YOGYAKARTA 55551","ID_PROV":34,"PROVINSI":"DAERAH ISTIMEWA YOGYAKARTA","ID_KABKOT":34.04,"KABKOT":"SLEMAN","ID_KEC":"34.04.15","KECAMATAN":"TURI","ID_DESA":"34.04.15.2001","DESA":"BANGUNKERTO","LONGITUDE":110.3601821,"LATITUDE":-7.6455548,"STATUS":"BUKA","TANGGAL PENGUMPULAN":"Q1 2025","TANGGAL UPDATE":"27/02/2025"}},{"type":"Feature","geometry":{"coordinates":[110.4603651,-7.7490909],"type":"Point"},"properties":{"NAMA":"WARUNG MBAK NANA","TIPE_1":"PERDAGANGAN DAN RETAIL","TIPE_2":"TOKO KELONTONG","TIPE_3":"-","TELEPON":"0812-2562-3750","ALAMAT":"BAYEN RT 02, RT.2/RW.01, PURWOMARTANI, KEC. KALASAN, KABUPATEN SLEMAN, DAERAH ISTIMEWA YOGYAKARTA 55571","ID_PROV":34,"PROVINSI":"DAERAH ISTIMEWA YOGYAKARTA","ID_KABKOT":34.04,"KABKOT":"SLEMAN","ID_KEC":"34.04.10","KECAMATAN":"KALASAN","ID_DESA":"34.04.10.2001","DESA":"PURWOMARTANI","LONGITUDE":110.4603651,"LATITUDE":-7.7490909,"STATUS":"BUKA","TANGGAL PENGUMPULAN":"Q1 2025","TANGGAL UPDATE":"27/02/2025"}},{"type":"Feature","geometry":{"coordinates":[110.3750049,-7.6341507],"type":"Point"},"properties":{"NAMA":"TOKO BU TRI","TIPE_1":"PERDAGANGAN DAN RETAIL","TIPE_2":"TOKO KELONTONG","TIPE_3":"-","TELEPON":"","ALAMAT":"BECICI, WONO KERTO, KEC. TURI, KABUPATEN SLEMAN, DAERAH ISTIMEWA YOGYAKARTA 55551","ID_PROV":34,"PROVINSI":"DAERAH ISTIMEWA YOGYAKARTA","ID_KABKOT":34.04,"KABKOT":"SLEMAN","ID_KEC":"34.04.15","KECAMATAN":"TURI","ID_DESA":"34.04.15.2004","DESA":"WONOKERTO","LONGITUDE":110.3750049,"LATITUDE":-7.6341507,"STATUS":"BUKA","TANGGAL PENGUMPULAN":"Q1 2025","TANGGAL UPDATE":"27/02/2025"}},{"type":"Feature","geometry":{"coordinates":[110.3192097,-7.7311995],"type":"Point"},"properties":{"NAMA":"WARUNG MBOK NYI","TIPE_1":"PERDAGANGAN DAN RETAIL","TIPE_2":"TOKO KELONTONG","TIPE_3":"-","TELEPON":"0813-8950-0904","ALAMAT":"BEDINGIN, SUMBERADI, MLATI, SLEMAN REGENCY, SPECIAL REGION OF YOGYAKARTA 55288","ID_PROV":34,"PROVINSI":"DAERAH ISTIMEWA YOGYAKARTA","ID_KABKOT":34.04,"KABKOT":"SLEMAN","ID_KEC":"34.04.06","KECAMATAN":"MLATI","ID_DESA":"34.04.06.2005","DESA":"SUMBERADI","LONGITUDE":110.3192097,"LATITUDE":-7.7311995,"STATUS":"BUKA","TANGGAL PENGUMPULAN":"Q1 2025","TANGGAL UPDATE":"27/02/2025"}},{"type":"Feature","geometry":{"coordinates":[110.4109294,-7.6901128],"type":"Point"},"properties":{"NAMA":"TOKO FITRI","TIPE_1":"PERDAGANGAN DAN RETAIL","TIPE_2":"TOKO KELONTONG","TIPE_3":"-","TELEPON":"0857-2610-4181","ALAMAT":"BELAKANG FAKULTAS MIPA UII, DUSUNJL. NGLANJARANCANDIREJO, CANDIREJO, SARDONOHARJO, KEC. NGAGLIK, KABUPATEN SLEMAN, DAERAH ISTIMEWA YOGYAKARTA 55581","ID_PROV":34,"PROVINSI":"DAERAH ISTIMEWA YOGYAKARTA","ID_KABKOT":34.04,"KABKOT":"SLEMAN","ID_KEC":"34.04.12","KECAMATAN":"NGAGLIK","ID_DESA":"34.04.12.2005","DESA":"SARDONOHARJO","LONGITUDE":110.4109294,"LATITUDE":-7.6901128,"STATUS":"BUKA","TANGGAL PENGUMPULAN":"Q1 2025","TANGGAL UPDATE":"27/02/2025"}},{"type":"Feature","geometry":{"coordinates":[110.4813806,-7.8023642],"type":"Point"},"properties":{"NAMA":"TOKO","TIPE_1":"PERDAGANGAN DAN RETAIL","TIPE_2":"TOKO KELONTONG","TIPE_3":"-","TELEPON":"0815-7856-8931","ALAMAT":"BELORAN, RT./RW/RW.02/16, BELORAN, MADUREJO, KEC. PRAMBANAN, KABUPATEN SLEMAN, DAERAH ISTIMEWA YOGYAKARTA 55572","ID_PROV":34,"PROVINSI":"DAERAH ISTIMEWA YOGYAKARTA","ID_KABKOT":34.04,"KABKOT":"SLEMAN","ID_KEC":"34.04.09","KECAMATAN":"PRAMBANAN","ID_DESA":"34.04.09.2005","DESA":"MADUREJO","LONGITUDE":110.4813806,"LATITUDE":-7.8023642,"STATUS":"BUKA","TANGGAL PENGUMPULAN":"Q1 2025","TANGGAL UPDATE":"27/02/2025"}},{"type":"Feature","geometry":{"coordinates":[110.3223435,-7.747267],"type":"Point"},"properties":{"NAMA":"TOKO SRI BALI 2","TIPE_1":"PERDAGANGAN DAN RETAIL","TIPE_2":"TOKO KELONTONG","TIPE_3":"-","TELEPON":"","ALAMAT":"BELURAN, SIDOMOYO, KEC. GODEAN, KABUPATEN SLEMAN, DAERAH ISTIMEWA YOGYAKARTA 55264","ID_PROV":34,"PROVINSI":"DAERAH ISTIMEWA YOGYAKARTA","ID_KABKOT":34.04,"KABKOT":"SLEMAN","ID_KEC":"34.04.02","KECAMATAN":"GODEAN","ID_DESA":"34.04.02.2007","DESA":"SIDOMOYO","LONGITUDE":110.3223435,"LATITUDE":-7.747267,"STATUS":"BUKA","TANGGAL PENGUMPULAN":"Q1 2025","TANGGAL UPDATE":"27/02/2025"}},{"type":"Feature","geometry":{"coordinates":[110.4743305,-7.7607256],"type":"Point"},"properties":{"NAMA":"WARUNG PAK SATIMIN","TIPE_1":"PERDAGANGAN DAN RETAIL","TIPE_2":"TOKO KELONTONG","TIPE_3":"-","TELEPON":"0852-6601-7498","ALAMAT":"BENDAN 007/023, BENDAN, TIRTOMARTANI, KEC. KALASAN, KABUPATEN SLEMAN, DAERAH ISTIMEWA YOGYAKARTA 55571","ID_PROV":34,"PROVINSI":"DAERAH ISTIMEWA YOGYAKARTA","ID_KABKOT":34.04,"KABKOT":"SLEMAN","ID_KEC":"34.04.10","KECAMATAN":"KALASAN","ID_DESA":"34.04.10.2002","DESA":"TIRTOMARTANI","LONGITUDE":110.4743305,"LATITUDE":-7.7607256,"STATUS":"BUKA","TANGGAL PENGUMPULAN":"Q1 2025","TANGGAL UPDATE":"27/02/2025"}},{"type":"Feature","geometry":{"coordinates":[110.4737902,-7.7599022],"type":"Point"},"properties":{"NAMA":"TOKO AULYA","TIPE_1":"PERDAGANGAN DAN RETAIL","TIPE_2":"TOKO KELONTONG","TIPE_3":"-","TELEPON":"0812-2616-3380","ALAMAT":"BENDAN, TIRTOMARTANI, KEC. KALASAN, KABUPATEN SLEMAN, DAERAH ISTIMEWA YOGYAKARTA 55571","ID_PROV":34,"PROVINSI":"DAERAH ISTIMEWA YOGYAKARTA","ID_KABKOT":34.04,"KABKOT":"SLEMAN","ID_KEC":"34.04.10","KECAMATAN":"KALASAN","ID_DESA":"34.04.10.2002","DESA":"TIRTOMARTANI","LONGITUDE":110.4737902,"LATITUDE":-7.7599022,"STATUS":"BUKA","TANGGAL PENGUMPULAN":"Q1 2025","TANGGAL UPDATE":"27/02/2025"}},{"type":"Feature","geometry":{"coordinates":[110.5009452,-7.8056105],"type":"Point"},"properties":{"NAMA":"TOKO PUTRI","TIPE_1":"PERDAGANGAN DAN RETAIL","TIPE_2":"TOKO KELONTONG","TIPE_3":"-","TELEPON":"","ALAMAT":"BENDUNGAN, SUMBERHARJO, KEC. PRAMBANAN, KABUPATEN SLEMAN, DAERAH ISTIMEWA YOGYAKARTA 55572","ID_PROV":34,"PROVINSI":"DAERAH ISTIMEWA YOGYAKARTA","ID_KABKOT":34.04,"KABKOT":"SLEMAN","ID_KEC":"34.04.09","KECAMATAN":"PRAMBANAN","ID_DESA":"34.04.09.2001","DESA":"SUMBERHARJO","LONGITUDE":110.5009452,"LATITUDE":-7.8056105,"STATUS":"BUKA","TANGGAL PENGUMPULAN":"Q1 2025","TANGGAL UPDATE":"27/02/2025"}},{"type":"Feature","geometry":{"coordinates":[110.5011492,-7.8028892],"type":"Point"},"properties":{"NAMA":"TOKO SEMBAKO & KELONTONG MJA","TIPE_1":"PERDAGANGAN DAN RETAIL","TIPE_2":"TOKO KELONTONG","TIPE_3":"-","TELEPON":"","ALAMAT":"BENDUNGAN, SUMBERHARJO, PRAMBANAN, SLEMAN REGENCY, SPECIAL REGION OF YOGYAKARTA 55572","ID_PROV":34,"PROVINSI":"DAERAH ISTIMEWA YOGYAKARTA","ID_KABKOT":34.04,"KABKOT":"SLEMAN","ID_KEC":"34.04.09","KECAMATAN":"PRAMBANAN","ID_DESA":"34.04.09.2001","DESA":"SUMBERHARJO","LONGITUDE":110.5011492,"LATITUDE":-7.8028892,"STATUS":"BUKA","TANGGAL PENGUMPULAN":"Q1 2025","TANGGAL UPDATE":"27/02/2025"}},{"type":"Feature","geometry":{"coordinates":[110.3479285,-7.6369898],"type":"Point"},"properties":{"NAMA":"TOKO KELONTONG SIRAN","TIPE_1":"PERDAGANGAN DAN RETAIL","TIPE_2":"TOKO KELONTONG","TIPE_3":"-","TELEPON":"0857-4704-3745","ALAMAT":"BENING, RT.4/RW.22, CANGGAL, MERDIKOREJO, KEC. TEMPEL, KABUPATEN SLEMAN, DAERAH ISTIMEWA YOGYAKARTA 55552","ID_PROV":34,"PROVINSI":"DAERAH ISTIMEWA YOGYAKARTA","ID_KABKOT":34.04,"KABKOT":"SLEMAN","ID_KEC":"34.04.14","KECAMATAN":"TEMPEL","ID_DESA":"34.04.14.2008","DESA":"MERDIKOREJO","LONGITUDE":110.3479285,"LATITUDE":-7.6369898,"STATUS":"BUKA","TANGGAL PENGUMPULAN":"Q1 2025","TANGGAL UPDATE":"27/02/2025"}},{"type":"Feature","geometry":{"coordinates":[110.4295426,-7.8114217],"type":"Point"},"properties":{"NAMA":"TOKO TINA","TIPE_1":"PERDAGANGAN DAN RETAIL","TIPE_2":"TOKO KELONTONG","TIPE_3":"-","TELEPON":"0882-2146-8895","ALAMAT":"BERBAH, RT.2/RW.30, JETAK, SENDANGTIRTO, KEC. BERBAH, KABUPATEN SLEMAN, DAERAH ISTIMEWA YOGYAKARTA","ID_PROV":34,"PROVINSI":"DAERAH ISTIMEWA YOGYAKARTA","ID_KABKOT":34.04,"KABKOT":"SLEMAN","ID_KEC":"34.04.08","KECAMATAN":"BERBAH","ID_DESA":"34.04.08.2001","DESA":"SENDANGTIRTO","LONGITUDE":110.4295426,"LATITUDE":-7.8114217,"STATUS":"BUKA","TANGGAL PENGUMPULAN":"Q1 2025","TANGGAL UPDATE":"27/02/2025"}},{"type":"Feature","geometry":{"coordinates":[110.2809533,-7.7661915],"type":"Point"},"properties":{"NAMA":"WARUNG KELONTONG BU PUJO","TIPE_1":"PERDAGANGAN DAN RETAIL","TIPE_2":"TOKO KELONTONG","TIPE_3":"-","TELEPON":"0818-0407-7512","ALAMAT":"BERJO KIDUL, SIDOLUHUR, KEC. GODEAN, KABUPATEN SLEMAN, DAERAH ISTIMEWA YOGYAKARTA 55564","ID_PROV":34,"PROVINSI":"DAERAH ISTIMEWA YOGYAKARTA","ID_KABKOT":34.04,"KABKOT":"SLEMAN","ID_KEC":"34.04.02","KECAMATAN":"GODEAN","ID_DESA":"34.04.02.2002","DESA":"SIDOLUHUR","LONGITUDE":110.2809533,"LATITUDE":-7.7661915,"STATUS":"BUKA","TANGGAL PENGUMPULAN":"Q1 2025","TANGGAL UPDATE":"27/02/2025"}},{"type":"Feature","geometry":{"coordinates":[110.3247582,-7.76614],"type":"Point"},"properties":{"NAMA":"WARUNG KELONTONG HARYONO","TIPE_1":"PERDAGANGAN DAN RETAIL","TIPE_2":"TOKO KELONTONG","TIPE_3":"-","TELEPON":"","ALAMAT":"BESI, SIDOARUM, KEC. GODEAN, KABUPATEN SLEMAN, DAERAH ISTIMEWA YOGYAKARTA 55264","ID_PROV":34,"PROVINSI":"DAERAH ISTIMEWA YOGYAKARTA","ID_KABKOT":34.04,"KABKOT":"SLEMAN","ID_KEC":"34.04.02","KECAMATAN":"GODEAN","ID_DESA":"34.04.02.2006","DESA":"SIDOARUM","LONGITUDE":110.3247582,"LATITUDE":-7.76614,"STATUS":"BUKA","TANGGAL PENGUMPULAN":"Q1 2025","TANGGAL UPDATE":"27/02/2025"}},{"type":"Feature","geometry":{"coordinates":[110.239117,-7.7873027],"type":"Point"},"properties":{"NAMA":"TOKO SEMBAKO MANGGUNG","TIPE_1":"PERDAGANGAN DAN RETAIL","TIPE_2":"TOKO KELONTONG","TIPE_3":"-","TELEPON":"","ALAMAT":"BETAKAN, SUMBERRAHAYU, KEC. MOYUDAN, KABUPATEN SLEMAN, DAERAH ISTIMEWA YOGYAKARTA 55563","ID_PROV":34,"PROVINSI":"DAERAH ISTIMEWA YOGYAKARTA","ID_KABKOT":34.04,"KABKOT":"SLEMAN","ID_KEC":"34.04.03","KECAMATAN":"MOYUDAN","ID_DESA":"34.04.03.2001","DESA":"SUMBERRAHAYU","LONGITUDE":110.239117,"LATITUDE":-7.7873027,"STATUS":"BUKA","TANGGAL PENGUMPULAN":"Q1 2025","TANGGAL UPDATE":"27/02/2025"}},{"type":"Feature","geometry":{"coordinates":[110.3430918,-7.7664945],"type":"Point"},"properties":{"NAMA":"WARUNG KELONTONG WAHYU","TIPE_1":"PERDAGANGAN DAN RETAIL","TIPE_2":"TOKO KELONTONG","TIPE_3":"-","TELEPON":"0813-9298-3242","ALAMAT":"BIRU NO.41A, RT.06/RW.31, NUSUPAN, TRIHANGGO, KEC. GAMPING, KABUPATEN SLEMAN, DAERAH ISTIMEWA YOGYAKARTA 55291","ID_PROV":34,"PROVINSI":"DAERAH ISTIMEWA YOGYAKARTA","ID_KABKOT":34.04,"KABKOT":"SLEMAN","ID_KEC":"34.04.01","KECAMATAN":"GAMPING","ID_DESA":"34.04.01.2005","DESA":"TRIHANGGO","LONGITUDE":110.3430918,"LATITUDE":-7.7664945,"STATUS":"BUKA","TANGGAL PENGUMPULAN":"Q1 2025","TANGGAL UPDATE":"27/02/2025"}},{"type":"Feature","geometry":{"coordinates":[110.4402856,-7.8005452],"type":"Point"},"properties":{"NAMA":"WARUNG BERKAH","TIPE_1":"PERDAGANGAN DAN RETAIL","TIPE_2":"TOKO KELONTONG","TIPE_3":"-","TELEPON":"","ALAMAT":"BLENDANGAN, RT.04/RW.07, BLENDENGAN, TEGALTIRTO, KEC. BERBAH, KABUPATEN SLEMAN, DAERAH ISTIMEWA YOGYAKARTA 55713","ID_PROV":34,"PROVINSI":"DAERAH ISTIMEWA YOGYAKARTA","ID_KABKOT":34.04,"KABKOT":"SLEMAN","ID_KEC":"34.04.08","KECAMATAN":"BERBAH","ID_DESA":"34.04.08.2002","DESA":"TEGALTIRTO","LONGITUDE":110.4402856,"LATITUDE":-7.8005452,"STATUS":"BUKA","TANGGAL PENGUMPULAN":"Q1 2025","TANGGAL UPDATE":"27/02/2025"}},{"type":"Feature","geometry":{"coordinates":[110.4410543,-7.7986658],"type":"Point"},"properties":{"NAMA":"TOKO SYAFA'AT","TIPE_1":"PERDAGANGAN DAN RETAIL","TIPE_2":"TOKO KELONTONG","TIPE_3":"-","TELEPON":"0895-4218-92396","ALAMAT":"BLENDANGAN, TEGALTIRTO, KEC. BERBAH, KABUPATEN SLEMAN, DAERAH ISTIMEWA YOGYAKARTA 55573","ID_PROV":34,"PROVINSI":"DAERAH ISTIMEWA YOGYAKARTA","ID_KABKOT":34.04,"KABKOT":"SLEMAN","ID_KEC":"34.04.08","KECAMATAN":"BERBAH","ID_DESA":"34.04.08.2002","DESA":"TEGALTIRTO","LONGITUDE":110.4410543,"LATITUDE":-7.7986658,"STATUS":"BUKA","TANGGAL PENGUMPULAN":"Q1 2025","TANGGAL UPDATE":"27/02/2025"}},{"type":"Feature","geometry":{"coordinates":[110.3104975,-7.6788194],"type":"Point"},"properties":{"NAMA":"TOKO SEMBAKO RESTU IBU","TIPE_1":"PERDAGANGAN DAN RETAIL","TIPE_2":"TOKO KELONTONG","TIPE_3":"-","TELEPON":"0857-2726-6572","ALAMAT":"BLIMBINGAN RT04/RW02, TAMBAKREJO, KEC. TEMPEL, KABUPATEN SLEMAN, DAERAH ISTIMEWA YOGYAKARTA 55552","ID_PROV":34,"PROVINSI":"DAERAH ISTIMEWA YOGYAKARTA","ID_KABKOT":34.04,"KABKOT":"SLEMAN","ID_KEC":"34.04.14","KECAMATAN":"TEMPEL","ID_DESA":"34.04.14.2002","DESA":"TAMBAKREJO","LONGITUDE":110.3104975,"LATITUDE":-7.6788194,"STATUS":"BUKA","TANGGAL PENGUMPULAN":"Q1 2025","TANGGAL UPDATE":"27/02/2025"}},{"type":"Feature","geometry":{"coordinates":[110.417463,-7.736365],"type":"Point"},"properties":{"NAMA":"TOKO HERU","TIPE_1":"PERDAGANGAN DAN RETAIL","TIPE_2":"TOKO KELONTONG","TIPE_3":"-","TELEPON":"","ALAMAT":"BLOTAN, WEDOMARTANI, KEC. NGEMPLAK, KABUPATEN SLEMAN, DAERAH ISTIMEWA YOGYAKARTA 55584","ID_PROV":34,"PROVINSI":"DAERAH ISTIMEWA YOGYAKARTA","ID_KABKOT":34.04,"KABKOT":"SLEMAN","ID_KEC":"34.04.11","KECAMATAN":"NGEMPLAK","ID_DESA":"34.04.11.2004","DESA":"WEDOMARTANI","LONGITUDE":110.417463,"LATITUDE":-7.736365,"STATUS":"BUKA","TANGGAL PENGUMPULAN":"Q1 2025","TANGGAL UPDATE":"27/02/2025"}},{"type":"Feature","geometry":{"coordinates":[110.4234213,-7.7383222],"type":"Point"},"properties":{"NAMA":"WARUNG KELONTONG MBAK SRI SOR MUNGGUR","TIPE_1":"PERDAGANGAN DAN RETAIL","TIPE_2":"TOKO KELONTONG","TIPE_3":"-","TELEPON":"","ALAMAT":"BLOTAN, WEDOMARTANI, KEC. NGEMPLAK, KABUPATEN SLEMAN, DAERAH ISTIMEWA YOGYAKARTA 55584","ID_PROV":34,"PROVINSI":"DAERAH ISTIMEWA YOGYAKARTA","ID_KABKOT":34.04,"KABKOT":"SLEMAN","ID_KEC":"34.04.11","KECAMATAN":"NGEMPLAK","ID_DESA":"34.04.11.2004","DESA":"WEDOMARTANI","LONGITUDE":110.4234213,"LATITUDE":-7.7383222,"STATUS":"BUKA","TANGGAL PENGUMPULAN":"Q1 2025","TANGGAL UPDATE":"27/02/2025"}},{"type":"Feature","geometry":{"coordinates":[110.4182658,-7.6158262],"type":"Point"},"properties":{"NAMA":"WARUNG KELONTONG ADIKA","TIPE_1":"PERDAGANGAN DAN RETAIL","TIPE_2":"TOKO KELONTONG","TIPE_3":"-","TELEPON":"","ALAMAT":"BOJONG, HARGOBINANGUN, KEC. PAKEM, KABUPATEN SLEMAN, DAERAH ISTIMEWA YOGYAKARTA 55582","ID_PROV":34,"PROVINSI":"DAERAH ISTIMEWA YOGYAKARTA","ID_KABKOT":34.04,"KABKOT":"SLEMAN","ID_KEC":"34.04.16","KECAMATAN":"PAKEM","ID_DESA":"34.04.16.2005","DESA":"HARGOBINANGUN","LONGITUDE":110.4182658,"LATITUDE":-7.6158262,"STATUS":"BUKA","TANGGAL PENGUMPULAN":"Q1 2025","TANGGAL UPDATE":"27/02/2025"}},{"type":"Feature","geometry":{"coordinates":[110.4055924,-7.6813983],"type":"Point"},"properties":{"NAMA":"TOKO ABELLY (DAPUR ABELLY FOOD)","TIPE_1":"PERDAGANGAN DAN RETAIL","TIPE_2":"TOKO KELONTONG","TIPE_3":"-","TELEPON":"0812-2731-9860","ALAMAT":"BONDOSARI, HARJOBINANGUN, KEC. PAKEM, KABUPATEN SLEMAN, DAERAH ISTIMEWA YOGYAKARTA 55582","ID_PROV":34,"PROVINSI":"DAERAH ISTIMEWA YOGYAKARTA","ID_KABKOT":34.04,"KABKOT":"SLEMAN","ID_KEC":"34.04.16","KECAMATAN":"PAKEM","ID_DESA":"34.04.16.2003","DESA":"HARJOBINANGUN","LONGITUDE":110.4055924,"LATITUDE":-7.6813983,"STATUS":"BUKA","TANGGAL PENGUMPULAN":"Q1 2025","TANGGAL UPDATE":"27/02/2025"}},{"type":"Feature","geometry":{"coordinates":[110.4084482,-7.6758089],"type":"Point"},"properties":{"NAMA":"TOKO KELONTONG IBU SUMIARNI","TIPE_1":"PERDAGANGAN DAN RETAIL","TIPE_2":"TOKO KELONTONG","TIPE_3":"-","TELEPON":"","ALAMAT":"BONDOSARI, HARJOBINANGUN, PAKEM, SLEMAN REGENCY, SPECIAL REGION OF YOGYAKARTA 55582","ID_PROV":34,"PROVINSI":"DAERAH ISTIMEWA YOGYAKARTA","ID_KABKOT":34.04,"KABKOT":"SLEMAN","ID_KEC":"34.04.16","KECAMATAN":"PAKEM","ID_DESA":"34.04.16.2003","DESA":"HARJOBINANGUN","LONGITUDE":110.4084482,"LATITUDE":-7.6758089,"STATUS":"BUKA","TANGGAL PENGUMPULAN":"Q1 2025","TANGGAL UPDATE":"27/02/2025"}},{"type":"Feature","geometry":{"coordinates":[110.3725459,-7.7510757],"type":"Point"},"properties":{"NAMA":"DALKHOMHAE STORE","TIPE_1":"PERDAGANGAN DAN RETAIL","TIPE_2":"TOKO KELONTONG","TIPE_3":"-","TELEPON":"0851-7334-4315","ALAMAT":"BORNGA RESTO, JL. LEMPONGSARI NO.117A, JONGKANG, SARIHARJO, KEC. NGAGLIK, KABUPATEN SLEMAN, DAERAH ISTIMEWA YOGYAKARTA 55581","ID_PROV":34,"PROVINSI":"DAERAH ISTIMEWA YOGYAKARTA","ID_KABKOT":34.04,"KABKOT":"SLEMAN","ID_KEC":"34.04.12","KECAMATAN":"NGAGLIK","ID_DESA":"34.04.12.2001","DESA":"SARIHARJO","LONGITUDE":110.3725459,"LATITUDE":-7.7510757,"STATUS":"BUKA","TANGGAL PENGUMPULAN":"Q1 2025","TANGGAL UPDATE":"27/02/2025"}},{"type":"Feature","geometry":{"coordinates":[110.4657215,-7.6779709],"type":"Point"},"properties":{"NAMA":"WARUNG KELONTONG DAN BENSIN ECERAN BU SUPI","TIPE_1":"PERDAGANGAN DAN RETAIL","TIPE_2":"TOKO KELONTONG","TIPE_3":"-","TELEPON":"","ALAMAT":"BRONGKOL, ARGOMULYO, KEC. CANGKRINGAN, KABUPATEN SLEMAN, DAERAH ISTIMEWA YOGYAKARTA","ID_PROV":34,"PROVINSI":"DAERAH ISTIMEWA YOGYAKARTA","ID_KABKOT":34.04,"KABKOT":"SLEMAN","ID_KEC":"34.04.17","KECAMATAN":"CANGKRINGAN","ID_DESA":"34.04.17.2001","DESA":"ARGOMULYO","LONGITUDE":110.4657215,"LATITUDE":-7.6779709,"STATUS":"BUKA","TANGGAL PENGUMPULAN":"Q1 2025","TANGGAL UPDATE":"27/02/2025"}},{"type":"Feature","geometry":{"coordinates":[110.5442122,-7.8191987],"type":"Point"},"properties":{"NAMA":"TOKO TIK","TIPE_1":"PERDAGANGAN DAN RETAIL","TIPE_2":"TOKO KELONTONG","TIPE_3":"-","TELEPON":"0878-4128-0444","ALAMAT":"BUNCAR, RT.001/RW.010, NAWUNG, GAYAMHARJO, KEC. PRAMBANAN, KABUPATEN SLEMAN, DAERAH ISTIMEWA YOGYAKARTA 55572","ID_PROV":34,"PROVINSI":"DAERAH ISTIMEWA YOGYAKARTA","ID_KABKOT":34.04,"KABKOT":"SLEMAN","ID_KEC":"34.04.09","KECAMATAN":"PRAMBANAN","ID_DESA":"34.04.09.2003","DESA":"GAYAMHARJO","LONGITUDE":110.5442122,"LATITUDE":-7.8191987,"STATUS":"BUKA","TANGGAL PENGUMPULAN":"Q1 2025","TANGGAL UPDATE":"27/02/2025"}},{"type":"Feature","geometry":{"coordinates":[110.4866187,-7.7212389],"type":"Point"},"properties":{"NAMA":"TOKO KELONTONG MIMA","TIPE_1":"PERDAGANGAN DAN RETAIL","TIPE_2":"TOKO KELONTONG","TIPE_3":"-","TELEPON":"0852-6981-8653","ALAMAT":"CAGERAN, RT.005/RW.001, CAGERAN, TAMANMARTANI, KEC. KALASAN, KABUPATEN SLEMAN, DAERAH ISTIMEWA YOGYAKARTA 55571","ID_PROV":34,"PROVINSI":"DAERAH ISTIMEWA YOGYAKARTA","ID_KABKOT":34.04,"KABKOT":"SLEMAN","ID_KEC":"34.04.10","KECAMATAN":"KALASAN","ID_DESA":"34.04.10.2003","DESA":"TAMANMARTANI","LONGITUDE":110.4866187,"LATITUDE":-7.7212389,"STATUS":"BUKA","TANGGAL PENGUMPULAN":"Q1 2025","TANGGAL UPDATE":"27/02/2025"}},{"type":"Feature","geometry":{"coordinates":[110.4576184,-7.6514034],"type":"Point"},"properties":{"NAMA":"TOKO SEMBAKO BU NAH","TIPE_1":"PERDAGANGAN DAN RETAIL","TIPE_2":"TOKO KELONTONG","TIPE_3":"-","TELEPON":"","ALAMAT":"CAKRAN, WUKIRSARI, KEC. CANGKRINGAN, KABUPATEN SLEMAN, DAERAH ISTIMEWA YOGYAKARTA 55583","ID_PROV":34,"PROVINSI":"DAERAH ISTIMEWA YOGYAKARTA","ID_KABKOT":34.04,"KABKOT":"SLEMAN","ID_KEC":"34.04.17","KECAMATAN":"CANGKRINGAN","ID_DESA":"34.04.17.2002","DESA":"WUKIRSARI","LONGITUDE":110.4576184,"LATITUDE":-7.6514034,"STATUS":"BUKA","TANGGAL PENGUMPULAN":"Q1 2025","TANGGAL UPDATE":"27/02/2025"}},{"type":"Feature","geometry":{"coordinates":[110.3315416,-7.7660629],"type":"Point"},"properties":{"NAMA":"TOKO BU SUMINI","TIPE_1":"PERDAGANGAN DAN RETAIL","TIPE_2":"TOKO KELONTONG","TIPE_3":"-","TELEPON":"0857-2681-7693","ALAMAT":"CAMBAHAN, NOGOTIRTO, KEC. GAMPING, KABUPATEN SLEMAN, DAERAH ISTIMEWA YOGYAKARTA 55592","ID_PROV":34,"PROVINSI":"DAERAH ISTIMEWA YOGYAKARTA","ID_KABKOT":34.04,"KABKOT":"SLEMAN","ID_KEC":"34.04.01","KECAMATAN":"GAMPING","ID_DESA":"34.04.01.2004","DESA":"NOGOTIRTO","LONGITUDE":110.3315416,"LATITUDE":-7.7660629,"STATUS":"BUKA","TANGGAL PENGUMPULAN":"Q1 2025","TANGGAL UPDATE":"27/02/2025"}},{"type":"Feature","geometry":{"coordinates":[110.4129121,-7.7002398],"type":"Point"},"properties":{"NAMA":"TOKO SEMBAKO PUTRA PRATAMA","TIPE_1":"PERDAGANGAN DAN RETAIL","TIPE_2":"TOKO KELONTONG","TIPE_3":"-","TELEPON":"","ALAMAT":"CANDI KARANG RT 4 RW 9, CANDI KARANG, SARDONOHARJO, KEC. NGAGLIK, KABUPATEN SLEMAN, DAERAH ISTIMEWA YOGYAKARTA 55581","ID_PROV":34,"PROVINSI":"DAERAH ISTIMEWA YOGYAKARTA","ID_KABKOT":34.04,"KABKOT":"SLEMAN","ID_KEC":"34.04.12","KECAMATAN":"NGAGLIK","ID_DESA":"34.04.12.2005","DESA":"SARDONOHARJO","LONGITUDE":110.4129121,"LATITUDE":-7.7002398,"STATUS":"BUKA","TANGGAL PENGUMPULAN":"Q1 2025","TANGGAL UPDATE":"27/02/2025"}},{"type":"Feature","geometry":{"coordinates":[110.4123908,-7.7027104],"type":"Point"},"properties":{"NAMA":"TOKO PAK NUNG","TIPE_1":"PERDAGANGAN DAN RETAIL","TIPE_2":"TOKO KELONTONG","TIPE_3":"-","TELEPON":"","ALAMAT":"CANDI KARANG, SARDONOHARJO, KEC. NGAGLIK, KABUPATEN SLEMAN, DAERAH ISTIMEWA YOGYAKARTA 55581","ID_PROV":34,"PROVINSI":"DAERAH ISTIMEWA YOGYAKARTA","ID_KABKOT":34.04,"KABKOT":"SLEMAN","ID_KEC":"34.04.12","KECAMATAN":"NGAGLIK","ID_DESA":"34.04.12.2005","DESA":"SARDONOHARJO","LONGITUDE":110.4123908,"LATITUDE":-7.7027104,"STATUS":"BUKA","TANGGAL PENGUMPULAN":"Q1 2025","TANGGAL UPDATE":"27/02/2025"}},{"type":"Feature","geometry":{"coordinates":[110.4123586,-7.7047328],"type":"Point"},"properties":{"NAMA":"TOKO SEMBAKO MADURA CAK IPANK","TIPE_1":"PERDAGANGAN DAN RETAIL","TIPE_2":"TOKO KELONTONG","TIPE_3":"-","TELEPON":"","ALAMAT":"CANDIKARANG JL. KALIURANG KM.12 NO.33, RT.01/RW.08, CANDI KARANG, SARDONOHARJO, KEC. NGAGLIK, KABUPATEN SLEMAN, DAERAH ISTIMEWA YOGYAKARTA 55283","ID_PROV":34,"PROVINSI":"DAERAH ISTIMEWA YOGYAKARTA","ID_KABKOT":34.04,"KABKOT":"SLEMAN","ID_KEC":"34.04.12","KECAMATAN":"NGAGLIK","ID_DESA":"34.04.12.2005","DESA":"SARDONOHARJO","LONGITUDE":110.4123586,"LATITUDE":-7.7047328,"STATUS":"BUKA","TANGGAL PENGUMPULAN":"Q1 2025","TANGGAL UPDATE":"27/02/2025"}},{"type":"Feature","geometry":{"coordinates":[110.4850581,-7.7766914],"type":"Point"},"properties":{"NAMA":"TOKO ARUM","TIPE_1":"PERDAGANGAN DAN RETAIL","TIPE_2":"TOKO KELONTONG","TIPE_3":"-","TELEPON":"","ALAMAT":"CANDIREJO, RT.06/RW.19, MARANGAN, BOKOHARJO, KEC. PRAMBANAN, KABUPATEN SLEMAN, DAERAH ISTIMEWA YOGYAKARTA 55572","ID_PROV":34,"PROVINSI":"DAERAH ISTIMEWA YOGYAKARTA","ID_KABKOT":34.04,"KABKOT":"SLEMAN","ID_KEC":"34.04.09","KECAMATAN":"PRAMBANAN","ID_DESA":"34.04.09.2006","DESA":"BOKOHARJO","LONGITUDE":110.4850581,"LATITUDE":-7.7766914,"STATUS":"BUKA","TANGGAL PENGUMPULAN":"Q1 2025","TANGGAL UPDATE":"27/02/2025"}},{"type":"Feature","geometry":{"coordinates":[110.4161583,-7.7007242],"type":"Point"},"properties":{"NAMA":"TOKO TIA","TIPE_1":"PERDAGANGAN DAN RETAIL","TIPE_2":"TOKO KELONTONG","TIPE_3":"-","TELEPON":"0813-3828-9898","ALAMAT":"CANDISARI,JL BESI JANGKANG, CANDI KARANG, SARDONOHARJO, KEC. NGAGLIK, KABUPATEN SLEMAN, DAERAH ISTIMEWA YOGYAKARTA 55581","ID_PROV":34,"PROVINSI":"DAERAH ISTIMEWA YOGYAKARTA","ID_KABKOT":34.04,"KABKOT":"SLEMAN","ID_KEC":"34.04.12","KECAMATAN":"NGAGLIK","ID_DESA":"34.04.12.2005","DESA":"SARDONOHARJO","LONGITUDE":110.4161583,"LATITUDE":-7.7007242,"STATUS":"BUKA","TANGGAL PENGUMPULAN":"Q1 2025","TANGGAL UPDATE":"27/02/2025"}},{"type":"Feature","geometry":{"coordinates":[110.4462517,-7.7958359],"type":"Point"},"properties":{"NAMA":"WARUNG KELONTONG BU JAZIMAH","TIPE_1":"PERDAGANGAN DAN RETAIL","TIPE_2":"TOKO KELONTONG","TIPE_3":"-","TELEPON":"","ALAMAT":"CANGAKAN, RT.3/RW.5, KALITIRTO, KEC. BERBAH, KABUPATEN SLEMAN","ID_PROV":34,"PROVINSI":"DAERAH ISTIMEWA YOGYAKARTA","ID_KABKOT":34.04,"KABKOT":"SLEMAN","ID_KEC":"34.04.08","KECAMATAN":"BERBAH","ID_DESA":"34.04.08.2003","DESA":"KALITIRTO","LONGITUDE":110.4462517,"LATITUDE":-7.7958359,"STATUS":"BUKA","TANGGAL PENGUMPULAN":"Q1 2025","TANGGAL UPDATE":"27/02/2025"}},{"type":"Feature","geometry":{"coordinates":[110.4659999,-7.6781649],"type":"Point"},"properties":{"NAMA":"TOKO KELONTONG BU SEMI","TIPE_1":"PERDAGANGAN DAN RETAIL","TIPE_2":"TOKO KELONTONG","TIPE_3":"-","TELEPON":"","ALAMAT":"CANGKRINGAN, ARGOMULYO, KEC. CANGKRINGAN, KABUPATEN SLEMAN, DAERAH ISTIMEWA YOGYAKARTA 55583","ID_PROV":34,"PROVINSI":"DAERAH ISTIMEWA YOGYAKARTA","ID_KABKOT":34.04,"KABKOT":"SLEMAN","ID_KEC":"34.04.17","KECAMATAN":"CANGKRINGAN","ID_DESA":"34.04.17.2001","DESA":"ARGOMULYO","LONGITUDE":110.4659999,"LATITUDE":-7.6781649,"STATUS":"BUKA","TANGGAL PENGUMPULAN":"Q1 2025","TANGGAL UPDATE":"27/02/2025"}},{"type":"Feature","geometry":{"coordinates":[110.4314616,-7.8303472],"type":"Point"},"properties":{"NAMA":"WARUNG MADU & KELONTONG MBAK WIN","TIPE_1":"PERDAGANGAN DAN RETAIL","TIPE_2":"TOKO KELONTONG","TIPE_3":"-","TELEPON":"","ALAMAT":"CEPOR, SENDANGTIRTO, BERBAH, SLEMAN REGENCY, SPECIAL REGION OF YOGYAKARTA 55196","ID_PROV":34,"PROVINSI":"DAERAH ISTIMEWA YOGYAKARTA","ID_KABKOT":34.04,"KABKOT":"SLEMAN","ID_KEC":"34.04.08","KECAMATAN":"BERBAH","ID_DESA":"34.04.08.2001","DESA":"SENDANGTIRTO","LONGITUDE":110.4314616,"LATITUDE":-7.8303472,"STATUS":"BUKA","TANGGAL PENGUMPULAN":"Q1 2025","TANGGAL UPDATE":"27/02/2025"}},{"type":"Feature","geometry":{"coordinates":[110.313443,-7.7484424],"type":"Point"},"properties":{"NAMA":"TB WARUNG PANJANG","TIPE_1":"PERDAGANGAN DAN RETAIL","TIPE_2":"TOKO KELONTONG","TIPE_3":"-","TELEPON":"","ALAMAT":"CIBUK LOR II, MARGOLUWIH, KEC. SEYEGAN, KABUPATEN SLEMAN, DAERAH ISTIMEWA YOGYAKARTA 55561","ID_PROV":34,"PROVINSI":"DAERAH ISTIMEWA YOGYAKARTA","ID_KABKOT":34.04,"KABKOT":"SLEMAN","ID_KEC":"34.04.05","KECAMATAN":"SEYEGAN","ID_DESA":"34.04.05.2001","DESA":"MARGOLUWIH","LONGITUDE":110.313443,"LATITUDE":-7.7484424,"STATUS":"BUKA","TANGGAL PENGUMPULAN":"Q1 2025","TANGGAL UPDATE":"27/02/2025"}},{"type":"Feature","geometry":{"coordinates":[110.3236302,-7.7804898],"type":"Point"},"properties":{"NAMA":"TOKO AN NI'MAH","TIPE_1":"PERDAGANGAN DAN RETAIL","TIPE_2":"TOKO KELONTONG","TIPE_3":"-","TELEPON":"0823-2871-0733","ALAMAT":"COKROBEDOG, RT.009/RW.012, KRAMAT, SIDOARUM, KEC. GODEAN, KABUPATEN SLEMAN, DAERAH ISTIMEWA YOGYAKARTA 55564","ID_PROV":34,"PROVINSI":"DAERAH ISTIMEWA YOGYAKARTA","ID_KABKOT":34.04,"KABKOT":"SLEMAN","ID_KEC":"34.04.02","KECAMATAN":"GODEAN","ID_DESA":"34.04.02.2006","DESA":"SIDOARUM","LONGITUDE":110.3236302,"LATITUDE":-7.7804898,"STATUS":"BUKA","TANGGAL PENGUMPULAN":"Q1 2025","TANGGAL UPDATE":"27/02/2025"}},{"type":"Feature","geometry":{"coordinates":[110.4571763,-7.6962706],"type":"Point"},"properties":{"NAMA":"SEMERU KELONTONG","TIPE_1":"PERDAGANGAN DAN RETAIL","TIPE_2":"TOKO KELONTONG","TIPE_3":"-","TELEPON":"0895-4219-58829","ALAMAT":"COKROGATEN RT/RW 005/011, RANDU POGOG, BIMOMARTANI, KEC. NGEMPLAK, KABUPATEN SLEMAN, DAERAH ISTIMEWA YOGYAKARTA 55584","ID_PROV":34,"PROVINSI":"DAERAH ISTIMEWA YOGYAKARTA","ID_KABKOT":34.04,"KABKOT":"SLEMAN","ID_KEC":"34.04.11","KECAMATAN":"NGEMPLAK","ID_DESA":"34.04.11.2002","DESA":"BIMOMARTANI","LONGITUDE":110.4571763,"LATITUDE":-7.6962706,"STATUS":"BUKA","TANGGAL PENGUMPULAN":"Q1 2025","TANGGAL UPDATE":"27/02/2025"}},{"type":"Feature","geometry":{"coordinates":[110.3934269,-7.7634417],"type":"Point"},"properties":{"NAMA":"TOKO KELONTONG IBU SUDJARMANI","TIPE_1":"PERDAGANGAN DAN RETAIL","TIPE_2":"TOKO KELONTONG","TIPE_3":"-","TELEPON":"","ALAMAT":"CT X NO, GG. MENUR NO.3, SANTREN, CATURTUNGGAL, DEPOK, SLEMAN REGENCY, SPECIAL REGION OF YOGYAKARTA 55281","ID_PROV":34,"PROVINSI":"DAERAH ISTIMEWA YOGYAKARTA","ID_KABKOT":34.04,"KABKOT":"SLEMAN","ID_KEC":"34.04.07","KECAMATAN":"DEPOK","ID_DESA":"34.04.07.2001","DESA":"CATURTUNGGAL","LONGITUDE":110.3934269,"LATITUDE":-7.7634417,"STATUS":"BUKA","TANGGAL PENGUMPULAN":"Q1 2025","TANGGAL UPDATE":"27/02/2025"}},{"type":"Feature","geometry":{"coordinates":[110.3341376,-7.6658583],"type":"Point"},"properties":{"NAMA":"TOKO SEMBAKO ANITA","TIPE_1":"PERDAGANGAN DAN RETAIL","TIPE_2":"TOKO KELONTONG","TIPE_3":"-","TELEPON":"","ALAMAT":"CUNGKUK, RT.4/RW.19, KARANGHARJO, MARGOREJO, KEC. TEMPEL, KABUPATEN SLEMAN, DAERAH ISTIMEWA YOGYAKARTA 55552","ID_PROV":34,"PROVINSI":"DAERAH ISTIMEWA YOGYAKARTA","ID_KABKOT":34.04,"KABKOT":"SLEMAN","ID_KEC":"34.04.14","KECAMATAN":"TEMPEL","ID_DESA":"34.04.14.2006","DESA":"MARGOREJO","LONGITUDE":110.3341376,"LATITUDE":-7.6658583,"STATUS":"BUKA","TANGGAL PENGUMPULAN":"Q1 2025","TANGGAL UPDATE":"27/02/2025"}},{"type":"Feature","geometry":{"coordinates":[110.4558906,-7.7755125],"type":"Point"},"properties":{"NAMA":"TOKO CEMARA BU SENO","TIPE_1":"PERDAGANGAN DAN RETAIL","TIPE_2":"TOKO KELONTONG","TIPE_3":"-","TELEPON":"","ALAMAT":"CUPUWATU I, PURWOMARTANI, KEC. KALASAN, KABUPATEN SLEMAN, DAERAH ISTIMEWA YOGYAKARTA 55571","ID_PROV":34,"PROVINSI":"DAERAH ISTIMEWA YOGYAKARTA","ID_KABKOT":34.04,"KABKOT":"SLEMAN","ID_KEC":"34.04.10","KECAMATAN":"KALASAN","ID_DESA":"34.04.10.2001","DESA":"PURWOMARTANI","LONGITUDE":110.4558906,"LATITUDE":-7.7755125,"STATUS":"BUKA","TANGGAL PENGUMPULAN":"Q1 2025","TANGGAL UPDATE":"27/02/2025"}},{"type":"Feature","geometry":{"coordinates":[110.4560781,-7.7755375],"type":"Point"},"properties":{"NAMA":"TOKO UTAMA PLASTIK","TIPE_1":"PERDAGANGAN DAN RETAIL","TIPE_2":"TOKO KELONTONG","TIPE_3":"-","TELEPON":"","ALAMAT":"CUPUWATU I, PURWOMARTANI, KEC. KALASAN, KABUPATEN SLEMAN, DAERAH ISTIMEWA YOGYAKARTA 55571","ID_PROV":34,"PROVINSI":"DAERAH ISTIMEWA YOGYAKARTA","ID_KABKOT":34.04,"KABKOT":"SLEMAN","ID_KEC":"34.04.10","KECAMATAN":"KALASAN","ID_DESA":"34.04.10.2001","DESA":"PURWOMARTANI","LONGITUDE":110.4560781,"LATITUDE":-7.7755375,"STATUS":"BUKA","TANGGAL PENGUMPULAN":"Q1 2025","TANGGAL UPDATE":"27/02/2025"}},{"type":"Feature","geometry":{"coordinates":[110.4559243,-7.7750373],"type":"Point"},"properties":{"NAMA":"TOKO INTAN","TIPE_1":"PERDAGANGAN DAN RETAIL","TIPE_2":"TOKO KELONTONG","TIPE_3":"-","TELEPON":"","ALAMAT":"CUPUWATU II, PURWOMARTANI, KEC. KALASAN, KABUPATEN SLEMAN, DAERAH ISTIMEWA YOGYAKARTA 55571","ID_PROV":34,"PROVINSI":"DAERAH ISTIMEWA YOGYAKARTA","ID_KABKOT":34.04,"KABKOT":"SLEMAN","ID_KEC":"34.04.10","KECAMATAN":"KALASAN","ID_DESA":"34.04.10.2001","DESA":"PURWOMARTANI","LONGITUDE":110.4559243,"LATITUDE":-7.7750373,"STATUS":"BUKA","TANGGAL PENGUMPULAN":"Q1 2025","TANGGAL UPDATE":"27/02/2025"}},{"type":"Feature","geometry":{"coordinates":[110.4003567,-7.7710974],"type":"Point"},"properties":{"NAMA":"TOKO KELONTONG DIAS","TIPE_1":"PERDAGANGAN DAN RETAIL","TIPE_2":"TOKO KELONTONG","TIPE_3":"-","TELEPON":"0857-4330-6341","ALAMAT":"DABAG, CONDONGCATUR, KEC. DEPOK, KABUPATEN SLEMAN, DAERAH ISTIMEWA YOGYAKARTA 55281","ID_PROV":34,"PROVINSI":"DAERAH ISTIMEWA YOGYAKARTA","ID_KABKOT":34.04,"KABKOT":"SLEMAN","ID_KEC":"34.04.07","KECAMATAN":"DEPOK","ID_DESA":"34.04.07.2003","DESA":"CONDONGCATUR","LONGITUDE":110.4003567,"LATITUDE":-7.7710974,"STATUS":"BUKA","TANGGAL PENGUMPULAN":"Q1 2025","TANGGAL UPDATE":"27/02/2025"}},{"type":"Feature","geometry":{"coordinates":[110.2526492,-7.7196079],"type":"Point"},"properties":{"NAMA":"KIOS SEMBAKO AL FATIH PURWANTI","TIPE_1":"PERDAGANGAN DAN RETAIL","TIPE_2":"TOKO KELONTONG","TIPE_3":"-","TELEPON":"","ALAMAT":"DALANGAN, SENDANGSARI, MINGGIR, SLEMAN REGENCY, SPECIAL REGION OF YOGYAKARTA 55562","ID_PROV":34,"PROVINSI":"DAERAH ISTIMEWA YOGYAKARTA","ID_KABKOT":34.04,"KABKOT":"SLEMAN","ID_KEC":"34.04.04","KECAMATAN":"MINGGIR","ID_DESA":"34.04.04.2004","DESA":"SENDANGSARI","LONGITUDE":110.2526492,"LATITUDE":-7.7196079,"STATUS":"BUKA","TANGGAL PENGUMPULAN":"Q1 2025","TANGGAL UPDATE":"27/02/2025"}},{"type":"Feature","geometry":{"coordinates":[110.4828769,-7.8095724],"type":"Point"},"properties":{"NAMA":"KONTER KABY CELL DAN TOKO KELONTONG","TIPE_1":"PERDAGANGAN DAN RETAIL","TIPE_2":"TOKO KELONTONG","TIPE_3":"-","TELEPON":"","ALAMAT":"DALEMAN BARU, RT./RW/RW.08 03, DALEMAN, SUMBERHARJO, KEC. PRAMBANAN, KABUPATEN SLEMAN, DAERAH ISTIMEWA YOGYAKARTA 55572","ID_PROV":34,"PROVINSI":"DAERAH ISTIMEWA YOGYAKARTA","ID_KABKOT":34.04,"KABKOT":"SLEMAN","ID_KEC":"34.04.09","KECAMATAN":"PRAMBANAN","ID_DESA":"34.04.09.2001","DESA":"SUMBERHARJO","LONGITUDE":110.4828769,"LATITUDE":-7.8095724,"STATUS":"BUKA","TANGGAL PENGUMPULAN":"Q1 2025","TANGGAL UPDATE":"27/02/2025"}},{"type":"Feature","geometry":{"coordinates":[110.3869671,-7.6359619],"type":"Point"},"properties":{"NAMA":"TOKO BU YANTO (WARUNG SEMBAKO)","TIPE_1":"PERDAGANGAN DAN RETAIL","TIPE_2":"TOKO KELONTONG","TIPE_3":"-","TELEPON":"","ALAMAT":"DALEMAN, GIRIKERTO, KEC. TURI, KABUPATEN SLEMAN, DAERAH ISTIMEWA YOGYAKARTA 55551","ID_PROV":34,"PROVINSI":"DAERAH ISTIMEWA YOGYAKARTA","ID_KABKOT":34.04,"KABKOT":"SLEMAN","ID_KEC":"34.04.15","KECAMATAN":"TURI","ID_DESA":"34.04.15.2003","DESA":"GIRIKERTO","LONGITUDE":110.3869671,"LATITUDE":-7.6359619,"STATUS":"BUKA","TANGGAL PENGUMPULAN":"Q1 2025","TANGGAL UPDATE":"27/02/2025"}},{"type":"Feature","geometry":{"coordinates":[110.3145358,-7.7235649],"type":"Point"},"properties":{"NAMA":"TOKO KELONTONG SARYANTO","TIPE_1":"PERDAGANGAN DAN RETAIL","TIPE_2":"TOKO KELONTONG","TIPE_3":"-","TELEPON":"0859-5281-1814","ALAMAT":"DAPLOKAN RT 2, RW.17, MARGOMULYO, KABUPATEN SLEMAN, DAERAH ISTIMEWA YOGYAKARTA","ID_PROV":34,"PROVINSI":"DAERAH ISTIMEWA YOGYAKARTA","ID_KABKOT":34.04,"KABKOT":"SLEMAN","ID_KEC":"34.04.05","KECAMATAN":"SEYEGAN","ID_DESA":"34.04.05.2004","DESA":"MARGOMULYO","LONGITUDE":110.3145358,"LATITUDE":-7.7235649,"STATUS":"BUKA","TANGGAL PENGUMPULAN":"Q1 2025","TANGGAL UPDATE":"27/02/2025"}},{"type":"Feature","geometry":{"coordinates":[110.4978309,-7.7703472],"type":"Point"},"properties":{"NAMA":"WARUNG KELONTONG","TIPE_1":"PERDAGANGAN DAN RETAIL","TIPE_2":"TOKO KELONTONG","TIPE_3":"-","TELEPON":"","ALAMAT":"DAWANGSARI 01/03, DOWANG SARI, SAMBIREJO, KEC. PRAMBANAN, KABUPATEN SLEMAN, DAERAH ISTIMEWA YOGYAKARTA 55572","ID_PROV":34,"PROVINSI":"DAERAH ISTIMEWA YOGYAKARTA","ID_KABKOT":34.04,"KABKOT":"SLEMAN","ID_KEC":"34.04.09","KECAMATAN":"PRAMBANAN","ID_DESA":"34.04.09.2004","DESA":"SAMBIREJO","LONGITUDE":110.4978309,"LATITUDE":-7.7703472,"STATUS":"BUKA","TANGGAL PENGUMPULAN":"Q1 2025","TANGGAL UPDATE":"27/02/2025"}},{"type":"Feature","geometry":{"coordinates":[110.3436794,-7.71253],"type":"Point"},"properties":{"NAMA":"JEGHLEX PRODUCTION SHOOP","TIPE_1":"PERDAGANGAN DAN RETAIL","TIPE_2":"TOKO KELONTONG","TIPE_3":"-","TELEPON":"0898-4422-300","ALAMAT":"DEKAT PERTIGAAN PANGUKAN, JL. DR. RADJIMIN NO.8, KABUPATEN SLEMAN, DAERAH ISTIMEWA YOGYAKARTA 55511","ID_PROV":34,"PROVINSI":"DAERAH ISTIMEWA YOGYAKARTA","ID_KABKOT":34.04,"KABKOT":"SLEMAN","ID_KEC":"34.04.13","KECAMATAN":"SLEMAN","ID_DESA":"34.04.13.2003","DESA":"TRIDADI","LONGITUDE":110.3436794,"LATITUDE":-7.71253,"STATUS":"BUKA","TANGGAL PENGUMPULAN":"Q1 2025","TANGGAL UPDATE":"27/02/2025"}},{"type":"Feature","geometry":{"coordinates":[110.4236812,-7.77212],"type":"Point"},"properties":{"NAMA":"TOKO SEMBAKO IBU ERI","TIPE_1":"PERDAGANGAN DAN RETAIL","TIPE_2":"TOKO KELONTONG","TIPE_3":"-","TELEPON":"0858-7846-7404","ALAMAT":"DEMANGAN JL. KH MUHDI NO.75 RT/RW 03/20 DEMANGAN, DEMANGAN, MAGUWOHARJO, KEC. DEPOK, KABUPATEN SLEMAN, DAERAH ISTIMEWA YOGYAKARTA 55282","ID_PROV":34,"PROVINSI":"DAERAH ISTIMEWA YOGYAKARTA","ID_KABKOT":34.04,"KABKOT":"SLEMAN","ID_KEC":"34.04.07","KECAMATAN":"DEPOK","ID_DESA":"34.04.07.2002","DESA":"MAGUWOHARJO","LONGITUDE":110.4236812,"LATITUDE":-7.77212,"STATUS":"BUKA","TANGGAL PENGUMPULAN":"Q1 2025","TANGGAL UPDATE":"27/02/2025"}},{"type":"Feature","geometry":{"coordinates":[110.440266,-7.8036451],"type":"Point"},"properties":{"NAMA":"TOKO RANGGA SOMPILAN","TIPE_1":"PERDAGANGAN DAN RETAIL","TIPE_2":"TOKO KELONTONG","TIPE_3":"-","TELEPON":"0878-3994-6778","ALAMAT":"DEPAN TK AMONG PUTRO, RT.02/RW.10, KRIKILAN, TEGALTIRTO, KEC. BERBAH, KABUPATEN SLEMAN, DAERAH ISTIMEWA YOGYAKARTA 55573","ID_PROV":34,"PROVINSI":"DAERAH ISTIMEWA YOGYAKARTA","ID_KABKOT":34.04,"KABKOT":"SLEMAN","ID_KEC":"34.04.08","KECAMATAN":"BERBAH","ID_DESA":"34.04.08.2002","DESA":"TEGALTIRTO","LONGITUDE":110.440266,"LATITUDE":-7.8036451,"STATUS":"BUKA","TANGGAL PENGUMPULAN":"Q1 2025","TANGGAL UPDATE":"27/02/2025"}},{"type":"Feature","geometry":{"coordinates":[110.3095868,-7.8062982],"type":"Point"},"properties":{"NAMA":"DAPUR BU ANDI","TIPE_1":"PERDAGANGAN DAN RETAIL","TIPE_2":"TOKO KELONTONG","TIPE_3":"-","TELEPON":"0859-1551-67923","ALAMAT":"DEPOK, RT.02/RW.29, AMBARKETAWANG, KABUPATEN SLEMAN, DAERAH ISTIMEWA YOGYAKARTA 55475","ID_PROV":34,"PROVINSI":"DAERAH ISTIMEWA YOGYAKARTA","ID_KABKOT":34.04,"KABKOT":"SLEMAN","ID_KEC":"34.04.01","KECAMATAN":"GAMPING","ID_DESA":"34.04.01.2002","DESA":"AMBARKETAWANG","LONGITUDE":110.3095868,"LATITUDE":-7.8062982,"STATUS":"BUKA","TANGGAL PENGUMPULAN":"Q1 2025","TANGGAL UPDATE":"27/02/2025"}},{"type":"Feature","geometry":{"coordinates":[110.4092744,-7.6734171],"type":"Point"},"properties":{"NAMA":"TOKO PAK YANTO","TIPE_1":"PERDAGANGAN DAN RETAIL","TIPE_2":"TOKO KELONTONG","TIPE_3":"-","TELEPON":"0818-469-827","ALAMAT":"DERO WETAN, HARJOBINANGUN, KEC. PAKEM, KABUPATEN SLEMAN, DAERAH ISTIMEWA YOGYAKARTA 55582","ID_PROV":34,"PROVINSI":"DAERAH ISTIMEWA YOGYAKARTA","ID_KABKOT":34.04,"KABKOT":"SLEMAN","ID_KEC":"34.04.16","KECAMATAN":"PAKEM","ID_DESA":"34.04.16.2003","DESA":"HARJOBINANGUN","LONGITUDE":110.4092744,"LATITUDE":-7.6734171,"STATUS":"BUKA","TANGGAL PENGUMPULAN":"Q1 2025","TANGGAL UPDATE":"27/02/2025"}},{"type":"Feature","geometry":{"coordinates":[110.231919,-7.7345614],"type":"Point"},"properties":{"NAMA":"WARUNG SEMBAKO BERKAH MANDIRI","TIPE_1":"PERDAGANGAN DAN RETAIL","TIPE_2":"TOKO KELONTONG","TIPE_3":"-","TELEPON":"0813-2552-1339","ALAMAT":"DIRO, SENDANGMULYO, KEC. MINGGIR, KABUPATEN SLEMAN, DAERAH ISTIMEWA YOGYAKARTA 55562","ID_PROV":34,"PROVINSI":"DAERAH ISTIMEWA YOGYAKARTA","ID_KABKOT":34.04,"KABKOT":"SLEMAN","ID_KEC":"34.04.04","KECAMATAN":"MINGGIR","ID_DESA":"34.04.04.2002","DESA":"SENDANGMULYO","LONGITUDE":110.231919,"LATITUDE":-7.7345614,"STATUS":"BUKA","TANGGAL PENGUMPULAN":"Q1 2025","TANGGAL UPDATE":"27/02/2025"}},{"type":"Feature","geometry":{"coordinates":[110.4365987,-7.7349735],"type":"Point"},"properties":{"NAMA":"TOKO SEMBAKO BAROKAH","TIPE_1":"PERDAGANGAN DAN RETAIL","TIPE_2":"TOKO KELONTONG","TIPE_3":"-","TELEPON":"0813-1508-6275","ALAMAT":"DOLO, PUCANG ANOM RT 03, 26, WEDOMARTANI, KEC. NGEMPLAK, KABUPATEN SLEMAN, DAERAH ISTIMEWA YOGYAKARTA 55584","ID_PROV":34,"PROVINSI":"DAERAH ISTIMEWA YOGYAKARTA","ID_KABKOT":34.04,"KABKOT":"SLEMAN","ID_KEC":"34.04.11","KECAMATAN":"NGEMPLAK","ID_DESA":"34.04.11.2004","DESA":"WEDOMARTANI","LONGITUDE":110.4365987,"LATITUDE":-7.7349735,"STATUS":"BUKA","TANGGAL PENGUMPULAN":"Q1 2025","TANGGAL UPDATE":"27/02/2025"}},{"type":"Feature","geometry":{"coordinates":[110.3303248,-7.6646547],"type":"Point"},"properties":{"NAMA":"TOKO AL HUSNA","TIPE_1":"PERDAGANGAN DAN RETAIL","TIPE_2":"TOKO KELONTONG","TIPE_3":"-","TELEPON":"","ALAMAT":"JALAN MAGELANG KM 17 NGOSIT, KEMIRI, MARGOREJO, KEC. TEMPEL, KABUPATEN SLEMAN, DAERAH ISTIMEWA YOGYAKARTA 55552","ID_PROV":34,"PROVINSI":"DAERAH ISTIMEWA YOGYAKARTA","ID_KABKOT":34.04,"KABKOT":"SLEMAN","ID_KEC":"34.04.14","KECAMATAN":"TEMPEL","ID_DESA":"34.04.14.2006","DESA":"MARGOREJO","LONGITUDE":110.3303248,"LATITUDE":-7.6646547,"STATUS":"BUKA","TANGGAL PENGUMPULAN":"Q1 2025","TANGGAL UPDATE":"27/02/2025"}},{"type":"Feature","geometry":{"coordinates":[110.4244627,-7.7853033],"type":"Point"},"properties":{"NAMA":"WARUNG KELONTONG BU ANIK SODIK","TIPE_1":"PERDAGANGAN DAN RETAIL","TIPE_2":"TOKO KELONTONG","TIPE_3":"-","TELEPON":"0823-2208-3001","ALAMAT":"JALAN MARSMA TNI DEWANTO, GANG KANTIL RT 01 RW 27, DESA KALONGAN KELURAHAN, DEPOK, KALONGAN, MAGUWOHARJO, KEC. DEPOK, KOTA YOGYAKARTA, DAERAH ISTIMEWA YOGYAKARTA 55281","ID_PROV":34,"PROVINSI":"DAERAH ISTIMEWA YOGYAKARTA","ID_KABKOT":34.04,"KABKOT":"SLEMAN","ID_KEC":"34.04.07","KECAMATAN":"DEPOK","ID_DESA":"34.04.07.2002","DESA":"MAGUWOHARJO","LONGITUDE":110.4244627,"LATITUDE":-7.7853033,"STATUS":"BUKA","TANGGAL PENGUMPULAN":"Q1 2025","TANGGAL UPDATE":"27/02/2025"}},{"type":"Feature","geometry":{"coordinates":[110.3102619,-7.678833],"type":"Point"},"properties":{"NAMA":"TOKO SEMBAKO PARINI","TIPE_1":"PERDAGANGAN DAN RETAIL","TIPE_2":"TOKO KELONTONG","TIPE_3":"-","TELEPON":"0813-1111-7551","ALAMAT":"JALAN MEDARI CEMORO CATURHARJO SLEMAN, MONCOSAN, TAMBAKREJO, KEC. TEMPEL, YOGYAKARTA, DAERAH ISTIMEWA YOGYAKARTA 55515","ID_PROV":34,"PROVINSI":"DAERAH ISTIMEWA YOGYAKARTA","ID_KABKOT":34.04,"KABKOT":"SLEMAN","ID_KEC":"34.04.14","KECAMATAN":"TEMPEL","ID_DESA":"34.04.14.2002","DESA":"TAMBAKREJO","LONGITUDE":110.3102619,"LATITUDE":-7.678833,"STATUS":"BUKA","TANGGAL PENGUMPULAN":"Q1 2025","TANGGAL UPDATE":"27/02/2025"}},{"type":"Feature","geometry":{"coordinates":[110.4650579,-7.7775476],"type":"Point"},"properties":{"NAMA":"WARUNG KEMBAR","TIPE_1":"PERDAGANGAN DAN RETAIL","TIPE_2":"TOKO KELONTONG","TIPE_3":"-","TELEPON":"0852-2854-9070","ALAMAT":"JALAN MERDEKA, RT.02/RW.11, JARAKAN, TIRTOMARTANI, KEC. KALASAN, KABUPATEN SLEMAN, DAERAH ISTIMEWA YOGYAKARTA 55571","ID_PROV":34,"PROVINSI":"DAERAH ISTIMEWA YOGYAKARTA","ID_KABKOT":34.04,"KABKOT":"SLEMAN","ID_KEC":"34.04.10","KECAMATAN":"KALASAN","ID_DESA":"34.04.10.2002","DESA":"TIRTOMARTANI","LONGITUDE":110.4650579,"LATITUDE":-7.7775476,"STATUS":"BUKA","TANGGAL PENGUMPULAN":"Q1 2025","TANGGAL UPDATE":"27/02/2025"}},{"type":"Feature","geometry":{"coordinates":[110.3807143,-7.7372423],"type":"Point"},"properties":{"NAMA":"TOKO SHOLEH","TIPE_1":"PERDAGANGAN DAN RETAIL","TIPE_2":"TOKO KELONTONG","TIPE_3":"-","TELEPON":"0816-684-846","ALAMAT":"JALAN NGLEMPONG SARI SARI HARJO, WONOREJO, KEC. NGAGLIK, KABUPATEN SLEMAN, DAERAH ISTIMEWA YOGYAKARTA 55581","ID_PROV":34,"PROVINSI":"DAERAH ISTIMEWA YOGYAKARTA","ID_KABKOT":34.04,"KABKOT":"SLEMAN","ID_KEC":"34.04.12","KECAMATAN":"NGAGLIK","ID_DESA":"34.04.12.2001","DESA":"SARIHARJO","LONGITUDE":110.3807143,"LATITUDE":-7.7372423,"STATUS":"BUKA","TANGGAL PENGUMPULAN":"Q1 2025","TANGGAL UPDATE":"27/02/2025"}},{"type":"Feature","geometry":{"coordinates":[110.3864554,-7.6567498],"type":"Point"},"properties":{"NAMA":"WARUNG SEMBAKO GROSIR BU ROKIMAH","TIPE_1":"PERDAGANGAN DAN RETAIL","TIPE_2":"TOKO KELONTONG","TIPE_3":"-","TELEPON":"0812-1501-3056","ALAMAT":"JALAN PAKEM - TURI, BENERAN, PURWOBINANGUN PAKEM, DAREN LOR, DONOKERTO, KEC. TURI, YOGYAKARTA, DAERAH ISTIMEWA YOGYAKARTA 55551","ID_PROV":34,"PROVINSI":"DAERAH ISTIMEWA YOGYAKARTA","ID_KABKOT":34.04,"KABKOT":"SLEMAN","ID_KEC":"34.04.16","KECAMATAN":"PAKEM","ID_DESA":"34.04.16.2001","DESA":"PURWOBINANGUN","LONGITUDE":110.3864554,"LATITUDE":-7.6567498,"STATUS":"BUKA","TANGGAL PENGUMPULAN":"Q1 2025","TANGGAL UPDATE":"27/02/2025"}},{"type":"Feature","geometry":{"coordinates":[110.4094863,-7.661587],"type":"Point"},"properties":{"NAMA":"TOKO ALAT TULIS & KELONTONG WARNA BARU","TIPE_1":"PERDAGANGAN DAN RETAIL","TIPE_2":"TOKO KELONTONG","TIPE_3":"-","TELEPON":"0858-7823-0251","ALAMAT":"JALAN PAKEM TURI KM 1,5 BLEMBEM LOR HARJOBINANGUN PAKEM, PLEMBON, HARJOBINANGUN, KEC. PAKEM, KABUPATEN SLEMAN, DAERAH ISTIMEWA YOGYAKARTA 55582","ID_PROV":34,"PROVINSI":"DAERAH ISTIMEWA YOGYAKARTA","ID_KABKOT":34.04,"KABKOT":"SLEMAN","ID_KEC":"34.04.16","KECAMATAN":"PAKEM","ID_DESA":"34.04.16.2003","DESA":"HARJOBINANGUN","LONGITUDE":110.4094863,"LATITUDE":-7.661587,"STATUS":"BUKA","TANGGAL PENGUMPULAN":"Q1 2025","TANGGAL UPDATE":"27/02/2025"}},{"type":"Feature","geometry":{"coordinates":[110.4009356,-7.6986198],"type":"Point"},"properties":{"NAMA":"GROSIR SEMBAKO","TIPE_1":"PERDAGANGAN DAN RETAIL","TIPE_2":"TOKO KELONTONG","TIPE_3":"-","TELEPON":"0858-6925-4257","ALAMAT":"JALAN PANDANARAN PENEN, BONDOSARI, HARJOBINANGUN, KEC. PAKEM, KABUPATEN SLEMAN, DAERAH ISTIMEWA YOGYAKARTA 55582","ID_PROV":34,"PROVINSI":"DAERAH ISTIMEWA YOGYAKARTA","ID_KABKOT":34.04,"KABKOT":"SLEMAN","ID_KEC":"34.04.16","KECAMATAN":"PAKEM","ID_DESA":"34.04.16.2003","DESA":"HARJOBINANGUN","LONGITUDE":110.4009356,"LATITUDE":-7.6986198,"STATUS":"BUKA","TANGGAL PENGUMPULAN":"Q1 2025","TANGGAL UPDATE":"27/02/2025"}},{"type":"Feature","geometry":{"coordinates":[110.4008604,-7.6984439],"type":"Point"},"properties":{"NAMA":"SEMBAKO POJOK KRAJAN PONDOK RAIHAN","TIPE_1":"PERDAGANGAN DAN RETAIL","TIPE_2":"TOKO KELONTONG","TIPE_3":"-","TELEPON":"(0274) 4546889","ALAMAT":"JALAN PANDANARAN PENEN, BONDOSARI, HARJOBINANGUN, KEC. PAKEM, KABUPATEN SLEMAN, DAERAH ISTIMEWA YOGYAKARTA 55582","ID_PROV":34,"PROVINSI":"DAERAH ISTIMEWA YOGYAKARTA","ID_KABKOT":34.04,"KABKOT":"SLEMAN","ID_KEC":"34.04.16","KECAMATAN":"PAKEM","ID_DESA":"34.04.16.2003","DESA":"HARJOBINANGUN","LONGITUDE":110.4008604,"LATITUDE":-7.6984439,"STATUS":"BUKA","TANGGAL PENGUMPULAN":"Q1 2025","TANGGAL UPDATE":"27/02/2025"}},{"type":"Feature","geometry":{"coordinates":[110.4395334,-7.7593988],"type":"Point"},"properties":{"NAMA":"TOKO KELONTONG & IQOS MBAK RINI","TIPE_1":"PERDAGANGAN DAN RETAIL","TIPE_2":"TOKO KELONTONG","TIPE_3":"-","TELEPON":"0856-2763-849","ALAMAT":"JALAN PANGERAN DIPONEGORO, #5 KADISOKA, PURWOMARTANI, KALASAN, SEMBEGO, MAGUWOHARJO, KEC. DEPOK, KABUPATEN SLEMAN, DAERAH ISTIMEWA YOGYAKARTA 55571","ID_PROV":34,"PROVINSI":"DAERAH ISTIMEWA YOGYAKARTA","ID_KABKOT":34.04,"KABKOT":"SLEMAN","ID_KEC":"34.04.07","KECAMATAN":"DEPOK","ID_DESA":"34.04.07.2002","DESA":"MAGUWOHARJO","LONGITUDE":110.4395334,"LATITUDE":-7.7593988,"STATUS":"BUKA","TANGGAL PENGUMPULAN":"Q1 2025","TANGGAL UPDATE":"27/02/2025"}},{"type":"Feature","geometry":{"coordinates":[110.2969391,-7.7824713],"type":"Point"},"properties":{"NAMA":"WARUNG SEMBAKO BU YUS","TIPE_1":"PERDAGANGAN DAN RETAIL","TIPE_2":"TOKO KELONTONG","TIPE_3":"-","TELEPON":"0896-6939-6630","ALAMAT":"JALAN PASAR BIBIS JL. SEMBUH WETAN, SEMBUH WETAN, SIDOKARTO, KEC. GODEAN, KABUPATEN SLEMAN, DAERAH ISTIMEWA YOGYAKARTA 55264","ID_PROV":34,"PROVINSI":"DAERAH ISTIMEWA YOGYAKARTA","ID_KABKOT":34.04,"KABKOT":"SLEMAN","ID_KEC":"34.04.02","KECAMATAN":"GODEAN","ID_DESA":"34.04.02.2005","DESA":"SIDOKARTO","LONGITUDE":110.2969391,"LATITUDE":-7.7824713,"STATUS":"BUKA","TANGGAL PENGUMPULAN":"Q1 2025","TANGGAL UPDATE":"27/02/2025"}},{"type":"Feature","geometry":{"coordinates":[110.481245,-7.817392],"type":"Point"},"properties":{"NAMA":"TOKO DP","TIPE_1":"PERDAGANGAN DAN RETAIL","TIPE_2":"TOKO KELONTONG","TIPE_3":"-","TELEPON":"0856-4308-5956","ALAMAT":"JALAN PIYUNGAN - PRAMBANAN KM. 4 JLATREN JOGOTIRTO, BERBAH, BULU, JOGOTIRTO, KEC. BERBAH, KABUPATEN SLEMAN, DAERAH ISTIMEWA YOGYAKARTA 55573","ID_PROV":34,"PROVINSI":"DAERAH ISTIMEWA YOGYAKARTA","ID_KABKOT":34.04,"KABKOT":"SLEMAN","ID_KEC":"34.04.08","KECAMATAN":"BERBAH","ID_DESA":"34.04.08.2004","DESA":"JOGOTIRTO","LONGITUDE":110.481245,"LATITUDE":-7.817392,"STATUS":"BUKA","TANGGAL PENGUMPULAN":"Q1 2025","TANGGAL UPDATE":"27/02/2025"}},{"type":"Feature","geometry":{"coordinates":[110.4827609,-7.8022995],"type":"Point"},"properties":{"NAMA":"TOKO SAE SOROWAJAN","TIPE_1":"PERDAGANGAN DAN RETAIL","TIPE_2":"TOKO KELONTONG","TIPE_3":"-","TELEPON":"(0274) 4398353","ALAMAT":"JALAN PIYUNGAN-PRAMBANAN KM.5,BELORAN,RT 01 RW 16, BELORAN, MADUREJO, KEC. PRAMBANAN, YOGYAKARTA, DAERAH ISTIMEWA YOGYAKARTA 55792","ID_PROV":34,"PROVINSI":"DAERAH ISTIMEWA YOGYAKARTA","ID_KABKOT":34.04,"KABKOT":"SLEMAN","ID_KEC":"34.04.09","KECAMATAN":"PRAMBANAN","ID_DESA":"34.04.09.2005","DESA":"MADUREJO","LONGITUDE":110.4827609,"LATITUDE":-7.8022995,"STATUS":"BUKA","TANGGAL PENGUMPULAN":"Q1 2025","TANGGAL UPDATE":"27/02/2025"}},{"type":"Feature","geometry":{"coordinates":[110.3940029,-7.7674422],"type":"Point"},"properties":{"NAMA":"TOKO KELONTONG KIKI","TIPE_1":"PERDAGANGAN DAN RETAIL","TIPE_2":"TOKO KELONTONG","TIPE_3":"-","TELEPON":"","ALAMAT":"JALAN PUREN, SOROPADAN, CONDONGCATUR, DEPOK, SLEMAN REGENCY, SPECIAL REGION OF YOGYAKARTA 55281","ID_PROV":34,"PROVINSI":"DAERAH ISTIMEWA YOGYAKARTA","ID_KABKOT":34.04,"KABKOT":"SLEMAN","ID_KEC":"34.04.07","KECAMATAN":"DEPOK","ID_DESA":"34.04.07.2003","DESA":"CONDONGCATUR","LONGITUDE":110.3940029,"LATITUDE":-7.7674422,"STATUS":"BUKA","TANGGAL PENGUMPULAN":"Q1 2025","TANGGAL UPDATE":"27/02/2025"}},{"type":"Feature","geometry":{"coordinates":[110.4651539,-7.7000851],"type":"Point"},"properties":{"NAMA":"TOKO SEMBAKO SEMPULUR","TIPE_1":"PERDAGANGAN DAN RETAIL","TIPE_2":"TOKO KELONTONG","TIPE_3":"-","TELEPON":"0812-1555-2339","ALAMAT":"JALAN RAYA CANGKRINGAN KOROULON KIDUL, AREA SAWAH, BIMOMARTANI, KEC. NGEMPLAK, KABUPATEN SLEMAN, DAERAH ISTIMEWA YOGYAKARTA 55584","ID_PROV":34,"PROVINSI":"DAERAH ISTIMEWA YOGYAKARTA","ID_KABKOT":34.04,"KABKOT":"SLEMAN","ID_KEC":"34.04.11","KECAMATAN":"NGEMPLAK","ID_DESA":"34.04.11.2002","DESA":"BIMOMARTANI","LONGITUDE":110.4651539,"LATITUDE":-7.7000851,"STATUS":"BUKA","TANGGAL PENGUMPULAN":"Q1 2025","TANGGAL UPDATE":"27/02/2025"}},{"type":"Feature","geometry":{"coordinates":[110.4510981,-7.7292433],"type":"Point"},"properties":{"NAMA":"TOKO MUJIYADI","TIPE_1":"PERDAGANGAN DAN RETAIL","TIPE_2":"TOKO KELONTONG","TIPE_3":"-","TELEPON":"0895-0379-7973","ALAMAT":"JALAN RAYA CANGKRINGAN, PERTOKOAN SIDOREJO NO.8, SELO MARTANI, KALASAN, DEMANGAN, SELOMARTANI, KEC. KALASAN, KABUPATEN SLEMAN, DAERAH ISTIMEWA YOGYAKARTA 55571","ID_PROV":34,"PROVINSI":"DAERAH ISTIMEWA YOGYAKARTA","ID_KABKOT":34.04,"KABKOT":"SLEMAN","ID_KEC":"34.04.10","KECAMATAN":"KALASAN","ID_DESA":"34.04.10.2004","DESA":"SELOMARTANI","LONGITUDE":110.4510981,"LATITUDE":-7.7292433,"STATUS":"BUKA","TANGGAL PENGUMPULAN":"Q1 2025","TANGGAL UPDATE":"27/02/2025"}},{"type":"Feature","geometry":{"coordinates":[110.4334341,-7.6243266],"type":"Point"},"properties":{"NAMA":"TOKO KELONTONG BU SITI","TIPE_1":"PERDAGANGAN DAN RETAIL","TIPE_2":"TOKO KELONTONG","TIPE_3":"-","TELEPON":"0878-3990-0102","ALAMAT":"JALAN RAYA MERAPI GOLF GAMBRETAN UMBULHARJO CANGKRINGAN, BALONG, UMBULHARJO, KEC. CANGKRINGAN, KABUPATEN SLEMAN, DAERAH ISTIMEWA YOGYAKARTA 55583","ID_PROV":34,"PROVINSI":"DAERAH ISTIMEWA YOGYAKARTA","ID_KABKOT":34.04,"KABKOT":"SLEMAN","ID_KEC":"34.04.17","KECAMATAN":"CANGKRINGAN","ID_DESA":"34.04.17.2005","DESA":"UMBULHARJO","LONGITUDE":110.4334341,"LATITUDE":-7.6243266,"STATUS":"BUKA","TANGGAL PENGUMPULAN":"Q1 2025","TANGGAL UPDATE":"27/02/2025"}},{"type":"Feature","geometry":{"coordinates":[110.4516581,-7.7353657],"type":"Point"},"properties":{"NAMA":"TOKO BARU","TIPE_1":"PERDAGANGAN DAN RETAIL","TIPE_2":"TOKO KELONTONG","TIPE_3":"-","TELEPON":"","ALAMAT":"JALAN RAYA PURWOMARTANI, SAMBIROTO, PURWOMARTANI, KALASAN, SANGGRAHAN, PURWOMARTANI, KEC. KALASAN, KABUPATEN SLEMAN, DAERAH ISTIMEWA YOGYAKARTA 55571","ID_PROV":34,"PROVINSI":"DAERAH ISTIMEWA YOGYAKARTA","ID_KABKOT":34.04,"KABKOT":"SLEMAN","ID_KEC":"34.04.10","KECAMATAN":"KALASAN","ID_DESA":"34.04.10.2001","DESA":"PURWOMARTANI","LONGITUDE":110.4516581,"LATITUDE":-7.7353657,"STATUS":"BUKA","TANGGAL PENGUMPULAN":"Q1 2025","TANGGAL UPDATE":"27/02/2025"}},{"type":"Feature","geometry":{"coordinates":[110.4455788,-7.8026054],"type":"Point"},"properties":{"NAMA":"WARUNG MBAK ANTI","TIPE_1":"PERDAGANGAN DAN RETAIL","TIPE_2":"TOKO KELONTONG","TIPE_3":"-","TELEPON":"","ALAMAT":"JALAN RAYA, SUMBER KULON, KALITIRTO, BERBAH, SLEMAN REGENCY, SPECIAL REGION OF YOGYAKARTA 55573","ID_PROV":34,"PROVINSI":"DAERAH ISTIMEWA YOGYAKARTA","ID_KABKOT":34.04,"KABKOT":"SLEMAN","ID_KEC":"34.04.08","KECAMATAN":"BERBAH","ID_DESA":"34.04.08.2003","DESA":"KALITIRTO","LONGITUDE":110.4455788,"LATITUDE":-7.8026054,"STATUS":"BUKA","TANGGAL PENGUMPULAN":"Q1 2025","TANGGAL UPDATE":"27/02/2025"}},{"type":"Feature","geometry":{"coordinates":[110.4415023,-7.800447],"type":"Point"},"properties":{"NAMA":"TOKO NAKLA PRATAMA","TIPE_1":"PERDAGANGAN DAN RETAIL","TIPE_2":"TOKO KELONTONG","TIPE_3":"-","TELEPON":"0813-9069-4547","ALAMAT":"JALAN SEKARSULI-BERBAH, KRIKILAN,TEGALTIRTO, BERBAH, BLENDENGAN, TEGALTIRTO, KEC. BERBAH, KABUPATEN SLEMAN, DAERAH ISTIMEWA YOGYAKARTA 55573","ID_PROV":34,"PROVINSI":"DAERAH ISTIMEWA YOGYAKARTA","ID_KABKOT":34.04,"KABKOT":"SLEMAN","ID_KEC":"34.04.08","KECAMATAN":"BERBAH","ID_DESA":"34.04.08.2002","DESA":"TEGALTIRTO","LONGITUDE":110.4415023,"LATITUDE":-7.800447,"STATUS":"BUKA","TANGGAL PENGUMPULAN":"Q1 2025","TANGGAL UPDATE":"27/02/2025"}},{"type":"Feature","geometry":{"coordinates":[110.3239227,-7.7968266],"type":"Point"},"properties":{"NAMA":"SEMBAKO AN NUR","TIPE_1":"PERDAGANGAN DAN RETAIL","TIPE_2":"TOKO KELONTONG","TIPE_3":"-","TELEPON":"0878-3979-4608","ALAMAT":"JALAN SIDOARUM-GAMPING RUKO PASAR BUAH GAMPING, PATUKAN, AMBARKETAWANG, KEC. GAMPING, KABUPATEN SLEMAN, DAERAH ISTIMEWA YOGYAKARTA 55294","ID_PROV":34,"PROVINSI":"DAERAH ISTIMEWA YOGYAKARTA","ID_KABKOT":34.04,"KABKOT":"SLEMAN","ID_KEC":"34.04.01","KECAMATAN":"GAMPING","ID_DESA":"34.04.01.2002","DESA":"AMBARKETAWANG","LONGITUDE":110.3239227,"LATITUDE":-7.7968266,"STATUS":"BUKA","TANGGAL PENGUMPULAN":"Q1 2025","TANGGAL UPDATE":"27/02/2025"}},{"type":"Feature","geometry":{"coordinates":[110.4212041,-7.733252],"type":"Point"},"properties":{"NAMA":"TOKO IMPIAN","TIPE_1":"PERDAGANGAN DAN RETAIL","TIPE_2":"TOKO KELONTONG","TIPE_3":"-","TELEPON":"0857-2509-8236","ALAMAT":"JALAN STADION, DUSUN KARANGANYAR, WEDOMARTANI, NGEMPLAK, BLOTAN, WEDOMARTANI, KEC. NGEMPLAK, KABUPATEN SLEMAN, DAERAH ISTIMEWA YOGYAKARTA 55584","ID_PROV":34,"PROVINSI":"DAERAH ISTIMEWA YOGYAKARTA","ID_KABKOT":34.04,"KABKOT":"SLEMAN","ID_KEC":"34.04.11","KECAMATAN":"NGEMPLAK","ID_DESA":"34.04.11.2004","DESA":"WEDOMARTANI","LONGITUDE":110.4212041,"LATITUDE":-7.733252,"STATUS":"BUKA","TANGGAL PENGUMPULAN":"Q1 2025","TANGGAL UPDATE":"27/02/2025"}},{"type":"Feature","geometry":{"coordinates":[110.369152,-7.747322],"type":"Point"},"properties":{"NAMA":"SEMBAKO BU MENUK","TIPE_1":"PERDAGANGAN DAN RETAIL","TIPE_2":"TOKO KELONTONG","TIPE_3":"-","TELEPON":"(0274) 865174","ALAMAT":"JALAN TEGAL MLATI JONGKRANG NO.84, WARAS, SARIHARJO, KEC. NGAGLIK, KABUPATEN SLEMAN, DAERAH ISTIMEWA YOGYAKARTA 55281","ID_PROV":34,"PROVINSI":"DAERAH ISTIMEWA YOGYAKARTA","ID_KABKOT":34.04,"KABKOT":"SLEMAN","ID_KEC":"34.04.12","KECAMATAN":"NGAGLIK","ID_DESA":"34.04.12.2001","DESA":"SARIHARJO","LONGITUDE":110.369152,"LATITUDE":-7.747322,"STATUS":"BUKA","TANGGAL PENGUMPULAN":"Q1 2025","TANGGAL UPDATE":"27/02/2025"}},{"type":"Feature","geometry":{"coordinates":[110.2980885,-7.7043716],"type":"Point"},"properties":{"NAMA":"TOKO BIN AJI","TIPE_1":"PERDAGANGAN DAN RETAIL","TIPE_2":"TOKO KELONTONG","TIPE_3":"-","TELEPON":"0815-7935-899","ALAMAT":"JALAN TEMPEL - DEKSO BANYUURIP JETIS, JETIS, MARGOAGUNG, KEC. SEYEGAN, YOGYAKARTA, DAERAH ISTIMEWA YOGYAKARTA 55552","ID_PROV":34,"PROVINSI":"DAERAH ISTIMEWA YOGYAKARTA","ID_KABKOT":34.04,"KABKOT":"SLEMAN","ID_KEC":"34.04.05","KECAMATAN":"SEYEGAN","ID_DESA":"34.04.05.2005","DESA":"MARGOAGUNG","LONGITUDE":110.2980885,"LATITUDE":-7.7043716,"STATUS":"BUKA","TANGGAL PENGUMPULAN":"Q1 2025","TANGGAL UPDATE":"27/02/2025"}},{"type":"Feature","geometry":{"coordinates":[110.305807,-7.6740862],"type":"Point"},"properties":{"NAMA":"TOKO COLAI","TIPE_1":"PERDAGANGAN DAN RETAIL","TIPE_2":"TOKO KELONTONG","TIPE_3":"-","TELEPON":"0821-3399-2009","ALAMAT":"JALAN TEMPEL SEYEGAN SLEMAN, AREA SAWAH, SUMBEREJO, KEC. TEMPEL, YOGYAKARTA, DAERAH ISTIMEWA YOGYAKARTA 55552","ID_PROV":34,"PROVINSI":"DAERAH ISTIMEWA YOGYAKARTA","ID_KABKOT":34.04,"KABKOT":"SLEMAN","ID_KEC":"34.04.14","KECAMATAN":"TEMPEL","ID_DESA":"34.04.14.2004","DESA":"PONDOKREJO","LONGITUDE":110.305807,"LATITUDE":-7.6740862,"STATUS":"BUKA","TANGGAL PENGUMPULAN":"Q1 2025","TANGGAL UPDATE":"27/02/2025"}},{"type":"Feature","geometry":{"coordinates":[110.2986594,-7.6843345],"type":"Point"},"properties":{"NAMA":"TOKO PLASTIK DAN SEMBAKO WI","TIPE_1":"PERDAGANGAN DAN RETAIL","TIPE_2":"TOKO KELONTONG","TIPE_3":"-","TELEPON":"0812-2763-2477","ALAMAT":"JALAN TEMPEL SEYEGAN TAMBAKREJO TEMPEL, SEMAMPIR WETAN / JOTOKAN, TAMBAKREJO, KEC. TEMPEL, YOGYAKARTA, DAERAH ISTIMEWA YOGYAKARTA 55552","ID_PROV":34,"PROVINSI":"DAERAH ISTIMEWA YOGYAKARTA","ID_KABKOT":34.04,"KABKOT":"SLEMAN","ID_KEC":"34.04.14","KECAMATAN":"TEMPEL","ID_DESA":"34.04.14.2002","DESA":"TAMBAKREJO","LONGITUDE":110.2986594,"LATITUDE":-7.6843345,"STATUS":"BUKA","TANGGAL PENGUMPULAN":"Q1 2025","TANGGAL UPDATE":"27/02/2025"}},{"type":"Feature","geometry":{"coordinates":[110.395001,-7.7882994],"type":"Point"},"properties":{"NAMA":"WARUNG SEMBAKO AZHA","TIPE_1":"PERDAGANGAN DAN RETAIL","TIPE_2":"TOKO KELONTONG","TIPE_3":"-","TELEPON":"0838-5754-7305","ALAMAT":"JALAN TIMOHO GG, SAWIT GONDOKUSUMAN, PAPRINGAN, CATURTUNGGAL, KEC. DEPOK, KOTA YOGYAKARTA, DAERAH ISTIMEWA YOGYAKARTA 55225","ID_PROV":34,"PROVINSI":"DAERAH ISTIMEWA YOGYAKARTA","ID_KABKOT":34.04,"KABKOT":"SLEMAN","ID_KEC":"34.04.07","KECAMATAN":"DEPOK","ID_DESA":"34.04.07.2001","DESA":"CATURTUNGGAL","LONGITUDE":110.395001,"LATITUDE":-7.7882994,"STATUS":"BUKA","TANGGAL PENGUMPULAN":"Q1 2025","TANGGAL UPDATE":"27/02/2025"}},{"type":"Feature","geometry":{"coordinates":[110.3548437,-7.6528908],"type":"Point"},"properties":{"NAMA":"TOKO AJIE","TIPE_1":"PERDAGANGAN DAN RETAIL","TIPE_2":"TOKO KELONTONG","TIPE_3":"-","TELEPON":"0811-269-314","ALAMAT":"JALAN TURI TEMPEL NGABLAK BANGUNKERTO TURI, BANGUNHARJO, BANGUN KERTO, KEC. TURI, KABUPATEN SLEMAN, DAERAH ISTIMEWA YOGYAKARTA 55551","ID_PROV":34,"PROVINSI":"DAERAH ISTIMEWA YOGYAKARTA","ID_KABKOT":34.04,"KABKOT":"SLEMAN","ID_KEC":"34.04.15","KECAMATAN":"TURI","ID_DESA":"34.04.15.2001","DESA":"BANGUNKERTO","LONGITUDE":110.3548437,"LATITUDE":-7.6528908,"STATUS":"BUKA","TANGGAL PENGUMPULAN":"Q1 2025","TANGGAL UPDATE":"27/02/2025"}},{"type":"Feature","geometry":{"coordinates":[110.4103531,-7.7831755],"type":"Point"},"properties":{"NAMA":"TOKO MULYA","TIPE_1":"PERDAGANGAN DAN RETAIL","TIPE_2":"TOKO KELONTONG","TIPE_3":"-","TELEPON":"","ALAMAT":"JALAN URIP SUMOHARJO NO.KM 7 NGENTAK NGENTAK PECINAN, NGENTAK, CATURTUNGGAL, KEC. GONDOKUSUMAN, KOTA YOGYAKARTA, DAERAH ISTIMEWA YOGYAKARTA 55281","ID_PROV":34,"PROVINSI":"DAERAH ISTIMEWA YOGYAKARTA","ID_KABKOT":34.04,"KABKOT":"SLEMAN","ID_KEC":"34.04.07","KECAMATAN":"DEPOK","ID_DESA":"34.04.07.2001","DESA":"CATURTUNGGAL","LONGITUDE":110.4103531,"LATITUDE":-7.7831755,"STATUS":"BUKA","TANGGAL PENGUMPULAN":"Q1 2025","TANGGAL UPDATE":"27/02/2025"}},{"type":"Feature","geometry":{"coordinates":[110.3677257,-7.6605604],"type":"Point"},"properties":{"NAMA":"TOKO SIDOARUM","TIPE_1":"PERDAGANGAN DAN RETAIL","TIPE_2":"TOKO KELONTONG","TIPE_3":"-","TELEPON":"0821-2306-7211","ALAMAT":"JALAN, NGENTAK, DONOKERTO, KEC. TURI, KABUPATEN SLEMAN, DAERAH ISTIMEWA YOGYAKARTA 55551","ID_PROV":34,"PROVINSI":"DAERAH ISTIMEWA YOGYAKARTA","ID_KABKOT":34.04,"KABKOT":"SLEMAN","ID_KEC":"34.04.15","KECAMATAN":"TURI","ID_DESA":"34.04.15.2002","DESA":"DONOKERTO","LONGITUDE":110.3677257,"LATITUDE":-7.6605604,"STATUS":"BUKA","TANGGAL PENGUMPULAN":"Q1 2025","TANGGAL UPDATE":"27/02/2025"}},{"type":"Feature","geometry":{"coordinates":[110.3216133,-7.7935733],"type":"Point"},"properties":{"NAMA":"TOKO MAHARANI","TIPE_1":"PERDAGANGAN DAN RETAIL","TIPE_2":"TOKO KELONTONG","TIPE_3":"-","TELEPON":"","ALAMAT":"JALAN, PATUKAN, AMBARKETAWANG, KEC. GAMPING, KABUPATEN SLEMAN, DAERAH ISTIMEWA YOGYAKARTA 55294","ID_PROV":34,"PROVINSI":"DAERAH ISTIMEWA YOGYAKARTA","ID_KABKOT":34.04,"KABKOT":"SLEMAN","ID_KEC":"34.04.01","KECAMATAN":"GAMPING","ID_DESA":"34.04.01.2002","DESA":"AMBARKETAWANG","LONGITUDE":110.3216133,"LATITUDE":-7.7935733,"STATUS":"BUKA","TANGGAL PENGUMPULAN":"Q1 2025","TANGGAL UPDATE":"27/02/2025"}},{"type":"Feature","geometry":{"coordinates":[110.3952793,-7.6594242],"type":"Point"},"properties":{"NAMA":"WARUNG PAK BANI","TIPE_1":"PERDAGANGAN DAN RETAIL","TIPE_2":"TOKO KELONTONG","TIPE_3":"-","TELEPON":"","ALAMAT":"JAMBALANGAN, JL. PULOWATU, PURWOBINANGUN, KEC. PAKEM, KABUPATEN SLEMAN, DAERAH ISTIMEWA YOGYAKARTA 55582","ID_PROV":34,"PROVINSI":"DAERAH ISTIMEWA YOGYAKARTA","ID_KABKOT":34.04,"KABKOT":"SLEMAN","ID_KEC":"34.04.16","KECAMATAN":"PAKEM","ID_DESA":"34.04.16.2001","DESA":"PURWOBINANGUN","LONGITUDE":110.3952793,"LATITUDE":-7.6594242,"STATUS":"BUKA","TANGGAL PENGUMPULAN":"Q1 2025","TANGGAL UPDATE":"27/02/2025"}},{"type":"Feature","geometry":{"coordinates":[110.2766687,-7.6990985],"type":"Point"},"properties":{"NAMA":"SEMBAKO SARI","TIPE_1":"PERDAGANGAN DAN RETAIL","TIPE_2":"TOKO KELONTONG","TIPE_3":"-","TELEPON":"0852-9200-3798","ALAMAT":"JAMBEYAN, BANYUREJO, KEC. TEMPEL, KABUPATEN SLEMAN, DAERAH ISTIMEWA YOGYAKARTA 55552","ID_PROV":34,"PROVINSI":"DAERAH ISTIMEWA YOGYAKARTA","ID_KABKOT":34.04,"KABKOT":"SLEMAN","ID_KEC":"34.04.14","KECAMATAN":"TEMPEL","ID_DESA":"34.04.14.2001","DESA":"BANYUREJO","LONGITUDE":110.2766687,"LATITUDE":-7.6990985,"STATUS":"BUKA","TANGGAL PENGUMPULAN":"Q1 2025","TANGGAL UPDATE":"27/02/2025"}},{"type":"Feature","geometry":{"coordinates":[110.2787645,-7.7007667],"type":"Point"},"properties":{"NAMA":"TOKO KELONTONG NUR LILIN","TIPE_1":"PERDAGANGAN DAN RETAIL","TIPE_2":"TOKO KELONTONG","TIPE_3":"-","TELEPON":"0878-3428-0018","ALAMAT":"JAMBEYAN, BANYUREJO, KEC. TEMPEL, KABUPATEN SLEMAN, DAERAH ISTIMEWA YOGYAKARTA 55552","ID_PROV":34,"PROVINSI":"DAERAH ISTIMEWA YOGYAKARTA","ID_KABKOT":34.04,"KABKOT":"SLEMAN","ID_KEC":"34.04.14","KECAMATAN":"TEMPEL","ID_DESA":"34.04.14.2001","DESA":"BANYUREJO","LONGITUDE":110.2787645,"LATITUDE":-7.7007667,"STATUS":"BUKA","TANGGAL PENGUMPULAN":"Q1 2025","TANGGAL UPDATE":"27/02/2025"}},{"type":"Feature","geometry":{"coordinates":[110.2782359,-7.7005005],"type":"Point"},"properties":{"NAMA":"TOKO TANJUNG","TIPE_1":"PERDAGANGAN DAN RETAIL","TIPE_2":"TOKO KELONTONG","TIPE_3":"-","TELEPON":"0878-3436-3999","ALAMAT":"JAMBEYAN, BANYUREJO, TEMPEL, SLEMAN REGENCY, SPECIAL REGION OF YOGYAKARTA 55552","ID_PROV":34,"PROVINSI":"DAERAH ISTIMEWA YOGYAKARTA","ID_KABKOT":34.04,"KABKOT":"SLEMAN","ID_KEC":"34.04.14","KECAMATAN":"TEMPEL","ID_DESA":"34.04.14.2001","DESA":"BANYUREJO","LONGITUDE":110.2782359,"LATITUDE":-7.7005005,"STATUS":"BUKA","TANGGAL PENGUMPULAN":"Q1 2025","TANGGAL UPDATE":"27/02/2025"}},{"type":"Feature","geometry":{"coordinates":[110.3149249,-7.729536],"type":"Point"},"properties":{"NAMA":"WARUNG SEMBAKO DAN SAYURAN SEGAR YU JILAH","TIPE_1":"PERDAGANGAN DAN RETAIL","TIPE_2":"TOKO KELONTONG","TIPE_3":"-","TELEPON":"","ALAMAT":"JAMBLANGAN, RT.01/RW.26, MRIYAN, MARGOMULYO, KEC. SEYEGAN, KABUPATEN SLEMAN, DAERAH ISTIMEWA YOGYAKARTA 55561","ID_PROV":34,"PROVINSI":"DAERAH ISTIMEWA YOGYAKARTA","ID_KABKOT":34.04,"KABKOT":"SLEMAN","ID_KEC":"34.04.05","KECAMATAN":"SEYEGAN","ID_DESA":"34.04.05.2004","DESA":"MARGOMULYO","LONGITUDE":110.3149249,"LATITUDE":-7.729536,"STATUS":"BUKA","TANGGAL PENGUMPULAN":"Q1 2025","TANGGAL UPDATE":"27/02/2025"}},{"type":"Feature","geometry":{"coordinates":[110.4708528,-7.784236],"type":"Point"},"properties":{"NAMA":"WARUNG SEMBAKO BU PAR","TIPE_1":"PERDAGANGAN DAN RETAIL","TIPE_2":"TOKO KELONTONG","TIPE_3":"-","TELEPON":"","ALAMAT":"JAMUSAN, BOKOHARJO, KEC. PRAMBANAN, KABUPATEN SLEMAN, DAERAH ISTIMEWA YOGYAKARTA 55572","ID_PROV":34,"PROVINSI":"DAERAH ISTIMEWA YOGYAKARTA","ID_KABKOT":34.04,"KABKOT":"SLEMAN","ID_KEC":"34.04.09","KECAMATAN":"PRAMBANAN","ID_DESA":"34.04.09.2006","DESA":"BOKOHARJO","LONGITUDE":110.4708528,"LATITUDE":-7.784236,"STATUS":"BUKA","TANGGAL PENGUMPULAN":"Q1 2025","TANGGAL UPDATE":"27/02/2025"}},{"type":"Feature","geometry":{"coordinates":[110.3209001,-7.740051],"type":"Point"},"properties":{"NAMA":"WARUNG DJM 2 SEMBAKO KELONTONG","TIPE_1":"PERDAGANGAN DAN RETAIL","TIPE_2":"TOKO KELONTONG","TIPE_3":"-","TELEPON":"0812-1745-9460","ALAMAT":"JANTURAN, RT03 RW13, JONTUNGAN, TIRTOADI, KEC. MLATI, KABUPATEN SLEMAN, DAERAH ISTIMEWA YOGYAKARTA 55287","ID_PROV":34,"PROVINSI":"DAERAH ISTIMEWA YOGYAKARTA","ID_KABKOT":34.04,"KABKOT":"SLEMAN","ID_KEC":"34.04.06","KECAMATAN":"MLATI","ID_DESA":"34.04.06.2004","DESA":"TIRTOADI","LONGITUDE":110.3209001,"LATITUDE":-7.740051,"STATUS":"BUKA","TANGGAL PENGUMPULAN":"Q1 2025","TANGGAL UPDATE":"27/02/2025"}},{"type":"Feature","geometry":{"coordinates":[110.4497535,-7.6663637],"type":"Point"},"properties":{"NAMA":"TOKO KELONTONG MBA PUJI","TIPE_1":"PERDAGANGAN DAN RETAIL","TIPE_2":"TOKO KELONTONG","TIPE_3":"-","TELEPON":"","ALAMAT":"JARANAN, ARGOMULYO, CANGKRINGAN, SLEMAN REGENCY, SPECIAL REGION OF YOGYAKARTA 55583","ID_PROV":34,"PROVINSI":"DAERAH ISTIMEWA YOGYAKARTA","ID_KABKOT":34.04,"KABKOT":"SLEMAN","ID_KEC":"34.04.17","KECAMATAN":"CANGKRINGAN","ID_DESA":"34.04.17.2001","DESA":"ARGOMULYO","LONGITUDE":110.4497535,"LATITUDE":-7.6663637,"STATUS":"BUKA","TANGGAL PENGUMPULAN":"Q1 2025","TANGGAL UPDATE":"27/02/2025"}},{"type":"Feature","geometry":{"coordinates":[110.4550486,-7.6813837],"type":"Point"},"properties":{"NAMA":"TOKO KELONTONG BU YANTI","TIPE_1":"PERDAGANGAN DAN RETAIL","TIPE_2":"TOKO KELONTONG","TIPE_3":"-","TELEPON":"0857-2889-6961","ALAMAT":"JATEN ROAD, JATEN, BIMOMARTANI, KEC. NGEMPLAK, KABUPATEN SLEMAN, DAERAH ISTIMEWA YOGYAKARTA 55584","ID_PROV":34,"PROVINSI":"DAERAH ISTIMEWA YOGYAKARTA","ID_KABKOT":34.04,"KABKOT":"SLEMAN","ID_KEC":"34.04.11","KECAMATAN":"NGEMPLAK","ID_DESA":"34.04.11.2002","DESA":"BIMOMARTANI","LONGITUDE":110.4550486,"LATITUDE":-7.6813837,"STATUS":"BUKA","TANGGAL PENGUMPULAN":"Q1 2025","TANGGAL UPDATE":"27/02/2025"}},{"type":"Feature","geometry":{"coordinates":[110.3526721,-7.7286509],"type":"Point"},"properties":{"NAMA":"TOKO SEMBAKO SUNU","TIPE_1":"PERDAGANGAN DAN RETAIL","TIPE_2":"TOKO KELONTONG","TIPE_3":"-","TELEPON":"","ALAMAT":"JATEN, RT.06/RW.31, SENDANGADI, KEC. MLATI, KABUPATEN SLEMAN, DAERAH ISTIMEWA YOGYAKARTA","ID_PROV":34,"PROVINSI":"DAERAH ISTIMEWA YOGYAKARTA","ID_KABKOT":34.04,"KABKOT":"SLEMAN","ID_KEC":"34.04.06","KECAMATAN":"MLATI","ID_DESA":"34.04.06.2002","DESA":"SENDANGADI","LONGITUDE":110.3526721,"LATITUDE":-7.7286509,"STATUS":"BUKA","TANGGAL PENGUMPULAN":"Q1 2025","TANGGAL UPDATE":"27/02/2025"}},{"type":"Feature","geometry":{"coordinates":[110.372946,-7.731443],"type":"Point"},"properties":{"NAMA":"WARUNG KELONTONG MBAH GIYO","TIPE_1":"PERDAGANGAN DAN RETAIL","TIPE_2":"TOKO KELONTONG","TIPE_3":"-","TELEPON":"","ALAMAT":"JATIREJO, SENDANGADI, MLATI, SLEMAN REGENCY, SPECIAL REGION OF YOGYAKARTA 55285","ID_PROV":34,"PROVINSI":"DAERAH ISTIMEWA YOGYAKARTA","ID_KABKOT":34.04,"KABKOT":"SLEMAN","ID_KEC":"34.04.06","KECAMATAN":"MLATI","ID_DESA":"34.04.06.2002","DESA":"SENDANGADI","LONGITUDE":110.372946,"LATITUDE":-7.731443,"STATUS":"BUKA","TANGGAL PENGUMPULAN":"Q1 2025","TANGGAL UPDATE":"27/02/2025"}},{"type":"Feature","geometry":{"coordinates":[110.2853473,-7.8157652],"type":"Point"},"properties":{"NAMA":"TOKO KELONTONG BU NOTO PASAR NGOTO","TIPE_1":"PERDAGANGAN DAN RETAIL","TIPE_2":"TOKO KELONTONG","TIPE_3":"-","TELEPON":"","ALAMAT":"JATISAWIT, BALECATUR, GAMPING, SLEMAN REGENCY, SPECIAL REGION OF YOGYAKARTA 55295","ID_PROV":34,"PROVINSI":"DAERAH ISTIMEWA YOGYAKARTA","ID_KABKOT":34.04,"KABKOT":"SLEMAN","ID_KEC":"34.04.01","KECAMATAN":"GAMPING","ID_DESA":"34.04.01.2001","DESA":"BALECATUR","LONGITUDE":110.2853473,"LATITUDE":-7.8157652,"STATUS":"BUKA","TANGGAL PENGUMPULAN":"Q1 2025","TANGGAL UPDATE":"27/02/2025"}},{"type":"Feature","geometry":{"coordinates":[110.2853531,-7.8153502],"type":"Point"},"properties":{"NAMA":"TOKO SATRIA","TIPE_1":"PERDAGANGAN DAN RETAIL","TIPE_2":"TOKO KELONTONG","TIPE_3":"-","TELEPON":"","ALAMAT":"JATISAWIT, BALECATUR, GAMPING, SLEMAN REGENCY, SPECIAL REGION OF YOGYAKARTA 55295","ID_PROV":34,"PROVINSI":"DAERAH ISTIMEWA YOGYAKARTA","ID_KABKOT":34.04,"KABKOT":"SLEMAN","ID_KEC":"34.04.01","KECAMATAN":"GAMPING","ID_DESA":"34.04.01.2001","DESA":"BALECATUR","LONGITUDE":110.2853531,"LATITUDE":-7.8153502,"STATUS":"BUKA","TANGGAL PENGUMPULAN":"Q1 2025","TANGGAL UPDATE":"27/02/2025"}},{"type":"Feature","geometry":{"coordinates":[110.4720158,-7.6782612],"type":"Point"},"properties":{"NAMA":"TOKO KELONTONG DAN CATERING RONY","TIPE_1":"PERDAGANGAN DAN RETAIL","TIPE_2":"TOKO KELONTONG","TIPE_3":"-","TELEPON":"0812-1344-4346","ALAMAT":"JELAPAN, SINDUMARTANI, KEC. NGEMPLAK, KABUPATEN SLEMAN, DAERAH ISTIMEWA YOGYAKARTA 55584","ID_PROV":34,"PROVINSI":"DAERAH ISTIMEWA YOGYAKARTA","ID_KABKOT":34.04,"KABKOT":"SLEMAN","ID_KEC":"34.04.11","KECAMATAN":"NGEMPLAK","ID_DESA":"34.04.11.2001","DESA":"SINDUMARTANI","LONGITUDE":110.4720158,"LATITUDE":-7.6782612,"STATUS":"BUKA","TANGGAL PENGUMPULAN":"Q1 2025","TANGGAL UPDATE":"27/02/2025"}},{"type":"Feature","geometry":{"coordinates":[110.379146,-7.6896586],"type":"Point"},"properties":{"NAMA":"WARUNG WORLEN","TIPE_1":"PERDAGANGAN DAN RETAIL","TIPE_2":"TOKO KELONTONG","TIPE_3":"-","TELEPON":"0898-5793-266","ALAMAT":"JEMBULAN, RT.01 RW45, JEMBULAN, PANDOWOHARJO, KEC. SLEMAN, KABUPATEN SLEMAN, DAERAH ISTIMEWA YOGYAKARTA 55512","ID_PROV":34,"PROVINSI":"DAERAH ISTIMEWA YOGYAKARTA","ID_KABKOT":34.04,"KABKOT":"SLEMAN","ID_KEC":"34.04.13","KECAMATAN":"SLEMAN","ID_DESA":"34.04.13.2004","DESA":"PANDOWOHARJO","LONGITUDE":110.379146,"LATITUDE":-7.6896586,"STATUS":"BUKA","TANGGAL PENGUMPULAN":"Q1 2025","TANGGAL UPDATE":"27/02/2025"}},{"type":"Feature","geometry":{"coordinates":[110.3016345,-7.6707685],"type":"Point"},"properties":{"NAMA":"TOKO KITA","TIPE_1":"PERDAGANGAN DAN RETAIL","TIPE_2":"TOKO KELONTONG","TIPE_3":"-","TELEPON":"0856-4756-5961","ALAMAT":"JENENGAN, SUMBEREJO, KEC. TEMPEL, KABUPATEN SLEMAN, DAERAH ISTIMEWA YOGYAKARTA 55552","ID_PROV":34,"PROVINSI":"DAERAH ISTIMEWA YOGYAKARTA","ID_KABKOT":34.04,"KABKOT":"SLEMAN","ID_KEC":"34.04.14","KECAMATAN":"TEMPEL","ID_DESA":"34.04.14.2003","DESA":"SUMBERREJO","LONGITUDE":110.3016345,"LATITUDE":-7.6707685,"STATUS":"BUKA","TANGGAL PENGUMPULAN":"Q1 2025","TANGGAL UPDATE":"27/02/2025"}},{"type":"Feature","geometry":{"coordinates":[110.3156058,-7.7843773],"type":"Point"},"properties":{"NAMA":"SEMBAKO BU YANI","TIPE_1":"PERDAGANGAN DAN RETAIL","TIPE_2":"TOKO KELONTONG","TIPE_3":"-","TELEPON":"","ALAMAT":"JENGKELINGAN, AREA SAWAH, SIDOARUM, KEC. GODEAN, KABUPATEN SLEMAN, DAERAH ISTIMEWA YOGYAKARTA 55264","ID_PROV":34,"PROVINSI":"DAERAH ISTIMEWA YOGYAKARTA","ID_KABKOT":34.04,"KABKOT":"SLEMAN","ID_KEC":"34.04.02","KECAMATAN":"GODEAN","ID_DESA":"34.04.02.2006","DESA":"SIDOARUM","LONGITUDE":110.3156058,"LATITUDE":-7.7843773,"STATUS":"BUKA","TANGGAL PENGUMPULAN":"Q1 2025","TANGGAL UPDATE":"27/02/2025"}},{"type":"Feature","geometry":{"coordinates":[110.3135836,-7.7669253],"type":"Point"},"properties":{"NAMA":"WARUNG KELONTONG MBAH MARNI","TIPE_1":"PERDAGANGAN DAN RETAIL","TIPE_2":"TOKO KELONTONG","TIPE_3":"-","TELEPON":"0823-2777-2193","ALAMAT":"JETAK II, SIDOKARTO, KEC. GODEAN, KABUPATEN SLEMAN, DAERAH ISTIMEWA YOGYAKARTA 55264","ID_PROV":34,"PROVINSI":"DAERAH ISTIMEWA YOGYAKARTA","ID_KABKOT":34.04,"KABKOT":"SLEMAN","ID_KEC":"34.04.02","KECAMATAN":"GODEAN","ID_DESA":"34.04.02.2005","DESA":"SIDOKARTO","LONGITUDE":110.3135836,"LATITUDE":-7.7669253,"STATUS":"BUKA","TANGGAL PENGUMPULAN":"Q1 2025","TANGGAL UPDATE":"27/02/2025"}},{"type":"Feature","geometry":{"coordinates":[110.457576,-7.7248116],"type":"Point"},"properties":{"NAMA":"QEEYA SEMBAKO","TIPE_1":"PERDAGANGAN DAN RETAIL","TIPE_2":"TOKO KELONTONG","TIPE_3":"-","TELEPON":"","ALAMAT":"JETAK, SELOMARTANI, KEC. KALASAN, KABUPATEN SLEMAN, DAERAH ISTIMEWA YOGYAKARTA 55571","ID_PROV":34,"PROVINSI":"DAERAH ISTIMEWA YOGYAKARTA","ID_KABKOT":34.04,"KABKOT":"SLEMAN","ID_KEC":"34.04.10","KECAMATAN":"KALASAN","ID_DESA":"34.04.10.2004","DESA":"SELOMARTANI","LONGITUDE":110.457576,"LATITUDE":-7.7248116,"STATUS":"BUKA","TANGGAL PENGUMPULAN":"Q1 2025","TANGGAL UPDATE":"27/02/2025"}},{"type":"Feature","geometry":{"coordinates":[110.4589147,-7.727069],"type":"Point"},"properties":{"NAMA":"TOKO AUREL","TIPE_1":"PERDAGANGAN DAN RETAIL","TIPE_2":"TOKO KELONTONG","TIPE_3":"-","TELEPON":"0896-2206-0212","ALAMAT":"JETAK, SELOMARTANI, KEC. KALASAN, KABUPATEN SLEMAN, DAERAH ISTIMEWA YOGYAKARTA 55571","ID_PROV":34,"PROVINSI":"DAERAH ISTIMEWA YOGYAKARTA","ID_KABKOT":34.04,"KABKOT":"SLEMAN","ID_KEC":"34.04.10","KECAMATAN":"KALASAN","ID_DESA":"34.04.10.2004","DESA":"SELOMARTANI","LONGITUDE":110.4589147,"LATITUDE":-7.727069,"STATUS":"BUKA","TANGGAL PENGUMPULAN":"Q1 2025","TANGGAL UPDATE":"27/02/2025"}},{"type":"Feature","geometry":{"coordinates":[110.30716,-7.7875878],"type":"Point"},"properties":{"NAMA":"TOKO KELONTONG BU SUPI","TIPE_1":"PERDAGANGAN DAN RETAIL","TIPE_2":"TOKO KELONTONG","TIPE_3":"-","TELEPON":"0858-7815-0666","ALAMAT":"JETIS PRENGGAN, RT.03/RW.19, KABUPATEN SLEMAN, DAERAH ISTIMEWA YOGYAKARTA 55564","ID_PROV":34,"PROVINSI":"DAERAH ISTIMEWA YOGYAKARTA","ID_KABKOT":34.04,"KABKOT":"SLEMAN","ID_KEC":"34.04.02","KECAMATAN":"GODEAN","ID_DESA":"34.04.02.2005","DESA":"SIDOKARTO","LONGITUDE":110.30716,"LATITUDE":-7.7875878,"STATUS":"BUKA","TANGGAL PENGUMPULAN":"Q1 2025","TANGGAL UPDATE":"27/02/2025"}},{"type":"Feature","geometry":{"coordinates":[110.3123023,-7.6731069],"type":"Point"},"properties":{"NAMA":"TOKO ENDANG","TIPE_1":"PERDAGANGAN DAN RETAIL","TIPE_2":"TOKO KELONTONG","TIPE_3":"-","TELEPON":"0822-1481-9131","ALAMAT":"JETIS, MOROREJO, KEC. TEMPEL, KABUPATEN SLEMAN, DAERAH ISTIMEWA YOGYAKARTA 55552","ID_PROV":34,"PROVINSI":"DAERAH ISTIMEWA YOGYAKARTA","ID_KABKOT":34.04,"KABKOT":"SLEMAN","ID_KEC":"34.04.14","KECAMATAN":"TEMPEL","ID_DESA":"34.04.14.2005","DESA":"MOROREJO","LONGITUDE":110.3123023,"LATITUDE":-7.6731069,"STATUS":"BUKA","TANGGAL PENGUMPULAN":"Q1 2025","TANGGAL UPDATE":"27/02/2025"}},{"type":"Feature","geometry":{"coordinates":[110.4119217,-7.748113],"type":"Point"},"properties":{"NAMA":"TOKO SEMBAKO SAKHI","TIPE_1":"PERDAGANGAN DAN RETAIL","TIPE_2":"TOKO KELONTONG","TIPE_3":"-","TELEPON":"0819-3647-1807","ALAMAT":"JETIS, WEDOMARTANI, KEC. NGEMPLAK, KABUPATEN SLEMAN, DAERAH ISTIMEWA YOGYAKARTA 55584","ID_PROV":34,"PROVINSI":"DAERAH ISTIMEWA YOGYAKARTA","ID_KABKOT":34.04,"KABKOT":"SLEMAN","ID_KEC":"34.04.11","KECAMATAN":"NGEMPLAK","ID_DESA":"34.04.11.2004","DESA":"WEDOMARTANI","LONGITUDE":110.4119217,"LATITUDE":-7.748113,"STATUS":"BUKA","TANGGAL PENGUMPULAN":"Q1 2025","TANGGAL UPDATE":"27/02/2025"}},{"type":"Feature","geometry":{"coordinates":[110.4438106,-7.6929823],"type":"Point"},"properties":{"NAMA":"WARUNG KELONTONG PAK BARDA","TIPE_1":"PERDAGANGAN DAN RETAIL","TIPE_2":"TOKO KELONTONG","TIPE_3":"-","TELEPON":"0838-6951-8379","ALAMAT":"JIMAT, WIDODOMARTANI, KEC. NGEMPLAK, KABUPATEN SLEMAN, DAERAH ISTIMEWA YOGYAKARTA 55571","ID_PROV":34,"PROVINSI":"DAERAH ISTIMEWA YOGYAKARTA","ID_KABKOT":34.04,"KABKOT":"SLEMAN","ID_KEC":"34.04.11","KECAMATAN":"NGEMPLAK","ID_DESA":"34.04.11.2003","DESA":"WIDODOMARTANI","LONGITUDE":110.4438106,"LATITUDE":-7.6929823,"STATUS":"BUKA","TANGGAL PENGUMPULAN":"Q1 2025","TANGGAL UPDATE":"27/02/2025"}},{"type":"Feature","geometry":{"coordinates":[110.4787383,-7.7796848],"type":"Point"},"properties":{"NAMA":"TOKO KELONTONG SUKIRMAN","TIPE_1":"PERDAGANGAN DAN RETAIL","TIPE_2":"TOKO KELONTONG","TIPE_3":"-","TELEPON":"","ALAMAT":"JIRAK, BOKOHARJO, KEC. PRAMBANAN, KABUPATEN SLEMAN, DAERAH ISTIMEWA YOGYAKARTA 55572","ID_PROV":34,"PROVINSI":"DAERAH ISTIMEWA YOGYAKARTA","ID_KABKOT":34.04,"KABKOT":"SLEMAN","ID_KEC":"34.04.09","KECAMATAN":"PRAMBANAN","ID_DESA":"34.04.09.2006","DESA":"BOKOHARJO","LONGITUDE":110.4787383,"LATITUDE":-7.7796848,"STATUS":"BUKA","TANGGAL PENGUMPULAN":"Q1 2025","TANGGAL UPDATE":"27/02/2025"}},{"type":"Feature","geometry":{"coordinates":[110.4797476,-7.779724],"type":"Point"},"properties":{"NAMA":"TOKO KELONTONG TOMBO NGILER","TIPE_1":"PERDAGANGAN DAN RETAIL","TIPE_2":"TOKO KELONTONG","TIPE_3":"-","TELEPON":"","ALAMAT":"JIRAK, BOKOHARJO, KEC. PRAMBANAN, KABUPATEN SLEMAN, DAERAH ISTIMEWA YOGYAKARTA 55572","ID_PROV":34,"PROVINSI":"DAERAH ISTIMEWA YOGYAKARTA","ID_KABKOT":34.04,"KABKOT":"SLEMAN","ID_KEC":"34.04.09","KECAMATAN":"PRAMBANAN","ID_DESA":"34.04.09.2006","DESA":"BOKOHARJO","LONGITUDE":110.4797476,"LATITUDE":-7.779724,"STATUS":"BUKA","TANGGAL PENGUMPULAN":"Q1 2025","TANGGAL UPDATE":"27/02/2025"}},{"type":"Feature","geometry":{"coordinates":[110.2317607,-7.7673006],"type":"Point"},"properties":{"NAMA":"WARUNG KELONTONG BU MUSINAH","TIPE_1":"PERDAGANGAN DAN RETAIL","TIPE_2":"TOKO KELONTONG","TIPE_3":"-","TELEPON":"","ALAMAT":"JITAR NGEMPLOK, SUMBERARUM, KEC. MOYUDAN, KABUPATEN SLEMAN, DAERAH ISTIMEWA YOGYAKARTA 55563","ID_PROV":34,"PROVINSI":"DAERAH ISTIMEWA YOGYAKARTA","ID_KABKOT":34.04,"KABKOT":"SLEMAN","ID_KEC":"34.04.03","KECAMATAN":"MOYUDAN","ID_DESA":"34.04.03.2004","DESA":"SUMBERARUM","LONGITUDE":110.2317607,"LATITUDE":-7.7673006,"STATUS":"BUKA","TANGGAL PENGUMPULAN":"Q1 2025","TANGGAL UPDATE":"27/02/2025"}},{"type":"Feature","geometry":{"coordinates":[110.4711026,-7.6675464],"type":"Point"},"properties":{"NAMA":"TOKO SEMBAKO RAMDAN","TIPE_1":"PERDAGANGAN DAN RETAIL","TIPE_2":"TOKO KELONTONG","TIPE_3":"-","TELEPON":"0899-5690-686","ALAMAT":"JIWAN ARGOMULYO CANGKRINGAN SLEMAN, YOGYAKARTA, DAERAH ISTIMEWA YOGYAKARTA 55583","ID_PROV":34,"PROVINSI":"DAERAH ISTIMEWA YOGYAKARTA","ID_KABKOT":34.04,"KABKOT":"SLEMAN","ID_KEC":"34.04.17","KECAMATAN":"CANGKRINGAN","ID_DESA":"34.04.17.2001","DESA":"ARGOMULYO","LONGITUDE":110.4711026,"LATITUDE":-7.6675464,"STATUS":"BUKA","TANGGAL PENGUMPULAN":"Q1 2025","TANGGAL UPDATE":"27/02/2025"}},{"type":"Feature","geometry":{"coordinates":[110.471117,-7.6675532],"type":"Point"},"properties":{"NAMA":"TOKO KELONTONG","TIPE_1":"PERDAGANGAN DAN RETAIL","TIPE_2":"TOKO KELONTONG","TIPE_3":"-","TELEPON":"0899-4604-367","ALAMAT":"JIWAN, ARGOMULYO, KEC. CANGKRINGAN, KABUPATEN SLEMAN, DAERAH ISTIMEWA YOGYAKARTA 55583","ID_PROV":34,"PROVINSI":"DAERAH ISTIMEWA YOGYAKARTA","ID_KABKOT":34.04,"KABKOT":"SLEMAN","ID_KEC":"34.04.17","KECAMATAN":"CANGKRINGAN","ID_DESA":"34.04.17.2001","DESA":"ARGOMULYO","LONGITUDE":110.471117,"LATITUDE":-7.6675532,"STATUS":"BUKA","TANGGAL PENGUMPULAN":"Q1 2025","TANGGAL UPDATE":"27/02/2025"}},{"type":"Feature","geometry":{"coordinates":[110.3126223,-7.7581908],"type":"Point"},"properties":{"NAMA":"TOKO KELONTONG MBAH KASMINI","TIPE_1":"PERDAGANGAN DAN RETAIL","TIPE_2":"TOKO KELONTONG","TIPE_3":"-","TELEPON":"0857-4711-1342","ALAMAT":"JL DUSUN TAJEN NGRENAK KIDUL, RT 03, SIDOMOYO, KEC. GODEAN, KABUPATEN SLEMAN, DAERAH ISTIMEWA YOGYAKARTA 55564","ID_PROV":34,"PROVINSI":"DAERAH ISTIMEWA YOGYAKARTA","ID_KABKOT":34.04,"KABKOT":"SLEMAN","ID_KEC":"34.04.02","KECAMATAN":"GODEAN","ID_DESA":"34.04.02.2007","DESA":"SIDOMOYO","LONGITUDE":110.3126223,"LATITUDE":-7.7581908,"STATUS":"BUKA","TANGGAL PENGUMPULAN":"Q1 2025","TANGGAL UPDATE":"27/02/2025"}},{"type":"Feature","geometry":{"coordinates":[110.4543852,-7.6105224],"type":"Point"},"properties":{"NAMA":"TOKO BAROKAH (BU PAYEM)","TIPE_1":"PERDAGANGAN DAN RETAIL","TIPE_2":"TOKO KELONTONG","TIPE_3":"-","TELEPON":"0815-7954-945","ALAMAT":"JL KALIADEM,KOPENG, KEPUH, KEPUHARJO, KEC. CANGKRINGAN, KABUPATEN SLEMAN, DAERAH ISTIMEWA YOGYAKARTA 55583","ID_PROV":34,"PROVINSI":"DAERAH ISTIMEWA YOGYAKARTA","ID_KABKOT":34.04,"KABKOT":"SLEMAN","ID_KEC":"34.04.17","KECAMATAN":"CANGKRINGAN","ID_DESA":"34.04.17.2004","DESA":"KEPUHARJO","LONGITUDE":110.4543852,"LATITUDE":-7.6105224,"STATUS":"BUKA","TANGGAL PENGUMPULAN":"Q1 2025","TANGGAL UPDATE":"27/02/2025"}},{"type":"Feature","geometry":{"coordinates":[110.3581247,-7.7642404],"type":"Point"},"properties":{"NAMA":"TOKO KELONTONG BU IIN","TIPE_1":"PERDAGANGAN DAN RETAIL","TIPE_2":"TOKO KELONTONG","TIPE_3":"-","TELEPON":"0895-1910-0347","ALAMAT":"JL KUTU WATES RT 007/10 NO.29, YOGYAKARTA, 55284, KRAGILAN, SINDUADI, KEC. MLATI, KABUPATEN SLEMAN, DAERAH ISTIMEWA YOGYAKARTA 55284","ID_PROV":34,"PROVINSI":"DAERAH ISTIMEWA YOGYAKARTA","ID_KABKOT":34.04,"KABKOT":"SLEMAN","ID_KEC":"34.04.06","KECAMATAN":"MLATI","ID_DESA":"34.04.06.2001","DESA":"SINDUADI","LONGITUDE":110.3581247,"LATITUDE":-7.7642404,"STATUS":"BUKA","TANGGAL PENGUMPULAN":"Q1 2025","TANGGAL UPDATE":"27/02/2025"}},{"type":"Feature","geometry":{"coordinates":[110.3958399,-7.7176941],"type":"Point"},"properties":{"NAMA":"TOKO KELONTONG UMI","TIPE_1":"PERDAGANGAN DAN RETAIL","TIPE_2":"TOKO KELONTONG","TIPE_3":"-","TELEPON":"(0274) 884526","ALAMAT":"JL SIMPANG TIGA CANDI DUKUH, NGAGLIK, DAYAKAN, SARDONOHARJO, KEC. SLEMAN, KABUPATEN SLEMAN, DAERAH ISTIMEWA YOGYAKARTA 55581","ID_PROV":34,"PROVINSI":"DAERAH ISTIMEWA YOGYAKARTA","ID_KABKOT":34.04,"KABKOT":"SLEMAN","ID_KEC":"34.04.12","KECAMATAN":"NGAGLIK","ID_DESA":"34.04.12.2005","DESA":"SARDONOHARJO","LONGITUDE":110.3958399,"LATITUDE":-7.7176941,"STATUS":"BUKA","TANGGAL PENGUMPULAN":"Q1 2025","TANGGAL UPDATE":"27/02/2025"}},{"type":"Feature","geometry":{"coordinates":[110.4382948,-7.8249706],"type":"Point"},"properties":{"NAMA":"DINATA CELL & KELONTONG","TIPE_1":"PERDAGANGAN DAN RETAIL","TIPE_2":"TOKO KELONTONG","TIPE_3":"-","TELEPON":"0851-5503-4008","ALAMAT":"JL TEGALSARI, RT.02/RW.17, KUTON, TEGALTIRTO, KEC. BERBAH, KABUPATEN SLEMAN, DAERAH ISTIMEWA YOGYAKARTA 55573","ID_PROV":34,"PROVINSI":"DAERAH ISTIMEWA YOGYAKARTA","ID_KABKOT":34.04,"KABKOT":"SLEMAN","ID_KEC":"34.04.08","KECAMATAN":"BERBAH","ID_DESA":"34.04.08.2002","DESA":"TEGALTIRTO","LONGITUDE":110.4382948,"LATITUDE":-7.8249706,"STATUS":"BUKA","TANGGAL PENGUMPULAN":"Q1 2025","TANGGAL UPDATE":"27/02/2025"}},{"type":"Feature","geometry":{"coordinates":[110.2427454,-7.7365857],"type":"Point"},"properties":{"NAMA":"TOKO TINI SEMBAKO","TIPE_1":"PERDAGANGAN DAN RETAIL","TIPE_2":"TOKO KELONTONG","TIPE_3":"-","TELEPON":"","ALAMAT":"JL, KWAYUHAN, SENDANGMULYO, KEC. MINGGIR, KABUPATEN SLEMAN, DAERAH ISTIMEWA YOGYAKARTA 55562","ID_PROV":34,"PROVINSI":"DAERAH ISTIMEWA YOGYAKARTA","ID_KABKOT":34.04,"KABKOT":"SLEMAN","ID_KEC":"34.04.04","KECAMATAN":"MINGGIR","ID_DESA":"34.04.04.2002","DESA":"SENDANGMULYO","LONGITUDE":110.2427454,"LATITUDE":-7.7365857,"STATUS":"BUKA","TANGGAL PENGUMPULAN":"Q1 2025","TANGGAL UPDATE":"27/02/2025"}},{"type":"Feature","geometry":{"coordinates":[110.4525662,-7.7513359],"type":"Point"},"properties":{"NAMA":"SEMBAKO 'SS'","TIPE_1":"PERDAGANGAN DAN RETAIL","TIPE_2":"TOKO KELONTONG","TIPE_3":"-","TELEPON":"0852-6696-0001","ALAMAT":"JL. ABIYOSO, KARANGMOJO, PURWOMARTANI, KEC. KALASAN, KABUPATEN SLEMAN, DAERAH ISTIMEWA YOGYAKARTA 55571","ID_PROV":34,"PROVINSI":"DAERAH ISTIMEWA YOGYAKARTA","ID_KABKOT":34.04,"KABKOT":"SLEMAN","ID_KEC":"34.04.10","KECAMATAN":"KALASAN","ID_DESA":"34.04.10.2001","DESA":"PURWOMARTANI","LONGITUDE":110.4525662,"LATITUDE":-7.7513359,"STATUS":"BUKA","TANGGAL PENGUMPULAN":"Q1 2025","TANGGAL UPDATE":"27/02/2025"}},{"type":"Feature","geometry":{"coordinates":[110.3895628,-7.7726208],"type":"Point"},"properties":{"NAMA":"KELONTONG","TIPE_1":"PERDAGANGAN DAN RETAIL","TIPE_2":"TOKO KELONTONG","TIPE_3":"-","TELEPON":"","ALAMAT":"JL. AFFANDI NO.15, SANTREN, CATURTUNGGAL, KEC. DEPOK, KABUPATEN SLEMAN, DAERAH ISTIMEWA YOGYAKARTA 55281","ID_PROV":34,"PROVINSI":"DAERAH ISTIMEWA YOGYAKARTA","ID_KABKOT":34.04,"KABKOT":"SLEMAN","ID_KEC":"34.04.07","KECAMATAN":"DEPOK","ID_DESA":"34.04.07.2001","DESA":"CATURTUNGGAL","LONGITUDE":110.3895628,"LATITUDE":-7.7726208,"STATUS":"BUKA","TANGGAL PENGUMPULAN":"Q1 2025","TANGGAL UPDATE":"27/02/2025"}},{"type":"Feature","geometry":{"coordinates":[110.3938248,-7.7620588],"type":"Point"},"properties":{"NAMA":"WARUNG KELONTONG BU BUDI","TIPE_1":"PERDAGANGAN DAN RETAIL","TIPE_2":"TOKO KELONTONG","TIPE_3":"-","TELEPON":"","ALAMAT":"JL. AFFANDI NO.30, SOROPADAN, CONDONGCATUR, KEC. DEPOK, KABUPATEN SLEMAN, DAERAH ISTIMEWA YOGYAKARTA 55283","ID_PROV":34,"PROVINSI":"DAERAH ISTIMEWA YOGYAKARTA","ID_KABKOT":34.04,"KABKOT":"SLEMAN","ID_KEC":"34.04.07","KECAMATAN":"DEPOK","ID_DESA":"34.04.07.2003","DESA":"CONDONGCATUR","LONGITUDE":110.3938248,"LATITUDE":-7.7620588,"STATUS":"BUKA","TANGGAL PENGUMPULAN":"Q1 2025","TANGGAL UPDATE":"27/02/2025"}},{"type":"Feature","geometry":{"coordinates":[110.3522567,-7.6583456],"type":"Point"},"properties":{"NAMA":"TOKO RAMANDA","TIPE_1":"PERDAGANGAN DAN RETAIL","TIPE_2":"TOKO KELONTONG","TIPE_3":"-","TELEPON":"0819-3170-5933","ALAMAT":"JL. AGROWISATA, KARANGWUNI, BANGUN KERTO, TURI, SLEMAN REGENCY, SPECIAL REGION OF YOGYAKARTA 55551","ID_PROV":34,"PROVINSI":"DAERAH ISTIMEWA YOGYAKARTA","ID_KABKOT":34.04,"KABKOT":"SLEMAN","ID_KEC":"34.04.15","KECAMATAN":"TURI","ID_DESA":"34.04.15.2001","DESA":"BANGUNKERTO","LONGITUDE":110.3522567,"LATITUDE":-7.6583456,"STATUS":"BUKA","TANGGAL PENGUMPULAN":"Q1 2025","TANGGAL UPDATE":"27/02/2025"}},{"type":"Feature","geometry":{"coordinates":[110.3548959,-7.6689959],"type":"Point"},"properties":{"NAMA":"TOKO KELONTONG","TIPE_1":"PERDAGANGAN DAN RETAIL","TIPE_2":"TOKO KELONTONG","TIPE_3":"-","TELEPON":"","ALAMAT":"JL. AGROWISATA, KLOLER, TRIMULYO, SLEMAN, SLEMAN REGENCY, SPECIAL REGION OF YOGYAKARTA 55513","ID_PROV":34,"PROVINSI":"DAERAH ISTIMEWA YOGYAKARTA","ID_KABKOT":34.04,"KABKOT":"SLEMAN","ID_KEC":"34.04.13","KECAMATAN":"SLEMAN","ID_DESA":"34.04.13.2005","DESA":"TRIMULYO","LONGITUDE":110.3548959,"LATITUDE":-7.6689959,"STATUS":"BUKA","TANGGAL PENGUMPULAN":"Q1 2025","TANGGAL UPDATE":"27/02/2025"}},{"type":"Feature","geometry":{"coordinates":[110.4877203,-7.8012594],"type":"Point"},"properties":{"NAMA":"TOKO SEMBAKO AR ROHMAN","TIPE_1":"PERDAGANGAN DAN RETAIL","TIPE_2":"TOKO KELONTONG","TIPE_3":"-","TELEPON":"","ALAMAT":"JL. AGUS SALIM, KETANDAN, MADUREJO, KEC. PRAMBANAN, KABUPATEN SLEMAN, DAERAH ISTIMEWA YOGYAKARTA 55572","ID_PROV":34,"PROVINSI":"DAERAH ISTIMEWA YOGYAKARTA","ID_KABKOT":34.04,"KABKOT":"SLEMAN","ID_KEC":"34.04.09","KECAMATAN":"PRAMBANAN","ID_DESA":"34.04.09.2005","DESA":"MADUREJO","LONGITUDE":110.4877203,"LATITUDE":-7.8012594,"STATUS":"BUKA","TANGGAL PENGUMPULAN":"Q1 2025","TANGGAL UPDATE":"27/02/2025"}},{"type":"Feature","geometry":{"coordinates":[110.3638653,-7.7630704],"type":"Point"},"properties":{"NAMA":"TOKO KELONTONG BU ENA","TIPE_1":"PERDAGANGAN DAN RETAIL","TIPE_2":"TOKO KELONTONG","TIPE_3":"-","TELEPON":"0815-4800-8620","ALAMAT":"JL. ALPUKAT, RT.5/RW.28, KUTU DUKUH, SINDUADI, KEC. MLATI, KABUPATEN SLEMAN, DAERAH ISTIMEWA YOGYAKARTA 55284","ID_PROV":34,"PROVINSI":"DAERAH ISTIMEWA YOGYAKARTA","ID_KABKOT":34.04,"KABKOT":"SLEMAN","ID_KEC":"34.04.06","KECAMATAN":"MLATI","ID_DESA":"34.04.06.2001","DESA":"SINDUADI","LONGITUDE":110.3638653,"LATITUDE":-7.7630704,"STATUS":"BUKA","TANGGAL PENGUMPULAN":"Q1 2025","TANGGAL UPDATE":"27/02/2025"}},{"type":"Feature","geometry":{"coordinates":[110.3970756,-7.6229625],"type":"Point"},"properties":{"NAMA":"TOKO DJAGO","TIPE_1":"PERDAGANGAN DAN RETAIL","TIPE_2":"TOKO KELONTONG","TIPE_3":"-","TELEPON":"","ALAMAT":"JL. AMALIA, BANGUNMULYO, GIRIKERTO, KEC. TURI, KABUPATEN SLEMAN, DAERAH ISTIMEWA YOGYAKARTA 55551","ID_PROV":34,"PROVINSI":"DAERAH ISTIMEWA YOGYAKARTA","ID_KABKOT":34.04,"KABKOT":"SLEMAN","ID_KEC":"34.04.15","KECAMATAN":"TURI","ID_DESA":"34.04.15.2003","DESA":"GIRIKERTO","LONGITUDE":110.3970756,"LATITUDE":-7.6229625,"STATUS":"BUKA","TANGGAL PENGUMPULAN":"Q1 2025","TANGGAL UPDATE":"27/02/2025"}},{"type":"Feature","geometry":{"coordinates":[110.3945608,-7.6260375],"type":"Point"},"properties":{"NAMA":"TOKO SUWARSONO","TIPE_1":"PERDAGANGAN DAN RETAIL","TIPE_2":"TOKO KELONTONG","TIPE_3":"-","TELEPON":"0857-2898-8821","ALAMAT":"JL. AMALIA, BANGUNMULYO, GIRIKERTO, KEC. TURI, KABUPATEN SLEMAN, DAERAH ISTIMEWA YOGYAKARTA 55551","ID_PROV":34,"PROVINSI":"DAERAH ISTIMEWA YOGYAKARTA","ID_KABKOT":34.04,"KABKOT":"SLEMAN","ID_KEC":"34.04.15","KECAMATAN":"TURI","ID_DESA":"34.04.15.2003","DESA":"GIRIKERTO","LONGITUDE":110.3945608,"LATITUDE":-7.6260375,"STATUS":"BUKA","TANGGAL PENGUMPULAN":"Q1 2025","TANGGAL UPDATE":"27/02/2025"}},{"type":"Feature","geometry":{"coordinates":[110.3997023,-7.7843236],"type":"Point"},"properties":{"NAMA":"TOKO CAHYONO","TIPE_1":"PERDAGANGAN DAN RETAIL","TIPE_2":"TOKO KELONTONG","TIPE_3":"-","TELEPON":"","ALAMAT":"JL. AMBAR ASRI NO.316, RT.09/RW.03, AMBARUKMO, CATURTUNGGAL, DEPOK, SLEMAN REGENCY, SPECIAL REGION OF YOGYAKARTA 55281","ID_PROV":34,"PROVINSI":"DAERAH ISTIMEWA YOGYAKARTA","ID_KABKOT":34.04,"KABKOT":"SLEMAN","ID_KEC":"34.04.07","KECAMATAN":"DEPOK","ID_DESA":"34.04.07.2001","DESA":"CATURTUNGGAL","LONGITUDE":110.3997023,"LATITUDE":-7.7843236,"STATUS":"BUKA","TANGGAL PENGUMPULAN":"Q1 2025","TANGGAL UPDATE":"27/02/2025"}},{"type":"Feature","geometry":{"coordinates":[110.3946213,-7.7567725],"type":"Point"},"properties":{"NAMA":"TOKO KELONTONG PAK KISNO","TIPE_1":"PERDAGANGAN DAN RETAIL","TIPE_2":"TOKO KELONTONG","TIPE_3":"-","TELEPON":"","ALAMAT":"JL. ANGGAJAYA III, GEJAYAN, CONDONGCATUR, KEC. DEPOK, KABUPATEN SLEMAN, DAERAH ISTIMEWA YOGYAKARTA 55281","ID_PROV":34,"PROVINSI":"DAERAH ISTIMEWA YOGYAKARTA","ID_KABKOT":34.04,"KABKOT":"SLEMAN","ID_KEC":"34.04.07","KECAMATAN":"DEPOK","ID_DESA":"34.04.07.2003","DESA":"CONDONGCATUR","LONGITUDE":110.3946213,"LATITUDE":-7.7567725,"STATUS":"BUKA","TANGGAL PENGUMPULAN":"Q1 2025","TANGGAL UPDATE":"27/02/2025"}},{"type":"Feature","geometry":{"coordinates":[110.4347998,-7.7802252],"type":"Point"},"properties":{"NAMA":"TOKO ENDANG","TIPE_1":"PERDAGANGAN DAN RETAIL","TIPE_2":"TOKO KELONTONG","TIPE_3":"-","TELEPON":"0888-2427-722","ALAMAT":"JL. ANGGREK SAMBILEGI BARU NO.136B, SAMBELEGI KIDUL, MAGUWOHARJO, KEC. DEPOK, KABUPATEN SLEMAN, DAERAH ISTIMEWA YOGYAKARTA 55282","ID_PROV":34,"PROVINSI":"DAERAH ISTIMEWA YOGYAKARTA","ID_KABKOT":34.04,"KABKOT":"SLEMAN","ID_KEC":"34.04.07","KECAMATAN":"DEPOK","ID_DESA":"34.04.07.2002","DESA":"MAGUWOHARJO","LONGITUDE":110.4347998,"LATITUDE":-7.7802252,"STATUS":"BUKA","TANGGAL PENGUMPULAN":"Q1 2025","TANGGAL UPDATE":"27/02/2025"}},{"type":"Feature","geometry":{"coordinates":[110.4186048,-7.7357481],"type":"Point"},"properties":{"NAMA":"WARUNG KELONTONG BU MARNI","TIPE_1":"PERDAGANGAN DAN RETAIL","TIPE_2":"TOKO KELONTONG","TIPE_3":"-","TELEPON":"","ALAMAT":"JL. ANGGREK, BLOTAN, WEDOMARTANI, KEC. NGEMPLAK, KABUPATEN SLEMAN, DAERAH ISTIMEWA YOGYAKARTA 55584","ID_PROV":34,"PROVINSI":"DAERAH ISTIMEWA YOGYAKARTA","ID_KABKOT":34.04,"KABKOT":"SLEMAN","ID_KEC":"34.04.11","KECAMATAN":"NGEMPLAK","ID_DESA":"34.04.11.2004","DESA":"WEDOMARTANI","LONGITUDE":110.4186048,"LATITUDE":-7.7357481,"STATUS":"BUKA","TANGGAL PENGUMPULAN":"Q1 2025","TANGGAL UPDATE":"27/02/2025"}},{"type":"Feature","geometry":{"coordinates":[110.3433901,-7.7790007],"type":"Point"},"properties":{"NAMA":"TOKO BY U","TIPE_1":"PERDAGANGAN DAN RETAIL","TIPE_2":"TOKO KELONTONG","TIPE_3":"-","TELEPON":"","ALAMAT":"JL. ANGGREK, KWARASAN, NOGOTIRTO, KEC. GAMPING, KABUPATEN SLEMAN, DAERAH ISTIMEWA YOGYAKARTA 55592","ID_PROV":34,"PROVINSI":"DAERAH ISTIMEWA YOGYAKARTA","ID_KABKOT":34.04,"KABKOT":"SLEMAN","ID_KEC":"34.04.01","KECAMATAN":"GAMPING","ID_DESA":"34.04.01.2004","DESA":"NOGOTIRTO","LONGITUDE":110.3433901,"LATITUDE":-7.7790007,"STATUS":"BUKA","TANGGAL PENGUMPULAN":"Q1 2025","TANGGAL UPDATE":"27/02/2025"}},{"type":"Feature","geometry":{"coordinates":[110.4351392,-7.7771642],"type":"Point"},"properties":{"NAMA":"TOKO RAHMA","TIPE_1":"PERDAGANGAN DAN RETAIL","TIPE_2":"TOKO KELONTONG","TIPE_3":"-","TELEPON":"0877-7726-1367","ALAMAT":"JL. ANGGREK, SAMBELEGI KIDUL, MAGUWOHARJO, KEC. DEPOK, KABUPATEN SLEMAN, DAERAH ISTIMEWA YOGYAKARTA 55281","ID_PROV":34,"PROVINSI":"DAERAH ISTIMEWA YOGYAKARTA","ID_KABKOT":34.04,"KABKOT":"SLEMAN","ID_KEC":"34.04.07","KECAMATAN":"DEPOK","ID_DESA":"34.04.07.2002","DESA":"MAGUWOHARJO","LONGITUDE":110.4351392,"LATITUDE":-7.7771642,"STATUS":"BUKA","TANGGAL PENGUMPULAN":"Q1 2025","TANGGAL UPDATE":"27/02/2025"}},{"type":"Feature","geometry":{"coordinates":[110.434695,-7.779201],"type":"Point"},"properties":{"NAMA":"TOKO SEMBAKO NORHANA","TIPE_1":"PERDAGANGAN DAN RETAIL","TIPE_2":"TOKO KELONTONG","TIPE_3":"-","TELEPON":"0823-2668-0646","ALAMAT":"JL. ANGGREK, SAMBELEGI KIDUL, MAGUWOHARJO, KEC. DEPOK, KABUPATEN SLEMAN, DAERAH ISTIMEWA YOGYAKARTA 55281","ID_PROV":34,"PROVINSI":"DAERAH ISTIMEWA YOGYAKARTA","ID_KABKOT":34.04,"KABKOT":"SLEMAN","ID_KEC":"34.04.07","KECAMATAN":"DEPOK","ID_DESA":"34.04.07.2002","DESA":"MAGUWOHARJO","LONGITUDE":110.434695,"LATITUDE":-7.779201,"STATUS":"BUKA","TANGGAL PENGUMPULAN":"Q1 2025","TANGGAL UPDATE":"27/02/2025"}},{"type":"Feature","geometry":{"coordinates":[110.45417,-7.7525647],"type":"Point"},"properties":{"NAMA":"BERONASHOP","TIPE_1":"PERDAGANGAN DAN RETAIL","TIPE_2":"TOKO KELONTONG","TIPE_3":"-","TELEPON":"","ALAMAT":"JL. ANGGUR, KUJONSARI, SIDOKERTO, KEC. KALASAN, KABUPATEN SLEMAN, DAERAH ISTIMEWA YOGYAKARTA 55571","ID_PROV":34,"PROVINSI":"DAERAH ISTIMEWA YOGYAKARTA","ID_KABKOT":34.04,"KABKOT":"SLEMAN","ID_KEC":"34.04.10","KECAMATAN":"KALASAN","ID_DESA":"34.04.10.2001","DESA":"PURWOMARTANI","LONGITUDE":110.45417,"LATITUDE":-7.7525647,"STATUS":"BUKA","TANGGAL PENGUMPULAN":"Q1 2025","TANGGAL UPDATE":"27/02/2025"}},{"type":"Feature","geometry":{"coordinates":[110.411432,-7.7249246],"type":"Point"},"properties":{"NAMA":"WARUNG KELONTONG BU TUTIK","TIPE_1":"PERDAGANGAN DAN RETAIL","TIPE_2":"TOKO KELONTONG","TIPE_3":"-","TELEPON":"","ALAMAT":"JL. ANYAMAN, PALGADING, SINDUHARJO, KEC. NGAGLIK, KABUPATEN SLEMAN, DAERAH ISTIMEWA YOGYAKARTA 55581","ID_PROV":34,"PROVINSI":"DAERAH ISTIMEWA YOGYAKARTA","ID_KABKOT":34.04,"KABKOT":"SLEMAN","ID_KEC":"34.04.12","KECAMATAN":"NGAGLIK","ID_DESA":"34.04.12.2003","DESA":"SINDUHARJO","LONGITUDE":110.411432,"LATITUDE":-7.7249246,"STATUS":"BUKA","TANGGAL PENGUMPULAN":"Q1 2025","TANGGAL UPDATE":"27/02/2025"}},{"type":"Feature","geometry":{"coordinates":[110.343238,-7.730632],"type":"Point"},"properties":{"NAMA":"TOKO KELONTONG BU TATIK","TIPE_1":"PERDAGANGAN DAN RETAIL","TIPE_2":"TOKO KELONTONG","TIPE_3":"-","TELEPON":"","ALAMAT":"JL. ARJUNA, AREA SAWAH, TLOGOADI, KEC. MLATI, KABUPATEN SLEMAN, DAERAH ISTIMEWA YOGYAKARTA 55286","ID_PROV":34,"PROVINSI":"DAERAH ISTIMEWA YOGYAKARTA","ID_KABKOT":34.04,"KABKOT":"SLEMAN","ID_KEC":"34.04.06","KECAMATAN":"MLATI","ID_DESA":"34.04.06.2003","DESA":"TLOGOADI","LONGITUDE":110.343238,"LATITUDE":-7.730632,"STATUS":"BUKA","TANGGAL PENGUMPULAN":"Q1 2025","TANGGAL UPDATE":"27/02/2025"}},{"type":"Feature","geometry":{"coordinates":[110.3190638,-7.65578],"type":"Point"},"properties":{"NAMA":"TYAS SEMBAKO","TIPE_1":"PERDAGANGAN DAN RETAIL","TIPE_2":"TOKO KELONTONG","TIPE_3":"-","TELEPON":"0813-2585-4802","ALAMAT":"JL. ARJUNA, WONOKERSO, LUMBUNGREJO, KEC. TEMPEL, KABUPATEN SLEMAN, DAERAH ISTIMEWA YOGYAKARTA 55552","ID_PROV":34,"PROVINSI":"DAERAH ISTIMEWA YOGYAKARTA","ID_KABKOT":34.04,"KABKOT":"SLEMAN","ID_KEC":"34.04.14","KECAMATAN":"TEMPEL","ID_DESA":"34.04.14.2007","DESA":"LUMBUNGREJO","LONGITUDE":110.3190638,"LATITUDE":-7.65578,"STATUS":"BUKA","TANGGAL PENGUMPULAN":"Q1 2025","TANGGAL UPDATE":"27/02/2025"}},{"type":"Feature","geometry":{"coordinates":[110.404823,-7.75027],"type":"Point"},"properties":{"NAMA":"TOKO DAFFA","TIPE_1":"PERDAGANGAN DAN RETAIL","TIPE_2":"TOKO KELONTONG","TIPE_3":"-","TELEPON":"0858-6899-0061","ALAMAT":"JL. ASEM GEDE NO.1D, GEMPOL, CONDONGCATUR, KEC. DEPOK, KABUPATEN SLEMAN, DAERAH ISTIMEWA YOGYAKARTA 55281","ID_PROV":34,"PROVINSI":"DAERAH ISTIMEWA YOGYAKARTA","ID_KABKOT":34.04,"KABKOT":"SLEMAN","ID_KEC":"34.04.07","KECAMATAN":"DEPOK","ID_DESA":"34.04.07.2003","DESA":"CONDONGCATUR","LONGITUDE":110.404823,"LATITUDE":-7.75027,"STATUS":"BUKA","TANGGAL PENGUMPULAN":"Q1 2025","TANGGAL UPDATE":"27/02/2025"}},{"type":"Feature","geometry":{"coordinates":[110.3949249,-7.6118052],"type":"Point"},"properties":{"NAMA":"OMAH SUKUNAN","TIPE_1":"PERDAGANGAN DAN RETAIL","TIPE_2":"TOKO KELONTONG","TIPE_3":"-","TELEPON":"0851-6254-8585","ALAMAT":"JL. BABADAN NO. 28 NGANGGRING RT03 RW04, GIRIKERTO, KEC. TURI, KABUPATEN SLEMAN, DAERAH ISTIMEWA YOGYAKARTA 55282","ID_PROV":34,"PROVINSI":"DAERAH ISTIMEWA YOGYAKARTA","ID_KABKOT":34.04,"KABKOT":"SLEMAN","ID_KEC":"34.04.15","KECAMATAN":"TURI","ID_DESA":"34.04.15.2003","DESA":"GIRIKERTO","LONGITUDE":110.3949249,"LATITUDE":-7.6118052,"STATUS":"BUKA","TANGGAL PENGUMPULAN":"Q1 2025","TANGGAL UPDATE":"27/02/2025"}},{"type":"Feature","geometry":{"coordinates":[110.3932655,-7.6175937],"type":"Point"},"properties":{"NAMA":"TOKO PAK USAMAH","TIPE_1":"PERDAGANGAN DAN RETAIL","TIPE_2":"TOKO KELONTONG","TIPE_3":"-","TELEPON":"","ALAMAT":"JL. BABADAN, BANGUNMULYO, GIRIKERTO, TURI, SLEMAN REGENCY, SPECIAL REGION OF YOGYAKARTA 55551","ID_PROV":34,"PROVINSI":"DAERAH ISTIMEWA YOGYAKARTA","ID_KABKOT":34.04,"KABKOT":"SLEMAN","ID_KEC":"34.04.15","KECAMATAN":"TURI","ID_DESA":"34.04.15.2003","DESA":"GIRIKERTO","LONGITUDE":110.3932655,"LATITUDE":-7.6175937,"STATUS":"BUKA","TANGGAL PENGUMPULAN":"Q1 2025","TANGGAL UPDATE":"27/02/2025"}},{"type":"Feature","geometry":{"coordinates":[110.375344,-7.6156903],"type":"Point"},"properties":{"NAMA":"TOKO BAYU","TIPE_1":"PERDAGANGAN DAN RETAIL","TIPE_2":"TOKO KELONTONG","TIPE_3":"-","TELEPON":"0813-5556-8888","ALAMAT":"JL. BALERANTE, SEMPU, WONO KERTO, KEC. TURI, KABUPATEN SLEMAN, DAERAH ISTIMEWA YOGYAKARTA 55551","ID_PROV":34,"PROVINSI":"DAERAH ISTIMEWA YOGYAKARTA","ID_KABKOT":34.04,"KABKOT":"SLEMAN","ID_KEC":"34.04.15","KECAMATAN":"TURI","ID_DESA":"34.04.15.2004","DESA":"WONOKERTO","LONGITUDE":110.375344,"LATITUDE":-7.6156903,"STATUS":"BUKA","TANGGAL PENGUMPULAN":"Q1 2025","TANGGAL UPDATE":"27/02/2025"}},{"type":"Feature","geometry":{"coordinates":[110.4315591,-7.7091085],"type":"Point"},"properties":{"NAMA":"TOKO BU LINDA","TIPE_1":"PERDAGANGAN DAN RETAIL","TIPE_2":"TOKO KELONTONG","TIPE_3":"-","TELEPON":"","ALAMAT":"JL. BANDULAN, PURWOREJO, SUKOHARJO, KEC. NGAGLIK, KABUPATEN SLEMAN, DAERAH ISTIMEWA YOGYAKARTA 55581","ID_PROV":34,"PROVINSI":"DAERAH ISTIMEWA YOGYAKARTA","ID_KABKOT":34.04,"KABKOT":"SLEMAN","ID_KEC":"34.04.12","KECAMATAN":"NGAGLIK","ID_DESA":"34.04.12.2004","DESA":"SUKOHARJO","LONGITUDE":110.4315591,"LATITUDE":-7.7091085,"STATUS":"BUKA","TANGGAL PENGUMPULAN":"Q1 2025","TANGGAL UPDATE":"27/02/2025"}},{"type":"Feature","geometry":{"coordinates":[110.4330598,-7.7124629],"type":"Point"},"properties":{"NAMA":"WARUNG CILIK","TIPE_1":"PERDAGANGAN DAN RETAIL","TIPE_2":"TOKO KELONTONG","TIPE_3":"-","TELEPON":"0898-9029-878","ALAMAT":"JL. BANDULAN, PURWOREJO, SUKOHARJO, NGAGLIK, SLEMAN REGENCY, SPECIAL REGION OF YOGYAKARTA 55581","ID_PROV":34,"PROVINSI":"DAERAH ISTIMEWA YOGYAKARTA","ID_KABKOT":34.04,"KABKOT":"SLEMAN","ID_KEC":"34.04.12","KECAMATAN":"NGAGLIK","ID_DESA":"34.04.12.2004","DESA":"SUKOHARJO","LONGITUDE":110.4330598,"LATITUDE":-7.7124629,"STATUS":"BUKA","TANGGAL PENGUMPULAN":"Q1 2025","TANGGAL UPDATE":"27/02/2025"}},{"type":"Feature","geometry":{"coordinates":[110.3883988,-7.7380449],"type":"Point"},"properties":{"NAMA":"TOKO CAHAYA MART","TIPE_1":"PERDAGANGAN DAN RETAIL","TIPE_2":"TOKO KELONTONG","TIPE_3":"-","TELEPON":"0895-3723-01110","ALAMAT":"JL. BANTENG BARU RAYA NO.4, BANTENG, SINDUHARJO, KEC. NGAGLIK, KABUPATEN SLEMAN, DAERAH ISTIMEWA YOGYAKARTA 55283","ID_PROV":34,"PROVINSI":"DAERAH ISTIMEWA YOGYAKARTA","ID_KABKOT":34.04,"KABKOT":"SLEMAN","ID_KEC":"34.04.12","KECAMATAN":"NGAGLIK","ID_DESA":"34.04.12.2003","DESA":"SINDUHARJO","LONGITUDE":110.3883988,"LATITUDE":-7.7380449,"STATUS":"BUKA","TANGGAL PENGUMPULAN":"Q1 2025","TANGGAL UPDATE":"27/02/2025"}},{"type":"Feature","geometry":{"coordinates":[110.3216135,-7.7730482],"type":"Point"},"properties":{"NAMA":"SASTRO RALEM SEMBAKO","TIPE_1":"PERDAGANGAN DAN RETAIL","TIPE_2":"TOKO KELONTONG","TIPE_3":"-","TELEPON":"0818-0430-0247","ALAMAT":"JL. BANTULAN NO.32, BANTULAN, SIDOARUM, KEC. GODEAN, KABUPATEN SLEMAN, DAERAH ISTIMEWA YOGYAKARTA 55264","ID_PROV":34,"PROVINSI":"DAERAH ISTIMEWA YOGYAKARTA","ID_KABKOT":34.04,"KABKOT":"SLEMAN","ID_KEC":"34.04.02","KECAMATAN":"GODEAN","ID_DESA":"34.04.02.2006","DESA":"SIDOARUM","LONGITUDE":110.3216135,"LATITUDE":-7.7730482,"STATUS":"BUKA","TANGGAL PENGUMPULAN":"Q1 2025","TANGGAL UPDATE":"27/02/2025"}},{"type":"Feature","geometry":{"coordinates":[110.318978,-7.7733375],"type":"Point"},"properties":{"NAMA":"WARUNG WIMURTI","TIPE_1":"PERDAGANGAN DAN RETAIL","TIPE_2":"TOKO KELONTONG","TIPE_3":"-","TELEPON":"","ALAMAT":"JL. BANTULAN, RT.08/RW.04, BANTULAN, SIDOARUM, KEC. GODEAN, KABUPATEN SLEMAN, DAERAH ISTIMEWA YOGYAKARTA","ID_PROV":34,"PROVINSI":"DAERAH ISTIMEWA YOGYAKARTA","ID_KABKOT":34.04,"KABKOT":"SLEMAN","ID_KEC":"34.04.02","KECAMATAN":"GODEAN","ID_DESA":"34.04.02.2006","DESA":"SIDOARUM","LONGITUDE":110.318978,"LATITUDE":-7.7733375,"STATUS":"BUKA","TANGGAL PENGUMPULAN":"Q1 2025","TANGGAL UPDATE":"27/02/2025"}},{"type":"Feature","geometry":{"coordinates":[110.2585775,-7.79175],"type":"Point"},"properties":{"NAMA":"TOKO SEMBAKO BU SAFIK","TIPE_1":"PERDAGANGAN DAN RETAIL","TIPE_2":"TOKO KELONTONG","TIPE_3":"-","TELEPON":"0856-2948-858","ALAMAT":"JL. BAROSAN, NGAGLIK, SUMBERSARI, KEC. MOYUDAN, KABUPATEN SLEMAN, DAERAH ISTIMEWA YOGYAKARTA 55563","ID_PROV":34,"PROVINSI":"DAERAH ISTIMEWA YOGYAKARTA","ID_KABKOT":34.04,"KABKOT":"SLEMAN","ID_KEC":"34.04.03","KECAMATAN":"MOYUDAN","ID_DESA":"34.04.03.2002","DESA":"SUMBERSARI","LONGITUDE":110.2585775,"LATITUDE":-7.79175,"STATUS":"BUKA","TANGGAL PENGUMPULAN":"Q1 2025","TANGGAL UPDATE":"27/02/2025"}},{"type":"Feature","geometry":{"coordinates":[110.3658605,-7.7314362],"type":"Point"},"properties":{"NAMA":"WARUNG KELONTONG BU GIL","TIPE_1":"PERDAGANGAN DAN RETAIL","TIPE_2":"TOKO KELONTONG","TIPE_3":"-","TELEPON":"0857-0003-8777","ALAMAT":"JL. BARU MULUNGAN, MULUNGAN WETAN, SENDANGADI, KEC. MLATI, KABUPATEN SLEMAN, DAERAH ISTIMEWA YOGYAKARTA 55285","ID_PROV":34,"PROVINSI":"DAERAH ISTIMEWA YOGYAKARTA","ID_KABKOT":34.04,"KABKOT":"SLEMAN","ID_KEC":"34.04.06","KECAMATAN":"MLATI","ID_DESA":"34.04.06.2002","DESA":"SENDANGADI","LONGITUDE":110.3658605,"LATITUDE":-7.7314362,"STATUS":"BUKA","TANGGAL PENGUMPULAN":"Q1 2025","TANGGAL UPDATE":"27/02/2025"}},{"type":"Feature","geometry":{"coordinates":[110.4351577,-7.6108405],"type":"Point"},"properties":{"NAMA":"WARUNG SEMBAKO BU SUMI","TIPE_1":"PERDAGANGAN DAN RETAIL","TIPE_2":"TOKO KELONTONG","TIPE_3":"-","TELEPON":"0813-2837-9801","ALAMAT":"JL. BEBENG, RT./RW/RW.001/006, KEDUNGSRITI, GONDANG, CANGKRINGAN, SLEMAN REGENCY, SPECIAL REGION OF YOGYAKARTA 55583","ID_PROV":34,"PROVINSI":"DAERAH ISTIMEWA YOGYAKARTA","ID_KABKOT":34.04,"KABKOT":"SLEMAN","ID_KEC":"34.04.17","KECAMATAN":"CANGKRINGAN","ID_DESA":"34.04.17.2005","DESA":"UMBULHARJO","LONGITUDE":110.4351577,"LATITUDE":-7.6108405,"STATUS":"BUKA","TANGGAL PENGUMPULAN":"Q1 2025","TANGGAL UPDATE":"27/02/2025"}},{"type":"Feature","geometry":{"coordinates":[110.4643236,-7.7759975],"type":"Point"},"properties":{"NAMA":"WARUNG SEMBAKO JAYA","TIPE_1":"PERDAGANGAN DAN RETAIL","TIPE_2":"TOKO KELONTONG","TIPE_3":"-","TELEPON":"","ALAMAT":"JL. BERBAH - KALASAN, JARAKAN, TIRTOMARTANI, KEC. KALASAN, KABUPATEN SLEMAN, DAERAH ISTIMEWA YOGYAKARTA 55571","ID_PROV":34,"PROVINSI":"DAERAH ISTIMEWA YOGYAKARTA","ID_KABKOT":34.04,"KABKOT":"SLEMAN","ID_KEC":"34.04.10","KECAMATAN":"KALASAN","ID_DESA":"34.04.10.2002","DESA":"TIRTOMARTANI","LONGITUDE":110.4643236,"LATITUDE":-7.7759975,"STATUS":"BUKA","TANGGAL PENGUMPULAN":"Q1 2025","TANGGAL UPDATE":"27/02/2025"}},{"type":"Feature","geometry":{"coordinates":[110.4636015,-7.7866848],"type":"Point"},"properties":{"NAMA":"TOKO PANCING DAN SEMBAKO ELLY","TIPE_1":"PERDAGANGAN DAN RETAIL","TIPE_2":"TOKO KELONTONG","TIPE_3":"-","TELEPON":"0828-2751-149","ALAMAT":"JL. BERBAH - KALASAN, JREBESAN, KALITIRTO, BERBAH, SLEMAN REGENCY, SPECIAL REGION OF YOGYAKARTA 55573","ID_PROV":34,"PROVINSI":"DAERAH ISTIMEWA YOGYAKARTA","ID_KABKOT":34.04,"KABKOT":"SLEMAN","ID_KEC":"34.04.08","KECAMATAN":"BERBAH","ID_DESA":"34.04.08.2003","DESA":"KALITIRTO","LONGITUDE":110.4636015,"LATITUDE":-7.7866848,"STATUS":"BUKA","TANGGAL PENGUMPULAN":"Q1 2025","TANGGAL UPDATE":"27/02/2025"}},{"type":"Feature","geometry":{"coordinates":[110.3440374,-7.7674555],"type":"Point"},"properties":{"NAMA":"SEMBAKO LANCAR","TIPE_1":"PERDAGANGAN DAN RETAIL","TIPE_2":"TOKO KELONTONG","TIPE_3":"-","TELEPON":"0878-3810-8257","ALAMAT":"JL. KABUPATEN NO.KM 1,5, AREA SAWAH, NOGOTIRTO, KEC. GAMPING, KABUPATEN SLEMAN, DAERAH ISTIMEWA YOGYAKARTA 55592","ID_PROV":34,"PROVINSI":"DAERAH ISTIMEWA YOGYAKARTA","ID_KABKOT":34.04,"KABKOT":"SLEMAN","ID_KEC":"34.04.01","KECAMATAN":"GAMPING","ID_DESA":"34.04.01.2005","DESA":"TRIHANGGO","LONGITUDE":110.3440374,"LATITUDE":-7.7674555,"STATUS":"BUKA","TANGGAL PENGUMPULAN":"Q1 2025","TANGGAL UPDATE":"27/02/2025"}},{"type":"Feature","geometry":{"coordinates":[110.3396885,-7.6625613],"type":"Point"},"properties":{"NAMA":"WARUNG KELONTONG SAKA AJI","TIPE_1":"PERDAGANGAN DAN RETAIL","TIPE_2":"TOKO KELONTONG","TIPE_3":"-","TELEPON":"0896-2138-7615","ALAMAT":"JL. KADIROJO, KEMLOKO, MARGOREJO, KEC. TEMPEL, KABUPATEN SLEMAN, DAERAH ISTIMEWA YOGYAKARTA 55552","ID_PROV":34,"PROVINSI":"DAERAH ISTIMEWA YOGYAKARTA","ID_KABKOT":34.04,"KABKOT":"SLEMAN","ID_KEC":"34.04.14","KECAMATAN":"TEMPEL","ID_DESA":"34.04.14.2006","DESA":"MARGOREJO","LONGITUDE":110.3396885,"LATITUDE":-7.6625613,"STATUS":"BUKA","TANGGAL PENGUMPULAN":"Q1 2025","TANGGAL UPDATE":"27/02/2025"}},{"type":"Feature","geometry":{"coordinates":[110.4080367,-7.7417579],"type":"Point"},"properties":{"NAMA":"TOKO FAZA JAYA GK","TIPE_1":"PERDAGANGAN DAN RETAIL","TIPE_2":"TOKO KELONTONG","TIPE_3":"-","TELEPON":"","ALAMAT":"JL. KAKAP RAYA NO.5, MLADANGAN, MINOMARTANI, KEC. NGAGLIK, KABUPATEN SLEMAN, DAERAH ISTIMEWA YOGYAKARTA 55581","ID_PROV":34,"PROVINSI":"DAERAH ISTIMEWA YOGYAKARTA","ID_KABKOT":34.04,"KABKOT":"SLEMAN","ID_KEC":"34.04.12","KECAMATAN":"NGAGLIK","ID_DESA":"34.04.12.2002","DESA":"MINOMARTANI","LONGITUDE":110.4080367,"LATITUDE":-7.7417579,"STATUS":"BUKA","TANGGAL PENGUMPULAN":"Q1 2025","TANGGAL UPDATE":"27/02/2025"}},{"type":"Feature","geometry":{"coordinates":[110.3385831,-7.7646062],"type":"Point"},"properties":{"NAMA":"TOKO KELONTONG BAROKAH","TIPE_1":"PERDAGANGAN DAN RETAIL","TIPE_2":"TOKO KELONTONG","TIPE_3":"-","TELEPON":"(0274) 620840","ALAMAT":"JL. KALIMANTAN PERUM NOGOTIRTO III NO.C86, MLANGI, NOGOTIRTO, KEC. GAMPING, KABUPATEN SLEMAN, DAERAH ISTIMEWA YOGYAKARTA 55292","ID_PROV":34,"PROVINSI":"DAERAH ISTIMEWA YOGYAKARTA","ID_KABKOT":34.04,"KABKOT":"SLEMAN","ID_KEC":"34.04.01","KECAMATAN":"GAMPING","ID_DESA":"34.04.01.2004","DESA":"NOGOTIRTO","LONGITUDE":110.3385831,"LATITUDE":-7.7646062,"STATUS":"BUKA","TANGGAL PENGUMPULAN":"Q1 2025","TANGGAL UPDATE":"27/02/2025"}},{"type":"Feature","geometry":{"coordinates":[110.3385936,-7.7645084],"type":"Point"},"properties":{"NAMA":"TOKO KELONTONG PAK JEMANGIN","TIPE_1":"PERDAGANGAN DAN RETAIL","TIPE_2":"TOKO KELONTONG","TIPE_3":"-","TELEPON":"(0274) 0620840","ALAMAT":"JL. KALIMANTAN, MLANGI, NOGOTIRTO, KEC. GAMPING, KABUPATEN SLEMAN, DAERAH ISTIMEWA YOGYAKARTA 55291","ID_PROV":34,"PROVINSI":"DAERAH ISTIMEWA YOGYAKARTA","ID_KABKOT":34.04,"KABKOT":"SLEMAN","ID_KEC":"34.04.01","KECAMATAN":"GAMPING","ID_DESA":"34.04.01.2005","DESA":"TRIHANGGO","LONGITUDE":110.3385936,"LATITUDE":-7.7645084,"STATUS":"BUKA","TANGGAL PENGUMPULAN":"Q1 2025","TANGGAL UPDATE":"27/02/2025"}},{"type":"Feature","geometry":{"coordinates":[110.3507475,-7.6528771],"type":"Point"},"properties":{"NAMA":"KEDAI SLAYUR","TIPE_1":"PERDAGANGAN DAN RETAIL","TIPE_2":"TOKO KELONTONG","TIPE_3":"-","TELEPON":"0857-0422-5366","ALAMAT":"JL. KALIRASE, KENDAL, BANGUN KERTO, KEC. TURI, KABUPATEN SLEMAN, DAERAH ISTIMEWA YOGYAKARTA 55551","ID_PROV":34,"PROVINSI":"DAERAH ISTIMEWA YOGYAKARTA","ID_KABKOT":34.04,"KABKOT":"SLEMAN","ID_KEC":"34.04.15","KECAMATAN":"TURI","ID_DESA":"34.04.15.2001","DESA":"BANGUNKERTO","LONGITUDE":110.3507475,"LATITUDE":-7.6528771,"STATUS":"BUKA","TANGGAL PENGUMPULAN":"Q1 2025","TANGGAL UPDATE":"27/02/2025"}},{"type":"Feature","geometry":{"coordinates":[110.3415759,-7.6713979],"type":"Point"},"properties":{"NAMA":"WARUNG SEMBAKO MBAK YANTI","TIPE_1":"PERDAGANGAN DAN RETAIL","TIPE_2":"TOKO KELONTONG","TIPE_3":"-","TELEPON":"0877-8284-3869","ALAMAT":"JL. KALIRASE, RT.01/RW.029, KOLISASIH, TRIMULYO, KEC. SLEMAN, KABUPATEN SLEMAN, DAERAH ISTIMEWA YOGYAKARTA 55513","ID_PROV":34,"PROVINSI":"DAERAH ISTIMEWA YOGYAKARTA","ID_KABKOT":34.04,"KABKOT":"SLEMAN","ID_KEC":"34.04.13","KECAMATAN":"SLEMAN","ID_DESA":"34.04.13.2005","DESA":"TRIMULYO","LONGITUDE":110.3415759,"LATITUDE":-7.6713979,"STATUS":"BUKA","TANGGAL PENGUMPULAN":"Q1 2025","TANGGAL UPDATE":"27/02/2025"}},{"type":"Feature","geometry":{"coordinates":[110.4167924,-7.6977286],"type":"Point"},"properties":{"NAMA":"TOKO SRC PAK TRI","TIPE_1":"PERDAGANGAN DAN RETAIL","TIPE_2":"TOKO KELONTONG","TIPE_3":"-","TELEPON":"0882-1660-7134","ALAMAT":"JL. KALIURANG NO.13, BESI, SUKOHARJO, KEC. SLEMAN, KABUPATEN SLEMAN, DAERAH ISTIMEWA YOGYAKARTA 55581","ID_PROV":34,"PROVINSI":"DAERAH ISTIMEWA YOGYAKARTA","ID_KABKOT":34.04,"KABKOT":"SLEMAN","ID_KEC":"34.04.12","KECAMATAN":"NGAGLIK","ID_DESA":"34.04.12.2004","DESA":"SUKOHARJO","LONGITUDE":110.4167924,"LATITUDE":-7.6977286,"STATUS":"BUKA","TANGGAL PENGUMPULAN":"Q1 2025","TANGGAL UPDATE":"27/02/2025"}},{"type":"Feature","geometry":{"coordinates":[110.4200544,-7.66084],"type":"Point"},"properties":{"NAMA":"TOKO KELONTONG MADURA RUKA","TIPE_1":"PERDAGANGAN DAN RETAIL","TIPE_2":"TOKO KELONTONG","TIPE_3":"-","TELEPON":"","ALAMAT":"JL. KALIURANG NO.17, AREA SAWAH, PAKEMBINANGUN, KEC. PAKEM, KABUPATEN SLEMAN, DAERAH ISTIMEWA YOGYAKARTA 55582","ID_PROV":34,"PROVINSI":"DAERAH ISTIMEWA YOGYAKARTA","ID_KABKOT":34.04,"KABKOT":"SLEMAN","ID_KEC":"34.04.16","KECAMATAN":"PAKEM","ID_DESA":"34.04.16.2004","DESA":"PAKEMBINANGUN","LONGITUDE":110.4200544,"LATITUDE":-7.66084,"STATUS":"BUKA","TANGGAL PENGUMPULAN":"Q1 2025","TANGGAL UPDATE":"27/02/2025"}},{"type":"Feature","geometry":{"coordinates":[110.4190799,-7.6843299],"type":"Point"},"properties":{"NAMA":"TOKO IBU WALIDAH","TIPE_1":"PERDAGANGAN DAN RETAIL","TIPE_2":"TOKO KELONTONG","TIPE_3":"-","TELEPON":"","ALAMAT":"JL. KALIURANG NO.57, NGEMPLAK, UMBULMARTANI, KEC. NGEMPLAK, KABUPATEN SLEMAN, DAERAH ISTIMEWA YOGYAKARTA 55584","ID_PROV":34,"PROVINSI":"DAERAH ISTIMEWA YOGYAKARTA","ID_KABKOT":34.04,"KABKOT":"SLEMAN","ID_KEC":"34.04.11","KECAMATAN":"NGEMPLAK","ID_DESA":"34.04.11.2005","DESA":"UMBULMARTANI","LONGITUDE":110.4190799,"LATITUDE":-7.6843299,"STATUS":"BUKA","TANGGAL PENGUMPULAN":"Q1 2025","TANGGAL UPDATE":"27/02/2025"}},{"type":"Feature","geometry":{"coordinates":[110.388733,-7.7458413],"type":"Point"},"properties":{"NAMA":"TOKO SEMBAKO BU PIPIT","TIPE_1":"PERDAGANGAN DAN RETAIL","TIPE_2":"TOKO KELONTONG","TIPE_3":"-","TELEPON":"","ALAMAT":"JL. KALIURANG NO.7, KAYEN, CONDONGCATUR, KEC. DEPOK, KABUPATEN SLEMAN, DAERAH ISTIMEWA YOGYAKARTA 55281","ID_PROV":34,"PROVINSI":"DAERAH ISTIMEWA YOGYAKARTA","ID_KABKOT":34.04,"KABKOT":"SLEMAN","ID_KEC":"34.04.07","KECAMATAN":"DEPOK","ID_DESA":"34.04.07.2003","DESA":"CONDONGCATUR","LONGITUDE":110.388733,"LATITUDE":-7.7458413,"STATUS":"BUKA","TANGGAL PENGUMPULAN":"Q1 2025","TANGGAL UPDATE":"27/02/2025"}},{"type":"Feature","geometry":{"coordinates":[110.4007151,-7.7144453],"type":"Point"},"properties":{"NAMA":"TOKO KELONTONG BU SARTINI","TIPE_1":"PERDAGANGAN DAN RETAIL","TIPE_2":"TOKO KELONTONG","TIPE_3":"-","TELEPON":"(0274) 886630","ALAMAT":"JL. KALIURANG NO.9 BULUSAN, BULUSARI, SARDONOHARJO, KEC. NGAGLIK, KABUPATEN SLEMAN, DAERAH ISTIMEWA YOGYAKARTA 55581","ID_PROV":34,"PROVINSI":"DAERAH ISTIMEWA YOGYAKARTA","ID_KABKOT":34.04,"KABKOT":"SLEMAN","ID_KEC":"34.04.12","KECAMATAN":"NGAGLIK","ID_DESA":"34.04.12.2005","DESA":"SARDONOHARJO","LONGITUDE":110.4007151,"LATITUDE":-7.7144453,"STATUS":"BUKA","TANGGAL PENGUMPULAN":"Q1 2025","TANGGAL UPDATE":"27/02/2025"}},{"type":"Feature","geometry":{"coordinates":[110.4195826,-7.665195],"type":"Point"},"properties":{"NAMA":"TOKO ANIK","TIPE_1":"PERDAGANGAN DAN RETAIL","TIPE_2":"TOKO KELONTONG","TIPE_3":"-","TELEPON":"0857-1656-7889","ALAMAT":"JL. KALIURANG NO.KM 17, PAKEMGEDE, PAKEMBINANGUN, KEC. PAKEM, KABUPATEN SLEMAN, DAERAH ISTIMEWA YOGYAKARTA 55582","ID_PROV":34,"PROVINSI":"DAERAH ISTIMEWA YOGYAKARTA","ID_KABKOT":34.04,"KABKOT":"SLEMAN","ID_KEC":"34.04.16","KECAMATAN":"PAKEM","ID_DESA":"34.04.16.2004","DESA":"PAKEMBINANGUN","LONGITUDE":110.4195826,"LATITUDE":-7.665195,"STATUS":"BUKA","TANGGAL PENGUMPULAN":"Q1 2025","TANGGAL UPDATE":"27/02/2025"}},{"type":"Feature","geometry":{"coordinates":[110.4038801,-7.7194409],"type":"Point"},"properties":{"NAMA":"TOKO SEMBAKO BU MURNI","TIPE_1":"PERDAGANGAN DAN RETAIL","TIPE_2":"TOKO KELONTONG","TIPE_3":"-","TELEPON":"","ALAMAT":"JL. KALIURANG NO.KM, RW.10, GENTAN, SINDUHARJO, KEC. NGAGLIK, KABUPATEN SLEMAN, DAERAH ISTIMEWA YOGYAKARTA 55581","ID_PROV":34,"PROVINSI":"DAERAH ISTIMEWA YOGYAKARTA","ID_KABKOT":34.04,"KABKOT":"SLEMAN","ID_KEC":"34.04.12","KECAMATAN":"NGAGLIK","ID_DESA":"34.04.12.2003","DESA":"SINDUHARJO","LONGITUDE":110.4038801,"LATITUDE":-7.7194409,"STATUS":"BUKA","TANGGAL PENGUMPULAN":"Q1 2025","TANGGAL UPDATE":"27/02/2025"}},{"type":"Feature","geometry":{"coordinates":[110.4042791,-7.7295746],"type":"Point"},"properties":{"NAMA":"WARUNG SEMBAKO MBK NANDA","TIPE_1":"PERDAGANGAN DAN RETAIL","TIPE_2":"TOKO KELONTONG","TIPE_3":"-","TELEPON":"","ALAMAT":"JL. KALIURANG TIMUR, GANTALAN, MINOMARTANI, KEC. NGAGLIK, KABUPATEN SLEMAN, DAERAH ISTIMEWA YOGYAKARTA 55581","ID_PROV":34,"PROVINSI":"DAERAH ISTIMEWA YOGYAKARTA","ID_KABKOT":34.04,"KABKOT":"SLEMAN","ID_KEC":"34.04.12","KECAMATAN":"NGAGLIK","ID_DESA":"34.04.12.2002","DESA":"MINOMARTANI","LONGITUDE":110.4042791,"LATITUDE":-7.7295746,"STATUS":"BUKA","TANGGAL PENGUMPULAN":"Q1 2025","TANGGAL UPDATE":"27/02/2025"}},{"type":"Feature","geometry":{"coordinates":[110.4011604,-7.7289394],"type":"Point"},"properties":{"NAMA":"TOKO SEMBAKO BU SUTINAH","TIPE_1":"PERDAGANGAN DAN RETAIL","TIPE_2":"TOKO KELONTONG","TIPE_3":"-","TELEPON":"","ALAMAT":"JL. KALIURANG TIMUR, TAMBAKAN, SINDUHARJO, KEC. NGAGLIK, KABUPATEN SLEMAN, DAERAH ISTIMEWA YOGYAKARTA 55581","ID_PROV":34,"PROVINSI":"DAERAH ISTIMEWA YOGYAKARTA","ID_KABKOT":34.04,"KABKOT":"SLEMAN","ID_KEC":"34.04.12","KECAMATAN":"NGAGLIK","ID_DESA":"34.04.12.2003","DESA":"SINDUHARJO","LONGITUDE":110.4011604,"LATITUDE":-7.7289394,"STATUS":"BUKA","TANGGAL PENGUMPULAN":"Q1 2025","TANGGAL UPDATE":"27/02/2025"}},{"type":"Feature","geometry":{"coordinates":[110.4232071,-7.6526988],"type":"Point"},"properties":{"NAMA":"TOKO HANDAYANI","TIPE_1":"PERDAGANGAN DAN RETAIL","TIPE_2":"TOKO KELONTONG","TIPE_3":"-","TELEPON":"0895-0779-6493","ALAMAT":"JL. KALIURANG, AREA SAWAH, PAKEMBINANGUN, KEC. PAKEM, KABUPATEN SLEMAN, DAERAH ISTIMEWA YOGYAKARTA 55582","ID_PROV":34,"PROVINSI":"DAERAH ISTIMEWA YOGYAKARTA","ID_KABKOT":34.04,"KABKOT":"SLEMAN","ID_KEC":"34.04.16","KECAMATAN":"PAKEM","ID_DESA":"34.04.16.2004","DESA":"PAKEMBINANGUN","LONGITUDE":110.4232071,"LATITUDE":-7.6526988,"STATUS":"BUKA","TANGGAL PENGUMPULAN":"Q1 2025","TANGGAL UPDATE":"27/02/2025"}},{"type":"Feature","geometry":{"coordinates":[110.4243382,-7.6452485],"type":"Point"},"properties":{"NAMA":"TOKO SILVIA","TIPE_1":"PERDAGANGAN DAN RETAIL","TIPE_2":"TOKO KELONTONG","TIPE_3":"-","TELEPON":"","ALAMAT":"JL. KALIURANG, AREA SAWAH, PAKEMBINANGUN, KEC. PAKEM, KABUPATEN SLEMAN, DAERAH ISTIMEWA YOGYAKARTA 55582","ID_PROV":34,"PROVINSI":"DAERAH ISTIMEWA YOGYAKARTA","ID_KABKOT":34.04,"KABKOT":"SLEMAN","ID_KEC":"34.04.16","KECAMATAN":"PAKEM","ID_DESA":"34.04.16.2004","DESA":"PAKEMBINANGUN","LONGITUDE":110.4243382,"LATITUDE":-7.6452485,"STATUS":"BUKA","TANGGAL PENGUMPULAN":"Q1 2025","TANGGAL UPDATE":"27/02/2025"}},{"type":"Feature","geometry":{"coordinates":[110.4245708,-7.6450754],"type":"Point"},"properties":{"NAMA":"TOKO TOGE GROSIR SEMBAKO","TIPE_1":"PERDAGANGAN DAN RETAIL","TIPE_2":"TOKO KELONTONG","TIPE_3":"-","TELEPON":"","ALAMAT":"JL. KALIURANG, AREA SAWAH, PAKEMBINANGUN, KEC. PAKEM, KABUPATEN SLEMAN, DAERAH ISTIMEWA YOGYAKARTA 55582","ID_PROV":34,"PROVINSI":"DAERAH ISTIMEWA YOGYAKARTA","ID_KABKOT":34.04,"KABKOT":"SLEMAN","ID_KEC":"34.04.16","KECAMATAN":"PAKEM","ID_DESA":"34.04.16.2004","DESA":"PAKEMBINANGUN","LONGITUDE":110.4245708,"LATITUDE":-7.6450754,"STATUS":"BUKA","TANGGAL PENGUMPULAN":"Q1 2025","TANGGAL UPDATE":"27/02/2025"}},{"type":"Feature","geometry":{"coordinates":[110.4256295,-7.6214763],"type":"Point"},"properties":{"NAMA":"TOKO BU PUJO","TIPE_1":"PERDAGANGAN DAN RETAIL","TIPE_2":"TOKO KELONTONG","TIPE_3":"-","TELEPON":"(0274) 896218","ALAMAT":"JL. KALIURANG, BANTENG, HARGOBINANGUN, KEC. PAKEM, KABUPATEN SLEMAN, DAERAH ISTIMEWA YOGYAKARTA 55582","ID_PROV":34,"PROVINSI":"DAERAH ISTIMEWA YOGYAKARTA","ID_KABKOT":34.04,"KABKOT":"SLEMAN","ID_KEC":"34.04.16","KECAMATAN":"PAKEM","ID_DESA":"34.04.16.2005","DESA":"HARGOBINANGUN","LONGITUDE":110.4256295,"LATITUDE":-7.6214763,"STATUS":"BUKA","TANGGAL PENGUMPULAN":"Q1 2025","TANGGAL UPDATE":"27/02/2025"}},{"type":"Feature","geometry":{"coordinates":[110.396988,-7.7319846],"type":"Point"},"properties":{"NAMA":"TOKO KELONTONG GANI","TIPE_1":"PERDAGANGAN DAN RETAIL","TIPE_2":"TOKO KELONTONG","TIPE_3":"-","TELEPON":"","ALAMAT":"JL. KALIURANG, DAYU, SINDUHARJO, KEC. NGAGLIK, KABUPATEN SLEMAN, DAERAH ISTIMEWA YOGYAKARTA 55581","ID_PROV":34,"PROVINSI":"DAERAH ISTIMEWA YOGYAKARTA","ID_KABKOT":34.04,"KABKOT":"SLEMAN","ID_KEC":"34.04.12","KECAMATAN":"NGAGLIK","ID_DESA":"34.04.12.2003","DESA":"SINDUHARJO","LONGITUDE":110.396988,"LATITUDE":-7.7319846,"STATUS":"BUKA","TANGGAL PENGUMPULAN":"Q1 2025","TANGGAL UPDATE":"27/02/2025"}},{"type":"Feature","geometry":{"coordinates":[110.4274474,-7.6074927],"type":"Point"},"properties":{"NAMA":"TOKO AMPYANG ASIH","TIPE_1":"PERDAGANGAN DAN RETAIL","TIPE_2":"TOKO KELONTONG","TIPE_3":"-","TELEPON":"(0274) 897990","ALAMAT":"JL. KALIURANG, NGIPIKSARI, HARGOBINANGUN, PAKEM, SLEMAN REGENCY, SPECIAL REGION OF YOGYAKARTA 55582","ID_PROV":34,"PROVINSI":"DAERAH ISTIMEWA YOGYAKARTA","ID_KABKOT":34.04,"KABKOT":"SLEMAN","ID_KEC":"34.04.16","KECAMATAN":"PAKEM","ID_DESA":"34.04.16.2005","DESA":"HARGOBINANGUN","LONGITUDE":110.4274474,"LATITUDE":-7.6074927,"STATUS":"BUKA","TANGGAL PENGUMPULAN":"Q1 2025","TANGGAL UPDATE":"27/02/2025"}},{"type":"Feature","geometry":{"coordinates":[110.425205,-7.6346515],"type":"Point"},"properties":{"NAMA":"TOKO BU NUR","TIPE_1":"PERDAGANGAN DAN RETAIL","TIPE_2":"TOKO KELONTONG","TIPE_3":"-","TELEPON":"","ALAMAT":"JL. KALIURANG, SAWUNGAN, HARGOBINANGUN, KEC. PAKEM, KABUPATEN SLEMAN, DAERAH ISTIMEWA YOGYAKARTA 55582","ID_PROV":34,"PROVINSI":"DAERAH ISTIMEWA YOGYAKARTA","ID_KABKOT":34.04,"KABKOT":"SLEMAN","ID_KEC":"34.04.16","KECAMATAN":"PAKEM","ID_DESA":"34.04.16.2005","DESA":"HARGOBINANGUN","LONGITUDE":110.425205,"LATITUDE":-7.6346515,"STATUS":"BUKA","TANGGAL PENGUMPULAN":"Q1 2025","TANGGAL UPDATE":"27/02/2025"}},{"type":"Feature","geometry":{"coordinates":[110.4253505,-7.6358189],"type":"Point"},"properties":{"NAMA":"WIWINMART & MODISTE","TIPE_1":"PERDAGANGAN DAN RETAIL","TIPE_2":"TOKO KELONTONG","TIPE_3":"-","TELEPON":"0813-9307-4460","ALAMAT":"JL. KALIURANG, SAWUNGAN, HARGOBINANGUN, KEC. PAKEM, KABUPATEN SLEMAN, DAERAH ISTIMEWA YOGYAKARTA 55582","ID_PROV":34,"PROVINSI":"DAERAH ISTIMEWA YOGYAKARTA","ID_KABKOT":34.04,"KABKOT":"SLEMAN","ID_KEC":"34.04.16","KECAMATAN":"PAKEM","ID_DESA":"34.04.16.2005","DESA":"HARGOBINANGUN","LONGITUDE":110.4253505,"LATITUDE":-7.6358189,"STATUS":"BUKA","TANGGAL PENGUMPULAN":"Q1 2025","TANGGAL UPDATE":"27/02/2025"}},{"type":"Feature","geometry":{"coordinates":[110.319218,-7.7149215],"type":"Point"},"properties":{"NAMA":"TOKO PAK SANIJO","TIPE_1":"PERDAGANGAN DAN RETAIL","TIPE_2":"TOKO KELONTONG","TIPE_3":"-","TELEPON":"","ALAMAT":"JL. KAMAL KULON, TEGAL SOMPOKAN, MARGOMULYO, KEC. SEYEGAN, KABUPATEN SLEMAN, DAERAH ISTIMEWA YOGYAKARTA 55561","ID_PROV":34,"PROVINSI":"DAERAH ISTIMEWA YOGYAKARTA","ID_KABKOT":34.04,"KABKOT":"SLEMAN","ID_KEC":"34.04.05","KECAMATAN":"SEYEGAN","ID_DESA":"34.04.05.2004","DESA":"MARGOMULYO","LONGITUDE":110.319218,"LATITUDE":-7.7149215,"STATUS":"BUKA","TANGGAL PENGUMPULAN":"Q1 2025","TANGGAL UPDATE":"27/02/2025"}},{"type":"Feature","geometry":{"coordinates":[110.425188,-7.753403],"type":"Point"},"properties":{"NAMA":"TOKO RAHAYU","TIPE_1":"PERDAGANGAN DAN RETAIL","TIPE_2":"TOKO KELONTONG","TIPE_3":"-","TELEPON":"0877-2973-8345","ALAMAT":"JL. KANIGORO NO.224, POMAHAN, MAGUWOHARJO, KEC. DEPOK, KABUPATEN SLEMAN, DAERAH ISTIMEWA YOGYAKARTA 55282","ID_PROV":34,"PROVINSI":"DAERAH ISTIMEWA YOGYAKARTA","ID_KABKOT":34.04,"KABKOT":"SLEMAN","ID_KEC":"34.04.07","KECAMATAN":"DEPOK","ID_DESA":"34.04.07.2002","DESA":"MAGUWOHARJO","LONGITUDE":110.425188,"LATITUDE":-7.753403,"STATUS":"BUKA","TANGGAL PENGUMPULAN":"Q1 2025","TANGGAL UPDATE":"27/02/2025"}},{"type":"Feature","geometry":{"coordinates":[110.3875934,-7.7222366],"type":"Point"},"properties":{"NAMA":"WARUNG SEMBAKO CAK ALI","TIPE_1":"PERDAGANGAN DAN RETAIL","TIPE_2":"TOKO KELONTONG","TIPE_3":"-","TELEPON":"0888-0530-9049","ALAMAT":"JL. KAPTEN HARYADI, LOJAJAR, SINDUHARJO, KEC. NGAGLIK, KABUPATEN SLEMAN, DAERAH ISTIMEWA YOGYAKARTA 55581","ID_PROV":34,"PROVINSI":"DAERAH ISTIMEWA YOGYAKARTA","ID_KABKOT":34.04,"KABKOT":"SLEMAN","ID_KEC":"34.04.12","KECAMATAN":"NGAGLIK","ID_DESA":"34.04.12.2003","DESA":"SINDUHARJO","LONGITUDE":110.3875934,"LATITUDE":-7.7222366,"STATUS":"BUKA","TANGGAL PENGUMPULAN":"Q1 2025","TANGGAL UPDATE":"27/02/2025"}},{"type":"Feature","geometry":{"coordinates":[110.3838142,-7.7209394],"type":"Point"},"properties":{"NAMA":"TOKO SEMBAKO A2D (JANTURAN)","TIPE_1":"PERDAGANGAN DAN RETAIL","TIPE_2":"TOKO KELONTONG","TIPE_3":"-","TELEPON":"0857-2538-3375","ALAMAT":"JL. KAPTEN HARYADI, REJODANI 2, SARIHARJO, NGAGLIK, SLEMAN REGENCY, SPECIAL REGION OF YOGYAKARTA 55514","ID_PROV":34,"PROVINSI":"DAERAH ISTIMEWA YOGYAKARTA","ID_KABKOT":34.04,"KABKOT":"SLEMAN","ID_KEC":"34.04.12","KECAMATAN":"NGAGLIK","ID_DESA":"34.04.12.2001","DESA":"SARIHARJO","LONGITUDE":110.3838142,"LATITUDE":-7.7209394,"STATUS":"BUKA","TANGGAL PENGUMPULAN":"Q1 2025","TANGGAL UPDATE":"27/02/2025"}},{"type":"Feature","geometry":{"coordinates":[110.3973884,-7.7065958],"type":"Point"},"properties":{"NAMA":"TOKO KELONTONG MAS ILYAS","TIPE_1":"PERDAGANGAN DAN RETAIL","TIPE_2":"TOKO KELONTONG","TIPE_3":"-","TELEPON":"","ALAMAT":"JL. KARANGJENJEM, PLUMBON, SARDONOHARJO, KEC. NGAGLIK, KABUPATEN SLEMAN, DAERAH ISTIMEWA YOGYAKARTA 55581","ID_PROV":34,"PROVINSI":"DAERAH ISTIMEWA YOGYAKARTA","ID_KABKOT":34.04,"KABKOT":"SLEMAN","ID_KEC":"34.04.12","KECAMATAN":"NGAGLIK","ID_DESA":"34.04.12.2005","DESA":"SARDONOHARJO","LONGITUDE":110.3973884,"LATITUDE":-7.7065958,"STATUS":"BUKA","TANGGAL PENGUMPULAN":"Q1 2025","TANGGAL UPDATE":"27/02/2025"}},{"type":"Feature","geometry":{"coordinates":[110.3848597,-7.7714484],"type":"Point"},"properties":{"NAMA":"WARUNG KELONTONG BU KESTI","TIPE_1":"PERDAGANGAN DAN RETAIL","TIPE_2":"TOKO KELONTONG","TIPE_3":"-","TELEPON":"","ALAMAT":"JL. KARANGMALANG NO.D 7, RT.05/RW.02, KARANG MALANG, CATURTUNGGAL, KEC. DEPOK, KABUPATEN SLEMAN, DAERAH ISTIMEWA YOGYAKARTA 55281","ID_PROV":34,"PROVINSI":"DAERAH ISTIMEWA YOGYAKARTA","ID_KABKOT":34.04,"KABKOT":"SLEMAN","ID_KEC":"34.04.07","KECAMATAN":"DEPOK","ID_DESA":"34.04.07.2001","DESA":"CATURTUNGGAL","LONGITUDE":110.3848597,"LATITUDE":-7.7714484,"STATUS":"BUKA","TANGGAL PENGUMPULAN":"Q1 2025","TANGGAL UPDATE":"27/02/2025"}},{"type":"Feature","geometry":{"coordinates":[110.4197462,-7.7285984],"type":"Point"},"properties":{"NAMA":"WARUNG SEMBAKO MBAK NAZLA","TIPE_1":"PERDAGANGAN DAN RETAIL","TIPE_2":"TOKO KELONTONG","TIPE_3":"-","TELEPON":"0877-3930-6578","ALAMAT":"JL. KARANGMOJO, CEPER, WEDOMARTANI, NGEMPLAK, SLEMAN REGENCY, SPECIAL REGION OF YOGYAKARTA 55584","ID_PROV":34,"PROVINSI":"DAERAH ISTIMEWA YOGYAKARTA","ID_KABKOT":34.04,"KABKOT":"SLEMAN","ID_KEC":"34.04.11","KECAMATAN":"NGEMPLAK","ID_DESA":"34.04.11.2004","DESA":"WEDOMARTANI","LONGITUDE":110.4197462,"LATITUDE":-7.7285984,"STATUS":"BUKA","TANGGAL PENGUMPULAN":"Q1 2025","TANGGAL UPDATE":"27/02/2025"}},{"type":"Feature","geometry":{"coordinates":[110.483717,-7.752169],"type":"Point"},"properties":{"NAMA":"SENTRAMART","TIPE_1":"PERDAGANGAN DAN RETAIL","TIPE_2":"TOKO KELONTONG","TIPE_3":"-","TELEPON":"0813-2823-4144","ALAMAT":"JL. KARANGMOJO, KARANGMOJO, TAMANMARTANI, KEC. KALASAN, KABUPATEN SLEMAN, DAERAH ISTIMEWA YOGYAKARTA 55571","ID_PROV":34,"PROVINSI":"DAERAH ISTIMEWA YOGYAKARTA","ID_KABKOT":34.04,"KABKOT":"SLEMAN","ID_KEC":"34.04.10","KECAMATAN":"KALASAN","ID_DESA":"34.04.10.2003","DESA":"TAMANMARTANI","LONGITUDE":110.483717,"LATITUDE":-7.752169,"STATUS":"BUKA","TANGGAL PENGUMPULAN":"Q1 2025","TANGGAL UPDATE":"27/02/2025"}},{"type":"Feature","geometry":{"coordinates":[110.4186714,-7.7282164],"type":"Point"},"properties":{"NAMA":"ELDIRA STORE","TIPE_1":"PERDAGANGAN DAN RETAIL","TIPE_2":"TOKO KELONTONG","TIPE_3":"-","TELEPON":"0859-2747-2012","ALAMAT":"JL. KARANGMOJO, KARANGMOJO, WEDOMARTANI, KEC. NGEMPLAK, KABUPATEN SLEMAN, DAERAH ISTIMEWA YOGYAKARTA 55584","ID_PROV":34,"PROVINSI":"DAERAH ISTIMEWA YOGYAKARTA","ID_KABKOT":34.04,"KABKOT":"SLEMAN","ID_KEC":"34.04.11","KECAMATAN":"NGEMPLAK","ID_DESA":"34.04.11.2004","DESA":"WEDOMARTANI","LONGITUDE":110.4186714,"LATITUDE":-7.7282164,"STATUS":"BUKA","TANGGAL PENGUMPULAN":"Q1 2025","TANGGAL UPDATE":"27/02/2025"}},{"type":"Feature","geometry":{"coordinates":[110.3284361,-7.8018443],"type":"Point"},"properties":{"NAMA":"TOKO ANUGRAH 3","TIPE_1":"PERDAGANGAN DAN RETAIL","TIPE_2":"TOKO KELONTONG","TIPE_3":"-","TELEPON":"0856-4100-6564","ALAMAT":"JL. KAREBET, GAMPING KIDUL, AMBARKETAWANG, KEC. GAMPING, KABUPATEN SLEMAN, DAERAH ISTIMEWA YOGYAKARTA 55294","ID_PROV":34,"PROVINSI":"DAERAH ISTIMEWA YOGYAKARTA","ID_KABKOT":34.04,"KABKOT":"SLEMAN","ID_KEC":"34.04.01","KECAMATAN":"GAMPING","ID_DESA":"34.04.01.2002","DESA":"AMBARKETAWANG","LONGITUDE":110.3284361,"LATITUDE":-7.8018443,"STATUS":"BUKA","TANGGAL PENGUMPULAN":"Q1 2025","TANGGAL UPDATE":"27/02/2025"}},{"type":"Feature","geometry":{"coordinates":[110.4899638,-7.8064037],"type":"Point"},"properties":{"NAMA":"TOKO NARESWARI","TIPE_1":"PERDAGANGAN DAN RETAIL","TIPE_2":"TOKO KELONTONG","TIPE_3":"-","TELEPON":"0895-3926-11281","ALAMAT":"JL. KARET NO.17, RT.03/RW.07, POLANGAN, SUMBERHARJO, KEC. PRAMBANAN, KABUPATEN SLEMAN, DAERAH ISTIMEWA YOGYAKARTA 55572","ID_PROV":34,"PROVINSI":"DAERAH ISTIMEWA YOGYAKARTA","ID_KABKOT":34.04,"KABKOT":"SLEMAN","ID_KEC":"34.04.09","KECAMATAN":"PRAMBANAN","ID_DESA":"34.04.09.2001","DESA":"SUMBERHARJO","LONGITUDE":110.4899638,"LATITUDE":-7.8064037,"STATUS":"BUKA","TANGGAL PENGUMPULAN":"Q1 2025","TANGGAL UPDATE":"27/02/2025"}},{"type":"Feature","geometry":{"coordinates":[110.4155125,-7.6697751],"type":"Point"},"properties":{"NAMA":"TOKO KELONTONG SALIM JAYA","TIPE_1":"PERDAGANGAN DAN RETAIL","TIPE_2":"TOKO KELONTONG","TIPE_3":"-","TELEPON":"0811-257-516","ALAMAT":"JL. KATEN, DERO WETAN, HARJOBINANGUN, KEC. PAKEM, KABUPATEN SLEMAN, DAERAH ISTIMEWA YOGYAKARTA 55582","ID_PROV":34,"PROVINSI":"DAERAH ISTIMEWA YOGYAKARTA","ID_KABKOT":34.04,"KABKOT":"SLEMAN","ID_KEC":"34.04.16","KECAMATAN":"PAKEM","ID_DESA":"34.04.16.2003","DESA":"HARJOBINANGUN","LONGITUDE":110.4155125,"LATITUDE":-7.6697751,"STATUS":"BUKA","TANGGAL PENGUMPULAN":"Q1 2025","TANGGAL UPDATE":"27/02/2025"}},{"type":"Feature","geometry":{"coordinates":[110.4210234,-7.7346566],"type":"Point"},"properties":{"NAMA":"WARUNG SEMBAKO BU UDIN","TIPE_1":"PERDAGANGAN DAN RETAIL","TIPE_2":"TOKO KELONTONG","TIPE_3":"-","TELEPON":"0853-8550-9559","ALAMAT":"JL. KAYEN RAYA, BLOTAN, WEDOMARTANI, KEC. NGEMPLAK, KABUPATEN SLEMAN, DAERAH ISTIMEWA YOGYAKARTA 55584","ID_PROV":34,"PROVINSI":"DAERAH ISTIMEWA YOGYAKARTA","ID_KABKOT":34.04,"KABKOT":"SLEMAN","ID_KEC":"34.04.11","KECAMATAN":"NGEMPLAK","ID_DESA":"34.04.11.2004","DESA":"WEDOMARTANI","LONGITUDE":110.4210234,"LATITUDE":-7.7346566,"STATUS":"BUKA","TANGGAL PENGUMPULAN":"Q1 2025","TANGGAL UPDATE":"27/02/2025"}},{"type":"Feature","geometry":{"coordinates":[110.4278068,-7.7359499],"type":"Point"},"properties":{"NAMA":"ZARA KELONTONG","TIPE_1":"PERDAGANGAN DAN RETAIL","TIPE_2":"TOKO KELONTONG","TIPE_3":"-","TELEPON":"","ALAMAT":"JL. KAYEN RAYA, TEGALSARI, WEDOMARTANI, KEC. NGEMPLAK, KABUPATEN SLEMAN, DAERAH ISTIMEWA YOGYAKARTA 55584","ID_PROV":34,"PROVINSI":"DAERAH ISTIMEWA YOGYAKARTA","ID_KABKOT":34.04,"KABKOT":"SLEMAN","ID_KEC":"34.04.11","KECAMATAN":"NGEMPLAK","ID_DESA":"34.04.11.2004","DESA":"WEDOMARTANI","LONGITUDE":110.4278068,"LATITUDE":-7.7359499,"STATUS":"BUKA","TANGGAL PENGUMPULAN":"Q1 2025","TANGGAL UPDATE":"27/02/2025"}},{"type":"Feature","geometry":{"coordinates":[110.2569109,-7.7151167],"type":"Point"},"properties":{"NAMA":"TOKO JUJUR","TIPE_1":"PERDAGANGAN DAN RETAIL","TIPE_2":"TOKO KELONTONG","TIPE_3":"-","TELEPON":"0851-0383-6263","ALAMAT":"JL. KEBON AGUNG NO.KM 20, GTAKAN, SENDANGSARI, KEC. MINGGIR, KABUPATEN SLEMAN, DAERAH ISTIMEWA YOGYAKARTA 55562","ID_PROV":34,"PROVINSI":"DAERAH ISTIMEWA YOGYAKARTA","ID_KABKOT":34.04,"KABKOT":"SLEMAN","ID_KEC":"34.04.04","KECAMATAN":"MINGGIR","ID_DESA":"34.04.04.2004","DESA":"SENDANGSARI","LONGITUDE":110.2569109,"LATITUDE":-7.7151167,"STATUS":"BUKA","TANGGAL PENGUMPULAN":"Q1 2025","TANGGAL UPDATE":"27/02/2025"}},{"type":"Feature","geometry":{"coordinates":[110.2551539,-7.7152845],"type":"Point"},"properties":{"NAMA":"TOKO INDY SEMBAKO","TIPE_1":"PERDAGANGAN DAN RETAIL","TIPE_2":"TOKO KELONTONG","TIPE_3":"-","TELEPON":"0878-3884-7843","ALAMAT":"JL. KEBON AGUNG NO.KM 21, BANDAN, SENDANGSARI, KEC. MINGGIR, KABUPATEN SLEMAN, DAERAH ISTIMEWA YOGYAKARTA 55562","ID_PROV":34,"PROVINSI":"DAERAH ISTIMEWA YOGYAKARTA","ID_KABKOT":34.04,"KABKOT":"SLEMAN","ID_KEC":"34.04.04","KECAMATAN":"MINGGIR","ID_DESA":"34.04.04.2004","DESA":"SENDANGSARI","LONGITUDE":110.2551539,"LATITUDE":-7.7152845,"STATUS":"BUKA","TANGGAL PENGUMPULAN":"Q1 2025","TANGGAL UPDATE":"27/02/2025"}},{"type":"Feature","geometry":{"coordinates":[110.2556687,-7.7151752],"type":"Point"},"properties":{"NAMA":"BATHI SEDULUR SEMBAKO","TIPE_1":"PERDAGANGAN DAN RETAIL","TIPE_2":"TOKO KELONTONG","TIPE_3":"-","TELEPON":"0822-6009-4637","ALAMAT":"JL. KEBON AGUNG, GTAKAN, SENDANGSARI, KEC. MINGGIR, YOGYAKARTA, DAERAH ISTIMEWA YOGYAKARTA 55562","ID_PROV":34,"PROVINSI":"DAERAH ISTIMEWA YOGYAKARTA","ID_KABKOT":34.04,"KABKOT":"SLEMAN","ID_KEC":"34.04.04","KECAMATAN":"MINGGIR","ID_DESA":"34.04.04.2004","DESA":"SENDANGSARI","LONGITUDE":110.2556687,"LATITUDE":-7.7151752,"STATUS":"BUKA","TANGGAL PENGUMPULAN":"Q1 2025","TANGGAL UPDATE":"27/02/2025"}},{"type":"Feature","geometry":{"coordinates":[110.3561658,-7.7422426],"type":"Point"},"properties":{"NAMA":"TOKO SEMBAKO SN","TIPE_1":"PERDAGANGAN DAN RETAIL","TIPE_2":"TOKO KELONTONG","TIPE_3":"-","TELEPON":"0819-5408-181","ALAMAT":"JL. KEBON AGUNG, KARANG GENENG, SENDANGADI, KEC. MLATI, KABUPATEN SLEMAN, DAERAH ISTIMEWA YOGYAKARTA 55285","ID_PROV":34,"PROVINSI":"DAERAH ISTIMEWA YOGYAKARTA","ID_KABKOT":34.04,"KABKOT":"SLEMAN","ID_KEC":"34.04.06","KECAMATAN":"MLATI","ID_DESA":"34.04.06.2002","DESA":"SENDANGADI","LONGITUDE":110.3561658,"LATITUDE":-7.7422426,"STATUS":"BUKA","TANGGAL PENGUMPULAN":"Q1 2025","TANGGAL UPDATE":"27/02/2025"}},{"type":"Feature","geometry":{"coordinates":[110.3106219,-7.7237473],"type":"Point"},"properties":{"NAMA":"TOKO KUNCUNG","TIPE_1":"PERDAGANGAN DAN RETAIL","TIPE_2":"TOKO KELONTONG","TIPE_3":"-","TELEPON":"0813-1476-1360","ALAMAT":"JL. KEBON AGUNG, KASURAN WETAN, MARGOMULYO, KEC. SEYEGAN, KABUPATEN SLEMAN, DAERAH ISTIMEWA YOGYAKARTA 55561","ID_PROV":34,"PROVINSI":"DAERAH ISTIMEWA YOGYAKARTA","ID_KABKOT":34.04,"KABKOT":"SLEMAN","ID_KEC":"34.04.05","KECAMATAN":"SEYEGAN","ID_DESA":"34.04.05.2004","DESA":"MARGOMULYO","LONGITUDE":110.3106219,"LATITUDE":-7.7237473,"STATUS":"BUKA","TANGGAL PENGUMPULAN":"Q1 2025","TANGGAL UPDATE":"27/02/2025"}},{"type":"Feature","geometry":{"coordinates":[110.2413451,-7.7179093],"type":"Point"},"properties":{"NAMA":"WARUNG WAWAN KELONTONG","TIPE_1":"PERDAGANGAN DAN RETAIL","TIPE_2":"TOKO KELONTONG","TIPE_3":"-","TELEPON":"","ALAMAT":"JL. KEBON AGUNG, MINGGIR, SENDANGAGUNG, KEC. MINGGIR, KABUPATEN SLEMAN, DAERAH ISTIMEWA YOGYAKARTA 55562","ID_PROV":34,"PROVINSI":"DAERAH ISTIMEWA YOGYAKARTA","ID_KABKOT":34.04,"KABKOT":"SLEMAN","ID_KEC":"34.04.04","KECAMATAN":"MINGGIR","ID_DESA":"34.04.04.2003","DESA":"SENDANGAGUNG","LONGITUDE":110.2413451,"LATITUDE":-7.7179093,"STATUS":"BUKA","TANGGAL PENGUMPULAN":"Q1 2025","TANGGAL UPDATE":"27/02/2025"}},{"type":"Feature","geometry":{"coordinates":[110.2348001,-7.7262952],"type":"Point"},"properties":{"NAMA":"TOKO ENI MOROREJO","TIPE_1":"PERDAGANGAN DAN RETAIL","TIPE_2":"TOKO KELONTONG","TIPE_3":"-","TELEPON":"","ALAMAT":"JL. KEBON AGUNG, PLOMBANGAN, SENDANGAGUNG, MINGGIR, SLEMAN REGENCY, SPECIAL REGION OF YOGYAKARTA 55562","ID_PROV":34,"PROVINSI":"DAERAH ISTIMEWA YOGYAKARTA","ID_KABKOT":34.04,"KABKOT":"SLEMAN","ID_KEC":"34.04.04","KECAMATAN":"MINGGIR","ID_DESA":"34.04.04.2003","DESA":"SENDANGAGUNG","LONGITUDE":110.2348001,"LATITUDE":-7.7262952,"STATUS":"BUKA","TANGGAL PENGUMPULAN":"Q1 2025","TANGGAL UPDATE":"27/02/2025"}},{"type":"Feature","geometry":{"coordinates":[110.2926461,-7.7150619],"type":"Point"},"properties":{"NAMA":"TOKO SEMBAKO BU KARSIYEM","TIPE_1":"PERDAGANGAN DAN RETAIL","TIPE_2":"TOKO KELONTONG","TIPE_3":"-","TELEPON":"0858-7602-7900","ALAMAT":"JL. KEBON AGUNG, SOWOKATON, MARGOKATON, KEC. SEYEGAN, KABUPATEN SLEMAN, DAERAH ISTIMEWA YOGYAKARTA 55561","ID_PROV":34,"PROVINSI":"DAERAH ISTIMEWA YOGYAKARTA","ID_KABKOT":34.04,"KABKOT":"SLEMAN","ID_KEC":"34.04.05","KECAMATAN":"SEYEGAN","ID_DESA":"34.04.05.2005","DESA":"MARGOAGUNG","LONGITUDE":110.2926461,"LATITUDE":-7.7150619,"STATUS":"BUKA","TANGGAL PENGUMPULAN":"Q1 2025","TANGGAL UPDATE":"27/02/2025"}},{"type":"Feature","geometry":{"coordinates":[110.3910048,-7.7577337],"type":"Point"},"properties":{"NAMA":"NGUPASAN JAYA","TIPE_1":"PERDAGANGAN DAN RETAIL","TIPE_2":"TOKO KELONTONG","TIPE_3":"-","TELEPON":"0857-4337-7878","ALAMAT":"JL. KEMUNING NO.8, CANDOK, CONDONGCATUR, KEC. DEPOK, KABUPATEN SLEMAN, DAERAH ISTIMEWA YOGYAKARTA 55281","ID_PROV":34,"PROVINSI":"DAERAH ISTIMEWA YOGYAKARTA","ID_KABKOT":34.04,"KABKOT":"SLEMAN","ID_KEC":"34.04.07","KECAMATAN":"DEPOK","ID_DESA":"34.04.07.2003","DESA":"CONDONGCATUR","LONGITUDE":110.3910048,"LATITUDE":-7.7577337,"STATUS":"BUKA","TANGGAL PENGUMPULAN":"Q1 2025","TANGGAL UPDATE":"27/02/2025"}},{"type":"Feature","geometry":{"coordinates":[110.5016897,-7.8045148],"type":"Point"},"properties":{"NAMA":"TOKO HANDAYANI 2","TIPE_1":"PERDAGANGAN DAN RETAIL","TIPE_2":"TOKO KELONTONG","TIPE_3":"-","TELEPON":"0858-6951-2353","ALAMAT":"JL. KENARI, KENARAN, SUMBERHARJO, KEC. PRAMBANAN, KABUPATEN SLEMAN, DAERAH ISTIMEWA YOGYAKARTA 55572","ID_PROV":34,"PROVINSI":"DAERAH ISTIMEWA YOGYAKARTA","ID_KABKOT":34.04,"KABKOT":"SLEMAN","ID_KEC":"34.04.09","KECAMATAN":"PRAMBANAN","ID_DESA":"34.04.09.2001","DESA":"SUMBERHARJO","LONGITUDE":110.5016897,"LATITUDE":-7.8045148,"STATUS":"BUKA","TANGGAL PENGUMPULAN":"Q1 2025","TANGGAL UPDATE":"27/02/2025"}},{"type":"Feature","geometry":{"coordinates":[110.4204752,-7.7531098],"type":"Point"},"properties":{"NAMA":"TOKO 21 BERAS & SEMBAKO","TIPE_1":"PERDAGANGAN DAN RETAIL","TIPE_2":"TOKO KELONTONG","TIPE_3":"-","TELEPON":"0813-2866-6009","ALAMAT":"JL. KEPUHSARI NO.6B, RT.07/RW.05, KRODAN, MAGUWOHARJO, KEC. DEPOK, KABUPATEN SLEMAN, DAERAH ISTIMEWA YOGYAKARTA 55282","ID_PROV":34,"PROVINSI":"DAERAH ISTIMEWA YOGYAKARTA","ID_KABKOT":34.04,"KABKOT":"SLEMAN","ID_KEC":"34.04.07","KECAMATAN":"DEPOK","ID_DESA":"34.04.07.2002","DESA":"MAGUWOHARJO","LONGITUDE":110.4204752,"LATITUDE":-7.7531098,"STATUS":"BUKA","TANGGAL PENGUMPULAN":"Q1 2025","TANGGAL UPDATE":"27/02/2025"}},{"type":"Feature","geometry":{"coordinates":[110.4196522,-7.7522634],"type":"Point"},"properties":{"NAMA":"TOKO KELONTONG TEH YULI","TIPE_1":"PERDAGANGAN DAN RETAIL","TIPE_2":"TOKO KELONTONG","TIPE_3":"-","TELEPON":"","ALAMAT":"JL. KEPUHSARI, KRODAN, MAGUWOHARJO, DEPOK, SLEMAN REGENCY, SPECIAL REGION OF YOGYAKARTA","ID_PROV":34,"PROVINSI":"DAERAH ISTIMEWA YOGYAKARTA","ID_KABKOT":34.04,"KABKOT":"SLEMAN","ID_KEC":"34.04.07","KECAMATAN":"DEPOK","ID_DESA":"34.04.07.2002","DESA":"MAGUWOHARJO","LONGITUDE":110.4196522,"LATITUDE":-7.7522634,"STATUS":"BUKA","TANGGAL PENGUMPULAN":"Q1 2025","TANGGAL UPDATE":"27/02/2025"}},{"type":"Feature","geometry":{"coordinates":[110.3700481,-7.7727743],"type":"Point"},"properties":{"NAMA":"TOKO HR SEMBAKO","TIPE_1":"PERDAGANGAN DAN RETAIL","TIPE_2":"TOKO KELONTONG","TIPE_3":"-","TELEPON":"","ALAMAT":"JL. KESEHATAN SENDOWO, SENDOWO, SINDUADI, MLATI, SLEMAN REGENCY, SPECIAL REGION OF YOGYAKARTA 55281","ID_PROV":34,"PROVINSI":"DAERAH ISTIMEWA YOGYAKARTA","ID_KABKOT":34.04,"KABKOT":"SLEMAN","ID_KEC":"34.04.06","KECAMATAN":"MLATI","ID_DESA":"34.04.06.2001","DESA":"SINDUADI","LONGITUDE":110.3700481,"LATITUDE":-7.7727743,"STATUS":"BUKA","TANGGAL PENGUMPULAN":"Q1 2025","TANGGAL UPDATE":"27/02/2025"}},{"type":"Feature","geometry":{"coordinates":[110.399021,-7.6817355],"type":"Point"},"properties":{"NAMA":"SRC POJOK 2 MM","TIPE_1":"PERDAGANGAN DAN RETAIL","TIPE_2":"TOKO KELONTONG","TIPE_3":"-","TELEPON":"0878-3877-7386","ALAMAT":"JL. KETULAN, BULUS I, CANDIBINANGUN, KEC. PAKEM, KABUPATEN SLEMAN, DAERAH ISTIMEWA YOGYAKARTA 55582","ID_PROV":34,"PROVINSI":"DAERAH ISTIMEWA YOGYAKARTA","ID_KABKOT":34.04,"KABKOT":"SLEMAN","ID_KEC":"34.04.16","KECAMATAN":"PAKEM","ID_DESA":"34.04.16.2002","DESA":"CANDIBINANGUN","LONGITUDE":110.399021,"LATITUDE":-7.6817355,"STATUS":"BUKA","TANGGAL PENGUMPULAN":"Q1 2025","TANGGAL UPDATE":"27/02/2025"}},{"type":"Feature","geometry":{"coordinates":[110.3990568,-7.6812001],"type":"Point"},"properties":{"NAMA":"TOKO TUNAS REJEKI","TIPE_1":"PERDAGANGAN DAN RETAIL","TIPE_2":"TOKO KELONTONG","TIPE_3":"-","TELEPON":"0838-6644-9417","ALAMAT":"JL. KETULAN, BULUS I, CANDIBINANGUN, KEC. PAKEM, KABUPATEN SLEMAN, DAERAH ISTIMEWA YOGYAKARTA 55582","ID_PROV":34,"PROVINSI":"DAERAH ISTIMEWA YOGYAKARTA","ID_KABKOT":34.04,"KABKOT":"SLEMAN","ID_KEC":"34.04.16","KECAMATAN":"PAKEM","ID_DESA":"34.04.16.2002","DESA":"CANDIBINANGUN","LONGITUDE":110.3990568,"LATITUDE":-7.6812001,"STATUS":"BUKA","TANGGAL PENGUMPULAN":"Q1 2025","TANGGAL UPDATE":"27/02/2025"}},{"type":"Feature","geometry":{"coordinates":[110.2672242,-7.7238959],"type":"Point"},"properties":{"NAMA":"WARUNG SEMBAKO LANCAR JAYA","TIPE_1":"PERDAGANGAN DAN RETAIL","TIPE_2":"TOKO KELONTONG","TIPE_3":"-","TELEPON":"0857-4321-3941","ALAMAT":"JL. KLANGON-TEMPEL JALAN SIDOREJO, AREA SAWAH, SENDANGREJO, KEC. MINGGIR, KABUPATEN SLEMAN, DAERAH ISTIMEWA YOGYAKARTA 56415","ID_PROV":34,"PROVINSI":"DAERAH ISTIMEWA YOGYAKARTA","ID_KABKOT":34.04,"KABKOT":"SLEMAN","ID_KEC":"34.04.04","KECAMATAN":"MINGGIR","ID_DESA":"34.04.04.2005","DESA":"SENDANGREJO","LONGITUDE":110.2672242,"LATITUDE":-7.7238959,"STATUS":"BUKA","TANGGAL PENGUMPULAN":"Q1 2025","TANGGAL UPDATE":"27/02/2025"}},{"type":"Feature","geometry":{"coordinates":[110.266549,-7.7253015],"type":"Point"},"properties":{"NAMA":"TOKO ANDY","TIPE_1":"PERDAGANGAN DAN RETAIL","TIPE_2":"TOKO KELONTONG","TIPE_3":"-","TELEPON":"","ALAMAT":"JL. KLANGON-TEMPEL, TOBAYAN, SENDANGREJO, MINGGIR, SLEMAN REGENCY, SPECIAL REGION OF YOGYAKARTA","ID_PROV":34,"PROVINSI":"DAERAH ISTIMEWA YOGYAKARTA","ID_KABKOT":34.04,"KABKOT":"SLEMAN","ID_KEC":"34.04.04","KECAMATAN":"MINGGIR","ID_DESA":"34.04.04.2005","DESA":"SENDANGREJO","LONGITUDE":110.266549,"LATITUDE":-7.7253015,"STATUS":"BUKA","TANGGAL PENGUMPULAN":"Q1 2025","TANGGAL UPDATE":"27/02/2025"}},{"type":"Feature","geometry":{"coordinates":[110.4635585,-7.7371022],"type":"Point"},"properties":{"NAMA":"TOKO SEMBAKO BU LULU LATIFU","TIPE_1":"PERDAGANGAN DAN RETAIL","TIPE_2":"TOKO KELONTONG","TIPE_3":"-","TELEPON":"0899-6667-575","ALAMAT":"JL. KLENGGUKAN JL. PUNDUNG, RT.001/RW.031, PUNDANG, TIRTOMARTANI, KEC. KALASAN, KABUPATEN SLEMAN, DAERAH ISTIMEWA YOGYAKARTA 55571","ID_PROV":34,"PROVINSI":"DAERAH ISTIMEWA YOGYAKARTA","ID_KABKOT":34.04,"KABKOT":"SLEMAN","ID_KEC":"34.04.10","KECAMATAN":"KALASAN","ID_DESA":"34.04.10.2002","DESA":"TIRTOMARTANI","LONGITUDE":110.4635585,"LATITUDE":-7.7371022,"STATUS":"BUKA","TANGGAL PENGUMPULAN":"Q1 2025","TANGGAL UPDATE":"27/02/2025"}},{"type":"Feature","geometry":{"coordinates":[110.4396978,-7.8048086],"type":"Point"},"properties":{"NAMA":"TOKO ASMI","TIPE_1":"PERDAGANGAN DAN RETAIL","TIPE_2":"TOKO KELONTONG","TIPE_3":"-","TELEPON":"0811-268-741","ALAMAT":"JL. KOPRAL SAMIYO I, KRIKILAN, TEGALTIRTO, BERBAH, SLEMAN REGENCY, SPECIAL REGION OF YOGYAKARTA 55573","ID_PROV":34,"PROVINSI":"DAERAH ISTIMEWA YOGYAKARTA","ID_KABKOT":34.04,"KABKOT":"SLEMAN","ID_KEC":"34.04.08","KECAMATAN":"BERBAH","ID_DESA":"34.04.08.2002","DESA":"TEGALTIRTO","LONGITUDE":110.4396978,"LATITUDE":-7.8048086,"STATUS":"BUKA","TANGGAL PENGUMPULAN":"Q1 2025","TANGGAL UPDATE":"27/02/2025"}},{"type":"Feature","geometry":{"coordinates":[110.478579,-7.7654506],"type":"Point"},"properties":{"NAMA":"WARUNG KELONTONG LEK GIYEK","TIPE_1":"PERDAGANGAN DAN RETAIL","TIPE_2":"TOKO KELONTONG","TIPE_3":"-","TELEPON":"","ALAMAT":"JL. KOWANG, KEPATIHAN, TAMANMARTANI, KEC. KALASAN, KABUPATEN SLEMAN, DAERAH ISTIMEWA YOGYAKARTA 55571","ID_PROV":34,"PROVINSI":"DAERAH ISTIMEWA YOGYAKARTA","ID_KABKOT":34.04,"KABKOT":"SLEMAN","ID_KEC":"34.04.10","KECAMATAN":"KALASAN","ID_DESA":"34.04.10.2003","DESA":"TAMANMARTANI","LONGITUDE":110.478579,"LATITUDE":-7.7654506,"STATUS":"BUKA","TANGGAL PENGUMPULAN":"Q1 2025","TANGGAL UPDATE":"27/02/2025"}},{"type":"Feature","geometry":{"coordinates":[110.427791,-7.8066706],"type":"Point"},"properties":{"NAMA":"KELONTONG","TIPE_1":"PERDAGANGAN DAN RETAIL","TIPE_2":"TOKO KELONTONG","TIPE_3":"-","TELEPON":"","ALAMAT":"JL. KP. HARAP, MOJOKERTEN, SENDANGTIRTO, KEC. BERBAH, KABUPATEN SLEMAN, DAERAH ISTIMEWA YOGYAKARTA 55573","ID_PROV":34,"PROVINSI":"DAERAH ISTIMEWA YOGYAKARTA","ID_KABKOT":34.04,"KABKOT":"SLEMAN","ID_KEC":"34.04.08","KECAMATAN":"BERBAH","ID_DESA":"34.04.08.2001","DESA":"SENDANGTIRTO","LONGITUDE":110.427791,"LATITUDE":-7.8066706,"STATUS":"BUKA","TANGGAL PENGUMPULAN":"Q1 2025","TANGGAL UPDATE":"27/02/2025"}},{"type":"Feature","geometry":{"coordinates":[110.2898316,-7.772026],"type":"Point"},"properties":{"NAMA":"IAZAJOGJA","TIPE_1":"PERDAGANGAN DAN RETAIL","TIPE_2":"TOKO KELONTONG","TIPE_3":"-","TELEPON":"0822-0654-188","ALAMAT":"JL. KRAJAN, AREA SAWAH, SIDOLUHUR, KEC. GODEAN, KABUPATEN SLEMAN, DAERAH ISTIMEWA YOGYAKARTA 55264","ID_PROV":34,"PROVINSI":"DAERAH ISTIMEWA YOGYAKARTA","ID_KABKOT":34.04,"KABKOT":"SLEMAN","ID_KEC":"34.04.02","KECAMATAN":"GODEAN","ID_DESA":"34.04.02.2002","DESA":"SIDOLUHUR","LONGITUDE":110.2898316,"LATITUDE":-7.772026,"STATUS":"BUKA","TANGGAL PENGUMPULAN":"Q1 2025","TANGGAL UPDATE":"27/02/2025"}},{"type":"Feature","geometry":{"coordinates":[110.4340185,-7.7387133],"type":"Point"},"properties":{"NAMA":"TOKO SEMBAKO ALAM JAYA","TIPE_1":"PERDAGANGAN DAN RETAIL","TIPE_2":"TOKO KELONTONG","TIPE_3":"-","TELEPON":"","ALAMAT":"JL. KREGAN UTAMA, KENAYAN, WEDOMARTANI, KEC. NGEMPLAK, KABUPATEN SLEMAN, DAERAH ISTIMEWA YOGYAKARTA 55584","ID_PROV":34,"PROVINSI":"DAERAH ISTIMEWA YOGYAKARTA","ID_KABKOT":34.04,"KABKOT":"SLEMAN","ID_KEC":"34.04.11","KECAMATAN":"NGEMPLAK","ID_DESA":"34.04.11.2004","DESA":"WEDOMARTANI","LONGITUDE":110.4340185,"LATITUDE":-7.7387133,"STATUS":"BUKA","TANGGAL PENGUMPULAN":"Q1 2025","TANGGAL UPDATE":"27/02/2025"}},{"type":"Feature","geometry":{"coordinates":[110.3602882,-7.7216911],"type":"Point"},"properties":{"NAMA":"SRC NINOT CELL","TIPE_1":"PERDAGANGAN DAN RETAIL","TIPE_2":"TOKO KELONTONG","TIPE_3":"-","TELEPON":"0851-0966-7333","ALAMAT":"JL. KRT PRINGGODININGRAT NO.4A, JARAN, TRIDADI, KEC. SLEMAN, KABUPATEN SLEMAN, DAERAH ISTIMEWA YOGYAKARTA 55513","ID_PROV":34,"PROVINSI":"DAERAH ISTIMEWA YOGYAKARTA","ID_KABKOT":34.04,"KABKOT":"SLEMAN","ID_KEC":"34.04.13","KECAMATAN":"SLEMAN","ID_DESA":"34.04.13.2003","DESA":"TRIDADI","LONGITUDE":110.3602882,"LATITUDE":-7.7216911,"STATUS":"BUKA","TANGGAL PENGUMPULAN":"Q1 2025","TANGGAL UPDATE":"27/02/2025"}},{"type":"Feature","geometry":{"coordinates":[110.3602707,-7.7219062],"type":"Point"},"properties":{"NAMA":"TOKO ALFARIZKY MEDAN","TIPE_1":"PERDAGANGAN DAN RETAIL","TIPE_2":"TOKO KELONTONG","TIPE_3":"-","TELEPON":"","ALAMAT":"JL. KRT PRINGGODININGRAT, JABAN, TRIDADI, KEC. SLEMAN, KABUPATEN SLEMAN, DAERAH ISTIMEWA YOGYAKARTA 55511","ID_PROV":34,"PROVINSI":"DAERAH ISTIMEWA YOGYAKARTA","ID_KABKOT":34.04,"KABKOT":"SLEMAN","ID_KEC":"34.04.13","KECAMATAN":"SLEMAN","ID_DESA":"34.04.13.2003","DESA":"TRIDADI","LONGITUDE":110.3602707,"LATITUDE":-7.7219062,"STATUS":"BUKA","TANGGAL PENGUMPULAN":"Q1 2025","TANGGAL UPDATE":"27/02/2025"}},{"type":"Feature","geometry":{"coordinates":[110.3607415,-7.7221814],"type":"Point"},"properties":{"NAMA":"TOKO MEKAR","TIPE_1":"PERDAGANGAN DAN RETAIL","TIPE_2":"TOKO KELONTONG","TIPE_3":"-","TELEPON":"0851-0290-9033","ALAMAT":"JL. KRT PRINGGODININGRAT, JARAN, TRIDADI, SLEMAN, SLEMAN REGENCY, SPECIAL REGION OF YOGYAKARTA 55511","ID_PROV":34,"PROVINSI":"DAERAH ISTIMEWA YOGYAKARTA","ID_KABKOT":34.04,"KABKOT":"SLEMAN","ID_KEC":"34.04.13","KECAMATAN":"SLEMAN","ID_DESA":"34.04.13.2003","DESA":"TRIDADI","LONGITUDE":110.3607415,"LATITUDE":-7.7221814,"STATUS":"BUKA","TANGGAL PENGUMPULAN":"Q1 2025","TANGGAL UPDATE":"27/02/2025"}},{"type":"Feature","geometry":{"coordinates":[110.4661422,-7.8086497],"type":"Point"},"properties":{"NAMA":"TOKO LOVENNA","TIPE_1":"PERDAGANGAN DAN RETAIL","TIPE_2":"TOKO KELONTONG","TIPE_3":"-","TELEPON":"0819-3174-8170","ALAMAT":"JL. KUNDEN, BLAMBANGAN, JOGOTIRTO, KEC. BERBAH, KABUPATEN SLEMAN, DAERAH ISTIMEWA YOGYAKARTA 55573","ID_PROV":34,"PROVINSI":"DAERAH ISTIMEWA YOGYAKARTA","ID_KABKOT":34.04,"KABKOT":"SLEMAN","ID_KEC":"34.04.08","KECAMATAN":"BERBAH","ID_DESA":"34.04.08.2004","DESA":"JOGOTIRTO","LONGITUDE":110.4661422,"LATITUDE":-7.8086497,"STATUS":"BUKA","TANGGAL PENGUMPULAN":"Q1 2025","TANGGAL UPDATE":"27/02/2025"}},{"type":"Feature","geometry":{"coordinates":[110.3313663,-7.7621957],"type":"Point"},"properties":{"NAMA":"KELONTONG SUKIJAH","TIPE_1":"PERDAGANGAN DAN RETAIL","TIPE_2":"TOKO KELONTONG","TIPE_3":"-","TELEPON":"0853-2316-1115","ALAMAT":"JL. KYAI SRI PUJO NO.17, RT.01/RW.28, MLANGI, SAWAHAN, NOGOTIRTO, KEC. GAMPING, KABUPATEN SLEMAN, DAERAH ISTIMEWA YOGYAKARTA 55592","ID_PROV":34,"PROVINSI":"DAERAH ISTIMEWA YOGYAKARTA","ID_KABKOT":34.04,"KABKOT":"SLEMAN","ID_KEC":"34.04.01","KECAMATAN":"GAMPING","ID_DESA":"34.04.01.2004","DESA":"NOGOTIRTO","LONGITUDE":110.3313663,"LATITUDE":-7.7621957,"STATUS":"BUKA","TANGGAL PENGUMPULAN":"Q1 2025","TANGGAL UPDATE":"27/02/2025"}},{"type":"Feature","geometry":{"coordinates":[110.4111593,-7.7835421],"type":"Point"},"properties":{"NAMA":"TOKO KELONTONG ITY KURIH","TIPE_1":"PERDAGANGAN DAN RETAIL","TIPE_2":"TOKO KELONTONG","TIPE_3":"-","TELEPON":"","ALAMAT":"JL. LAKSDA ADISUCIPTO NO.98, GOWOK, CATURTUNGGAL, KEC. DEPOK, KABUPATEN SLEMAN, DAERAH ISTIMEWA YOGYAKARTA 55281","ID_PROV":34,"PROVINSI":"DAERAH ISTIMEWA YOGYAKARTA","ID_KABKOT":34.04,"KABKOT":"SLEMAN","ID_KEC":"34.04.07","KECAMATAN":"DEPOK","ID_DESA":"34.04.07.2001","DESA":"CATURTUNGGAL","LONGITUDE":110.4111593,"LATITUDE":-7.7835421,"STATUS":"BUKA","TANGGAL PENGUMPULAN":"Q1 2025","TANGGAL UPDATE":"27/02/2025"}},{"type":"Feature","geometry":{"coordinates":[110.3960716,-7.7777758],"type":"Point"},"properties":{"NAMA":"TOKO KELONTONG MUJI RAHAYU","TIPE_1":"PERDAGANGAN DAN RETAIL","TIPE_2":"TOKO KELONTONG","TIPE_3":"-","TELEPON":"","ALAMAT":"JL. LEGI NO.5A, DEMANGAN BARU, CATURTUNGGAL, KEC. DEPOK, KABUPATEN SLEMAN, DAERAH ISTIMEWA YOGYAKARTA 55281","ID_PROV":34,"PROVINSI":"DAERAH ISTIMEWA YOGYAKARTA","ID_KABKOT":34.04,"KABKOT":"SLEMAN","ID_KEC":"34.04.07","KECAMATAN":"DEPOK","ID_DESA":"34.04.07.2001","DESA":"CATURTUNGGAL","LONGITUDE":110.3960716,"LATITUDE":-7.7777758,"STATUS":"BUKA","TANGGAL PENGUMPULAN":"Q1 2025","TANGGAL UPDATE":"27/02/2025"}},{"type":"Feature","geometry":{"coordinates":[110.4078843,-7.7571452],"type":"Point"},"properties":{"NAMA":"ASIA MART TOKO KELONTONG PULSA&POM MINI","TIPE_1":"PERDAGANGAN DAN RETAIL","TIPE_2":"TOKO KELONTONG","TIPE_3":"-","TELEPON":"0852-9207-6441","ALAMAT":"JL. LELY I, PERUMNAS CONDONG CATUR, CONDONGCATUR, DEPOK, SLEMAN REGENCY, SPECIAL REGION OF YOGYAKARTA 55281","ID_PROV":34,"PROVINSI":"DAERAH ISTIMEWA YOGYAKARTA","ID_KABKOT":34.04,"KABKOT":"SLEMAN","ID_KEC":"34.04.07","KECAMATAN":"DEPOK","ID_DESA":"34.04.07.2003","DESA":"CONDONGCATUR","LONGITUDE":110.4078843,"LATITUDE":-7.7571452,"STATUS":"BUKA","TANGGAL PENGUMPULAN":"Q1 2025","TANGGAL UPDATE":"27/02/2025"}},{"type":"Feature","geometry":{"coordinates":[110.3824448,-7.7725467],"type":"Point"},"properties":{"NAMA":"TOKO SEMBAKO ARYO PULANG JIWO (APJ)","TIPE_1":"PERDAGANGAN DAN RETAIL","TIPE_2":"TOKO KELONTONG","TIPE_3":"-","TELEPON":"0878-7797-8788","ALAMAT":"JL. LEMBAH UGM, KARANG MALANG, CATURTUNGGAL, KEC. DEPOK, KABUPATEN SLEMAN, DAERAH ISTIMEWA YOGYAKARTA 55281","ID_PROV":34,"PROVINSI":"DAERAH ISTIMEWA YOGYAKARTA","ID_KABKOT":34.04,"KABKOT":"SLEMAN","ID_KEC":"34.04.07","KECAMATAN":"DEPOK","ID_DESA":"34.04.07.2001","DESA":"CATURTUNGGAL","LONGITUDE":110.3824448,"LATITUDE":-7.7725467,"STATUS":"BUKA","TANGGAL PENGUMPULAN":"Q1 2025","TANGGAL UPDATE":"27/02/2025"}},{"type":"Feature","geometry":{"coordinates":[110.378549,-7.7409298],"type":"Point"},"properties":{"NAMA":"TOKO SEMBAKO 99","TIPE_1":"PERDAGANGAN DAN RETAIL","TIPE_2":"TOKO KELONTONG","TIPE_3":"-","TELEPON":"","ALAMAT":"JL. LEMPONGSARI NO.60, RANDUGUANG, SARIHARJO, NGAGLIK, SLEMAN REGENCY, SPECIAL REGION OF YOGYAKARTA 55581","ID_PROV":34,"PROVINSI":"DAERAH ISTIMEWA YOGYAKARTA","ID_KABKOT":34.04,"KABKOT":"SLEMAN","ID_KEC":"34.04.12","KECAMATAN":"NGAGLIK","ID_DESA":"34.04.12.2001","DESA":"SARIHARJO","LONGITUDE":110.378549,"LATITUDE":-7.7409298,"STATUS":"BUKA","TANGGAL PENGUMPULAN":"Q1 2025","TANGGAL UPDATE":"27/02/2025"}},{"type":"Feature","geometry":{"coordinates":[110.3381875,-7.7015345],"type":"Point"},"properties":{"NAMA":"TOKO ANISIA (TOKO PLASTIK DAN SEMBAKO)","TIPE_1":"PERDAGANGAN DAN RETAIL","TIPE_2":"TOKO KELONTONG","TIPE_3":"-","TELEPON":"(0274) 2880553","ALAMAT":"JL. LETKOL SUBADRI, NGANGKRIK, TRIHARJO, SLEMAN, SLEMAN REGENCY, SPECIAL REGION OF YOGYAKARTA 55514","ID_PROV":34,"PROVINSI":"DAERAH ISTIMEWA YOGYAKARTA","ID_KABKOT":34.04,"KABKOT":"SLEMAN","ID_KEC":"34.04.13","KECAMATAN":"SLEMAN","ID_DESA":"34.04.13.2002","DESA":"TRIHARJO","LONGITUDE":110.3381875,"LATITUDE":-7.7015345,"STATUS":"BUKA","TANGGAL PENGUMPULAN":"Q1 2025","TANGGAL UPDATE":"27/02/2025"}},{"type":"Feature","geometry":{"coordinates":[110.3325877,-7.6682197],"type":"Point"},"properties":{"NAMA":"TOKO WASMI","TIPE_1":"PERDAGANGAN DAN RETAIL","TIPE_2":"TOKO KELONTONG","TIPE_3":"-","TELEPON":"0856-4330-1554","ALAMAT":"JL. MAGELANG KM.16,2, SARIWANISAN, MARGOREJO, TEMPEL, SLEMAN REGENCY, SPECIAL REGION OF YOGYAKARTA 55552","ID_PROV":34,"PROVINSI":"DAERAH ISTIMEWA YOGYAKARTA","ID_KABKOT":34.04,"KABKOT":"SLEMAN","ID_KEC":"34.04.14","KECAMATAN":"TEMPEL","ID_DESA":"34.04.14.2006","DESA":"MARGOREJO","LONGITUDE":110.3325877,"LATITUDE":-7.6682197,"STATUS":"BUKA","TANGGAL PENGUMPULAN":"Q1 2025","TANGGAL UPDATE":"27/02/2025"}},{"type":"Feature","geometry":{"coordinates":[110.3620794,-7.7607741],"type":"Point"},"properties":{"NAMA":"TOKO JOGLO CANGKRING","TIPE_1":"PERDAGANGAN DAN RETAIL","TIPE_2":"TOKO KELONTONG","TIPE_3":"-","TELEPON":"0853-2731-1090","ALAMAT":"JL. MAGELANG NO.1 KM. 5, KUTU DUKUH, SINDUADI, KEC. MLATI, KABUPATEN SLEMAN, DAERAH ISTIMEWA YOGYAKARTA 55284","ID_PROV":34,"PROVINSI":"DAERAH ISTIMEWA YOGYAKARTA","ID_KABKOT":34.04,"KABKOT":"SLEMAN","ID_KEC":"34.04.06","KECAMATAN":"MLATI","ID_DESA":"34.04.06.2001","DESA":"SINDUADI","LONGITUDE":110.3620794,"LATITUDE":-7.7607741,"STATUS":"BUKA","TANGGAL PENGUMPULAN":"Q1 2025","TANGGAL UPDATE":"27/02/2025"}},{"type":"Feature","geometry":{"coordinates":[110.3616614,-7.7621841],"type":"Point"},"properties":{"NAMA":"TOKO & LAUNDRY MATHUK SAWAHAN","TIPE_1":"PERDAGANGAN DAN RETAIL","TIPE_2":"TOKO KELONTONG","TIPE_3":"-","TELEPON":"","ALAMAT":"JL. MAGELANG NO.119A, KUTU ASEM, SINDUADI, KEC. MLATI, KABUPATEN SLEMAN, DAERAH ISTIMEWA YOGYAKARTA 55284","ID_PROV":34,"PROVINSI":"DAERAH ISTIMEWA YOGYAKARTA","ID_KABKOT":34.04,"KABKOT":"SLEMAN","ID_KEC":"34.04.06","KECAMATAN":"MLATI","ID_DESA":"34.04.06.2001","DESA":"SINDUADI","LONGITUDE":110.3616614,"LATITUDE":-7.7621841,"STATUS":"BUKA","TANGGAL PENGUMPULAN":"Q1 2025","TANGGAL UPDATE":"27/02/2025"}},{"type":"Feature","geometry":{"coordinates":[110.3621717,-7.7555533],"type":"Point"},"properties":{"NAMA":"TOKO DIRHAM","TIPE_1":"PERDAGANGAN DAN RETAIL","TIPE_2":"TOKO KELONTONG","TIPE_3":"-","TELEPON":"0813-2872-3888","ALAMAT":"JL. MAGELANG NO.KM.5,6, KUTU TEGAL, SINDUADI, KEC. MLATI, KABUPATEN SLEMAN, DAERAH ISTIMEWA YOGYAKARTA 55284","ID_PROV":34,"PROVINSI":"DAERAH ISTIMEWA YOGYAKARTA","ID_KABKOT":34.04,"KABKOT":"SLEMAN","ID_KEC":"34.04.06","KECAMATAN":"MLATI","ID_DESA":"34.04.06.2001","DESA":"SINDUADI","LONGITUDE":110.3621717,"LATITUDE":-7.7555533,"STATUS":"BUKA","TANGGAL PENGUMPULAN":"Q1 2025","TANGGAL UPDATE":"27/02/2025"}},{"type":"Feature","geometry":{"coordinates":[110.352384,-7.7063341],"type":"Point"},"properties":{"NAMA":"GADHATO","TIPE_1":"PERDAGANGAN DAN RETAIL","TIPE_2":"TOKO KELONTONG","TIPE_3":"-","TELEPON":"0821-5804-8255","ALAMAT":"JL. MAGELANG, BETENG, TRIDADI, KEC. SLEMAN, KABUPATEN SLEMAN, DAERAH ISTIMEWA YOGYAKARTA 55511","ID_PROV":34,"PROVINSI":"DAERAH ISTIMEWA YOGYAKARTA","ID_KABKOT":34.04,"KABKOT":"SLEMAN","ID_KEC":"34.04.13","KECAMATAN":"SLEMAN","ID_DESA":"34.04.13.2003","DESA":"TRIDADI","LONGITUDE":110.352384,"LATITUDE":-7.7063341,"STATUS":"BUKA","TANGGAL PENGUMPULAN":"Q1 2025","TANGGAL UPDATE":"27/02/2025"}},{"type":"Feature","geometry":{"coordinates":[110.4307561,-7.5969815],"type":"Point"},"properties":{"NAMA":"WARUNG SEMBAKO ADINDA","TIPE_1":"PERDAGANGAN DAN RETAIL","TIPE_2":"TOKO KELONTONG","TIPE_3":"-","TELEPON":"0823-2206-1233","ALAMAT":"JL. MALANGYUDO, KALIURANG, HARGOBINANGUN, KEC. PAKEM, KABUPATEN SLEMAN, DAERAH ISTIMEWA YOGYAKARTA 55582","ID_PROV":34,"PROVINSI":"DAERAH ISTIMEWA YOGYAKARTA","ID_KABKOT":34.04,"KABKOT":"SLEMAN","ID_KEC":"34.04.16","KECAMATAN":"PAKEM","ID_DESA":"34.04.16.2005","DESA":"HARGOBINANGUN","LONGITUDE":110.4307561,"LATITUDE":-7.5969815,"STATUS":"BUKA","TANGGAL PENGUMPULAN":"Q1 2025","TANGGAL UPDATE":"27/02/2025"}},{"type":"Feature","geometry":{"coordinates":[110.4490665,-7.7647845],"type":"Point"},"properties":{"NAMA":"TOKO SEMBAKO ASA","TIPE_1":"PERDAGANGAN DAN RETAIL","TIPE_2":"TOKO KELONTONG","TIPE_3":"-","TELEPON":"","ALAMAT":"JL. MANGGA, KADIROJO II, PURWOMARTANI, KEC. KALASAN, KABUPATEN SLEMAN, DAERAH ISTIMEWA YOGYAKARTA 55571","ID_PROV":34,"PROVINSI":"DAERAH ISTIMEWA YOGYAKARTA","ID_KABKOT":34.04,"KABKOT":"SLEMAN","ID_KEC":"34.04.10","KECAMATAN":"KALASAN","ID_DESA":"34.04.10.2001","DESA":"PURWOMARTANI","LONGITUDE":110.4490665,"LATITUDE":-7.7647845,"STATUS":"BUKA","TANGGAL PENGUMPULAN":"Q1 2025","TANGGAL UPDATE":"27/02/2025"}},{"type":"Feature","geometry":{"coordinates":[110.4448253,-7.7527554],"type":"Point"},"properties":{"NAMA":"WARUNG KELONTONG CATRA","TIPE_1":"PERDAGANGAN DAN RETAIL","TIPE_2":"TOKO KELONTONG","TIPE_3":"-","TELEPON":"","ALAMAT":"JL. MANGGA, KADISOKO, PURWOMARTANI, KEC. KALASAN, KABUPATEN SLEMAN, DAERAH ISTIMEWA YOGYAKARTA 55281","ID_PROV":34,"PROVINSI":"DAERAH ISTIMEWA YOGYAKARTA","ID_KABKOT":34.04,"KABKOT":"SLEMAN","ID_KEC":"34.04.10","KECAMATAN":"KALASAN","ID_DESA":"34.04.10.2001","DESA":"PURWOMARTANI","LONGITUDE":110.4448253,"LATITUDE":-7.7527554,"STATUS":"BUKA","TANGGAL PENGUMPULAN":"Q1 2025","TANGGAL UPDATE":"27/02/2025"}},{"type":"Feature","geometry":{"coordinates":[110.3873393,-7.7642052],"type":"Point"},"properties":{"NAMA":"AB SEMBAKO","TIPE_1":"PERDAGANGAN DAN RETAIL","TIPE_2":"TOKO KELONTONG","TIPE_3":"-","TELEPON":"","ALAMAT":"JL. MANGGIS NO BLOK CT8 NO.CT8, KARANG WUNI, CATURTUNGGAL, DEPOK, SLEMAN REGENCY, SPECIAL REGION OF YOGYAKARTA 55281","ID_PROV":34,"PROVINSI":"DAERAH ISTIMEWA YOGYAKARTA","ID_KABKOT":34.04,"KABKOT":"SLEMAN","ID_KEC":"34.04.07","KECAMATAN":"DEPOK","ID_DESA":"34.04.07.2001","DESA":"CATURTUNGGAL","LONGITUDE":110.3873393,"LATITUDE":-7.7642052,"STATUS":"BUKA","TANGGAL PENGUMPULAN":"Q1 2025","TANGGAL UPDATE":"27/02/2025"}},{"type":"Feature","geometry":{"coordinates":[110.4009318,-7.7733017],"type":"Point"},"properties":{"NAMA":"SARJANA TOSERBA","TIPE_1":"PERDAGANGAN DAN RETAIL","TIPE_2":"TOKO KELONTONG","TIPE_3":"-","TELEPON":"","ALAMAT":"JL. MANGGIS NO.55, DABAG, CONDONGCATUR, KEC. DEPOK, KABUPATEN SLEMAN, DAERAH ISTIMEWA YOGYAKARTA 55281","ID_PROV":34,"PROVINSI":"DAERAH ISTIMEWA YOGYAKARTA","ID_KABKOT":34.04,"KABKOT":"SLEMAN","ID_KEC":"34.04.07","KECAMATAN":"DEPOK","ID_DESA":"34.04.07.2003","DESA":"CONDONGCATUR","LONGITUDE":110.4009318,"LATITUDE":-7.7733017,"STATUS":"BUKA","TANGGAL PENGUMPULAN":"Q1 2025","TANGGAL UPDATE":"27/02/2025"}},{"type":"Feature","geometry":{"coordinates":[110.4544368,-7.7806981],"type":"Point"},"properties":{"NAMA":"WARUNG KELONTONG","TIPE_1":"PERDAGANGAN DAN RETAIL","TIPE_2":"TOKO KELONTONG","TIPE_3":"-","TELEPON":"","ALAMAT":"JL. MANGUNAN, MANGUNAN, KALITIRTO, KEC. BERBAH, KABUPATEN SLEMAN, DAERAH ISTIMEWA YOGYAKARTA 55573","ID_PROV":34,"PROVINSI":"DAERAH ISTIMEWA YOGYAKARTA","ID_KABKOT":34.04,"KABKOT":"SLEMAN","ID_KEC":"34.04.08","KECAMATAN":"BERBAH","ID_DESA":"34.04.08.2003","DESA":"KALITIRTO","LONGITUDE":110.4544368,"LATITUDE":-7.7806981,"STATUS":"BUKA","TANGGAL PENGUMPULAN":"Q1 2025","TANGGAL UPDATE":"27/02/2025"}},{"type":"Feature","geometry":{"coordinates":[110.431002,-7.804762],"type":"Point"},"properties":{"NAMA":"TOKO KELONTONG","TIPE_1":"PERDAGANGAN DAN RETAIL","TIPE_2":"TOKO KELONTONG","TIPE_3":"-","TELEPON":"","ALAMAT":"JL. MAREDAN GG. NURI NO.1, RT.02/RW.39, MEREDEN, SENDANGTIRTO, KEC. BERBAH, KABUPATEN SLEMAN, DAERAH ISTIMEWA YOGYAKARTA 55573","ID_PROV":34,"PROVINSI":"DAERAH ISTIMEWA YOGYAKARTA","ID_KABKOT":34.04,"KABKOT":"SLEMAN","ID_KEC":"34.04.08","KECAMATAN":"BERBAH","ID_DESA":"34.04.08.2001","DESA":"SENDANGTIRTO","LONGITUDE":110.431002,"LATITUDE":-7.804762,"STATUS":"BUKA","TANGGAL PENGUMPULAN":"Q1 2025","TANGGAL UPDATE":"27/02/2025"}},{"type":"Feature","geometry":{"coordinates":[110.4316218,-7.8036815],"type":"Point"},"properties":{"NAMA":"TOKO MERAPI JAYA","TIPE_1":"PERDAGANGAN DAN RETAIL","TIPE_2":"TOKO KELONTONG","TIPE_3":"-","TELEPON":"0856-4380-5013","ALAMAT":"JL. MAREDAN, MEREDEN, SENDANGTIRTO, KEC. BERBAH, KABUPATEN SLEMAN, DAERAH ISTIMEWA YOGYAKARTA 55573","ID_PROV":34,"PROVINSI":"DAERAH ISTIMEWA YOGYAKARTA","ID_KABKOT":34.04,"KABKOT":"SLEMAN","ID_KEC":"34.04.08","KECAMATAN":"BERBAH","ID_DESA":"34.04.08.2001","DESA":"SENDANGTIRTO","LONGITUDE":110.4316218,"LATITUDE":-7.8036815,"STATUS":"BUKA","TANGGAL PENGUMPULAN":"Q1 2025","TANGGAL UPDATE":"27/02/2025"}},{"type":"Feature","geometry":{"coordinates":[110.3204897,-7.7872976],"type":"Point"},"properties":{"NAMA":"WARUNG KELONTONG BU MURNI","TIPE_1":"PERDAGANGAN DAN RETAIL","TIPE_2":"TOKO KELONTONG","TIPE_3":"-","TELEPON":"","ALAMAT":"JL. MARGO REJO NO.70, RT.1/RW.8, MEJING KIDUL, GAMPING, SLEMAN REGENCY, SPECIAL REGION OF YOGYAKARTA 55294","ID_PROV":34,"PROVINSI":"DAERAH ISTIMEWA YOGYAKARTA","ID_KABKOT":34.04,"KABKOT":"SLEMAN","ID_KEC":"34.04.01","KECAMATAN":"GAMPING","ID_DESA":"34.04.01.2002","DESA":"AMBARKETAWANG","LONGITUDE":110.3204897,"LATITUDE":-7.7872976,"STATUS":"BUKA","TANGGAL PENGUMPULAN":"Q1 2025","TANGGAL UPDATE":"27/02/2025"}},{"type":"Feature","geometry":{"coordinates":[110.3220345,-7.7810401],"type":"Point"},"properties":{"NAMA":"TOKO KELONTONG","TIPE_1":"PERDAGANGAN DAN RETAIL","TIPE_2":"TOKO KELONTONG","TIPE_3":"-","TELEPON":"","ALAMAT":"JL. MARGORUKUN, KRAMAT, SIDOARUM, KEC. GODEAN, KABUPATEN SLEMAN, DAERAH ISTIMEWA YOGYAKARTA 55264","ID_PROV":34,"PROVINSI":"DAERAH ISTIMEWA YOGYAKARTA","ID_KABKOT":34.04,"KABKOT":"SLEMAN","ID_KEC":"34.04.02","KECAMATAN":"GODEAN","ID_DESA":"34.04.02.2006","DESA":"SIDOARUM","LONGITUDE":110.3220345,"LATITUDE":-7.7810401,"STATUS":"BUKA","TANGGAL PENGUMPULAN":"Q1 2025","TANGGAL UPDATE":"27/02/2025"}},{"type":"Feature","geometry":{"coordinates":[110.4347785,-7.7736592],"type":"Point"},"properties":{"NAMA":"WARUNG PAK JANSUPRIH","TIPE_1":"PERDAGANGAN DAN RETAIL","TIPE_2":"TOKO KELONTONG","TIPE_3":"-","TELEPON":"","ALAMAT":"JL. MASJID JL. RINGINSARI, RT.01/RW.49, NANGGULAN, MAGUWOHARJO, KEC. DEPOK, KABUPATEN SLEMAN, DAERAH ISTIMEWA YOGYAKARTA 55282","ID_PROV":34,"PROVINSI":"DAERAH ISTIMEWA YOGYAKARTA","ID_KABKOT":34.04,"KABKOT":"SLEMAN","ID_KEC":"34.04.07","KECAMATAN":"DEPOK","ID_DESA":"34.04.07.2002","DESA":"MAGUWOHARJO","LONGITUDE":110.4347785,"LATITUDE":-7.7736592,"STATUS":"BUKA","TANGGAL PENGUMPULAN":"Q1 2025","TANGGAL UPDATE":"27/02/2025"}},{"type":"Feature","geometry":{"coordinates":[110.3883037,-7.7235458],"type":"Point"},"properties":{"NAMA":"TOKO KELONTONG DAN SAYUR BU HARNI","TIPE_1":"PERDAGANGAN DAN RETAIL","TIPE_2":"TOKO KELONTONG","TIPE_3":"-","TELEPON":"0877-8333-3422","ALAMAT":"JL. MAWAR NO.3, RW.RT.04, NGENTAK, SINDUHARJO, KEC. NGAGLIK, KABUPATEN SLEMAN, DAERAH ISTIMEWA YOGYAKARTA 55581","ID_PROV":34,"PROVINSI":"DAERAH ISTIMEWA YOGYAKARTA","ID_KABKOT":34.04,"KABKOT":"SLEMAN","ID_KEC":"34.04.12","KECAMATAN":"NGAGLIK","ID_DESA":"34.04.12.2003","DESA":"SINDUHARJO","LONGITUDE":110.3883037,"LATITUDE":-7.7235458,"STATUS":"BUKA","TANGGAL PENGUMPULAN":"Q1 2025","TANGGAL UPDATE":"27/02/2025"}},{"type":"Feature","geometry":{"coordinates":[110.3111823,-7.6795302],"type":"Point"},"properties":{"NAMA":"TOKO BU PRAPTI","TIPE_1":"PERDAGANGAN DAN RETAIL","TIPE_2":"TOKO KELONTONG","TIPE_3":"-","TELEPON":"","ALAMAT":"JL. MEDARI - CEMORO, MONCOSAN, TAMBAKREJO, KEC. TEMPEL, KABUPATEN SLEMAN, DAERAH ISTIMEWA YOGYAKARTA 55552","ID_PROV":34,"PROVINSI":"DAERAH ISTIMEWA YOGYAKARTA","ID_KABKOT":34.04,"KABKOT":"SLEMAN","ID_KEC":"34.04.14","KECAMATAN":"TEMPEL","ID_DESA":"34.04.14.2002","DESA":"TAMBAKREJO","LONGITUDE":110.3111823,"LATITUDE":-7.6795302,"STATUS":"BUKA","TANGGAL PENGUMPULAN":"Q1 2025","TANGGAL UPDATE":"27/02/2025"}},{"type":"Feature","geometry":{"coordinates":[110.4094578,-7.7055807],"type":"Point"},"properties":{"NAMA":"WARUNG KELONTONG PAK JINDAR","TIPE_1":"PERDAGANGAN DAN RETAIL","TIPE_2":"TOKO KELONTONG","TIPE_3":"-","TELEPON":"","ALAMAT":"JL. MELATI CANDI 3, CANDI DUKUH, SARDONOHARJO, KEC. NGAGLIK, KABUPATEN SLEMAN, DAERAH ISTIMEWA YOGYAKARTA 55581","ID_PROV":34,"PROVINSI":"DAERAH ISTIMEWA YOGYAKARTA","ID_KABKOT":34.04,"KABKOT":"SLEMAN","ID_KEC":"34.04.12","KECAMATAN":"NGAGLIK","ID_DESA":"34.04.12.2005","DESA":"SARDONOHARJO","LONGITUDE":110.4094578,"LATITUDE":-7.7055807,"STATUS":"BUKA","TANGGAL PENGUMPULAN":"Q1 2025","TANGGAL UPDATE":"27/02/2025"}},{"type":"Feature","geometry":{"coordinates":[110.343692,-7.774957],"type":"Point"},"properties":{"NAMA":"TOKO SEMBAKO RAMA JAYA MADURA","TIPE_1":"PERDAGANGAN DAN RETAIL","TIPE_2":"TOKO KELONTONG","TIPE_3":"-","TELEPON":"0822-2770-7744","ALAMAT":"JL. MENDUT NO.213, AREA SAWAH, NOGOTIRTO, KEC. GAMPING, KABUPATEN SLEMAN, DAERAH ISTIMEWA YOGYAKARTA 55592","ID_PROV":34,"PROVINSI":"DAERAH ISTIMEWA YOGYAKARTA","ID_KABKOT":34.04,"KABKOT":"SLEMAN","ID_KEC":"34.04.01","KECAMATAN":"GAMPING","ID_DESA":"34.04.01.2004","DESA":"NOGOTIRTO","LONGITUDE":110.343692,"LATITUDE":-7.774957,"STATUS":"BUKA","TANGGAL PENGUMPULAN":"Q1 2025","TANGGAL UPDATE":"27/02/2025"}},{"type":"Feature","geometry":{"coordinates":[110.3454608,-7.7725907],"type":"Point"},"properties":{"NAMA":"TOKO KELONTONG RAFLI","TIPE_1":"PERDAGANGAN DAN RETAIL","TIPE_2":"TOKO KELONTONG","TIPE_3":"-","TELEPON":"","ALAMAT":"JL. MENDUT, AREA SAWAH, NOGOTIRTO, KEC. GAMPING, KABUPATEN SLEMAN, DAERAH ISTIMEWA YOGYAKARTA 55592","ID_PROV":34,"PROVINSI":"DAERAH ISTIMEWA YOGYAKARTA","ID_KABKOT":34.04,"KABKOT":"SLEMAN","ID_KEC":"34.04.01","KECAMATAN":"GAMPING","ID_DESA":"34.04.01.2004","DESA":"NOGOTIRTO","LONGITUDE":110.3454608,"LATITUDE":-7.7725907,"STATUS":"BUKA","TANGGAL PENGUMPULAN":"Q1 2025","TANGGAL UPDATE":"27/02/2025"}},{"type":"Feature","geometry":{"coordinates":[110.4338265,-7.7783795],"type":"Point"},"properties":{"NAMA":"KOPPONTREN TOKO KITA AL MUMTAZ","TIPE_1":"PERDAGANGAN DAN RETAIL","TIPE_2":"TOKO KELONTONG","TIPE_3":"-","TELEPON":"0857-4011-8759","ALAMAT":"JL. MENUR NO.147, SAMBILEGI KIDUL, MAGUWOHARJO, KEC. DEPOK, KABUPATEN SLEMAN, DAERAH ISTIMEWA YOGYAKARTA 55282","ID_PROV":34,"PROVINSI":"DAERAH ISTIMEWA YOGYAKARTA","ID_KABKOT":34.04,"KABKOT":"SLEMAN","ID_KEC":"34.04.07","KECAMATAN":"DEPOK","ID_DESA":"34.04.07.2002","DESA":"MAGUWOHARJO","LONGITUDE":110.4338265,"LATITUDE":-7.7783795,"STATUS":"BUKA","TANGGAL PENGUMPULAN":"Q1 2025","TANGGAL UPDATE":"27/02/2025"}},{"type":"Feature","geometry":{"coordinates":[110.3041473,-7.816961],"type":"Point"},"properties":{"NAMA":"TOKO VERDIYAN (WARUNG KELONTONG)","TIPE_1":"PERDAGANGAN DAN RETAIL","TIPE_2":"TOKO KELONTONG","TIPE_3":"-","TELEPON":"0897-6288-985","ALAMAT":"JL. MOJO, TEMUWUH LOR, BALECATUR, KEC. GAMPING, KABUPATEN SLEMAN, DAERAH ISTIMEWA YOGYAKARTA 55295","ID_PROV":34,"PROVINSI":"DAERAH ISTIMEWA YOGYAKARTA","ID_KABKOT":34.04,"KABKOT":"SLEMAN","ID_KEC":"34.04.01","KECAMATAN":"GAMPING","ID_DESA":"34.04.01.2002","DESA":"AMBARKETAWANG","LONGITUDE":110.3041473,"LATITUDE":-7.816961,"STATUS":"BUKA","TANGGAL PENGUMPULAN":"Q1 2025","TANGGAL UPDATE":"27/02/2025"}},{"type":"Feature","geometry":{"coordinates":[110.2458917,-7.80095],"type":"Point"},"properties":{"NAMA":"TOKO KELONTONG & SEMBAKO LESTARI","TIPE_1":"PERDAGANGAN DAN RETAIL","TIPE_2":"TOKO KELONTONG","TIPE_3":"-","TELEPON":"","ALAMAT":"JL. MOYUDAN SEDAYU, GAMPLONG V, SUMBERRAHAYU, KEC. MOYUDAN, KABUPATEN SLEMAN, DAERAH ISTIMEWA YOGYAKARTA 55563","ID_PROV":34,"PROVINSI":"DAERAH ISTIMEWA YOGYAKARTA","ID_KABKOT":34.04,"KABKOT":"SLEMAN","ID_KEC":"34.04.03","KECAMATAN":"MOYUDAN","ID_DESA":"34.04.03.2001","DESA":"SUMBERRAHAYU","LONGITUDE":110.2458917,"LATITUDE":-7.80095,"STATUS":"BUKA","TANGGAL PENGUMPULAN":"Q1 2025","TANGGAL UPDATE":"27/02/2025"}},{"type":"Feature","geometry":{"coordinates":[110.249716,-7.786092],"type":"Point"},"properties":{"NAMA":"DSAFA MART","TIPE_1":"PERDAGANGAN DAN RETAIL","TIPE_2":"TOKO KELONTONG","TIPE_3":"-","TELEPON":"0856-0007-4007","ALAMAT":"JL. MOYUDAN SEDAYU, KLAMPIS, SUMBERRAHAYU, KEC. MOYUDAN, KABUPATEN SLEMAN, DAERAH ISTIMEWA YOGYAKARTA 55563","ID_PROV":34,"PROVINSI":"DAERAH ISTIMEWA YOGYAKARTA","ID_KABKOT":34.04,"KABKOT":"SLEMAN","ID_KEC":"34.04.03","KECAMATAN":"MOYUDAN","ID_DESA":"34.04.03.2001","DESA":"SUMBERRAHAYU","LONGITUDE":110.249716,"LATITUDE":-7.786092,"STATUS":"BUKA","TANGGAL PENGUMPULAN":"Q1 2025","TANGGAL UPDATE":"27/02/2025"}},{"type":"Feature","geometry":{"coordinates":[110.3674968,-7.7584315],"type":"Point"},"properties":{"NAMA":"TOKO RISCHA","TIPE_1":"PERDAGANGAN DAN RETAIL","TIPE_2":"TOKO KELONTONG","TIPE_3":"-","TELEPON":"0813-5969-9688","ALAMAT":"JL. MRANGGEN KIDUL NO.52A, KUTU TEGAL, SINDUADI, KEC. MLATI, KABUPATEN SLEMAN, DAERAH ISTIMEWA YOGYAKARTA 55222","ID_PROV":34,"PROVINSI":"DAERAH ISTIMEWA YOGYAKARTA","ID_KABKOT":34.04,"KABKOT":"SLEMAN","ID_KEC":"34.04.06","KECAMATAN":"MLATI","ID_DESA":"34.04.06.2001","DESA":"SINDUADI","LONGITUDE":110.3674968,"LATITUDE":-7.7584315,"STATUS":"BUKA","TANGGAL PENGUMPULAN":"Q1 2025","TANGGAL UPDATE":"27/02/2025"}},{"type":"Feature","geometry":{"coordinates":[110.3182462,-7.7225522],"type":"Point"},"properties":{"NAMA":"WARUNG BU DAMAR","TIPE_1":"PERDAGANGAN DAN RETAIL","TIPE_2":"TOKO KELONTONG","TIPE_3":"-","TELEPON":"","ALAMAT":"JL. MRIYAN, DAPLOKAN, MARGOMULYO, SEYEGAN, SLEMAN REGENCY, SPECIAL REGION OF YOGYAKARTA 55561","ID_PROV":34,"PROVINSI":"DAERAH ISTIMEWA YOGYAKARTA","ID_KABKOT":34.04,"KABKOT":"SLEMAN","ID_KEC":"34.04.05","KECAMATAN":"SEYEGAN","ID_DESA":"34.04.05.2004","DESA":"MARGOMULYO","LONGITUDE":110.3182462,"LATITUDE":-7.7225522,"STATUS":"BUKA","TANGGAL PENGUMPULAN":"Q1 2025","TANGGAL UPDATE":"27/02/2025"}},{"type":"Feature","geometry":{"coordinates":[110.4334489,-7.6918936],"type":"Point"},"properties":{"NAMA":"APIP SHOP","TIPE_1":"PERDAGANGAN DAN RETAIL","TIPE_2":"TOKO KELONTONG","TIPE_3":"-","TELEPON":"0822-2691-3452","ALAMAT":"JL. MUJAHIDIN I NO.40, TANJUNGSARI, SUKOHARJO, KEC. NGAGLIK, KABUPATEN SLEMAN, DAERAH ISTIMEWA YOGYAKARTA 55581","ID_PROV":34,"PROVINSI":"DAERAH ISTIMEWA YOGYAKARTA","ID_KABKOT":34.04,"KABKOT":"SLEMAN","ID_KEC":"34.04.12","KECAMATAN":"NGAGLIK","ID_DESA":"34.04.12.2004","DESA":"SUKOHARJO","LONGITUDE":110.4334489,"LATITUDE":-7.6918936,"STATUS":"BUKA","TANGGAL PENGUMPULAN":"Q1 2025","TANGGAL UPDATE":"27/02/2025"}},{"type":"Feature","geometry":{"coordinates":[110.4639658,-7.7847754],"type":"Point"},"properties":{"NAMA":"TOKO BAROKAH","TIPE_1":"PERDAGANGAN DAN RETAIL","TIPE_2":"TOKO KELONTONG","TIPE_3":"-","TELEPON":"","ALAMAT":"JL. BERBAH - KALASAN, JREBESAN, KALITIRTO, KEC. BERBAH, KABUPATEN SLEMAN, DAERAH ISTIMEWA YOGYAKARTA 55573","ID_PROV":34,"PROVINSI":"DAERAH ISTIMEWA YOGYAKARTA","ID_KABKOT":34.04,"KABKOT":"SLEMAN","ID_KEC":"34.04.10","KECAMATAN":"KALASAN","ID_DESA":"34.04.10.2002","DESA":"TIRTOMARTANI","LONGITUDE":110.4639658,"LATITUDE":-7.7847754,"STATUS":"BUKA","TANGGAL PENGUMPULAN":"Q1 2025","TANGGAL UPDATE":"27/02/2025"}},{"type":"Feature","geometry":{"coordinates":[110.4596295,-7.7914518],"type":"Point"},"properties":{"NAMA":"TOKO ERIKA SEMBAKO","TIPE_1":"PERDAGANGAN DAN RETAIL","TIPE_2":"TOKO KELONTONG","TIPE_3":"-","TELEPON":"","ALAMAT":"JL. BERBAH - KALASAN, TEGUHAN, KALITIRTO, KEC. BERBAH, KABUPATEN SLEMAN, DAERAH ISTIMEWA YOGYAKARTA 55573","ID_PROV":34,"PROVINSI":"DAERAH ISTIMEWA YOGYAKARTA","ID_KABKOT":34.04,"KABKOT":"SLEMAN","ID_KEC":"34.04.08","KECAMATAN":"BERBAH","ID_DESA":"34.04.08.2003","DESA":"KALITIRTO","LONGITUDE":110.4596295,"LATITUDE":-7.7914518,"STATUS":"BUKA","TANGGAL PENGUMPULAN":"Q1 2025","TANGGAL UPDATE":"27/02/2025"}},{"type":"Feature","geometry":{"coordinates":[110.4642291,-7.7801109],"type":"Point"},"properties":{"NAMA":"TOKO KELONTONG MBAK RUS","TIPE_1":"PERDAGANGAN DAN RETAIL","TIPE_2":"TOKO KELONTONG","TIPE_3":"-","TELEPON":"0858-7577-8965","ALAMAT":"JL. BERBAH - KALASAN, TIRTOMARTANI, KALASAN, JARAKAN, TIRTOMARTANI, KEC. KALASAN, KABUPATEN SLEMAN, DAERAH ISTIMEWA YOGYAKARTA 55571","ID_PROV":34,"PROVINSI":"DAERAH ISTIMEWA YOGYAKARTA","ID_KABKOT":34.04,"KABKOT":"SLEMAN","ID_KEC":"34.04.10","KECAMATAN":"KALASAN","ID_DESA":"34.04.10.2002","DESA":"TIRTOMARTANI","LONGITUDE":110.4642291,"LATITUDE":-7.7801109,"STATUS":"BUKA","TANGGAL PENGUMPULAN":"Q1 2025","TANGGAL UPDATE":"27/02/2025"}},{"type":"Feature","geometry":{"coordinates":[110.441711,-7.804504],"type":"Point"},"properties":{"NAMA":"TOKO HARTONO","TIPE_1":"PERDAGANGAN DAN RETAIL","TIPE_2":"TOKO KELONTONG","TIPE_3":"-","TELEPON":"0812-2757-0485","ALAMAT":"JL. BERBAH-KRIKILAN, BERBAH, TEGALTIRTO, KEC. BERBAH, KABUPATEN SLEMAN, DAERAH ISTIMEWA YOGYAKARTA 55573","ID_PROV":34,"PROVINSI":"DAERAH ISTIMEWA YOGYAKARTA","ID_KABKOT":34.04,"KABKOT":"SLEMAN","ID_KEC":"34.04.08","KECAMATAN":"BERBAH","ID_DESA":"34.04.08.2002","DESA":"TEGALTIRTO","LONGITUDE":110.441711,"LATITUDE":-7.804504,"STATUS":"BUKA","TANGGAL PENGUMPULAN":"Q1 2025","TANGGAL UPDATE":"27/02/2025"}},{"type":"Feature","geometry":{"coordinates":[110.438945,-7.8068429],"type":"Point"},"properties":{"NAMA":"SEMBAKO BU PUR","TIPE_1":"PERDAGANGAN DAN RETAIL","TIPE_2":"TOKO KELONTONG","TIPE_3":"-","TELEPON":"0878-4564-2646","ALAMAT":"JL. BERBAH-KRIKILAN, KRIKILAN, TEGALTIRTO, KEC. BERBAH, KABUPATEN SLEMAN, DAERAH ISTIMEWA YOGYAKARTA 55573","ID_PROV":34,"PROVINSI":"DAERAH ISTIMEWA YOGYAKARTA","ID_KABKOT":34.04,"KABKOT":"SLEMAN","ID_KEC":"34.04.08","KECAMATAN":"BERBAH","ID_DESA":"34.04.08.2002","DESA":"TEGALTIRTO","LONGITUDE":110.438945,"LATITUDE":-7.8068429,"STATUS":"BUKA","TANGGAL PENGUMPULAN":"Q1 2025","TANGGAL UPDATE":"27/02/2025"}},{"type":"Feature","geometry":{"coordinates":[110.4191449,-7.7019899],"type":"Point"},"properties":{"NAMA":"WARUNG SEMBAKO MBAK LINA","TIPE_1":"PERDAGANGAN DAN RETAIL","TIPE_2":"TOKO KELONTONG","TIPE_3":"-","TELEPON":"","ALAMAT":"JL. BESI JANGKANG, BESI, SUKOHARJO, KEC. NGAGLIK, KABUPATEN SLEMAN, DAERAH ISTIMEWA YOGYAKARTA 55581","ID_PROV":34,"PROVINSI":"DAERAH ISTIMEWA YOGYAKARTA","ID_KABKOT":34.04,"KABKOT":"SLEMAN","ID_KEC":"34.04.12","KECAMATAN":"NGAGLIK","ID_DESA":"34.04.12.2004","DESA":"SUKOHARJO","LONGITUDE":110.4191449,"LATITUDE":-7.7019899,"STATUS":"BUKA","TANGGAL PENGUMPULAN":"Q1 2025","TANGGAL UPDATE":"27/02/2025"}},{"type":"Feature","geometry":{"coordinates":[110.4155206,-7.7005179],"type":"Point"},"properties":{"NAMA":"TOKO ADERAHMA","TIPE_1":"PERDAGANGAN DAN RETAIL","TIPE_2":"TOKO KELONTONG","TIPE_3":"-","TELEPON":"","ALAMAT":"JL. BESI JANGKANG, CANDI KARANG, SARDONOHARJO, NGAGLIK, SLEMAN REGENCY, SPECIAL REGION OF YOGYAKARTA 55581","ID_PROV":34,"PROVINSI":"DAERAH ISTIMEWA YOGYAKARTA","ID_KABKOT":34.04,"KABKOT":"SLEMAN","ID_KEC":"34.04.12","KECAMATAN":"NGAGLIK","ID_DESA":"34.04.12.2005","DESA":"SARDONOHARJO","LONGITUDE":110.4155206,"LATITUDE":-7.7005179,"STATUS":"BUKA","TANGGAL PENGUMPULAN":"Q1 2025","TANGGAL UPDATE":"27/02/2025"}},{"type":"Feature","geometry":{"coordinates":[110.3455401,-7.7747363],"type":"Point"},"properties":{"NAMA":"WARUNG KELONTONG BU NDARI GALAN","TIPE_1":"PERDAGANGAN DAN RETAIL","TIPE_2":"TOKO KELONTONG","TIPE_3":"-","TELEPON":"","ALAMAT":"JL. BESOLE RAYA, KWARASAN, NOGOTIRTO, KEC. GAMPING, KABUPATEN SLEMAN, DAERAH ISTIMEWA YOGYAKARTA 55592","ID_PROV":34,"PROVINSI":"DAERAH ISTIMEWA YOGYAKARTA","ID_KABKOT":34.04,"KABKOT":"SLEMAN","ID_KEC":"34.04.01","KECAMATAN":"GAMPING","ID_DESA":"34.04.01.2004","DESA":"NOGOTIRTO","LONGITUDE":110.3455401,"LATITUDE":-7.7747363,"STATUS":"BUKA","TANGGAL PENGUMPULAN":"Q1 2025","TANGGAL UPDATE":"27/02/2025"}},{"type":"Feature","geometry":{"coordinates":[110.402286,-7.7128424],"type":"Point"},"properties":{"NAMA":"TOKO KELONTONG TIARA MADURA","TIPE_1":"PERDAGANGAN DAN RETAIL","TIPE_2":"TOKO KELONTONG","TIPE_3":"-","TELEPON":"","ALAMAT":"JL. BIAS, GADINGAN, SINDUHARJO, KEC. NGAGLIK, KABUPATEN SLEMAN, DAERAH ISTIMEWA YOGYAKARTA 55581","ID_PROV":34,"PROVINSI":"DAERAH ISTIMEWA YOGYAKARTA","ID_KABKOT":34.04,"KABKOT":"SLEMAN","ID_KEC":"34.04.12","KECAMATAN":"NGAGLIK","ID_DESA":"34.04.12.2005","DESA":"SARDONOHARJO","LONGITUDE":110.402286,"LATITUDE":-7.7128424,"STATUS":"BUKA","TANGGAL PENGUMPULAN":"Q1 2025","TANGGAL UPDATE":"27/02/2025"}},{"type":"Feature","geometry":{"coordinates":[110.297647,-7.782793],"type":"Point"},"properties":{"NAMA":"TOKO SEMBAKO MINGGIR","TIPE_1":"PERDAGANGAN DAN RETAIL","TIPE_2":"TOKO KELONTONG","TIPE_3":"-","TELEPON":"0858-6898-7879","ALAMAT":"JL. BIBIS JL. SEMBUH WETAN, REWULU KULON, SIDOKARTO, KEC. GODEAN, YOGYAKARTA, DAERAH ISTIMEWA YOGYAKARTA 55264","ID_PROV":34,"PROVINSI":"DAERAH ISTIMEWA YOGYAKARTA","ID_KABKOT":34.04,"KABKOT":"SLEMAN","ID_KEC":"34.04.02","KECAMATAN":"GODEAN","ID_DESA":"34.04.02.2005","DESA":"SIDOKARTO","LONGITUDE":110.297647,"LATITUDE":-7.782793,"STATUS":"BUKA","TANGGAL PENGUMPULAN":"Q1 2025","TANGGAL UPDATE":"27/02/2025"}},{"type":"Feature","geometry":{"coordinates":[110.3114042,-7.7894198],"type":"Point"},"properties":{"NAMA":"WARUNG SEMBAKO DARMAWAN","TIPE_1":"PERDAGANGAN DAN RETAIL","TIPE_2":"TOKO KELONTONG","TIPE_3":"-","TELEPON":"","ALAMAT":"JL. BIBIS JL. TANGKILAN NO.122, AREA SAWAH, SIDOARUM, KEC. GODEAN, KABUPATEN SLEMAN, DAERAH ISTIMEWA YOGYAKARTA","ID_PROV":34,"PROVINSI":"DAERAH ISTIMEWA YOGYAKARTA","ID_KABKOT":34.04,"KABKOT":"SLEMAN","ID_KEC":"34.04.02","KECAMATAN":"GODEAN","ID_DESA":"34.04.02.2006","DESA":"SIDOARUM","LONGITUDE":110.3114042,"LATITUDE":-7.7894198,"STATUS":"BUKA","TANGGAL PENGUMPULAN":"Q1 2025","TANGGAL UPDATE":"27/02/2025"}},{"type":"Feature","geometry":{"coordinates":[110.3057904,-7.7868017],"type":"Point"},"properties":{"NAMA":"TOKO SEMBAKO 18 DELAPAN BELAS","TIPE_1":"PERDAGANGAN DAN RETAIL","TIPE_2":"TOKO KELONTONG","TIPE_3":"-","TELEPON":"0821-9959-9479","ALAMAT":"JL. BIBIS NO.1, JETIS PRENGGAN, SIDOKARTO, KEC. GODEAN, KABUPATEN SLEMAN, DAERAH ISTIMEWA YOGYAKARTA 55264","ID_PROV":34,"PROVINSI":"DAERAH ISTIMEWA YOGYAKARTA","ID_KABKOT":34.04,"KABKOT":"SLEMAN","ID_KEC":"34.04.02","KECAMATAN":"GODEAN","ID_DESA":"34.04.02.2005","DESA":"SIDOKARTO","LONGITUDE":110.3057904,"LATITUDE":-7.7868017,"STATUS":"BUKA","TANGGAL PENGUMPULAN":"Q1 2025","TANGGAL UPDATE":"27/02/2025"}},{"type":"Feature","geometry":{"coordinates":[110.3023511,-7.7854375],"type":"Point"},"properties":{"NAMA":"WARUNG KELONTONG ANANDA","TIPE_1":"PERDAGANGAN DAN RETAIL","TIPE_2":"TOKO KELONTONG","TIPE_3":"-","TELEPON":"0877-3822-0900","ALAMAT":"JL. BIBIS, AREA SAWAH, SIDOKARTO, GODEAN, SLEMAN REGENCY, SPECIAL REGION OF YOGYAKARTA 55264","ID_PROV":34,"PROVINSI":"DAERAH ISTIMEWA YOGYAKARTA","ID_KABKOT":34.04,"KABKOT":"SLEMAN","ID_KEC":"34.04.02","KECAMATAN":"GODEAN","ID_DESA":"34.04.02.2003","DESA":"SIDOMULYO","LONGITUDE":110.3023511,"LATITUDE":-7.7854375,"STATUS":"BUKA","TANGGAL PENGUMPULAN":"Q1 2025","TANGGAL UPDATE":"27/02/2025"}},{"type":"Feature","geometry":{"coordinates":[110.299405,-7.7841517],"type":"Point"},"properties":{"NAMA":"WARUNG SAYURAN DAN SEMBAKO BABE JANI","TIPE_1":"PERDAGANGAN DAN RETAIL","TIPE_2":"TOKO KELONTONG","TIPE_3":"-","TELEPON":"0813-2884-7477","ALAMAT":"JL. BIBIS, GANCAKAN KULON, SIDOKARTO, KEC. GODEAN, KABUPATEN SLEMAN, DAERAH ISTIMEWA YOGYAKARTA 55264","ID_PROV":34,"PROVINSI":"DAERAH ISTIMEWA YOGYAKARTA","ID_KABKOT":34.04,"KABKOT":"SLEMAN","ID_KEC":"34.04.02","KECAMATAN":"GODEAN","ID_DESA":"34.04.02.2003","DESA":"SIDOMULYO","LONGITUDE":110.299405,"LATITUDE":-7.7841517,"STATUS":"BUKA","TANGGAL PENGUMPULAN":"Q1 2025","TANGGAL UPDATE":"27/02/2025"}},{"type":"Feature","geometry":{"coordinates":[110.296357,-7.786009],"type":"Point"},"properties":{"NAMA":"TOKO KELONTONG UMI JAYA 24 JAM","TIPE_1":"PERDAGANGAN DAN RETAIL","TIPE_2":"TOKO KELONTONG","TIPE_3":"-","TELEPON":"0818-464-751","ALAMAT":"JL. BIBIS, GANCAKAN KULON, SIDOMULYO, KEC. GODEAN, KABUPATEN SLEMAN, DAERAH ISTIMEWA YOGYAKARTA 55264","ID_PROV":34,"PROVINSI":"DAERAH ISTIMEWA YOGYAKARTA","ID_KABKOT":34.04,"KABKOT":"SLEMAN","ID_KEC":"34.04.02","KECAMATAN":"GODEAN","ID_DESA":"34.04.02.2003","DESA":"SIDOMULYO","LONGITUDE":110.296357,"LATITUDE":-7.786009,"STATUS":"BUKA","TANGGAL PENGUMPULAN":"Q1 2025","TANGGAL UPDATE":"27/02/2025"}},{"type":"Feature","geometry":{"coordinates":[110.2992987,-7.7838474],"type":"Point"},"properties":{"NAMA":"TOKO IBU ARI","TIPE_1":"PERDAGANGAN DAN RETAIL","TIPE_2":"TOKO KELONTONG","TIPE_3":"-","TELEPON":"0851-0283-4531","ALAMAT":"JL. BIBIS, REWULU KULON, SIDOKARTO, KEC. GODEAN, KABUPATEN SLEMAN, DAERAH ISTIMEWA YOGYAKARTA 55264","ID_PROV":34,"PROVINSI":"DAERAH ISTIMEWA YOGYAKARTA","ID_KABKOT":34.04,"KABKOT":"SLEMAN","ID_KEC":"34.04.02","KECAMATAN":"GODEAN","ID_DESA":"34.04.02.2005","DESA":"SIDOKARTO","LONGITUDE":110.2992987,"LATITUDE":-7.7838474,"STATUS":"BUKA","TANGGAL PENGUMPULAN":"Q1 2025","TANGGAL UPDATE":"27/02/2025"}},{"type":"Feature","geometry":{"coordinates":[110.3314938,-7.6478017],"type":"Point"},"properties":{"NAMA":"TOKO PUTRA BAROKAH","TIPE_1":"PERDAGANGAN DAN RETAIL","TIPE_2":"TOKO KELONTONG","TIPE_3":"-","TELEPON":"","ALAMAT":"JL. BIBIS, TEMPEL, LUMBUNGREJO, KEC. TEMPEL, KABUPATEN SLEMAN, DAERAH ISTIMEWA YOGYAKARTA 55552","ID_PROV":34,"PROVINSI":"DAERAH ISTIMEWA YOGYAKARTA","ID_KABKOT":34.04,"KABKOT":"SLEMAN","ID_KEC":"34.04.14","KECAMATAN":"TEMPEL","ID_DESA":"34.04.14.2007","DESA":"LUMBUNGREJO","LONGITUDE":110.3314938,"LATITUDE":-7.6478017,"STATUS":"BUKA","TANGGAL PENGUMPULAN":"Q1 2025","TANGGAL UPDATE":"27/02/2025"}},{"type":"Feature","geometry":{"coordinates":[110.404011,-7.72226],"type":"Point"},"properties":{"NAMA":"TOKO SEMBAKO KEYONGAN","TIPE_1":"PERDAGANGAN DAN RETAIL","TIPE_2":"TOKO KELONTONG","TIPE_3":"-","TELEPON":"0812-1551-4569","ALAMAT":"JL. BIMA, DENTAN, SINDUHARJO, KEC. NGAGLIK, KABUPATEN SLEMAN, DAERAH ISTIMEWA YOGYAKARTA 55581","ID_PROV":34,"PROVINSI":"DAERAH ISTIMEWA YOGYAKARTA","ID_KABKOT":34.04,"KABKOT":"SLEMAN","ID_KEC":"34.04.12","KECAMATAN":"NGAGLIK","ID_DESA":"34.04.12.2003","DESA":"SINDUHARJO","LONGITUDE":110.404011,"LATITUDE":-7.72226,"STATUS":"BUKA","TANGGAL PENGUMPULAN":"Q1 2025","TANGGAL UPDATE":"27/02/2025"}},{"type":"Feature","geometry":{"coordinates":[110.3789273,-7.7373474],"type":"Point"},"properties":{"NAMA":"TOKO PODOMORO","TIPE_1":"PERDAGANGAN DAN RETAIL","TIPE_2":"TOKO KELONTONG","TIPE_3":"-","TELEPON":"0877-6025-7501","ALAMAT":"JL. BIMA, WONOREJO, SARIHARJO, KEC. NGAGLIK, KABUPATEN SLEMAN, DAERAH ISTIMEWA YOGYAKARTA 55581","ID_PROV":34,"PROVINSI":"DAERAH ISTIMEWA YOGYAKARTA","ID_KABKOT":34.04,"KABKOT":"SLEMAN","ID_KEC":"34.04.12","KECAMATAN":"NGAGLIK","ID_DESA":"34.04.12.2001","DESA":"SARIHARJO","LONGITUDE":110.3789273,"LATITUDE":-7.7373474,"STATUS":"BUKA","TANGGAL PENGUMPULAN":"Q1 2025","TANGGAL UPDATE":"27/02/2025"}},{"type":"Feature","geometry":{"coordinates":[110.4673456,-7.8053265],"type":"Point"},"properties":{"NAMA":"TOKO LIAMART","TIPE_1":"PERDAGANGAN DAN RETAIL","TIPE_2":"TOKO KELONTONG","TIPE_3":"-","TELEPON":"0897-5022-059","ALAMAT":"JL. BLAMBANGAN RAYA, MUTIHAN, MADUREJO, KEC. BERBAH, KABUPATEN SLEMAN, DAERAH ISTIMEWA YOGYAKARTA","ID_PROV":34,"PROVINSI":"DAERAH ISTIMEWA YOGYAKARTA","ID_KABKOT":34.04,"KABKOT":"SLEMAN","ID_KEC":"34.04.08","KECAMATAN":"BERBAH","ID_DESA":"34.04.08.2004","DESA":"JOGOTIRTO","LONGITUDE":110.4673456,"LATITUDE":-7.8053265,"STATUS":"BUKA","TANGGAL PENGUMPULAN":"Q1 2025","TANGGAL UPDATE":"27/02/2025"}},{"type":"Feature","geometry":{"coordinates":[110.4012849,-7.7706579],"type":"Point"},"properties":{"NAMA":"TOKO TUKIMAN","TIPE_1":"PERDAGANGAN DAN RETAIL","TIPE_2":"TOKO KELONTONG","TIPE_3":"-","TELEPON":"0856-2883-969","ALAMAT":"JL. BONGSO IJOYO NO.35, DABAG, CONDONGCATUR, KEC. DEPOK, KABUPATEN SLEMAN, DAERAH ISTIMEWA YOGYAKARTA 55281","ID_PROV":34,"PROVINSI":"DAERAH ISTIMEWA YOGYAKARTA","ID_KABKOT":34.04,"KABKOT":"SLEMAN","ID_KEC":"34.04.07","KECAMATAN":"DEPOK","ID_DESA":"34.04.07.2003","DESA":"CONDONGCATUR","LONGITUDE":110.4012849,"LATITUDE":-7.7706579,"STATUS":"BUKA","TANGGAL PENGUMPULAN":"Q1 2025","TANGGAL UPDATE":"27/02/2025"}},{"type":"Feature","geometry":{"coordinates":[110.4228328,-7.6034351],"type":"Point"},"properties":{"NAMA":"WARUNG SEMBAKO DAN SAYURAN AYEM","TIPE_1":"PERDAGANGAN DAN RETAIL","TIPE_2":"TOKO KELONTONG","TIPE_3":"-","TELEPON":"0812-6551-114","ALAMAT":"JL. BOYONG, KALIURANG, HARGOBINANGUN, KEC. PAKEM, KABUPATEN SLEMAN, DAERAH ISTIMEWA YOGYAKARTA 55582","ID_PROV":34,"PROVINSI":"DAERAH ISTIMEWA YOGYAKARTA","ID_KABKOT":34.04,"KABKOT":"SLEMAN","ID_KEC":"34.04.16","KECAMATAN":"PAKEM","ID_DESA":"34.04.16.2005","DESA":"HARGOBINANGUN","LONGITUDE":110.4228328,"LATITUDE":-7.6034351,"STATUS":"BUKA","TANGGAL PENGUMPULAN":"Q1 2025","TANGGAL UPDATE":"27/02/2025"}},{"type":"Feature","geometry":{"coordinates":[110.4084878,-7.7019844],"type":"Point"},"properties":{"NAMA":"WARUNG SEMBAKO BAROKAH ABADI","TIPE_1":"PERDAGANGAN DAN RETAIL","TIPE_2":"TOKO KELONTONG","TIPE_3":"-","TELEPON":"0877-3845-6822","ALAMAT":"JL. CANDI DUKUH NO.102, RT.03/RW.03, CANDI DUKUH, SARDONOHARJO, KEC. NGAGLIK, KABUPATEN SLEMAN, DAERAH ISTIMEWA YOGYAKARTA 55581","ID_PROV":34,"PROVINSI":"DAERAH ISTIMEWA YOGYAKARTA","ID_KABKOT":34.04,"KABKOT":"SLEMAN","ID_KEC":"34.04.12","KECAMATAN":"NGAGLIK","ID_DESA":"34.04.12.2005","DESA":"SARDONOHARJO","LONGITUDE":110.4084878,"LATITUDE":-7.7019844,"STATUS":"BUKA","TANGGAL PENGUMPULAN":"Q1 2025","TANGGAL UPDATE":"27/02/2025"}},{"type":"Feature","geometry":{"coordinates":[110.4117823,-7.7491618],"type":"Point"},"properties":{"NAMA":"TOKO SEMBAKO","TIPE_1":"PERDAGANGAN DAN RETAIL","TIPE_2":"TOKO KELONTONG","TIPE_3":"-","TELEPON":"0819-0405-2931","ALAMAT":"JL. CANDI GEBANG, DERO, CONDONGCATUR, KEC. DEPOK, KABUPATEN SLEMAN, DAERAH ISTIMEWA YOGYAKARTA 55281","ID_PROV":34,"PROVINSI":"DAERAH ISTIMEWA YOGYAKARTA","ID_KABKOT":34.04,"KABKOT":"SLEMAN","ID_KEC":"34.04.07","KECAMATAN":"DEPOK","ID_DESA":"34.04.07.2003","DESA":"CONDONGCATUR","LONGITUDE":110.4117823,"LATITUDE":-7.7491618,"STATUS":"BUKA","TANGGAL PENGUMPULAN":"Q1 2025","TANGGAL UPDATE":"27/02/2025"}},{"type":"Feature","geometry":{"coordinates":[110.4444237,-7.7749412],"type":"Point"},"properties":{"NAMA":"TOKO KELONTONG BU TIWI","TIPE_1":"PERDAGANGAN DAN RETAIL","TIPE_2":"TOKO KELONTONG","TIPE_3":"-","TELEPON":"","ALAMAT":"JL. CANDI SAMBISARI NO.235, JUWANGEN, PURWOMARTANI, KEC. KALASAN, KABUPATEN SLEMAN, DAERAH ISTIMEWA YOGYAKARTA 55571","ID_PROV":34,"PROVINSI":"DAERAH ISTIMEWA YOGYAKARTA","ID_KABKOT":34.04,"KABKOT":"SLEMAN","ID_KEC":"34.04.10","KECAMATAN":"KALASAN","ID_DESA":"34.04.10.2001","DESA":"PURWOMARTANI","LONGITUDE":110.4444237,"LATITUDE":-7.7749412,"STATUS":"BUKA","TANGGAL PENGUMPULAN":"Q1 2025","TANGGAL UPDATE":"27/02/2025"}},{"type":"Feature","geometry":{"coordinates":[110.4438638,-7.7787528],"type":"Point"},"properties":{"NAMA":"TOKO KELONTONG H WARSONO","TIPE_1":"PERDAGANGAN DAN RETAIL","TIPE_2":"TOKO KELONTONG","TIPE_3":"-","TELEPON":"","ALAMAT":"JL. CANDI SAMBISARI, JUWANGEN, PURWOMARTANI, KEC. KALASAN, KABUPATEN SLEMAN, DAERAH ISTIMEWA YOGYAKARTA 55571","ID_PROV":34,"PROVINSI":"DAERAH ISTIMEWA YOGYAKARTA","ID_KABKOT":34.04,"KABKOT":"SLEMAN","ID_KEC":"34.04.10","KECAMATAN":"KALASAN","ID_DESA":"34.04.10.2001","DESA":"PURWOMARTANI","LONGITUDE":110.4438638,"LATITUDE":-7.7787528,"STATUS":"BUKA","TANGGAL PENGUMPULAN":"Q1 2025","TANGGAL UPDATE":"27/02/2025"}},{"type":"Feature","geometry":{"coordinates":[110.4456333,-7.7684965],"type":"Point"},"properties":{"NAMA":"TOKO GROSIR DAN KELONTONG ITEN","TIPE_1":"PERDAGANGAN DAN RETAIL","TIPE_2":"TOKO KELONTONG","TIPE_3":"-","TELEPON":"(0274) 4987718","ALAMAT":"JL. CANDI SAMBISARI, KADIROJO II, PURWOMARTANI, KEC. KALASAN, KABUPATEN SLEMAN, DAERAH ISTIMEWA YOGYAKARTA 55571","ID_PROV":34,"PROVINSI":"DAERAH ISTIMEWA YOGYAKARTA","ID_KABKOT":34.04,"KABKOT":"SLEMAN","ID_KEC":"34.04.10","KECAMATAN":"KALASAN","ID_DESA":"34.04.10.2001","DESA":"PURWOMARTANI","LONGITUDE":110.4456333,"LATITUDE":-7.7684965,"STATUS":"BUKA","TANGGAL PENGUMPULAN":"Q1 2025","TANGGAL UPDATE":"27/02/2025"}},{"type":"Feature","geometry":{"coordinates":[110.4481572,-7.7647162],"type":"Point"},"properties":{"NAMA":"TOKO KLONTONG MADURA ADINDA","TIPE_1":"PERDAGANGAN DAN RETAIL","TIPE_2":"TOKO KELONTONG","TIPE_3":"-","TELEPON":"","ALAMAT":"JL. CANDI SAMBISARI, KADIROJO II, PURWOMARTANI, KEC. KALASAN, KABUPATEN SLEMAN, DAERAH ISTIMEWA YOGYAKARTA 55571","ID_PROV":34,"PROVINSI":"DAERAH ISTIMEWA YOGYAKARTA","ID_KABKOT":34.04,"KABKOT":"SLEMAN","ID_KEC":"34.04.10","KECAMATAN":"KALASAN","ID_DESA":"34.04.10.2001","DESA":"PURWOMARTANI","LONGITUDE":110.4481572,"LATITUDE":-7.7647162,"STATUS":"BUKA","TANGGAL PENGUMPULAN":"Q1 2025","TANGGAL UPDATE":"27/02/2025"}},{"type":"Feature","geometry":{"coordinates":[110.4621876,-7.6644774],"type":"Point"},"properties":{"NAMA":"WARUNG ELSA","TIPE_1":"PERDAGANGAN DAN RETAIL","TIPE_2":"TOKO KELONTONG","TIPE_3":"-","TELEPON":"0856-4383-5562","ALAMAT":"JL. CANGKRINGAN BRONGGANG, KUWANG, ARGOMULYO, KEC. CANGKRINGAN, KABUPATEN SLEMAN, DAERAH ISTIMEWA YOGYAKARTA 55583","ID_PROV":34,"PROVINSI":"DAERAH ISTIMEWA YOGYAKARTA","ID_KABKOT":34.04,"KABKOT":"SLEMAN","ID_KEC":"34.04.17","KECAMATAN":"CANGKRINGAN","ID_DESA":"34.04.17.2001","DESA":"ARGOMULYO","LONGITUDE":110.4621876,"LATITUDE":-7.6644774,"STATUS":"BUKA","TANGGAL PENGUMPULAN":"Q1 2025","TANGGAL UPDATE":"27/02/2025"}},{"type":"Feature","geometry":{"coordinates":[110.4328037,-7.6608985],"type":"Point"},"properties":{"NAMA":"TOKO TIMOR2","TIPE_1":"PERDAGANGAN DAN RETAIL","TIPE_2":"TOKO KELONTONG","TIPE_3":"-","TELEPON":"0856-4357-0075","ALAMAT":"JL. CANGKRINGAN KM.2, SEMBUNGAN, WUKIRSARI, CANGKRINGAN, YOGYAKARTA, SPECIAL REGION OF YOGYAKARTA 55584","ID_PROV":34,"PROVINSI":"DAERAH ISTIMEWA YOGYAKARTA","ID_KABKOT":34.04,"KABKOT":"SLEMAN","ID_KEC":"34.04.17","KECAMATAN":"CANGKRINGAN","ID_DESA":"34.04.17.2002","DESA":"WUKIRSARI","LONGITUDE":110.4328037,"LATITUDE":-7.6608985,"STATUS":"BUKA","TANGGAL PENGUMPULAN":"Q1 2025","TANGGAL UPDATE":"27/02/2025"}},{"type":"Feature","geometry":{"coordinates":[110.4225099,-7.6666095],"type":"Point"},"properties":{"NAMA":"SEMBAKO BUGISAN (KUSUMA)","TIPE_1":"PERDAGANGAN DAN RETAIL","TIPE_2":"TOKO KELONTONG","TIPE_3":"-","TELEPON":"0858-7670-0573","ALAMAT":"JL. CANGKRINGAN NO.05, AREA SAWAH, PAKEMBINANGUN, KEC. PAKEM, KABUPATEN SLEMAN, DAERAH ISTIMEWA YOGYAKARTA 55582","ID_PROV":34,"PROVINSI":"DAERAH ISTIMEWA YOGYAKARTA","ID_KABKOT":34.04,"KABKOT":"SLEMAN","ID_KEC":"34.04.16","KECAMATAN":"PAKEM","ID_DESA":"34.04.16.2004","DESA":"PAKEMBINANGUN","LONGITUDE":110.4225099,"LATITUDE":-7.6666095,"STATUS":"BUKA","TANGGAL PENGUMPULAN":"Q1 2025","TANGGAL UPDATE":"27/02/2025"}},{"type":"Feature","geometry":{"coordinates":[110.464196,-7.7001769],"type":"Point"},"properties":{"NAMA":"TOKO POJOK MANDIRI","TIPE_1":"PERDAGANGAN DAN RETAIL","TIPE_2":"TOKO KELONTONG","TIPE_3":"-","TELEPON":"0856-2560-559","ALAMAT":"JL. CANGKRINGAN NO.50, KARDULON LOR, BIMOMARTANI, NGEMPLAK, SLEMAN REGENCY, SPECIAL REGION OF YOGYAKARTA 55584","ID_PROV":34,"PROVINSI":"DAERAH ISTIMEWA YOGYAKARTA","ID_KABKOT":34.04,"KABKOT":"SLEMAN","ID_KEC":"34.04.11","KECAMATAN":"NGEMPLAK","ID_DESA":"34.04.11.2002","DESA":"BIMOMARTANI","LONGITUDE":110.464196,"LATITUDE":-7.7001769,"STATUS":"BUKA","TANGGAL PENGUMPULAN":"Q1 2025","TANGGAL UPDATE":"27/02/2025"}},{"type":"Feature","geometry":{"coordinates":[110.4325825,-7.6609285],"type":"Point"},"properties":{"NAMA":"TOKO DARWATI","TIPE_1":"PERDAGANGAN DAN RETAIL","TIPE_2":"TOKO KELONTONG","TIPE_3":"-","TELEPON":"(0274) 896469","ALAMAT":"JL. CANGKRINGAN NO.KM 3, SEMBUNGAN, WUKIRSARI, KEC. CANGKRINGAN, KABUPATEN SLEMAN, DAERAH ISTIMEWA YOGYAKARTA 55583","ID_PROV":34,"PROVINSI":"DAERAH ISTIMEWA YOGYAKARTA","ID_KABKOT":34.04,"KABKOT":"SLEMAN","ID_KEC":"34.04.17","KECAMATAN":"CANGKRINGAN","ID_DESA":"34.04.17.2002","DESA":"WUKIRSARI","LONGITUDE":110.4325825,"LATITUDE":-7.6609285,"STATUS":"BUKA","TANGGAL PENGUMPULAN":"Q1 2025","TANGGAL UPDATE":"27/02/2025"}},{"type":"Feature","geometry":{"coordinates":[110.4603843,-7.6818914],"type":"Point"},"properties":{"NAMA":"TOKO ANEKA KALIURANG","TIPE_1":"PERDAGANGAN DAN RETAIL","TIPE_2":"TOKO KELONTONG","TIPE_3":"-","TELEPON":"0877-3919-1239","ALAMAT":"JL. CANGKRINGAN, AREA SAWAH, BIMOMARTANI, KEC. NGEMPLAK, KABUPATEN SLEMAN, DAERAH ISTIMEWA YOGYAKARTA 55584","ID_PROV":34,"PROVINSI":"DAERAH ISTIMEWA YOGYAKARTA","ID_KABKOT":34.04,"KABKOT":"SLEMAN","ID_KEC":"34.04.11","KECAMATAN":"NGEMPLAK","ID_DESA":"34.04.11.2002","DESA":"BIMOMARTANI","LONGITUDE":110.4603843,"LATITUDE":-7.6818914,"STATUS":"BUKA","TANGGAL PENGUMPULAN":"Q1 2025","TANGGAL UPDATE":"27/02/2025"}},{"type":"Feature","geometry":{"coordinates":[110.4533993,-7.7008013],"type":"Point"},"properties":{"NAMA":"TOKO DAMIRI","TIPE_1":"PERDAGANGAN DAN RETAIL","TIPE_2":"TOKO KELONTONG","TIPE_3":"-","TELEPON":"","ALAMAT":"JL. CANGKRINGAN, AREA SAWAH, WIDODOMARTANI, NGEMPLAK, SLEMAN REGENCY, SPECIAL REGION OF YOGYAKARTA 55584","ID_PROV":34,"PROVINSI":"DAERAH ISTIMEWA YOGYAKARTA","ID_KABKOT":34.04,"KABKOT":"SLEMAN","ID_KEC":"34.04.11","KECAMATAN":"NGEMPLAK","ID_DESA":"34.04.11.2003","DESA":"WIDODOMARTANI","LONGITUDE":110.4533993,"LATITUDE":-7.7008013,"STATUS":"BUKA","TANGGAL PENGUMPULAN":"Q1 2025","TANGGAL UPDATE":"27/02/2025"}},{"type":"Feature","geometry":{"coordinates":[110.4615686,-7.7434766],"type":"Point"},"properties":{"NAMA":"TOKO SAYURAN SEGAR DAN KELONTONG","TIPE_1":"PERDAGANGAN DAN RETAIL","TIPE_2":"TOKO KELONTONG","TIPE_3":"-","TELEPON":"","ALAMAT":"JL. CANGKRINGAN, BABADAN, PURWOMARTANI, KEC. KALASAN, KABUPATEN SLEMAN, DAERAH ISTIMEWA YOGYAKARTA 55571","ID_PROV":34,"PROVINSI":"DAERAH ISTIMEWA YOGYAKARTA","ID_KABKOT":34.04,"KABKOT":"SLEMAN","ID_KEC":"34.04.10","KECAMATAN":"KALASAN","ID_DESA":"34.04.10.2001","DESA":"PURWOMARTANI","LONGITUDE":110.4615686,"LATITUDE":-7.7434766,"STATUS":"BUKA","TANGGAL PENGUMPULAN":"Q1 2025","TANGGAL UPDATE":"27/02/2025"}},{"type":"Feature","geometry":{"coordinates":[110.4625734,-7.7305726],"type":"Point"},"properties":{"NAMA":"TOKO KELONTONG MAS ARI","TIPE_1":"PERDAGANGAN DAN RETAIL","TIPE_2":"TOKO KELONTONG","TIPE_3":"-","TELEPON":"","ALAMAT":"JL. CANGKRINGAN, JETAK, SELOMARTANI, KEC. KALASAN, KABUPATEN SLEMAN, DAERAH ISTIMEWA YOGYAKARTA 55571","ID_PROV":34,"PROVINSI":"DAERAH ISTIMEWA YOGYAKARTA","ID_KABKOT":34.04,"KABKOT":"SLEMAN","ID_KEC":"34.04.10","KECAMATAN":"KALASAN","ID_DESA":"34.04.10.2004","DESA":"SELOMARTANI","LONGITUDE":110.4625734,"LATITUDE":-7.7305726,"STATUS":"BUKA","TANGGAL PENGUMPULAN":"Q1 2025","TANGGAL UPDATE":"27/02/2025"}},{"type":"Feature","geometry":{"coordinates":[110.4642889,-7.6961375],"type":"Point"},"properties":{"NAMA":"TOKO TERUS MAKMUR","TIPE_1":"PERDAGANGAN DAN RETAIL","TIPE_2":"TOKO KELONTONG","TIPE_3":"-","TELEPON":"","ALAMAT":"JL. CANGKRINGAN, RANDUSARI, BIMOMARTANI, KEC. NGEMPLAK, KABUPATEN SLEMAN, DAERAH ISTIMEWA YOGYAKARTA 55584","ID_PROV":34,"PROVINSI":"DAERAH ISTIMEWA YOGYAKARTA","ID_KABKOT":34.04,"KABKOT":"SLEMAN","ID_KEC":"34.04.11","KECAMATAN":"NGEMPLAK","ID_DESA":"34.04.11.2002","DESA":"BIMOMARTANI","LONGITUDE":110.4642889,"LATITUDE":-7.6961375,"STATUS":"BUKA","TANGGAL PENGUMPULAN":"Q1 2025","TANGGAL UPDATE":"27/02/2025"}},{"type":"Feature","geometry":{"coordinates":[110.3254261,-7.7374725],"type":"Point"},"properties":{"NAMA":"TOKO LALA SEMBAKO","TIPE_1":"PERDAGANGAN DAN RETAIL","TIPE_2":"TOKO KELONTONG","TIPE_3":"-","TELEPON":"","ALAMAT":"JL. CEBONGAN JL. SENDARI NO.RT02/18, SENDON, TIRTOADI, KEC. MLATI, KABUPATEN SLEMAN, DAERAH ISTIMEWA YOGYAKARTA 55287","ID_PROV":34,"PROVINSI":"DAERAH ISTIMEWA YOGYAKARTA","ID_KABKOT":34.04,"KABKOT":"SLEMAN","ID_KEC":"34.04.06","KECAMATAN":"MLATI","ID_DESA":"34.04.06.2004","DESA":"TIRTOADI","LONGITUDE":110.3254261,"LATITUDE":-7.7374725,"STATUS":"BUKA","TANGGAL PENGUMPULAN":"Q1 2025","TANGGAL UPDATE":"27/02/2025"}},{"type":"Feature","geometry":{"coordinates":[110.321655,-7.7461089],"type":"Point"},"properties":{"NAMA":"TOKO BUDHE RUM","TIPE_1":"PERDAGANGAN DAN RETAIL","TIPE_2":"TOKO KELONTONG","TIPE_3":"-","TELEPON":"0813-6065-1929","ALAMAT":"JL. CEBONGAN, BELURAN, SIDOMOYO, KEC. GODEAN, KABUPATEN SLEMAN, DAERAH ISTIMEWA YOGYAKARTA 55264","ID_PROV":34,"PROVINSI":"DAERAH ISTIMEWA YOGYAKARTA","ID_KABKOT":34.04,"KABKOT":"SLEMAN","ID_KEC":"34.04.02","KECAMATAN":"GODEAN","ID_DESA":"34.04.02.2007","DESA":"SIDOMOYO","LONGITUDE":110.321655,"LATITUDE":-7.7461089,"STATUS":"BUKA","TANGGAL PENGUMPULAN":"Q1 2025","TANGGAL UPDATE":"27/02/2025"}},{"type":"Feature","geometry":{"coordinates":[110.4484568,-7.765669],"type":"Point"},"properties":{"NAMA":"OMAH BIYA TOKO KELONTONG","TIPE_1":"PERDAGANGAN DAN RETAIL","TIPE_2":"TOKO KELONTONG","TIPE_3":"-","TELEPON":"","ALAMAT":"JL. CENDANA II JL. KADIROJO 2 NO.39, KADIROJO II, PURWOMARTANI, KEC. KALASAN, KABUPATEN SLEMAN, DAERAH ISTIMEWA YOGYAKARTA 55571","ID_PROV":34,"PROVINSI":"DAERAH ISTIMEWA YOGYAKARTA","ID_KABKOT":34.04,"KABKOT":"SLEMAN","ID_KEC":"34.04.10","KECAMATAN":"KALASAN","ID_DESA":"34.04.10.2001","DESA":"PURWOMARTANI","LONGITUDE":110.4484568,"LATITUDE":-7.765669,"STATUS":"BUKA","TANGGAL PENGUMPULAN":"Q1 2025","TANGGAL UPDATE":"27/02/2025"}},{"type":"Feature","geometry":{"coordinates":[110.3954449,-7.7190698],"type":"Point"},"properties":{"NAMA":"WARUNG KELONTONG BU MENUK","TIPE_1":"PERDAGANGAN DAN RETAIL","TIPE_2":"TOKO KELONTONG","TIPE_3":"-","TELEPON":"","ALAMAT":"JL. CENDRAWASIH, DAYAKAN, SARDONOHARJO, KEC. NGAGLIK, KABUPATEN SLEMAN, DAERAH ISTIMEWA YOGYAKARTA 55581","ID_PROV":34,"PROVINSI":"DAERAH ISTIMEWA YOGYAKARTA","ID_KABKOT":34.04,"KABKOT":"SLEMAN","ID_KEC":"34.04.12","KECAMATAN":"NGAGLIK","ID_DESA":"34.04.12.2005","DESA":"SARDONOHARJO","LONGITUDE":110.3954449,"LATITUDE":-7.7190698,"STATUS":"BUKA","TANGGAL PENGUMPULAN":"Q1 2025","TANGGAL UPDATE":"27/02/2025"}},{"type":"Feature","geometry":{"coordinates":[110.3840868,-7.7789042],"type":"Point"},"properties":{"NAMA":"TOKO SEMBAKO MB ARI","TIPE_1":"PERDAGANGAN DAN RETAIL","TIPE_2":"TOKO KELONTONG","TIPE_3":"-","TELEPON":"0813-2858-4811","ALAMAT":"JL. COLOMBO JL. SAMIRONO CT VI NO.326, SAMIRONO, CATURTUNGGAL, KEC. DEPOK, KABUPATEN SLEMAN, DAERAH ISTIMEWA YOGYAKARTA 55281","ID_PROV":34,"PROVINSI":"DAERAH ISTIMEWA YOGYAKARTA","ID_KABKOT":34.04,"KABKOT":"SLEMAN","ID_KEC":"34.04.07","KECAMATAN":"DEPOK","ID_DESA":"34.04.07.2001","DESA":"CATURTUNGGAL","LONGITUDE":110.3840868,"LATITUDE":-7.7789042,"STATUS":"BUKA","TANGGAL PENGUMPULAN":"Q1 2025","TANGGAL UPDATE":"27/02/2025"}},{"type":"Feature","geometry":{"coordinates":[110.38327,-7.77704],"type":"Point"},"properties":{"NAMA":"TOKO SEMBAKO & POM MINI ZASKA","TIPE_1":"PERDAGANGAN DAN RETAIL","TIPE_2":"TOKO KELONTONG","TIPE_3":"-","TELEPON":"","ALAMAT":"JL. COLOMBO NO.# 14, KARANG MALANG, CATURTUNGGAL, KEC. DEPOK, KABUPATEN SLEMAN, DAERAH ISTIMEWA YOGYAKARTA 55281","ID_PROV":34,"PROVINSI":"DAERAH ISTIMEWA YOGYAKARTA","ID_KABKOT":34.04,"KABKOT":"SLEMAN","ID_KEC":"34.04.07","KECAMATAN":"DEPOK","ID_DESA":"34.04.07.2001","DESA":"CATURTUNGGAL","LONGITUDE":110.38327,"LATITUDE":-7.77704,"STATUS":"BUKA","TANGGAL PENGUMPULAN":"Q1 2025","TANGGAL UPDATE":"27/02/2025"}},{"type":"Feature","geometry":{"coordinates":[110.4578234,-7.7733483],"type":"Point"},"properties":{"NAMA":"MARTI CELL (TOKO KELONTONG DAN PULSA)","TIPE_1":"PERDAGANGAN DAN RETAIL","TIPE_2":"TOKO KELONTONG","TIPE_3":"-","TELEPON":"(0274) 2854472","ALAMAT":"JL. CUPUWATU II NO.39, CUPUWATU II, PURWOMARTANI, KEC. KALASAN, KABUPATEN SLEMAN, DAERAH ISTIMEWA YOGYAKARTA 55571","ID_PROV":34,"PROVINSI":"DAERAH ISTIMEWA YOGYAKARTA","ID_KABKOT":34.04,"KABKOT":"SLEMAN","ID_KEC":"34.04.10","KECAMATAN":"KALASAN","ID_DESA":"34.04.10.2001","DESA":"PURWOMARTANI","LONGITUDE":110.4578234,"LATITUDE":-7.7733483,"STATUS":"BUKA","TANGGAL PENGUMPULAN":"Q1 2025","TANGGAL UPDATE":"27/02/2025"}},{"type":"Feature","geometry":{"coordinates":[110.3853629,-7.7330233],"type":"Point"},"properties":{"NAMA":"TOKO SEMBAKO SULUH","TIPE_1":"PERDAGANGAN DAN RETAIL","TIPE_2":"TOKO KELONTONG","TIPE_3":"-","TELEPON":"","ALAMAT":"JL. DAMAI NO.41-29, WONOREJO, SARIHARJO, KEC. NGAGLIK, KABUPATEN SLEMAN, DAERAH ISTIMEWA YOGYAKARTA 55581","ID_PROV":34,"PROVINSI":"DAERAH ISTIMEWA YOGYAKARTA","ID_KABKOT":34.04,"KABKOT":"SLEMAN","ID_KEC":"34.04.12","KECAMATAN":"NGAGLIK","ID_DESA":"34.04.12.2001","DESA":"SARIHARJO","LONGITUDE":110.3853629,"LATITUDE":-7.7330233,"STATUS":"BUKA","TANGGAL PENGUMPULAN":"Q1 2025","TANGGAL UPDATE":"27/02/2025"}},{"type":"Feature","geometry":{"coordinates":[110.388784,-7.7337186],"type":"Point"},"properties":{"NAMA":"TOKO SR FAMILY","TIPE_1":"PERDAGANGAN DAN RETAIL","TIPE_2":"TOKO KELONTONG","TIPE_3":"-","TELEPON":"","ALAMAT":"JL. DAMAI, BANTENG, SINDUHARJO, KEC. NGAGLIK, KABUPATEN SLEMAN, DAERAH ISTIMEWA YOGYAKARTA 55581","ID_PROV":34,"PROVINSI":"DAERAH ISTIMEWA YOGYAKARTA","ID_KABKOT":34.04,"KABKOT":"SLEMAN","ID_KEC":"34.04.12","KECAMATAN":"NGAGLIK","ID_DESA":"34.04.12.2003","DESA":"SINDUHARJO","LONGITUDE":110.388784,"LATITUDE":-7.7337186,"STATUS":"BUKA","TANGGAL PENGUMPULAN":"Q1 2025","TANGGAL UPDATE":"27/02/2025"}},{"type":"Feature","geometry":{"coordinates":[110.3822927,-7.73106],"type":"Point"},"properties":{"NAMA":"TOKO KELONTONG HY KALANGAN RT 07 BANGUNTAPAN BANTUL","TIPE_1":"PERDAGANGAN DAN RETAIL","TIPE_2":"TOKO KELONTONG","TIPE_3":"-","TELEPON":"(0274) 888475","ALAMAT":"JL. DAMAI, WONOREJO, SARIHARJO, KEC. NGAGLIK, KABUPATEN SLEMAN, DAERAH ISTIMEWA YOGYAKARTA 55581","ID_PROV":34,"PROVINSI":"DAERAH ISTIMEWA YOGYAKARTA","ID_KABKOT":34.04,"KABKOT":"SLEMAN","ID_KEC":"34.04.12","KECAMATAN":"NGAGLIK","ID_DESA":"34.04.12.2001","DESA":"SARIHARJO","LONGITUDE":110.3822927,"LATITUDE":-7.73106,"STATUS":"BUKA","TANGGAL PENGUMPULAN":"Q1 2025","TANGGAL UPDATE":"27/02/2025"}},{"type":"Feature","geometry":{"coordinates":[110.2567243,-7.7443637],"type":"Point"},"properties":{"NAMA":"TOKO DINO SEMBAKO","TIPE_1":"PERDAGANGAN DAN RETAIL","TIPE_2":"TOKO KELONTONG","TIPE_3":"-","TELEPON":"","ALAMAT":"JL. DARATAN 3, DARATAN III, SENDANGARUM, KEC. MINGGIR, KABUPATEN SLEMAN, DAERAH ISTIMEWA YOGYAKARTA 55562","ID_PROV":34,"PROVINSI":"DAERAH ISTIMEWA YOGYAKARTA","ID_KABKOT":34.04,"KABKOT":"SLEMAN","ID_KEC":"34.04.04","KECAMATAN":"MINGGIR","ID_DESA":"34.04.04.2001","DESA":"SENDANGARUM","LONGITUDE":110.2567243,"LATITUDE":-7.7443637,"STATUS":"BUKA","TANGGAL PENGUMPULAN":"Q1 2025","TANGGAL UPDATE":"27/02/2025"}},{"type":"Feature","geometry":{"coordinates":[110.3923331,-7.7821322],"type":"Point"},"properties":{"NAMA":"WARUNG KELONTONG BERKAH JAYA","TIPE_1":"PERDAGANGAN DAN RETAIL","TIPE_2":"TOKO KELONTONG","TIPE_3":"-","TELEPON":"","ALAMAT":"JL. DEMANGAN BARU NO.19, DEMANGAN BARU, CATURTUNGGAL, KEC. DEPOK, KABUPATEN SLEMAN, DAERAH ISTIMEWA YOGYAKARTA 55281","ID_PROV":34,"PROVINSI":"DAERAH ISTIMEWA YOGYAKARTA","ID_KABKOT":34.04,"KABKOT":"SLEMAN","ID_KEC":"34.04.07","KECAMATAN":"DEPOK","ID_DESA":"34.04.07.2001","DESA":"CATURTUNGGAL","LONGITUDE":110.3923331,"LATITUDE":-7.7821322,"STATUS":"BUKA","TANGGAL PENGUMPULAN":"Q1 2025","TANGGAL UPDATE":"27/02/2025"}},{"type":"Feature","geometry":{"coordinates":[110.4503568,-7.7971231],"type":"Point"},"properties":{"NAMA":"WARUNG SEMBAKO BU MAR","TIPE_1":"PERDAGANGAN DAN RETAIL","TIPE_2":"TOKO KELONTONG","TIPE_3":"-","TELEPON":"","ALAMAT":"JL. DEMANGAN JL. TANGKISAN, RT.03/RW.04, BERBAH KALI, KALITIRTO, KEC. BERBAH, KABUPATEN SLEMAN, DAERAH ISTIMEWA YOGYAKARTA 55572","ID_PROV":34,"PROVINSI":"DAERAH ISTIMEWA YOGYAKARTA","ID_KABKOT":34.04,"KABKOT":"SLEMAN","ID_KEC":"34.04.08","KECAMATAN":"BERBAH","ID_DESA":"34.04.08.2003","DESA":"KALITIRTO","LONGITUDE":110.4503568,"LATITUDE":-7.7971231,"STATUS":"BUKA","TANGGAL PENGUMPULAN":"Q1 2025","TANGGAL UPDATE":"27/02/2025"}},{"type":"Feature","geometry":{"coordinates":[110.3091097,-7.7602172],"type":"Point"},"properties":{"NAMA":"TOKO RAYYA GROSIR","TIPE_1":"PERDAGANGAN DAN RETAIL","TIPE_2":"TOKO KELONTONG","TIPE_3":"-","TELEPON":"0821-3443-9198","ALAMAT":"JL. DESA MANDUNGAN I, MAQNDUNGAN II, MARGOLUWIH, KEC. SEYEGAN, KOTA YOGYAKARTA, DAERAH ISTIMEWA YOGYAKARTA 55561","ID_PROV":34,"PROVINSI":"DAERAH ISTIMEWA YOGYAKARTA","ID_KABKOT":34.04,"KABKOT":"SLEMAN","ID_KEC":"34.04.05","KECAMATAN":"SEYEGAN","ID_DESA":"34.04.05.2001","DESA":"MARGOLUWIH","LONGITUDE":110.3091097,"LATITUDE":-7.7602172,"STATUS":"BUKA","TANGGAL PENGUMPULAN":"Q1 2025","TANGGAL UPDATE":"27/02/2025"}},{"type":"Feature","geometry":{"coordinates":[110.3076537,-7.7631537],"type":"Point"},"properties":{"NAMA":"WARUNG KELONTONG","TIPE_1":"PERDAGANGAN DAN RETAIL","TIPE_2":"TOKO KELONTONG","TIPE_3":"-","TELEPON":"","ALAMAT":"JL. DESA MANDUNGAN, NGENTAK, MARGOLUWIH, KEC. SEYEGAN, KABUPATEN SLEMAN, DAERAH ISTIMEWA YOGYAKARTA 55561","ID_PROV":34,"PROVINSI":"DAERAH ISTIMEWA YOGYAKARTA","ID_KABKOT":34.04,"KABKOT":"SLEMAN","ID_KEC":"34.04.05","KECAMATAN":"SEYEGAN","ID_DESA":"34.04.05.2001","DESA":"MARGOLUWIH","LONGITUDE":110.3076537,"LATITUDE":-7.7631537,"STATUS":"BUKA","TANGGAL PENGUMPULAN":"Q1 2025","TANGGAL UPDATE":"27/02/2025"}},{"type":"Feature","geometry":{"coordinates":[110.442621,-7.6552095],"type":"Point"},"properties":{"NAMA":"LESTARI SEMBAKO","TIPE_1":"PERDAGANGAN DAN RETAIL","TIPE_2":"TOKO KELONTONG","TIPE_3":"-","TELEPON":"","ALAMAT":"JL. DONGKELSARI, DONGKELSARI, WUKIRSARI, KEC. CANGKRINGAN, KABUPATEN SLEMAN, DAERAH ISTIMEWA YOGYAKARTA 55583","ID_PROV":34,"PROVINSI":"DAERAH ISTIMEWA YOGYAKARTA","ID_KABKOT":34.04,"KABKOT":"SLEMAN","ID_KEC":"34.04.17","KECAMATAN":"CANGKRINGAN","ID_DESA":"34.04.17.2002","DESA":"WUKIRSARI","LONGITUDE":110.442621,"LATITUDE":-7.6552095,"STATUS":"BUKA","TANGGAL PENGUMPULAN":"Q1 2025","TANGGAL UPDATE":"27/02/2025"}},{"type":"Feature","geometry":{"coordinates":[110.3484727,-7.7036174],"type":"Point"},"properties":{"NAMA":"KIOS SEMBAKO BU YANTO","TIPE_1":"PERDAGANGAN DAN RETAIL","TIPE_2":"TOKO KELONTONG","TIPE_3":"-","TELEPON":"","ALAMAT":"JL. DR. RADJIMIN, WADAS, TRIDADI, KEC. SLEMAN, KABUPATEN SLEMAN, DAERAH ISTIMEWA YOGYAKARTA","ID_PROV":34,"PROVINSI":"DAERAH ISTIMEWA YOGYAKARTA","ID_KABKOT":34.04,"KABKOT":"SLEMAN","ID_KEC":"34.04.13","KECAMATAN":"SLEMAN","ID_DESA":"34.04.13.2003","DESA":"TRIDADI","LONGITUDE":110.3484727,"LATITUDE":-7.7036174,"STATUS":"BUKA","TANGGAL PENGUMPULAN":"Q1 2025","TANGGAL UPDATE":"27/02/2025"}},{"type":"Feature","geometry":{"coordinates":[110.3167983,-7.6676131],"type":"Point"},"properties":{"NAMA":"WARUNG KELONTONG BRICHA","TIPE_1":"PERDAGANGAN DAN RETAIL","TIPE_2":"TOKO KELONTONG","TIPE_3":"-","TELEPON":"0816-677-552","ALAMAT":"JL. DUKUH PONDOKREJO, RT.05/RW.10, DUKUH, PONDOKREJO, KEC. TEMPEL, KABUPATEN SLEMAN, DAERAH ISTIMEWA YOGYAKARTA 55552","ID_PROV":34,"PROVINSI":"DAERAH ISTIMEWA YOGYAKARTA","ID_KABKOT":34.04,"KABKOT":"SLEMAN","ID_KEC":"34.04.14","KECAMATAN":"TEMPEL","ID_DESA":"34.04.14.2004","DESA":"PONDOKREJO","LONGITUDE":110.3167983,"LATITUDE":-7.6676131,"STATUS":"BUKA","TANGGAL PENGUMPULAN":"Q1 2025","TANGGAL UPDATE":"27/02/2025"}},{"type":"Feature","geometry":{"coordinates":[110.3214095,-7.7375843],"type":"Point"},"properties":{"NAMA":"TOKO SEMBAKO 1160","TIPE_1":"PERDAGANGAN DAN RETAIL","TIPE_2":"TOKO KELONTONG","TIPE_3":"-","TELEPON":"","ALAMAT":"JL. DUSUN SANGGRAHAN, JONTUNGAN, TIRTOADI, KEC. MLATI, KABUPATEN SLEMAN, DAERAH ISTIMEWA YOGYAKARTA 55287","ID_PROV":34,"PROVINSI":"DAERAH ISTIMEWA YOGYAKARTA","ID_KABKOT":34.04,"KABKOT":"SLEMAN","ID_KEC":"34.04.06","KECAMATAN":"MLATI","ID_DESA":"34.04.06.2004","DESA":"TIRTOADI","LONGITUDE":110.3214095,"LATITUDE":-7.7375843,"STATUS":"BUKA","TANGGAL PENGUMPULAN":"Q1 2025","TANGGAL UPDATE":"27/02/2025"}},{"type":"Feature","geometry":{"coordinates":[110.3153883,-7.7712312],"type":"Point"},"properties":{"NAMA":"TOKO SEMBAKO FITRI 2","TIPE_1":"PERDAGANGAN DAN RETAIL","TIPE_2":"TOKO KELONTONG","TIPE_3":"-","TELEPON":"0882-9701-2520","ALAMAT":"JL. FORLANTAS, RT.001/RW.016, PETE, SIDOMOYO, KEC. GODEAN, KABUPATEN SLEMAN, DAERAH ISTIMEWA YOGYAKARTA 55264","ID_PROV":34,"PROVINSI":"DAERAH ISTIMEWA YOGYAKARTA","ID_KABKOT":34.04,"KABKOT":"SLEMAN","ID_KEC":"34.04.02","KECAMATAN":"GODEAN","ID_DESA":"34.04.02.2007","DESA":"SIDOMOYO","LONGITUDE":110.3153883,"LATITUDE":-7.7712312,"STATUS":"BUKA","TANGGAL PENGUMPULAN":"Q1 2025","TANGGAL UPDATE":"27/02/2025"}},{"type":"Feature","geometry":{"coordinates":[110.4808348,-7.7630973],"type":"Point"},"properties":{"NAMA":"WARUNG KLONTONG AYU","TIPE_1":"PERDAGANGAN DAN RETAIL","TIPE_2":"TOKO KELONTONG","TIPE_3":"-","TELEPON":"0857-4068-8508","ALAMAT":"JL. GAMPAR, KEPATIHAN, TAMANMARTANI, KEC. KALASAN, KABUPATEN SLEMAN, DAERAH ISTIMEWA YOGYAKARTA 55571","ID_PROV":34,"PROVINSI":"DAERAH ISTIMEWA YOGYAKARTA","ID_KABKOT":34.04,"KABKOT":"SLEMAN","ID_KEC":"34.04.10","KECAMATAN":"KALASAN","ID_DESA":"34.04.10.2003","DESA":"TAMANMARTANI","LONGITUDE":110.4808348,"LATITUDE":-7.7630973,"STATUS":"BUKA","TANGGAL PENGUMPULAN":"Q1 2025","TANGGAL UPDATE":"27/02/2025"}},{"type":"Feature","geometry":{"coordinates":[110.3227808,-7.7802799],"type":"Point"},"properties":{"NAMA":"TOKO KURNIA","TIPE_1":"PERDAGANGAN DAN RETAIL","TIPE_2":"TOKO KELONTONG","TIPE_3":"-","TELEPON":"0823-2573-6268","ALAMAT":"JL. GAMPING - BANTULAN KRAMAT, BANTULAN, SIDOARUM, KEC. GODEAN, KABUPATEN SLEMAN, DAERAH ISTIMEWA YOGYAKARTA 55264","ID_PROV":34,"PROVINSI":"DAERAH ISTIMEWA YOGYAKARTA","ID_KABKOT":34.04,"KABKOT":"SLEMAN","ID_KEC":"34.04.02","KECAMATAN":"GODEAN","ID_DESA":"34.04.02.2006","DESA":"SIDOARUM","LONGITUDE":110.3227808,"LATITUDE":-7.7802799,"STATUS":"BUKA","TANGGAL PENGUMPULAN":"Q1 2025","TANGGAL UPDATE":"27/02/2025"}},{"type":"Feature","geometry":{"coordinates":[110.2970394,-7.7833719],"type":"Point"},"properties":{"NAMA":"WARUNG PERINTIS PANTOG WETAN","TIPE_1":"PERDAGANGAN DAN RETAIL","TIPE_2":"TOKO KELONTONG","TIPE_3":"-","TELEPON":"0812-8881-2009","ALAMAT":"JL. GANCAHAN 6 NO.5, GANCAKAN KULON, SIDOMULYO, KEC. GODEAN, KABUPATEN SLEMAN, DAERAH ISTIMEWA YOGYAKARTA 55264","ID_PROV":34,"PROVINSI":"DAERAH ISTIMEWA YOGYAKARTA","ID_KABKOT":34.04,"KABKOT":"SLEMAN","ID_KEC":"34.04.02","KECAMATAN":"GODEAN","ID_DESA":"34.04.02.2003","DESA":"SIDOMULYO","LONGITUDE":110.2970394,"LATITUDE":-7.7833719,"STATUS":"BUKA","TANGGAL PENGUMPULAN":"Q1 2025","TANGGAL UPDATE":"27/02/2025"}},{"type":"Feature","geometry":{"coordinates":[110.4302027,-7.8269087],"type":"Point"},"properties":{"NAMA":"TOKO AMANAH & DISKA CELL","TIPE_1":"PERDAGANGAN DAN RETAIL","TIPE_2":"TOKO KELONTONG","TIPE_3":"-","TELEPON":"0858-6531-9652","ALAMAT":"JL. GANDU, GANDU, SENDANGTIRTO, KEC. BERBAH, KABUPATEN SLEMAN, DAERAH ISTIMEWA YOGYAKARTA 55573","ID_PROV":34,"PROVINSI":"DAERAH ISTIMEWA YOGYAKARTA","ID_KABKOT":34.04,"KABKOT":"SLEMAN","ID_KEC":"34.04.08","KECAMATAN":"BERBAH","ID_DESA":"34.04.08.2001","DESA":"SENDANGTIRTO","LONGITUDE":110.4302027,"LATITUDE":-7.8269087,"STATUS":"BUKA","TANGGAL PENGUMPULAN":"Q1 2025","TANGGAL UPDATE":"27/02/2025"}},{"type":"Feature","geometry":{"coordinates":[110.4826685,-7.7922534],"type":"Point"},"properties":{"NAMA":"TOKO KELONTONG ANITA","TIPE_1":"PERDAGANGAN DAN RETAIL","TIPE_2":"TOKO KELONTONG","TIPE_3":"-","TELEPON":"","ALAMAT":"JL. GANGSIRAN RAYA, POTROJAYAN, MADUREJO, KEC. PRAMBANAN, KABUPATEN SLEMAN, DAERAH ISTIMEWA YOGYAKARTA 55572","ID_PROV":34,"PROVINSI":"DAERAH ISTIMEWA YOGYAKARTA","ID_KABKOT":34.04,"KABKOT":"SLEMAN","ID_KEC":"34.04.09","KECAMATAN":"PRAMBANAN","ID_DESA":"34.04.09.2005","DESA":"MADUREJO","LONGITUDE":110.4826685,"LATITUDE":-7.7922534,"STATUS":"BUKA","TANGGAL PENGUMPULAN":"Q1 2025","TANGGAL UPDATE":"27/02/2025"}},{"type":"Feature","geometry":{"coordinates":[110.4895457,-7.7564099],"type":"Point"},"properties":{"NAMA":"TOKO GROSIR AMA","TIPE_1":"PERDAGANGAN DAN RETAIL","TIPE_2":"TOKO KELONTONG","TIPE_3":"-","TELEPON":"(0274) 496701","ALAMAT":"JL. GARUDA NO.7, KLURAK BARU, BOKOHARJO, KEC. PRAMBANAN, KABUPATEN SLEMAN, DAERAH ISTIMEWA YOGYAKARTA 55572","ID_PROV":34,"PROVINSI":"DAERAH ISTIMEWA YOGYAKARTA","ID_KABKOT":34.04,"KABKOT":"SLEMAN","ID_KEC":"34.04.09","KECAMATAN":"PRAMBANAN","ID_DESA":"34.04.09.2006","DESA":"BOKOHARJO","LONGITUDE":110.4895457,"LATITUDE":-7.7564099,"STATUS":"BUKA","TANGGAL PENGUMPULAN":"Q1 2025","TANGGAL UPDATE":"27/02/2025"}},{"type":"Feature","geometry":{"coordinates":[110.4519274,-7.7773848],"type":"Point"},"properties":{"NAMA":"TOKO MBAK NDARI","TIPE_1":"PERDAGANGAN DAN RETAIL","TIPE_2":"TOKO KELONTONG","TIPE_3":"-","TELEPON":"0877-4233-5892","ALAMAT":"JL. GARUDA NO.9, CUPUWATU I, PURWOMARTANI, KEC. KALASAN, KABUPATEN SLEMAN, DAERAH ISTIMEWA YOGYAKARTA 55571","ID_PROV":34,"PROVINSI":"DAERAH ISTIMEWA YOGYAKARTA","ID_KABKOT":34.04,"KABKOT":"SLEMAN","ID_KEC":"34.04.10","KECAMATAN":"KALASAN","ID_DESA":"34.04.10.2001","DESA":"PURWOMARTANI","LONGITUDE":110.4519274,"LATITUDE":-7.7773848,"STATUS":"BUKA","TANGGAL PENGUMPULAN":"Q1 2025","TANGGAL UPDATE":"27/02/2025"}},{"type":"Feature","geometry":{"coordinates":[110.4001886,-7.7457621],"type":"Point"},"properties":{"NAMA":"TOKO SEMBAKO MURAH BU TUTIK ( SRC TUTI )","TIPE_1":"PERDAGANGAN DAN RETAIL","TIPE_2":"TOKO KELONTONG","TIPE_3":"-","TELEPON":"0859-3508-0827","ALAMAT":"JL. GARUDA NO.9, MANUKAN, CONDONGCATUR, KEC. DEPOK, KABUPATEN SLEMAN, DAERAH ISTIMEWA YOGYAKARTA 55283","ID_PROV":34,"PROVINSI":"DAERAH ISTIMEWA YOGYAKARTA","ID_KABKOT":34.04,"KABKOT":"SLEMAN","ID_KEC":"34.04.07","KECAMATAN":"DEPOK","ID_DESA":"34.04.07.2003","DESA":"CONDONGCATUR","LONGITUDE":110.4001886,"LATITUDE":-7.7457621,"STATUS":"BUKA","TANGGAL PENGUMPULAN":"Q1 2025","TANGGAL UPDATE":"27/02/2025"}},{"type":"Feature","geometry":{"coordinates":[110.48973,-7.7578433],"type":"Point"},"properties":{"NAMA":"TOKO SEMBAKO ROOSADIPUTRA)","TIPE_1":"PERDAGANGAN DAN RETAIL","TIPE_2":"TOKO KELONTONG","TIPE_3":"-","TELEPON":"","ALAMAT":"JL. GARUDA, KLURAK BARU, BOKOHARJO, KEC. PRAMBANAN, KABUPATEN SLEMAN, DAERAH ISTIMEWA YOGYAKARTA 55572","ID_PROV":34,"PROVINSI":"DAERAH ISTIMEWA YOGYAKARTA","ID_KABKOT":34.04,"KABKOT":"SLEMAN","ID_KEC":"34.04.09","KECAMATAN":"PRAMBANAN","ID_DESA":"34.04.09.2006","DESA":"BOKOHARJO","LONGITUDE":110.48973,"LATITUDE":-7.7578433,"STATUS":"BUKA","TANGGAL PENGUMPULAN":"Q1 2025","TANGGAL UPDATE":"27/02/2025"}},{"type":"Feature","geometry":{"coordinates":[110.4119888,-7.7748452],"type":"Point"},"properties":{"NAMA":"WARUNG GEMBOL (BU EMI)","TIPE_1":"PERDAGANGAN DAN RETAIL","TIPE_2":"TOKO KELONTONG","TIPE_3":"-","TELEPON":"0852-2620-2457","ALAMAT":"JL. GARUNI III, KLEDOKAN, CATURTUNGGAL, KEC. DEPOK, KABUPATEN SLEMAN, DAERAH ISTIMEWA YOGYAKARTA 55281","ID_PROV":34,"PROVINSI":"DAERAH ISTIMEWA YOGYAKARTA","ID_KABKOT":34.04,"KABKOT":"SLEMAN","ID_KEC":"34.04.07","KECAMATAN":"DEPOK","ID_DESA":"34.04.07.2001","DESA":"CATURTUNGGAL","LONGITUDE":110.4119888,"LATITUDE":-7.7748452,"STATUS":"BUKA","TANGGAL PENGUMPULAN":"Q1 2025","TANGGAL UPDATE":"27/02/2025"}},{"type":"Feature","geometry":{"coordinates":[110.4669811,-7.7196874],"type":"Point"},"properties":{"NAMA":"TOKO KELONTONG BU BEKTI","TIPE_1":"PERDAGANGAN DAN RETAIL","TIPE_2":"TOKO KELONTONG","TIPE_3":"-","TELEPON":"","ALAMAT":"JL. GATAK 2, KIYUDAN, SELOMARTANI, KEC. KALASAN, KABUPATEN SLEMAN, DAERAH ISTIMEWA YOGYAKARTA 55571","ID_PROV":34,"PROVINSI":"DAERAH ISTIMEWA YOGYAKARTA","ID_KABKOT":34.04,"KABKOT":"SLEMAN","ID_KEC":"34.04.10","KECAMATAN":"KALASAN","ID_DESA":"34.04.10.2004","DESA":"SELOMARTANI","LONGITUDE":110.4669811,"LATITUDE":-7.7196874,"STATUS":"BUKA","TANGGAL PENGUMPULAN":"Q1 2025","TANGGAL UPDATE":"27/02/2025"}},{"type":"Feature","geometry":{"coordinates":[110.2573794,-7.7577703],"type":"Point"},"properties":{"NAMA":"TOKO SEMBAKO PAK PRAPTO","TIPE_1":"PERDAGANGAN DAN RETAIL","TIPE_2":"TOKO KELONTONG","TIPE_3":"-","TELEPON":"0853-2536-450","ALAMAT":"JL. GEDONGAN-TEMPEL, SINGOJAYAN, SENDANGARUM, KEC. MINGGIR, KABUPATEN SLEMAN, DAERAH ISTIMEWA YOGYAKARTA 55562","ID_PROV":34,"PROVINSI":"DAERAH ISTIMEWA YOGYAKARTA","ID_KABKOT":34.04,"KABKOT":"SLEMAN","ID_KEC":"34.04.04","KECAMATAN":"MINGGIR","ID_DESA":"34.04.04.2001","DESA":"SENDANGARUM","LONGITUDE":110.2573794,"LATITUDE":-7.7577703,"STATUS":"BUKA","TANGGAL PENGUMPULAN":"Q1 2025","TANGGAL UPDATE":"27/02/2025"}},{"type":"Feature","geometry":{"coordinates":[110.316876,-7.7720562],"type":"Point"},"properties":{"NAMA":"TOKO KELONTONG BU TISA","TIPE_1":"PERDAGANGAN DAN RETAIL","TIPE_2":"TOKO KELONTONG","TIPE_3":"-","TELEPON":"0878-3935-9763","ALAMAT":"JL. GESIKAN, AREA SAWAH, SIDOMOYO, KEC. GODEAN, KABUPATEN SLEMAN, DAERAH ISTIMEWA YOGYAKARTA 55264","ID_PROV":34,"PROVINSI":"DAERAH ISTIMEWA YOGYAKARTA","ID_KABKOT":34.04,"KABKOT":"SLEMAN","ID_KEC":"34.04.02","KECAMATAN":"GODEAN","ID_DESA":"34.04.02.2006","DESA":"SIDOARUM","LONGITUDE":110.316876,"LATITUDE":-7.7720562,"STATUS":"BUKA","TANGGAL PENGUMPULAN":"Q1 2025","TANGGAL UPDATE":"27/02/2025"}},{"type":"Feature","geometry":{"coordinates":[110.3934899,-7.747142],"type":"Point"},"properties":{"NAMA":"TOKO BU NUR","TIPE_1":"PERDAGANGAN DAN RETAIL","TIPE_2":"TOKO KELONTONG","TIPE_3":"-","TELEPON":"","ALAMAT":"JL. GETSEMANI, JOHO, CONDONGCATUR, KEC. DEPOK, KABUPATEN SLEMAN, DAERAH ISTIMEWA YOGYAKARTA 55281","ID_PROV":34,"PROVINSI":"DAERAH ISTIMEWA YOGYAKARTA","ID_KABKOT":34.04,"KABKOT":"SLEMAN","ID_KEC":"34.04.07","KECAMATAN":"DEPOK","ID_DESA":"34.04.07.2003","DESA":"CONDONGCATUR","LONGITUDE":110.3934899,"LATITUDE":-7.747142,"STATUS":"BUKA","TANGGAL PENGUMPULAN":"Q1 2025","TANGGAL UPDATE":"27/02/2025"}},{"type":"Feature","geometry":{"coordinates":[110.3019609,-7.7338994],"type":"Point"},"properties":{"NAMA":"TOKO AISA NANGGULAN","TIPE_1":"PERDAGANGAN DAN RETAIL","TIPE_2":"TOKO KELONTONG","TIPE_3":"-","TELEPON":"","ALAMAT":"JL. GODEAN - SEYEGAN, KADIPIRO, MARGODADI, KEC. SEYEGAN, KABUPATEN SLEMAN, DAERAH ISTIMEWA YOGYAKARTA 55561","ID_PROV":34,"PROVINSI":"DAERAH ISTIMEWA YOGYAKARTA","ID_KABKOT":34.04,"KABKOT":"SLEMAN","ID_KEC":"34.04.05","KECAMATAN":"SEYEGAN","ID_DESA":"34.04.05.2002","DESA":"MARGODADI","LONGITUDE":110.3019609,"LATITUDE":-7.7338994,"STATUS":"BUKA","TANGGAL PENGUMPULAN":"Q1 2025","TANGGAL UPDATE":"27/02/2025"}},{"type":"Feature","geometry":{"coordinates":[110.2586676,-7.7599942],"type":"Point"},"properties":{"NAMA":"TOKO KELONTONG PAK TUGIMAN","TIPE_1":"PERDAGANGAN DAN RETAIL","TIPE_2":"TOKO KELONTONG","TIPE_3":"-","TELEPON":"","ALAMAT":"JL. GODEAN JL. NGAPAK - KENTHENG, SANAN, SENDANGARUM, KEC. MINGGIR, KABUPATEN SLEMAN, DAERAH ISTIMEWA YOGYAKARTA","ID_PROV":34,"PROVINSI":"DAERAH ISTIMEWA YOGYAKARTA","ID_KABKOT":34.04,"KABKOT":"SLEMAN","ID_KEC":"34.04.03","KECAMATAN":"MOYUDAN","ID_DESA":"34.04.03.2003","DESA":"SUMBERAGUNG","LONGITUDE":110.2586676,"LATITUDE":-7.7599942,"STATUS":"BUKA","TANGGAL PENGUMPULAN":"Q1 2025","TANGGAL UPDATE":"27/02/2025"}},{"type":"Feature","geometry":{"coordinates":[110.3364263,-7.7781043],"type":"Point"},"properties":{"NAMA":"KARUNIA WANDE KELONTONG","TIPE_1":"PERDAGANGAN DAN RETAIL","TIPE_2":"TOKO KELONTONG","TIPE_3":"-","TELEPON":"","ALAMAT":"JL. GODEAN KM.5 NO.2, MODINAN, BANYURADEN, KEC. GAMPING, KABUPATEN SLEMAN, DAERAH ISTIMEWA YOGYAKARTA 55592","ID_PROV":34,"PROVINSI":"DAERAH ISTIMEWA YOGYAKARTA","ID_KABKOT":34.04,"KABKOT":"SLEMAN","ID_KEC":"34.04.01","KECAMATAN":"GAMPING","ID_DESA":"34.04.01.2003","DESA":"BANYURADEN","LONGITUDE":110.3364263,"LATITUDE":-7.7781043,"STATUS":"BUKA","TANGGAL PENGUMPULAN":"Q1 2025","TANGGAL UPDATE":"27/02/2025"}},{"type":"Feature","geometry":{"coordinates":[110.321208,-7.7745187],"type":"Point"},"properties":{"NAMA":"KELONTONG MBOK JUM","TIPE_1":"PERDAGANGAN DAN RETAIL","TIPE_2":"TOKO KELONTONG","TIPE_3":"-","TELEPON":"0817-0162-227","ALAMAT":"JL. GODEAN NO.KM 7, BANTULAN, SIDOARUM, GODEAN, SLEMAN REGENCY, SPECIAL REGION OF YOGYAKARTA 55564","ID_PROV":34,"PROVINSI":"DAERAH ISTIMEWA YOGYAKARTA","ID_KABKOT":34.04,"KABKOT":"SLEMAN","ID_KEC":"34.04.02","KECAMATAN":"GODEAN","ID_DESA":"34.04.02.2006","DESA":"SIDOARUM","LONGITUDE":110.321208,"LATITUDE":-7.7745187,"STATUS":"BUKA","TANGGAL PENGUMPULAN":"Q1 2025","TANGGAL UPDATE":"27/02/2025"}},{"type":"Feature","geometry":{"coordinates":[110.3114854,-7.7688291],"type":"Point"},"properties":{"NAMA":"SEMBAKO MBAH RUS BOJONG","TIPE_1":"PERDAGANGAN DAN RETAIL","TIPE_2":"TOKO KELONTONG","TIPE_3":"-","TELEPON":"","ALAMAT":"JL. GODEAN, AREA SAWAH, SIDOKARTO, KEC. GODEAN, KABUPATEN SLEMAN, DAERAH ISTIMEWA YOGYAKARTA 55264","ID_PROV":34,"PROVINSI":"DAERAH ISTIMEWA YOGYAKARTA","ID_KABKOT":34.04,"KABKOT":"SLEMAN","ID_KEC":"34.04.02","KECAMATAN":"GODEAN","ID_DESA":"34.04.02.2005","DESA":"SIDOKARTO","LONGITUDE":110.3114854,"LATITUDE":-7.7688291,"STATUS":"BUKA","TANGGAL PENGUMPULAN":"Q1 2025","TANGGAL UPDATE":"27/02/2025"}},{"type":"Feature","geometry":{"coordinates":[110.2573578,-7.7964426],"type":"Point"},"properties":{"NAMA":"TOKO KELONTONG LESTARI","TIPE_1":"PERDAGANGAN DAN RETAIL","TIPE_2":"TOKO KELONTONG","TIPE_3":"-","TELEPON":"0857-2933-2633","ALAMAT":"JL. GOSER NO.03/14, GOSER, SUMBERRAHAYU, KEC. MOYUDAN, KABUPATEN SLEMAN, DAERAH ISTIMEWA YOGYAKARTA 55563","ID_PROV":34,"PROVINSI":"DAERAH ISTIMEWA YOGYAKARTA","ID_KABKOT":34.04,"KABKOT":"SLEMAN","ID_KEC":"34.04.03","KECAMATAN":"MOYUDAN","ID_DESA":"34.04.03.2001","DESA":"SUMBERRAHAYU","LONGITUDE":110.2573578,"LATITUDE":-7.7964426,"STATUS":"BUKA","TANGGAL PENGUMPULAN":"Q1 2025","TANGGAL UPDATE":"27/02/2025"}},{"type":"Feature","geometry":{"coordinates":[110.4542845,-7.7400145],"type":"Point"},"properties":{"NAMA":"TOKO KELONTONG OM HERMAN","TIPE_1":"PERDAGANGAN DAN RETAIL","TIPE_2":"TOKO KELONTONG","TIPE_3":"-","TELEPON":"0822-2737-4585","ALAMAT":"JL. GRENJENG, SANGGRAHAN, PURWOMARTANI, KEC. KALASAN, KABUPATEN SLEMAN, DAERAH ISTIMEWA YOGYAKARTA 55572","ID_PROV":34,"PROVINSI":"DAERAH ISTIMEWA YOGYAKARTA","ID_KABKOT":34.04,"KABKOT":"SLEMAN","ID_KEC":"34.04.10","KECAMATAN":"KALASAN","ID_DESA":"34.04.10.2001","DESA":"PURWOMARTANI","LONGITUDE":110.4542845,"LATITUDE":-7.7400145,"STATUS":"BUKA","TANGGAL PENGUMPULAN":"Q1 2025","TANGGAL UPDATE":"27/02/2025"}},{"type":"Feature","geometry":{"coordinates":[110.3698443,-7.7169023],"type":"Point"},"properties":{"NAMA":"WARUNG SEMBAKO BUDHE IKE","TIPE_1":"PERDAGANGAN DAN RETAIL","TIPE_2":"TOKO KELONTONG","TIPE_3":"-","TELEPON":"","ALAMAT":"JL. GRIYA TAMAN ASRI, GROJOGAN, PANDOWOHARJO, KEC. SLEMAN, KABUPATEN SLEMAN, DAERAH ISTIMEWA YOGYAKARTA 55512","ID_PROV":34,"PROVINSI":"DAERAH ISTIMEWA YOGYAKARTA","ID_KABKOT":34.04,"KABKOT":"SLEMAN","ID_KEC":"34.04.13","KECAMATAN":"SLEMAN","ID_DESA":"34.04.13.2004","DESA":"PANDOWOHARJO","LONGITUDE":110.3698443,"LATITUDE":-7.7169023,"STATUS":"BUKA","TANGGAL PENGUMPULAN":"Q1 2025","TANGGAL UPDATE":"27/02/2025"}},{"type":"Feature","geometry":{"coordinates":[110.4269794,-7.6833587],"type":"Point"},"properties":{"NAMA":"TOKO SEMBAKO BUNGA","TIPE_1":"PERDAGANGAN DAN RETAIL","TIPE_2":"TOKO KELONTONG","TIPE_3":"-","TELEPON":"","ALAMAT":"JL. GROGOLAN, PUNTUK II, UMBULMARTANI, KEC. NGEMPLAK, KABUPATEN SLEMAN, DAERAH ISTIMEWA YOGYAKARTA 55584","ID_PROV":34,"PROVINSI":"DAERAH ISTIMEWA YOGYAKARTA","ID_KABKOT":34.04,"KABKOT":"SLEMAN","ID_KEC":"34.04.11","KECAMATAN":"NGEMPLAK","ID_DESA":"34.04.11.2005","DESA":"UMBULMARTANI","LONGITUDE":110.4269794,"LATITUDE":-7.6833587,"STATUS":"BUKA","TANGGAL PENGUMPULAN":"Q1 2025","TANGGAL UPDATE":"27/02/2025"}},{"type":"Feature","geometry":{"coordinates":[110.3672255,-7.7187978],"type":"Point"},"properties":{"NAMA":"WARUNG SEMBAKO BU PUR","TIPE_1":"PERDAGANGAN DAN RETAIL","TIPE_2":"TOKO KELONTONG","TIPE_3":"-","TELEPON":"0838-6650-0777","ALAMAT":"JL. GROJOGAN NO.30, GROJOGAN, PANDOWOHARJO, KEC. SLEMAN, KABUPATEN SLEMAN, DAERAH ISTIMEWA YOGYAKARTA 55512","ID_PROV":34,"PROVINSI":"DAERAH ISTIMEWA YOGYAKARTA","ID_KABKOT":34.04,"KABKOT":"SLEMAN","ID_KEC":"34.04.13","KECAMATAN":"SLEMAN","ID_DESA":"34.04.13.2004","DESA":"PANDOWOHARJO","LONGITUDE":110.3672255,"LATITUDE":-7.7187978,"STATUS":"BUKA","TANGGAL PENGUMPULAN":"Q1 2025","TANGGAL UPDATE":"27/02/2025"}},{"type":"Feature","geometry":{"coordinates":[110.4013029,-7.7693228],"type":"Point"},"properties":{"NAMA":"TOKO KELONTONG DWI PUTRA","TIPE_1":"PERDAGANGAN DAN RETAIL","TIPE_2":"TOKO KELONTONG","TIPE_3":"-","TELEPON":"","ALAMAT":"JL. GUMUK INDAH NO.2, DABAG, CONDONGCATUR, KEC. DEPOK, KABUPATEN SLEMAN, DAERAH ISTIMEWA YOGYAKARTA 55281","ID_PROV":34,"PROVINSI":"DAERAH ISTIMEWA YOGYAKARTA","ID_KABKOT":34.04,"KABKOT":"SLEMAN","ID_KEC":"34.04.07","KECAMATAN":"DEPOK","ID_DESA":"34.04.07.2003","DESA":"CONDONGCATUR","LONGITUDE":110.4013029,"LATITUDE":-7.7693228,"STATUS":"BUKA","TANGGAL PENGUMPULAN":"Q1 2025","TANGGAL UPDATE":"27/02/2025"}},{"type":"Feature","geometry":{"coordinates":[110.3304607,-7.6582017],"type":"Point"},"properties":{"NAMA":"TOKO ELLY","TIPE_1":"PERDAGANGAN DAN RETAIL","TIPE_2":"TOKO KELONTONG","TIPE_3":"-","TELEPON":"","ALAMAT":"JL. GUNDENGAN KIDUL, LOR, MARGOREJO, KEC. TEMPEL, KABUPATEN SLEMAN, DAERAH ISTIMEWA YOGYAKARTA 55552","ID_PROV":34,"PROVINSI":"DAERAH ISTIMEWA YOGYAKARTA","ID_KABKOT":34.04,"KABKOT":"SLEMAN","ID_KEC":"34.04.14","KECAMATAN":"TEMPEL","ID_DESA":"34.04.14.2006","DESA":"MARGOREJO","LONGITUDE":110.3304607,"LATITUDE":-7.6582017,"STATUS":"BUKA","TANGGAL PENGUMPULAN":"Q1 2025","TANGGAL UPDATE":"27/02/2025"}},{"type":"Feature","geometry":{"coordinates":[110.3624617,-7.7277353],"type":"Point"},"properties":{"NAMA":"TOKO KELONTONG VITRI","TIPE_1":"PERDAGANGAN DAN RETAIL","TIPE_2":"TOKO KELONTONG","TIPE_3":"-","TELEPON":"","ALAMAT":"JL. H.R. MARTO HUDOYO NO.161, MULUNGAN KULON, SENDANGADI, KEC. MLATI, KABUPATEN SLEMAN, DAERAH ISTIMEWA YOGYAKARTA 55285","ID_PROV":34,"PROVINSI":"DAERAH ISTIMEWA YOGYAKARTA","ID_KABKOT":34.04,"KABKOT":"SLEMAN","ID_KEC":"34.04.06","KECAMATAN":"MLATI","ID_DESA":"34.04.06.2002","DESA":"SENDANGADI","LONGITUDE":110.3624617,"LATITUDE":-7.7277353,"STATUS":"BUKA","TANGGAL PENGUMPULAN":"Q1 2025","TANGGAL UPDATE":"27/02/2025"}},{"type":"Feature","geometry":{"coordinates":[110.2905816,-7.7635214],"type":"Point"},"properties":{"NAMA":"TOKO ASIA PLASTIK & SEMBAKO PIYUNGAN","TIPE_1":"PERDAGANGAN DAN RETAIL","TIPE_2":"TOKO KELONTONG","TIPE_3":"-","TELEPON":"0895-0835-0139","ALAMAT":"JL. JAE SUMANTORO NO.17, PANDEAN 7, SIDOLUHUR, KEC. GODEAN, KABUPATEN SLEMAN, DAERAH ISTIMEWA YOGYAKARTA 55564","ID_PROV":34,"PROVINSI":"DAERAH ISTIMEWA YOGYAKARTA","ID_KABKOT":34.04,"KABKOT":"SLEMAN","ID_KEC":"34.04.02","KECAMATAN":"GODEAN","ID_DESA":"34.04.02.2002","DESA":"SIDOLUHUR","LONGITUDE":110.2905816,"LATITUDE":-7.7635214,"STATUS":"BUKA","TANGGAL PENGUMPULAN":"Q1 2025","TANGGAL UPDATE":"27/02/2025"}},{"type":"Feature","geometry":{"coordinates":[110.2901934,-7.7655644],"type":"Point"},"properties":{"NAMA":"NGORI SEMBAKO","TIPE_1":"PERDAGANGAN DAN RETAIL","TIPE_2":"TOKO KELONTONG","TIPE_3":"-","TELEPON":"0896-0127-9545","ALAMAT":"JL. JAE SUMANTORO NO.50, NGABANGAN, SIDOLUHUR, GODEAN, SLEMAN REGENCY, SPECIAL REGION OF YOGYAKARTA 55264","ID_PROV":34,"PROVINSI":"DAERAH ISTIMEWA YOGYAKARTA","ID_KABKOT":34.04,"KABKOT":"SLEMAN","ID_KEC":"34.04.02","KECAMATAN":"GODEAN","ID_DESA":"34.04.02.2002","DESA":"SIDOLUHUR","LONGITUDE":110.2901934,"LATITUDE":-7.7655644,"STATUS":"BUKA","TANGGAL PENGUMPULAN":"Q1 2025","TANGGAL UPDATE":"27/02/2025"}},{"type":"Feature","geometry":{"coordinates":[110.4465424,-7.7866565],"type":"Point"},"properties":{"NAMA":"WARUNG SEMBAKO","TIPE_1":"PERDAGANGAN DAN RETAIL","TIPE_2":"TOKO KELONTONG","TIPE_3":"-","TELEPON":"","ALAMAT":"JL. JAGALAN UTARA NO.61, JAGALAN, TEGALTIRTO, KEC. BERBAH, KABUPATEN SLEMAN, DAERAH ISTIMEWA YOGYAKARTA 55573","ID_PROV":34,"PROVINSI":"DAERAH ISTIMEWA YOGYAKARTA","ID_KABKOT":34.04,"KABKOT":"SLEMAN","ID_KEC":"34.04.08","KECAMATAN":"BERBAH","ID_DESA":"34.04.08.2002","DESA":"TEGALTIRTO","LONGITUDE":110.4465424,"LATITUDE":-7.7866565,"STATUS":"BUKA","TANGGAL PENGUMPULAN":"Q1 2025","TANGGAL UPDATE":"27/02/2025"}},{"type":"Feature","geometry":{"coordinates":[110.3219358,-7.6606738],"type":"Point"},"properties":{"NAMA":"TOKO NURMADI BARAT","TIPE_1":"PERDAGANGAN DAN RETAIL","TIPE_2":"TOKO KELONTONG","TIPE_3":"-","TELEPON":"0877-3414-9014","ALAMAT":"JL. JALAKAN, PRINGAPUS, MOROREJO, KEC. TEMPEL, KABUPATEN SLEMAN, DAERAH ISTIMEWA YOGYAKARTA 55552","ID_PROV":34,"PROVINSI":"DAERAH ISTIMEWA YOGYAKARTA","ID_KABKOT":34.04,"KABKOT":"SLEMAN","ID_KEC":"34.04.14","KECAMATAN":"TEMPEL","ID_DESA":"34.04.14.2006","DESA":"MARGOREJO","LONGITUDE":110.3219358,"LATITUDE":-7.6606738,"STATUS":"BUKA","TANGGAL PENGUMPULAN":"Q1 2025","TANGGAL UPDATE":"27/02/2025"}},{"type":"Feature","geometry":{"coordinates":[110.307462,-7.676868],"type":"Point"},"properties":{"NAMA":"TOKO GROSIR PAK HARTO","TIPE_1":"PERDAGANGAN DAN RETAIL","TIPE_2":"TOKO KELONTONG","TIPE_3":"-","TELEPON":"0812-2769-528","ALAMAT":"JL. JALAKAN, REBOBONG KIDUL, MOROREJO, KEC. TEMPEL, KABUPATEN SLEMAN, DAERAH ISTIMEWA YOGYAKARTA 55552","ID_PROV":34,"PROVINSI":"DAERAH ISTIMEWA YOGYAKARTA","ID_KABKOT":34.04,"KABKOT":"SLEMAN","ID_KEC":"34.04.14","KECAMATAN":"TEMPEL","ID_DESA":"34.04.14.2005","DESA":"MOROREJO","LONGITUDE":110.307462,"LATITUDE":-7.676868,"STATUS":"BUKA","TANGGAL PENGUMPULAN":"Q1 2025","TANGGAL UPDATE":"27/02/2025"}},{"type":"Feature","geometry":{"coordinates":[110.3162839,-7.6674629],"type":"Point"},"properties":{"NAMA":"TOKO BAROKAH 1","TIPE_1":"PERDAGANGAN DAN RETAIL","TIPE_2":"TOKO KELONTONG","TIPE_3":"-","TELEPON":"0818-0411-1214","ALAMAT":"JL. JALAKAN, RT.04/RW.10, DUKUH, PONDOKREJO, KEC. TEMPEL, KABUPATEN SLEMAN, DAERAH ISTIMEWA YOGYAKARTA 55552","ID_PROV":34,"PROVINSI":"DAERAH ISTIMEWA YOGYAKARTA","ID_KABKOT":34.04,"KABKOT":"SLEMAN","ID_KEC":"34.04.14","KECAMATAN":"TEMPEL","ID_DESA":"34.04.14.2004","DESA":"PONDOKREJO","LONGITUDE":110.3162839,"LATITUDE":-7.6674629,"STATUS":"BUKA","TANGGAL PENGUMPULAN":"Q1 2025","TANGGAL UPDATE":"27/02/2025"}},{"type":"Feature","geometry":{"coordinates":[110.3468429,-7.7626512],"type":"Point"},"properties":{"NAMA":"TOKO BU DARNO","TIPE_1":"PERDAGANGAN DAN RETAIL","TIPE_2":"TOKO KELONTONG","TIPE_3":"-","TELEPON":"(0274) 4597643","ALAMAT":"JL. JAMBON, BIRU, TRIHANGGO, KEC. GAMPING, KABUPATEN SLEMAN, DAERAH ISTIMEWA YOGYAKARTA 55291","ID_PROV":34,"PROVINSI":"DAERAH ISTIMEWA YOGYAKARTA","ID_KABKOT":34.04,"KABKOT":"SLEMAN","ID_KEC":"34.04.01","KECAMATAN":"GAMPING","ID_DESA":"34.04.01.2005","DESA":"TRIHANGGO","LONGITUDE":110.3468429,"LATITUDE":-7.7626512,"STATUS":"BUKA","TANGGAL PENGUMPULAN":"Q1 2025","TANGGAL UPDATE":"27/02/2025"}},{"type":"Feature","geometry":{"coordinates":[110.370955,-7.7369039],"type":"Point"},"properties":{"NAMA":"TOKO SEMBAKO DIAN GITA","TIPE_1":"PERDAGANGAN DAN RETAIL","TIPE_2":"TOKO KELONTONG","TIPE_3":"-","TELEPON":"","ALAMAT":"JL. JATIREJO, JATIREJO, SENDANGADI, KEC. MLATI, KABUPATEN SLEMAN, DAERAH ISTIMEWA YOGYAKARTA 55285","ID_PROV":34,"PROVINSI":"DAERAH ISTIMEWA YOGYAKARTA","ID_KABKOT":34.04,"KABKOT":"SLEMAN","ID_KEC":"34.04.06","KECAMATAN":"MLATI","ID_DESA":"34.04.06.2002","DESA":"SENDANGADI","LONGITUDE":110.370955,"LATITUDE":-7.7369039,"STATUS":"BUKA","TANGGAL PENGUMPULAN":"Q1 2025","TANGGAL UPDATE":"27/02/2025"}},{"type":"Feature","geometry":{"coordinates":[110.4001952,-7.7659842],"type":"Point"},"properties":{"NAMA":"BEONE MART CANGKRINGAN GROSIR DAN ECER","TIPE_1":"PERDAGANGAN DAN RETAIL","TIPE_2":"TOKO KELONTONG","TIPE_3":"-","TELEPON":"0857-4271-2213","ALAMAT":"JL. JAWA NO.31B, DABAG, CONDONGCATUR, KEC. DEPOK, KABUPATEN SLEMAN, DAERAH ISTIMEWA YOGYAKARTA 55281","ID_PROV":34,"PROVINSI":"DAERAH ISTIMEWA YOGYAKARTA","ID_KABKOT":34.04,"KABKOT":"SLEMAN","ID_KEC":"34.04.07","KECAMATAN":"DEPOK","ID_DESA":"34.04.07.2003","DESA":"CONDONGCATUR","LONGITUDE":110.4001952,"LATITUDE":-7.7659842,"STATUS":"BUKA","TANGGAL PENGUMPULAN":"Q1 2025","TANGGAL UPDATE":"27/02/2025"}},{"type":"Feature","geometry":{"coordinates":[110.4181676,-7.7426563],"type":"Point"},"properties":{"NAMA":"KIOS BURHANUDIN SEMBAKO","TIPE_1":"PERDAGANGAN DAN RETAIL","TIPE_2":"TOKO KELONTONG","TIPE_3":"-","TELEPON":"","ALAMAT":"JL. JETIS RAYA, KRAJAN, WEDOMARTANI, KEC. NGEMPLAK, KABUPATEN SLEMAN, DAERAH ISTIMEWA YOGYAKARTA 55584","ID_PROV":34,"PROVINSI":"DAERAH ISTIMEWA YOGYAKARTA","ID_KABKOT":34.04,"KABKOT":"SLEMAN","ID_KEC":"34.04.11","KECAMATAN":"NGEMPLAK","ID_DESA":"34.04.11.2004","DESA":"WEDOMARTANI","LONGITUDE":110.4181676,"LATITUDE":-7.7426563,"STATUS":"BUKA","TANGGAL PENGUMPULAN":"Q1 2025","TANGGAL UPDATE":"27/02/2025"}},{"type":"Feature","geometry":{"coordinates":[110.4532921,-7.81331],"type":"Point"},"properties":{"NAMA":"TOKO BU YULI","TIPE_1":"PERDAGANGAN DAN RETAIL","TIPE_2":"TOKO KELONTONG","TIPE_3":"-","TELEPON":"0819-0410-7563","ALAMAT":"JL. JOMBLANG, SOMPILAN, TEGALTIRTO, KEC. BERBAH, KABUPATEN SLEMAN, DAERAH ISTIMEWA YOGYAKARTA 55573","ID_PROV":34,"PROVINSI":"DAERAH ISTIMEWA YOGYAKARTA","ID_KABKOT":34.04,"KABKOT":"SLEMAN","ID_KEC":"34.04.08","KECAMATAN":"BERBAH","ID_DESA":"34.04.08.2002","DESA":"TEGALTIRTO","LONGITUDE":110.4532921,"LATITUDE":-7.81331,"STATUS":"BUKA","TANGGAL PENGUMPULAN":"Q1 2025","TANGGAL UPDATE":"27/02/2025"}},{"type":"Feature","geometry":{"coordinates":[110.4345869,-7.6715491],"type":"Point"},"properties":{"NAMA":"TOKO DIZA","TIPE_1":"PERDAGANGAN DAN RETAIL","TIPE_2":"TOKO KELONTONG","TIPE_3":"-","TELEPON":"","ALAMAT":"JL. JOMBLANGAN NO.17, KARANG PAKIS, WUKIRSARI, KEC. CANGKRINGAN, KABUPATEN SLEMAN, DAERAH ISTIMEWA YOGYAKARTA 55583","ID_PROV":34,"PROVINSI":"DAERAH ISTIMEWA YOGYAKARTA","ID_KABKOT":34.04,"KABKOT":"SLEMAN","ID_KEC":"34.04.17","KECAMATAN":"CANGKRINGAN","ID_DESA":"34.04.17.2002","DESA":"WUKIRSARI","LONGITUDE":110.4345869,"LATITUDE":-7.6715491,"STATUS":"BUKA","TANGGAL PENGUMPULAN":"Q1 2025","TANGGAL UPDATE":"27/02/2025"}},{"type":"Feature","geometry":{"coordinates":[110.3460856,-7.7587816],"type":"Point"},"properties":{"NAMA":"SWA SEMBAKO","TIPE_1":"PERDAGANGAN DAN RETAIL","TIPE_2":"TOKO KELONTONG","TIPE_3":"-","TELEPON":"0821-3872-8523","ALAMAT":"JL. KABUPATEN KM 2,2 NO.18, TRIHANGGO, KEC. GAMPING, KABUPATEN SLEMAN, DAERAH ISTIMEWA YOGYAKARTA 55291","ID_PROV":34,"PROVINSI":"DAERAH ISTIMEWA YOGYAKARTA","ID_KABKOT":34.04,"KABKOT":"SLEMAN","ID_KEC":"34.04.01","KECAMATAN":"GAMPING","ID_DESA":"34.04.01.2005","DESA":"TRIHANGGO","LONGITUDE":110.3460856,"LATITUDE":-7.7587816,"STATUS":"BUKA","TANGGAL PENGUMPULAN":"Q1 2025","TANGGAL UPDATE":"27/02/2025"}},{"type":"Feature","geometry":{"coordinates":[110.3462613,-7.7580221],"type":"Point"},"properties":{"NAMA":"TOKO VIA GROSIR SEMBAKO","TIPE_1":"PERDAGANGAN DAN RETAIL","TIPE_2":"TOKO KELONTONG","TIPE_3":"-","TELEPON":"","ALAMAT":"JL. KABUPATEN NO.156, SALAKAN, TRIHANGGO, KEC. GAMPING, KABUPATEN SLEMAN, DAERAH ISTIMEWA YOGYAKARTA 55291","ID_PROV":34,"PROVINSI":"DAERAH ISTIMEWA YOGYAKARTA","ID_KABKOT":34.04,"KABKOT":"SLEMAN","ID_KEC":"34.04.01","KECAMATAN":"GAMPING","ID_DESA":"34.04.01.2005","DESA":"TRIHANGGO","LONGITUDE":110.3462613,"LATITUDE":-7.7580221,"STATUS":"BUKA","TANGGAL PENGUMPULAN":"Q1 2025","TANGGAL UPDATE":"27/02/2025"}},{"type":"Feature","geometry":{"coordinates":[110.3444367,-7.7650921],"type":"Point"},"properties":{"NAMA":"TOKO RIDHO","TIPE_1":"PERDAGANGAN DAN RETAIL","TIPE_2":"TOKO KELONTONG","TIPE_3":"-","TELEPON":"","ALAMAT":"JL. KABUPATEN NO.98-2, NUSUPAN, TRIHANGGO, KEC. GAMPING, KABUPATEN SLEMAN, DAERAH ISTIMEWA YOGYAKARTA 55291","ID_PROV":34,"PROVINSI":"DAERAH ISTIMEWA YOGYAKARTA","ID_KABKOT":34.04,"KABKOT":"SLEMAN","ID_KEC":"34.04.01","KECAMATAN":"GAMPING","ID_DESA":"34.04.01.2005","DESA":"TRIHANGGO","LONGITUDE":110.3444367,"LATITUDE":-7.7650921,"STATUS":"BUKA","TANGGAL PENGUMPULAN":"Q1 2025","TANGGAL UPDATE":"27/02/2025"}},{"type":"Feature","geometry":{"coordinates":[110.3785975,-7.6493552],"type":"Point"},"properties":{"NAMA":"TOKO MBAK KARTI","TIPE_1":"PERDAGANGAN DAN RETAIL","TIPE_2":"TOKO KELONTONG","TIPE_3":"-","TELEPON":"","ALAMAT":"JL. TEMPEL - TURI JL. PULOWATU, TURI, DONOKERTO, KEC. TURI, KABUPATEN SLEMAN, DAERAH ISTIMEWA YOGYAKARTA 55551","ID_PROV":34,"PROVINSI":"DAERAH ISTIMEWA YOGYAKARTA","ID_KABKOT":34.04,"KABKOT":"SLEMAN","ID_KEC":"34.04.15","KECAMATAN":"TURI","ID_DESA":"34.04.15.2002","DESA":"DONOKERTO","LONGITUDE":110.3785975,"LATITUDE":-7.6493552,"STATUS":"BUKA","TANGGAL PENGUMPULAN":"Q1 2025","TANGGAL UPDATE":"27/02/2025"}},{"type":"Feature","geometry":{"coordinates":[110.3513985,-7.6517483],"type":"Point"},"properties":{"NAMA":"TOKO IDA","TIPE_1":"PERDAGANGAN DAN RETAIL","TIPE_2":"TOKO KELONTONG","TIPE_3":"-","TELEPON":"0888-6826-902","ALAMAT":"JL. TEMPEL - TURI JL. TURI PULO WATU, KENDAL, BANGUN KERTO, TURI, SLEMAN REGENCY, SPECIAL REGION OF YOGYAKARTA 55551","ID_PROV":34,"PROVINSI":"DAERAH ISTIMEWA YOGYAKARTA","ID_KABKOT":34.04,"KABKOT":"SLEMAN","ID_KEC":"34.04.15","KECAMATAN":"TURI","ID_DESA":"34.04.15.2001","DESA":"BANGUNKERTO","LONGITUDE":110.3513985,"LATITUDE":-7.6517483,"STATUS":"BUKA","TANGGAL PENGUMPULAN":"Q1 2025","TANGGAL UPDATE":"27/02/2025"}},{"type":"Feature","geometry":{"coordinates":[110.3695324,-7.651524],"type":"Point"},"properties":{"NAMA":"RAHAYU TOKO KELONTONG","TIPE_1":"PERDAGANGAN DAN RETAIL","TIPE_2":"TOKO KELONTONG","TIPE_3":"-","TELEPON":"0857-2539-4444","ALAMAT":"JL. TEMPEL - TURI JL. TURI PULO WATU, SANGUREJO, WONO KERTO, KEC. TURI, KABUPATEN SLEMAN, DAERAH ISTIMEWA YOGYAKARTA 55551","ID_PROV":34,"PROVINSI":"DAERAH ISTIMEWA YOGYAKARTA","ID_KABKOT":34.04,"KABKOT":"SLEMAN","ID_KEC":"34.04.15","KECAMATAN":"TURI","ID_DESA":"34.04.15.2004","DESA":"WONOKERTO","LONGITUDE":110.3695324,"LATITUDE":-7.651524,"STATUS":"BUKA","TANGGAL PENGUMPULAN":"Q1 2025","TANGGAL UPDATE":"27/02/2025"}},{"type":"Feature","geometry":{"coordinates":[110.361603,-7.652125],"type":"Point"},"properties":{"NAMA":"SEMBAKO HARAPAN BARU","TIPE_1":"PERDAGANGAN DAN RETAIL","TIPE_2":"TOKO KELONTONG","TIPE_3":"-","TELEPON":"0878-3852-7323","ALAMAT":"JL. TEMPEL - TURI NO.KM 3,5, NGENDAK, BANGUN KERTO, TURI, SLEMAN REGENCY, SPECIAL REGION OF YOGYAKARTA 55551","ID_PROV":34,"PROVINSI":"DAERAH ISTIMEWA YOGYAKARTA","ID_KABKOT":34.04,"KABKOT":"SLEMAN","ID_KEC":"34.04.15","KECAMATAN":"TURI","ID_DESA":"34.04.15.2001","DESA":"BANGUNKERTO","LONGITUDE":110.361603,"LATITUDE":-7.652125,"STATUS":"BUKA","TANGGAL PENGUMPULAN":"Q1 2025","TANGGAL UPDATE":"27/02/2025"}},{"type":"Feature","geometry":{"coordinates":[110.3246532,-7.6473651],"type":"Point"},"properties":{"NAMA":"TOKO AMBAR","TIPE_1":"PERDAGANGAN DAN RETAIL","TIPE_2":"TOKO KELONTONG","TIPE_3":"-","TELEPON":"(0274) 4362887","ALAMAT":"JL. TEMPEL - TURI, PANGGUNG, LUMBUNGREJO, KEC. TEMPEL, KABUPATEN SLEMAN, DAERAH ISTIMEWA YOGYAKARTA 55552","ID_PROV":34,"PROVINSI":"DAERAH ISTIMEWA YOGYAKARTA","ID_KABKOT":34.04,"KABKOT":"SLEMAN","ID_KEC":"34.04.14","KECAMATAN":"TEMPEL","ID_DESA":"34.04.14.2007","DESA":"LUMBUNGREJO","LONGITUDE":110.3246532,"LATITUDE":-7.6473651,"STATUS":"BUKA","TANGGAL PENGUMPULAN":"Q1 2025","TANGGAL UPDATE":"27/02/2025"}},{"type":"Feature","geometry":{"coordinates":[110.3407236,-7.6480057],"type":"Point"},"properties":{"NAMA":"SRC TINI (TOKO KELONTONG)","TIPE_1":"PERDAGANGAN DAN RETAIL","TIPE_2":"TOKO KELONTONG","TIPE_3":"-","TELEPON":"","ALAMAT":"JL. TEMPEL - TURI, TEGALREJO, MARGOREJO, KEC. TEMPEL, KABUPATEN SLEMAN, DAERAH ISTIMEWA YOGYAKARTA 55552","ID_PROV":34,"PROVINSI":"DAERAH ISTIMEWA YOGYAKARTA","ID_KABKOT":34.04,"KABKOT":"SLEMAN","ID_KEC":"34.04.14","KECAMATAN":"TEMPEL","ID_DESA":"34.04.14.2006","DESA":"MARGOREJO","LONGITUDE":110.3407236,"LATITUDE":-7.6480057,"STATUS":"BUKA","TANGGAL PENGUMPULAN":"Q1 2025","TANGGAL UPDATE":"27/02/2025"}},{"type":"Feature","geometry":{"coordinates":[110.4060238,-7.7795494],"type":"Point"},"properties":{"NAMA":"TOKO DALLE","TIPE_1":"PERDAGANGAN DAN RETAIL","TIPE_2":"TOKO KELONTONG","TIPE_3":"-","TELEPON":"0856-4162-9885","ALAMAT":"JL. TEMPEL NO.298, TEMPEL, CATURTUNGGAL, KEC. DEPOK, KABUPATEN SLEMAN, DAERAH ISTIMEWA YOGYAKARTA 55281","ID_PROV":34,"PROVINSI":"DAERAH ISTIMEWA YOGYAKARTA","ID_KABKOT":34.04,"KABKOT":"SLEMAN","ID_KEC":"34.04.07","KECAMATAN":"DEPOK","ID_DESA":"34.04.07.2001","DESA":"CATURTUNGGAL","LONGITUDE":110.4060238,"LATITUDE":-7.7795494,"STATUS":"BUKA","TANGGAL PENGUMPULAN":"Q1 2025","TANGGAL UPDATE":"27/02/2025"}},{"type":"Feature","geometry":{"coordinates":[110.288027,-7.7008982],"type":"Point"},"properties":{"NAMA":"TOKO SEMBAKO BU ANIK","TIPE_1":"PERDAGANGAN DAN RETAIL","TIPE_2":"TOKO KELONTONG","TIPE_3":"-","TELEPON":"0822-7137-1927","ALAMAT":"JL. TEMPEL-DEKSO, KEMUSUH, BANYUREJO, KEC. TEMPEL, KABUPATEN SLEMAN, DAERAH ISTIMEWA YOGYAKARTA 55552","ID_PROV":34,"PROVINSI":"DAERAH ISTIMEWA YOGYAKARTA","ID_KABKOT":34.04,"KABKOT":"SLEMAN","ID_KEC":"34.04.14","KECAMATAN":"TEMPEL","ID_DESA":"34.04.14.2001","DESA":"BANYUREJO","LONGITUDE":110.288027,"LATITUDE":-7.7008982,"STATUS":"BUKA","TANGGAL PENGUMPULAN":"Q1 2025","TANGGAL UPDATE":"27/02/2025"}},{"type":"Feature","geometry":{"coordinates":[110.2903932,-7.6988709],"type":"Point"},"properties":{"NAMA":"TOKO KELONTONG NOVA","TIPE_1":"PERDAGANGAN DAN RETAIL","TIPE_2":"TOKO KELONTONG","TIPE_3":"-","TELEPON":"0819-3172-7036","ALAMAT":"JL. TEMPEL-DEKSO, KEMUSUH, BANYUREJO, TEMPEL, SLEMAN REGENCY, SPECIAL REGION OF YOGYAKARTA 55552","ID_PROV":34,"PROVINSI":"DAERAH ISTIMEWA YOGYAKARTA","ID_KABKOT":34.04,"KABKOT":"SLEMAN","ID_KEC":"34.04.14","KECAMATAN":"TEMPEL","ID_DESA":"34.04.14.2001","DESA":"BANYUREJO","LONGITUDE":110.2903932,"LATITUDE":-7.6988709,"STATUS":"BUKA","TANGGAL PENGUMPULAN":"Q1 2025","TANGGAL UPDATE":"27/02/2025"}},{"type":"Feature","geometry":{"coordinates":[110.4447104,-7.747796],"type":"Point"},"properties":{"NAMA":"TOKO ZAKY","TIPE_1":"PERDAGANGAN DAN RETAIL","TIPE_2":"TOKO KELONTONG","TIPE_3":"-","TELEPON":"0896-0240-3853","ALAMAT":"JL. TEMPELSARI BANJENG, BANJENG, MAGUWOHARJO, KEC. DEPOK, KABUPATEN SLEMAN, DAERAH ISTIMEWA YOGYAKARTA 55281","ID_PROV":34,"PROVINSI":"DAERAH ISTIMEWA YOGYAKARTA","ID_KABKOT":34.04,"KABKOT":"SLEMAN","ID_KEC":"34.04.07","KECAMATAN":"DEPOK","ID_DESA":"34.04.07.2002","DESA":"MAGUWOHARJO","LONGITUDE":110.4447104,"LATITUDE":-7.747796,"STATUS":"BUKA","TANGGAL PENGUMPULAN":"Q1 2025","TANGGAL UPDATE":"27/02/2025"}},{"type":"Feature","geometry":{"coordinates":[110.2989974,-7.6824758],"type":"Point"},"properties":{"NAMA":"TOKO SEMBAKO MADURA","TIPE_1":"PERDAGANGAN DAN RETAIL","TIPE_2":"TOKO KELONTONG","TIPE_3":"-","TELEPON":"0858-5166-8175","ALAMAT":"JL. TEMPEL-SEYEGAN, GENDOL, SUMBEREJO, KEC. TEMPEL, KABUPATEN SLEMAN, DAERAH ISTIMEWA YOGYAKARTA 55552","ID_PROV":34,"PROVINSI":"DAERAH ISTIMEWA YOGYAKARTA","ID_KABKOT":34.04,"KABKOT":"SLEMAN","ID_KEC":"34.04.14","KECAMATAN":"TEMPEL","ID_DESA":"34.04.14.2003","DESA":"SUMBERREJO","LONGITUDE":110.2989974,"LATITUDE":-7.6824758,"STATUS":"BUKA","TANGGAL PENGUMPULAN":"Q1 2025","TANGGAL UPDATE":"27/02/2025"}},{"type":"Feature","geometry":{"coordinates":[110.3109121,-7.7041363],"type":"Point"},"properties":{"NAMA":"TOKO NADHIRA","TIPE_1":"PERDAGANGAN DAN RETAIL","TIPE_2":"TOKO KELONTONG","TIPE_3":"-","TELEPON":"","ALAMAT":"JL. TEMPEL-SEYEGAN, GENTON, MARGOAGUNG, KEC. SEYEGAN, KABUPATEN SLEMAN, DAERAH ISTIMEWA YOGYAKARTA 55561","ID_PROV":34,"PROVINSI":"DAERAH ISTIMEWA YOGYAKARTA","ID_KABKOT":34.04,"KABKOT":"SLEMAN","ID_KEC":"34.04.05","KECAMATAN":"SEYEGAN","ID_DESA":"34.04.05.2005","DESA":"MARGOAGUNG","LONGITUDE":110.3109121,"LATITUDE":-7.7041363,"STATUS":"BUKA","TANGGAL PENGUMPULAN":"Q1 2025","TANGGAL UPDATE":"27/02/2025"}},{"type":"Feature","geometry":{"coordinates":[110.3026435,-7.7068343],"type":"Point"},"properties":{"NAMA":"TOKO RANDIKA","TIPE_1":"PERDAGANGAN DAN RETAIL","TIPE_2":"TOKO KELONTONG","TIPE_3":"-","TELEPON":"","ALAMAT":"JL. TEMPEL-SEYEGAN, KRAPYAK, MARGOAGUNG, KEC. SEYEGAN, KABUPATEN SLEMAN, DAERAH ISTIMEWA YOGYAKARTA 55561","ID_PROV":34,"PROVINSI":"DAERAH ISTIMEWA YOGYAKARTA","ID_KABKOT":34.04,"KABKOT":"SLEMAN","ID_KEC":"34.04.05","KECAMATAN":"SEYEGAN","ID_DESA":"34.04.05.2005","DESA":"MARGOAGUNG","LONGITUDE":110.3026435,"LATITUDE":-7.7068343,"STATUS":"BUKA","TANGGAL PENGUMPULAN":"Q1 2025","TANGGAL UPDATE":"27/02/2025"}},{"type":"Feature","geometry":{"coordinates":[110.3082959,-7.7218821],"type":"Point"},"properties":{"NAMA":"WARUNG RYU","TIPE_1":"PERDAGANGAN DAN RETAIL","TIPE_2":"TOKO KELONTONG","TIPE_3":"-","TELEPON":"","ALAMAT":"JL. TEMPEL-SEYEGAN, KREGOLAN, MARGOMULYO, KEC. SEYEGAN, KABUPATEN SLEMAN, DAERAH ISTIMEWA YOGYAKARTA 55561","ID_PROV":34,"PROVINSI":"DAERAH ISTIMEWA YOGYAKARTA","ID_KABKOT":34.04,"KABKOT":"SLEMAN","ID_KEC":"34.04.05","KECAMATAN":"SEYEGAN","ID_DESA":"34.04.05.2002","DESA":"MARGODADI","LONGITUDE":110.3082959,"LATITUDE":-7.7218821,"STATUS":"BUKA","TANGGAL PENGUMPULAN":"Q1 2025","TANGGAL UPDATE":"27/02/2025"}},{"type":"Feature","geometry":{"coordinates":[110.3084703,-7.7218656],"type":"Point"},"properties":{"NAMA":"TOKO RAGIL","TIPE_1":"PERDAGANGAN DAN RETAIL","TIPE_2":"TOKO KELONTONG","TIPE_3":"-","TELEPON":"0851-0119-6250","ALAMAT":"JL. TEMPEL-SEYEGAN, KREGOLAN, MARGOMULYO, KEC. SEYEGAN, YOGYAKARTA, DAERAH ISTIMEWA YOGYAKARTA 55561","ID_PROV":34,"PROVINSI":"DAERAH ISTIMEWA YOGYAKARTA","ID_KABKOT":34.04,"KABKOT":"SLEMAN","ID_KEC":"34.04.05","KECAMATAN":"SEYEGAN","ID_DESA":"34.04.05.2004","DESA":"MARGOMULYO","LONGITUDE":110.3084703,"LATITUDE":-7.7218656,"STATUS":"BUKA","TANGGAL PENGUMPULAN":"Q1 2025","TANGGAL UPDATE":"27/02/2025"}},{"type":"Feature","geometry":{"coordinates":[110.3400931,-7.7830878],"type":"Point"},"properties":{"NAMA":"WARUNG KELONTONG BU MARIO","TIPE_1":"PERDAGANGAN DAN RETAIL","TIPE_2":"TOKO KELONTONG","TIPE_3":"-","TELEPON":"0878-3937-1817","ALAMAT":"JL. TITI BUMI, AREA SAWAH, BANYURADEN, KEC. GAMPING, KABUPATEN SLEMAN, DAERAH ISTIMEWA YOGYAKARTA 55293","ID_PROV":34,"PROVINSI":"DAERAH ISTIMEWA YOGYAKARTA","ID_KABKOT":34.04,"KABKOT":"SLEMAN","ID_KEC":"34.04.01","KECAMATAN":"GAMPING","ID_DESA":"34.04.01.2003","DESA":"BANYURADEN","LONGITUDE":110.3400931,"LATITUDE":-7.7830878,"STATUS":"BUKA","TANGGAL PENGUMPULAN":"Q1 2025","TANGGAL UPDATE":"27/02/2025"}},{"type":"Feature","geometry":{"coordinates":[110.25449,-7.74354],"type":"Point"},"properties":{"NAMA":"RARA SAYUR DAN SEMBAKO GROSIR DAN ECER","TIPE_1":"PERDAGANGAN DAN RETAIL","TIPE_2":"TOKO KELONTONG","TIPE_3":"-","TELEPON":"0858-7863-2914","ALAMAT":"JL. TOGLENGAN, TOGLENGAN, SENDANGARUM, KEC. MINGGIR, KABUPATEN SLEMAN, DAERAH ISTIMEWA YOGYAKARTA 55562","ID_PROV":34,"PROVINSI":"DAERAH ISTIMEWA YOGYAKARTA","ID_KABKOT":34.04,"KABKOT":"SLEMAN","ID_KEC":"34.04.04","KECAMATAN":"MINGGIR","ID_DESA":"34.04.04.2001","DESA":"SENDANGARUM","LONGITUDE":110.25449,"LATITUDE":-7.74354,"STATUS":"BUKA","TANGGAL PENGUMPULAN":"Q1 2025","TANGGAL UPDATE":"27/02/2025"}},{"type":"Feature","geometry":{"coordinates":[110.4315729,-7.7117413],"type":"Point"},"properties":{"NAMA":"TOKO LUDFIAH","TIPE_1":"PERDAGANGAN DAN RETAIL","TIPE_2":"TOKO KELONTONG","TIPE_3":"-","TELEPON":"0813-2699-4948","ALAMAT":"JL. TONGGALAN JL. BANDULAN, PURWOREJO, SUKOHARJO, KEC. NGAGLIK, KABUPATEN SLEMAN, DAERAH ISTIMEWA YOGYAKARTA 55581","ID_PROV":34,"PROVINSI":"DAERAH ISTIMEWA YOGYAKARTA","ID_KABKOT":34.04,"KABKOT":"SLEMAN","ID_KEC":"34.04.12","KECAMATAN":"NGAGLIK","ID_DESA":"34.04.12.2004","DESA":"SUKOHARJO","LONGITUDE":110.4315729,"LATITUDE":-7.7117413,"STATUS":"BUKA","TANGGAL PENGUMPULAN":"Q1 2025","TANGGAL UPDATE":"27/02/2025"}},{"type":"Feature","geometry":{"coordinates":[110.4784109,-7.7345012],"type":"Point"},"properties":{"NAMA":"TOKO ANIN","TIPE_1":"PERDAGANGAN DAN RETAIL","TIPE_2":"TOKO KELONTONG","TIPE_3":"-","TELEPON":"","ALAMAT":"JL. TULUNG TAMANMARTANI NO.1, RINGIN SARI, TAMANMARTANI, KEC. KALASAN, KABUPATEN SLEMAN, DAERAH ISTIMEWA YOGYAKARTA 55571","ID_PROV":34,"PROVINSI":"DAERAH ISTIMEWA YOGYAKARTA","ID_KABKOT":34.04,"KABKOT":"SLEMAN","ID_KEC":"34.04.10","KECAMATAN":"KALASAN","ID_DESA":"34.04.10.2003","DESA":"TAMANMARTANI","LONGITUDE":110.4784109,"LATITUDE":-7.7345012,"STATUS":"BUKA","TANGGAL PENGUMPULAN":"Q1 2025","TANGGAL UPDATE":"27/02/2025"}},{"type":"Feature","geometry":{"coordinates":[110.4815085,-7.736373],"type":"Point"},"properties":{"NAMA":"TOKO SEMBAKO 7","TIPE_1":"PERDAGANGAN DAN RETAIL","TIPE_2":"TOKO KELONTONG","TIPE_3":"-","TELEPON":"","ALAMAT":"JL. TULUNG TAMANMARTANI NO.1, SENTONO, TAMANMARTANI, KEC. KALASAN, KABUPATEN SLEMAN, DAERAH ISTIMEWA YOGYAKARTA 55571","ID_PROV":34,"PROVINSI":"DAERAH ISTIMEWA YOGYAKARTA","ID_KABKOT":34.04,"KABKOT":"SLEMAN","ID_KEC":"34.04.10","KECAMATAN":"KALASAN","ID_DESA":"34.04.10.2003","DESA":"TAMANMARTANI","LONGITUDE":110.4815085,"LATITUDE":-7.736373,"STATUS":"BUKA","TANGGAL PENGUMPULAN":"Q1 2025","TANGGAL UPDATE":"27/02/2025"}},{"type":"Feature","geometry":{"coordinates":[110.3603867,-7.7194533],"type":"Point"},"properties":{"NAMA":"TOKO SEMBAKO WISKUNTADI","TIPE_1":"PERDAGANGAN DAN RETAIL","TIPE_2":"TOKO KELONTONG","TIPE_3":"-","TELEPON":"0878-3990-9092","ALAMAT":"JL. TURGO, JARAN, TRIDADI, KEC. SLEMAN, KABUPATEN SLEMAN, DAERAH ISTIMEWA YOGYAKARTA 55511","ID_PROV":34,"PROVINSI":"DAERAH ISTIMEWA YOGYAKARTA","ID_KABKOT":34.04,"KABKOT":"SLEMAN","ID_KEC":"34.04.13","KECAMATAN":"SLEMAN","ID_DESA":"34.04.13.2003","DESA":"TRIDADI","LONGITUDE":110.3603867,"LATITUDE":-7.7194533,"STATUS":"BUKA","TANGGAL PENGUMPULAN":"Q1 2025","TANGGAL UPDATE":"27/02/2025"}},{"type":"Feature","geometry":{"coordinates":[110.402582,-7.6272768],"type":"Point"},"properties":{"NAMA":"TOKO TARUNA","TIPE_1":"PERDAGANGAN DAN RETAIL","TIPE_2":"TOKO KELONTONG","TIPE_3":"-","TELEPON":"","ALAMAT":"JL. TURGO, NGELOSARI, PURWOBINANGUN, KEC. PAKEM, KABUPATEN SLEMAN, DAERAH ISTIMEWA YOGYAKARTA 55582","ID_PROV":34,"PROVINSI":"DAERAH ISTIMEWA YOGYAKARTA","ID_KABKOT":34.04,"KABKOT":"SLEMAN","ID_KEC":"34.04.16","KECAMATAN":"PAKEM","ID_DESA":"34.04.16.2001","DESA":"PURWOBINANGUN","LONGITUDE":110.402582,"LATITUDE":-7.6272768,"STATUS":"BUKA","TANGGAL PENGUMPULAN":"Q1 2025","TANGGAL UPDATE":"27/02/2025"}},{"type":"Feature","geometry":{"coordinates":[110.3529741,-7.6973873],"type":"Point"},"properties":{"NAMA":"KALPATA MINI SWALAYAN","TIPE_1":"PERDAGANGAN DAN RETAIL","TIPE_2":"TOKO KELONTONG","TIPE_3":"-","TELEPON":"0831-9532-3070","ALAMAT":"JL. TURI KM 1, KEPITU, TRIMULYO, KEC. SLEMAN, KABUPATEN SLEMAN, DAERAH ISTIMEWA YOGYAKARTA 55288","ID_PROV":34,"PROVINSI":"DAERAH ISTIMEWA YOGYAKARTA","ID_KABKOT":34.04,"KABKOT":"SLEMAN","ID_KEC":"34.04.13","KECAMATAN":"SLEMAN","ID_DESA":"34.04.13.2005","DESA":"TRIMULYO","LONGITUDE":110.3529741,"LATITUDE":-7.6973873,"STATUS":"BUKA","TANGGAL PENGUMPULAN":"Q1 2025","TANGGAL UPDATE":"27/02/2025"}},{"type":"Feature","geometry":{"coordinates":[110.3536705,-7.6925513],"type":"Point"},"properties":{"NAMA":"TOKO DEVIA PUTRI","TIPE_1":"PERDAGANGAN DAN RETAIL","TIPE_2":"TOKO KELONTONG","TIPE_3":"-","TELEPON":"0856-0969-9992","ALAMAT":"JL. TURI NO.KM 1, MANTALAN / BANLONGAN, TRIMULYO, KEC. SLEMAN, KABUPATEN SLEMAN, DAERAH ISTIMEWA YOGYAKARTA 55511","ID_PROV":34,"PROVINSI":"DAERAH ISTIMEWA YOGYAKARTA","ID_KABKOT":34.04,"KABKOT":"SLEMAN","ID_KEC":"34.04.13","KECAMATAN":"SLEMAN","ID_DESA":"34.04.13.2005","DESA":"TRIMULYO","LONGITUDE":110.3536705,"LATITUDE":-7.6925513,"STATUS":"BUKA","TANGGAL PENGUMPULAN":"Q1 2025","TANGGAL UPDATE":"27/02/2025"}},{"type":"Feature","geometry":{"coordinates":[110.3526809,-7.6982992],"type":"Point"},"properties":{"NAMA":"TOKO DJOSETICO","TIPE_1":"PERDAGANGAN DAN RETAIL","TIPE_2":"TOKO KELONTONG","TIPE_3":"-","TELEPON":"","ALAMAT":"JL. TURI NO.KM 1, WADAS, TRIDADI, KEC. SLEMAN, KABUPATEN SLEMAN, DAERAH ISTIMEWA YOGYAKARTA 55511","ID_PROV":34,"PROVINSI":"DAERAH ISTIMEWA YOGYAKARTA","ID_KABKOT":34.04,"KABKOT":"SLEMAN","ID_KEC":"34.04.13","KECAMATAN":"SLEMAN","ID_DESA":"34.04.13.2003","DESA":"TRIDADI","LONGITUDE":110.3526809,"LATITUDE":-7.6982992,"STATUS":"BUKA","TANGGAL PENGUMPULAN":"Q1 2025","TANGGAL UPDATE":"27/02/2025"}},{"type":"Feature","geometry":{"coordinates":[110.3808327,-7.6536072],"type":"Point"},"properties":{"NAMA":"WARUNG KELONTONG BAROKAH","TIPE_1":"PERDAGANGAN DAN RETAIL","TIPE_2":"TOKO KELONTONG","TIPE_3":"-","TELEPON":"","ALAMAT":"JL. TURI PULO WATU, PULES KIDUL, DONOKERTO, KEC. TURI, KABUPATEN SLEMAN, DAERAH ISTIMEWA YOGYAKARTA 55551","ID_PROV":34,"PROVINSI":"DAERAH ISTIMEWA YOGYAKARTA","ID_KABKOT":34.04,"KABKOT":"SLEMAN","ID_KEC":"34.04.15","KECAMATAN":"TURI","ID_DESA":"34.04.15.2002","DESA":"DONOKERTO","LONGITUDE":110.3808327,"LATITUDE":-7.6536072,"STATUS":"BUKA","TANGGAL PENGUMPULAN":"Q1 2025","TANGGAL UPDATE":"27/02/2025"}},{"type":"Feature","geometry":{"coordinates":[110.3732833,-7.6580239],"type":"Point"},"properties":{"NAMA":"TOKO KELONTONG WAHYU","TIPE_1":"PERDAGANGAN DAN RETAIL","TIPE_2":"TOKO KELONTONG","TIPE_3":"-","TELEPON":"","ALAMAT":"JL. TURI, BANDARAN, DONOKERTO, KEC. TURI, KABUPATEN SLEMAN, DAERAH ISTIMEWA YOGYAKARTA 55551","ID_PROV":34,"PROVINSI":"DAERAH ISTIMEWA YOGYAKARTA","ID_KABKOT":34.04,"KABKOT":"SLEMAN","ID_KEC":"34.04.15","KECAMATAN":"TURI","ID_DESA":"34.04.15.2002","DESA":"DONOKERTO","LONGITUDE":110.3732833,"LATITUDE":-7.6580239,"STATUS":"BUKA","TANGGAL PENGUMPULAN":"Q1 2025","TANGGAL UPDATE":"27/02/2025"}},{"type":"Feature","geometry":{"coordinates":[110.326253,-7.6452779],"type":"Point"},"properties":{"NAMA":"TOKO SYAMSUDIN","TIPE_1":"PERDAGANGAN DAN RETAIL","TIPE_2":"TOKO KELONTONG","TIPE_3":"-","TELEPON":"(0274) 869167","ALAMAT":"JL. TURI, KROMODANGSAN, LUMBUNGREJO, KEC. TEMPEL, KABUPATEN SLEMAN, DAERAH ISTIMEWA YOGYAKARTA 55552","ID_PROV":34,"PROVINSI":"DAERAH ISTIMEWA YOGYAKARTA","ID_KABKOT":34.04,"KABKOT":"SLEMAN","ID_KEC":"34.04.14","KECAMATAN":"TEMPEL","ID_DESA":"34.04.14.2007","DESA":"LUMBUNGREJO","LONGITUDE":110.326253,"LATITUDE":-7.6452779,"STATUS":"BUKA","TANGGAL PENGUMPULAN":"Q1 2025","TANGGAL UPDATE":"27/02/2025"}},{"type":"Feature","geometry":{"coordinates":[110.3294757,-7.6421892],"type":"Point"},"properties":{"NAMA":"TOKO POJOK","TIPE_1":"PERDAGANGAN DAN RETAIL","TIPE_2":"TOKO KELONTONG","TIPE_3":"-","TELEPON":"0856-4396-0491","ALAMAT":"JL. TURI, LODOYONG, LUMBUNGREJO, KEC. TEMPEL, KABUPATEN SLEMAN, DAERAH ISTIMEWA YOGYAKARTA 55552","ID_PROV":34,"PROVINSI":"DAERAH ISTIMEWA YOGYAKARTA","ID_KABKOT":34.04,"KABKOT":"SLEMAN","ID_KEC":"34.04.14","KECAMATAN":"TEMPEL","ID_DESA":"34.04.14.2007","DESA":"LUMBUNGREJO","LONGITUDE":110.3294757,"LATITUDE":-7.6421892,"STATUS":"BUKA","TANGGAL PENGUMPULAN":"Q1 2025","TANGGAL UPDATE":"27/02/2025"}},{"type":"Feature","geometry":{"coordinates":[110.3626516,-7.6494838],"type":"Point"},"properties":{"NAMA":"TOKO RAHMAT","TIPE_1":"PERDAGANGAN DAN RETAIL","TIPE_2":"TOKO KELONTONG","TIPE_3":"-","TELEPON":"0821-3459-1774","ALAMAT":"JL. TURI, NGENDAK, BANGUN KERTO, KEC. TURI, KABUPATEN SLEMAN, DAERAH ISTIMEWA YOGYAKARTA 55551","ID_PROV":34,"PROVINSI":"DAERAH ISTIMEWA YOGYAKARTA","ID_KABKOT":34.04,"KABKOT":"SLEMAN","ID_KEC":"34.04.15","KECAMATAN":"TURI","ID_DESA":"34.04.15.2001","DESA":"BANGUNKERTO","LONGITUDE":110.3626516,"LATITUDE":-7.6494838,"STATUS":"BUKA","TANGGAL PENGUMPULAN":"Q1 2025","TANGGAL UPDATE":"27/02/2025"}},{"type":"Feature","geometry":{"coordinates":[110.3592529,-7.6767489],"type":"Point"},"properties":{"NAMA":"TOKO KELONTONG","TIPE_1":"PERDAGANGAN DAN RETAIL","TIPE_2":"TOKO KELONTONG","TIPE_3":"-","TELEPON":"0838-4498-4350","ALAMAT":"JL. TURI.KM 5BUNGAS, DONOKERTO, TURI, SPECIAL REGION OF YOGYAKARTA 55551","ID_PROV":34,"PROVINSI":"DAERAH ISTIMEWA YOGYAKARTA","ID_KABKOT":34.04,"KABKOT":"SLEMAN","ID_KEC":"34.04.13","KECAMATAN":"SLEMAN","ID_DESA":"34.04.13.2005","DESA":"TRIMULYO","LONGITUDE":110.3592529,"LATITUDE":-7.6767489,"STATUS":"BUKA","TANGGAL PENGUMPULAN":"Q1 2025","TANGGAL UPDATE":"27/02/2025"}},{"type":"Feature","geometry":{"coordinates":[110.45007,-7.780276],"type":"Point"},"properties":{"NAMA":"KIOS SEMBAKO BU TUTIK","TIPE_1":"PERDAGANGAN DAN RETAIL","TIPE_2":"TOKO KELONTONG","TIPE_3":"-","TELEPON":"0889-5951-717","ALAMAT":"JL. UKRIM, CUPUWATU I, PURWOMARTANI, KEC. KALASAN, KABUPATEN SLEMAN, DAERAH ISTIMEWA YOGYAKARTA 55571","ID_PROV":34,"PROVINSI":"DAERAH ISTIMEWA YOGYAKARTA","ID_KABKOT":34.04,"KABKOT":"SLEMAN","ID_KEC":"34.04.10","KECAMATAN":"KALASAN","ID_DESA":"34.04.10.2001","DESA":"PURWOMARTANI","LONGITUDE":110.45007,"LATITUDE":-7.780276,"STATUS":"BUKA","TANGGAL PENGUMPULAN":"Q1 2025","TANGGAL UPDATE":"27/02/2025"}},{"type":"Feature","geometry":{"coordinates":[110.4180036,-7.7644527],"type":"Point"},"properties":{"NAMA":"WARUNG SEMBAKO ALESHA 24 JAM","TIPE_1":"PERDAGANGAN DAN RETAIL","TIPE_2":"TOKO KELONTONG","TIPE_3":"-","TELEPON":"","ALAMAT":"JL. UTAMA NO.15, PUGERAN, MAGUWOHARJO, KEC. DEPOK, KABUPATEN SLEMAN, DAERAH ISTIMEWA YOGYAKARTA 55281","ID_PROV":34,"PROVINSI":"DAERAH ISTIMEWA YOGYAKARTA","ID_KABKOT":34.04,"KABKOT":"SLEMAN","ID_KEC":"34.04.07","KECAMATAN":"DEPOK","ID_DESA":"34.04.07.2002","DESA":"MAGUWOHARJO","LONGITUDE":110.4180036,"LATITUDE":-7.7644527,"STATUS":"BUKA","TANGGAL PENGUMPULAN":"Q1 2025","TANGGAL UPDATE":"27/02/2025"}},{"type":"Feature","geometry":{"coordinates":[110.4190265,-7.7664719],"type":"Point"},"properties":{"NAMA":"WARUNG KELONTONG BU YANTI","TIPE_1":"PERDAGANGAN DAN RETAIL","TIPE_2":"TOKO KELONTONG","TIPE_3":"-","TELEPON":"","ALAMAT":"JL. UTAMA NO.53, RT.04/RW.09, PUGERAN, MAGUWOHARJO, KEC. DEPOK, KABUPATEN SLEMAN, DAERAH ISTIMEWA YOGYAKARTA 55282","ID_PROV":34,"PROVINSI":"DAERAH ISTIMEWA YOGYAKARTA","ID_KABKOT":34.04,"KABKOT":"SLEMAN","ID_KEC":"34.04.07","KECAMATAN":"DEPOK","ID_DESA":"34.04.07.2002","DESA":"MAGUWOHARJO","LONGITUDE":110.4190265,"LATITUDE":-7.7664719,"STATUS":"BUKA","TANGGAL PENGUMPULAN":"Q1 2025","TANGGAL UPDATE":"27/02/2025"}},{"type":"Feature","geometry":{"coordinates":[110.4201925,-7.7670117],"type":"Point"},"properties":{"NAMA":"TOKO KELONTONG DIDIK","TIPE_1":"PERDAGANGAN DAN RETAIL","TIPE_2":"TOKO KELONTONG","TIPE_3":"-","TELEPON":"","ALAMAT":"JL. UTAMA NO.54, PUGERAN, MAGUWOHARJO, KEC. DEPOK, KABUPATEN SLEMAN, DAERAH ISTIMEWA YOGYAKARTA 55281","ID_PROV":34,"PROVINSI":"DAERAH ISTIMEWA YOGYAKARTA","ID_KABKOT":34.04,"KABKOT":"SLEMAN","ID_KEC":"34.04.07","KECAMATAN":"DEPOK","ID_DESA":"34.04.07.2002","DESA":"MAGUWOHARJO","LONGITUDE":110.4201925,"LATITUDE":-7.7670117,"STATUS":"BUKA","TANGGAL PENGUMPULAN":"Q1 2025","TANGGAL UPDATE":"27/02/2025"}},{"type":"Feature","geometry":{"coordinates":[110.4200575,-7.7668334],"type":"Point"},"properties":{"NAMA":"TOKO KELONTONG MBAH KAKUNG","TIPE_1":"PERDAGANGAN DAN RETAIL","TIPE_2":"TOKO KELONTONG","TIPE_3":"-","TELEPON":"","ALAMAT":"JL. UTAMA NO.61, PUGERAN, MAGUWOHARJO, KEC. DEPOK, KABUPATEN SLEMAN, DAERAH ISTIMEWA YOGYAKARTA 55282","ID_PROV":34,"PROVINSI":"DAERAH ISTIMEWA YOGYAKARTA","ID_KABKOT":34.04,"KABKOT":"SLEMAN","ID_KEC":"34.04.07","KECAMATAN":"DEPOK","ID_DESA":"34.04.07.2002","DESA":"MAGUWOHARJO","LONGITUDE":110.4200575,"LATITUDE":-7.7668334,"STATUS":"BUKA","TANGGAL PENGUMPULAN":"Q1 2025","TANGGAL UPDATE":"27/02/2025"}},{"type":"Feature","geometry":{"coordinates":[110.4179479,-7.7640146],"type":"Point"},"properties":{"NAMA":"TOKO ISNA","TIPE_1":"PERDAGANGAN DAN RETAIL","TIPE_2":"TOKO KELONTONG","TIPE_3":"-","TELEPON":"0856-4307-7762","ALAMAT":"JL. UTAMA, PUGERAN, MAGUWOHARJO, KEC. DEPOK, KABUPATEN SLEMAN, DAERAH ISTIMEWA YOGYAKARTA 55281","ID_PROV":34,"PROVINSI":"DAERAH ISTIMEWA YOGYAKARTA","ID_KABKOT":34.04,"KABKOT":"SLEMAN","ID_KEC":"34.04.07","KECAMATAN":"DEPOK","ID_DESA":"34.04.07.2002","DESA":"MAGUWOHARJO","LONGITUDE":110.4179479,"LATITUDE":-7.7640146,"STATUS":"BUKA","TANGGAL PENGUMPULAN":"Q1 2025","TANGGAL UPDATE":"27/02/2025"}},{"type":"Feature","geometry":{"coordinates":[110.4030612,-7.764812],"type":"Point"},"properties":{"NAMA":"TK DEA","TIPE_1":"PERDAGANGAN DAN RETAIL","TIPE_2":"TOKO KELONTONG","TIPE_3":"-","TELEPON":"","ALAMAT":"JL. WAHID HASYIM NO.10, WIDORO BARU, CONDONGCATUR, KEC. DEPOK, KABUPATEN SLEMAN, DAERAH ISTIMEWA YOGYAKARTA 55281","ID_PROV":34,"PROVINSI":"DAERAH ISTIMEWA YOGYAKARTA","ID_KABKOT":34.04,"KABKOT":"SLEMAN","ID_KEC":"34.04.07","KECAMATAN":"DEPOK","ID_DESA":"34.04.07.2003","DESA":"CONDONGCATUR","LONGITUDE":110.4030612,"LATITUDE":-7.764812,"STATUS":"BUKA","TANGGAL PENGUMPULAN":"Q1 2025","TANGGAL UPDATE":"27/02/2025"}},{"type":"Feature","geometry":{"coordinates":[110.4035023,-7.7638149],"type":"Point"},"properties":{"NAMA":"WARUNG KELONTONG (ARTOMORO)","TIPE_1":"PERDAGANGAN DAN RETAIL","TIPE_2":"TOKO KELONTONG","TIPE_3":"-","TELEPON":"","ALAMAT":"JL. WAHID HASYIM NO.153, NGROPOH, CONDONGCATUR, KEC. DEPOK, KABUPATEN SLEMAN, DAERAH ISTIMEWA YOGYAKARTA 55281","ID_PROV":34,"PROVINSI":"DAERAH ISTIMEWA YOGYAKARTA","ID_KABKOT":34.04,"KABKOT":"SLEMAN","ID_KEC":"34.04.07","KECAMATAN":"DEPOK","ID_DESA":"34.04.07.2003","DESA":"CONDONGCATUR","LONGITUDE":110.4035023,"LATITUDE":-7.7638149,"STATUS":"BUKA","TANGGAL PENGUMPULAN":"Q1 2025","TANGGAL UPDATE":"27/02/2025"}},{"type":"Feature","geometry":{"coordinates":[110.3270621,-7.8020999],"type":"Point"},"properties":{"NAMA":"BERKAH SEMBAKO","TIPE_1":"PERDAGANGAN DAN RETAIL","TIPE_2":"TOKO KELONTONG","TIPE_3":"-","TELEPON":"0818-0276-5833","ALAMAT":"JL. WARINGIN, GAMPING KIDUL, AMBARKETAWANG, KEC. GAMPING, KABUPATEN SLEMAN, DAERAH ISTIMEWA YOGYAKARTA 55294","ID_PROV":34,"PROVINSI":"DAERAH ISTIMEWA YOGYAKARTA","ID_KABKOT":34.04,"KABKOT":"SLEMAN","ID_KEC":"34.04.01","KECAMATAN":"GAMPING","ID_DESA":"34.04.01.2002","DESA":"AMBARKETAWANG","LONGITUDE":110.3270621,"LATITUDE":-7.8020999,"STATUS":"BUKA","TANGGAL PENGUMPULAN":"Q1 2025","TANGGAL UPDATE":"27/02/2025"}},{"type":"Feature","geometry":{"coordinates":[110.4047249,-7.7611049],"type":"Point"},"properties":{"NAMA":"TOKO KELONTONG AKHID","TIPE_1":"PERDAGANGAN DAN RETAIL","TIPE_2":"TOKO KELONTONG","TIPE_3":"-","TELEPON":"(0274) 487427","ALAMAT":"JL. WARINGINSARI NO.30A 23, RW.01, NGROPOH, CONDONGCATUR, KEC. DEPOK, KABUPATEN SLEMAN, DAERAH ISTIMEWA YOGYAKARTA 55283","ID_PROV":34,"PROVINSI":"DAERAH ISTIMEWA YOGYAKARTA","ID_KABKOT":34.04,"KABKOT":"SLEMAN","ID_KEC":"34.04.07","KECAMATAN":"DEPOK","ID_DESA":"34.04.07.2003","DESA":"CONDONGCATUR","LONGITUDE":110.4047249,"LATITUDE":-7.7611049,"STATUS":"BUKA","TANGGAL PENGUMPULAN":"Q1 2025","TANGGAL UPDATE":"27/02/2025"}},{"type":"Feature","geometry":{"coordinates":[110.3234219,-7.8004477],"type":"Point"},"properties":{"NAMA":"SEMBAKO MB NIYA","TIPE_1":"PERDAGANGAN DAN RETAIL","TIPE_2":"TOKO KELONTONG","TIPE_3":"-","TELEPON":"0812-2548-9318","ALAMAT":"JL. WATES NO.KM 4, RW.5, PATUKAN, AMBARKETAWANG, KEC. GAMPING, KABUPATEN SLEMAN, DAERAH ISTIMEWA YOGYAKARTA 55294","ID_PROV":34,"PROVINSI":"DAERAH ISTIMEWA YOGYAKARTA","ID_KABKOT":34.04,"KABKOT":"SLEMAN","ID_KEC":"34.04.01","KECAMATAN":"GAMPING","ID_DESA":"34.04.01.2002","DESA":"AMBARKETAWANG","LONGITUDE":110.3234219,"LATITUDE":-7.8004477,"STATUS":"BUKA","TANGGAL PENGUMPULAN":"Q1 2025","TANGGAL UPDATE":"27/02/2025"}},{"type":"Feature","geometry":{"coordinates":[110.4442514,-7.6512659],"type":"Point"},"properties":{"NAMA":"AZZAHRA KELONTONG 24 JAM","TIPE_1":"PERDAGANGAN DAN RETAIL","TIPE_2":"TOKO KELONTONG","TIPE_3":"-","TELEPON":"0812-3737-5539","ALAMAT":"JL. WATUADEG, GUNGAN, WUKIRSARI, KEC. CANGKRINGAN, KABUPATEN SLEMAN, DAERAH ISTIMEWA YOGYAKARTA 55583","ID_PROV":34,"PROVINSI":"DAERAH ISTIMEWA YOGYAKARTA","ID_KABKOT":34.04,"KABKOT":"SLEMAN","ID_KEC":"34.04.17","KECAMATAN":"CANGKRINGAN","ID_DESA":"34.04.17.2002","DESA":"WUKIRSARI","LONGITUDE":110.4442514,"LATITUDE":-7.6512659,"STATUS":"BUKA","TANGGAL PENGUMPULAN":"Q1 2025","TANGGAL UPDATE":"27/02/2025"}},{"type":"Feature","geometry":{"coordinates":[110.4392806,-7.7344697],"type":"Point"},"properties":{"NAMA":"TOKO SEMBAKO","TIPE_1":"PERDAGANGAN DAN RETAIL","TIPE_2":"TOKO KELONTONG","TIPE_3":"-","TELEPON":"","ALAMAT":"JL. WEDOMARTANI NO.18, KEPUH, GONDANGLEGI, KEC. NGEMPLAK, KABUPATEN SLEMAN, DAERAH ISTIMEWA YOGYAKARTA 55584","ID_PROV":34,"PROVINSI":"DAERAH ISTIMEWA YOGYAKARTA","ID_KABKOT":34.04,"KABKOT":"SLEMAN","ID_KEC":"34.04.11","KECAMATAN":"NGEMPLAK","ID_DESA":"34.04.11.2004","DESA":"WEDOMARTANI","LONGITUDE":110.4392806,"LATITUDE":-7.7344697,"STATUS":"BUKA","TANGGAL PENGUMPULAN":"Q1 2025","TANGGAL UPDATE":"27/02/2025"}},{"type":"Feature","geometry":{"coordinates":[110.3855336,-7.7607951],"type":"Point"},"properties":{"NAMA":"TOKO KELONTONG U D LARASATI","TIPE_1":"PERDAGANGAN DAN RETAIL","TIPE_2":"TOKO KELONTONG","TIPE_3":"-","TELEPON":"","ALAMAT":"JL. WELING RAYA, KARANG GAYAM, CATURTUNGGAL, KEC. DEPOK, KABUPATEN SLEMAN, DAERAH ISTIMEWA YOGYAKARTA 55281","ID_PROV":34,"PROVINSI":"DAERAH ISTIMEWA YOGYAKARTA","ID_KABKOT":34.04,"KABKOT":"SLEMAN","ID_KEC":"34.04.07","KECAMATAN":"DEPOK","ID_DESA":"34.04.07.2001","DESA":"CATURTUNGGAL","LONGITUDE":110.3855336,"LATITUDE":-7.7607951,"STATUS":"BUKA","TANGGAL PENGUMPULAN":"Q1 2025","TANGGAL UPDATE":"27/02/2025"}},{"type":"Feature","geometry":{"coordinates":[110.4261002,-7.805472],"type":"Point"},"properties":{"NAMA":"WARUNG SEMBAKO MAS WAWAN","TIPE_1":"PERDAGANGAN DAN RETAIL","TIPE_2":"TOKO KELONTONG","TIPE_3":"-","TELEPON":"","ALAMAT":"JL. WIJAYA KUSUMA SENDANGTIRTO NO.8, MOJOKERTEN, SENDANGTIRTO, KEC. BERBAH, KABUPATEN SLEMAN, DAERAH ISTIMEWA YOGYAKARTA 55573","ID_PROV":34,"PROVINSI":"DAERAH ISTIMEWA YOGYAKARTA","ID_KABKOT":34.04,"KABKOT":"SLEMAN","ID_KEC":"34.04.08","KECAMATAN":"BERBAH","ID_DESA":"34.04.08.2001","DESA":"SENDANGTIRTO","LONGITUDE":110.4261002,"LATITUDE":-7.805472,"STATUS":"BUKA","TANGGAL PENGUMPULAN":"Q1 2025","TANGGAL UPDATE":"27/02/2025"}},{"type":"Feature","geometry":{"coordinates":[110.3637788,-7.7408172],"type":"Point"},"properties":{"NAMA":"TOKO KELONTONG BU PUJI","TIPE_1":"PERDAGANGAN DAN RETAIL","TIPE_2":"TOKO KELONTONG","TIPE_3":"-","TELEPON":"","ALAMAT":"JL. WONGSO PREMUJO NO.37, JONGKE TENGAH, SENDANGADI, KEC. MLATI, KABUPATEN SLEMAN, DAERAH ISTIMEWA YOGYAKARTA 55285","ID_PROV":34,"PROVINSI":"DAERAH ISTIMEWA YOGYAKARTA","ID_KABKOT":34.04,"KABKOT":"SLEMAN","ID_KEC":"34.04.06","KECAMATAN":"MLATI","ID_DESA":"34.04.06.2002","DESA":"SENDANGADI","LONGITUDE":110.3637788,"LATITUDE":-7.7408172,"STATUS":"BUKA","TANGGAL PENGUMPULAN":"Q1 2025","TANGGAL UPDATE":"27/02/2025"}},{"type":"Feature","geometry":{"coordinates":[110.2694643,-7.7547234],"type":"Point"},"properties":{"NAMA":"TOKO KELONTONG BU WANTI","TIPE_1":"PERDAGANGAN DAN RETAIL","TIPE_2":"TOKO KELONTONG","TIPE_3":"-","TELEPON":"","ALAMAT":"JL. WONGSODIMEDJO, GANJURAN, SIDOREJO, KEC. GODEAN, KABUPATEN SLEMAN, DAERAH ISTIMEWA YOGYAKARTA 55264","ID_PROV":34,"PROVINSI":"DAERAH ISTIMEWA YOGYAKARTA","ID_KABKOT":34.04,"KABKOT":"SLEMAN","ID_KEC":"34.04.02","KECAMATAN":"GODEAN","ID_DESA":"34.04.02.2001","DESA":"SIDOREJO","LONGITUDE":110.2694643,"LATITUDE":-7.7547234,"STATUS":"BUKA","TANGGAL PENGUMPULAN":"Q1 2025","TANGGAL UPDATE":"27/02/2025"}},{"type":"Feature","geometry":{"coordinates":[110.3150327,-7.6569502],"type":"Point"},"properties":{"NAMA":"TOKO CAMILAN ROTI & SEMBAKO ANY SNACK","TIPE_1":"PERDAGANGAN DAN RETAIL","TIPE_2":"TOKO KELONTONG","TIPE_3":"-","TELEPON":"0838-0534-2788","ALAMAT":"JL. WONOKERSO, RT.5/RW.15, WONOKERSO, LUMBUNGREJO, KEC. TEMPEL, KABUPATEN SLEMAN, DAERAH ISTIMEWA YOGYAKARTA 55552","ID_PROV":34,"PROVINSI":"DAERAH ISTIMEWA YOGYAKARTA","ID_KABKOT":34.04,"KABKOT":"SLEMAN","ID_KEC":"34.04.14","KECAMATAN":"TEMPEL","ID_DESA":"34.04.14.2007","DESA":"LUMBUNGREJO","LONGITUDE":110.3150327,"LATITUDE":-7.6569502,"STATUS":"BUKA","TANGGAL PENGUMPULAN":"Q1 2025","TANGGAL UPDATE":"27/02/2025"}},{"type":"Feature","geometry":{"coordinates":[110.4293015,-7.6909664],"type":"Point"},"properties":{"NAMA":"TOKO FITRI 2","TIPE_1":"PERDAGANGAN DAN RETAIL","TIPE_2":"TOKO KELONTONG","TIPE_3":"-","TELEPON":"","ALAMAT":"JL. WONOSALAM NO.I NO 6, LOSARI, SUKOHARJO, KEC. NGAGLIK, KABUPATEN SLEMAN, DAERAH ISTIMEWA YOGYAKARTA 55581","ID_PROV":34,"PROVINSI":"DAERAH ISTIMEWA YOGYAKARTA","ID_KABKOT":34.04,"KABKOT":"SLEMAN","ID_KEC":"34.04.12","KECAMATAN":"NGAGLIK","ID_DESA":"34.04.12.2004","DESA":"SUKOHARJO","LONGITUDE":110.4293015,"LATITUDE":-7.6909664,"STATUS":"BUKA","TANGGAL PENGUMPULAN":"Q1 2025","TANGGAL UPDATE":"27/02/2025"}},{"type":"Feature","geometry":{"coordinates":[110.4443741,-7.6583778],"type":"Point"},"properties":{"NAMA":"TOKO ZUMAROH","TIPE_1":"PERDAGANGAN DAN RETAIL","TIPE_2":"TOKO KELONTONG","TIPE_3":"-","TELEPON":"0821-3781-6669","ALAMAT":"JL. WUKIRSARI NO.7, NGEMPLAK, WUKIRSARI, KEC. CANGKRINGAN, KABUPATEN SLEMAN, DAERAH ISTIMEWA YOGYAKARTA 55583","ID_PROV":34,"PROVINSI":"DAERAH ISTIMEWA YOGYAKARTA","ID_KABKOT":34.04,"KABKOT":"SLEMAN","ID_KEC":"34.04.17","KECAMATAN":"CANGKRINGAN","ID_DESA":"34.04.17.2002","DESA":"WUKIRSARI","LONGITUDE":110.4443741,"LATITUDE":-7.6583778,"STATUS":"BUKA","TANGGAL PENGUMPULAN":"Q1 2025","TANGGAL UPDATE":"27/02/2025"}},{"type":"Feature","geometry":{"coordinates":[110.4460287,-7.7668608],"type":"Point"},"properties":{"NAMA":"KRADEMART TOKO GROSIR KELONTONG BANTUL SELATAN","TIPE_1":"PERDAGANGAN DAN RETAIL","TIPE_2":"TOKO KELONTONG","TIPE_3":"-","TELEPON":"0831-6017-7990","ALAMAT":"JL.CANDI SAMBISARI, RT04, RW01 JL. KADIROJO 1 NO.01, PURWOMARTANI, KABUPATEN SLEMAN, DAERAH ISTIMEWA YOGYAKARTA 55571","ID_PROV":34,"PROVINSI":"DAERAH ISTIMEWA YOGYAKARTA","ID_KABKOT":34.04,"KABKOT":"SLEMAN","ID_KEC":"34.04.10","KECAMATAN":"KALASAN","ID_DESA":"34.04.10.2001","DESA":"PURWOMARTANI","LONGITUDE":110.4460287,"LATITUDE":-7.7668608,"STATUS":"BUKA","TANGGAL PENGUMPULAN":"Q1 2025","TANGGAL UPDATE":"27/02/2025"}},{"type":"Feature","geometry":{"coordinates":[110.3312347,-7.6869458],"type":"Point"},"properties":{"NAMA":"NSJAYA","TIPE_1":"PERDAGANGAN DAN RETAIL","TIPE_2":"TOKO KELONTONG","TIPE_3":"-","TELEPON":"0815-6833-3337","ALAMAT":"JL.MEDARI CEMORO, MEDARI CILIK RT/RW:01/17, MEDAN, CATURHARJO, KEC. SLEMAN, KABUPATEN SLEMAN, DAERAH ISTIMEWA YOGYAKARTA 55515","ID_PROV":34,"PROVINSI":"DAERAH ISTIMEWA YOGYAKARTA","ID_KABKOT":34.04,"KABKOT":"SLEMAN","ID_KEC":"34.04.13","KECAMATAN":"SLEMAN","ID_DESA":"34.04.13.2001","DESA":"CATURHARJO","LONGITUDE":110.3312347,"LATITUDE":-7.6869458,"STATUS":"BUKA","TANGGAL PENGUMPULAN":"Q1 2025","TANGGAL UPDATE":"27/02/2025"}},{"type":"Feature","geometry":{"coordinates":[110.4355128,-7.804527],"type":"Point"},"properties":{"NAMA":"YUHRI TOKO","TIPE_1":"PERDAGANGAN DAN RETAIL","TIPE_2":"TOKO KELONTONG","TIPE_3":"-","TELEPON":"0896-0231-7755","ALAMAT":"JL.RAYA BERBAH, GG. NURI JL. MAREDAN NO.E 30, NGUNGGON, SENDANGTIRTO, KEC. BERBAH, KABUPATEN SLEMAN, DAERAH ISTIMEWA YOGYAKARTA 55573","ID_PROV":34,"PROVINSI":"DAERAH ISTIMEWA YOGYAKARTA","ID_KABKOT":34.04,"KABKOT":"SLEMAN","ID_KEC":"34.04.08","KECAMATAN":"BERBAH","ID_DESA":"34.04.08.2001","DESA":"SENDANGTIRTO","LONGITUDE":110.4355128,"LATITUDE":-7.804527,"STATUS":"BUKA","TANGGAL PENGUMPULAN":"Q1 2025","TANGGAL UPDATE":"27/02/2025"}},{"type":"Feature","geometry":{"coordinates":[110.3783557,-7.6504835],"type":"Point"},"properties":{"NAMA":"SEMBAKO CITRA","TIPE_1":"PERDAGANGAN DAN RETAIL","TIPE_2":"TOKO KELONTONG","TIPE_3":"-","TELEPON":"0813-9801-1642","ALAMAT":"JL.TURI PAKEM KM 01,UTARA PASAR TURI (SEBARANG JALAN PLANG SMPN 1, KEC. TURI, KABUPATEN SLEMAN, DAERAH ISTIMEWA YOGYAKARTA 55441","ID_PROV":34,"PROVINSI":"DAERAH ISTIMEWA YOGYAKARTA","ID_KABKOT":34.04,"KABKOT":"SLEMAN","ID_KEC":"34.04.15","KECAMATAN":"TURI","ID_DESA":"34.04.15.2002","DESA":"DONOKERTO","LONGITUDE":110.3783557,"LATITUDE":-7.6504835,"STATUS":"BUKA","TANGGAL PENGUMPULAN":"Q1 2025","TANGGAL UPDATE":"27/02/2025"}},{"type":"Feature","geometry":{"coordinates":[110.3018114,-7.6616003],"type":"Point"},"properties":{"NAMA":"POJOK CELL WARUNG KELONTONG POJOK","TIPE_1":"PERDAGANGAN DAN RETAIL","TIPE_2":"TOKO KELONTONG","TIPE_3":"-","TELEPON":"0813-1925-5608","ALAMAT":"JLAPAN, PONDOKREJO, KEC. TEMPEL, KABUPATEN SLEMAN, DAERAH ISTIMEWA YOGYAKARTA 55552","ID_PROV":34,"PROVINSI":"DAERAH ISTIMEWA YOGYAKARTA","ID_KABKOT":34.04,"KABKOT":"SLEMAN","ID_KEC":"34.04.14","KECAMATAN":"TEMPEL","ID_DESA":"34.04.14.2004","DESA":"PONDOKREJO","LONGITUDE":110.3018114,"LATITUDE":-7.6616003,"STATUS":"BUKA","TANGGAL PENGUMPULAN":"Q1 2025","TANGGAL UPDATE":"27/02/2025"}},{"type":"Feature","geometry":{"coordinates":[110.3011546,-7.6634687],"type":"Point"},"properties":{"NAMA":"WARUNG SEMBAKO REZI","TIPE_1":"PERDAGANGAN DAN RETAIL","TIPE_2":"TOKO KELONTONG","TIPE_3":"-","TELEPON":"","ALAMAT":"JLAPAN, PONDOKREJO, TEMPEL, SLEMAN REGENCY, SPECIAL REGION OF YOGYAKARTA 55552","ID_PROV":34,"PROVINSI":"DAERAH ISTIMEWA YOGYAKARTA","ID_KABKOT":34.04,"KABKOT":"SLEMAN","ID_KEC":"34.04.14","KECAMATAN":"TEMPEL","ID_DESA":"34.04.14.2004","DESA":"PONDOKREJO","LONGITUDE":110.3011546,"LATITUDE":-7.6634687,"STATUS":"BUKA","TANGGAL PENGUMPULAN":"Q1 2025","TANGGAL UPDATE":"27/02/2025"}},{"type":"Feature","geometry":{"coordinates":[110.282225,-7.7364769],"type":"Point"},"properties":{"NAMA":"WARUNG SEMBAKO BU NING","TIPE_1":"PERDAGANGAN DAN RETAIL","TIPE_2":"TOKO KELONTONG","TIPE_3":"-","TELEPON":"0857-4393-6664","ALAMAT":"JLEGONGAN, KURAHAN KIDUL, MARGODADI, KEC. SEYEGAN, KABUPATEN SLEMAN, DAERAH ISTIMEWA YOGYAKARTA 55561","ID_PROV":34,"PROVINSI":"DAERAH ISTIMEWA YOGYAKARTA","ID_KABKOT":34.04,"KABKOT":"SLEMAN","ID_KEC":"34.04.05","KECAMATAN":"SEYEGAN","ID_DESA":"34.04.05.2002","DESA":"MARGODADI","LONGITUDE":110.282225,"LATITUDE":-7.7364769,"STATUS":"BUKA","TANGGAL PENGUMPULAN":"Q1 2025","TANGGAL UPDATE":"27/02/2025"}},{"type":"Feature","geometry":{"coordinates":[110.3268195,-7.7713401],"type":"Point"},"properties":{"NAMA":"TOKO KELONTONG DEVI","TIPE_1":"PERDAGANGAN DAN RETAIL","TIPE_2":"TOKO KELONTONG","TIPE_3":"-","TELEPON":"0895-3301-20303","ALAMAT":"JLN MERPATI NGLARANG 02/10, SIDOARUM, KEC. GODEAN, KABUPATEN SLEMAN, DAERAH ISTIMEWA YOGYAKARTA 55564","ID_PROV":34,"PROVINSI":"DAERAH ISTIMEWA YOGYAKARTA","ID_KABKOT":34.04,"KABKOT":"SLEMAN","ID_KEC":"34.04.02","KECAMATAN":"GODEAN","ID_DESA":"34.04.02.2006","DESA":"SIDOARUM","LONGITUDE":110.3268195,"LATITUDE":-7.7713401,"STATUS":"BUKA","TANGGAL PENGUMPULAN":"Q1 2025","TANGGAL UPDATE":"27/02/2025"}},{"type":"Feature","geometry":{"coordinates":[110.3976953,-7.6462953],"type":"Point"},"properties":{"NAMA":"TOKO SEMBAKO MURAH JAYA","TIPE_1":"PERDAGANGAN DAN RETAIL","TIPE_2":"TOKO KELONTONG","TIPE_3":"-","TELEPON":"0852-9226-1535","ALAMAT":"JLN TURGO WRINGIN KIDUL 04, 18, PURWOBINANGUN, KEC. PAKEM, KABUPATEN SLEMAN, DAERAH ISTIMEWA YOGYAKARTA 55582","ID_PROV":34,"PROVINSI":"DAERAH ISTIMEWA YOGYAKARTA","ID_KABKOT":34.04,"KABKOT":"SLEMAN","ID_KEC":"34.04.16","KECAMATAN":"PAKEM","ID_DESA":"34.04.16.2001","DESA":"PURWOBINANGUN","LONGITUDE":110.3976953,"LATITUDE":-7.6462953,"STATUS":"BUKA","TANGGAL PENGUMPULAN":"Q1 2025","TANGGAL UPDATE":"27/02/2025"}},{"type":"Feature","geometry":{"coordinates":[110.4124536,-7.7045435],"type":"Point"},"properties":{"NAMA":"WARUNG AUL","TIPE_1":"PERDAGANGAN DAN RETAIL","TIPE_2":"TOKO KELONTONG","TIPE_3":"-","TELEPON":"0857-9742-0121","ALAMAT":"JLN, KALIURANG, KM 12, NGAGLIK, JL. KALIURANG NO.KM 12, CANDI KARANG, NGAGLIK, KEC. SLEMAN, KABUPATEN SLEMAN, DAERAH ISTIMEWA YOGYAKARTA 55581","ID_PROV":34,"PROVINSI":"DAERAH ISTIMEWA YOGYAKARTA","ID_KABKOT":34.04,"KABKOT":"SLEMAN","ID_KEC":"34.04.12","KECAMATAN":"NGAGLIK","ID_DESA":"34.04.12.2005","DESA":"SARDONOHARJO","LONGITUDE":110.4124536,"LATITUDE":-7.7045435,"STATUS":"BUKA","TANGGAL PENGUMPULAN":"Q1 2025","TANGGAL UPDATE":"27/02/2025"}},{"type":"Feature","geometry":{"coordinates":[110.4076632,-7.7193593],"type":"Point"},"properties":{"NAMA":"TOKO SRC","TIPE_1":"PERDAGANGAN DAN RETAIL","TIPE_2":"TOKO KELONTONG","TIPE_3":"-","TELEPON":"0898-2539-987","ALAMAT":"JLN. YUDISTIRA NO.41 RT.01/11, GENTAN, SINDUHARJO, KEC. NGAGLIK, KABUPATEN SLEMAN, DAERAH ISTIMEWA YOGYAKARTA 55581","ID_PROV":34,"PROVINSI":"DAERAH ISTIMEWA YOGYAKARTA","ID_KABKOT":34.04,"KABKOT":"SLEMAN","ID_KEC":"34.04.12","KECAMATAN":"NGAGLIK","ID_DESA":"34.04.12.2003","DESA":"SINDUHARJO","LONGITUDE":110.4076632,"LATITUDE":-7.7193593,"STATUS":"BUKA","TANGGAL PENGUMPULAN":"Q1 2025","TANGGAL UPDATE":"27/02/2025"}},{"type":"Feature","geometry":{"coordinates":[110.38251,-7.7378695],"type":"Point"},"properties":{"NAMA":"WARUNG KELONTONG NURUL","TIPE_1":"PERDAGANGAN DAN RETAIL","TIPE_2":"TOKO KELONTONG","TIPE_3":"-","TELEPON":"","ALAMAT":"JO, JL. NAKULA NO.18, MARON, DONOHARJO, KEC. NGAGLIK, KABUPATEN SLEMAN, DAERAH ISTIMEWA YOGYAKARTA 55581","ID_PROV":34,"PROVINSI":"DAERAH ISTIMEWA YOGYAKARTA","ID_KABKOT":34.04,"KABKOT":"SLEMAN","ID_KEC":"34.04.12","KECAMATAN":"NGAGLIK","ID_DESA":"34.04.12.2001","DESA":"SARIHARJO","LONGITUDE":110.38251,"LATITUDE":-7.7378695,"STATUS":"BUKA","TANGGAL PENGUMPULAN":"Q1 2025","TANGGAL UPDATE":"27/02/2025"}},{"type":"Feature","geometry":{"coordinates":[110.4809274,-7.7771922],"type":"Point"},"properties":{"NAMA":"TOKO ANNAFI'","TIPE_1":"PERDAGANGAN DAN RETAIL","TIPE_2":"TOKO KELONTONG","TIPE_3":"-","TELEPON":"","ALAMAT":"JOBOHAN, BOKOHARJO, KEC. PRAMBANAN, KABUPATEN SLEMAN, DAERAH ISTIMEWA YOGYAKARTA 55572","ID_PROV":34,"PROVINSI":"DAERAH ISTIMEWA YOGYAKARTA","ID_KABKOT":34.04,"KABKOT":"SLEMAN","ID_KEC":"34.04.09","KECAMATAN":"PRAMBANAN","ID_DESA":"34.04.09.2006","DESA":"BOKOHARJO","LONGITUDE":110.4809274,"LATITUDE":-7.7771922,"STATUS":"BUKA","TANGGAL PENGUMPULAN":"Q1 2025","TANGGAL UPDATE":"27/02/2025"}},{"type":"Feature","geometry":{"coordinates":[110.4672639,-7.8159076],"type":"Point"},"properties":{"NAMA":"TOKO KELONTONG MBAK ERNA","TIPE_1":"PERDAGANGAN DAN RETAIL","TIPE_2":"TOKO KELONTONG","TIPE_3":"-","TELEPON":"0813-2513-5068","ALAMAT":"JOGOMANGSAN, JOGOTIRTO, KEC. BERBAH, KABUPATEN SLEMAN, DAERAH ISTIMEWA YOGYAKARTA","ID_PROV":34,"PROVINSI":"DAERAH ISTIMEWA YOGYAKARTA","ID_KABKOT":34.04,"KABKOT":"SLEMAN","ID_KEC":"34.04.08","KECAMATAN":"BERBAH","ID_DESA":"34.04.08.2004","DESA":"JOGOTIRTO","LONGITUDE":110.4672639,"LATITUDE":-7.8159076,"STATUS":"BUKA","TANGGAL PENGUMPULAN":"Q1 2025","TANGGAL UPDATE":"27/02/2025"}},{"type":"Feature","geometry":{"coordinates":[110.2555332,-7.724849],"type":"Point"},"properties":{"NAMA":"TOKO SEMAR SEMARSHOP(KELONTONG)","TIPE_1":"PERDAGANGAN DAN RETAIL","TIPE_2":"TOKO KELONTONG","TIPE_3":"-","TELEPON":"","ALAMAT":"JOGOREJO, SENDANGSARI, KEC. MINGGIR, KABUPATEN SLEMAN, DAERAH ISTIMEWA YOGYAKARTA 55562","ID_PROV":34,"PROVINSI":"DAERAH ISTIMEWA YOGYAKARTA","ID_KABKOT":34.04,"KABKOT":"SLEMAN","ID_KEC":"34.04.04","KECAMATAN":"MINGGIR","ID_DESA":"34.04.04.2004","DESA":"SENDANGSARI","LONGITUDE":110.2555332,"LATITUDE":-7.724849,"STATUS":"BUKA","TANGGAL PENGUMPULAN":"Q1 2025","TANGGAL UPDATE":"27/02/2025"}},{"type":"Feature","geometry":{"coordinates":[110.3653941,-7.7526148],"type":"Point"},"properties":{"NAMA":"BINANGUN SEMBAKO","TIPE_1":"PERDAGANGAN DAN RETAIL","TIPE_2":"TOKO KELONTONG","TIPE_3":"-","TELEPON":"","ALAMAT":"JOMBOR KIDUL, SINDUADI, MLATI, SLEMAN REGENCY, SPECIAL REGION OF YOGYAKARTA 55284","ID_PROV":34,"PROVINSI":"DAERAH ISTIMEWA YOGYAKARTA","ID_KABKOT":34.04,"KABKOT":"SLEMAN","ID_KEC":"34.04.06","KECAMATAN":"MLATI","ID_DESA":"34.04.06.2001","DESA":"SINDUADI","LONGITUDE":110.3653941,"LATITUDE":-7.7526148,"STATUS":"BUKA","TANGGAL PENGUMPULAN":"Q1 2025","TANGGAL UPDATE":"27/02/2025"}},{"type":"Feature","geometry":{"coordinates":[110.4638094,-7.8062716],"type":"Point"},"properties":{"NAMA":"TOKO BU YANTI","TIPE_1":"PERDAGANGAN DAN RETAIL","TIPE_2":"TOKO KELONTONG","TIPE_3":"-","TELEPON":"","ALAMAT":"JRAGUNG, JOGOTIRTO, KEC. BERBAH, KABUPATEN SLEMAN, DAERAH ISTIMEWA YOGYAKARTA 55573","ID_PROV":34,"PROVINSI":"DAERAH ISTIMEWA YOGYAKARTA","ID_KABKOT":34.04,"KABKOT":"SLEMAN","ID_KEC":"34.04.08","KECAMATAN":"BERBAH","ID_DESA":"34.04.08.2004","DESA":"JOGOTIRTO","LONGITUDE":110.4638094,"LATITUDE":-7.8062716,"STATUS":"BUKA","TANGGAL PENGUMPULAN":"Q1 2025","TANGGAL UPDATE":"27/02/2025"}},{"type":"Feature","geometry":{"coordinates":[110.4635462,-7.8067977],"type":"Point"},"properties":{"NAMA":"TOKO KELONTONG BU WATI","TIPE_1":"PERDAGANGAN DAN RETAIL","TIPE_2":"TOKO KELONTONG","TIPE_3":"-","TELEPON":"0838-2599-2399","ALAMAT":"JRAGUNG, JOGOTIRTO, KEC. BERBAH, KABUPATEN SLEMAN, DAERAH ISTIMEWA YOGYAKARTA 55573","ID_PROV":34,"PROVINSI":"DAERAH ISTIMEWA YOGYAKARTA","ID_KABKOT":34.04,"KABKOT":"SLEMAN","ID_KEC":"34.04.08","KECAMATAN":"BERBAH","ID_DESA":"34.04.08.2004","DESA":"JOGOTIRTO","LONGITUDE":110.4635462,"LATITUDE":-7.8067977,"STATUS":"BUKA","TANGGAL PENGUMPULAN":"Q1 2025","TANGGAL UPDATE":"27/02/2025"}},{"type":"Feature","geometry":{"coordinates":[110.4662751,-7.7877348],"type":"Point"},"properties":{"NAMA":"TOKO TIKA","TIPE_1":"PERDAGANGAN DAN RETAIL","TIPE_2":"TOKO KELONTONG","TIPE_3":"-","TELEPON":"","ALAMAT":"JREBESAN, KALITIRTO, KEC. BERBAH, KABUPATEN SLEMAN, DAERAH ISTIMEWA YOGYAKARTA 55573","ID_PROV":34,"PROVINSI":"DAERAH ISTIMEWA YOGYAKARTA","ID_KABKOT":34.04,"KABKOT":"SLEMAN","ID_KEC":"34.04.08","KECAMATAN":"BERBAH","ID_DESA":"34.04.08.2003","DESA":"KALITIRTO","LONGITUDE":110.4662751,"LATITUDE":-7.7877348,"STATUS":"BUKA","TANGGAL PENGUMPULAN":"Q1 2025","TANGGAL UPDATE":"27/02/2025"}},{"type":"Feature","geometry":{"coordinates":[110.4445159,-7.7784472],"type":"Point"},"properties":{"NAMA":"VIO KELONTONG & FOTOCOPY","TIPE_1":"PERDAGANGAN DAN RETAIL","TIPE_2":"TOKO KELONTONG","TIPE_3":"-","TELEPON":"(0274) 000000","ALAMAT":"JUWANGEN RT 02 RW 01 PURWOMARTANI KALASAN, JUWANGEN, PURWOMARTANI, KEC. KALASAN, KABUPATEN SLEMAN, DAERAH ISTIMEWA YOGYAKARTA 55571","ID_PROV":34,"PROVINSI":"DAERAH ISTIMEWA YOGYAKARTA","ID_KABKOT":34.04,"KABKOT":"SLEMAN","ID_KEC":"34.04.10","KECAMATAN":"KALASAN","ID_DESA":"34.04.10.2001","DESA":"PURWOMARTANI","LONGITUDE":110.4445159,"LATITUDE":-7.7784472,"STATUS":"BUKA","TANGGAL PENGUMPULAN":"Q1 2025","TANGGAL UPDATE":"27/02/2025"}},{"type":"Feature","geometry":{"coordinates":[110.3399202,-7.6603874],"type":"Point"},"properties":{"NAMA":"WARUNG SEMBAKO MBAK NITA","TIPE_1":"PERDAGANGAN DAN RETAIL","TIPE_2":"TOKO KELONTONG","TIPE_3":"-","TELEPON":"","ALAMAT":"KADILUWIH, MARGOREJO, KEC. TEMPEL, KABUPATEN SLEMAN, DAERAH ISTIMEWA YOGYAKARTA 55552","ID_PROV":34,"PROVINSI":"DAERAH ISTIMEWA YOGYAKARTA","ID_KABKOT":34.04,"KABKOT":"SLEMAN","ID_KEC":"34.04.14","KECAMATAN":"TEMPEL","ID_DESA":"34.04.14.2006","DESA":"MARGOREJO","LONGITUDE":110.3399202,"LATITUDE":-7.6603874,"STATUS":"BUKA","TANGGAL PENGUMPULAN":"Q1 2025","TANGGAL UPDATE":"27/02/2025"}},{"type":"Feature","geometry":{"coordinates":[110.3036686,-7.7364809],"type":"Point"},"properties":{"NAMA":"WARUNG HANIFAHANUN","TIPE_1":"PERDAGANGAN DAN RETAIL","TIPE_2":"TOKO KELONTONG","TIPE_3":"-","TELEPON":"","ALAMAT":"KADIPIRO, MARGODADI, KEC. SEYEGAN, KABUPATEN SLEMAN, DAERAH ISTIMEWA YOGYAKARTA 55561","ID_PROV":34,"PROVINSI":"DAERAH ISTIMEWA YOGYAKARTA","ID_KABKOT":34.04,"KABKOT":"SLEMAN","ID_KEC":"34.04.05","KECAMATAN":"SEYEGAN","ID_DESA":"34.04.05.2002","DESA":"MARGODADI","LONGITUDE":110.3036686,"LATITUDE":-7.7364809,"STATUS":"BUKA","TANGGAL PENGUMPULAN":"Q1 2025","TANGGAL UPDATE":"27/02/2025"}},{"type":"Feature","geometry":{"coordinates":[110.445565,-7.7687421],"type":"Point"},"properties":{"NAMA":"TOKO ROZIN","TIPE_1":"PERDAGANGAN DAN RETAIL","TIPE_2":"TOKO KELONTONG","TIPE_3":"-","TELEPON":"","ALAMAT":"KADIROJO II, PURWOMARTANI, KALASAN, SLEMAN REGENCY, SPECIAL REGION OF YOGYAKARTA 55571","ID_PROV":34,"PROVINSI":"DAERAH ISTIMEWA YOGYAKARTA","ID_KABKOT":34.04,"KABKOT":"SLEMAN","ID_KEC":"34.04.10","KECAMATAN":"KALASAN","ID_DESA":"34.04.10.2001","DESA":"PURWOMARTANI","LONGITUDE":110.445565,"LATITUDE":-7.7687421,"STATUS":"BUKA","TANGGAL PENGUMPULAN":"Q1 2025","TANGGAL UPDATE":"27/02/2025"}},{"type":"Feature","geometry":{"coordinates":[110.2460444,-7.7760084],"type":"Point"},"properties":{"NAMA":"WARUNG SAYUR DAN KELONTONG ESTI","TIPE_1":"PERDAGANGAN DAN RETAIL","TIPE_2":"TOKO KELONTONG","TIPE_3":"-","TELEPON":"","ALAMAT":"KALAI DUREN III, SUMBERAGUNG, MOYUDAN, SLEMAN REGENCY, SPECIAL REGION OF YOGYAKARTA 55563","ID_PROV":34,"PROVINSI":"DAERAH ISTIMEWA YOGYAKARTA","ID_KABKOT":34.04,"KABKOT":"SLEMAN","ID_KEC":"34.04.03","KECAMATAN":"MOYUDAN","ID_DESA":"34.04.03.2003","DESA":"SUMBERAGUNG","LONGITUDE":110.2460444,"LATITUDE":-7.7760084,"STATUS":"BUKA","TANGGAL PENGUMPULAN":"Q1 2025","TANGGAL UPDATE":"27/02/2025"}},{"type":"Feature","geometry":{"coordinates":[110.4523363,-7.7889828],"type":"Point"},"properties":{"NAMA":"KELONTONG ANGGITA RAHMAN","TIPE_1":"PERDAGANGAN DAN RETAIL","TIPE_2":"TOKO KELONTONG","TIPE_3":"-","TELEPON":"","ALAMAT":"KALIAJIR KIDUL, KALITIRTO, BERBAH, SLEMAN REGENCY, SPECIAL REGION OF YOGYAKARTA 55573","ID_PROV":34,"PROVINSI":"DAERAH ISTIMEWA YOGYAKARTA","ID_KABKOT":34.04,"KABKOT":"SLEMAN","ID_KEC":"34.04.08","KECAMATAN":"BERBAH","ID_DESA":"34.04.08.2003","DESA":"KALITIRTO","LONGITUDE":110.4523363,"LATITUDE":-7.7889828,"STATUS":"BUKA","TANGGAL PENGUMPULAN":"Q1 2025","TANGGAL UPDATE":"27/02/2025"}},{"type":"Feature","geometry":{"coordinates":[110.4490889,-7.785771],"type":"Point"},"properties":{"NAMA":"TOKO DANI","TIPE_1":"PERDAGANGAN DAN RETAIL","TIPE_2":"TOKO KELONTONG","TIPE_3":"-","TELEPON":"","ALAMAT":"KALIAJIR LOR, KALITIRTO, KEC. BERBAH, KABUPATEN SLEMAN, DAERAH ISTIMEWA YOGYAKARTA 55573","ID_PROV":34,"PROVINSI":"DAERAH ISTIMEWA YOGYAKARTA","ID_KABKOT":34.04,"KABKOT":"SLEMAN","ID_KEC":"34.04.08","KECAMATAN":"BERBAH","ID_DESA":"34.04.08.2003","DESA":"KALITIRTO","LONGITUDE":110.4490889,"LATITUDE":-7.785771,"STATUS":"BUKA","TANGGAL PENGUMPULAN":"Q1 2025","TANGGAL UPDATE":"27/02/2025"}},{"type":"Feature","geometry":{"coordinates":[110.2426701,-7.7756914],"type":"Point"},"properties":{"NAMA":"TOKO SEMBAKO NAYAH","TIPE_1":"PERDAGANGAN DAN RETAIL","TIPE_2":"TOKO KELONTONG","TIPE_3":"-","TELEPON":"","ALAMAT":"KALIDUREN, RW.3, KALIDUREN 3, SUMBERAGUNG, KEC. MOYUDAN, KABUPATEN SLEMAN, DAERAH ISTIMEWA YOGYAKARTA 55563","ID_PROV":34,"PROVINSI":"DAERAH ISTIMEWA YOGYAKARTA","ID_KABKOT":34.04,"KABKOT":"SLEMAN","ID_KEC":"34.04.03","KECAMATAN":"MOYUDAN","ID_DESA":"34.04.03.2003","DESA":"SUMBERAGUNG","LONGITUDE":110.2426701,"LATITUDE":-7.7756914,"STATUS":"BUKA","TANGGAL PENGUMPULAN":"Q1 2025","TANGGAL UPDATE":"27/02/2025"}},{"type":"Feature","geometry":{"coordinates":[110.312679,-7.81288],"type":"Point"},"properties":{"NAMA":"WARUNG KELONTONG SASA","TIPE_1":"PERDAGANGAN DAN RETAIL","TIPE_2":"TOKO KELONTONG","TIPE_3":"-","TELEPON":"0898-5296-656","ALAMAT":"KALIMANJUNG, AMBARKETAWANG, KEC. GAMPING, KABUPATEN SLEMAN, DAERAH ISTIMEWA YOGYAKARTA 55294","ID_PROV":34,"PROVINSI":"DAERAH ISTIMEWA YOGYAKARTA","ID_KABKOT":34.04,"KABKOT":"SLEMAN","ID_KEC":"34.04.01","KECAMATAN":"GAMPING","ID_DESA":"34.04.01.2002","DESA":"AMBARKETAWANG","LONGITUDE":110.312679,"LATITUDE":-7.81288,"STATUS":"BUKA","TANGGAL PENGUMPULAN":"Q1 2025","TANGGAL UPDATE":"27/02/2025"}},{"type":"Feature","geometry":{"coordinates":[110.4040783,-7.7191309],"type":"Point"},"properties":{"NAMA":"TOKO ATIKA","TIPE_1":"PERDAGANGAN DAN RETAIL","TIPE_2":"TOKO KELONTONG","TIPE_3":"-","TELEPON":"0812-2810-2126","ALAMAT":"KALIURANG ST NO.10 KM.8, DENTAN, SINDUHARJO, NGAGLIK, SLEMAN REGENCY, SPECIAL REGION OF YOGYAKARTA 55581","ID_PROV":34,"PROVINSI":"DAERAH ISTIMEWA YOGYAKARTA","ID_KABKOT":34.04,"KABKOT":"SLEMAN","ID_KEC":"34.04.12","KECAMATAN":"NGAGLIK","ID_DESA":"34.04.12.2003","DESA":"SINDUHARJO","LONGITUDE":110.4040783,"LATITUDE":-7.7191309,"STATUS":"BUKA","TANGGAL PENGUMPULAN":"Q1 2025","TANGGAL UPDATE":"27/02/2025"}},{"type":"Feature","geometry":{"coordinates":[110.4034101,-7.7202643],"type":"Point"},"properties":{"NAMA":"TOKO SAYAP MAKMUR","TIPE_1":"PERDAGANGAN DAN RETAIL","TIPE_2":"TOKO KELONTONG","TIPE_3":"-","TELEPON":"0813-9001-4004","ALAMAT":"KALIURANG ST NO.KM 10, GONDANGAN, SARDONOHARJO, NGAGLIK, SLEMAN REGENCY, SPECIAL REGION OF YOGYAKARTA 55581","ID_PROV":34,"PROVINSI":"DAERAH ISTIMEWA YOGYAKARTA","ID_KABKOT":34.04,"KABKOT":"SLEMAN","ID_KEC":"34.04.12","KECAMATAN":"NGAGLIK","ID_DESA":"34.04.12.2005","DESA":"SARDONOHARJO","LONGITUDE":110.4034101,"LATITUDE":-7.7202643,"STATUS":"BUKA","TANGGAL PENGUMPULAN":"Q1 2025","TANGGAL UPDATE":"27/02/2025"}},{"type":"Feature","geometry":{"coordinates":[110.4214635,-7.6599405],"type":"Point"},"properties":{"NAMA":"TOKO TAMI","TIPE_1":"PERDAGANGAN DAN RETAIL","TIPE_2":"TOKO KELONTONG","TIPE_3":"-","TELEPON":"0857-2589-0503","ALAMAT":"KALIURANG ST NO.KM.14, GAMBIRAN, PAKEMBINANGUN, PAKEM, YOGYAKARTA, SPECIAL REGION OF YOGYAKARTA 55582","ID_PROV":34,"PROVINSI":"DAERAH ISTIMEWA YOGYAKARTA","ID_KABKOT":34.04,"KABKOT":"SLEMAN","ID_KEC":"34.04.16","KECAMATAN":"PAKEM","ID_DESA":"34.04.16.2004","DESA":"PAKEMBINANGUN","LONGITUDE":110.4214635,"LATITUDE":-7.6599405,"STATUS":"BUKA","TANGGAL PENGUMPULAN":"Q1 2025","TANGGAL UPDATE":"27/02/2025"}},{"type":"Feature","geometry":{"coordinates":[110.4228826,-7.6541063],"type":"Point"},"properties":{"NAMA":"TOKO RAHAYU","TIPE_1":"PERDAGANGAN DAN RETAIL","TIPE_2":"TOKO KELONTONG","TIPE_3":"-","TELEPON":"0858-6822-6805","ALAMAT":"KALIURANG ST NO.KM.18, AREA SAWAH, PAKEMBINANGUN, PAKEM, SLEMAN REGENCY, SPECIAL REGION OF YOGYAKARTA 55582","ID_PROV":34,"PROVINSI":"DAERAH ISTIMEWA YOGYAKARTA","ID_KABKOT":34.04,"KABKOT":"SLEMAN","ID_KEC":"34.04.16","KECAMATAN":"PAKEM","ID_DESA":"34.04.16.2004","DESA":"PAKEMBINANGUN","LONGITUDE":110.4228826,"LATITUDE":-7.6541063,"STATUS":"BUKA","TANGGAL PENGUMPULAN":"Q1 2025","TANGGAL UPDATE":"27/02/2025"}},{"type":"Feature","geometry":{"coordinates":[110.407009,-7.679168],"type":"Point"},"properties":{"NAMA":"TOKO SUTINI","TIPE_1":"PERDAGANGAN DAN RETAIL","TIPE_2":"TOKO KELONTONG","TIPE_3":"-","TELEPON":"0821-3391-1958","ALAMAT":"KALIWANGLU, RT.01/RW.17, BONDOSARI, HARGOBINANGUN, KEC. PAKEM, KABUPATEN SLEMAN, DAERAH ISTIMEWA YOGYAKARTA 55582","ID_PROV":34,"PROVINSI":"DAERAH ISTIMEWA YOGYAKARTA","ID_KABKOT":34.04,"KABKOT":"SLEMAN","ID_KEC":"34.04.16","KECAMATAN":"PAKEM","ID_DESA":"34.04.16.2003","DESA":"HARJOBINANGUN","LONGITUDE":110.407009,"LATITUDE":-7.679168,"STATUS":"BUKA","TANGGAL PENGUMPULAN":"Q1 2025","TANGGAL UPDATE":"27/02/2025"}},{"type":"Feature","geometry":{"coordinates":[110.4522927,-7.7148012],"type":"Point"},"properties":{"NAMA":"WARUNG DORIS","TIPE_1":"PERDAGANGAN DAN RETAIL","TIPE_2":"TOKO KELONTONG","TIPE_3":"-","TELEPON":"","ALAMAT":"KALIWARU, SUROKERTEN, SELOMARTANI, KEC. KALASAN, KABUPATEN SLEMAN, DAERAH ISTIMEWA YOGYAKARTA 55571","ID_PROV":34,"PROVINSI":"DAERAH ISTIMEWA YOGYAKARTA","ID_KABKOT":34.04,"KABKOT":"SLEMAN","ID_KEC":"34.04.10","KECAMATAN":"KALASAN","ID_DESA":"34.04.10.2004","DESA":"SELOMARTANI","LONGITUDE":110.4522927,"LATITUDE":-7.7148012,"STATUS":"BUKA","TANGGAL PENGUMPULAN":"Q1 2025","TANGGAL UPDATE":"27/02/2025"}},{"type":"Feature","geometry":{"coordinates":[110.4655736,-7.8235676],"type":"Point"},"properties":{"NAMA":"WARUNG KELONTONG BU SUDI","TIPE_1":"PERDAGANGAN DAN RETAIL","TIPE_2":"TOKO KELONTONG","TIPE_3":"-","TELEPON":"","ALAMAT":"KALIWINIH NO.001/017, KRASAAN, JOGOTIRTO, KEC. BERBAH, KABUPATEN SLEMAN, DAERAH ISTIMEWA YOGYAKARTA 55573","ID_PROV":34,"PROVINSI":"DAERAH ISTIMEWA YOGYAKARTA","ID_KABKOT":34.04,"KABKOT":"SLEMAN","ID_KEC":"34.04.08","KECAMATAN":"BERBAH","ID_DESA":"34.04.08.2004","DESA":"JOGOTIRTO","LONGITUDE":110.4655736,"LATITUDE":-7.8235676,"STATUS":"BUKA","TANGGAL PENGUMPULAN":"Q1 2025","TANGGAL UPDATE":"27/02/2025"}},{"type":"Feature","geometry":{"coordinates":[110.4313169,-7.7002541],"type":"Point"},"properties":{"NAMA":"TOKO ASRI","TIPE_1":"PERDAGANGAN DAN RETAIL","TIPE_2":"TOKO KELONTONG","TIPE_3":"-","TELEPON":"","ALAMAT":"KANDANGSARI, SUKOHARJO, KEC. NGAGLIK, KABUPATEN SLEMAN, DAERAH ISTIMEWA YOGYAKARTA 55581","ID_PROV":34,"PROVINSI":"DAERAH ISTIMEWA YOGYAKARTA","ID_KABKOT":34.04,"KABKOT":"SLEMAN","ID_KEC":"34.04.12","KECAMATAN":"NGAGLIK","ID_DESA":"34.04.12.2004","DESA":"SUKOHARJO","LONGITUDE":110.4313169,"LATITUDE":-7.7002541,"STATUS":"BUKA","TANGGAL PENGUMPULAN":"Q1 2025","TANGGAL UPDATE":"27/02/2025"}},{"type":"Feature","geometry":{"coordinates":[110.3504009,-7.6317157],"type":"Point"},"properties":{"NAMA":"TOKO ARGA","TIPE_1":"PERDAGANGAN DAN RETAIL","TIPE_2":"TOKO KELONTONG","TIPE_3":"-","TELEPON":"","ALAMAT":"KANTONGAN B, MERDIKOREJO, KEC. TEMPEL, KABUPATEN SLEMAN, DAERAH ISTIMEWA YOGYAKARTA 55552","ID_PROV":34,"PROVINSI":"DAERAH ISTIMEWA YOGYAKARTA","ID_KABKOT":34.04,"KABKOT":"SLEMAN","ID_KEC":"34.04.14","KECAMATAN":"TEMPEL","ID_DESA":"34.04.14.2008","DESA":"MERDIKOREJO","LONGITUDE":110.3504009,"LATITUDE":-7.6317157,"STATUS":"BUKA","TANGGAL PENGUMPULAN":"Q1 2025","TANGGAL UPDATE":"27/02/2025"}},{"type":"Feature","geometry":{"coordinates":[110.3677928,-7.7011553],"type":"Point"},"properties":{"NAMA":"TOKO SEMBAKO PODJOK","TIPE_1":"PERDAGANGAN DAN RETAIL","TIPE_2":"TOKO KELONTONG","TIPE_3":"-","TELEPON":"0856-4310-1020","ALAMAT":"KARANG ASEM, PANDOWOHARJO, KEC. SLEMAN, KABUPATEN SLEMAN, DAERAH ISTIMEWA YOGYAKARTA 55512","ID_PROV":34,"PROVINSI":"DAERAH ISTIMEWA YOGYAKARTA","ID_KABKOT":34.04,"KABKOT":"SLEMAN","ID_KEC":"34.04.13","KECAMATAN":"SLEMAN","ID_DESA":"34.04.13.2004","DESA":"PANDOWOHARJO","LONGITUDE":110.3677928,"LATITUDE":-7.7011553,"STATUS":"BUKA","TANGGAL PENGUMPULAN":"Q1 2025","TANGGAL UPDATE":"27/02/2025"}},{"type":"Feature","geometry":{"coordinates":[110.32234,-7.7079506],"type":"Point"},"properties":{"NAMA":"TOKO DARMASTUTI","TIPE_1":"PERDAGANGAN DAN RETAIL","TIPE_2":"TOKO KELONTONG","TIPE_3":"-","TELEPON":"0877-1904-6525","ALAMAT":"KARANG DALEM, MARGOMULYO, SEYEGAN, SLEMAN REGENCY, SPECIAL REGION OF YOGYAKARTA 55561","ID_PROV":34,"PROVINSI":"DAERAH ISTIMEWA YOGYAKARTA","ID_KABKOT":34.04,"KABKOT":"SLEMAN","ID_KEC":"34.04.05","KECAMATAN":"SEYEGAN","ID_DESA":"34.04.05.2004","DESA":"MARGOMULYO","LONGITUDE":110.32234,"LATITUDE":-7.7079506,"STATUS":"BUKA","TANGGAL PENGUMPULAN":"Q1 2025","TANGGAL UPDATE":"27/02/2025"}},{"type":"Feature","geometry":{"coordinates":[110.3592978,-7.7396429],"type":"Point"},"properties":{"NAMA":"TOKO HILMI","TIPE_1":"PERDAGANGAN DAN RETAIL","TIPE_2":"TOKO KELONTONG","TIPE_3":"-","TELEPON":"","ALAMAT":"KARANG GENENG, SENDANGADI, KEC. MLATI, KABUPATEN SLEMAN, DAERAH ISTIMEWA YOGYAKARTA 55285","ID_PROV":34,"PROVINSI":"DAERAH ISTIMEWA YOGYAKARTA","ID_KABKOT":34.04,"KABKOT":"SLEMAN","ID_KEC":"34.04.06","KECAMATAN":"MLATI","ID_DESA":"34.04.06.2002","DESA":"SENDANGADI","LONGITUDE":110.3592978,"LATITUDE":-7.7396429,"STATUS":"BUKA","TANGGAL PENGUMPULAN":"Q1 2025","TANGGAL UPDATE":"27/02/2025"}},{"type":"Feature","geometry":{"coordinates":[110.4635259,-7.771775],"type":"Point"},"properties":{"NAMA":"TOKO SEMBAKO ADINDA","TIPE_1":"PERDAGANGAN DAN RETAIL","TIPE_2":"TOKO KELONTONG","TIPE_3":"-","TELEPON":"","ALAMAT":"KARANG KALASAN, TIRTOMARTANI, KEC. KALASAN, KABUPATEN SLEMAN, DAERAH ISTIMEWA YOGYAKARTA 55571","ID_PROV":34,"PROVINSI":"DAERAH ISTIMEWA YOGYAKARTA","ID_KABKOT":34.04,"KABKOT":"SLEMAN","ID_KEC":"34.04.10","KECAMATAN":"KALASAN","ID_DESA":"34.04.10.2002","DESA":"TIRTOMARTANI","LONGITUDE":110.4635259,"LATITUDE":-7.771775,"STATUS":"BUKA","TANGGAL PENGUMPULAN":"Q1 2025","TANGGAL UPDATE":"27/02/2025"}},{"type":"Feature","geometry":{"coordinates":[110.4658442,-7.7703344],"type":"Point"},"properties":{"NAMA":"TOKO SEMBAKO ''DILA","TIPE_1":"PERDAGANGAN DAN RETAIL","TIPE_2":"TOKO KELONTONG","TIPE_3":"-","TELEPON":"0815-7901-683","ALAMAT":"KARANG KALASAN, TIRTOMARTANI, KEC. KALASAN, KABUPATEN SLEMAN, DAERAH ISTIMEWA YOGYAKARTA 55571","ID_PROV":34,"PROVINSI":"DAERAH ISTIMEWA YOGYAKARTA","ID_KABKOT":34.04,"KABKOT":"SLEMAN","ID_KEC":"34.04.10","KECAMATAN":"KALASAN","ID_DESA":"34.04.10.2002","DESA":"TIRTOMARTANI","LONGITUDE":110.4658442,"LATITUDE":-7.7703344,"STATUS":"BUKA","TANGGAL PENGUMPULAN":"Q1 2025","TANGGAL UPDATE":"27/02/2025"}},{"type":"Feature","geometry":{"coordinates":[110.366698,-7.7095275],"type":"Point"},"properties":{"NAMA":"NDALEM GEPENGAN","TIPE_1":"PERDAGANGAN DAN RETAIL","TIPE_2":"TOKO KELONTONG","TIPE_3":"-","TELEPON":"","ALAMAT":"KARANG TJ., PANDOWOHARJO, KEC. SLEMAN, KABUPATEN SLEMAN, DAERAH ISTIMEWA YOGYAKARTA 55512","ID_PROV":34,"PROVINSI":"DAERAH ISTIMEWA YOGYAKARTA","ID_KABKOT":34.04,"KABKOT":"SLEMAN","ID_KEC":"34.04.13","KECAMATAN":"SLEMAN","ID_DESA":"34.04.13.2004","DESA":"PANDOWOHARJO","LONGITUDE":110.366698,"LATITUDE":-7.7095275,"STATUS":"BUKA","TANGGAL PENGUMPULAN":"Q1 2025","TANGGAL UPDATE":"27/02/2025"}},{"type":"Feature","geometry":{"coordinates":[110.3406029,-7.7705693],"type":"Point"},"properties":{"NAMA":"RAZKA BUAH DAN SEMBAKO","TIPE_1":"PERDAGANGAN DAN RETAIL","TIPE_2":"TOKO KELONTONG","TIPE_3":"-","TELEPON":"0857-4700-6744","ALAMAT":"KARANG WETAN, NOGOTIRTO, KEC. GAMPING, KABUPATEN SLEMAN, DAERAH ISTIMEWA YOGYAKARTA 55592","ID_PROV":34,"PROVINSI":"DAERAH ISTIMEWA YOGYAKARTA","ID_KABKOT":34.04,"KABKOT":"SLEMAN","ID_KEC":"34.04.01","KECAMATAN":"GAMPING","ID_DESA":"34.04.01.2004","DESA":"NOGOTIRTO","LONGITUDE":110.3406029,"LATITUDE":-7.7705693,"STATUS":"BUKA","TANGGAL PENGUMPULAN":"Q1 2025","TANGGAL UPDATE":"27/02/2025"}},{"type":"Feature","geometry":{"coordinates":[110.4708969,-7.8139408],"type":"Point"},"properties":{"NAMA":"WARUNG BU SRI SEDAN","TIPE_1":"PERDAGANGAN DAN RETAIL","TIPE_2":"TOKO KELONTONG","TIPE_3":"-","TELEPON":"0855-3676-5782","ALAMAT":"KARANGAN, JOGOTIRTO, KEC. BERBAH, KABUPATEN SLEMAN, DAERAH ISTIMEWA YOGYAKARTA","ID_PROV":34,"PROVINSI":"DAERAH ISTIMEWA YOGYAKARTA","ID_KABKOT":34.04,"KABKOT":"SLEMAN","ID_KEC":"34.04.08","KECAMATAN":"BERBAH","ID_DESA":"34.04.08.2004","DESA":"JOGOTIRTO","LONGITUDE":110.4708969,"LATITUDE":-7.8139408,"STATUS":"BUKA","TANGGAL PENGUMPULAN":"Q1 2025","TANGGAL UPDATE":"27/02/2025"}},{"type":"Feature","geometry":{"coordinates":[110.4240936,-7.7261125],"type":"Point"},"properties":{"NAMA":"WARUNG KELONTONG PAK MANGUN","TIPE_1":"PERDAGANGAN DAN RETAIL","TIPE_2":"TOKO KELONTONG","TIPE_3":"-","TELEPON":"0878-3233-3877","ALAMAT":"KARANGANYAR, WEDOMARTANI, KEC. NGEMPLAK, KABUPATEN SLEMAN, DAERAH ISTIMEWA YOGYAKARTA 55584","ID_PROV":34,"PROVINSI":"DAERAH ISTIMEWA YOGYAKARTA","ID_KABKOT":34.04,"KABKOT":"SLEMAN","ID_KEC":"34.04.11","KECAMATAN":"NGEMPLAK","ID_DESA":"34.04.11.2004","DESA":"WEDOMARTANI","LONGITUDE":110.4240936,"LATITUDE":-7.7261125,"STATUS":"BUKA","TANGGAL PENGUMPULAN":"Q1 2025","TANGGAL UPDATE":"27/02/2025"}},{"type":"Feature","geometry":{"coordinates":[110.4896612,-7.8122918],"type":"Point"},"properties":{"NAMA":"TOKO BU PUJI","TIPE_1":"PERDAGANGAN DAN RETAIL","TIPE_2":"TOKO KELONTONG","TIPE_3":"-","TELEPON":"","ALAMAT":"KARANGGEDE, POLANGAN, SUMBERHARJO, KEC. PRAMBANAN, KABUPATEN SLEMAN, DAERAH ISTIMEWA YOGYAKARTA 55572","ID_PROV":34,"PROVINSI":"DAERAH ISTIMEWA YOGYAKARTA","ID_KABKOT":34.04,"KABKOT":"SLEMAN","ID_KEC":"34.04.09","KECAMATAN":"PRAMBANAN","ID_DESA":"34.04.09.2001","DESA":"SUMBERHARJO","LONGITUDE":110.4896612,"LATITUDE":-7.8122918,"STATUS":"BUKA","TANGGAL PENGUMPULAN":"Q1 2025","TANGGAL UPDATE":"27/02/2025"}},{"type":"Feature","geometry":{"coordinates":[110.332775,-7.6633246],"type":"Point"},"properties":{"NAMA":"KAS WAROENG","TIPE_1":"PERDAGANGAN DAN RETAIL","TIPE_2":"TOKO KELONTONG","TIPE_3":"-","TELEPON":"","ALAMAT":"KARANGHARJO, MARGOREJO, KEC. TEMPEL, KABUPATEN SLEMAN, DAERAH ISTIMEWA YOGYAKARTA 55552","ID_PROV":34,"PROVINSI":"DAERAH ISTIMEWA YOGYAKARTA","ID_KABKOT":34.04,"KABKOT":"SLEMAN","ID_KEC":"34.04.14","KECAMATAN":"TEMPEL","ID_DESA":"34.04.14.2006","DESA":"MARGOREJO","LONGITUDE":110.332775,"LATITUDE":-7.6633246,"STATUS":"BUKA","TANGGAL PENGUMPULAN":"Q1 2025","TANGGAL UPDATE":"27/02/2025"}},{"type":"Feature","geometry":{"coordinates":[110.3321942,-7.6669228],"type":"Point"},"properties":{"NAMA":"TOKO PUTU RESO","TIPE_1":"PERDAGANGAN DAN RETAIL","TIPE_2":"TOKO KELONTONG","TIPE_3":"-","TELEPON":"0815-4861-3309","ALAMAT":"KARANGHARJO, MARGOREJO, KEC. TEMPEL, KABUPATEN SLEMAN, DAERAH ISTIMEWA YOGYAKARTA 55552","ID_PROV":34,"PROVINSI":"DAERAH ISTIMEWA YOGYAKARTA","ID_KABKOT":34.04,"KABKOT":"SLEMAN","ID_KEC":"34.04.14","KECAMATAN":"TEMPEL","ID_DESA":"34.04.14.2006","DESA":"MARGOREJO","LONGITUDE":110.3321942,"LATITUDE":-7.6669228,"STATUS":"BUKA","TANGGAL PENGUMPULAN":"Q1 2025","TANGGAL UPDATE":"27/02/2025"}},{"type":"Feature","geometry":{"coordinates":[110.2339521,-7.7256383],"type":"Point"},"properties":{"NAMA":"SEMBAKO SENDOK INDAH","TIPE_1":"PERDAGANGAN DAN RETAIL","TIPE_2":"TOKO KELONTONG","TIPE_3":"-","TELEPON":"0882-0083-13190","ALAMAT":"JL. RAYA BANJARARUM, POJOK 5, SENDANGAGUNG, KEC. MINGGIR, KABUPATEN SLEMAN, DAERAH ISTIMEWA YOGYAKARTA 55562","ID_PROV":34,"PROVINSI":"DAERAH ISTIMEWA YOGYAKARTA","ID_KABKOT":34.04,"KABKOT":"SLEMAN","ID_KEC":"34.04.04","KECAMATAN":"MINGGIR","ID_DESA":"34.04.04.2003","DESA":"SENDANGAGUNG","LONGITUDE":110.2339521,"LATITUDE":-7.7256383,"STATUS":"BUKA","TANGGAL PENGUMPULAN":"Q1 2025","TANGGAL UPDATE":"27/02/2025"}},{"type":"Feature","geometry":{"coordinates":[110.445395,-7.804343],"type":"Point"},"properties":{"NAMA":"TOKO SILVA","TIPE_1":"PERDAGANGAN DAN RETAIL","TIPE_2":"TOKO KELONTONG","TIPE_3":"-","TELEPON":"","ALAMAT":"JL. RAYA BERBAH NO.170-172, BERBAH, TEGALTIRTO, BERBAH, SLEMAN REGENCY, SPECIAL REGION OF YOGYAKARTA 55573","ID_PROV":34,"PROVINSI":"DAERAH ISTIMEWA YOGYAKARTA","ID_KABKOT":34.04,"KABKOT":"SLEMAN","ID_KEC":"34.04.08","KECAMATAN":"BERBAH","ID_DESA":"34.04.08.2002","DESA":"TEGALTIRTO","LONGITUDE":110.445395,"LATITUDE":-7.804343,"STATUS":"BUKA","TANGGAL PENGUMPULAN":"Q1 2025","TANGGAL UPDATE":"27/02/2025"}},{"type":"Feature","geometry":{"coordinates":[110.4465196,-7.7910843],"type":"Point"},"properties":{"NAMA":"TOKO SEMBAKO AKRAM","TIPE_1":"PERDAGANGAN DAN RETAIL","TIPE_2":"TOKO KELONTONG","TIPE_3":"-","TELEPON":"","ALAMAT":"JL. RAYA BERBAH UTARA, JAGALAN, KALITIRTO, KEC. BERBAH, KABUPATEN SLEMAN, DAERAH ISTIMEWA YOGYAKARTA 55573","ID_PROV":34,"PROVINSI":"DAERAH ISTIMEWA YOGYAKARTA","ID_KABKOT":34.04,"KABKOT":"SLEMAN","ID_KEC":"34.04.08","KECAMATAN":"BERBAH","ID_DESA":"34.04.08.2002","DESA":"TEGALTIRTO","LONGITUDE":110.4465196,"LATITUDE":-7.7910843,"STATUS":"BUKA","TANGGAL PENGUMPULAN":"Q1 2025","TANGGAL UPDATE":"27/02/2025"}},{"type":"Feature","geometry":{"coordinates":[110.4468488,-7.7903644],"type":"Point"},"properties":{"NAMA":"TOKO JAMILAH","TIPE_1":"PERDAGANGAN DAN RETAIL","TIPE_2":"TOKO KELONTONG","TIPE_3":"-","TELEPON":"0838-3516-1696","ALAMAT":"JL. RAYA BERBAH UTARA, JAGALAN, TEGALTIRTO, KEC. BERBAH, KABUPATEN SLEMAN, DAERAH ISTIMEWA YOGYAKARTA 55573","ID_PROV":34,"PROVINSI":"DAERAH ISTIMEWA YOGYAKARTA","ID_KABKOT":34.04,"KABKOT":"SLEMAN","ID_KEC":"34.04.08","KECAMATAN":"BERBAH","ID_DESA":"34.04.08.2002","DESA":"TEGALTIRTO","LONGITUDE":110.4468488,"LATITUDE":-7.7903644,"STATUS":"BUKA","TANGGAL PENGUMPULAN":"Q1 2025","TANGGAL UPDATE":"27/02/2025"}},{"type":"Feature","geometry":{"coordinates":[110.4476283,-7.785885],"type":"Point"},"properties":{"NAMA":"TOKO SANJAYA SEMBAKO","TIPE_1":"PERDAGANGAN DAN RETAIL","TIPE_2":"TOKO KELONTONG","TIPE_3":"-","TELEPON":"","ALAMAT":"JL. RAYA BERBAH UTARA, JAGALAN, TEGALTIRTO, KEC. BERBAH, KABUPATEN SLEMAN, DAERAH ISTIMEWA YOGYAKARTA 55573","ID_PROV":34,"PROVINSI":"DAERAH ISTIMEWA YOGYAKARTA","ID_KABKOT":34.04,"KABKOT":"SLEMAN","ID_KEC":"34.04.08","KECAMATAN":"BERBAH","ID_DESA":"34.04.08.2002","DESA":"TEGALTIRTO","LONGITUDE":110.4476283,"LATITUDE":-7.785885,"STATUS":"BUKA","TANGGAL PENGUMPULAN":"Q1 2025","TANGGAL UPDATE":"27/02/2025"}},{"type":"Feature","geometry":{"coordinates":[110.4244892,-7.8043919],"type":"Point"},"properties":{"NAMA":"WARUNG SEMBAKO KWT SIDODADI","TIPE_1":"PERDAGANGAN DAN RETAIL","TIPE_2":"TOKO KELONTONG","TIPE_3":"-","TELEPON":"","ALAMAT":"JL. RAYA BERBAH, AREA SAWAH/KEBUN, SENDANGTIRTO, KEC. BERBAH, KABUPATEN SLEMAN, DAERAH ISTIMEWA YOGYAKARTA 55573","ID_PROV":34,"PROVINSI":"DAERAH ISTIMEWA YOGYAKARTA","ID_KABKOT":34.04,"KABKOT":"SLEMAN","ID_KEC":"34.04.08","KECAMATAN":"BERBAH","ID_DESA":"34.04.08.2001","DESA":"SENDANGTIRTO","LONGITUDE":110.4244892,"LATITUDE":-7.8043919,"STATUS":"BUKA","TANGGAL PENGUMPULAN":"Q1 2025","TANGGAL UPDATE":"27/02/2025"}},{"type":"Feature","geometry":{"coordinates":[110.4434028,-7.8046718],"type":"Point"},"properties":{"NAMA":"TOKO KELONTONG PAK TUYARNO","TIPE_1":"PERDAGANGAN DAN RETAIL","TIPE_2":"TOKO KELONTONG","TIPE_3":"-","TELEPON":"","ALAMAT":"JL. RAYA BERBAH, BERBAH, SENDANGTIRTO, KEC. BERBAH, KABUPATEN SLEMAN, DAERAH ISTIMEWA YOGYAKARTA 55573","ID_PROV":34,"PROVINSI":"DAERAH ISTIMEWA YOGYAKARTA","ID_KABKOT":34.04,"KABKOT":"SLEMAN","ID_KEC":"34.04.08","KECAMATAN":"BERBAH","ID_DESA":"34.04.08.2002","DESA":"TEGALTIRTO","LONGITUDE":110.4434028,"LATITUDE":-7.8046718,"STATUS":"BUKA","TANGGAL PENGUMPULAN":"Q1 2025","TANGGAL UPDATE":"27/02/2025"}},{"type":"Feature","geometry":{"coordinates":[110.4340469,-7.8038756],"type":"Point"},"properties":{"NAMA":"TOKO AZKA","TIPE_1":"PERDAGANGAN DAN RETAIL","TIPE_2":"TOKO KELONTONG","TIPE_3":"-","TELEPON":"0858-6946-1772","ALAMAT":"JL. RAYA BERBAH, MEREDEN, SENDANGTIRTO, KEC. BERBAH, KABUPATEN SLEMAN, DAERAH ISTIMEWA YOGYAKARTA 55573","ID_PROV":34,"PROVINSI":"DAERAH ISTIMEWA YOGYAKARTA","ID_KABKOT":34.04,"KABKOT":"SLEMAN","ID_KEC":"34.04.08","KECAMATAN":"BERBAH","ID_DESA":"34.04.08.2001","DESA":"SENDANGTIRTO","LONGITUDE":110.4340469,"LATITUDE":-7.8038756,"STATUS":"BUKA","TANGGAL PENGUMPULAN":"Q1 2025","TANGGAL UPDATE":"27/02/2025"}},{"type":"Feature","geometry":{"coordinates":[110.4137913,-7.7453724],"type":"Point"},"properties":{"NAMA":"TOKO SEMBAKO JOLALI","TIPE_1":"PERDAGANGAN DAN RETAIL","TIPE_2":"TOKO KELONTONG","TIPE_3":"-","TELEPON":"","ALAMAT":"JL. RAYA CANDI INDAH, JETIS, WEDOMARTANI, NGEMPLAK, SLEMAN REGENCY, SPECIAL REGION OF YOGYAKARTA 55584","ID_PROV":34,"PROVINSI":"DAERAH ISTIMEWA YOGYAKARTA","ID_KABKOT":34.04,"KABKOT":"SLEMAN","ID_KEC":"34.04.11","KECAMATAN":"NGEMPLAK","ID_DESA":"34.04.11.2004","DESA":"WEDOMARTANI","LONGITUDE":110.4137913,"LATITUDE":-7.7453724,"STATUS":"BUKA","TANGGAL PENGUMPULAN":"Q1 2025","TANGGAL UPDATE":"27/02/2025"}},{"type":"Feature","geometry":{"coordinates":[110.4414534,-7.753928],"type":"Point"},"properties":{"NAMA":"TOKO LARISS 26","TIPE_1":"PERDAGANGAN DAN RETAIL","TIPE_2":"TOKO KELONTONG","TIPE_3":"-","TELEPON":"","ALAMAT":"JL. RAYA KADISOKA DUSUN KADISOKA, RT.1/RW.1, KADISOKO, PURWOMARTANI, KEC. KALASAN, KABUPATEN SLEMAN, DAERAH ISTIMEWA YOGYAKARTA 55571","ID_PROV":34,"PROVINSI":"DAERAH ISTIMEWA YOGYAKARTA","ID_KABKOT":34.04,"KABKOT":"SLEMAN","ID_KEC":"34.04.10","KECAMATAN":"KALASAN","ID_DESA":"34.04.10.2001","DESA":"PURWOMARTANI","LONGITUDE":110.4414534,"LATITUDE":-7.753928,"STATUS":"BUKA","TANGGAL PENGUMPULAN":"Q1 2025","TANGGAL UPDATE":"27/02/2025"}},{"type":"Feature","geometry":{"coordinates":[110.4084739,-7.7795072],"type":"Point"},"properties":{"NAMA":"TOKO SEMBAKO FITRI 1","TIPE_1":"PERDAGANGAN DAN RETAIL","TIPE_2":"TOKO KELONTONG","TIPE_3":"-","TELEPON":"0877-2525-2302","ALAMAT":"JL. RAYA KLEDOKAN, TEMPEL, CATURTUNGGAL, KEC. DEPOK, KABUPATEN SLEMAN, DAERAH ISTIMEWA YOGYAKARTA 55281","ID_PROV":34,"PROVINSI":"DAERAH ISTIMEWA YOGYAKARTA","ID_KABKOT":34.04,"KABKOT":"SLEMAN","ID_KEC":"34.04.07","KECAMATAN":"DEPOK","ID_DESA":"34.04.07.2001","DESA":"CATURTUNGGAL","LONGITUDE":110.4084739,"LATITUDE":-7.7795072,"STATUS":"BUKA","TANGGAL PENGUMPULAN":"Q1 2025","TANGGAL UPDATE":"27/02/2025"}},{"type":"Feature","geometry":{"coordinates":[110.4156034,-7.7283059],"type":"Point"},"properties":{"NAMA":"SW SEMBAKO DAN SW CELL","TIPE_1":"PERDAGANGAN DAN RETAIL","TIPE_2":"TOKO KELONTONG","TIPE_3":"-","TELEPON":"0896-1637-1024","ALAMAT":"JL. RAYA KRAPYAK, BAKUNGAN, WEDOMARTANI, KEC. NGEMPLAK, KABUPATEN SLEMAN, DAERAH ISTIMEWA YOGYAKARTA 55584","ID_PROV":34,"PROVINSI":"DAERAH ISTIMEWA YOGYAKARTA","ID_KABKOT":34.04,"KABKOT":"SLEMAN","ID_KEC":"34.04.11","KECAMATAN":"NGEMPLAK","ID_DESA":"34.04.11.2004","DESA":"WEDOMARTANI","LONGITUDE":110.4156034,"LATITUDE":-7.7283059,"STATUS":"BUKA","TANGGAL PENGUMPULAN":"Q1 2025","TANGGAL UPDATE":"27/02/2025"}},{"type":"Feature","geometry":{"coordinates":[110.4699765,-7.7383142],"type":"Point"},"properties":{"NAMA":"WARUNG PAK RIPTO","TIPE_1":"PERDAGANGAN DAN RETAIL","TIPE_2":"TOKO KELONTONG","TIPE_3":"-","TELEPON":"","ALAMAT":"JL. RAYA LPMP NO.17, KEDULAN, TIRTOMARTANI, KEC. KALASAN, KABUPATEN SLEMAN, DAERAH ISTIMEWA YOGYAKARTA 55571","ID_PROV":34,"PROVINSI":"DAERAH ISTIMEWA YOGYAKARTA","ID_KABKOT":34.04,"KABKOT":"SLEMAN","ID_KEC":"34.04.10","KECAMATAN":"KALASAN","ID_DESA":"34.04.10.2002","DESA":"TIRTOMARTANI","LONGITUDE":110.4699765,"LATITUDE":-7.7383142,"STATUS":"BUKA","TANGGAL PENGUMPULAN":"Q1 2025","TANGGAL UPDATE":"27/02/2025"}},{"type":"Feature","geometry":{"coordinates":[110.4732639,-7.7480805],"type":"Point"},"properties":{"NAMA":"TOKO SALAM","TIPE_1":"PERDAGANGAN DAN RETAIL","TIPE_2":"TOKO KELONTONG","TIPE_3":"-","TELEPON":"","ALAMAT":"JL. RAYA LPMP NO.95, KARANG NONGKO, TIRTOMARTANI, KEC. KALASAN, KABUPATEN SLEMAN, DAERAH ISTIMEWA YOGYAKARTA 55571","ID_PROV":34,"PROVINSI":"DAERAH ISTIMEWA YOGYAKARTA","ID_KABKOT":34.04,"KABKOT":"SLEMAN","ID_KEC":"34.04.10","KECAMATAN":"KALASAN","ID_DESA":"34.04.10.2002","DESA":"TIRTOMARTANI","LONGITUDE":110.4732639,"LATITUDE":-7.7480805,"STATUS":"BUKA","TANGGAL PENGUMPULAN":"Q1 2025","TANGGAL UPDATE":"27/02/2025"}},{"type":"Feature","geometry":{"coordinates":[110.405659,-7.7385008],"type":"Point"},"properties":{"NAMA":"TOKO ADUA","TIPE_1":"PERDAGANGAN DAN RETAIL","TIPE_2":"TOKO KELONTONG","TIPE_3":"-","TELEPON":"0856-4337-5281","ALAMAT":"JL. RAYA MANUKAN NO.RAYA, PLOSO KUNING V, MINOMARTANI, KEC. NGAGLIK, KABUPATEN SLEMAN, DAERAH ISTIMEWA YOGYAKARTA 55581","ID_PROV":34,"PROVINSI":"DAERAH ISTIMEWA YOGYAKARTA","ID_KABKOT":34.04,"KABKOT":"SLEMAN","ID_KEC":"34.04.12","KECAMATAN":"NGAGLIK","ID_DESA":"34.04.12.2002","DESA":"MINOMARTANI","LONGITUDE":110.405659,"LATITUDE":-7.7385008,"STATUS":"BUKA","TANGGAL PENGUMPULAN":"Q1 2025","TANGGAL UPDATE":"27/02/2025"}},{"type":"Feature","geometry":{"coordinates":[110.4344181,-7.6458309],"type":"Point"},"properties":{"NAMA":"TOKO CHESTA","TIPE_1":"PERDAGANGAN DAN RETAIL","TIPE_2":"TOKO KELONTONG","TIPE_3":"-","TELEPON":"","ALAMAT":"JL. RAYA MERAPI GOLF NO.KM 1, BEDOYO, WUKIRSARI, KEC. CANGKRINGAN, KABUPATEN SLEMAN, DAERAH ISTIMEWA YOGYAKARTA 55583","ID_PROV":34,"PROVINSI":"DAERAH ISTIMEWA YOGYAKARTA","ID_KABKOT":34.04,"KABKOT":"SLEMAN","ID_KEC":"34.04.17","KECAMATAN":"CANGKRINGAN","ID_DESA":"34.04.17.2002","DESA":"WUKIRSARI","LONGITUDE":110.4344181,"LATITUDE":-7.6458309,"STATUS":"BUKA","TANGGAL PENGUMPULAN":"Q1 2025","TANGGAL UPDATE":"27/02/2025"}},{"type":"Feature","geometry":{"coordinates":[110.4332525,-7.6240199],"type":"Point"},"properties":{"NAMA":"TOKO SEMBAKO BU TAMI","TIPE_1":"PERDAGANGAN DAN RETAIL","TIPE_2":"TOKO KELONTONG","TIPE_3":"-","TELEPON":"","ALAMAT":"JL. RAYA MERAPI GOLF, GROGOL, UMBULHARJO, KEC. CANGKRINGAN, KABUPATEN SLEMAN, DAERAH ISTIMEWA YOGYAKARTA 55583","ID_PROV":34,"PROVINSI":"DAERAH ISTIMEWA YOGYAKARTA","ID_KABKOT":34.04,"KABKOT":"SLEMAN","ID_KEC":"34.04.17","KECAMATAN":"CANGKRINGAN","ID_DESA":"34.04.17.2005","DESA":"UMBULHARJO","LONGITUDE":110.4332525,"LATITUDE":-7.6240199,"STATUS":"BUKA","TANGGAL PENGUMPULAN":"Q1 2025","TANGGAL UPDATE":"27/02/2025"}},{"type":"Feature","geometry":{"coordinates":[110.4335055,-7.7618811],"type":"Point"},"properties":{"NAMA":"TOKO KELONTONG AGUNG JAYA","TIPE_1":"PERDAGANGAN DAN RETAIL","TIPE_2":"TOKO KELONTONG","TIPE_3":"-","TELEPON":"","ALAMAT":"JL. RAYA PASEKAN, SEFAN, MAGUWOHARJO, KEC. DEPOK, KABUPATEN SLEMAN, DAERAH ISTIMEWA YOGYAKARTA 55281","ID_PROV":34,"PROVINSI":"DAERAH ISTIMEWA YOGYAKARTA","ID_KABKOT":34.04,"KABKOT":"SLEMAN","ID_KEC":"34.04.07","KECAMATAN":"DEPOK","ID_DESA":"34.04.07.2002","DESA":"MAGUWOHARJO","LONGITUDE":110.4335055,"LATITUDE":-7.7618811,"STATUS":"BUKA","TANGGAL PENGUMPULAN":"Q1 2025","TANGGAL UPDATE":"27/02/2025"}},{"type":"Feature","geometry":{"coordinates":[110.4825048,-7.7934216],"type":"Point"},"properties":{"NAMA":"TOKO INDIE","TIPE_1":"PERDAGANGAN DAN RETAIL","TIPE_2":"TOKO KELONTONG","TIPE_3":"-","TELEPON":"","ALAMAT":"JL. RAYA PIYUNGAN - PRAMBANAN NO.75, POTROJAYAN, MADUREJO, KEC. PRAMBANAN, KABUPATEN SLEMAN, DAERAH ISTIMEWA YOGYAKARTA 55572","ID_PROV":34,"PROVINSI":"DAERAH ISTIMEWA YOGYAKARTA","ID_KABKOT":34.04,"KABKOT":"SLEMAN","ID_KEC":"34.04.09","KECAMATAN":"PRAMBANAN","ID_DESA":"34.04.09.2005","DESA":"MADUREJO","LONGITUDE":110.4825048,"LATITUDE":-7.7934216,"STATUS":"BUKA","TANGGAL PENGUMPULAN":"Q1 2025","TANGGAL UPDATE":"27/02/2025"}},{"type":"Feature","geometry":{"coordinates":[110.4824357,-7.7776245],"type":"Point"},"properties":{"NAMA":"TOKO KELONTONG UJANG","TIPE_1":"PERDAGANGAN DAN RETAIL","TIPE_2":"TOKO KELONTONG","TIPE_3":"-","TELEPON":"0857-4369-9841","ALAMAT":"JL. RAYA PIYUNGAN - PRAMBANAN, JIRAK, BOKOHARJO, KEC. PRAMBANAN, KABUPATEN SLEMAN, DAERAH ISTIMEWA YOGYAKARTA 55572","ID_PROV":34,"PROVINSI":"DAERAH ISTIMEWA YOGYAKARTA","ID_KABKOT":34.04,"KABKOT":"SLEMAN","ID_KEC":"34.04.09","KECAMATAN":"PRAMBANAN","ID_DESA":"34.04.09.2006","DESA":"BOKOHARJO","LONGITUDE":110.4824357,"LATITUDE":-7.7776245,"STATUS":"BUKA","TANGGAL PENGUMPULAN":"Q1 2025","TANGGAL UPDATE":"27/02/2025"}},{"type":"Feature","geometry":{"coordinates":[110.48978,-7.757376],"type":"Point"},"properties":{"NAMA":"TOKO BAROKAH MAJU SEJAHTERA ABADI","TIPE_1":"PERDAGANGAN DAN RETAIL","TIPE_2":"TOKO KELONTONG","TIPE_3":"-","TELEPON":"","ALAMAT":"JL. RAYA PIYUNGAN - PRAMBANAN, KLURAK BARU, BOKOHARJO, KEC. PRAMBANAN, KABUPATEN SLEMAN, DAERAH ISTIMEWA YOGYAKARTA 55572","ID_PROV":34,"PROVINSI":"DAERAH ISTIMEWA YOGYAKARTA","ID_KABKOT":34.04,"KABKOT":"SLEMAN","ID_KEC":"34.04.09","KECAMATAN":"PRAMBANAN","ID_DESA":"34.04.09.2006","DESA":"BOKOHARJO","LONGITUDE":110.48978,"LATITUDE":-7.757376,"STATUS":"BUKA","TANGGAL PENGUMPULAN":"Q1 2025","TANGGAL UPDATE":"27/02/2025"}},{"type":"Feature","geometry":{"coordinates":[110.4916296,-7.798232],"type":"Point"},"properties":{"NAMA":"TOKO SEMBAKO GG","TIPE_1":"PERDAGANGAN DAN RETAIL","TIPE_2":"TOKO KELONTONG","TIPE_3":"-","TELEPON":"0815-4216-6518","ALAMAT":"JL. RAYA PIYUNGAN - PRAMBANAN, KLURAK BARU, BOKOHARJO, KEC. PRAMBANAN, KABUPATEN SLEMAN, DAERAH ISTIMEWA YOGYAKARTA 55572","ID_PROV":34,"PROVINSI":"DAERAH ISTIMEWA YOGYAKARTA","ID_KABKOT":34.04,"KABKOT":"SLEMAN","ID_KEC":"34.04.09","KECAMATAN":"PRAMBANAN","ID_DESA":"34.04.09.2005","DESA":"MADUREJO","LONGITUDE":110.4916296,"LATITUDE":-7.798232,"STATUS":"BUKA","TANGGAL PENGUMPULAN":"Q1 2025","TANGGAL UPDATE":"27/02/2025"}},{"type":"Feature","geometry":{"coordinates":[110.4888855,-7.7585037],"type":"Point"},"properties":{"NAMA":"TOKO BU TIWI","TIPE_1":"PERDAGANGAN DAN RETAIL","TIPE_2":"TOKO KELONTONG","TIPE_3":"-","TELEPON":"0856-0086-8691","ALAMAT":"JL. RAYA PIYUNGAN - PRAMBANAN, RT.01/RW.04, KLURAK BARU, BOKOHARJO, KEC. PRAMBANAN, KABUPATEN SLEMAN, DAERAH ISTIMEWA YOGYAKARTA 55572","ID_PROV":34,"PROVINSI":"DAERAH ISTIMEWA YOGYAKARTA","ID_KABKOT":34.04,"KABKOT":"SLEMAN","ID_KEC":"34.04.09","KECAMATAN":"PRAMBANAN","ID_DESA":"34.04.09.2006","DESA":"BOKOHARJO","LONGITUDE":110.4888855,"LATITUDE":-7.7585037,"STATUS":"BUKA","TANGGAL PENGUMPULAN":"Q1 2025","TANGGAL UPDATE":"27/02/2025"}},{"type":"Feature","geometry":{"coordinates":[110.4336865,-7.7451301],"type":"Point"},"properties":{"NAMA":"WARUNG SANI RATMAN","TIPE_1":"PERDAGANGAN DAN RETAIL","TIPE_2":"TOKO KELONTONG","TIPE_3":"-","TELEPON":"","ALAMAT":"JL. RAYA PRINGGODANI, KENAYAN, WEDOMARTANI, KEC. NGEMPLAK, KABUPATEN SLEMAN, DAERAH ISTIMEWA YOGYAKARTA 55584","ID_PROV":34,"PROVINSI":"DAERAH ISTIMEWA YOGYAKARTA","ID_KABKOT":34.04,"KABKOT":"SLEMAN","ID_KEC":"34.04.11","KECAMATAN":"NGEMPLAK","ID_DESA":"34.04.11.2004","DESA":"WEDOMARTANI","LONGITUDE":110.4336865,"LATITUDE":-7.7451301,"STATUS":"BUKA","TANGGAL PENGUMPULAN":"Q1 2025","TANGGAL UPDATE":"27/02/2025"}},{"type":"Feature","geometry":{"coordinates":[110.4320075,-7.7449467],"type":"Point"},"properties":{"NAMA":"TOKO BU INJAS","TIPE_1":"PERDAGANGAN DAN RETAIL","TIPE_2":"TOKO KELONTONG","TIPE_3":"-","TELEPON":"","ALAMAT":"JL. RAYA PRINGGODANI, SANGGRAHAN, WEDOMARTANI, KEC. NGEMPLAK, KABUPATEN SLEMAN, DAERAH ISTIMEWA YOGYAKARTA 55584","ID_PROV":34,"PROVINSI":"DAERAH ISTIMEWA YOGYAKARTA","ID_KABKOT":34.04,"KABKOT":"SLEMAN","ID_KEC":"34.04.11","KECAMATAN":"NGEMPLAK","ID_DESA":"34.04.11.2004","DESA":"WEDOMARTANI","LONGITUDE":110.4320075,"LATITUDE":-7.7449467,"STATUS":"BUKA","TANGGAL PENGUMPULAN":"Q1 2025","TANGGAL UPDATE":"27/02/2025"}},{"type":"Feature","geometry":{"coordinates":[110.438859,-7.735798],"type":"Point"},"properties":{"NAMA":"RUMAH SEMBAKO BU ERRY","TIPE_1":"PERDAGANGAN DAN RETAIL","TIPE_2":"TOKO KELONTONG","TIPE_3":"-","TELEPON":"","ALAMAT":"JL. RAYA SAMBIROTO, PUCANGANOM, WEDOMARTANI, KEC. NGEMPLAK, KABUPATEN SLEMAN, DAERAH ISTIMEWA YOGYAKARTA 55584","ID_PROV":34,"PROVINSI":"DAERAH ISTIMEWA YOGYAKARTA","ID_KABKOT":34.04,"KABKOT":"SLEMAN","ID_KEC":"34.04.11","KECAMATAN":"NGEMPLAK","ID_DESA":"34.04.11.2004","DESA":"WEDOMARTANI","LONGITUDE":110.438859,"LATITUDE":-7.735798,"STATUS":"BUKA","TANGGAL PENGUMPULAN":"Q1 2025","TANGGAL UPDATE":"27/02/2025"}},{"type":"Feature","geometry":{"coordinates":[110.4487927,-7.7285394],"type":"Point"},"properties":{"NAMA":"TOKO KELONTONG DAN SELULER","TIPE_1":"PERDAGANGAN DAN RETAIL","TIPE_2":"TOKO KELONTONG","TIPE_3":"-","TELEPON":"","ALAMAT":"JL. RAYA SELOMARTANI, DEMANGAN, SELOMARTANI, KEC. KALASAN, KABUPATEN SLEMAN, DAERAH ISTIMEWA YOGYAKARTA 55571","ID_PROV":34,"PROVINSI":"DAERAH ISTIMEWA YOGYAKARTA","ID_KABKOT":34.04,"KABKOT":"SLEMAN","ID_KEC":"34.04.10","KECAMATAN":"KALASAN","ID_DESA":"34.04.10.2004","DESA":"SELOMARTANI","LONGITUDE":110.4487927,"LATITUDE":-7.7285394,"STATUS":"BUKA","TANGGAL PENGUMPULAN":"Q1 2025","TANGGAL UPDATE":"27/02/2025"}},{"type":"Feature","geometry":{"coordinates":[110.3486734,-7.6467665],"type":"Point"},"properties":{"NAMA":"ADIN SEMBAKO","TIPE_1":"PERDAGANGAN DAN RETAIL","TIPE_2":"TOKO KELONTONG","TIPE_3":"-","TELEPON":"","ALAMAT":"JL. RAYA SOKA WETAN, RT./RW/RW.:03/15, BENING, MERDIKOREJO, TEMPEL, SLEMAN REGENCY, SPECIAL REGION OF YOGYAKARTA 55552","ID_PROV":34,"PROVINSI":"DAERAH ISTIMEWA YOGYAKARTA","ID_KABKOT":34.04,"KABKOT":"SLEMAN","ID_KEC":"34.04.14","KECAMATAN":"TEMPEL","ID_DESA":"34.04.14.2008","DESA":"MERDIKOREJO","LONGITUDE":110.3486734,"LATITUDE":-7.6467665,"STATUS":"BUKA","TANGGAL PENGUMPULAN":"Q1 2025","TANGGAL UPDATE":"27/02/2025"}},{"type":"Feature","geometry":{"coordinates":[110.4844446,-7.7562067],"type":"Point"},"properties":{"NAMA":"TOKO LINDU","TIPE_1":"PERDAGANGAN DAN RETAIL","TIPE_2":"TOKO KELONTONG","TIPE_3":"-","TELEPON":"0882-2145-2621","ALAMAT":"JL. RAYA SOLO - YOGYAKARTA JL. BOGEM NO.2, ROGEM, TAMANMARTANI, KEC. PRAMBANAN, KABUPATEN SLEMAN, DAERAH ISTIMEWA YOGYAKARTA 55572","ID_PROV":34,"PROVINSI":"DAERAH ISTIMEWA YOGYAKARTA","ID_KABKOT":34.04,"KABKOT":"SLEMAN","ID_KEC":"34.04.10","KECAMATAN":"KALASAN","ID_DESA":"34.04.10.2003","DESA":"TAMANMARTANI","LONGITUDE":110.4844446,"LATITUDE":-7.7562067,"STATUS":"BUKA","TANGGAL PENGUMPULAN":"Q1 2025","TANGGAL UPDATE":"27/02/2025"}},{"type":"Feature","geometry":{"coordinates":[110.4782785,-7.7597281],"type":"Point"},"properties":{"NAMA":"TOKO SEMBAKO EKSAN","TIPE_1":"PERDAGANGAN DAN RETAIL","TIPE_2":"TOKO KELONTONG","TIPE_3":"-","TELEPON":"0856-2807-325","ALAMAT":"JL. RAYA SOLO - YOGYAKARTA NO.15, KEPATIHAN, TAMANMARTANI, KEC. KALASAN, KABUPATEN SLEMAN, DAERAH ISTIMEWA YOGYAKARTA 55571","ID_PROV":34,"PROVINSI":"DAERAH ISTIMEWA YOGYAKARTA","ID_KABKOT":34.04,"KABKOT":"SLEMAN","ID_KEC":"34.04.10","KECAMATAN":"KALASAN","ID_DESA":"34.04.10.2003","DESA":"TAMANMARTANI","LONGITUDE":110.4782785,"LATITUDE":-7.7597281,"STATUS":"BUKA","TANGGAL PENGUMPULAN":"Q1 2025","TANGGAL UPDATE":"27/02/2025"}},{"type":"Feature","geometry":{"coordinates":[110.4812138,-7.7494171],"type":"Point"},"properties":{"NAMA":"TOKO MULYA","TIPE_1":"PERDAGANGAN DAN RETAIL","TIPE_2":"TOKO KELONTONG","TIPE_3":"-","TELEPON":"0857-4735-5188","ALAMAT":"JL. RAYA SOLO - YOGYAKARTA NO.335, RT.03/RW.02, CARIKAN, TAMANMARTANI, KEC. KALASAN, KABUPATEN SLEMAN, DAERAH ISTIMEWA YOGYAKARTA 55571","ID_PROV":34,"PROVINSI":"DAERAH ISTIMEWA YOGYAKARTA","ID_KABKOT":34.04,"KABKOT":"SLEMAN","ID_KEC":"34.04.10","KECAMATAN":"KALASAN","ID_DESA":"34.04.10.2003","DESA":"TAMANMARTANI","LONGITUDE":110.4812138,"LATITUDE":-7.7494171,"STATUS":"BUKA","TANGGAL PENGUMPULAN":"Q1 2025","TANGGAL UPDATE":"27/02/2025"}},{"type":"Feature","geometry":{"coordinates":[110.4247431,-7.7834422],"type":"Point"},"properties":{"NAMA":"TOKO KELONTONG TONO","TIPE_1":"PERDAGANGAN DAN RETAIL","TIPE_2":"TOKO KELONTONG","TIPE_3":"-","TELEPON":"","ALAMAT":"JL. RAYA SOLO - YOGYAKARTA NO.8-49, KALONGAN, MAGUWOHARJO, KEC. DEPOK, KABUPATEN SLEMAN, DAERAH ISTIMEWA YOGYAKARTA 55281","ID_PROV":34,"PROVINSI":"DAERAH ISTIMEWA YOGYAKARTA","ID_KABKOT":34.04,"KABKOT":"SLEMAN","ID_KEC":"34.04.07","KECAMATAN":"DEPOK","ID_DESA":"34.04.07.2002","DESA":"MAGUWOHARJO","LONGITUDE":110.4247431,"LATITUDE":-7.7834422,"STATUS":"BUKA","TANGGAL PENGUMPULAN":"Q1 2025","TANGGAL UPDATE":"27/02/2025"}},{"type":"Feature","geometry":{"coordinates":[110.4895204,-7.7560409],"type":"Point"},"properties":{"NAMA":"TOKO NITA","TIPE_1":"PERDAGANGAN DAN RETAIL","TIPE_2":"TOKO KELONTONG","TIPE_3":"-","TELEPON":"(0274) 498174","ALAMAT":"JL. RAYA SOLO - YOGYAKARTA, KRANGGAN, BOKOHARJO, KEC. PRAMBANAN, KABUPATEN SLEMAN, DAERAH ISTIMEWA YOGYAKARTA 55572","ID_PROV":34,"PROVINSI":"DAERAH ISTIMEWA YOGYAKARTA","ID_KABKOT":34.04,"KABKOT":"SLEMAN","ID_KEC":"34.04.09","KECAMATAN":"PRAMBANAN","ID_DESA":"34.04.09.2006","DESA":"BOKOHARJO","LONGITUDE":110.4895204,"LATITUDE":-7.7560409,"STATUS":"BUKA","TANGGAL PENGUMPULAN":"Q1 2025","TANGGAL UPDATE":"27/02/2025"}},{"type":"Feature","geometry":{"coordinates":[110.4432735,-7.7417633],"type":"Point"},"properties":{"NAMA":"WARUNG HARUN","TIPE_1":"PERDAGANGAN DAN RETAIL","TIPE_2":"TOKO KELONTONG","TIPE_3":"-","TELEPON":"0822-2530-6512","ALAMAT":"JL. RAYA TAJEM JL. PURIDOMAS, SEMPU, WEDOMARTANI, KEC. NGEMPLAK, KABUPATEN SLEMAN, DAERAH ISTIMEWA YOGYAKARTA 55584","ID_PROV":34,"PROVINSI":"DAERAH ISTIMEWA YOGYAKARTA","ID_KABKOT":34.04,"KABKOT":"SLEMAN","ID_KEC":"34.04.11","KECAMATAN":"NGEMPLAK","ID_DESA":"34.04.11.2004","DESA":"WEDOMARTANI","LONGITUDE":110.4432735,"LATITUDE":-7.7417633,"STATUS":"BUKA","TANGGAL PENGUMPULAN":"Q1 2025","TANGGAL UPDATE":"27/02/2025"}},{"type":"Feature","geometry":{"coordinates":[110.4346565,-7.7342442],"type":"Point"},"properties":{"NAMA":"KEMBAR SEMBAKO","TIPE_1":"PERDAGANGAN DAN RETAIL","TIPE_2":"TOKO KELONTONG","TIPE_3":"-","TELEPON":"","ALAMAT":"JL. RAYA TAJEM, POKOH, WEDOMARTANI, KEC. NGEMPLAK, KABUPATEN SLEMAN, DAERAH ISTIMEWA YOGYAKARTA 55584","ID_PROV":34,"PROVINSI":"DAERAH ISTIMEWA YOGYAKARTA","ID_KABKOT":34.04,"KABKOT":"SLEMAN","ID_KEC":"34.04.11","KECAMATAN":"NGEMPLAK","ID_DESA":"34.04.11.2004","DESA":"WEDOMARTANI","LONGITUDE":110.4346565,"LATITUDE":-7.7342442,"STATUS":"BUKA","TANGGAL PENGUMPULAN":"Q1 2025","TANGGAL UPDATE":"27/02/2025"}},{"type":"Feature","geometry":{"coordinates":[110.4162625,-7.6644912],"type":"Point"},"properties":{"NAMA":"TOKO KARUNIA","TIPE_1":"PERDAGANGAN DAN RETAIL","TIPE_2":"TOKO KELONTONG","TIPE_3":"-","TELEPON":"0877-7725-8198","ALAMAT":"JL. RAYA TURI NO.23, AREA SAWAH, PAKEMBINANGUN, KEC. PAKEM, KABUPATEN SLEMAN, DAERAH ISTIMEWA YOGYAKARTA 55582","ID_PROV":34,"PROVINSI":"DAERAH ISTIMEWA YOGYAKARTA","ID_KABKOT":34.04,"KABKOT":"SLEMAN","ID_KEC":"34.04.16","KECAMATAN":"PAKEM","ID_DESA":"34.04.16.2004","DESA":"PAKEMBINANGUN","LONGITUDE":110.4162625,"LATITUDE":-7.6644912,"STATUS":"BUKA","TANGGAL PENGUMPULAN":"Q1 2025","TANGGAL UPDATE":"27/02/2025"}},{"type":"Feature","geometry":{"coordinates":[110.3929488,-7.6491503],"type":"Point"},"properties":{"NAMA":"TOKO SALALA SEMBAKO DAN KELONTONG","TIPE_1":"PERDAGANGAN DAN RETAIL","TIPE_2":"TOKO KELONTONG","TIPE_3":"-","TELEPON":"0815-9337-478","ALAMAT":"JL. RAYA TURI, WATUADEG, PURWOBINANGUN, PAKEM, SLEMAN REGENCY, SPECIAL REGION OF YOGYAKARTA 55582","ID_PROV":34,"PROVINSI":"DAERAH ISTIMEWA YOGYAKARTA","ID_KABKOT":34.04,"KABKOT":"SLEMAN","ID_KEC":"34.04.16","KECAMATAN":"PAKEM","ID_DESA":"34.04.16.2001","DESA":"PURWOBINANGUN","LONGITUDE":110.3929488,"LATITUDE":-7.6491503,"STATUS":"BUKA","TANGGAL PENGUMPULAN":"Q1 2025","TANGGAL UPDATE":"27/02/2025"}},{"type":"Feature","geometry":{"coordinates":[110.3969661,-7.6970724],"type":"Point"},"properties":{"NAMA":"TOKO TUTIK","TIPE_1":"PERDAGANGAN DAN RETAIL","TIPE_2":"TOKO KELONTONG","TIPE_3":"-","TELEPON":"0812-4262-3030","ALAMAT":"JL. REJODANI, PENCAR SARI, SARDONOHARJO, KEC. NGAGLIK, KABUPATEN SLEMAN, DAERAH ISTIMEWA YOGYAKARTA 55581","ID_PROV":34,"PROVINSI":"DAERAH ISTIMEWA YOGYAKARTA","ID_KABKOT":34.04,"KABKOT":"SLEMAN","ID_KEC":"34.04.12","KECAMATAN":"NGAGLIK","ID_DESA":"34.04.12.2005","DESA":"SARDONOHARJO","LONGITUDE":110.3969661,"LATITUDE":-7.6970724,"STATUS":"BUKA","TANGGAL PENGUMPULAN":"Q1 2025","TANGGAL UPDATE":"27/02/2025"}},{"type":"Feature","geometry":{"coordinates":[110.3922678,-7.7074441],"type":"Point"},"properties":{"NAMA":"TOKO EKA","TIPE_1":"PERDAGANGAN DAN RETAIL","TIPE_2":"TOKO KELONTONG","TIPE_3":"-","TELEPON":"","ALAMAT":"JL. REJODANI, PRUMPUNG, SARDONOHARJO, KEC. NGAGLIK, KABUPATEN SLEMAN, DAERAH ISTIMEWA YOGYAKARTA 55581","ID_PROV":34,"PROVINSI":"DAERAH ISTIMEWA YOGYAKARTA","ID_KABKOT":34.04,"KABKOT":"SLEMAN","ID_KEC":"34.04.12","KECAMATAN":"NGAGLIK","ID_DESA":"34.04.12.2005","DESA":"SARDONOHARJO","LONGITUDE":110.3922678,"LATITUDE":-7.7074441,"STATUS":"BUKA","TANGGAL PENGUMPULAN":"Q1 2025","TANGGAL UPDATE":"27/02/2025"}},{"type":"Feature","geometry":{"coordinates":[110.4307199,-7.7712713],"type":"Point"},"properties":{"NAMA":"WARUNG KELONTONG BU PAIDAH","TIPE_1":"PERDAGANGAN DAN RETAIL","TIPE_2":"TOKO KELONTONG","TIPE_3":"-","TELEPON":"","ALAMAT":"JL. RING ROAD UTARA JL. TOBONGSARI NO.KM 1.5, RINGINSARI, MAGUWOHARJO, KEC. DEPOK, KABUPATEN SLEMAN, DAERAH ISTIMEWA YOGYAKARTA 55281","ID_PROV":34,"PROVINSI":"DAERAH ISTIMEWA YOGYAKARTA","ID_KABKOT":34.04,"KABKOT":"SLEMAN","ID_KEC":"34.04.07","KECAMATAN":"DEPOK","ID_DESA":"34.04.07.2002","DESA":"MAGUWOHARJO","LONGITUDE":110.4307199,"LATITUDE":-7.7712713,"STATUS":"BUKA","TANGGAL PENGUMPULAN":"Q1 2025","TANGGAL UPDATE":"27/02/2025"}},{"type":"Feature","geometry":{"coordinates":[110.3803461,-7.7790541],"type":"Point"},"properties":{"NAMA":"WARUNG SAYUR & SEMBAKO BU TOPO 2","TIPE_1":"PERDAGANGAN DAN RETAIL","TIPE_2":"TOKO KELONTONG","TIPE_3":"-","TELEPON":"0897-5803-531","ALAMAT":"JL. SAGAN NO.40, SAGAN, CATURTUNGGAL, KEC. DEPOK, KABUPATEN SLEMAN, DAERAH ISTIMEWA YOGYAKARTA 55223","ID_PROV":34,"PROVINSI":"DAERAH ISTIMEWA YOGYAKARTA","ID_KABKOT":34.04,"KABKOT":"SLEMAN","ID_KEC":"34.04.07","KECAMATAN":"DEPOK","ID_DESA":"34.04.07.2001","DESA":"CATURTUNGGAL","LONGITUDE":110.3803461,"LATITUDE":-7.7790541,"STATUS":"BUKA","TANGGAL PENGUMPULAN":"Q1 2025","TANGGAL UPDATE":"27/02/2025"}},{"type":"Feature","geometry":{"coordinates":[110.406126,-7.7500733],"type":"Point"},"properties":{"NAMA":"TOKO KELONTONG MADURA","TIPE_1":"PERDAGANGAN DAN RETAIL","TIPE_2":"TOKO KELONTONG","TIPE_3":"-","TELEPON":"","ALAMAT":"JL. SAMBIREJO NO.30GEMPOL, GEMPOL, CONDONGCATUR, KEC. DEPOK, KABUPATEN SLEMAN, DAERAH ISTIMEWA YOGYAKARTA 55281","ID_PROV":34,"PROVINSI":"DAERAH ISTIMEWA YOGYAKARTA","ID_KABKOT":34.04,"KABKOT":"SLEMAN","ID_KEC":"34.04.07","KECAMATAN":"DEPOK","ID_DESA":"34.04.07.2003","DESA":"CONDONGCATUR","LONGITUDE":110.406126,"LATITUDE":-7.7500733,"STATUS":"BUKA","TANGGAL PENGUMPULAN":"Q1 2025","TANGGAL UPDATE":"27/02/2025"}},{"type":"Feature","geometry":{"coordinates":[110.3813684,-7.7791118],"type":"Point"},"properties":{"NAMA":"FITRI KELONTONG","TIPE_1":"PERDAGANGAN DAN RETAIL","TIPE_2":"TOKO KELONTONG","TIPE_3":"-","TELEPON":"0812-2712-9211","ALAMAT":"JL. SAMIRONO CT VI NO.225, SAMIRONO, CATURTUNGGAL, KEC. DEPOK, KABUPATEN SLEMAN, DAERAH ISTIMEWA YOGYAKARTA 55281","ID_PROV":34,"PROVINSI":"DAERAH ISTIMEWA YOGYAKARTA","ID_KABKOT":34.04,"KABKOT":"SLEMAN","ID_KEC":"34.04.07","KECAMATAN":"DEPOK","ID_DESA":"34.04.07.2001","DESA":"CATURTUNGGAL","LONGITUDE":110.3813684,"LATITUDE":-7.7791118,"STATUS":"BUKA","TANGGAL PENGUMPULAN":"Q1 2025","TANGGAL UPDATE":"27/02/2025"}},{"type":"Feature","geometry":{"coordinates":[110.3844014,-7.7781089],"type":"Point"},"properties":{"NAMA":"TK KELONTONG BU YANTI","TIPE_1":"PERDAGANGAN DAN RETAIL","TIPE_2":"TOKO KELONTONG","TIPE_3":"-","TELEPON":"0823-3195-9867","ALAMAT":"JL. SAMIRONO CT VI, SAMIRONO, CATURTUNGGAL, KEC. DEPOK, KABUPATEN SLEMAN, DAERAH ISTIMEWA YOGYAKARTA 55222","ID_PROV":34,"PROVINSI":"DAERAH ISTIMEWA YOGYAKARTA","ID_KABKOT":34.04,"KABKOT":"SLEMAN","ID_KEC":"34.04.07","KECAMATAN":"DEPOK","ID_DESA":"34.04.07.2001","DESA":"CATURTUNGGAL","LONGITUDE":110.3844014,"LATITUDE":-7.7781089,"STATUS":"BUKA","TANGGAL PENGUMPULAN":"Q1 2025","TANGGAL UPDATE":"27/02/2025"}},{"type":"Feature","geometry":{"coordinates":[110.4423946,-7.8254729],"type":"Point"},"properties":{"NAMA":"TOKO BANDUNG","TIPE_1":"PERDAGANGAN DAN RETAIL","TIPE_2":"TOKO KELONTONG","TIPE_3":"-","TELEPON":"0821-3633-8822","ALAMAT":"JL. SAMPAAN - BERBAH, TEGAL SARI, TEGALTIRTO, BERBAH, SLEMAN REGENCY, SPECIAL REGION OF YOGYAKARTA 55573","ID_PROV":34,"PROVINSI":"DAERAH ISTIMEWA YOGYAKARTA","ID_KABKOT":34.04,"KABKOT":"SLEMAN","ID_KEC":"34.04.08","KECAMATAN":"BERBAH","ID_DESA":"34.04.08.2002","DESA":"TEGALTIRTO","LONGITUDE":110.4423946,"LATITUDE":-7.8254729,"STATUS":"BUKA","TANGGAL PENGUMPULAN":"Q1 2025","TANGGAL UPDATE":"27/02/2025"}},{"type":"Feature","geometry":{"coordinates":[110.3212396,-7.7431437],"type":"Point"},"properties":{"NAMA":"TOKO RIZKY MRANGGEN","TIPE_1":"PERDAGANGAN DAN RETAIL","TIPE_2":"TOKO KELONTONG","TIPE_3":"-","TELEPON":"","ALAMAT":"JL. SANGGRAHAN, RT.003/RW.015, SANGGRAHAN, TIRTOADI, KEC. MLATI, KABUPATEN SLEMAN, DAERAH ISTIMEWA YOGYAKARTA 55287","ID_PROV":34,"PROVINSI":"DAERAH ISTIMEWA YOGYAKARTA","ID_KABKOT":34.04,"KABKOT":"SLEMAN","ID_KEC":"34.04.06","KECAMATAN":"MLATI","ID_DESA":"34.04.06.2004","DESA":"TIRTOADI","LONGITUDE":110.3212396,"LATITUDE":-7.7431437,"STATUS":"BUKA","TANGGAL PENGUMPULAN":"Q1 2025","TANGGAL UPDATE":"27/02/2025"}},{"type":"Feature","geometry":{"coordinates":[110.324464,-7.6493306],"type":"Point"},"properties":{"NAMA":"TOKO ANUGRAH","TIPE_1":"PERDAGANGAN DAN RETAIL","TIPE_2":"TOKO KELONTONG","TIPE_3":"-","TELEPON":"0877-8354-717","ALAMAT":"JL. SANGGRAHAN, WONOKERSO, LUMBUNGREJO, KEC. TEMPEL, KABUPATEN SLEMAN, DAERAH ISTIMEWA YOGYAKARTA 55552","ID_PROV":34,"PROVINSI":"DAERAH ISTIMEWA YOGYAKARTA","ID_KABKOT":34.04,"KABKOT":"SLEMAN","ID_KEC":"34.04.14","KECAMATAN":"TEMPEL","ID_DESA":"34.04.14.2007","DESA":"LUMBUNGREJO","LONGITUDE":110.324464,"LATITUDE":-7.6493306,"STATUS":"BUKA","TANGGAL PENGUMPULAN":"Q1 2025","TANGGAL UPDATE":"27/02/2025"}},{"type":"Feature","geometry":{"coordinates":[110.3309212,-7.765635],"type":"Point"},"properties":{"NAMA":"TOKO BU PURI","TIPE_1":"PERDAGANGAN DAN RETAIL","TIPE_2":"TOKO KELONTONG","TIPE_3":"-","TELEPON":"0881-3869-454","ALAMAT":"JL. SAWAHAN 1 NO.35, RT.07/RW.027, CAMBAHAN, NOGOTIRTO, KEC. GAMPING, KABUPATEN SLEMAN, DAERAH ISTIMEWA YOGYAKARTA 55592","ID_PROV":34,"PROVINSI":"DAERAH ISTIMEWA YOGYAKARTA","ID_KABKOT":34.04,"KABKOT":"SLEMAN","ID_KEC":"34.04.01","KECAMATAN":"GAMPING","ID_DESA":"34.04.01.2004","DESA":"NOGOTIRTO","LONGITUDE":110.3309212,"LATITUDE":-7.765635,"STATUS":"BUKA","TANGGAL PENGUMPULAN":"Q1 2025","TANGGAL UPDATE":"27/02/2025"}},{"type":"Feature","geometry":{"coordinates":[110.3317107,-7.7661047],"type":"Point"},"properties":{"NAMA":"KIOS KELONTONG MAK WAR","TIPE_1":"PERDAGANGAN DAN RETAIL","TIPE_2":"TOKO KELONTONG","TIPE_3":"-","TELEPON":"","ALAMAT":"JL. SAWAHAN 1, CAMBAHAN, NOGOTIRTO, KEC. GAMPING, KABUPATEN SLEMAN, DAERAH ISTIMEWA YOGYAKARTA 55592","ID_PROV":34,"PROVINSI":"DAERAH ISTIMEWA YOGYAKARTA","ID_KABKOT":34.04,"KABKOT":"SLEMAN","ID_KEC":"34.04.01","KECAMATAN":"GAMPING","ID_DESA":"34.04.01.2004","DESA":"NOGOTIRTO","LONGITUDE":110.3317107,"LATITUDE":-7.7661047,"STATUS":"BUKA","TANGGAL PENGUMPULAN":"Q1 2025","TANGGAL UPDATE":"27/02/2025"}},{"type":"Feature","geometry":{"coordinates":[110.3733859,-7.614024],"type":"Point"},"properties":{"NAMA":"TOKO MEKAR JAYA","TIPE_1":"PERDAGANGAN DAN RETAIL","TIPE_2":"TOKO KELONTONG","TIPE_3":"-","TELEPON":"0878-3984-4399","ALAMAT":"JL. SEDOGAN - BALERANTE, SEMPU, WONO KERTO, KEC. TURI, KABUPATEN SLEMAN, DAERAH ISTIMEWA YOGYAKARTA 55551","ID_PROV":34,"PROVINSI":"DAERAH ISTIMEWA YOGYAKARTA","ID_KABKOT":34.04,"KABKOT":"SLEMAN","ID_KEC":"34.04.15","KECAMATAN":"TURI","ID_DESA":"34.04.15.2004","DESA":"WONOKERTO","LONGITUDE":110.3733859,"LATITUDE":-7.614024,"STATUS":"BUKA","TANGGAL PENGUMPULAN":"Q1 2025","TANGGAL UPDATE":"27/02/2025"}},{"type":"Feature","geometry":{"coordinates":[110.4792162,-7.7167439],"type":"Point"},"properties":{"NAMA":"TOKO MBAH MAN","TIPE_1":"PERDAGANGAN DAN RETAIL","TIPE_2":"TOKO KELONTONG","TIPE_3":"-","TELEPON":"0856-4315-0252","ALAMAT":"JL. SEJARAN ROGOBANGSAN, NGELOS, BIMOMARTANI, KEC. NGEMPLAK, KABUPATEN SLEMAN, DAERAH ISTIMEWA YOGYAKARTA 55584","ID_PROV":34,"PROVINSI":"DAERAH ISTIMEWA YOGYAKARTA","ID_KABKOT":34.04,"KABKOT":"SLEMAN","ID_KEC":"34.04.11","KECAMATAN":"NGEMPLAK","ID_DESA":"34.04.11.2002","DESA":"BIMOMARTANI","LONGITUDE":110.4792162,"LATITUDE":-7.7167439,"STATUS":"BUKA","TANGGAL PENGUMPULAN":"Q1 2025","TANGGAL UPDATE":"27/02/2025"}},{"type":"Feature","geometry":{"coordinates":[110.4301832,-7.8198944],"type":"Point"},"properties":{"NAMA":"TOKO ISTIYADI PITANG","TIPE_1":"PERDAGANGAN DAN RETAIL","TIPE_2":"TOKO KELONTONG","TIPE_3":"-","TELEPON":"0817-0404-492","ALAMAT":"JL. SEKARSULI - BERBAH, SRIBIT, SENDANGTIRTO, KEC. BERBAH, KABUPATEN SLEMAN, DAERAH ISTIMEWA YOGYAKARTA 55573","ID_PROV":34,"PROVINSI":"DAERAH ISTIMEWA YOGYAKARTA","ID_KABKOT":34.04,"KABKOT":"SLEMAN","ID_KEC":"34.04.08","KECAMATAN":"BERBAH","ID_DESA":"34.04.08.2001","DESA":"SENDANGTIRTO","LONGITUDE":110.4301832,"LATITUDE":-7.8198944,"STATUS":"BUKA","TANGGAL PENGUMPULAN":"Q1 2025","TANGGAL UPDATE":"27/02/2025"}},{"type":"Feature","geometry":{"coordinates":[110.4645909,-7.7216923],"type":"Point"},"properties":{"NAMA":"TOKO SEMBAKO MURAH","TIPE_1":"PERDAGANGAN DAN RETAIL","TIPE_2":"TOKO KELONTONG","TIPE_3":"-","TELEPON":"0822-6546-8486","ALAMAT":"JL. SELAMAT, GRUMBUL GEDE, SELOMARTANI, KEC. KALASAN, KABUPATEN SLEMAN, DAERAH ISTIMEWA YOGYAKARTA 55571","ID_PROV":34,"PROVINSI":"DAERAH ISTIMEWA YOGYAKARTA","ID_KABKOT":34.04,"KABKOT":"SLEMAN","ID_KEC":"34.04.10","KECAMATAN":"KALASAN","ID_DESA":"34.04.10.2004","DESA":"SELOMARTANI","LONGITUDE":110.4645909,"LATITUDE":-7.7216923,"STATUS":"BUKA","TANGGAL PENGUMPULAN":"Q1 2025","TANGGAL UPDATE":"27/02/2025"}},{"type":"Feature","geometry":{"coordinates":[110.4119691,-7.773396],"type":"Point"},"properties":{"NAMA":"TOKOAVCENT","TIPE_1":"PERDAGANGAN DAN RETAIL","TIPE_2":"TOKO KELONTONG","TIPE_3":"-","TELEPON":"0856-2585-877","ALAMAT":"JL. SELOKAN MATARAM NO.33, KLEDOKAN, CATURTUNGGAL, KEC. DEPOK, KABUPATEN SLEMAN, DAERAH ISTIMEWA YOGYAKARTA 58284","ID_PROV":34,"PROVINSI":"DAERAH ISTIMEWA YOGYAKARTA","ID_KABKOT":34.04,"KABKOT":"SLEMAN","ID_KEC":"34.04.07","KECAMATAN":"DEPOK","ID_DESA":"34.04.07.2001","DESA":"CATURTUNGGAL","LONGITUDE":110.4119691,"LATITUDE":-7.773396,"STATUS":"BUKA","TANGGAL PENGUMPULAN":"Q1 2025","TANGGAL UPDATE":"27/02/2025"}},{"type":"Feature","geometry":{"coordinates":[110.3412691,-7.7500912],"type":"Point"},"properties":{"NAMA":"TOKO SEMBAKO DELIMA","TIPE_1":"PERDAGANGAN DAN RETAIL","TIPE_2":"TOKO KELONTONG","TIPE_3":"-","TELEPON":"(0274) 6415077","ALAMAT":"JL. SELOKAN MATARAM, BATURAN, TRIHANGGO, KEC. GAMPING, KABUPATEN SLEMAN, DAERAH ISTIMEWA YOGYAKARTA 55291","ID_PROV":34,"PROVINSI":"DAERAH ISTIMEWA YOGYAKARTA","ID_KABKOT":34.04,"KABKOT":"SLEMAN","ID_KEC":"34.04.01","KECAMATAN":"GAMPING","ID_DESA":"34.04.01.2005","DESA":"TRIHANGGO","LONGITUDE":110.3412691,"LATITUDE":-7.7500912,"STATUS":"BUKA","TANGGAL PENGUMPULAN":"Q1 2025","TANGGAL UPDATE":"27/02/2025"}},{"type":"Feature","geometry":{"coordinates":[110.3720632,-7.759818],"type":"Point"},"properties":{"NAMA":"TOKO KELONTONG IBU TRI BUDIYATI","TIPE_1":"PERDAGANGAN DAN RETAIL","TIPE_2":"TOKO KELONTONG","TIPE_3":"-","TELEPON":"","ALAMAT":"JL. SELOKAN MATARAM, POGUNG KIDUL, SINDUADI, KEC. MLATI, KABUPATEN SLEMAN, DAERAH ISTIMEWA YOGYAKARTA 55284","ID_PROV":34,"PROVINSI":"DAERAH ISTIMEWA YOGYAKARTA","ID_KABKOT":34.04,"KABKOT":"SLEMAN","ID_KEC":"34.04.06","KECAMATAN":"MLATI","ID_DESA":"34.04.06.2001","DESA":"SINDUADI","LONGITUDE":110.3720632,"LATITUDE":-7.759818,"STATUS":"BUKA","TANGGAL PENGUMPULAN":"Q1 2025","TANGGAL UPDATE":"27/02/2025"}},{"type":"Feature","geometry":{"coordinates":[110.4062434,-7.7776929],"type":"Point"},"properties":{"NAMA":"TOKO SEMBAKO ANUGERAH","TIPE_1":"PERDAGANGAN DAN RETAIL","TIPE_2":"TOKO KELONTONG","TIPE_3":"-","TELEPON":"","ALAMAT":"JL. SEMANGKA, TEMPEL, CATURTUNGGAL, DEPOK, SLEMAN REGENCY, SPECIAL REGION OF YOGYAKARTA 55281","ID_PROV":34,"PROVINSI":"DAERAH ISTIMEWA YOGYAKARTA","ID_KABKOT":34.04,"KABKOT":"SLEMAN","ID_KEC":"34.04.07","KECAMATAN":"DEPOK","ID_DESA":"34.04.07.2001","DESA":"CATURTUNGGAL","LONGITUDE":110.4062434,"LATITUDE":-7.7776929,"STATUS":"BUKA","TANGGAL PENGUMPULAN":"Q1 2025","TANGGAL UPDATE":"27/02/2025"}},{"type":"Feature","geometry":{"coordinates":[110.3902056,-7.7274515],"type":"Point"},"properties":{"NAMA":"WARUNG KELONTONG ANDRA","TIPE_1":"PERDAGANGAN DAN RETAIL","TIPE_2":"TOKO KELONTONG","TIPE_3":"-","TELEPON":"","ALAMAT":"JL. SEMBADA, JABAN, SINDUHARJO, KEC. NGAGLIK, KABUPATEN SLEMAN, DAERAH ISTIMEWA YOGYAKARTA 55581","ID_PROV":34,"PROVINSI":"DAERAH ISTIMEWA YOGYAKARTA","ID_KABKOT":34.04,"KABKOT":"SLEMAN","ID_KEC":"34.04.12","KECAMATAN":"NGAGLIK","ID_DESA":"34.04.12.2003","DESA":"SINDUHARJO","LONGITUDE":110.3902056,"LATITUDE":-7.7274515,"STATUS":"BUKA","TANGGAL PENGUMPULAN":"Q1 2025","TANGGAL UPDATE":"27/02/2025"}},{"type":"Feature","geometry":{"coordinates":[110.3721494,-7.7724648],"type":"Point"},"properties":{"NAMA":"TOKO KELONTONG BPK THOLE ALIAS SUR MEGUK","TIPE_1":"PERDAGANGAN DAN RETAIL","TIPE_2":"TOKO KELONTONG","TIPE_3":"-","TELEPON":"(0274) 514767","ALAMAT":"JL. SENDOWO NO.A3, SENDOWO, SINDUADI, KEC. MLATI, KABUPATEN SLEMAN, DAERAH ISTIMEWA YOGYAKARTA 55284","ID_PROV":34,"PROVINSI":"DAERAH ISTIMEWA YOGYAKARTA","ID_KABKOT":34.04,"KABKOT":"SLEMAN","ID_KEC":"34.04.06","KECAMATAN":"MLATI","ID_DESA":"34.04.06.2001","DESA":"SINDUADI","LONGITUDE":110.3721494,"LATITUDE":-7.7724648,"STATUS":"BUKA","TANGGAL PENGUMPULAN":"Q1 2025","TANGGAL UPDATE":"27/02/2025"}},{"type":"Feature","geometry":{"coordinates":[110.4575866,-7.7555592],"type":"Point"},"properties":{"NAMA":"TOKO KELONTONG PAK DONI","TIPE_1":"PERDAGANGAN DAN RETAIL","TIPE_2":"TOKO KELONTONG","TIPE_3":"-","TELEPON":"0857-2581-5979","ALAMAT":"JL. SENTHONG KUJONSARI, TUNDAN, PURWOMARTANI, KALASAN, SLEMAN REGENCY, SPECIAL REGION OF YOGYAKARTA 55571","ID_PROV":34,"PROVINSI":"DAERAH ISTIMEWA YOGYAKARTA","ID_KABKOT":34.04,"KABKOT":"SLEMAN","ID_KEC":"34.04.10","KECAMATAN":"KALASAN","ID_DESA":"34.04.10.2001","DESA":"PURWOMARTANI","LONGITUDE":110.4575866,"LATITUDE":-7.7555592,"STATUS":"BUKA","TANGGAL PENGUMPULAN":"Q1 2025","TANGGAL UPDATE":"27/02/2025"}},{"type":"Feature","geometry":{"coordinates":[110.347478,-7.702189],"type":"Point"},"properties":{"NAMA":"TOKO AKMAL","TIPE_1":"PERDAGANGAN DAN RETAIL","TIPE_2":"TOKO KELONTONG","TIPE_3":"-","TELEPON":"","ALAMAT":"JL. SERSAN KUSDIYO, KALAH IJO 1, TRIHARJO, KEC. SLEMAN, KABUPATEN SLEMAN, DAERAH ISTIMEWA YOGYAKARTA 55514","ID_PROV":34,"PROVINSI":"DAERAH ISTIMEWA YOGYAKARTA","ID_KABKOT":34.04,"KABKOT":"SLEMAN","ID_KEC":"34.04.13","KECAMATAN":"SLEMAN","ID_DESA":"34.04.13.2002","DESA":"TRIHARJO","LONGITUDE":110.347478,"LATITUDE":-7.702189,"STATUS":"BUKA","TANGGAL PENGUMPULAN":"Q1 2025","TANGGAL UPDATE":"27/02/2025"}},{"type":"Feature","geometry":{"coordinates":[110.2407175,-7.7741924],"type":"Point"},"properties":{"NAMA":"TOKO BERKAH PANGESTU &","TIPE_1":"PERDAGANGAN DAN RETAIL","TIPE_2":"TOKO KELONTONG","TIPE_3":"-","TELEPON":"0852-2821-3897","ALAMAT":"JL. SETRAN, PULUHAN, SUMBERARUM, KEC. MOYUDAN, KABUPATEN SLEMAN, DAERAH ISTIMEWA YOGYAKARTA 55563","ID_PROV":34,"PROVINSI":"DAERAH ISTIMEWA YOGYAKARTA","ID_KABKOT":34.04,"KABKOT":"SLEMAN","ID_KEC":"34.04.03","KECAMATAN":"MOYUDAN","ID_DESA":"34.04.03.2004","DESA":"SUMBERARUM","LONGITUDE":110.2407175,"LATITUDE":-7.7741924,"STATUS":"BUKA","TANGGAL PENGUMPULAN":"Q1 2025","TANGGAL UPDATE":"27/02/2025"}},{"type":"Feature","geometry":{"coordinates":[110.2311966,-7.7695371],"type":"Point"},"properties":{"NAMA":"TOKO PAMELLA","TIPE_1":"PERDAGANGAN DAN RETAIL","TIPE_2":"TOKO KELONTONG","TIPE_3":"-","TELEPON":"0895-3636-73131","ALAMAT":"JL. SETRAN, RT.03/RW27, JITAR NGEMPLOK, SUMBERARUM, KEC. MOYUDAN, KABUPATEN SLEMAN, DAERAH ISTIMEWA YOGYAKARTA 55563","ID_PROV":34,"PROVINSI":"DAERAH ISTIMEWA YOGYAKARTA","ID_KABKOT":34.04,"KABKOT":"SLEMAN","ID_KEC":"34.04.03","KECAMATAN":"MOYUDAN","ID_DESA":"34.04.03.2004","DESA":"SUMBERARUM","LONGITUDE":110.2311966,"LATITUDE":-7.7695371,"STATUS":"BUKA","TANGGAL PENGUMPULAN":"Q1 2025","TANGGAL UPDATE":"27/02/2025"}},{"type":"Feature","geometry":{"coordinates":[110.4062311,-7.7681974],"type":"Point"},"properties":{"NAMA":"GROSIR SEMBAKO KARYA MAKMUR","TIPE_1":"PERDAGANGAN DAN RETAIL","TIPE_2":"TOKO KELONTONG","TIPE_3":"-","TELEPON":"0882-0068-44974","ALAMAT":"JL. SETURAN II NO.87, KLEDOKAN, CATURTUNGGAL, DEPOK, SLEMAN REGENCY, SPECIAL REGION OF YOGYAKARTA 55281","ID_PROV":34,"PROVINSI":"DAERAH ISTIMEWA YOGYAKARTA","ID_KABKOT":34.04,"KABKOT":"SLEMAN","ID_KEC":"34.04.07","KECAMATAN":"DEPOK","ID_DESA":"34.04.07.2001","DESA":"CATURTUNGGAL","LONGITUDE":110.4062311,"LATITUDE":-7.7681974,"STATUS":"BUKA","TANGGAL PENGUMPULAN":"Q1 2025","TANGGAL UPDATE":"27/02/2025"}},{"type":"Feature","geometry":{"coordinates":[110.4264189,-7.5989296],"type":"Point"},"properties":{"NAMA":"TOKO FATHIN","TIPE_1":"PERDAGANGAN DAN RETAIL","TIPE_2":"TOKO KELONTONG","TIPE_3":"-","TELEPON":"0818-0432-6580","ALAMAT":"JL. SIAGA, KALIURANG, HARGOBINANGUN, PAKEM, SLEMAN REGENCY, SPECIAL REGION OF YOGYAKARTA 55582","ID_PROV":34,"PROVINSI":"DAERAH ISTIMEWA YOGYAKARTA","ID_KABKOT":34.04,"KABKOT":"SLEMAN","ID_KEC":"34.04.16","KECAMATAN":"PAKEM","ID_DESA":"34.04.16.2005","DESA":"HARGOBINANGUN","LONGITUDE":110.4264189,"LATITUDE":-7.5989296,"STATUS":"BUKA","TANGGAL PENGUMPULAN":"Q1 2025","TANGGAL UPDATE":"27/02/2025"}},{"type":"Feature","geometry":{"coordinates":[110.3226743,-7.7885593],"type":"Point"},"properties":{"NAMA":"TOKO ULFAH","TIPE_1":"PERDAGANGAN DAN RETAIL","TIPE_2":"TOKO KELONTONG","TIPE_3":"-","TELEPON":"0852-9270-3216","ALAMAT":"JL. SIDOARUM - BANTULAN, MEJING LOR, AMBARKETAWANG, KEC. GAMPING, KABUPATEN SLEMAN, DAERAH ISTIMEWA YOGYAKARTA 55294","ID_PROV":34,"PROVINSI":"DAERAH ISTIMEWA YOGYAKARTA","ID_KABKOT":34.04,"KABKOT":"SLEMAN","ID_KEC":"34.04.01","KECAMATAN":"GAMPING","ID_DESA":"34.04.01.2002","DESA":"AMBARKETAWANG","LONGITUDE":110.3226743,"LATITUDE":-7.7885593,"STATUS":"BUKA","TANGGAL PENGUMPULAN":"Q1 2025","TANGGAL UPDATE":"27/02/2025"}},{"type":"Feature","geometry":{"coordinates":[110.3228987,-7.7930774],"type":"Point"},"properties":{"NAMA":"TOKO KELONTONG YERISTA","TIPE_1":"PERDAGANGAN DAN RETAIL","TIPE_2":"TOKO KELONTONG","TIPE_3":"-","TELEPON":"0877-3919-2151","ALAMAT":"JL. SIDOARUM - BANTULAN, PATUKAN, AMBARKETAWANG, KEC. GAMPING, KABUPATEN SLEMAN, DAERAH ISTIMEWA YOGYAKARTA 55294","ID_PROV":34,"PROVINSI":"DAERAH ISTIMEWA YOGYAKARTA","ID_KABKOT":34.04,"KABKOT":"SLEMAN","ID_KEC":"34.04.01","KECAMATAN":"GAMPING","ID_DESA":"34.04.01.2002","DESA":"AMBARKETAWANG","LONGITUDE":110.3228987,"LATITUDE":-7.7930774,"STATUS":"BUKA","TANGGAL PENGUMPULAN":"Q1 2025","TANGGAL UPDATE":"27/02/2025"}},{"type":"Feature","geometry":{"coordinates":[110.3042687,-7.7784739],"type":"Point"},"properties":{"NAMA":"TOKO SIDIK (CLARISHA SHOP)","TIPE_1":"PERDAGANGAN DAN RETAIL","TIPE_2":"TOKO KELONTONG","TIPE_3":"-","TELEPON":"0817-464-621","ALAMAT":"JL. SIDOKARTO NO.01/26, NOGOSARI, SIDOKARTO, KEC. GODEAN, KABUPATEN SLEMAN, DAERAH ISTIMEWA YOGYAKARTA 55564","ID_PROV":34,"PROVINSI":"DAERAH ISTIMEWA YOGYAKARTA","ID_KABKOT":34.04,"KABKOT":"SLEMAN","ID_KEC":"34.04.02","KECAMATAN":"GODEAN","ID_DESA":"34.04.02.2005","DESA":"SIDOKARTO","LONGITUDE":110.3042687,"LATITUDE":-7.7784739,"STATUS":"BUKA","TANGGAL PENGUMPULAN":"Q1 2025","TANGGAL UPDATE":"27/02/2025"}},{"type":"Feature","geometry":{"coordinates":[110.3030911,-7.7773583],"type":"Point"},"properties":{"NAMA":"WARUNG KELONTONG BU ROES","TIPE_1":"PERDAGANGAN DAN RETAIL","TIPE_2":"TOKO KELONTONG","TIPE_3":"-","TELEPON":"","ALAMAT":"JL. SIDOLUHUR, NOGOSARI, SIDOKARTO, KEC. GODEAN, KABUPATEN SLEMAN, DAERAH ISTIMEWA YOGYAKARTA 55264","ID_PROV":34,"PROVINSI":"DAERAH ISTIMEWA YOGYAKARTA","ID_KABKOT":34.04,"KABKOT":"SLEMAN","ID_KEC":"34.04.02","KECAMATAN":"GODEAN","ID_DESA":"34.04.02.2005","DESA":"SIDOKARTO","LONGITUDE":110.3030911,"LATITUDE":-7.7773583,"STATUS":"BUKA","TANGGAL PENGUMPULAN":"Q1 2025","TANGGAL UPDATE":"27/02/2025"}},{"type":"Feature","geometry":{"coordinates":[110.3202603,-7.7588545],"type":"Point"},"properties":{"NAMA":"TOKO GIYANTI","TIPE_1":"PERDAGANGAN DAN RETAIL","TIPE_2":"TOKO KELONTONG","TIPE_3":"-","TELEPON":"0818-0409-7276","ALAMAT":"JL. SIDOMOYO NO.310, KARAKAN, SIDOMOYO, KEC. GODEAN, KABUPATEN SLEMAN, DAERAH ISTIMEWA YOGYAKARTA 55264","ID_PROV":34,"PROVINSI":"DAERAH ISTIMEWA YOGYAKARTA","ID_KABKOT":34.04,"KABKOT":"SLEMAN","ID_KEC":"34.04.02","KECAMATAN":"GODEAN","ID_DESA":"34.04.02.2007","DESA":"SIDOMOYO","LONGITUDE":110.3202603,"LATITUDE":-7.7588545,"STATUS":"BUKA","TANGGAL PENGUMPULAN":"Q1 2025","TANGGAL UPDATE":"27/02/2025"}},{"type":"Feature","geometry":{"coordinates":[110.3206066,-7.7603603],"type":"Point"},"properties":{"NAMA":"TOKO SULASMI","TIPE_1":"PERDAGANGAN DAN RETAIL","TIPE_2":"TOKO KELONTONG","TIPE_3":"-","TELEPON":"","ALAMAT":"JL. SIDOMOYO NO.342, TEGALAN, SIDOMOYO, KEC. GODEAN, KABUPATEN SLEMAN, DAERAH ISTIMEWA YOGYAKARTA 55264","ID_PROV":34,"PROVINSI":"DAERAH ISTIMEWA YOGYAKARTA","ID_KABKOT":34.04,"KABKOT":"SLEMAN","ID_KEC":"34.04.02","KECAMATAN":"GODEAN","ID_DESA":"34.04.02.2007","DESA":"SIDOMOYO","LONGITUDE":110.3206066,"LATITUDE":-7.7603603,"STATUS":"BUKA","TANGGAL PENGUMPULAN":"Q1 2025","TANGGAL UPDATE":"27/02/2025"}},{"type":"Feature","geometry":{"coordinates":[110.3220704,-7.7443225],"type":"Point"},"properties":{"NAMA":"TOKO INAH JAYA","TIPE_1":"PERDAGANGAN DAN RETAIL","TIPE_2":"TOKO KELONTONG","TIPE_3":"-","TELEPON":"0852-9952-7167","ALAMAT":"JL. SIDOMOYO, SANGGRAHAN, TIRTOADI, KEC. MLATI, KABUPATEN SLEMAN, DAERAH ISTIMEWA YOGYAKARTA 55287","ID_PROV":34,"PROVINSI":"DAERAH ISTIMEWA YOGYAKARTA","ID_KABKOT":34.04,"KABKOT":"SLEMAN","ID_KEC":"34.04.06","KECAMATAN":"MLATI","ID_DESA":"34.04.06.2004","DESA":"TIRTOADI","LONGITUDE":110.3220704,"LATITUDE":-7.7443225,"STATUS":"BUKA","TANGGAL PENGUMPULAN":"Q1 2025","TANGGAL UPDATE":"27/02/2025"}},{"type":"Feature","geometry":{"coordinates":[110.3558284,-7.7502554],"type":"Point"},"properties":{"NAMA":"WARUNG KELONTONG RAFA","TIPE_1":"PERDAGANGAN DAN RETAIL","TIPE_2":"TOKO KELONTONG","TIPE_3":"-","TELEPON":"0818-0203-1110","ALAMAT":"JL. SINDUADI JETIS, TRINI, SINDUADI, MLATI, SLEMAN REGENCY, SPECIAL REGION OF YOGYAKARTA 55284","ID_PROV":34,"PROVINSI":"DAERAH ISTIMEWA YOGYAKARTA","ID_KABKOT":34.04,"KABKOT":"SLEMAN","ID_KEC":"34.04.06","KECAMATAN":"MLATI","ID_DESA":"34.04.06.2001","DESA":"SINDUADI","LONGITUDE":110.3558284,"LATITUDE":-7.7502554,"STATUS":"BUKA","TANGGAL PENGUMPULAN":"Q1 2025","TANGGAL UPDATE":"27/02/2025"}},{"type":"Feature","geometry":{"coordinates":[110.4764126,-7.6935774],"type":"Point"},"properties":{"NAMA":"TOKO SEMBAKO ALAN BAROKAH","TIPE_1":"PERDAGANGAN DAN RETAIL","TIPE_2":"TOKO KELONTONG","TIPE_3":"-","TELEPON":"0858-8855-1654","ALAMAT":"JL. SINDUMARTANI KIOS PS. KEJAMBON NO.39, KEJAMBON LOR, SINDUMARTANI, KEC. NGEMPLAK, KABUPATEN SLEMAN, DAERAH ISTIMEWA YOGYAKARTA 55584","ID_PROV":34,"PROVINSI":"DAERAH ISTIMEWA YOGYAKARTA","ID_KABKOT":34.04,"KABKOT":"SLEMAN","ID_KEC":"34.04.11","KECAMATAN":"NGEMPLAK","ID_DESA":"34.04.11.2001","DESA":"SINDUMARTANI","LONGITUDE":110.4764126,"LATITUDE":-7.6935774,"STATUS":"BUKA","TANGGAL PENGUMPULAN":"Q1 2025","TANGGAL UPDATE":"27/02/2025"}},{"type":"Feature","geometry":{"coordinates":[110.3662817,-7.7429285],"type":"Point"},"properties":{"NAMA":"TOKO KELONTONG BU FITRI","TIPE_1":"PERDAGANGAN DAN RETAIL","TIPE_2":"TOKO KELONTONG","TIPE_3":"-","TELEPON":"","ALAMAT":"JL. SINGO SARI, RT.2/RW.10, JONGKE KIDUL, SENDANGADI, KEC. MLATI, KABUPATEN SLEMAN, DAERAH ISTIMEWA YOGYAKARTA","ID_PROV":34,"PROVINSI":"DAERAH ISTIMEWA YOGYAKARTA","ID_KABKOT":34.04,"KABKOT":"SLEMAN","ID_KEC":"34.04.06","KECAMATAN":"MLATI","ID_DESA":"34.04.06.2002","DESA":"SENDANGADI","LONGITUDE":110.3662817,"LATITUDE":-7.7429285,"STATUS":"BUKA","TANGGAL PENGUMPULAN":"Q1 2025","TANGGAL UPDATE":"27/02/2025"}},{"type":"Feature","geometry":{"coordinates":[110.4796618,-7.7580629],"type":"Point"},"properties":{"NAMA":"TOKO MBAH PRINGGO","TIPE_1":"PERDAGANGAN DAN RETAIL","TIPE_2":"TOKO KELONTONG","TIPE_3":"-","TELEPON":"0898-8842-499","ALAMAT":"JL. SOLO NO.21, KEPATIHAN, TAMANMARTANI, KEC. KALASAN, KABUPATEN SLEMAN, DAERAH ISTIMEWA YOGYAKARTA 55571","ID_PROV":34,"PROVINSI":"DAERAH ISTIMEWA YOGYAKARTA","ID_KABKOT":34.04,"KABKOT":"SLEMAN","ID_KEC":"34.04.10","KECAMATAN":"KALASAN","ID_DESA":"34.04.10.2003","DESA":"TAMANMARTANI","LONGITUDE":110.4796618,"LATITUDE":-7.7580629,"STATUS":"BUKA","TANGGAL PENGUMPULAN":"Q1 2025","TANGGAL UPDATE":"27/02/2025"}},{"type":"Feature","geometry":{"coordinates":[110.4422032,-7.7799543],"type":"Point"},"properties":{"NAMA":"WARUNG PAK BAMBANG","TIPE_1":"PERDAGANGAN DAN RETAIL","TIPE_2":"TOKO KELONTONG","TIPE_3":"-","TELEPON":"0896-1505-8793","ALAMAT":"JL. SOROGENEN I NO.76, RT.04/01, SOROGENAN I, PURWOMARTANI, KEC. KALASAN, KABUPATEN SLEMAN, DAERAH ISTIMEWA YOGYAKARTA 55571","ID_PROV":34,"PROVINSI":"DAERAH ISTIMEWA YOGYAKARTA","ID_KABKOT":34.04,"KABKOT":"SLEMAN","ID_KEC":"34.04.10","KECAMATAN":"KALASAN","ID_DESA":"34.04.10.2001","DESA":"PURWOMARTANI","LONGITUDE":110.4422032,"LATITUDE":-7.7799543,"STATUS":"BUKA","TANGGAL PENGUMPULAN":"Q1 2025","TANGGAL UPDATE":"27/02/2025"}},{"type":"Feature","geometry":{"coordinates":[110.2520249,-7.7466516],"type":"Point"},"properties":{"NAMA":"WARUNG SEMBAKO BU RATMI","TIPE_1":"PERDAGANGAN DAN RETAIL","TIPE_2":"TOKO KELONTONG","TIPE_3":"-","TELEPON":"","ALAMAT":"JL. SOROMINTAN, TINGGEN, RT04 RW09, MINGGIR, SLEMAN REGENCY, SPECIAL REGION OF YOGYAKARTA 55562","ID_PROV":34,"PROVINSI":"DAERAH ISTIMEWA YOGYAKARTA","ID_KABKOT":34.04,"KABKOT":"SLEMAN","ID_KEC":"34.04.04","KECAMATAN":"MINGGIR","ID_DESA":"34.04.04.2001","DESA":"SENDANGARUM","LONGITUDE":110.2520249,"LATITUDE":-7.7466516,"STATUS":"BUKA","TANGGAL PENGUMPULAN":"Q1 2025","TANGGAL UPDATE":"27/02/2025"}},{"type":"Feature","geometry":{"coordinates":[110.4206425,-7.7390079],"type":"Point"},"properties":{"NAMA":"TOKO SEMBAKO OCA","TIPE_1":"PERDAGANGAN DAN RETAIL","TIPE_2":"TOKO KELONTONG","TIPE_3":"-","TELEPON":"0822-2220-5648","ALAMAT":"JL. STADION, BLOTAN, WEDOMARTANI, KEC. NGEMPLAK, KABUPATEN SLEMAN, DAERAH ISTIMEWA YOGYAKARTA 55584","ID_PROV":34,"PROVINSI":"DAERAH ISTIMEWA YOGYAKARTA","ID_KABKOT":34.04,"KABKOT":"SLEMAN","ID_KEC":"34.04.11","KECAMATAN":"NGEMPLAK","ID_DESA":"34.04.11.2004","DESA":"WEDOMARTANI","LONGITUDE":110.4206425,"LATITUDE":-7.7390079,"STATUS":"BUKA","TANGGAL PENGUMPULAN":"Q1 2025","TANGGAL UPDATE":"27/02/2025"}},{"type":"Feature","geometry":{"coordinates":[110.2908495,-7.7679379],"type":"Point"},"properties":{"NAMA":"POINAH GROSIR SEMBAKO","TIPE_1":"PERDAGANGAN DAN RETAIL","TIPE_2":"TOKO KELONTONG","TIPE_3":"-","TELEPON":"0813-1216-3734","ALAMAT":"JL. SUKIRJAN, JETIS, SIDOAGUNG, KEC. GODEAN, KABUPATEN SLEMAN, DAERAH ISTIMEWA YOGYAKARTA 55264","ID_PROV":34,"PROVINSI":"DAERAH ISTIMEWA YOGYAKARTA","ID_KABKOT":34.04,"KABKOT":"SLEMAN","ID_KEC":"34.04.02","KECAMATAN":"GODEAN","ID_DESA":"34.04.02.2004","DESA":"SIDOAGUNG","LONGITUDE":110.2908495,"LATITUDE":-7.7679379,"STATUS":"BUKA","TANGGAL PENGUMPULAN":"Q1 2025","TANGGAL UPDATE":"27/02/2025"}},{"type":"Feature","geometry":{"coordinates":[110.3693661,-7.6691733],"type":"Point"},"properties":{"NAMA":"TOKO MERAPI","TIPE_1":"PERDAGANGAN DAN RETAIL","TIPE_2":"TOKO KELONTONG","TIPE_3":"-","TELEPON":"","ALAMAT":"JL. SUKODONO, SUKODONO, DONOKERTO, KEC. TURI, KABUPATEN SLEMAN, DAERAH ISTIMEWA YOGYAKARTA 55551","ID_PROV":34,"PROVINSI":"DAERAH ISTIMEWA YOGYAKARTA","ID_KABKOT":34.04,"KABKOT":"SLEMAN","ID_KEC":"34.04.15","KECAMATAN":"TURI","ID_DESA":"34.04.15.2002","DESA":"DONOKERTO","LONGITUDE":110.3693661,"LATITUDE":-7.6691733,"STATUS":"BUKA","TANGGAL PENGUMPULAN":"Q1 2025","TANGGAL UPDATE":"27/02/2025"}},{"type":"Feature","geometry":{"coordinates":[110.3986275,-7.7514595],"type":"Point"},"properties":{"NAMA":"TOKO SEMBAKO PAK SUPRI PASAR","TIPE_1":"PERDAGANGAN DAN RETAIL","TIPE_2":"TOKO KELONTONG","TIPE_3":"-","TELEPON":"0818-0269-7005","ALAMAT":"JL. SUKOHARJO NO.11, SANGGRAHAN, CONDONGCATUR, KEC. DEPOK, KABUPATEN SLEMAN, DAERAH ISTIMEWA YOGYAKARTA 55281","ID_PROV":34,"PROVINSI":"DAERAH ISTIMEWA YOGYAKARTA","ID_KABKOT":34.04,"KABKOT":"SLEMAN","ID_KEC":"34.04.07","KECAMATAN":"DEPOK","ID_DESA":"34.04.07.2003","DESA":"CONDONGCATUR","LONGITUDE":110.3986275,"LATITUDE":-7.7514595,"STATUS":"BUKA","TANGGAL PENGUMPULAN":"Q1 2025","TANGGAL UPDATE":"27/02/2025"}},{"type":"Feature","geometry":{"coordinates":[110.4489,-7.7697738],"type":"Point"},"properties":{"NAMA":"TOKO SEDERHANA","TIPE_1":"PERDAGANGAN DAN RETAIL","TIPE_2":"TOKO KELONTONG","TIPE_3":"-","TELEPON":"","ALAMAT":"JL. SUKUN NO.3, KADIROJO II, PURWOMARTANI, KALASAN, SLEMAN REGENCY, SPECIAL REGION OF YOGYAKARTA 55571","ID_PROV":34,"PROVINSI":"DAERAH ISTIMEWA YOGYAKARTA","ID_KABKOT":34.04,"KABKOT":"SLEMAN","ID_KEC":"34.04.10","KECAMATAN":"KALASAN","ID_DESA":"34.04.10.2001","DESA":"PURWOMARTANI","LONGITUDE":110.4489,"LATITUDE":-7.7697738,"STATUS":"BUKA","TANGGAL PENGUMPULAN":"Q1 2025","TANGGAL UPDATE":"27/02/2025"}},{"type":"Feature","geometry":{"coordinates":[110.3814122,-7.7444448],"type":"Point"},"properties":{"NAMA":"WARUNG KELONTONG MBA TUM","TIPE_1":"PERDAGANGAN DAN RETAIL","TIPE_2":"TOKO KELONTONG","TIPE_3":"-","TELEPON":"0877-3817-1714","ALAMAT":"JL. SUMATERA, PURWOSARI, CONDONGCATUR, KEC. MLATI, KABUPATEN SLEMAN, DAERAH ISTIMEWA YOGYAKARTA 55284","ID_PROV":34,"PROVINSI":"DAERAH ISTIMEWA YOGYAKARTA","ID_KABKOT":34.04,"KABKOT":"SLEMAN","ID_KEC":"34.04.06","KECAMATAN":"MLATI","ID_DESA":"34.04.06.2001","DESA":"SINDUADI","LONGITUDE":110.3814122,"LATITUDE":-7.7444448,"STATUS":"BUKA","TANGGAL PENGUMPULAN":"Q1 2025","TANGGAL UPDATE":"27/02/2025"}},{"type":"Feature","geometry":{"coordinates":[110.4005867,-7.7638984],"type":"Point"},"properties":{"NAMA":"TOKO KELONTONG MIAYU (BU YATI)","TIPE_1":"PERDAGANGAN DAN RETAIL","TIPE_2":"TOKO KELONTONG","TIPE_3":"-","TELEPON":"","ALAMAT":"JL. SUMATRA NO.31, NGROPOH, CONDONGCATUR, KEC. DEPOK, KABUPATEN SLEMAN, DAERAH ISTIMEWA YOGYAKARTA 55281","ID_PROV":34,"PROVINSI":"DAERAH ISTIMEWA YOGYAKARTA","ID_KABKOT":34.04,"KABKOT":"SLEMAN","ID_KEC":"34.04.07","KECAMATAN":"DEPOK","ID_DESA":"34.04.07.2003","DESA":"CONDONGCATUR","LONGITUDE":110.4005867,"LATITUDE":-7.7638984,"STATUS":"BUKA","TANGGAL PENGUMPULAN":"Q1 2025","TANGGAL UPDATE":"27/02/2025"}},{"type":"Feature","geometry":{"coordinates":[110.4088144,-7.6992196],"type":"Point"},"properties":{"NAMA":"SEMBAKO ADI SURYA","TIPE_1":"PERDAGANGAN DAN RETAIL","TIPE_2":"TOKO KELONTONG","TIPE_3":"-","TELEPON":"0812-9592-6936","ALAMAT":"JL. SUNAN GIRI JL. CANDI WINANGUN NO.13, RT.004/RW.012, CANDI WINANGUN, SARDONOHARJO, KEC. NGAGLIK, KABUPATEN SLEMAN, DAERAH ISTIMEWA YOGYAKARTA 55581","ID_PROV":34,"PROVINSI":"DAERAH ISTIMEWA YOGYAKARTA","ID_KABKOT":34.04,"KABKOT":"SLEMAN","ID_KEC":"34.04.12","KECAMATAN":"NGAGLIK","ID_DESA":"34.04.12.2005","DESA":"SARDONOHARJO","LONGITUDE":110.4088144,"LATITUDE":-7.6992196,"STATUS":"BUKA","TANGGAL PENGUMPULAN":"Q1 2025","TANGGAL UPDATE":"27/02/2025"}},{"type":"Feature","geometry":{"coordinates":[110.4119173,-7.7033935],"type":"Point"},"properties":{"NAMA":"TOKO BU TUTI","TIPE_1":"PERDAGANGAN DAN RETAIL","TIPE_2":"TOKO KELONTONG","TIPE_3":"-","TELEPON":"","ALAMAT":"JL. SUNAN GN. JATI, CANDI KARANG, SARDONOHARJO, KEC. NGAGLIK, KABUPATEN SLEMAN, DAERAH ISTIMEWA YOGYAKARTA 55581","ID_PROV":34,"PROVINSI":"DAERAH ISTIMEWA YOGYAKARTA","ID_KABKOT":34.04,"KABKOT":"SLEMAN","ID_KEC":"34.04.12","KECAMATAN":"NGAGLIK","ID_DESA":"34.04.12.2005","DESA":"SARDONOHARJO","LONGITUDE":110.4119173,"LATITUDE":-7.7033935,"STATUS":"BUKA","TANGGAL PENGUMPULAN":"Q1 2025","TANGGAL UPDATE":"27/02/2025"}},{"type":"Feature","geometry":{"coordinates":[110.286277,-7.7723552],"type":"Point"},"properties":{"NAMA":"TOKO DADI BERKAH","TIPE_1":"PERDAGANGAN DAN RETAIL","TIPE_2":"TOKO KELONTONG","TIPE_3":"-","TELEPON":"","ALAMAT":"JL. SUPARJO, DADAPAN, SIDOLUHUR, KEC. GODEAN, KABUPATEN SLEMAN, DAERAH ISTIMEWA YOGYAKARTA 55264","ID_PROV":34,"PROVINSI":"DAERAH ISTIMEWA YOGYAKARTA","ID_KABKOT":34.04,"KABKOT":"SLEMAN","ID_KEC":"34.04.02","KECAMATAN":"GODEAN","ID_DESA":"34.04.02.2002","DESA":"SIDOLUHUR","LONGITUDE":110.286277,"LATITUDE":-7.7723552,"STATUS":"BUKA","TANGGAL PENGUMPULAN":"Q1 2025","TANGGAL UPDATE":"27/02/2025"}},{"type":"Feature","geometry":{"coordinates":[110.4078537,-7.7500446],"type":"Point"},"properties":{"NAMA":"TOKO KELONTONG KANG SUTRIS","TIPE_1":"PERDAGANGAN DAN RETAIL","TIPE_2":"TOKO KELONTONG","TIPE_3":"-","TELEPON":"0818-0318-8009","ALAMAT":"JL. SWADAYA 1, DERO, CONDONGCATUR, KEC. DEPOK, KABUPATEN SLEMAN, DAERAH ISTIMEWA YOGYAKARTA 55281","ID_PROV":34,"PROVINSI":"DAERAH ISTIMEWA YOGYAKARTA","ID_KABKOT":34.04,"KABKOT":"SLEMAN","ID_KEC":"34.04.07","KECAMATAN":"DEPOK","ID_DESA":"34.04.07.2003","DESA":"CONDONGCATUR","LONGITUDE":110.4078537,"LATITUDE":-7.7500446,"STATUS":"BUKA","TANGGAL PENGUMPULAN":"Q1 2025","TANGGAL UPDATE":"27/02/2025"}},{"type":"Feature","geometry":{"coordinates":[110.3678331,-7.7700815],"type":"Point"},"properties":{"NAMA":"WARUNG BOW","TIPE_1":"PERDAGANGAN DAN RETAIL","TIPE_2":"TOKO KELONTONG","TIPE_3":"-","TELEPON":"","ALAMAT":"JL. SWADAYA NO.234, RT.12/RW.34, KUTU DUKUH, SINDUADI, KEC. MLATI, KABUPATEN SLEMAN, DAERAH ISTIMEWA YOGYAKARTA 55284","ID_PROV":34,"PROVINSI":"DAERAH ISTIMEWA YOGYAKARTA","ID_KABKOT":34.04,"KABKOT":"SLEMAN","ID_KEC":"34.04.06","KECAMATAN":"MLATI","ID_DESA":"34.04.06.2001","DESA":"SINDUADI","LONGITUDE":110.3678331,"LATITUDE":-7.7700815,"STATUS":"BUKA","TANGGAL PENGUMPULAN":"Q1 2025","TANGGAL UPDATE":"27/02/2025"}},{"type":"Feature","geometry":{"coordinates":[110.4120817,-7.7525763],"type":"Point"},"properties":{"NAMA":"WARUNG KELONTONG BU ASTIYAH","TIPE_1":"PERDAGANGAN DAN RETAIL","TIPE_2":"TOKO KELONTONG","TIPE_3":"-","TELEPON":"","ALAMAT":"JL. TAMBAKBOYO NO.47, DERO, CONDONGCATUR, KEC. DEPOK, KABUPATEN SLEMAN, DAERAH ISTIMEWA YOGYAKARTA 55281","ID_PROV":34,"PROVINSI":"DAERAH ISTIMEWA YOGYAKARTA","ID_KABKOT":34.04,"KABKOT":"SLEMAN","ID_KEC":"34.04.07","KECAMATAN":"DEPOK","ID_DESA":"34.04.07.2003","DESA":"CONDONGCATUR","LONGITUDE":110.4120817,"LATITUDE":-7.7525763,"STATUS":"BUKA","TANGGAL PENGUMPULAN":"Q1 2025","TANGGAL UPDATE":"27/02/2025"}},{"type":"Feature","geometry":{"coordinates":[110.4510809,-7.7882562],"type":"Point"},"properties":{"NAMA":"TOKO SEMBAKO 163","TIPE_1":"PERDAGANGAN DAN RETAIL","TIPE_2":"TOKO KELONTONG","TIPE_3":"-","TELEPON":"","ALAMAT":"JL. TANJUNGTIRTO JL. KALIAJIR KIDUL NO.1, KALIAJIR KIDUL, KALITIRTO, KEC. BERBAH, KABUPATEN SLEMAN, DAERAH ISTIMEWA YOGYAKARTA 55573","ID_PROV":34,"PROVINSI":"DAERAH ISTIMEWA YOGYAKARTA","ID_KABKOT":34.04,"KABKOT":"SLEMAN","ID_KEC":"34.04.08","KECAMATAN":"BERBAH","ID_DESA":"34.04.08.2003","DESA":"KALITIRTO","LONGITUDE":110.4510809,"LATITUDE":-7.7882562,"STATUS":"BUKA","TANGGAL PENGUMPULAN":"Q1 2025","TANGGAL UPDATE":"27/02/2025"}},{"type":"Feature","geometry":{"coordinates":[110.4520541,-7.7886113],"type":"Point"},"properties":{"NAMA":"TOKO SAYUR & SEMBAKO MB ETIK","TIPE_1":"PERDAGANGAN DAN RETAIL","TIPE_2":"TOKO KELONTONG","TIPE_3":"-","TELEPON":"","ALAMAT":"JL. TANJUNGTIRTO, KALIAJIR KIDUL, KALITIRTO, KEC. BERBAH, KABUPATEN SLEMAN, DAERAH ISTIMEWA YOGYAKARTA 55573","ID_PROV":34,"PROVINSI":"DAERAH ISTIMEWA YOGYAKARTA","ID_KABKOT":34.04,"KABKOT":"SLEMAN","ID_KEC":"34.04.08","KECAMATAN":"BERBAH","ID_DESA":"34.04.08.2003","DESA":"KALITIRTO","LONGITUDE":110.4520541,"LATITUDE":-7.7886113,"STATUS":"BUKA","TANGGAL PENGUMPULAN":"Q1 2025","TANGGAL UPDATE":"27/02/2025"}},{"type":"Feature","geometry":{"coordinates":[110.396058,-7.767052],"type":"Point"},"properties":{"NAMA":"AZAN FROZEN FOOD & SEMBAKO","TIPE_1":"PERDAGANGAN DAN RETAIL","TIPE_2":"TOKO KELONTONG","TIPE_3":"-","TELEPON":"0822-1124-0534","ALAMAT":"JL. TANTULAR CEPIT BARU NO.318, SOROPADAN, CONDONGCATUR, KEC. DEPOK, KABUPATEN SLEMAN, DAERAH ISTIMEWA YOGYAKARTA 55281","ID_PROV":34,"PROVINSI":"DAERAH ISTIMEWA YOGYAKARTA","ID_KABKOT":34.04,"KABKOT":"SLEMAN","ID_KEC":"34.04.07","KECAMATAN":"DEPOK","ID_DESA":"34.04.07.2003","DESA":"CONDONGCATUR","LONGITUDE":110.396058,"LATITUDE":-7.767052,"STATUS":"BUKA","TANGGAL PENGUMPULAN":"Q1 2025","TANGGAL UPDATE":"27/02/2025"}},{"type":"Feature","geometry":{"coordinates":[110.3958385,-7.7722654],"type":"Point"},"properties":{"NAMA":"TOKO QUTIZ","TIPE_1":"PERDAGANGAN DAN RETAIL","TIPE_2":"TOKO KELONTONG","TIPE_3":"-","TELEPON":"","ALAMAT":"JL. TANTULAR NO.6-440, PRINGWULUNG, CONDONGCATUR, KEC. DEPOK, KABUPATEN SLEMAN, DAERAH ISTIMEWA YOGYAKARTA 55281","ID_PROV":34,"PROVINSI":"DAERAH ISTIMEWA YOGYAKARTA","ID_KABKOT":34.04,"KABKOT":"SLEMAN","ID_KEC":"34.04.07","KECAMATAN":"DEPOK","ID_DESA":"34.04.07.2003","DESA":"CONDONGCATUR","LONGITUDE":110.3958385,"LATITUDE":-7.7722654,"STATUS":"BUKA","TANGGAL PENGUMPULAN":"Q1 2025","TANGGAL UPDATE":"27/02/2025"}},{"type":"Feature","geometry":{"coordinates":[110.4060941,-7.6487896],"type":"Point"},"properties":{"NAMA":"WARUNG SEMBAKO MARSITI","TIPE_1":"PERDAGANGAN DAN RETAIL","TIPE_2":"TOKO KELONTONG","TIPE_3":"-","TELEPON":"0813-2875-3199","ALAMAT":"JL. TAPANSARI, CEMOROHARJO, CANDIBINANGUN, KEC. PAKEM, KABUPATEN SLEMAN, DAERAH ISTIMEWA YOGYAKARTA 55582","ID_PROV":34,"PROVINSI":"DAERAH ISTIMEWA YOGYAKARTA","ID_KABKOT":34.04,"KABKOT":"SLEMAN","ID_KEC":"34.04.16","KECAMATAN":"PAKEM","ID_DESA":"34.04.16.2002","DESA":"CANDIBINANGUN","LONGITUDE":110.4060941,"LATITUDE":-7.6487896,"STATUS":"BUKA","TANGGAL PENGUMPULAN":"Q1 2025","TANGGAL UPDATE":"27/02/2025"}},{"type":"Feature","geometry":{"coordinates":[110.3685881,-7.746948],"type":"Point"},"properties":{"NAMA":"WARUNG KELONTONG RAHMA","TIPE_1":"PERDAGANGAN DAN RETAIL","TIPE_2":"TOKO KELONTONG","TIPE_3":"-","TELEPON":"","ALAMAT":"JL. TEGAL MELATI NO.21, JOMBOR LOR, SINDUADI, KEC. MLATI, KABUPATEN SLEMAN, DAERAH ISTIMEWA YOGYAKARTA 55581","ID_PROV":34,"PROVINSI":"DAERAH ISTIMEWA YOGYAKARTA","ID_KABKOT":34.04,"KABKOT":"SLEMAN","ID_KEC":"34.04.06","KECAMATAN":"MLATI","ID_DESA":"34.04.06.2001","DESA":"SINDUADI","LONGITUDE":110.3685881,"LATITUDE":-7.746948,"STATUS":"BUKA","TANGGAL PENGUMPULAN":"Q1 2025","TANGGAL UPDATE":"27/02/2025"}},{"type":"Feature","geometry":{"coordinates":[110.3713092,-7.7479546],"type":"Point"},"properties":{"NAMA":"TOKO KELONTONG LALA ELSA","TIPE_1":"PERDAGANGAN DAN RETAIL","TIPE_2":"TOKO KELONTONG","TIPE_3":"-","TELEPON":"","ALAMAT":"JL. TEGAL MELATI NO.61, JONGKANG, SARIHARJO, KEC. NGAGLIK, KABUPATEN SLEMAN, DAERAH ISTIMEWA YOGYAKARTA 55581","ID_PROV":34,"PROVINSI":"DAERAH ISTIMEWA YOGYAKARTA","ID_KABKOT":34.04,"KABKOT":"SLEMAN","ID_KEC":"34.04.12","KECAMATAN":"NGAGLIK","ID_DESA":"34.04.12.2001","DESA":"SARIHARJO","LONGITUDE":110.3713092,"LATITUDE":-7.7479546,"STATUS":"BUKA","TANGGAL PENGUMPULAN":"Q1 2025","TANGGAL UPDATE":"27/02/2025"}},{"type":"Feature","geometry":{"coordinates":[110.3649283,-7.7450239],"type":"Point"},"properties":{"NAMA":"TOKO SEMBAKO MADURA RIDHO 6","TIPE_1":"PERDAGANGAN DAN RETAIL","TIPE_2":"TOKO KELONTONG","TIPE_3":"-","TELEPON":"","ALAMAT":"JL. TEGAL MELATI, JOMBOR LOR, SINDUADI, KEC. MLATI, KABUPATEN SLEMAN, DAERAH ISTIMEWA YOGYAKARTA","ID_PROV":34,"PROVINSI":"DAERAH ISTIMEWA YOGYAKARTA","ID_KABKOT":34.04,"KABKOT":"SLEMAN","ID_KEC":"34.04.06","KECAMATAN":"MLATI","ID_DESA":"34.04.06.2001","DESA":"SINDUADI","LONGITUDE":110.3649283,"LATITUDE":-7.7450239,"STATUS":"BUKA","TANGGAL PENGUMPULAN":"Q1 2025","TANGGAL UPDATE":"27/02/2025"}},{"type":"Feature","geometry":{"coordinates":[110.3130452,-7.6536566],"type":"Point"},"properties":{"NAMA":"TOKO JUMIDAH","TIPE_1":"PERDAGANGAN DAN RETAIL","TIPE_2":"TOKO KELONTONG","TIPE_3":"-","TELEPON":"","ALAMAT":"JL. TEMPEL - JLAPAN, NGENTAK, PONDOKREJO, KEC. TEMPEL, KABUPATEN SLEMAN, DAERAH ISTIMEWA YOGYAKARTA 55552","ID_PROV":34,"PROVINSI":"DAERAH ISTIMEWA YOGYAKARTA","ID_KABKOT":34.04,"KABKOT":"SLEMAN","ID_KEC":"34.04.14","KECAMATAN":"TEMPEL","ID_DESA":"34.04.14.2004","DESA":"PONDOKREJO","LONGITUDE":110.3130452,"LATITUDE":-7.6536566,"STATUS":"BUKA","TANGGAL PENGUMPULAN":"Q1 2025","TANGGAL UPDATE":"27/02/2025"}},{"type":"Feature","geometry":{"coordinates":[110.2875581,-7.7622146],"type":"Point"},"properties":{"NAMA":"WARUNG 2606","TIPE_1":"PERDAGANGAN DAN RETAIL","TIPE_2":"TOKO KELONTONG","TIPE_3":"-","TELEPON":"","ALAMAT":"JL. MUNENGAN VI, NGABANGAN, SIDOLUHUR, KEC. GODEAN, KABUPATEN SLEMAN, DAERAH ISTIMEWA YOGYAKARTA 55264","ID_PROV":34,"PROVINSI":"DAERAH ISTIMEWA YOGYAKARTA","ID_KABKOT":34.04,"KABKOT":"SLEMAN","ID_KEC":"34.04.02","KECAMATAN":"GODEAN","ID_DESA":"34.04.02.2002","DESA":"SIDOLUHUR","LONGITUDE":110.2875581,"LATITUDE":-7.7622146,"STATUS":"BUKA","TANGGAL PENGUMPULAN":"Q1 2025","TANGGAL UPDATE":"27/02/2025"}},{"type":"Feature","geometry":{"coordinates":[110.3487717,-7.6882354],"type":"Point"},"properties":{"NAMA":"BASECAMP ZA","TIPE_1":"PERDAGANGAN DAN RETAIL","TIPE_2":"TOKO KELONTONG","TIPE_3":"-","TELEPON":"0896-4778-3364","ALAMAT":"JL. MURANGAN VIII, RT.3/RW.27, PANGGERAN 7, TRIHARJO, SLEMAN, SLEMAN REGENCY, SPECIAL REGION OF YOGYAKARTA 55514","ID_PROV":34,"PROVINSI":"DAERAH ISTIMEWA YOGYAKARTA","ID_KABKOT":34.04,"KABKOT":"SLEMAN","ID_KEC":"34.04.13","KECAMATAN":"SLEMAN","ID_DESA":"34.04.13.2002","DESA":"TRIHARJO","LONGITUDE":110.3487717,"LATITUDE":-7.6882354,"STATUS":"BUKA","TANGGAL PENGUMPULAN":"Q1 2025","TANGGAL UPDATE":"27/02/2025"}},{"type":"Feature","geometry":{"coordinates":[110.4426076,-7.7501654],"type":"Point"},"properties":{"NAMA":"WARUNG KELONTONG BU BANIYAH","TIPE_1":"PERDAGANGAN DAN RETAIL","TIPE_2":"TOKO KELONTONG","TIPE_3":"-","TELEPON":"0857-4130-4540","ALAMAT":"JL. NANAS JL. RAYA KADISOKA NO.21B, KADISOKO, PURWOMARTANI, KALASAN, SLEMAN REGENCY, SPECIAL REGION OF YOGYAKARTA 55281","ID_PROV":34,"PROVINSI":"DAERAH ISTIMEWA YOGYAKARTA","ID_KABKOT":34.04,"KABKOT":"SLEMAN","ID_KEC":"34.04.10","KECAMATAN":"KALASAN","ID_DESA":"34.04.10.2001","DESA":"PURWOMARTANI","LONGITUDE":110.4426076,"LATITUDE":-7.7501654,"STATUS":"BUKA","TANGGAL PENGUMPULAN":"Q1 2025","TANGGAL UPDATE":"27/02/2025"}},{"type":"Feature","geometry":{"coordinates":[110.4239441,-7.7630418],"type":"Point"},"properties":{"NAMA":"TOKO KELONTONG BU EMI","TIPE_1":"PERDAGANGAN DAN RETAIL","TIPE_2":"TOKO KELONTONG","TIPE_3":"-","TELEPON":"","ALAMAT":"JL. NANGKA II, KRODAN, MAGUWOHARJO, DEPOK, SLEMAN REGENCY, SPECIAL REGION OF YOGYAKARTA 55281","ID_PROV":34,"PROVINSI":"DAERAH ISTIMEWA YOGYAKARTA","ID_KABKOT":34.04,"KABKOT":"SLEMAN","ID_KEC":"34.04.07","KECAMATAN":"DEPOK","ID_DESA":"34.04.07.2002","DESA":"MAGUWOHARJO","LONGITUDE":110.4239441,"LATITUDE":-7.7630418,"STATUS":"BUKA","TANGGAL PENGUMPULAN":"Q1 2025","TANGGAL UPDATE":"27/02/2025"}},{"type":"Feature","geometry":{"coordinates":[110.4382464,-7.8272859],"type":"Point"},"properties":{"NAMA":"TOKO SEMBAKO AVIN","TIPE_1":"PERDAGANGAN DAN RETAIL","TIPE_2":"TOKO KELONTONG","TIPE_3":"-","TELEPON":"0882-0080-74964","ALAMAT":"JL. NASIONAL III, DAWUKAN, SENDANGTIRTO, KEC. BERBAH, KABUPATEN SLEMAN, DAERAH ISTIMEWA YOGYAKARTA 55573","ID_PROV":34,"PROVINSI":"DAERAH ISTIMEWA YOGYAKARTA","ID_KABKOT":34.04,"KABKOT":"SLEMAN","ID_KEC":"34.04.08","KECAMATAN":"BERBAH","ID_DESA":"34.04.08.2001","DESA":"SENDANGTIRTO","LONGITUDE":110.4382464,"LATITUDE":-7.8272859,"STATUS":"BUKA","TANGGAL PENGUMPULAN":"Q1 2025","TANGGAL UPDATE":"27/02/2025"}},{"type":"Feature","geometry":{"coordinates":[110.4301192,-7.8248616],"type":"Point"},"properties":{"NAMA":"TOKO BU ENDANG","TIPE_1":"PERDAGANGAN DAN RETAIL","TIPE_2":"TOKO KELONTONG","TIPE_3":"-","TELEPON":"","ALAMAT":"JL. NASIONAL III, GANDU, SENDANGTIRTO, KEC. BERBAH, KABUPATEN SLEMAN, DAERAH ISTIMEWA YOGYAKARTA 55573","ID_PROV":34,"PROVINSI":"DAERAH ISTIMEWA YOGYAKARTA","ID_KABKOT":34.04,"KABKOT":"SLEMAN","ID_KEC":"34.04.08","KECAMATAN":"BERBAH","ID_DESA":"34.04.08.2001","DESA":"SENDANGTIRTO","LONGITUDE":110.4301192,"LATITUDE":-7.8248616,"STATUS":"BUKA","TANGGAL PENGUMPULAN":"Q1 2025","TANGGAL UPDATE":"27/02/2025"}},{"type":"Feature","geometry":{"coordinates":[110.2901383,-7.6962185],"type":"Point"},"properties":{"NAMA":"MURAH CELL NOBOND CELL MART","TIPE_1":"PERDAGANGAN DAN RETAIL","TIPE_2":"TOKO KELONTONG","TIPE_3":"-","TELEPON":"0877-9115-4413","ALAMAT":"JL. NGABEAN, RT.02/RW.22, KARANG, BANYUREJO, KEC. TEMPEL, KABUPATEN SLEMAN, DAERAH ISTIMEWA YOGYAKARTA 55552","ID_PROV":34,"PROVINSI":"DAERAH ISTIMEWA YOGYAKARTA","ID_KABKOT":34.04,"KABKOT":"SLEMAN","ID_KEC":"34.04.14","KECAMATAN":"TEMPEL","ID_DESA":"34.04.14.2001","DESA":"BANYUREJO","LONGITUDE":110.2901383,"LATITUDE":-7.6962185,"STATUS":"BUKA","TANGGAL PENGUMPULAN":"Q1 2025","TANGGAL UPDATE":"27/02/2025"}},{"type":"Feature","geometry":{"coordinates":[110.4379973,-7.714542],"type":"Point"},"properties":{"NAMA":"WARUNG RAKA DAN SAPU IJUK","TIPE_1":"PERDAGANGAN DAN RETAIL","TIPE_2":"TOKO KELONTONG","TIPE_3":"-","TELEPON":"0857-4000-8049","ALAMAT":"JL. NGAGLIK, DEMANGAN, WEDOMARTANI, KEC. NGEMPLAK, KABUPATEN SLEMAN, DAERAH ISTIMEWA YOGYAKARTA 55584","ID_PROV":34,"PROVINSI":"DAERAH ISTIMEWA YOGYAKARTA","ID_KABKOT":34.04,"KABKOT":"SLEMAN","ID_KEC":"34.04.11","KECAMATAN":"NGEMPLAK","ID_DESA":"34.04.11.2004","DESA":"WEDOMARTANI","LONGITUDE":110.4379973,"LATITUDE":-7.714542,"STATUS":"BUKA","TANGGAL PENGUMPULAN":"Q1 2025","TANGGAL UPDATE":"27/02/2025"}},{"type":"Feature","geometry":{"coordinates":[110.2617934,-7.7605634],"type":"Point"},"properties":{"NAMA":"USAHA LANCAR","TIPE_1":"PERDAGANGAN DAN RETAIL","TIPE_2":"TOKO KELONTONG","TIPE_3":"-","TELEPON":"0812-4642-6838","ALAMAT":"JL. NGAPAK - KENTHENG JL. SUMBERAN NO.14, SUMBERAN, SUMBERAGUNG, KEC. MOYUDAN, KABUPATEN SLEMAN, DAERAH ISTIMEWA YOGYAKARTA 55264","ID_PROV":34,"PROVINSI":"DAERAH ISTIMEWA YOGYAKARTA","ID_KABKOT":34.04,"KABKOT":"SLEMAN","ID_KEC":"34.04.03","KECAMATAN":"MOYUDAN","ID_DESA":"34.04.03.2003","DESA":"SUMBERAGUNG","LONGITUDE":110.2617934,"LATITUDE":-7.7605634,"STATUS":"BUKA","TANGGAL PENGUMPULAN":"Q1 2025","TANGGAL UPDATE":"27/02/2025"}},{"type":"Feature","geometry":{"coordinates":[110.3236892,-7.7752807],"type":"Point"},"properties":{"NAMA":"RAYA MART","TIPE_1":"PERDAGANGAN DAN RETAIL","TIPE_2":"TOKO KELONTONG","TIPE_3":"-","TELEPON":"(0274) 7409958","ALAMAT":"JL. NGAPAK - KENTHENG NO.36, COKRO GEDOK, SIDOARUM, KEC. GODEAN, KABUPATEN SLEMAN, DAERAH ISTIMEWA YOGYAKARTA 55264","ID_PROV":34,"PROVINSI":"DAERAH ISTIMEWA YOGYAKARTA","ID_KABKOT":34.04,"KABKOT":"SLEMAN","ID_KEC":"34.04.02","KECAMATAN":"GODEAN","ID_DESA":"34.04.02.2006","DESA":"SIDOARUM","LONGITUDE":110.3236892,"LATITUDE":-7.7752807,"STATUS":"BUKA","TANGGAL PENGUMPULAN":"Q1 2025","TANGGAL UPDATE":"27/02/2025"}},{"type":"Feature","geometry":{"coordinates":[110.2862236,-7.7647313],"type":"Point"},"properties":{"NAMA":"TOKO SEMBAKO AROFAH","TIPE_1":"PERDAGANGAN DAN RETAIL","TIPE_2":"TOKO KELONTONG","TIPE_3":"-","TELEPON":"0859-0029-0205","ALAMAT":"JL. NGAPAK - KENTHENG NO.38, BERJO KIDUL, SIDOLUHUR, KEC. GODEAN, KABUPATEN SLEMAN, DAERAH ISTIMEWA YOGYAKARTA 55264","ID_PROV":34,"PROVINSI":"DAERAH ISTIMEWA YOGYAKARTA","ID_KABKOT":34.04,"KABKOT":"SLEMAN","ID_KEC":"34.04.02","KECAMATAN":"GODEAN","ID_DESA":"34.04.02.2002","DESA":"SIDOLUHUR","LONGITUDE":110.2862236,"LATITUDE":-7.7647313,"STATUS":"BUKA","TANGGAL PENGUMPULAN":"Q1 2025","TANGGAL UPDATE":"27/02/2025"}},{"type":"Feature","geometry":{"coordinates":[110.3233957,-7.7752109],"type":"Point"},"properties":{"NAMA":"TOKO TRESNO AGUNG","TIPE_1":"PERDAGANGAN DAN RETAIL","TIPE_2":"TOKO KELONTONG","TIPE_3":"-","TELEPON":"(0274) 798251","ALAMAT":"JL. NGAPAK - KENTHENG NO.7, BANTULAN, SIDOARUM, KEC. GODEAN, KABUPATEN SLEMAN, DAERAH ISTIMEWA YOGYAKARTA 55264","ID_PROV":34,"PROVINSI":"DAERAH ISTIMEWA YOGYAKARTA","ID_KABKOT":34.04,"KABKOT":"SLEMAN","ID_KEC":"34.04.02","KECAMATAN":"GODEAN","ID_DESA":"34.04.02.2006","DESA":"SIDOARUM","LONGITUDE":110.3233957,"LATITUDE":-7.7752109,"STATUS":"BUKA","TANGGAL PENGUMPULAN":"Q1 2025","TANGGAL UPDATE":"27/02/2025"}},{"type":"Feature","geometry":{"coordinates":[110.2929412,-7.7671113],"type":"Point"},"properties":{"NAMA":"TOKO KELONTONG RACHMAT","TIPE_1":"PERDAGANGAN DAN RETAIL","TIPE_2":"TOKO KELONTONG","TIPE_3":"-","TELEPON":"","ALAMAT":"JL. NGAPAK - KENTHENG NO.9, AREA SAWAH, SIDOAGUNG, KEC. GODEAN, KABUPATEN SLEMAN, DAERAH ISTIMEWA YOGYAKARTA 55264","ID_PROV":34,"PROVINSI":"DAERAH ISTIMEWA YOGYAKARTA","ID_KABKOT":34.04,"KABKOT":"SLEMAN","ID_KEC":"34.04.02","KECAMATAN":"GODEAN","ID_DESA":"34.04.02.2004","DESA":"SIDOAGUNG","LONGITUDE":110.2929412,"LATITUDE":-7.7671113,"STATUS":"BUKA","TANGGAL PENGUMPULAN":"Q1 2025","TANGGAL UPDATE":"27/02/2025"}},{"type":"Feature","geometry":{"coordinates":[110.3381656,-7.7787568],"type":"Point"},"properties":{"NAMA":"TOKO KELONTONG TALITAKUM","TIPE_1":"PERDAGANGAN DAN RETAIL","TIPE_2":"TOKO KELONTONG","TIPE_3":"-","TELEPON":"","ALAMAT":"JL. NGAPAK - KENTHENG NO.KM 4, AREA SAWAH, BANYURADEN, KEC. GAMPING, KABUPATEN SLEMAN, DAERAH ISTIMEWA YOGYAKARTA 55293","ID_PROV":34,"PROVINSI":"DAERAH ISTIMEWA YOGYAKARTA","ID_KABKOT":34.04,"KABKOT":"SLEMAN","ID_KEC":"34.04.01","KECAMATAN":"GAMPING","ID_DESA":"34.04.01.2003","DESA":"BANYURADEN","LONGITUDE":110.3381656,"LATITUDE":-7.7787568,"STATUS":"BUKA","TANGGAL PENGUMPULAN":"Q1 2025","TANGGAL UPDATE":"27/02/2025"}},{"type":"Feature","geometry":{"coordinates":[110.2433438,-7.7563881],"type":"Point"},"properties":{"NAMA":"TOKO BERKAT","TIPE_1":"PERDAGANGAN DAN RETAIL","TIPE_2":"TOKO KELONTONG","TIPE_3":"-","TELEPON":"0852-2821-3897","ALAMAT":"JL. NGAPAK - KENTHENG NO.KM.16, KLEPU, SENDANGMULYO, KEC. MINGGIR, KABUPATEN SLEMAN, DAERAH ISTIMEWA YOGYAKARTA 55562","ID_PROV":34,"PROVINSI":"DAERAH ISTIMEWA YOGYAKARTA","ID_KABKOT":34.04,"KABKOT":"SLEMAN","ID_KEC":"34.04.03","KECAMATAN":"MOYUDAN","ID_DESA":"34.04.03.2003","DESA":"SUMBERAGUNG","LONGITUDE":110.2433438,"LATITUDE":-7.7563881,"STATUS":"BUKA","TANGGAL PENGUMPULAN":"Q1 2025","TANGGAL UPDATE":"27/02/2025"}},{"type":"Feature","geometry":{"coordinates":[110.2551602,-7.7592033],"type":"Point"},"properties":{"NAMA":"TOKO SABIKAN","TIPE_1":"PERDAGANGAN DAN RETAIL","TIPE_2":"TOKO KELONTONG","TIPE_3":"-","TELEPON":"(0274) 6497205","ALAMAT":"JL. NGAPAK - KENTHENG, MALANGAN, SUMBERAGUNG, KEC. MOYUDAN, KABUPATEN SLEMAN, DAERAH ISTIMEWA YOGYAKARTA 55563","ID_PROV":34,"PROVINSI":"DAERAH ISTIMEWA YOGYAKARTA","ID_KABKOT":34.04,"KABKOT":"SLEMAN","ID_KEC":"34.04.03","KECAMATAN":"MOYUDAN","ID_DESA":"34.04.03.2003","DESA":"SUMBERAGUNG","LONGITUDE":110.2551602,"LATITUDE":-7.7592033,"STATUS":"BUKA","TANGGAL PENGUMPULAN":"Q1 2025","TANGGAL UPDATE":"27/02/2025"}},{"type":"Feature","geometry":{"coordinates":[110.2513712,-7.7579817],"type":"Point"},"properties":{"NAMA":"TOKO KELONTONG RUSDI","TIPE_1":"PERDAGANGAN DAN RETAIL","TIPE_2":"TOKO KELONTONG","TIPE_3":"-","TELEPON":"0821-4521-4705","ALAMAT":"JL. NGAPAK - KENTHENG, NGIJON, KENTENG, KEC. MINGGIR, KABUPATEN SLEMAN, DAERAH ISTIMEWA YOGYAKARTA 55514","ID_PROV":34,"PROVINSI":"DAERAH ISTIMEWA YOGYAKARTA","ID_KABKOT":34.04,"KABKOT":"SLEMAN","ID_KEC":"34.04.04","KECAMATAN":"MINGGIR","ID_DESA":"34.04.04.2001","DESA":"SENDANGARUM","LONGITUDE":110.2513712,"LATITUDE":-7.7579817,"STATUS":"BUKA","TANGGAL PENGUMPULAN":"Q1 2025","TANGGAL UPDATE":"27/02/2025"}},{"type":"Feature","geometry":{"coordinates":[110.2461066,-7.757027],"type":"Point"},"properties":{"NAMA":"TOKO SIWI","TIPE_1":"PERDAGANGAN DAN RETAIL","TIPE_2":"TOKO KELONTONG","TIPE_3":"-","TELEPON":"","ALAMAT":"JL. NGAPAK - KENTHENG, SANAN, SENDANGARUM, KEC. MINGGIR, KABUPATEN SLEMAN, DAERAH ISTIMEWA YOGYAKARTA 55562","ID_PROV":34,"PROVINSI":"DAERAH ISTIMEWA YOGYAKARTA","ID_KABKOT":34.04,"KABKOT":"SLEMAN","ID_KEC":"34.04.03","KECAMATAN":"MOYUDAN","ID_DESA":"34.04.03.2003","DESA":"SUMBERAGUNG","LONGITUDE":110.2461066,"LATITUDE":-7.757027,"STATUS":"BUKA","TANGGAL PENGUMPULAN":"Q1 2025","TANGGAL UPDATE":"27/02/2025"}},{"type":"Feature","geometry":{"coordinates":[110.3454125,-7.7472885],"type":"Point"},"properties":{"NAMA":"TOKO SEMBAKO H SULTHON SPD","TIPE_1":"PERDAGANGAN DAN RETAIL","TIPE_2":"TOKO KELONTONG","TIPE_3":"-","TELEPON":"","ALAMAT":"JL. NGAWEN NO.27, KRANGGAHAN II, TRIHANGGO, KEC. GAMPING, KABUPATEN SLEMAN, DAERAH ISTIMEWA YOGYAKARTA 55291","ID_PROV":34,"PROVINSI":"DAERAH ISTIMEWA YOGYAKARTA","ID_KABKOT":34.04,"KABKOT":"SLEMAN","ID_KEC":"34.04.01","KECAMATAN":"GAMPING","ID_DESA":"34.04.01.2005","DESA":"TRIHANGGO","LONGITUDE":110.3454125,"LATITUDE":-7.7472885,"STATUS":"BUKA","TANGGAL PENGUMPULAN":"Q1 2025","TANGGAL UPDATE":"27/02/2025"}},{"type":"Feature","geometry":{"coordinates":[110.3434705,-7.7460208],"type":"Point"},"properties":{"NAMA":"WARUNG KELONTONG TARI","TIPE_1":"PERDAGANGAN DAN RETAIL","TIPE_2":"TOKO KELONTONG","TIPE_3":"-","TELEPON":"0895-3780-18829","ALAMAT":"JL. NGAWEN NO.51 RT03, RW.11, KRANGGAHAN II, TRIHANGGO, KEC. GAMPING, KABUPATEN SLEMAN, DAERAH ISTIMEWA YOGYAKARTA 55291","ID_PROV":34,"PROVINSI":"DAERAH ISTIMEWA YOGYAKARTA","ID_KABKOT":34.04,"KABKOT":"SLEMAN","ID_KEC":"34.04.01","KECAMATAN":"GAMPING","ID_DESA":"34.04.01.2005","DESA":"TRIHANGGO","LONGITUDE":110.3434705,"LATITUDE":-7.7460208,"STATUS":"BUKA","TANGGAL PENGUMPULAN":"Q1 2025","TANGGAL UPDATE":"27/02/2025"}},{"type":"Feature","geometry":{"coordinates":[110.4092429,-7.6914147],"type":"Point"},"properties":{"NAMA":"TOKO GAJOEL","TIPE_1":"PERDAGANGAN DAN RETAIL","TIPE_2":"TOKO KELONTONG","TIPE_3":"-","TELEPON":"0857-4792-2663","ALAMAT":"JL. NGLANJARAN, CANDIREJO, SARDONOHARJO, KEC. NGAGLIK, KABUPATEN SLEMAN, DAERAH ISTIMEWA YOGYAKARTA 55581","ID_PROV":34,"PROVINSI":"DAERAH ISTIMEWA YOGYAKARTA","ID_KABKOT":34.04,"KABKOT":"SLEMAN","ID_KEC":"34.04.12","KECAMATAN":"NGAGLIK","ID_DESA":"34.04.12.2005","DESA":"SARDONOHARJO","LONGITUDE":110.4092429,"LATITUDE":-7.6914147,"STATUS":"BUKA","TANGGAL PENGUMPULAN":"Q1 2025","TANGGAL UPDATE":"27/02/2025"}},{"type":"Feature","geometry":{"coordinates":[110.3403507,-7.6582615],"type":"Point"},"properties":{"NAMA":"TOKO SAMI","TIPE_1":"PERDAGANGAN DAN RETAIL","TIPE_2":"TOKO KELONTONG","TIPE_3":"-","TELEPON":"0877-3931-7454","ALAMAT":"JL. NGLEBENG, KADILUWIH, MARGOREJO, KEC. TEMPEL, KABUPATEN SLEMAN, DAERAH ISTIMEWA YOGYAKARTA 55552","ID_PROV":34,"PROVINSI":"DAERAH ISTIMEWA YOGYAKARTA","ID_KABKOT":34.04,"KABKOT":"SLEMAN","ID_KEC":"34.04.14","KECAMATAN":"TEMPEL","ID_DESA":"34.04.14.2006","DESA":"MARGOREJO","LONGITUDE":110.3403507,"LATITUDE":-7.6582615,"STATUS":"BUKA","TANGGAL PENGUMPULAN":"Q1 2025","TANGGAL UPDATE":"27/02/2025"}},{"type":"Feature","geometry":{"coordinates":[110.3406484,-7.6558706],"type":"Point"},"properties":{"NAMA":"TOKO KELONTONG YAKIN BAROKAH MADURA","TIPE_1":"PERDAGANGAN DAN RETAIL","TIPE_2":"TOKO KELONTONG","TIPE_3":"-","TELEPON":"","ALAMAT":"JL. NGLEBENG, NGLEBENG, MARGOREJO, KEC. TEMPEL, KABUPATEN SLEMAN, DAERAH ISTIMEWA YOGYAKARTA 55552","ID_PROV":34,"PROVINSI":"DAERAH ISTIMEWA YOGYAKARTA","ID_KABKOT":34.04,"KABKOT":"SLEMAN","ID_KEC":"34.04.14","KECAMATAN":"TEMPEL","ID_DESA":"34.04.14.2006","DESA":"MARGOREJO","LONGITUDE":110.3406484,"LATITUDE":-7.6558706,"STATUS":"BUKA","TANGGAL PENGUMPULAN":"Q1 2025","TANGGAL UPDATE":"27/02/2025"}},{"type":"Feature","geometry":{"coordinates":[110.3793396,-7.7395197],"type":"Point"},"properties":{"NAMA":"WARUNG KELONTONG ABIASA","TIPE_1":"PERDAGANGAN DAN RETAIL","TIPE_2":"TOKO KELONTONG","TIPE_3":"-","TELEPON":"0857-7361-2366","ALAMAT":"JL. NGLEMPONG SARI NO.44, WONOREJO, SARIHARJO, KEC. NGAGLIK, KABUPATEN SLEMAN, DAERAH ISTIMEWA YOGYAKARTA 55581","ID_PROV":34,"PROVINSI":"DAERAH ISTIMEWA YOGYAKARTA","ID_KABKOT":34.04,"KABKOT":"SLEMAN","ID_KEC":"34.04.12","KECAMATAN":"NGAGLIK","ID_DESA":"34.04.12.2001","DESA":"SARIHARJO","LONGITUDE":110.3793396,"LATITUDE":-7.7395197,"STATUS":"BUKA","TANGGAL PENGUMPULAN":"Q1 2025","TANGGAL UPDATE":"27/02/2025"}},{"type":"Feature","geometry":{"coordinates":[110.3763026,-7.7450779],"type":"Point"},"properties":{"NAMA":"TOKO SEMBAKO BIN","TIPE_1":"PERDAGANGAN DAN RETAIL","TIPE_2":"TOKO KELONTONG","TIPE_3":"-","TELEPON":"(0274) 7842038","ALAMAT":"JL. NGLEMPONG SARI, JONGKANG, SARIHARJO, KEC. NGAGLIK, KABUPATEN SLEMAN, DAERAH ISTIMEWA YOGYAKARTA 55581","ID_PROV":34,"PROVINSI":"DAERAH ISTIMEWA YOGYAKARTA","ID_KABKOT":34.04,"KABKOT":"SLEMAN","ID_KEC":"34.04.12","KECAMATAN":"NGAGLIK","ID_DESA":"34.04.12.2001","DESA":"SARIHARJO","LONGITUDE":110.3763026,"LATITUDE":-7.7450779,"STATUS":"BUKA","TANGGAL PENGUMPULAN":"Q1 2025","TANGGAL UPDATE":"27/02/2025"}},{"type":"Feature","geometry":{"coordinates":[110.4227122,-7.7024817],"type":"Point"},"properties":{"NAMA":"SEMBAKO MURAH SANDEN","TIPE_1":"PERDAGANGAN DAN RETAIL","TIPE_2":"TOKO KELONTONG","TIPE_3":"-","TELEPON":"0852-9253-3653","ALAMAT":"JL. NGLENGKONG BESI, KLIDON, SUKOHARJO, KEC. NGAGLIK, KABUPATEN SLEMAN, DAERAH ISTIMEWA YOGYAKARTA 55581","ID_PROV":34,"PROVINSI":"DAERAH ISTIMEWA YOGYAKARTA","ID_KABKOT":34.04,"KABKOT":"SLEMAN","ID_KEC":"34.04.12","KECAMATAN":"NGAGLIK","ID_DESA":"34.04.12.2004","DESA":"SUKOHARJO","LONGITUDE":110.4227122,"LATITUDE":-7.7024817,"STATUS":"BUKA","TANGGAL PENGUMPULAN":"Q1 2025","TANGGAL UPDATE":"27/02/2025"}},{"type":"Feature","geometry":{"coordinates":[110.4017977,-7.7850131],"type":"Point"},"properties":{"NAMA":"KELONTONG ANNISA","TIPE_1":"PERDAGANGAN DAN RETAIL","TIPE_2":"TOKO KELONTONG","TIPE_3":"-","TELEPON":"0819-1378-4123","ALAMAT":"JL. NOGOGINI, AMBARUKMO, CATURTUNGGAL, KEC. DEPOK, KABUPATEN SLEMAN, DAERAH ISTIMEWA YOGYAKARTA 55281","ID_PROV":34,"PROVINSI":"DAERAH ISTIMEWA YOGYAKARTA","ID_KABKOT":34.04,"KABKOT":"SLEMAN","ID_KEC":"34.04.07","KECAMATAN":"DEPOK","ID_DESA":"34.04.07.2001","DESA":"CATURTUNGGAL","LONGITUDE":110.4017977,"LATITUDE":-7.7850131,"STATUS":"BUKA","TANGGAL PENGUMPULAN":"Q1 2025","TANGGAL UPDATE":"27/02/2025"}},{"type":"Feature","geometry":{"coordinates":[110.330695,-7.7735696],"type":"Point"},"properties":{"NAMA":"WARUNG KELONTONG HARTI","TIPE_1":"PERDAGANGAN DAN RETAIL","TIPE_2":"TOKO KELONTONG","TIPE_3":"-","TELEPON":"","ALAMAT":"JL. NOGOSAREN KIDUL LOR, RT.008/RW.023, NOGOSAREN, NOGOTIRTO, KEC. GAMPING, KABUPATEN SLEMAN, DAERAH ISTIMEWA YOGYAKARTA 55592","ID_PROV":34,"PROVINSI":"DAERAH ISTIMEWA YOGYAKARTA","ID_KABKOT":34.04,"KABKOT":"SLEMAN","ID_KEC":"34.04.01","KECAMATAN":"GAMPING","ID_DESA":"34.04.01.2004","DESA":"NOGOTIRTO","LONGITUDE":110.330695,"LATITUDE":-7.7735696,"STATUS":"BUKA","TANGGAL PENGUMPULAN":"Q1 2025","TANGGAL UPDATE":"27/02/2025"}},{"type":"Feature","geometry":{"coordinates":[110.3311976,-7.7751032],"type":"Point"},"properties":{"NAMA":"WARUNG KELONTONG BU AINI","TIPE_1":"PERDAGANGAN DAN RETAIL","TIPE_2":"TOKO KELONTONG","TIPE_3":"-","TELEPON":"","ALAMAT":"JL. NOGOSAREN KIDUL NO.5, NOGOSAREN, NOGOTIRTO, KEC. GAMPING, KABUPATEN SLEMAN, DAERAH ISTIMEWA YOGYAKARTA 55592","ID_PROV":34,"PROVINSI":"DAERAH ISTIMEWA YOGYAKARTA","ID_KABKOT":34.04,"KABKOT":"SLEMAN","ID_KEC":"34.04.01","KECAMATAN":"GAMPING","ID_DESA":"34.04.01.2004","DESA":"NOGOTIRTO","LONGITUDE":110.3311976,"LATITUDE":-7.7751032,"STATUS":"BUKA","TANGGAL PENGUMPULAN":"Q1 2025","TANGGAL UPDATE":"27/02/2025"}},{"type":"Feature","geometry":{"coordinates":[110.3378006,-7.7726281],"type":"Point"},"properties":{"NAMA":"TOKO KELONTONG LEDA LEDE","TIPE_1":"PERDAGANGAN DAN RETAIL","TIPE_2":"TOKO KELONTONG","TIPE_3":"-","TELEPON":"","ALAMAT":"JL. NOGOTIRTO, KARANG WETAN, NOGOTIRTO, KEC. GAMPING, KABUPATEN SLEMAN, DAERAH ISTIMEWA YOGYAKARTA","ID_PROV":34,"PROVINSI":"DAERAH ISTIMEWA YOGYAKARTA","ID_KABKOT":34.04,"KABKOT":"SLEMAN","ID_KEC":"34.04.01","KECAMATAN":"GAMPING","ID_DESA":"34.04.01.2004","DESA":"NOGOTIRTO","LONGITUDE":110.3378006,"LATITUDE":-7.7726281,"STATUS":"BUKA","TANGGAL PENGUMPULAN":"Q1 2025","TANGGAL UPDATE":"27/02/2025"}},{"type":"Feature","geometry":{"coordinates":[110.3997739,-7.7820383],"type":"Point"},"properties":{"NAMA":"TOKO AMANDA PINDUL","TIPE_1":"PERDAGANGAN DAN RETAIL","TIPE_2":"TOKO KELONTONG","TIPE_3":"-","TELEPON":"0858-4287-8575","ALAMAT":"JL. NOLOGATEN NO.216, AMBARUKMO, CATURTUNGGAL, KEC. DEPOK, KABUPATEN SLEMAN, DAERAH ISTIMEWA YOGYAKARTA 55281","ID_PROV":34,"PROVINSI":"DAERAH ISTIMEWA YOGYAKARTA","ID_KABKOT":34.04,"KABKOT":"SLEMAN","ID_KEC":"34.04.07","KECAMATAN":"DEPOK","ID_DESA":"34.04.07.2001","DESA":"CATURTUNGGAL","LONGITUDE":110.3997739,"LATITUDE":-7.7820383,"STATUS":"BUKA","TANGGAL PENGUMPULAN":"Q1 2025","TANGGAL UPDATE":"27/02/2025"}},{"type":"Feature","geometry":{"coordinates":[110.4003713,-7.7777965],"type":"Point"},"properties":{"NAMA":"TOKO KLONTONG BU WAGIRAH","TIPE_1":"PERDAGANGAN DAN RETAIL","TIPE_2":"TOKO KELONTONG","TIPE_3":"-","TELEPON":"","ALAMAT":"JL. NOLOGATEN, NOLOGATEN, CATURTUNGGAL, KEC. DEPOK, KABUPATEN SLEMAN, DAERAH ISTIMEWA YOGYAKARTA 55281","ID_PROV":34,"PROVINSI":"DAERAH ISTIMEWA YOGYAKARTA","ID_KABKOT":34.04,"KABKOT":"SLEMAN","ID_KEC":"34.04.07","KECAMATAN":"DEPOK","ID_DESA":"34.04.07.2001","DESA":"CATURTUNGGAL","LONGITUDE":110.4003713,"LATITUDE":-7.7777965,"STATUS":"BUKA","TANGGAL PENGUMPULAN":"Q1 2025","TANGGAL UPDATE":"27/02/2025"}},{"type":"Feature","geometry":{"coordinates":[110.3447567,-7.7789769],"type":"Point"},"properties":{"NAMA":"TOKO SEMBAKO SPIP","TIPE_1":"PERDAGANGAN DAN RETAIL","TIPE_2":"TOKO KELONTONG","TIPE_3":"-","TELEPON":"","ALAMAT":"JL. NUSA INDAH NO.15, KWARASAN, NOGOTIRTO, KEC. GAMPING, KABUPATEN SLEMAN, DAERAH ISTIMEWA YOGYAKARTA 55592","ID_PROV":34,"PROVINSI":"DAERAH ISTIMEWA YOGYAKARTA","ID_KABKOT":34.04,"KABKOT":"SLEMAN","ID_KEC":"34.04.01","KECAMATAN":"GAMPING","ID_DESA":"34.04.01.2004","DESA":"NOGOTIRTO","LONGITUDE":110.3447567,"LATITUDE":-7.7789769,"STATUS":"BUKA","TANGGAL PENGUMPULAN":"Q1 2025","TANGGAL UPDATE":"27/02/2025"}},{"type":"Feature","geometry":{"coordinates":[110.3451007,-7.777166],"type":"Point"},"properties":{"NAMA":"TOKO SAYUR DAN SEMBAKO 1","TIPE_1":"PERDAGANGAN DAN RETAIL","TIPE_2":"TOKO KELONTONG","TIPE_3":"-","TELEPON":"0821-9192-8606","ALAMAT":"JL. NUSA INDAH NO.164 A, KWARASAN, NOGOTIRTO, GAMPING, SLEMAN REGENCY, SPECIAL REGION OF YOGYAKARTA 55592","ID_PROV":34,"PROVINSI":"DAERAH ISTIMEWA YOGYAKARTA","ID_KABKOT":34.04,"KABKOT":"SLEMAN","ID_KEC":"34.04.01","KECAMATAN":"GAMPING","ID_DESA":"34.04.01.2004","DESA":"NOGOTIRTO","LONGITUDE":110.3451007,"LATITUDE":-7.777166,"STATUS":"BUKA","TANGGAL PENGUMPULAN":"Q1 2025","TANGGAL UPDATE":"27/02/2025"}},{"type":"Feature","geometry":{"coordinates":[110.3448836,-7.7785502],"type":"Point"},"properties":{"NAMA":"TOKO KELONTONG BU SIWI","TIPE_1":"PERDAGANGAN DAN RETAIL","TIPE_2":"TOKO KELONTONG","TIPE_3":"-","TELEPON":"","ALAMAT":"JL. NUSA INDAH NO.21A, KWARASAN, NOGOTIRTO, KEC. GAMPING, KABUPATEN SLEMAN, DAERAH ISTIMEWA YOGYAKARTA 55592","ID_PROV":34,"PROVINSI":"DAERAH ISTIMEWA YOGYAKARTA","ID_KABKOT":34.04,"KABKOT":"SLEMAN","ID_KEC":"34.04.01","KECAMATAN":"GAMPING","ID_DESA":"34.04.01.2004","DESA":"NOGOTIRTO","LONGITUDE":110.3448836,"LATITUDE":-7.7785502,"STATUS":"BUKA","TANGGAL PENGUMPULAN":"Q1 2025","TANGGAL UPDATE":"27/02/2025"}},{"type":"Feature","geometry":{"coordinates":[110.4098876,-7.7560682],"type":"Point"},"properties":{"NAMA":"TOKO KELONTONG","TIPE_1":"PERDAGANGAN DAN RETAIL","TIPE_2":"TOKO KELONTONG","TIPE_3":"-","TELEPON":"0818-0423-0182","ALAMAT":"JL. NUSA INDAH, NGRINGIN, CONDONGCATUR, SLEMAN, KABUPATEN SLEMAN, DAERAH ISTIMEWA YOGYAKARTA 55281","ID_PROV":34,"PROVINSI":"DAERAH ISTIMEWA YOGYAKARTA","ID_KABKOT":34.04,"KABKOT":"SLEMAN","ID_KEC":"34.04.07","KECAMATAN":"DEPOK","ID_DESA":"34.04.07.2003","DESA":"CONDONGCATUR","LONGITUDE":110.4098876,"LATITUDE":-7.7560682,"STATUS":"BUKA","TANGGAL PENGUMPULAN":"Q1 2025","TANGGAL UPDATE":"27/02/2025"}},{"type":"Feature","geometry":{"coordinates":[110.302933,-7.7167399],"type":"Point"},"properties":{"NAMA":"TOKO GUNTUR","TIPE_1":"PERDAGANGAN DAN RETAIL","TIPE_2":"TOKO KELONTONG","TIPE_3":"-","TELEPON":"","ALAMAT":"JL. NYAMPLUNG NO.RT 01/18, NGOMPUNG, MARGOKATON, KEC. SEYEGAN, KABUPATEN SLEMAN, DAERAH ISTIMEWA YOGYAKARTA 55561","ID_PROV":34,"PROVINSI":"DAERAH ISTIMEWA YOGYAKARTA","ID_KABKOT":34.04,"KABKOT":"SLEMAN","ID_KEC":"34.04.05","KECAMATAN":"SEYEGAN","ID_DESA":"34.04.05.2003","DESA":"MARGOKATON","LONGITUDE":110.302933,"LATITUDE":-7.7167399,"STATUS":"BUKA","TANGGAL PENGUMPULAN":"Q1 2025","TANGGAL UPDATE":"27/02/2025"}},{"type":"Feature","geometry":{"coordinates":[110.4246471,-7.7816087],"type":"Point"},"properties":{"NAMA":"WARUNG KELONTONG BU RAJI","TIPE_1":"PERDAGANGAN DAN RETAIL","TIPE_2":"TOKO KELONTONG","TIPE_3":"-","TELEPON":"","ALAMAT":"JL. ONGGOMERTAN, NAYAN, MAGUWOHARJO, KEC. DEPOK, KABUPATEN SLEMAN, DAERAH ISTIMEWA YOGYAKARTA 55281","ID_PROV":34,"PROVINSI":"DAERAH ISTIMEWA YOGYAKARTA","ID_KABKOT":34.04,"KABKOT":"SLEMAN","ID_KEC":"34.04.07","KECAMATAN":"DEPOK","ID_DESA":"34.04.07.2002","DESA":"MAGUWOHARJO","LONGITUDE":110.4246471,"LATITUDE":-7.7816087,"STATUS":"BUKA","TANGGAL PENGUMPULAN":"Q1 2025","TANGGAL UPDATE":"27/02/2025"}},{"type":"Feature","geometry":{"coordinates":[110.4325888,-7.8104717],"type":"Point"},"properties":{"NAMA":"WARUNG MBAH CILIK","TIPE_1":"PERDAGANGAN DAN RETAIL","TIPE_2":"TOKO KELONTONG","TIPE_3":"-","TELEPON":"0896-8564-6734","ALAMAT":"JL. ONTOSENO JL. GAMBIRAN NO.KP, KEMASAN, SENDANGTIRTO, KEC. BERBAH, KABUPATEN SLEMAN, DAERAH ISTIMEWA YOGYAKARTA 55573","ID_PROV":34,"PROVINSI":"DAERAH ISTIMEWA YOGYAKARTA","ID_KABKOT":34.04,"KABKOT":"SLEMAN","ID_KEC":"34.04.08","KECAMATAN":"BERBAH","ID_DESA":"34.04.08.2001","DESA":"SENDANGTIRTO","LONGITUDE":110.4325888,"LATITUDE":-7.8104717,"STATUS":"BUKA","TANGGAL PENGUMPULAN":"Q1 2025","TANGGAL UPDATE":"27/02/2025"}},{"type":"Feature","geometry":{"coordinates":[110.3969077,-7.7815867],"type":"Point"},"properties":{"NAMA":"TOKO KELONTONG MAS DEDY","TIPE_1":"PERDAGANGAN DAN RETAIL","TIPE_2":"TOKO KELONTONG","TIPE_3":"-","TELEPON":"0857-4722-7920","ALAMAT":"JL. ORI I, PAPRINGAN, CATURTUNGGAL, DEPOK, SLEMAN REGENCY, SPECIAL REGION OF YOGYAKARTA 55281","ID_PROV":34,"PROVINSI":"DAERAH ISTIMEWA YOGYAKARTA","ID_KABKOT":34.04,"KABKOT":"SLEMAN","ID_KEC":"34.04.07","KECAMATAN":"DEPOK","ID_DESA":"34.04.07.2001","DESA":"CATURTUNGGAL","LONGITUDE":110.3969077,"LATITUDE":-7.7815867,"STATUS":"BUKA","TANGGAL PENGUMPULAN":"Q1 2025","TANGGAL UPDATE":"27/02/2025"}},{"type":"Feature","geometry":{"coordinates":[110.3963495,-7.7802596],"type":"Point"},"properties":{"NAMA":"TOKO KELONTONG PAK SLAMET","TIPE_1":"PERDAGANGAN DAN RETAIL","TIPE_2":"TOKO KELONTONG","TIPE_3":"-","TELEPON":"","ALAMAT":"JL. ORI II NO.MER 3, RT.12/RW.04, PAPRINGAN, CATURTUNGGAL, KEC. DEPOK, KABUPATEN SLEMAN, DAERAH ISTIMEWA YOGYAKARTA 55281","ID_PROV":34,"PROVINSI":"DAERAH ISTIMEWA YOGYAKARTA","ID_KABKOT":34.04,"KABKOT":"SLEMAN","ID_KEC":"34.04.07","KECAMATAN":"DEPOK","ID_DESA":"34.04.07.2001","DESA":"CATURTUNGGAL","LONGITUDE":110.3963495,"LATITUDE":-7.7802596,"STATUS":"BUKA","TANGGAL PENGUMPULAN":"Q1 2025","TANGGAL UPDATE":"27/02/2025"}},{"type":"Feature","geometry":{"coordinates":[110.4217082,-7.7660163],"type":"Point"},"properties":{"NAMA":"TOKO KELONTONG BU JUMINI","TIPE_1":"PERDAGANGAN DAN RETAIL","TIPE_2":"TOKO KELONTONG","TIPE_3":"-","TELEPON":"0813-2659-4924","ALAMAT":"JL. P. PUGER 5, RT.07/RW.65, PUGERAN, MAGUWOHARJO, KEC. DEPOK, KABUPATEN SLEMAN, DAERAH ISTIMEWA YOGYAKARTA 55281","ID_PROV":34,"PROVINSI":"DAERAH ISTIMEWA YOGYAKARTA","ID_KABKOT":34.04,"KABKOT":"SLEMAN","ID_KEC":"34.04.07","KECAMATAN":"DEPOK","ID_DESA":"34.04.07.2002","DESA":"MAGUWOHARJO","LONGITUDE":110.4217082,"LATITUDE":-7.7660163,"STATUS":"BUKA","TANGGAL PENGUMPULAN":"Q1 2025","TANGGAL UPDATE":"27/02/2025"}},{"type":"Feature","geometry":{"coordinates":[110.4721389,-7.7304042],"type":"Point"},"properties":{"NAMA":"TOKO SEMBAKO LARASATI","TIPE_1":"PERDAGANGAN DAN RETAIL","TIPE_2":"TOKO KELONTONG","TIPE_3":"-","TELEPON":"","ALAMAT":"JL. PAKEM - KALASAN NO.KLEDOKAN, KLEDOAN, SELOMARTANI, KEC. KALASAN, KABUPATEN SLEMAN, DAERAH ISTIMEWA YOGYAKARTA 55571","ID_PROV":34,"PROVINSI":"DAERAH ISTIMEWA YOGYAKARTA","ID_KABKOT":34.04,"KABKOT":"SLEMAN","ID_KEC":"34.04.10","KECAMATAN":"KALASAN","ID_DESA":"34.04.10.2004","DESA":"SELOMARTANI","LONGITUDE":110.4721389,"LATITUDE":-7.7304042,"STATUS":"BUKA","TANGGAL PENGUMPULAN":"Q1 2025","TANGGAL UPDATE":"27/02/2025"}},{"type":"Feature","geometry":{"coordinates":[110.4334482,-7.6516729],"type":"Point"},"properties":{"NAMA":"TOKO SEMBAKO FAIZ","TIPE_1":"PERDAGANGAN DAN RETAIL","TIPE_2":"TOKO KELONTONG","TIPE_3":"-","TELEPON":"","ALAMAT":"JL. PAKEM - KALASAN, BEDOYO, WUKIRSARI, KEC. CANGKRINGAN, KABUPATEN SLEMAN, DAERAH ISTIMEWA YOGYAKARTA 55583","ID_PROV":34,"PROVINSI":"DAERAH ISTIMEWA YOGYAKARTA","ID_KABKOT":34.04,"KABKOT":"SLEMAN","ID_KEC":"34.04.17","KECAMATAN":"CANGKRINGAN","ID_DESA":"34.04.17.2002","DESA":"WUKIRSARI","LONGITUDE":110.4334482,"LATITUDE":-7.6516729,"STATUS":"BUKA","TANGGAL PENGUMPULAN":"Q1 2025","TANGGAL UPDATE":"27/02/2025"}},{"type":"Feature","geometry":{"coordinates":[110.4720883,-7.7276817],"type":"Point"},"properties":{"NAMA":"TOKO PADMA SEYEGAN","TIPE_1":"PERDAGANGAN DAN RETAIL","TIPE_2":"TOKO KELONTONG","TIPE_3":"-","TELEPON":"","ALAMAT":"JL. PAKEM - KALASAN, NGASEM, SELOMARTANI, KALASAN, SLEMAN REGENCY, SPECIAL REGION OF YOGYAKARTA 55571","ID_PROV":34,"PROVINSI":"DAERAH ISTIMEWA YOGYAKARTA","ID_KABKOT":34.04,"KABKOT":"SLEMAN","ID_KEC":"34.04.10","KECAMATAN":"KALASAN","ID_DESA":"34.04.10.2004","DESA":"SELOMARTANI","LONGITUDE":110.4720883,"LATITUDE":-7.7276817,"STATUS":"BUKA","TANGGAL PENGUMPULAN":"Q1 2025","TANGGAL UPDATE":"27/02/2025"}},{"type":"Feature","geometry":{"coordinates":[110.4604905,-7.6644025],"type":"Point"},"properties":{"NAMA":"TOKO SEMBAKO & KELONTONG KUSUMA","TIPE_1":"PERDAGANGAN DAN RETAIL","TIPE_2":"TOKO KELONTONG","TIPE_3":"-","TELEPON":"0895-3717-41079","ALAMAT":"JL. PAKEM - KALASAN, SURUH, ARGOMULYO, KEC. CANGKRINGAN, KABUPATEN SLEMAN, DAERAH ISTIMEWA YOGYAKARTA 55583","ID_PROV":34,"PROVINSI":"DAERAH ISTIMEWA YOGYAKARTA","ID_KABKOT":34.04,"KABKOT":"SLEMAN","ID_KEC":"34.04.17","KECAMATAN":"CANGKRINGAN","ID_DESA":"34.04.17.2001","DESA":"ARGOMULYO","LONGITUDE":110.4604905,"LATITUDE":-7.6644025,"STATUS":"BUKA","TANGGAL PENGUMPULAN":"Q1 2025","TANGGAL UPDATE":"27/02/2025"}},{"type":"Feature","geometry":{"coordinates":[110.3771711,-7.6523523],"type":"Point"},"properties":{"NAMA":"TOKO SUDIMORO","TIPE_1":"PERDAGANGAN DAN RETAIL","TIPE_2":"TOKO KELONTONG","TIPE_3":"-","TELEPON":"(0274) 896680","ALAMAT":"JL. PAKEM - TURI NO.KM.0, RW.5, TURI, DONOKERTO, KEC. TURI, KABUPATEN SLEMAN, DAERAH ISTIMEWA YOGYAKARTA 55551","ID_PROV":34,"PROVINSI":"DAERAH ISTIMEWA YOGYAKARTA","ID_KABKOT":34.04,"KABKOT":"SLEMAN","ID_KEC":"34.04.15","KECAMATAN":"TURI","ID_DESA":"34.04.15.2002","DESA":"DONOKERTO","LONGITUDE":110.3771711,"LATITUDE":-7.6523523,"STATUS":"BUKA","TANGGAL PENGUMPULAN":"Q1 2025","TANGGAL UPDATE":"27/02/2025"}},{"type":"Feature","geometry":{"coordinates":[110.4171973,-7.6652008],"type":"Point"},"properties":{"NAMA":"TOKO SEMBAKO PAK WARTO","TIPE_1":"PERDAGANGAN DAN RETAIL","TIPE_2":"TOKO KELONTONG","TIPE_3":"-","TELEPON":"","ALAMAT":"JL. PAKEM - TURI, AREA SAWAH, PAKEMBINANGUN, KEC. PAKEM, KABUPATEN SLEMAN, DAERAH ISTIMEWA YOGYAKARTA","ID_PROV":34,"PROVINSI":"DAERAH ISTIMEWA YOGYAKARTA","ID_KABKOT":34.04,"KABKOT":"SLEMAN","ID_KEC":"34.04.16","KECAMATAN":"PAKEM","ID_DESA":"34.04.16.2004","DESA":"PAKEMBINANGUN","LONGITUDE":110.4171973,"LATITUDE":-7.6652008,"STATUS":"BUKA","TANGGAL PENGUMPULAN":"Q1 2025","TANGGAL UPDATE":"27/02/2025"}},{"type":"Feature","geometry":{"coordinates":[110.3856529,-7.6460794],"type":"Point"},"properties":{"NAMA":"TOKO SEMBAKO CAK AWE","TIPE_1":"PERDAGANGAN DAN RETAIL","TIPE_2":"TOKO KELONTONG","TIPE_3":"-","TELEPON":"","ALAMAT":"JL. PAKEM - TURI, PULES LOR, DONOKERTO, TURI, SLEMAN REGENCY, SPECIAL REGION OF YOGYAKARTA","ID_PROV":34,"PROVINSI":"DAERAH ISTIMEWA YOGYAKARTA","ID_KABKOT":34.04,"KABKOT":"SLEMAN","ID_KEC":"34.04.15","KECAMATAN":"TURI","ID_DESA":"34.04.15.2002","DESA":"DONOKERTO","LONGITUDE":110.3856529,"LATITUDE":-7.6460794,"STATUS":"BUKA","TANGGAL PENGUMPULAN":"Q1 2025","TANGGAL UPDATE":"27/02/2025"}},{"type":"Feature","geometry":{"coordinates":[110.3742109,-7.7431357],"type":"Point"},"properties":{"NAMA":"TOKO DOLI","TIPE_1":"PERDAGANGAN DAN RETAIL","TIPE_2":"TOKO KELONTONG","TIPE_3":"-","TELEPON":"","ALAMAT":"JL. PALAGAN TENTARA PELAJAR NO.52, JONGKANG, SARIHARJO, NGAGLIK, SLEMAN REGENCY, SPECIAL REGION OF YOGYAKARTA 55581","ID_PROV":34,"PROVINSI":"DAERAH ISTIMEWA YOGYAKARTA","ID_KABKOT":34.04,"KABKOT":"SLEMAN","ID_KEC":"34.04.12","KECAMATAN":"NGAGLIK","ID_DESA":"34.04.12.2001","DESA":"SARIHARJO","LONGITUDE":110.3742109,"LATITUDE":-7.7431357,"STATUS":"BUKA","TANGGAL PENGUMPULAN":"Q1 2025","TANGGAL UPDATE":"27/02/2025"}},{"type":"Feature","geometry":{"coordinates":[110.3740798,-7.7434457],"type":"Point"},"properties":{"NAMA":"TOKO 17 ( FOTOCOPY & SEMBAKO)","TIPE_1":"PERDAGANGAN DAN RETAIL","TIPE_2":"TOKO KELONTONG","TIPE_3":"-","TELEPON":"(0274) 866550","ALAMAT":"JL. PALAGAN TENTARA PELAJAR NO.60, JONGKANG, SARIHARJO, KEC. NGAGLIK, KABUPATEN SLEMAN, DAERAH ISTIMEWA YOGYAKARTA 55581","ID_PROV":34,"PROVINSI":"DAERAH ISTIMEWA YOGYAKARTA","ID_KABKOT":34.04,"KABKOT":"SLEMAN","ID_KEC":"34.04.12","KECAMATAN":"NGAGLIK","ID_DESA":"34.04.12.2001","DESA":"SARIHARJO","LONGITUDE":110.3740798,"LATITUDE":-7.7434457,"STATUS":"BUKA","TANGGAL PENGUMPULAN":"Q1 2025","TANGGAL UPDATE":"27/02/2025"}},{"type":"Feature","geometry":{"coordinates":[110.3903804,-7.6787648],"type":"Point"},"properties":{"NAMA":"TOKO MITRA JAYA","TIPE_1":"PERDAGANGAN DAN RETAIL","TIPE_2":"TOKO KELONTONG","TIPE_3":"-","TELEPON":"(0274) 897207","ALAMAT":"JL. PALAGAN TENTARA PELAJAR, BALONG, DONOHARJO, KEC. NGAGLIK, KABUPATEN SLEMAN, DAERAH ISTIMEWA YOGYAKARTA 55581","ID_PROV":34,"PROVINSI":"DAERAH ISTIMEWA YOGYAKARTA","ID_KABKOT":34.04,"KABKOT":"SLEMAN","ID_KEC":"34.04.12","KECAMATAN":"NGAGLIK","ID_DESA":"34.04.12.2006","DESA":"DONOHARJO","LONGITUDE":110.3903804,"LATITUDE":-7.6787648,"STATUS":"BUKA","TANGGAL PENGUMPULAN":"Q1 2025","TANGGAL UPDATE":"27/02/2025"}},{"type":"Feature","geometry":{"coordinates":[110.4227089,-7.687125],"type":"Point"},"properties":{"NAMA":"TOKO SEMBAKO FAHRU","TIPE_1":"PERDAGANGAN DAN RETAIL","TIPE_2":"TOKO KELONTONG","TIPE_3":"-","TELEPON":"","ALAMAT":"JL. PAMUNGKAS, KOPLAK, UMBULMARTANI, KEC. NGEMPLAK, KABUPATEN SLEMAN, DAERAH ISTIMEWA YOGYAKARTA 55584","ID_PROV":34,"PROVINSI":"DAERAH ISTIMEWA YOGYAKARTA","ID_KABKOT":34.04,"KABKOT":"SLEMAN","ID_KEC":"34.04.11","KECAMATAN":"NGEMPLAK","ID_DESA":"34.04.11.2005","DESA":"UMBULMARTANI","LONGITUDE":110.4227089,"LATITUDE":-7.687125,"STATUS":"BUKA","TANGGAL PENGUMPULAN":"Q1 2025","TANGGAL UPDATE":"27/02/2025"}},{"type":"Feature","geometry":{"coordinates":[110.4082826,-7.7019395],"type":"Point"},"properties":{"NAMA":"KEMBAR SEMBAKO","TIPE_1":"PERDAGANGAN DAN RETAIL","TIPE_2":"TOKO KELONTONG","TIPE_3":"-","TELEPON":"0857-2884-1247","ALAMAT":"JL. PANDANARAN JL. CANDI DUKUH, CANDI DUKUH, SARDONOHARJO, KEC. NGAGLIK, KABUPATEN SLEMAN, DAERAH ISTIMEWA YOGYAKARTA 55581","ID_PROV":34,"PROVINSI":"DAERAH ISTIMEWA YOGYAKARTA","ID_KABKOT":34.04,"KABKOT":"SLEMAN","ID_KEC":"34.04.12","KECAMATAN":"NGAGLIK","ID_DESA":"34.04.12.2005","DESA":"SARDONOHARJO","LONGITUDE":110.4082826,"LATITUDE":-7.7019395,"STATUS":"BUKA","TANGGAL PENGUMPULAN":"Q1 2025","TANGGAL UPDATE":"27/02/2025"}},{"type":"Feature","geometry":{"coordinates":[110.4029971,-7.6990381],"type":"Point"},"properties":{"NAMA":"TOKO KELONTONG LINMY SEMBAKO","TIPE_1":"PERDAGANGAN DAN RETAIL","TIPE_2":"TOKO KELONTONG","TIPE_3":"-","TELEPON":"","ALAMAT":"JL. PANDANARAN, TUREN, SARDONOHARJO, KEC. NGAGLIK, KABUPATEN SLEMAN, DAERAH ISTIMEWA YOGYAKARTA 55581","ID_PROV":34,"PROVINSI":"DAERAH ISTIMEWA YOGYAKARTA","ID_KABKOT":34.04,"KABKOT":"SLEMAN","ID_KEC":"34.04.12","KECAMATAN":"NGAGLIK","ID_DESA":"34.04.12.2005","DESA":"SARDONOHARJO","LONGITUDE":110.4029971,"LATITUDE":-7.6990381,"STATUS":"BUKA","TANGGAL PENGUMPULAN":"Q1 2025","TANGGAL UPDATE":"27/02/2025"}},{"type":"Feature","geometry":{"coordinates":[110.4128302,-7.7640856],"type":"Point"},"properties":{"NAMA":"WARUNG KELONTONG","TIPE_1":"PERDAGANGAN DAN RETAIL","TIPE_2":"TOKO KELONTONG","TIPE_3":"-","TELEPON":"","ALAMAT":"JL. PANDAWA, NGROPOH, CONDONGCATUR, KEC. DEPOK, KABUPATEN SLEMAN, DAERAH ISTIMEWA YOGYAKARTA 55281","ID_PROV":34,"PROVINSI":"DAERAH ISTIMEWA YOGYAKARTA","ID_KABKOT":34.04,"KABKOT":"SLEMAN","ID_KEC":"34.04.07","KECAMATAN":"DEPOK","ID_DESA":"34.04.07.2001","DESA":"CATURTUNGGAL","LONGITUDE":110.4128302,"LATITUDE":-7.7640856,"STATUS":"BUKA","TANGGAL PENGUMPULAN":"Q1 2025","TANGGAL UPDATE":"27/02/2025"}},{"type":"Feature","geometry":{"coordinates":[110.3903597,-7.7618267],"type":"Point"},"properties":{"NAMA":"SEMBAKO VALIANT","TIPE_1":"PERDAGANGAN DAN RETAIL","TIPE_2":"TOKO KELONTONG","TIPE_3":"-","TELEPON":"0813-2871-1704","ALAMAT":"JL. PANDEAN I NO.24, CANDOK, PANDEAN GANDOK, KEC. DEPOK, KABUPATEN SLEMAN, DAERAH ISTIMEWA YOGYAKARTA 55281","ID_PROV":34,"PROVINSI":"DAERAH ISTIMEWA YOGYAKARTA","ID_KABKOT":34.04,"KABKOT":"SLEMAN","ID_KEC":"34.04.07","KECAMATAN":"DEPOK","ID_DESA":"34.04.07.2003","DESA":"CONDONGCATUR","LONGITUDE":110.3903597,"LATITUDE":-7.7618267,"STATUS":"BUKA","TANGGAL PENGUMPULAN":"Q1 2025","TANGGAL UPDATE":"27/02/2025"}},{"type":"Feature","geometry":{"coordinates":[110.3918779,-7.7609407],"type":"Point"},"properties":{"NAMA":"TOKO KELONTONG (TK ) MUR ZETI","TIPE_1":"PERDAGANGAN DAN RETAIL","TIPE_2":"TOKO KELONTONG","TIPE_3":"-","TELEPON":"0895-0404-9540","ALAMAT":"JL. PANDEAN II GG. AMPEL NO.16A, GANDOK, CONDONGCATUR, KEC. DEPOK, KABUPATEN SLEMAN, DAERAH ISTIMEWA YOGYAKARTA 55283","ID_PROV":34,"PROVINSI":"DAERAH ISTIMEWA YOGYAKARTA","ID_KABKOT":34.04,"KABKOT":"SLEMAN","ID_KEC":"34.04.07","KECAMATAN":"DEPOK","ID_DESA":"34.04.07.2003","DESA":"CONDONGCATUR","LONGITUDE":110.3918779,"LATITUDE":-7.7609407,"STATUS":"BUKA","TANGGAL PENGUMPULAN":"Q1 2025","TANGGAL UPDATE":"27/02/2025"}},{"type":"Feature","geometry":{"coordinates":[110.2639969,-7.7414341],"type":"Point"},"properties":{"NAMA":"WAROENG YU SANI","TIPE_1":"PERDAGANGAN DAN RETAIL","TIPE_2":"TOKO KELONTONG","TIPE_3":"-","TELEPON":"","ALAMAT":"JL. PANDEAN, CELUNGAN, SUMBERAGUNG, KEC. MOYUDAN, KABUPATEN SLEMAN, DAERAH ISTIMEWA YOGYAKARTA 55563","ID_PROV":34,"PROVINSI":"DAERAH ISTIMEWA YOGYAKARTA","ID_KABKOT":34.04,"KABKOT":"SLEMAN","ID_KEC":"34.04.03","KECAMATAN":"MOYUDAN","ID_DESA":"34.04.03.2003","DESA":"SUMBERAGUNG","LONGITUDE":110.2639969,"LATITUDE":-7.7414341,"STATUS":"BUKA","TANGGAL PENGUMPULAN":"Q1 2025","TANGGAL UPDATE":"27/02/2025"}},{"type":"Feature","geometry":{"coordinates":[110.3739256,-7.7564444],"type":"Point"},"properties":{"NAMA":"BU YUNIATI DELIVERY SEMBAKO","TIPE_1":"PERDAGANGAN DAN RETAIL","TIPE_2":"TOKO KELONTONG","TIPE_3":"-","TELEPON":"0857-4349-1147","ALAMAT":"JL. PANDEGA MARTA, POGUNG KIDUL, SINDUADI, MLATI, SLEMAN REGENCY, SPECIAL REGION OF YOGYAKARTA 55284","ID_PROV":34,"PROVINSI":"DAERAH ISTIMEWA YOGYAKARTA","ID_KABKOT":34.04,"KABKOT":"SLEMAN","ID_KEC":"34.04.06","KECAMATAN":"MLATI","ID_DESA":"34.04.06.2001","DESA":"SINDUADI","LONGITUDE":110.3739256,"LATITUDE":-7.7564444,"STATUS":"BUKA","TANGGAL PENGUMPULAN":"Q1 2025","TANGGAL UPDATE":"27/02/2025"}},{"type":"Feature","geometry":{"coordinates":[110.365803,-7.6987874],"type":"Point"},"properties":{"NAMA":"TOKO KELONTONG BU TARI","TIPE_1":"PERDAGANGAN DAN RETAIL","TIPE_2":"TOKO KELONTONG","TIPE_3":"-","TELEPON":"(0274) 867491","ALAMAT":"JL. PANDOWOHARJO JL. MANCASAN, KLEBEN MONCOSAN, PANDOWOHARJO, KEC. SLEMAN, KABUPATEN SLEMAN, DAERAH ISTIMEWA YOGYAKARTA 55512","ID_PROV":34,"PROVINSI":"DAERAH ISTIMEWA YOGYAKARTA","ID_KABKOT":34.04,"KABKOT":"SLEMAN","ID_KEC":"34.04.13","KECAMATAN":"SLEMAN","ID_DESA":"34.04.13.2004","DESA":"PANDOWOHARJO","LONGITUDE":110.365803,"LATITUDE":-7.6987874,"STATUS":"BUKA","TANGGAL PENGUMPULAN":"Q1 2025","TANGGAL UPDATE":"27/02/2025"}},{"type":"Feature","geometry":{"coordinates":[110.2742858,-7.7517148],"type":"Point"},"properties":{"NAMA":"TOKO WARSINI MANDOR","TIPE_1":"PERDAGANGAN DAN RETAIL","TIPE_2":"TOKO KELONTONG","TIPE_3":"-","TELEPON":"","ALAMAT":"JL. PARE NO.III, RT.2/RW.5, AREA SAWAH, SIDOREJO, KEC. GODEAN, KABUPATEN SLEMAN, DAERAH ISTIMEWA YOGYAKARTA 55264","ID_PROV":34,"PROVINSI":"DAERAH ISTIMEWA YOGYAKARTA","ID_KABKOT":34.04,"KABKOT":"SLEMAN","ID_KEC":"34.04.02","KECAMATAN":"GODEAN","ID_DESA":"34.04.02.2001","DESA":"SIDOREJO","LONGITUDE":110.2742858,"LATITUDE":-7.7517148,"STATUS":"BUKA","TANGGAL PENGUMPULAN":"Q1 2025","TANGGAL UPDATE":"27/02/2025"}},{"type":"Feature","geometry":{"coordinates":[110.2804336,-7.783087],"type":"Point"},"properties":{"NAMA":"BERJAYA RUMAH BELANJA","TIPE_1":"PERDAGANGAN DAN RETAIL","TIPE_2":"TOKO KELONTONG","TIPE_3":"-","TELEPON":"0857-2651-3691","ALAMAT":"JL. PEDES-GODEAN, MENULIS, SUMBERSARI, SLEMAN, KABUPATEN SLEMAN, DAERAH ISTIMEWA YOGYAKARTA 55563","ID_PROV":34,"PROVINSI":"DAERAH ISTIMEWA YOGYAKARTA","ID_KABKOT":34.04,"KABKOT":"SLEMAN","ID_KEC":"34.04.03","KECAMATAN":"MOYUDAN","ID_DESA":"34.04.03.2002","DESA":"SUMBERSARI","LONGITUDE":110.2804336,"LATITUDE":-7.783087,"STATUS":"BUKA","TANGGAL PENGUMPULAN":"Q1 2025","TANGGAL UPDATE":"27/02/2025"}},{"type":"Feature","geometry":{"coordinates":[110.3986679,-7.7014221],"type":"Point"},"properties":{"NAMA":"WARUNG KELONTONG BU SUGINEM","TIPE_1":"PERDAGANGAN DAN RETAIL","TIPE_2":"TOKO KELONTONG","TIPE_3":"-","TELEPON":"0821-3459-5657","ALAMAT":"JL. PELEM RAYA NO.RT 04, 024, PLUMBON, HARJOBINANGUN, KEC. PAKEM, KABUPATEN SLEMAN, DAERAH ISTIMEWA YOGYAKARTA 55582","ID_PROV":34,"PROVINSI":"DAERAH ISTIMEWA YOGYAKARTA","ID_KABKOT":34.04,"KABKOT":"SLEMAN","ID_KEC":"34.04.16","KECAMATAN":"PAKEM","ID_DESA":"34.04.16.2003","DESA":"HARJOBINANGUN","LONGITUDE":110.3986679,"LATITUDE":-7.7014221,"STATUS":"BUKA","TANGGAL PENGUMPULAN":"Q1 2025","TANGGAL UPDATE":"27/02/2025"}},{"type":"Feature","geometry":{"coordinates":[110.4078806,-7.7697951],"type":"Point"},"properties":{"NAMA":"BELVA SHOP","TIPE_1":"PERDAGANGAN DAN RETAIL","TIPE_2":"TOKO KELONTONG","TIPE_3":"-","TELEPON":"0822-3943-8900","ALAMAT":"JL. PEMANCAR UTARA JL. SETURAN RAYA NO.6, KLEDOKAN, CATURTUNGGAL, KEC. DEPOK, KABUPATEN SLEMAN, DAERAH ISTIMEWA YOGYAKARTA 55281","ID_PROV":34,"PROVINSI":"DAERAH ISTIMEWA YOGYAKARTA","ID_KABKOT":34.04,"KABKOT":"SLEMAN","ID_KEC":"34.04.07","KECAMATAN":"DEPOK","ID_DESA":"34.04.07.2001","DESA":"CATURTUNGGAL","LONGITUDE":110.4078806,"LATITUDE":-7.7697951,"STATUS":"BUKA","TANGGAL PENGUMPULAN":"Q1 2025","TANGGAL UPDATE":"27/02/2025"}},{"type":"Feature","geometry":{"coordinates":[110.3574448,-7.6947505],"type":"Point"},"properties":{"NAMA":"TOKO SARJONO","TIPE_1":"PERDAGANGAN DAN RETAIL","TIPE_2":"TOKO KELONTONG","TIPE_3":"-","TELEPON":"","ALAMAT":"JL. PENDOWO, MANTALAN / BANLONGAN, TRIMULYO, KEC. SLEMAN, KABUPATEN SLEMAN, DAERAH ISTIMEWA YOGYAKARTA 55513","ID_PROV":34,"PROVINSI":"DAERAH ISTIMEWA YOGYAKARTA","ID_KABKOT":34.04,"KABKOT":"SLEMAN","ID_KEC":"34.04.13","KECAMATAN":"SLEMAN","ID_DESA":"34.04.13.2005","DESA":"TRIMULYO","LONGITUDE":110.3574448,"LATITUDE":-7.6947505,"STATUS":"BUKA","TANGGAL PENGUMPULAN":"Q1 2025","TANGGAL UPDATE":"27/02/2025"}},{"type":"Feature","geometry":{"coordinates":[110.3912729,-7.780899],"type":"Point"},"properties":{"NAMA":"WARUNG MAKAN & KELONTONG KHALISA","TIPE_1":"PERDAGANGAN DAN RETAIL","TIPE_2":"TOKO KELONTONG","TIPE_3":"-","TELEPON":"","ALAMAT":"JL. PERKUTUT JL. DEMANGAN BARU NO.7, DEMANGAN BARU, DEMANGAN, GONDOKUSUMAN, SLEMAN REGENCY, SPECIAL REGION OF YOGYAKARTA 55281","ID_PROV":34,"PROVINSI":"DAERAH ISTIMEWA YOGYAKARTA","ID_KABKOT":34.04,"KABKOT":"SLEMAN","ID_KEC":"34.04.07","KECAMATAN":"DEPOK","ID_DESA":"34.04.07.2001","DESA":"CATURTUNGGAL","LONGITUDE":110.3912729,"LATITUDE":-7.780899,"STATUS":"BUKA","TANGGAL PENGUMPULAN":"Q1 2025","TANGGAL UPDATE":"27/02/2025"}},{"type":"Feature","geometry":{"coordinates":[110.3916576,-7.7810652],"type":"Point"},"properties":{"NAMA":"WARUNG KELONTONG SHREYA","TIPE_1":"PERDAGANGAN DAN RETAIL","TIPE_2":"TOKO KELONTONG","TIPE_3":"-","TELEPON":"0823-1406-3660","ALAMAT":"JL. PERKUTUT NO.7B, DEMANGAN BARU, CATURTUNGGAL, KEC. DEPOK, KABUPATEN SLEMAN, DAERAH ISTIMEWA YOGYAKARTA 55281","ID_PROV":34,"PROVINSI":"DAERAH ISTIMEWA YOGYAKARTA","ID_KABKOT":34.04,"KABKOT":"SLEMAN","ID_KEC":"34.04.07","KECAMATAN":"DEPOK","ID_DESA":"34.04.07.2001","DESA":"CATURTUNGGAL","LONGITUDE":110.3916576,"LATITUDE":-7.7810652,"STATUS":"BUKA","TANGGAL PENGUMPULAN":"Q1 2025","TANGGAL UPDATE":"27/02/2025"}},{"type":"Feature","geometry":{"coordinates":[110.405127,-7.7707854],"type":"Point"},"properties":{"NAMA":"TOKO SEMBAKO","TIPE_1":"PERDAGANGAN DAN RETAIL","TIPE_2":"TOKO KELONTONG","TIPE_3":"-","TELEPON":"0812-2661-3394","ALAMAT":"JL. PERUMNAS NO.297, DABAG, CONDONGCATUR, DEPOK, SLEMAN REGENCY, SPECIAL REGION OF YOGYAKARTA 55281","ID_PROV":34,"PROVINSI":"DAERAH ISTIMEWA YOGYAKARTA","ID_KABKOT":34.04,"KABKOT":"SLEMAN","ID_KEC":"34.04.07","KECAMATAN":"DEPOK","ID_DESA":"34.04.07.2001","DESA":"CATURTUNGGAL","LONGITUDE":110.405127,"LATITUDE":-7.7707854,"STATUS":"BUKA","TANGGAL PENGUMPULAN":"Q1 2025","TANGGAL UPDATE":"27/02/2025"}},{"type":"Feature","geometry":{"coordinates":[110.4069242,-7.7608717],"type":"Point"},"properties":{"NAMA":"TOKO SEMBAKO BU NARSIH","TIPE_1":"PERDAGANGAN DAN RETAIL","TIPE_2":"TOKO KELONTONG","TIPE_3":"-","TELEPON":"0823-5926-0794","ALAMAT":"JL. PERUMNAS, NGROPOH, CONDONGCATUR, KEC. DEPOK, KABUPATEN SLEMAN, DAERAH ISTIMEWA YOGYAKARTA 55281","ID_PROV":34,"PROVINSI":"DAERAH ISTIMEWA YOGYAKARTA","ID_KABKOT":34.04,"KABKOT":"SLEMAN","ID_KEC":"34.04.07","KECAMATAN":"DEPOK","ID_DESA":"34.04.07.2003","DESA":"CONDONGCATUR","LONGITUDE":110.4069242,"LATITUDE":-7.7608717,"STATUS":"BUKA","TANGGAL PENGUMPULAN":"Q1 2025","TANGGAL UPDATE":"27/02/2025"}},{"type":"Feature","geometry":{"coordinates":[110.4383995,-7.6253397],"type":"Point"},"properties":{"NAMA":"TOKO RESTU","TIPE_1":"PERDAGANGAN DAN RETAIL","TIPE_2":"TOKO KELONTONG","TIPE_3":"-","TELEPON":"","ALAMAT":"JL. PLOSOREJO, PLASEREJO, UMBULHARJO, KEC. CANGKRINGAN, KABUPATEN SLEMAN, DAERAH ISTIMEWA YOGYAKARTA 55583","ID_PROV":34,"PROVINSI":"DAERAH ISTIMEWA YOGYAKARTA","ID_KABKOT":34.04,"KABKOT":"SLEMAN","ID_KEC":"34.04.17","KECAMATAN":"CANGKRINGAN","ID_DESA":"34.04.17.2005","DESA":"UMBULHARJO","LONGITUDE":110.4383995,"LATITUDE":-7.6253397,"STATUS":"BUKA","TANGGAL PENGUMPULAN":"Q1 2025","TANGGAL UPDATE":"27/02/2025"}},{"type":"Feature","geometry":{"coordinates":[110.3760535,-7.7512099],"type":"Point"},"properties":{"NAMA":"WARUNG KELONTONG ANUGRAH","TIPE_1":"PERDAGANGAN DAN RETAIL","TIPE_2":"TOKO KELONTONG","TIPE_3":"-","TELEPON":"","ALAMAT":"JL. POGUNG LOR NO.1169, RT.11 RW048, POGUNG LOR, SINDUADI, KEC. MLATI, KABUPATEN SLEMAN, DAERAH ISTIMEWA YOGYAKARTA 55284","ID_PROV":34,"PROVINSI":"DAERAH ISTIMEWA YOGYAKARTA","ID_KABKOT":34.04,"KABKOT":"SLEMAN","ID_KEC":"34.04.06","KECAMATAN":"MLATI","ID_DESA":"34.04.06.2001","DESA":"SINDUADI","LONGITUDE":110.3760535,"LATITUDE":-7.7512099,"STATUS":"BUKA","TANGGAL PENGUMPULAN":"Q1 2025","TANGGAL UPDATE":"27/02/2025"}},{"type":"Feature","geometry":{"coordinates":[110.3748035,-7.760107],"type":"Point"},"properties":{"NAMA":"TOKO AA","TIPE_1":"PERDAGANGAN DAN RETAIL","TIPE_2":"TOKO KELONTONG","TIPE_3":"-","TELEPON":"0813-2716-6868","ALAMAT":"JL. POGUNG RAYA NO.8F, POGUNG KIDUL, SINDUADI, KEC. MLATI, KABUPATEN SLEMAN, DAERAH ISTIMEWA YOGYAKARTA 55284","ID_PROV":34,"PROVINSI":"DAERAH ISTIMEWA YOGYAKARTA","ID_KABKOT":34.04,"KABKOT":"SLEMAN","ID_KEC":"34.04.06","KECAMATAN":"MLATI","ID_DESA":"34.04.06.2001","DESA":"SINDUADI","LONGITUDE":110.3748035,"LATITUDE":-7.760107,"STATUS":"BUKA","TANGGAL PENGUMPULAN":"Q1 2025","TANGGAL UPDATE":"27/02/2025"}},{"type":"Feature","geometry":{"coordinates":[110.3707265,-7.7607961],"type":"Point"},"properties":{"NAMA":"WARUNG KELONTONG PAK RUBIYO","TIPE_1":"PERDAGANGAN DAN RETAIL","TIPE_2":"TOKO KELONTONG","TIPE_3":"-","TELEPON":"","ALAMAT":"JL. POGUNG REJO GG. SUKUN NO.RT 21, POGUNG KIDUL, SINDUADI, KEC. MLATI, KABUPATEN SLEMAN, DAERAH ISTIMEWA YOGYAKARTA 55284","ID_PROV":34,"PROVINSI":"DAERAH ISTIMEWA YOGYAKARTA","ID_KABKOT":34.04,"KABKOT":"SLEMAN","ID_KEC":"34.04.06","KECAMATAN":"MLATI","ID_DESA":"34.04.06.2001","DESA":"SINDUADI","LONGITUDE":110.3707265,"LATITUDE":-7.7607961,"STATUS":"BUKA","TANGGAL PENGUMPULAN":"Q1 2025","TANGGAL UPDATE":"27/02/2025"}},{"type":"Feature","geometry":{"coordinates":[110.3710479,-7.7601221],"type":"Point"},"properties":{"NAMA":"TOKO SEMBAKO PESAN JAYA","TIPE_1":"PERDAGANGAN DAN RETAIL","TIPE_2":"TOKO KELONTONG","TIPE_3":"-","TELEPON":"0812-2739-334","ALAMAT":"JL. POGUNG REJO NO.45, POGUNG KIDUL, SINDUADI, KEC. MLATI, KABUPATEN SLEMAN, DAERAH ISTIMEWA YOGYAKARTA 55284","ID_PROV":34,"PROVINSI":"DAERAH ISTIMEWA YOGYAKARTA","ID_KABKOT":34.04,"KABKOT":"SLEMAN","ID_KEC":"34.04.06","KECAMATAN":"MLATI","ID_DESA":"34.04.06.2001","DESA":"SINDUADI","LONGITUDE":110.3710479,"LATITUDE":-7.7601221,"STATUS":"BUKA","TANGGAL PENGUMPULAN":"Q1 2025","TANGGAL UPDATE":"27/02/2025"}},{"type":"Feature","geometry":{"coordinates":[110.4044806,-7.7447649],"type":"Point"},"properties":{"NAMA":"WARUNG KELONTONG & GILINGAN PADI AGUNG SLAMET","TIPE_1":"PERDAGANGAN DAN RETAIL","TIPE_2":"TOKO KELONTONG","TIPE_3":"-","TELEPON":"","ALAMAT":"JL. PONDOK RAYA RUKO NO.16B, SANGGRAHAN, CONDONGCATUR, KEC. DEPOK, KABUPATEN SLEMAN, DAERAH ISTIMEWA YOGYAKARTA 55281","ID_PROV":34,"PROVINSI":"DAERAH ISTIMEWA YOGYAKARTA","ID_KABKOT":34.04,"KABKOT":"SLEMAN","ID_KEC":"34.04.07","KECAMATAN":"DEPOK","ID_DESA":"34.04.07.2003","DESA":"CONDONGCATUR","LONGITUDE":110.4044806,"LATITUDE":-7.7447649,"STATUS":"BUKA","TANGGAL PENGUMPULAN":"Q1 2025","TANGGAL UPDATE":"27/02/2025"}},{"type":"Feature","geometry":{"coordinates":[110.2553678,-7.7733244],"type":"Point"},"properties":{"NAMA":"KELONTONG BAROKAH 21 AHLUSUNNAH WALJAMA'AH","TIPE_1":"PERDAGANGAN DAN RETAIL","TIPE_2":"TOKO KELONTONG","TIPE_3":"-","TELEPON":"0813-1399-9632","ALAMAT":"JL. PONGGOK, AREA SAWAH, SUMBERAGUNG, MOYUDAN, SLEMAN REGENCY, SPECIAL REGION OF YOGYAKARTA 55563","ID_PROV":34,"PROVINSI":"DAERAH ISTIMEWA YOGYAKARTA","ID_KABKOT":34.04,"KABKOT":"SLEMAN","ID_KEC":"34.04.03","KECAMATAN":"MOYUDAN","ID_DESA":"34.04.03.2003","DESA":"SUMBERAGUNG","LONGITUDE":110.2553678,"LATITUDE":-7.7733244,"STATUS":"BUKA","TANGGAL PENGUMPULAN":"Q1 2025","TANGGAL UPDATE":"27/02/2025"}},{"type":"Feature","geometry":{"coordinates":[110.3656059,-7.7611919],"type":"Point"},"properties":{"NAMA":"WARUNG KELONTONG MURAKABI","TIPE_1":"PERDAGANGAN DAN RETAIL","TIPE_2":"TOKO KELONTONG","TIPE_3":"-","TELEPON":"","ALAMAT":"JL. POPONGAN 1, KUTU DUKUH, SINDUADI, KEC. MLATI, KABUPATEN SLEMAN, DAERAH ISTIMEWA YOGYAKARTA 55284","ID_PROV":34,"PROVINSI":"DAERAH ISTIMEWA YOGYAKARTA","ID_KABKOT":34.04,"KABKOT":"SLEMAN","ID_KEC":"34.04.06","KECAMATAN":"MLATI","ID_DESA":"34.04.06.2001","DESA":"SINDUADI","LONGITUDE":110.3656059,"LATITUDE":-7.7611919,"STATUS":"BUKA","TANGGAL PENGUMPULAN":"Q1 2025","TANGGAL UPDATE":"27/02/2025"}},{"type":"Feature","geometry":{"coordinates":[110.337251,-7.780893],"type":"Point"},"properties":{"NAMA":"WARUNG SEMBAKO'NE LOR BOK","TIPE_1":"PERDAGANGAN DAN RETAIL","TIPE_2":"TOKO KELONTONG","TIPE_3":"-","TELEPON":"0896-1834-6009","ALAMAT":"JL. POTROJOYO NO.31, PATRAN, BANYURADEN, KEC. GAMPING, KABUPATEN SLEMAN, DAERAH ISTIMEWA YOGYAKARTA 55293","ID_PROV":34,"PROVINSI":"DAERAH ISTIMEWA YOGYAKARTA","ID_KABKOT":34.04,"KABKOT":"SLEMAN","ID_KEC":"34.04.01","KECAMATAN":"GAMPING","ID_DESA":"34.04.01.2003","DESA":"BANYURADEN","LONGITUDE":110.337251,"LATITUDE":-7.780893,"STATUS":"BUKA","TANGGAL PENGUMPULAN":"Q1 2025","TANGGAL UPDATE":"27/02/2025"}},{"type":"Feature","geometry":{"coordinates":[110.480807,-7.8195919],"type":"Point"},"properties":{"NAMA":"TOKO KELONTONG","TIPE_1":"PERDAGANGAN DAN RETAIL","TIPE_2":"TOKO KELONTONG","TIPE_3":"-","TELEPON":"(0274) 4398348","ALAMAT":"JL. PRAMBANAN - PIYUNGAN, KM. 6, DALEMAN BARU, JATIGRIT, SRIMARTANI, KEC. PIYUNGAN, KABUPATEN BANTUL, DAERAH ISTIMEWA YOGYAKARTA 55573","ID_PROV":34,"PROVINSI":"DAERAH ISTIMEWA YOGYAKARTA","ID_KABKOT":34.04,"KABKOT":"SLEMAN","ID_KEC":"34.04.08","KECAMATAN":"BERBAH","ID_DESA":"34.04.08.2004","DESA":"JOGOTIRTO","LONGITUDE":110.480807,"LATITUDE":-7.8195919,"STATUS":"BUKA","TANGGAL PENGUMPULAN":"Q1 2025","TANGGAL UPDATE":"27/02/2025"}},{"type":"Feature","geometry":{"coordinates":[110.4882333,-7.7653385],"type":"Point"},"properties":{"NAMA":"TOKO MBAREP URIP","TIPE_1":"PERDAGANGAN DAN RETAIL","TIPE_2":"TOKO KELONTONG","TIPE_3":"-","TELEPON":"","ALAMAT":"JL. PRAMBANAN NO.1, RINGIN SARI, BOKOHARJO, KEC. PRAMBANAN, KABUPATEN SLEMAN, DAERAH ISTIMEWA YOGYAKARTA 55572","ID_PROV":34,"PROVINSI":"DAERAH ISTIMEWA YOGYAKARTA","ID_KABKOT":34.04,"KABKOT":"SLEMAN","ID_KEC":"34.04.09","KECAMATAN":"PRAMBANAN","ID_DESA":"34.04.09.2006","DESA":"BOKOHARJO","LONGITUDE":110.4882333,"LATITUDE":-7.7653385,"STATUS":"BUKA","TANGGAL PENGUMPULAN":"Q1 2025","TANGGAL UPDATE":"27/02/2025"}},{"type":"Feature","geometry":{"coordinates":[110.2929544,-7.7671557],"type":"Point"},"properties":{"NAMA":"TOKO POJOK","TIPE_1":"PERDAGANGAN DAN RETAIL","TIPE_2":"TOKO KELONTONG","TIPE_3":"-","TELEPON":"(0274) 798239","ALAMAT":"JL. PRAMUKA NO.1, AREA SAWAH, SIDOARUM, KEC. GODEAN, KABUPATEN SLEMAN, DAERAH ISTIMEWA YOGYAKARTA 55264","ID_PROV":34,"PROVINSI":"DAERAH ISTIMEWA YOGYAKARTA","ID_KABKOT":34.04,"KABKOT":"SLEMAN","ID_KEC":"34.04.02","KECAMATAN":"GODEAN","ID_DESA":"34.04.02.2004","DESA":"SIDOAGUNG","LONGITUDE":110.2929544,"LATITUDE":-7.7671557,"STATUS":"BUKA","TANGGAL PENGUMPULAN":"Q1 2025","TANGGAL UPDATE":"27/02/2025"}},{"type":"Feature","geometry":{"coordinates":[110.323323,-7.7696138],"type":"Point"},"properties":{"NAMA":"TOKO KELONTONG MBAH UMI","TIPE_1":"PERDAGANGAN DAN RETAIL","TIPE_2":"TOKO KELONTONG","TIPE_3":"-","TELEPON":"","ALAMAT":"JL. PRAMUKA NO.76, BANTULAN, SIDOARUM, KEC. GODEAN, KABUPATEN SLEMAN, DAERAH ISTIMEWA YOGYAKARTA 55264","ID_PROV":34,"PROVINSI":"DAERAH ISTIMEWA YOGYAKARTA","ID_KABKOT":34.04,"KABKOT":"SLEMAN","ID_KEC":"34.04.02","KECAMATAN":"GODEAN","ID_DESA":"34.04.02.2006","DESA":"SIDOARUM","LONGITUDE":110.323323,"LATITUDE":-7.7696138,"STATUS":"BUKA","TANGGAL PENGUMPULAN":"Q1 2025","TANGGAL UPDATE":"27/02/2025"}},{"type":"Feature","geometry":{"coordinates":[110.4127342,-7.7583748],"type":"Point"},"properties":{"NAMA":"TOKO SEMBAKO LINTANG JAYA","TIPE_1":"PERDAGANGAN DAN RETAIL","TIPE_2":"TOKO KELONTONG","TIPE_3":"-","TELEPON":"","ALAMAT":"JL. PRAWIRO KUAT NO.109, NGRINGIN, CONDONGCATUR, KEC. DEPOK, KABUPATEN SLEMAN, DAERAH ISTIMEWA YOGYAKARTA 55281","ID_PROV":34,"PROVINSI":"DAERAH ISTIMEWA YOGYAKARTA","ID_KABKOT":34.04,"KABKOT":"SLEMAN","ID_KEC":"34.04.07","KECAMATAN":"DEPOK","ID_DESA":"34.04.07.2003","DESA":"CONDONGCATUR","LONGITUDE":110.4127342,"LATITUDE":-7.7583748,"STATUS":"BUKA","TANGGAL PENGUMPULAN":"Q1 2025","TANGGAL UPDATE":"27/02/2025"}},{"type":"Feature","geometry":{"coordinates":[110.412135,-7.7610443],"type":"Point"},"properties":{"NAMA":"TOKO WATI","TIPE_1":"PERDAGANGAN DAN RETAIL","TIPE_2":"TOKO KELONTONG","TIPE_3":"-","TELEPON":"0821-3378-3824","ALAMAT":"JL. PRAWIRO KUAT NO.187, NGRINGIN, CONDONGCATUR, KEC. DEPOK, KABUPATEN SLEMAN, DAERAH ISTIMEWA YOGYAKARTA 55283","ID_PROV":34,"PROVINSI":"DAERAH ISTIMEWA YOGYAKARTA","ID_KABKOT":34.04,"KABKOT":"SLEMAN","ID_KEC":"34.04.07","KECAMATAN":"DEPOK","ID_DESA":"34.04.07.2003","DESA":"CONDONGCATUR","LONGITUDE":110.412135,"LATITUDE":-7.7610443,"STATUS":"BUKA","TANGGAL PENGUMPULAN":"Q1 2025","TANGGAL UPDATE":"27/02/2025"}},{"type":"Feature","geometry":{"coordinates":[110.4021762,-7.6861497],"type":"Point"},"properties":{"NAMA":"OMAH BERAS CAPING","TIPE_1":"PERDAGANGAN DAN RETAIL","TIPE_2":"TOKO KELONTONG","TIPE_3":"-","TELEPON":"0858-7868-9042","ALAMAT":"JL. PRODJOBASKORO, REJOSARI, KEC. NGAGLIK, KABUPATEN SLEMAN, DAERAH ISTIMEWA YOGYAKARTA 55581","ID_PROV":34,"PROVINSI":"DAERAH ISTIMEWA YOGYAKARTA","ID_KABKOT":34.04,"KABKOT":"SLEMAN","ID_KEC":"34.04.16","KECAMATAN":"PAKEM","ID_DESA":"34.04.16.2002","DESA":"CANDIBINANGUN","LONGITUDE":110.4021762,"LATITUDE":-7.6861497,"STATUS":"BUKA","TANGGAL PENGUMPULAN":"Q1 2025","TANGGAL UPDATE":"27/02/2025"}},{"type":"Feature","geometry":{"coordinates":[110.2981364,-7.7075931],"type":"Point"},"properties":{"NAMA":"TOKO SEMBAKO","TIPE_1":"PERDAGANGAN DAN RETAIL","TIPE_2":"TOKO KELONTONG","TIPE_3":"-","TELEPON":"0815-6874-450","ALAMAT":"JL. PS. NGINO, KARANG GENDEK, MARGOAGUNG, KEC. SEYEGAN, KABUPATEN SLEMAN, DAERAH ISTIMEWA YOGYAKARTA 55561","ID_PROV":34,"PROVINSI":"DAERAH ISTIMEWA YOGYAKARTA","ID_KABKOT":34.04,"KABKOT":"SLEMAN","ID_KEC":"34.04.05","KECAMATAN":"SEYEGAN","ID_DESA":"34.04.05.2005","DESA":"MARGOAGUNG","LONGITUDE":110.2981364,"LATITUDE":-7.7075931,"STATUS":"BUKA","TANGGAL PENGUMPULAN":"Q1 2025","TANGGAL UPDATE":"27/02/2025"}},{"type":"Feature","geometry":{"coordinates":[110.489711,-7.756971],"type":"Point"},"properties":{"NAMA":"TOKO GUSUR JAYA","TIPE_1":"PERDAGANGAN DAN RETAIL","TIPE_2":"TOKO KELONTONG","TIPE_3":"-","TELEPON":"","ALAMAT":"JL. PS. PRAMBANAN JL. GARUDA NO.17, KLURAK BARU, BOKOHARJO, KEC. PRAMBANAN, KABUPATEN SLEMAN, DAERAH ISTIMEWA YOGYAKARTA 55572","ID_PROV":34,"PROVINSI":"DAERAH ISTIMEWA YOGYAKARTA","ID_KABKOT":34.04,"KABKOT":"SLEMAN","ID_KEC":"34.04.09","KECAMATAN":"PRAMBANAN","ID_DESA":"34.04.09.2006","DESA":"BOKOHARJO","LONGITUDE":110.489711,"LATITUDE":-7.756971,"STATUS":"BUKA","TANGGAL PENGUMPULAN":"Q1 2025","TANGGAL UPDATE":"27/02/2025"}},{"type":"Feature","geometry":{"coordinates":[110.4271848,-7.695843],"type":"Point"},"properties":{"NAMA":"TOKO TITIK","TIPE_1":"PERDAGANGAN DAN RETAIL","TIPE_2":"TOKO KELONTONG","TIPE_3":"-","TELEPON":"0812-2788-6996","ALAMAT":"JL. PUNTADEWA, KLIDON, SUKOHARJO, KEC. NGAGLIK, KABUPATEN SLEMAN, DAERAH ISTIMEWA YOGYAKARTA 55581","ID_PROV":34,"PROVINSI":"DAERAH ISTIMEWA YOGYAKARTA","ID_KABKOT":34.04,"KABKOT":"SLEMAN","ID_KEC":"34.04.12","KECAMATAN":"NGAGLIK","ID_DESA":"34.04.12.2004","DESA":"SUKOHARJO","LONGITUDE":110.4271848,"LATITUDE":-7.695843,"STATUS":"BUKA","TANGGAL PENGUMPULAN":"Q1 2025","TANGGAL UPDATE":"27/02/2025"}},{"type":"Feature","geometry":{"coordinates":[110.4269784,-7.6967703],"type":"Point"},"properties":{"NAMA":"WARUNG SEMBAKO & BUAH BU SRI","TIPE_1":"PERDAGANGAN DAN RETAIL","TIPE_2":"TOKO KELONTONG","TIPE_3":"-","TELEPON":"","ALAMAT":"JL. PUNTADEWA, KLIDON, SUKOHARJO, KEC. NGAGLIK, KABUPATEN SLEMAN, DAERAH ISTIMEWA YOGYAKARTA 55581","ID_PROV":34,"PROVINSI":"DAERAH ISTIMEWA YOGYAKARTA","ID_KABKOT":34.04,"KABKOT":"SLEMAN","ID_KEC":"34.04.12","KECAMATAN":"NGAGLIK","ID_DESA":"34.04.12.2004","DESA":"SUKOHARJO","LONGITUDE":110.4269784,"LATITUDE":-7.6967703,"STATUS":"BUKA","TANGGAL PENGUMPULAN":"Q1 2025","TANGGAL UPDATE":"27/02/2025"}},{"type":"Feature","geometry":{"coordinates":[110.3419171,-7.7134245],"type":"Point"},"properties":{"NAMA":"TOKO SEMBAKO KITA","TIPE_1":"PERDAGANGAN DAN RETAIL","TIPE_2":"TOKO KELONTONG","TIPE_3":"-","TELEPON":"0852-2887-2887","ALAMAT":"JL. PURBAYA, PATEN, TRIDADI, SLEMAN, SLEMAN REGENCY, SPECIAL REGION OF YOGYAKARTA 55111","ID_PROV":34,"PROVINSI":"DAERAH ISTIMEWA YOGYAKARTA","ID_KABKOT":34.04,"KABKOT":"SLEMAN","ID_KEC":"34.04.13","KECAMATAN":"SLEMAN","ID_DESA":"34.04.13.2003","DESA":"TRIDADI","LONGITUDE":110.3419171,"LATITUDE":-7.7134245,"STATUS":"BUKA","TANGGAL PENGUMPULAN":"Q1 2025","TANGGAL UPDATE":"27/02/2025"}},{"type":"Feature","geometry":{"coordinates":[110.3353807,-7.7190179],"type":"Point"},"properties":{"NAMA":"TOKO LINGGA JAYA","TIPE_1":"PERDAGANGAN DAN RETAIL","TIPE_2":"TOKO KELONTONG","TIPE_3":"-","TELEPON":"0852-3199-0445","ALAMAT":"JL. PURBAYA, WARAK, SUMBERADI, KEC. SLEMAN, KABUPATEN SLEMAN, DAERAH ISTIMEWA YOGYAKARTA","ID_PROV":34,"PROVINSI":"DAERAH ISTIMEWA YOGYAKARTA","ID_KABKOT":34.04,"KABKOT":"SLEMAN","ID_KEC":"34.04.06","KECAMATAN":"MLATI","ID_DESA":"34.04.06.2005","DESA":"SUMBERADI","LONGITUDE":110.3353807,"LATITUDE":-7.7190179,"STATUS":"BUKA","TANGGAL PENGUMPULAN":"Q1 2025","TANGGAL UPDATE":"27/02/2025"}},{"type":"Feature","geometry":{"coordinates":[110.4490931,-7.7488273],"type":"Point"},"properties":{"NAMA":"TOKO SEMBAKO SUDARWATI","TIPE_1":"PERDAGANGAN DAN RETAIL","TIPE_2":"TOKO KELONTONG","TIPE_3":"-","TELEPON":"","ALAMAT":"JL. PURWOMARTANI NO.15, BROMONILAN, PURWOMARTANI, KEC. KALASAN, KABUPATEN SLEMAN, DAERAH ISTIMEWA YOGYAKARTA 55571","ID_PROV":34,"PROVINSI":"DAERAH ISTIMEWA YOGYAKARTA","ID_KABKOT":34.04,"KABKOT":"SLEMAN","ID_KEC":"34.04.10","KECAMATAN":"KALASAN","ID_DESA":"34.04.10.2001","DESA":"PURWOMARTANI","LONGITUDE":110.4490931,"LATITUDE":-7.7488273,"STATUS":"BUKA","TANGGAL PENGUMPULAN":"Q1 2025","TANGGAL UPDATE":"27/02/2025"}},{"type":"Feature","geometry":{"coordinates":[110.2790758,-7.7293985],"type":"Point"},"properties":{"NAMA":"SEMBAKO JAYA BERKAH","TIPE_1":"PERDAGANGAN DAN RETAIL","TIPE_2":"TOKO KELONTONG","TIPE_3":"-","TELEPON":"","ALAMAT":"JL. R. NGABEI DJIWOTO, BUTUHAN, SENDANGREJO, KEC. MINGGIR, KABUPATEN SLEMAN, DAERAH ISTIMEWA YOGYAKARTA 55562","ID_PROV":34,"PROVINSI":"DAERAH ISTIMEWA YOGYAKARTA","ID_KABKOT":34.04,"KABKOT":"SLEMAN","ID_KEC":"34.04.04","KECAMATAN":"MINGGIR","ID_DESA":"34.04.04.2005","DESA":"SENDANGREJO","LONGITUDE":110.2790758,"LATITUDE":-7.7293985,"STATUS":"BUKA","TANGGAL PENGUMPULAN":"Q1 2025","TANGGAL UPDATE":"27/02/2025"}},{"type":"Feature","geometry":{"coordinates":[110.4364335,-7.7636208],"type":"Point"},"properties":{"NAMA":"TOKO BU SUDARMI","TIPE_1":"PERDAGANGAN DAN RETAIL","TIPE_2":"TOKO KELONTONG","TIPE_3":"-","TELEPON":"","ALAMAT":"JL. RAJAWALI NO.110, SEFAN, MAGUWOHARJO, KEC. DEPOK, KABUPATEN SLEMAN, DAERAH ISTIMEWA YOGYAKARTA 55281","ID_PROV":34,"PROVINSI":"DAERAH ISTIMEWA YOGYAKARTA","ID_KABKOT":34.04,"KABKOT":"SLEMAN","ID_KEC":"34.04.07","KECAMATAN":"DEPOK","ID_DESA":"34.04.07.2002","DESA":"MAGUWOHARJO","LONGITUDE":110.4364335,"LATITUDE":-7.7636208,"STATUS":"BUKA","TANGGAL PENGUMPULAN":"Q1 2025","TANGGAL UPDATE":"27/02/2025"}},{"type":"Feature","geometry":{"coordinates":[110.3983048,-7.7453927],"type":"Point"},"properties":{"NAMA":"TOKO KELONTONG BU FATIMAH","TIPE_1":"PERDAGANGAN DAN RETAIL","TIPE_2":"TOKO KELONTONG","TIPE_3":"-","TELEPON":"","ALAMAT":"JL. RAJAWALI RAYA NO.97, MANUKAN, CONDONGCATUR, KEC. DEPOK, KABUPATEN SLEMAN, DAERAH ISTIMEWA YOGYAKARTA 55281","ID_PROV":34,"PROVINSI":"DAERAH ISTIMEWA YOGYAKARTA","ID_KABKOT":34.04,"KABKOT":"SLEMAN","ID_KEC":"34.04.07","KECAMATAN":"DEPOK","ID_DESA":"34.04.07.2003","DESA":"CONDONGCATUR","LONGITUDE":110.3983048,"LATITUDE":-7.7453927,"STATUS":"BUKA","TANGGAL PENGUMPULAN":"Q1 2025","TANGGAL UPDATE":"27/02/2025"}},{"type":"Feature","geometry":{"coordinates":[110.3669278,-7.7661628],"type":"Point"},"properties":{"NAMA":"TOKO KELONTONG BU HAR","TIPE_1":"PERDAGANGAN DAN RETAIL","TIPE_2":"TOKO KELONTONG","TIPE_3":"-","TELEPON":"","ALAMAT":"JL. RAMBUTAN, KUTU DUKUH, SINDUADI, KEC. MLATI, KABUPATEN SLEMAN, DAERAH ISTIMEWA YOGYAKARTA 55284","ID_PROV":34,"PROVINSI":"DAERAH ISTIMEWA YOGYAKARTA","ID_KABKOT":34.04,"KABKOT":"SLEMAN","ID_KEC":"34.04.06","KECAMATAN":"MLATI","ID_DESA":"34.04.06.2001","DESA":"SINDUADI","LONGITUDE":110.3669278,"LATITUDE":-7.7661628,"STATUS":"BUKA","TANGGAL PENGUMPULAN":"Q1 2025","TANGGAL UPDATE":"27/02/2025"}},{"type":"Feature","geometry":{"coordinates":[110.4004318,-7.7565532],"type":"Point"},"properties":{"NAMA":"TOKO KELONTONG NAHRUDIN 2","TIPE_1":"PERDAGANGAN DAN RETAIL","TIPE_2":"TOKO KELONTONG","TIPE_3":"-","TELEPON":"","ALAMAT":"JL. RANDU, SANGGRAHAN, CONDONGCATUR, DEPOK, SLEMAN REGENCY, SPECIAL REGION OF YOGYAKARTA 55281","ID_PROV":34,"PROVINSI":"DAERAH ISTIMEWA YOGYAKARTA","ID_KABKOT":34.04,"KABKOT":"SLEMAN","ID_KEC":"34.04.07","KECAMATAN":"DEPOK","ID_DESA":"34.04.07.2003","DESA":"CONDONGCATUR","LONGITUDE":110.4004318,"LATITUDE":-7.7565532,"STATUS":"BUKA","TANGGAL PENGUMPULAN":"Q1 2025","TANGGAL UPDATE":"27/02/2025"}},{"type":"Feature","geometry":{"coordinates":[110.2340049,-7.7254782],"type":"Point"},"properties":{"NAMA":"TOKO SEMBAKO JAYA ABADI","TIPE_1":"PERDAGANGAN DAN RETAIL","TIPE_2":"TOKO KELONTONG","TIPE_3":"-","TELEPON":"0822-2620-9686","ALAMAT":"JL. RAYA BANJARARUM, BABADAN, SENDANGAGUNG, KEC. MINGGIR, KABUPATEN SLEMAN, DAERAH ISTIMEWA YOGYAKARTA 55562","ID_PROV":34,"PROVINSI":"DAERAH ISTIMEWA YOGYAKARTA","ID_KABKOT":34.04,"KABKOT":"SLEMAN","ID_KEC":"34.04.04","KECAMATAN":"MINGGIR","ID_DESA":"34.04.04.2003","DESA":"SENDANGAGUNG","LONGITUDE":110.2340049,"LATITUDE":-7.7254782,"STATUS":"BUKA","TANGGAL PENGUMPULAN":"Q1 2025","TANGGAL UPDATE":"27/02/2025"}},{"type":"Feature","geometry":{"coordinates":[110.2338153,-7.72508],"type":"Point"},"properties":{"NAMA":"TOKO MANDIRI","TIPE_1":"PERDAGANGAN DAN RETAIL","TIPE_2":"TOKO KELONTONG","TIPE_3":"-","TELEPON":"","ALAMAT":"JL. RAYA BANJARARUM, KLIRAN, SENDANGAGUNG, KEC. MINGGIR, KABUPATEN SLEMAN, DAERAH ISTIMEWA YOGYAKARTA 55562","ID_PROV":34,"PROVINSI":"DAERAH ISTIMEWA YOGYAKARTA","ID_KABKOT":34.04,"KABKOT":"SLEMAN","ID_KEC":"34.04.04","KECAMATAN":"MINGGIR","ID_DESA":"34.04.04.2003","DESA":"SENDANGAGUNG","LONGITUDE":110.2338153,"LATITUDE":-7.72508,"STATUS":"BUKA","TANGGAL PENGUMPULAN":"Q1 2025","TANGGAL UPDATE":"27/02/2025"}},{"type":"Feature","geometry":{"coordinates":[110.4623254,-7.6708113],"type":"Point"},"properties":{"NAMA":"TOKO YAMA","TIPE_1":"PERDAGANGAN DAN RETAIL","TIPE_2":"TOKO KELONTONG","TIPE_3":"-","TELEPON":"","ALAMAT":"KARANGLO, ARGOMULYO, KEC. CANGKRINGAN, KABUPATEN SLEMAN, DAERAH ISTIMEWA YOGYAKARTA 55583","ID_PROV":34,"PROVINSI":"DAERAH ISTIMEWA YOGYAKARTA","ID_KABKOT":34.04,"KABKOT":"SLEMAN","ID_KEC":"34.04.17","KECAMATAN":"CANGKRINGAN","ID_DESA":"34.04.17.2001","DESA":"ARGOMULYO","LONGITUDE":110.4623254,"LATITUDE":-7.6708113,"STATUS":"BUKA","TANGGAL PENGUMPULAN":"Q1 2025","TANGGAL UPDATE":"27/02/2025"}},{"type":"Feature","geometry":{"coordinates":[110.4752344,-7.7502875],"type":"Point"},"properties":{"NAMA":"TOKO KELONTONG DOBLEH","TIPE_1":"PERDAGANGAN DAN RETAIL","TIPE_2":"TOKO KELONTONG","TIPE_3":"-","TELEPON":"0813-2930-4648","ALAMAT":"KARANGNONGKO,KARANGREJO, RT.5/RW.28, TIRTOMARTANI, KEC. KALASAN, KABUPATEN SLEMAN, DAERAH ISTIMEWA YOGYAKARTA 55571","ID_PROV":34,"PROVINSI":"DAERAH ISTIMEWA YOGYAKARTA","ID_KABKOT":34.04,"KABKOT":"SLEMAN","ID_KEC":"34.04.10","KECAMATAN":"KALASAN","ID_DESA":"34.04.10.2002","DESA":"TIRTOMARTANI","LONGITUDE":110.4752344,"LATITUDE":-7.7502875,"STATUS":"BUKA","TANGGAL PENGUMPULAN":"Q1 2025","TANGGAL UPDATE":"27/02/2025"}},{"type":"Feature","geometry":{"coordinates":[110.3944486,-7.669547],"type":"Point"},"properties":{"NAMA":"TOKO SURYA","TIPE_1":"PERDAGANGAN DAN RETAIL","TIPE_2":"TOKO KELONTONG","TIPE_3":"-","TELEPON":"0838-7575-8241","ALAMAT":"KARDANGAN, PURWOBINANGUN, KEC. PAKEM, KABUPATEN SLEMAN, DAERAH ISTIMEWA YOGYAKARTA 55582","ID_PROV":34,"PROVINSI":"DAERAH ISTIMEWA YOGYAKARTA","ID_KABKOT":34.04,"KABKOT":"SLEMAN","ID_KEC":"34.04.16","KECAMATAN":"PAKEM","ID_DESA":"34.04.16.2001","DESA":"PURWOBINANGUN","LONGITUDE":110.3944486,"LATITUDE":-7.669547,"STATUS":"BUKA","TANGGAL PENGUMPULAN":"Q1 2025","TANGGAL UPDATE":"27/02/2025"}},{"type":"Feature","geometry":{"coordinates":[110.3890052,-7.6858764],"type":"Point"},"properties":{"NAMA":"TOKO SEMBAKO DIAN","TIPE_1":"PERDAGANGAN DAN RETAIL","TIPE_2":"TOKO KELONTONG","TIPE_3":"-","TELEPON":"0813-2762-6406","ALAMAT":"KASENAN, DONOHARJO, KEC. NGAGLIK, KABUPATEN SLEMAN, DAERAH ISTIMEWA YOGYAKARTA 55581","ID_PROV":34,"PROVINSI":"DAERAH ISTIMEWA YOGYAKARTA","ID_KABKOT":34.04,"KABKOT":"SLEMAN","ID_KEC":"34.04.12","KECAMATAN":"NGAGLIK","ID_DESA":"34.04.12.2006","DESA":"DONOHARJO","LONGITUDE":110.3890052,"LATITUDE":-7.6858764,"STATUS":"BUKA","TANGGAL PENGUMPULAN":"Q1 2025","TANGGAL UPDATE":"27/02/2025"}},{"type":"Feature","geometry":{"coordinates":[110.4720597,-7.6679391],"type":"Point"},"properties":{"NAMA":"TOKO ANWAR","TIPE_1":"PERDAGANGAN DAN RETAIL","TIPE_2":"TOKO KELONTONG","TIPE_3":"-","TELEPON":"0822-4294-6537","ALAMAT":"KAUMAN, ARGOMULYO, KEC. CANGKRINGAN, KABUPATEN SLEMAN, DAERAH ISTIMEWA YOGYAKARTA 55583","ID_PROV":34,"PROVINSI":"DAERAH ISTIMEWA YOGYAKARTA","ID_KABKOT":34.04,"KABKOT":"SLEMAN","ID_KEC":"34.04.17","KECAMATAN":"CANGKRINGAN","ID_DESA":"34.04.17.2001","DESA":"ARGOMULYO","LONGITUDE":110.4720597,"LATITUDE":-7.6679391,"STATUS":"BUKA","TANGGAL PENGUMPULAN":"Q1 2025","TANGGAL UPDATE":"27/02/2025"}},{"type":"Feature","geometry":{"coordinates":[110.3521608,-7.6597096],"type":"Point"},"properties":{"NAMA":"BU LASTRI TOKO KELONTONG","TIPE_1":"PERDAGANGAN DAN RETAIL","TIPE_2":"TOKO KELONTONG","TIPE_3":"-","TELEPON":"","ALAMAT":"KAWEDAN, BANGUN KERTO, KEC. TURI, KABUPATEN SLEMAN, DAERAH ISTIMEWA YOGYAKARTA","ID_PROV":34,"PROVINSI":"DAERAH ISTIMEWA YOGYAKARTA","ID_KABKOT":34.04,"KABKOT":"SLEMAN","ID_KEC":"34.04.15","KECAMATAN":"TURI","ID_DESA":"34.04.15.2001","DESA":"BANGUNKERTO","LONGITUDE":110.3521608,"LATITUDE":-7.6597096,"STATUS":"BUKA","TANGGAL PENGUMPULAN":"Q1 2025","TANGGAL UPDATE":"27/02/2025"}},{"type":"Feature","geometry":{"coordinates":[110.3519259,-7.6676497],"type":"Point"},"properties":{"NAMA":"TOKO BU SUTRISMI","TIPE_1":"PERDAGANGAN DAN RETAIL","TIPE_2":"TOKO KELONTONG","TIPE_3":"-","TELEPON":"","ALAMAT":"KAWEDAN, BANGUN KERTO, KEC. TURI, KABUPATEN SLEMAN, DAERAH ISTIMEWA YOGYAKARTA 55551","ID_PROV":34,"PROVINSI":"DAERAH ISTIMEWA YOGYAKARTA","ID_KABKOT":34.04,"KABKOT":"SLEMAN","ID_KEC":"34.04.15","KECAMATAN":"TURI","ID_DESA":"34.04.15.2001","DESA":"BANGUNKERTO","LONGITUDE":110.3519259,"LATITUDE":-7.6676497,"STATUS":"BUKA","TANGGAL PENGUMPULAN":"Q1 2025","TANGGAL UPDATE":"27/02/2025"}},{"type":"Feature","geometry":{"coordinates":[110.4851534,-7.7294585],"type":"Point"},"properties":{"NAMA":"PIN'S SEMBAKO","TIPE_1":"PERDAGANGAN DAN RETAIL","TIPE_2":"TOKO KELONTONG","TIPE_3":"-","TELEPON":"0857-0107-0292","ALAMAT":"KEBON, TAMANMARTANI, KEC. KALASAN, KABUPATEN SLEMAN, DAERAH ISTIMEWA YOGYAKARTA 55571","ID_PROV":34,"PROVINSI":"DAERAH ISTIMEWA YOGYAKARTA","ID_KABKOT":34.04,"KABKOT":"SLEMAN","ID_KEC":"34.04.10","KECAMATAN":"KALASAN","ID_DESA":"34.04.10.2003","DESA":"TAMANMARTANI","LONGITUDE":110.4851534,"LATITUDE":-7.7294585,"STATUS":"BUKA","TANGGAL PENGUMPULAN":"Q1 2025","TANGGAL UPDATE":"27/02/2025"}},{"type":"Feature","geometry":{"coordinates":[110.2729223,-7.712526],"type":"Point"},"properties":{"NAMA":"SEMBAKO KARUNIA","TIPE_1":"PERDAGANGAN DAN RETAIL","TIPE_2":"TOKO KELONTONG","TIPE_3":"-","TELEPON":"","ALAMAT":"KEDUNG PRAHU V,RT 004/012, SUNGGUNGAN, SENDANGREJO, KEC. MINGGIR, KABUPATEN SLEMAN, DAERAH ISTIMEWA YOGYAKARTA 55562","ID_PROV":34,"PROVINSI":"DAERAH ISTIMEWA YOGYAKARTA","ID_KABKOT":34.04,"KABKOT":"SLEMAN","ID_KEC":"34.04.04","KECAMATAN":"MINGGIR","ID_DESA":"34.04.04.2005","DESA":"SENDANGREJO","LONGITUDE":110.2729223,"LATITUDE":-7.712526,"STATUS":"BUKA","TANGGAL PENGUMPULAN":"Q1 2025","TANGGAL UPDATE":"27/02/2025"}},{"type":"Feature","geometry":{"coordinates":[110.2751194,-7.7102149],"type":"Point"},"properties":{"NAMA":"WARUNG MEGHAN KELONTONG","TIPE_1":"PERDAGANGAN DAN RETAIL","TIPE_2":"TOKO KELONTONG","TIPE_3":"-","TELEPON":"0895-3635-71701","ALAMAT":"KEDUNG PRAHU, SENDANGREJO, KEC. MINGGIR, KABUPATEN SLEMAN, DAERAH ISTIMEWA YOGYAKARTA 55562","ID_PROV":34,"PROVINSI":"DAERAH ISTIMEWA YOGYAKARTA","ID_KABKOT":34.04,"KABKOT":"SLEMAN","ID_KEC":"34.04.04","KECAMATAN":"MINGGIR","ID_DESA":"34.04.04.2005","DESA":"SENDANGREJO","LONGITUDE":110.2751194,"LATITUDE":-7.7102149,"STATUS":"BUKA","TANGGAL PENGUMPULAN":"Q1 2025","TANGGAL UPDATE":"27/02/2025"}},{"type":"Feature","geometry":{"coordinates":[110.4329892,-7.6573833],"type":"Point"},"properties":{"NAMA":"WARUNG BU RINI","TIPE_1":"PERDAGANGAN DAN RETAIL","TIPE_2":"TOKO KELONTONG","TIPE_3":"-","TELEPON":"","ALAMAT":"KEDUNG SEMBUNGAN, RT.001/RW.021, TANJUNG, WUKIRSARI, CANGKRINGAN, SLEMAN REGENCY, SPECIAL REGION OF YOGYAKARTA 55583","ID_PROV":34,"PROVINSI":"DAERAH ISTIMEWA YOGYAKARTA","ID_KABKOT":34.04,"KABKOT":"SLEMAN","ID_KEC":"34.04.17","KECAMATAN":"CANGKRINGAN","ID_DESA":"34.04.17.2002","DESA":"WUKIRSARI","LONGITUDE":110.4329892,"LATITUDE":-7.6573833,"STATUS":"BUKA","TANGGAL PENGUMPULAN":"Q1 2025","TANGGAL UPDATE":"27/02/2025"}},{"type":"Feature","geometry":{"coordinates":[110.2728381,-7.7116003],"type":"Point"},"properties":{"NAMA":"TOKO PAK SUKARJI","TIPE_1":"PERDAGANGAN DAN RETAIL","TIPE_2":"TOKO KELONTONG","TIPE_3":"-","TELEPON":"","ALAMAT":"KEDUNGPRAHU, LONGGRONGAN, SENDANGREJO, KEC. MINGGIR, KABUPATEN SLEMAN, DAERAH ISTIMEWA YOGYAKARTA 55562","ID_PROV":34,"PROVINSI":"DAERAH ISTIMEWA YOGYAKARTA","ID_KABKOT":34.04,"KABKOT":"SLEMAN","ID_KEC":"34.04.04","KECAMATAN":"MINGGIR","ID_DESA":"34.04.04.2005","DESA":"SENDANGREJO","LONGITUDE":110.2728381,"LATITUDE":-7.7116003,"STATUS":"BUKA","TANGGAL PENGUMPULAN":"Q1 2025","TANGGAL UPDATE":"27/02/2025"}},{"type":"Feature","geometry":{"coordinates":[110.350343,-7.6275259],"type":"Point"},"properties":{"NAMA":"TOKO KELONTONG DAN ALAT TULIS RIZKI BERKAH","TIPE_1":"PERDAGANGAN DAN RETAIL","TIPE_2":"TOKO KELONTONG","TIPE_3":"-","TELEPON":"","ALAMAT":"KEMBANG, MERDIKOREJO, KEC. TEMPEL, KABUPATEN SLEMAN, DAERAH ISTIMEWA YOGYAKARTA 55552","ID_PROV":34,"PROVINSI":"DAERAH ISTIMEWA YOGYAKARTA","ID_KABKOT":34.04,"KABKOT":"SLEMAN","ID_KEC":"34.04.14","KECAMATAN":"TEMPEL","ID_DESA":"34.04.14.2008","DESA":"MERDIKOREJO","LONGITUDE":110.350343,"LATITUDE":-7.6275259,"STATUS":"BUKA","TANGGAL PENGUMPULAN":"Q1 2025","TANGGAL UPDATE":"27/02/2025"}},{"type":"Feature","geometry":{"coordinates":[110.3269051,-7.6712208],"type":"Point"},"properties":{"NAMA":"TOKO KELONTONG BU HARNI","TIPE_1":"PERDAGANGAN DAN RETAIL","TIPE_2":"TOKO KELONTONG","TIPE_3":"-","TELEPON":"","ALAMAT":"KEMIRI, MARGOREJO, KEC. TEMPEL, KABUPATEN SLEMAN, DAERAH ISTIMEWA YOGYAKARTA 55552","ID_PROV":34,"PROVINSI":"DAERAH ISTIMEWA YOGYAKARTA","ID_KABKOT":34.04,"KABKOT":"SLEMAN","ID_KEC":"34.04.14","KECAMATAN":"TEMPEL","ID_DESA":"34.04.14.2006","DESA":"MARGOREJO","LONGITUDE":110.3269051,"LATITUDE":-7.6712208,"STATUS":"BUKA","TANGGAL PENGUMPULAN":"Q1 2025","TANGGAL UPDATE":"27/02/2025"}},{"type":"Feature","geometry":{"coordinates":[110.3277463,-7.6693012],"type":"Point"},"properties":{"NAMA":"TOKO KELONTONG CITRA MANGIR","TIPE_1":"PERDAGANGAN DAN RETAIL","TIPE_2":"TOKO KELONTONG","TIPE_3":"-","TELEPON":"0856-4313-5032","ALAMAT":"KEMIRI, MARGOREJO, KEC. TEMPEL, KABUPATEN SLEMAN, DAERAH ISTIMEWA YOGYAKARTA 55552","ID_PROV":34,"PROVINSI":"DAERAH ISTIMEWA YOGYAKARTA","ID_KABKOT":34.04,"KABKOT":"SLEMAN","ID_KEC":"34.04.14","KECAMATAN":"TEMPEL","ID_DESA":"34.04.14.2006","DESA":"MARGOREJO","LONGITUDE":110.3277463,"LATITUDE":-7.6693012,"STATUS":"BUKA","TANGGAL PENGUMPULAN":"Q1 2025","TANGGAL UPDATE":"27/02/2025"}},{"type":"Feature","geometry":{"coordinates":[110.4116743,-7.618284],"type":"Point"},"properties":{"NAMA":"WARUNG KELONTONG YUKIYO","TIPE_1":"PERDAGANGAN DAN RETAIL","TIPE_2":"TOKO KELONTONG","TIPE_3":"-","TELEPON":"","ALAMAT":"KEMIRI, PURWOBINANGUN, KEC. PAKEM, KABUPATEN SLEMAN, DAERAH ISTIMEWA YOGYAKARTA 55582","ID_PROV":34,"PROVINSI":"DAERAH ISTIMEWA YOGYAKARTA","ID_KABKOT":34.04,"KABKOT":"SLEMAN","ID_KEC":"34.04.16","KECAMATAN":"PAKEM","ID_DESA":"34.04.16.2001","DESA":"PURWOBINANGUN","LONGITUDE":110.4116743,"LATITUDE":-7.618284,"STATUS":"BUKA","TANGGAL PENGUMPULAN":"Q1 2025","TANGGAL UPDATE":"27/02/2025"}},{"type":"Feature","geometry":{"coordinates":[110.3378462,-7.6744178],"type":"Point"},"properties":{"NAMA":"TOKO SEMBAKO BPK MARDI WIYONO","TIPE_1":"PERDAGANGAN DAN RETAIL","TIPE_2":"TOKO KELONTONG","TIPE_3":"-","TELEPON":"0877-3016-6445","ALAMAT":"KEMLOKO, JL. MAGELANG NO.KM 16, RT.01/RW.01, NGANGKRUK, CATURHARJO, KAB, KABUPATEN SLEMAN, DAERAH ISTIMEWA YOGYAKARTA 55515","ID_PROV":34,"PROVINSI":"DAERAH ISTIMEWA YOGYAKARTA","ID_KABKOT":34.04,"KABKOT":"SLEMAN","ID_KEC":"34.04.13","KECAMATAN":"SLEMAN","ID_DESA":"34.04.13.2001","DESA":"CATURHARJO","LONGITUDE":110.3378462,"LATITUDE":-7.6744178,"STATUS":"BUKA","TANGGAL PENGUMPULAN":"Q1 2025","TANGGAL UPDATE":"27/02/2025"}},{"type":"Feature","geometry":{"coordinates":[110.3399638,-7.6710195],"type":"Point"},"properties":{"NAMA":"PENDEK SANG JURAGAN TELO","TIPE_1":"PERDAGANGAN DAN RETAIL","TIPE_2":"TOKO KELONTONG","TIPE_3":"-","TELEPON":"","ALAMAT":"KEMLOKO, MARGOREJO, KEC. TEMPEL, KABUPATEN SLEMAN, DAERAH ISTIMEWA YOGYAKARTA 55552","ID_PROV":34,"PROVINSI":"DAERAH ISTIMEWA YOGYAKARTA","ID_KABKOT":34.04,"KABKOT":"SLEMAN","ID_KEC":"34.04.14","KECAMATAN":"TEMPEL","ID_DESA":"34.04.14.2006","DESA":"MARGOREJO","LONGITUDE":110.3399638,"LATITUDE":-7.6710195,"STATUS":"BUKA","TANGGAL PENGUMPULAN":"Q1 2025","TANGGAL UPDATE":"27/02/2025"}},{"type":"Feature","geometry":{"coordinates":[110.3398662,-7.6715302],"type":"Point"},"properties":{"NAMA":"WARUNG KELONTONG ORLIN","TIPE_1":"PERDAGANGAN DAN RETAIL","TIPE_2":"TOKO KELONTONG","TIPE_3":"-","TELEPON":"0819-1600-1607","ALAMAT":"KEMLOKO, MARGOREJO, TEMPEL, SLEMAN REGENCY, SPECIAL REGION OF YOGYAKARTA 55552","ID_PROV":34,"PROVINSI":"DAERAH ISTIMEWA YOGYAKARTA","ID_KABKOT":34.04,"KABKOT":"SLEMAN","ID_KEC":"34.04.14","KECAMATAN":"TEMPEL","ID_DESA":"34.04.14.2006","DESA":"MARGOREJO","LONGITUDE":110.3398662,"LATITUDE":-7.6715302,"STATUS":"BUKA","TANGGAL PENGUMPULAN":"Q1 2025","TANGGAL UPDATE":"27/02/2025"}},{"type":"Feature","geometry":{"coordinates":[110.4800811,-7.7609602],"type":"Point"},"properties":{"NAMA":"TOKO SEMBAKO TENTREM","TIPE_1":"PERDAGANGAN DAN RETAIL","TIPE_2":"TOKO KELONTONG","TIPE_3":"-","TELEPON":"0813-9307-7863","ALAMAT":"KEPATIHAN, TAMANMARTANI, KALASAN, SLEMAN REGENCY, SPECIAL REGION OF YOGYAKARTA 55571","ID_PROV":34,"PROVINSI":"DAERAH ISTIMEWA YOGYAKARTA","ID_KABKOT":34.04,"KABKOT":"SLEMAN","ID_KEC":"34.04.10","KECAMATAN":"KALASAN","ID_DESA":"34.04.10.2003","DESA":"TAMANMARTANI","LONGITUDE":110.4800811,"LATITUDE":-7.7609602,"STATUS":"BUKA","TANGGAL PENGUMPULAN":"Q1 2025","TANGGAL UPDATE":"27/02/2025"}},{"type":"Feature","geometry":{"coordinates":[110.4802855,-7.7653037],"type":"Point"},"properties":{"NAMA":"WARUNG SEMBAKO RIZQI","TIPE_1":"PERDAGANGAN DAN RETAIL","TIPE_2":"TOKO KELONTONG","TIPE_3":"-","TELEPON":"","ALAMAT":"KEPATIHAN, TAMANMARTANI, KEC. KALASAN, KABUPATEN SLEMAN, DAERAH ISTIMEWA YOGYAKARTA 55571","ID_PROV":34,"PROVINSI":"DAERAH ISTIMEWA YOGYAKARTA","ID_KABKOT":34.04,"KABKOT":"SLEMAN","ID_KEC":"34.04.10","KECAMATAN":"KALASAN","ID_DESA":"34.04.10.2003","DESA":"TAMANMARTANI","LONGITUDE":110.4802855,"LATITUDE":-7.7653037,"STATUS":"BUKA","TANGGAL PENGUMPULAN":"Q1 2025","TANGGAL UPDATE":"27/02/2025"}},{"type":"Feature","geometry":{"coordinates":[110.3530768,-7.6955586],"type":"Point"},"properties":{"NAMA":"TOKO ULIL","TIPE_1":"PERDAGANGAN DAN RETAIL","TIPE_2":"TOKO KELONTONG","TIPE_3":"-","TELEPON":"","ALAMAT":"KEPITU, JL. TURI KM 1, MANTALAN / BANLONGAN, TRIMULYO, KEC. SLEMAN, KABUPATEN SLEMAN, DAERAH ISTIMEWA YOGYAKARTA 55513","ID_PROV":34,"PROVINSI":"DAERAH ISTIMEWA YOGYAKARTA","ID_KABKOT":34.04,"KABKOT":"SLEMAN","ID_KEC":"34.04.13","KECAMATAN":"SLEMAN","ID_DESA":"34.04.13.2005","DESA":"TRIMULYO","LONGITUDE":110.3530768,"LATITUDE":-7.6955586,"STATUS":"BUKA","TANGGAL PENGUMPULAN":"Q1 2025","TANGGAL UPDATE":"27/02/2025"}},{"type":"Feature","geometry":{"coordinates":[110.4727972,-7.8164393],"type":"Point"},"properties":{"NAMA":"TOKO SLAMET","TIPE_1":"PERDAGANGAN DAN RETAIL","TIPE_2":"TOKO KELONTONG","TIPE_3":"-","TELEPON":"","ALAMAT":"KERTEN, JOGOTIRTO, KEC. BERBAH, KABUPATEN SLEMAN, DAERAH ISTIMEWA YOGYAKARTA","ID_PROV":34,"PROVINSI":"DAERAH ISTIMEWA YOGYAKARTA","ID_KABKOT":34.04,"KABKOT":"SLEMAN","ID_KEC":"34.04.08","KECAMATAN":"BERBAH","ID_DESA":"34.04.08.2004","DESA":"JOGOTIRTO","LONGITUDE":110.4727972,"LATITUDE":-7.8164393,"STATUS":"BUKA","TANGGAL PENGUMPULAN":"Q1 2025","TANGGAL UPDATE":"27/02/2025"}},{"type":"Feature","geometry":{"coordinates":[110.4918828,-7.796838],"type":"Point"},"properties":{"NAMA":"TOKO BENI","TIPE_1":"PERDAGANGAN DAN RETAIL","TIPE_2":"TOKO KELONTONG","TIPE_3":"-","TELEPON":"","ALAMAT":"KETANDAN, MADUREJO, KEC. PRAMBANAN, KABUPATEN SLEMAN, DAERAH ISTIMEWA YOGYAKARTA 55572","ID_PROV":34,"PROVINSI":"DAERAH ISTIMEWA YOGYAKARTA","ID_KABKOT":34.04,"KABKOT":"SLEMAN","ID_KEC":"34.04.09","KECAMATAN":"PRAMBANAN","ID_DESA":"34.04.09.2005","DESA":"MADUREJO","LONGITUDE":110.4918828,"LATITUDE":-7.796838,"STATUS":"BUKA","TANGGAL PENGUMPULAN":"Q1 2025","TANGGAL UPDATE":"27/02/2025"}},{"type":"Feature","geometry":{"coordinates":[110.493631,-7.7991635],"type":"Point"},"properties":{"NAMA":"TOKO SAPARI","TIPE_1":"PERDAGANGAN DAN RETAIL","TIPE_2":"TOKO KELONTONG","TIPE_3":"-","TELEPON":"0813-1971-4354","ALAMAT":"KETANDAN, MADUREJO, KEC. PRAMBANAN, KABUPATEN SLEMAN, DAERAH ISTIMEWA YOGYAKARTA 55572","ID_PROV":34,"PROVINSI":"DAERAH ISTIMEWA YOGYAKARTA","ID_KABKOT":34.04,"KABKOT":"SLEMAN","ID_KEC":"34.04.09","KECAMATAN":"PRAMBANAN","ID_DESA":"34.04.09.2005","DESA":"MADUREJO","LONGITUDE":110.493631,"LATITUDE":-7.7991635,"STATUS":"BUKA","TANGGAL PENGUMPULAN":"Q1 2025","TANGGAL UPDATE":"27/02/2025"}},{"type":"Feature","geometry":{"coordinates":[110.2957128,-7.7530717],"type":"Point"},"properties":{"NAMA":"WAROENG FARISI","TIPE_1":"PERDAGANGAN DAN RETAIL","TIPE_2":"TOKO KELONTONG","TIPE_3":"-","TELEPON":"0838-6329-9178","ALAMAT":"KLACI I, MARGOLUWIH, KEC. SEYEGAN, YOGYAKARTA, DAERAH ISTIMEWA YOGYAKARTA 55561","ID_PROV":34,"PROVINSI":"DAERAH ISTIMEWA YOGYAKARTA","ID_KABKOT":34.04,"KABKOT":"SLEMAN","ID_KEC":"34.04.05","KECAMATAN":"SEYEGAN","ID_DESA":"34.04.05.2001","DESA":"MARGOLUWIH","LONGITUDE":110.2957128,"LATITUDE":-7.7530717,"STATUS":"BUKA","TANGGAL PENGUMPULAN":"Q1 2025","TANGGAL UPDATE":"27/02/2025"}},{"type":"Feature","geometry":{"coordinates":[110.297377,-7.7590579],"type":"Point"},"properties":{"NAMA":"WARUNG SEMBAKO IBU SARJIYATI","TIPE_1":"PERDAGANGAN DAN RETAIL","TIPE_2":"TOKO KELONTONG","TIPE_3":"-","TELEPON":"","ALAMAT":"KLACI III, MARGOLUWIH, KEC. SEYEGAN, KABUPATEN SLEMAN, DAERAH ISTIMEWA YOGYAKARTA 55264","ID_PROV":34,"PROVINSI":"DAERAH ISTIMEWA YOGYAKARTA","ID_KABKOT":34.04,"KABKOT":"SLEMAN","ID_KEC":"34.04.05","KECAMATAN":"SEYEGAN","ID_DESA":"34.04.05.2001","DESA":"MARGOLUWIH","LONGITUDE":110.297377,"LATITUDE":-7.7590579,"STATUS":"BUKA","TANGGAL PENGUMPULAN":"Q1 2025","TANGGAL UPDATE":"27/02/2025"}},{"type":"Feature","geometry":{"coordinates":[110.4242916,-7.8223171],"type":"Point"},"properties":{"NAMA":"WARUNG BU SRI","TIPE_1":"PERDAGANGAN DAN RETAIL","TIPE_2":"TOKO KELONTONG","TIPE_3":"-","TELEPON":"0896-0128-8600","ALAMAT":"KLAMPOK BARU JL. WONOSARI NO.8, SEKARSULI, SENDANGTIRTO, KEC. BERBAH, KABUPATEN SLEMAN, DAERAH ISTIMEWA YOGYAKARTA 55573","ID_PROV":34,"PROVINSI":"DAERAH ISTIMEWA YOGYAKARTA","ID_KABKOT":34.04,"KABKOT":"SLEMAN","ID_KEC":"34.04.08","KECAMATAN":"BERBAH","ID_DESA":"34.04.08.2001","DESA":"SENDANGTIRTO","LONGITUDE":110.4242916,"LATITUDE":-7.8223171,"STATUS":"BUKA","TANGGAL PENGUMPULAN":"Q1 2025","TANGGAL UPDATE":"27/02/2025"}},{"type":"Feature","geometry":{"coordinates":[110.4235699,-7.8145953],"type":"Point"},"properties":{"NAMA":"WARUNG KELONTONG BU WARSINI","TIPE_1":"PERDAGANGAN DAN RETAIL","TIPE_2":"TOKO KELONTONG","TIPE_3":"-","TELEPON":"0818-0275-8854","ALAMAT":"KLAMPOK, RT.01/RW.24, KARANG ASAM, SENDANGTIRTO, BERBAH, SLEMAN REGENCY, SPECIAL REGION OF YOGYAKARTA 55573","ID_PROV":34,"PROVINSI":"DAERAH ISTIMEWA YOGYAKARTA","ID_KABKOT":34.04,"KABKOT":"SLEMAN","ID_KEC":"34.04.08","KECAMATAN":"BERBAH","ID_DESA":"34.04.08.2001","DESA":"SENDANGTIRTO","LONGITUDE":110.4235699,"LATITUDE":-7.8145953,"STATUS":"BUKA","TANGGAL PENGUMPULAN":"Q1 2025","TANGGAL UPDATE":"27/02/2025"}},{"type":"Feature","geometry":{"coordinates":[110.2956932,-7.7467051],"type":"Point"},"properties":{"NAMA":"TOKO SEMBAKO MBAK SUSI","TIPE_1":"PERDAGANGAN DAN RETAIL","TIPE_2":"TOKO KELONTONG","TIPE_3":"-","TELEPON":"","ALAMAT":"KLANGKAPAN I, MARGOLUWIH, SEYEGAN, SLEMAN REGENCY, SPECIAL REGION OF YOGYAKARTA 55561","ID_PROV":34,"PROVINSI":"DAERAH ISTIMEWA YOGYAKARTA","ID_KABKOT":34.04,"KABKOT":"SLEMAN","ID_KEC":"34.04.05","KECAMATAN":"SEYEGAN","ID_DESA":"34.04.05.2001","DESA":"MARGOLUWIH","LONGITUDE":110.2956932,"LATITUDE":-7.7467051,"STATUS":"BUKA","TANGGAL PENGUMPULAN":"Q1 2025","TANGGAL UPDATE":"27/02/2025"}},{"type":"Feature","geometry":{"coordinates":[110.2952148,-7.7433828],"type":"Point"},"properties":{"NAMA":"TOKO KELONTONG MINAH","TIPE_1":"PERDAGANGAN DAN RETAIL","TIPE_2":"TOKO KELONTONG","TIPE_3":"-","TELEPON":"0852-1348-9988","ALAMAT":"KLANGKAPAN, BASAK II, MARGOLUWIH, KEC. SEYEGAN, KABUPATEN SLEMAN, DAERAH ISTIMEWA YOGYAKARTA 55561","ID_PROV":34,"PROVINSI":"DAERAH ISTIMEWA YOGYAKARTA","ID_KABKOT":34.04,"KABKOT":"SLEMAN","ID_KEC":"34.04.05","KECAMATAN":"SEYEGAN","ID_DESA":"34.04.05.2001","DESA":"MARGOLUWIH","LONGITUDE":110.2952148,"LATITUDE":-7.7433828,"STATUS":"BUKA","TANGGAL PENGUMPULAN":"Q1 2025","TANGGAL UPDATE":"27/02/2025"}},{"type":"Feature","geometry":{"coordinates":[110.2935947,-7.7484373],"type":"Point"},"properties":{"NAMA":"WARUNG KELONTONG LILIA","TIPE_1":"PERDAGANGAN DAN RETAIL","TIPE_2":"TOKO KELONTONG","TIPE_3":"-","TELEPON":"","ALAMAT":"KLANGKAPAN, KLANGKAPAN II, MARGOLUWIH, KEC. SEYEGAN, KABUPATEN SLEMAN, DAERAH ISTIMEWA YOGYAKARTA 55561","ID_PROV":34,"PROVINSI":"DAERAH ISTIMEWA YOGYAKARTA","ID_KABKOT":34.04,"KABKOT":"SLEMAN","ID_KEC":"34.04.05","KECAMATAN":"SEYEGAN","ID_DESA":"34.04.05.2001","DESA":"MARGOLUWIH","LONGITUDE":110.2935947,"LATITUDE":-7.7484373,"STATUS":"BUKA","TANGGAL PENGUMPULAN":"Q1 2025","TANGGAL UPDATE":"27/02/2025"}},{"type":"Feature","geometry":{"coordinates":[110.2754975,-7.7389418],"type":"Point"},"properties":{"NAMA":"WARUNG MBAH HARJO SIDAL","TIPE_1":"PERDAGANGAN DAN RETAIL","TIPE_2":"TOKO KELONTONG","TIPE_3":"-","TELEPON":"","ALAMAT":"KLEBEN VII, JERING VI, SIDOREJO, GODEAN, SLEMAN REGENCY, SPECIAL REGION OF YOGYAKARTA 55264","ID_PROV":34,"PROVINSI":"DAERAH ISTIMEWA YOGYAKARTA","ID_KABKOT":34.04,"KABKOT":"SLEMAN","ID_KEC":"34.04.02","KECAMATAN":"GODEAN","ID_DESA":"34.04.02.2001","DESA":"SIDOREJO","LONGITUDE":110.2754975,"LATITUDE":-7.7389418,"STATUS":"BUKA","TANGGAL PENGUMPULAN":"Q1 2025","TANGGAL UPDATE":"27/02/2025"}},{"type":"Feature","geometry":{"coordinates":[110.38349,-7.7662011],"type":"Point"},"properties":{"NAMA":"TOKO KELONTONG PAK SARJONO","TIPE_1":"PERDAGANGAN DAN RETAIL","TIPE_2":"TOKO KELONTONG","TIPE_3":"-","TELEPON":"0823-2407-4447","ALAMAT":"KLEBENGAN, JL. APOKAT NO.12 BLOK G, CATURTUNGGAL, KEC. DEPOK, KABUPATEN SLEMAN, DAERAH ISTIMEWA YOGYAKARTA 55281","ID_PROV":34,"PROVINSI":"DAERAH ISTIMEWA YOGYAKARTA","ID_KABKOT":34.04,"KABKOT":"SLEMAN","ID_KEC":"34.04.07","KECAMATAN":"DEPOK","ID_DESA":"34.04.07.2001","DESA":"CATURTUNGGAL","LONGITUDE":110.38349,"LATITUDE":-7.7662011,"STATUS":"BUKA","TANGGAL PENGUMPULAN":"Q1 2025","TANGGAL UPDATE":"27/02/2025"}},{"type":"Feature","geometry":{"coordinates":[110.4719007,-7.7320843],"type":"Point"},"properties":{"NAMA":"TOKO KELONTONG DAN SEMBAKO SAHABAT","TIPE_1":"PERDAGANGAN DAN RETAIL","TIPE_2":"TOKO KELONTONG","TIPE_3":"-","TELEPON":"","ALAMAT":"KLEDOAN, SELOMARTANI, KEC. KALASAN, YOGYAKARTA, DAERAH ISTIMEWA YOGYAKARTA 55571","ID_PROV":34,"PROVINSI":"DAERAH ISTIMEWA YOGYAKARTA","ID_KABKOT":34.04,"KABKOT":"SLEMAN","ID_KEC":"34.04.10","KECAMATAN":"KALASAN","ID_DESA":"34.04.10.2004","DESA":"SELOMARTANI","LONGITUDE":110.4719007,"LATITUDE":-7.7320843,"STATUS":"BUKA","TANGGAL PENGUMPULAN":"Q1 2025","TANGGAL UPDATE":"27/02/2025"}},{"type":"Feature","geometry":{"coordinates":[110.3673029,-7.6585755],"type":"Point"},"properties":{"NAMA":"NAILA KIDS SHOP","TIPE_1":"PERDAGANGAN DAN RETAIL","TIPE_2":"TOKO KELONTONG","TIPE_3":"-","TELEPON":"","ALAMAT":"KLEGUNG, DONOKERTO, KEC. TURI, KABUPATEN SLEMAN, DAERAH ISTIMEWA YOGYAKARTA 55551","ID_PROV":34,"PROVINSI":"DAERAH ISTIMEWA YOGYAKARTA","ID_KABKOT":34.04,"KABKOT":"SLEMAN","ID_KEC":"34.04.15","KECAMATAN":"TURI","ID_DESA":"34.04.15.2002","DESA":"DONOKERTO","LONGITUDE":110.3673029,"LATITUDE":-7.6585755,"STATUS":"BUKA","TANGGAL PENGUMPULAN":"Q1 2025","TANGGAL UPDATE":"27/02/2025"}},{"type":"Feature","geometry":{"coordinates":[110.3677512,-7.6555016],"type":"Point"},"properties":{"NAMA":"TOKO BIMA","TIPE_1":"PERDAGANGAN DAN RETAIL","TIPE_2":"TOKO KELONTONG","TIPE_3":"-","TELEPON":"","ALAMAT":"KLEGUNG, DONOKERTO, KEC. TURI, KABUPATEN SLEMAN, DAERAH ISTIMEWA YOGYAKARTA 55551","ID_PROV":34,"PROVINSI":"DAERAH ISTIMEWA YOGYAKARTA","ID_KABKOT":34.04,"KABKOT":"SLEMAN","ID_KEC":"34.04.15","KECAMATAN":"TURI","ID_DESA":"34.04.15.2002","DESA":"DONOKERTO","LONGITUDE":110.3677512,"LATITUDE":-7.6555016,"STATUS":"BUKA","TANGGAL PENGUMPULAN":"Q1 2025","TANGGAL UPDATE":"27/02/2025"}},{"type":"Feature","geometry":{"coordinates":[110.2331646,-7.7254228],"type":"Point"},"properties":{"NAMA":"WARUNG SEMBAKO MULYO","TIPE_1":"PERDAGANGAN DAN RETAIL","TIPE_2":"TOKO KELONTONG","TIPE_3":"-","TELEPON":"","ALAMAT":"KLIRAN, SENDANGAGUNG, KEC. MINGGIR, KABUPATEN SLEMAN, DAERAH ISTIMEWA YOGYAKARTA 55562","ID_PROV":34,"PROVINSI":"DAERAH ISTIMEWA YOGYAKARTA","ID_KABKOT":34.04,"KABKOT":"SLEMAN","ID_KEC":"34.04.04","KECAMATAN":"MINGGIR","ID_DESA":"34.04.04.2003","DESA":"SENDANGAGUNG","LONGITUDE":110.2331646,"LATITUDE":-7.7254228,"STATUS":"BUKA","TANGGAL PENGUMPULAN":"Q1 2025","TANGGAL UPDATE":"27/02/2025"}},{"type":"Feature","geometry":{"coordinates":[110.4891429,-7.7578791],"type":"Point"},"properties":{"NAMA":"TOKO KELONTONG RAHMA","TIPE_1":"PERDAGANGAN DAN RETAIL","TIPE_2":"TOKO KELONTONG","TIPE_3":"-","TELEPON":"0896-9491-518","ALAMAT":"KLURAK BARU, 01, RW.04, BOKOHARJO, KEC. PRAMBANAN, KABUPATEN SLEMAN, DAERAH ISTIMEWA YOGYAKARTA 55572","ID_PROV":34,"PROVINSI":"DAERAH ISTIMEWA YOGYAKARTA","ID_KABKOT":34.04,"KABKOT":"SLEMAN","ID_KEC":"34.04.09","KECAMATAN":"PRAMBANAN","ID_DESA":"34.04.09.2006","DESA":"BOKOHARJO","LONGITUDE":110.4891429,"LATITUDE":-7.7578791,"STATUS":"BUKA","TANGGAL PENGUMPULAN":"Q1 2025","TANGGAL UPDATE":"27/02/2025"}},{"type":"Feature","geometry":{"coordinates":[110.4902439,-7.7596713],"type":"Point"},"properties":{"NAMA":"TOKO BU SUYATINAH","TIPE_1":"PERDAGANGAN DAN RETAIL","TIPE_2":"TOKO KELONTONG","TIPE_3":"-","TELEPON":"","ALAMAT":"KLURAK BARU, BOKOHARJO, KEC. PRAMBANAN, KABUPATEN SLEMAN, DAERAH ISTIMEWA YOGYAKARTA 55572","ID_PROV":34,"PROVINSI":"DAERAH ISTIMEWA YOGYAKARTA","ID_KABKOT":34.04,"KABKOT":"SLEMAN","ID_KEC":"34.04.09","KECAMATAN":"PRAMBANAN","ID_DESA":"34.04.09.2006","DESA":"BOKOHARJO","LONGITUDE":110.4902439,"LATITUDE":-7.7596713,"STATUS":"BUKA","TANGGAL PENGUMPULAN":"Q1 2025","TANGGAL UPDATE":"27/02/2025"}},{"type":"Feature","geometry":{"coordinates":[110.2952687,-7.7925633],"type":"Point"},"properties":{"NAMA":"WARUNG SEMBAKO NGINGAS","TIPE_1":"PERDAGANGAN DAN RETAIL","TIPE_2":"TOKO KELONTONG","TIPE_3":"-","TELEPON":"0896-7631-1182","ALAMAT":"KLUWIH, RT.02/RW.10, KLUWIH, BALECATUR, KEC. GAMPING, KABUPATEN SLEMAN, DAERAH ISTIMEWA YOGYAKARTA","ID_PROV":34,"PROVINSI":"DAERAH ISTIMEWA YOGYAKARTA","ID_KABKOT":34.04,"KABKOT":"SLEMAN","ID_KEC":"34.04.01","KECAMATAN":"GAMPING","ID_DESA":"34.04.01.2001","DESA":"BALECATUR","LONGITUDE":110.2952687,"LATITUDE":-7.7925633,"STATUS":"BUKA","TANGGAL PENGUMPULAN":"Q1 2025","TANGGAL UPDATE":"27/02/2025"}},{"type":"Feature","geometry":{"coordinates":[110.44695,-7.6511828],"type":"Point"},"properties":{"NAMA":"SANTI CELL & TOKO KELONTONG","TIPE_1":"PERDAGANGAN DAN RETAIL","TIPE_2":"TOKO KELONTONG","TIPE_3":"-","TELEPON":"","ALAMAT":"KM. 09, JL. CANGKRINGAN, NGAGLIK, NGEMPLAK, WUKIRSARI, KEC. CANGKRINGAN, KABUPATEN SLEMAN, DAERAH ISTIMEWA YOGYAKARTA 55583","ID_PROV":34,"PROVINSI":"DAERAH ISTIMEWA YOGYAKARTA","ID_KABKOT":34.04,"KABKOT":"SLEMAN","ID_KEC":"34.04.17","KECAMATAN":"CANGKRINGAN","ID_DESA":"34.04.17.2002","DESA":"WUKIRSARI","LONGITUDE":110.44695,"LATITUDE":-7.6511828,"STATUS":"BUKA","TANGGAL PENGUMPULAN":"Q1 2025","TANGGAL UPDATE":"27/02/2025"}},{"type":"Feature","geometry":{"coordinates":[110.323247,-7.64605],"type":"Point"},"properties":{"NAMA":"TOKO SEMBAKO MURAH","TIPE_1":"PERDAGANGAN DAN RETAIL","TIPE_2":"TOKO KELONTONG","TIPE_3":"-","TELEPON":"0878-3900-6463","ALAMAT":"KM.18 NGEPOS, JL. MAGELANG, PANGGUNG, LUMBUNGREJO, TEMPEL, SLEMAN REGENCY, SPECIAL REGION OF YOGYAKARTA 55552","ID_PROV":34,"PROVINSI":"DAERAH ISTIMEWA YOGYAKARTA","ID_KABKOT":34.04,"KABKOT":"SLEMAN","ID_KEC":"34.04.14","KECAMATAN":"TEMPEL","ID_DESA":"34.04.14.2007","DESA":"LUMBUNGREJO","LONGITUDE":110.323247,"LATITUDE":-7.64605,"STATUS":"BUKA","TANGGAL PENGUMPULAN":"Q1 2025","TANGGAL UPDATE":"27/02/2025"}},{"type":"Feature","geometry":{"coordinates":[110.3525303,-7.6987051],"type":"Point"},"properties":{"NAMA":"TOKO SATYA","TIPE_1":"PERDAGANGAN DAN RETAIL","TIPE_2":"TOKO KELONTONG","TIPE_3":"-","TELEPON":"","ALAMAT":"KM0,5 WADAS, JL. TURI, WADAS, TRIDADI, KEC. SLEMAN, KABUPATEN SLEMAN, DAERAH ISTIMEWA YOGYAKARTA 55511","ID_PROV":34,"PROVINSI":"DAERAH ISTIMEWA YOGYAKARTA","ID_KABKOT":34.04,"KABKOT":"SLEMAN","ID_KEC":"34.04.13","KECAMATAN":"SLEMAN","ID_DESA":"34.04.13.2003","DESA":"TRIDADI","LONGITUDE":110.3525303,"LATITUDE":-7.6987051,"STATUS":"BUKA","TANGGAL PENGUMPULAN":"Q1 2025","TANGGAL UPDATE":"27/02/2025"}},{"type":"Feature","geometry":{"coordinates":[110.3387053,-7.7794269],"type":"Point"},"properties":{"NAMA":"TOKO SALYA GROSIR ECER","TIPE_1":"PERDAGANGAN DAN RETAIL","TIPE_2":"TOKO KELONTONG","TIPE_3":"-","TELEPON":"0852-8181-4514","ALAMAT":"KOMPLEK PASAR TLAGAREJA, AREA SAWAH, BANYURADEN, GAMPING, SLEMAN REGENCY, SPECIAL REGION OF YOGYAKARTA 55293","ID_PROV":34,"PROVINSI":"DAERAH ISTIMEWA YOGYAKARTA","ID_KABKOT":34.04,"KABKOT":"SLEMAN","ID_KEC":"34.04.01","KECAMATAN":"GAMPING","ID_DESA":"34.04.01.2003","DESA":"BANYURADEN","LONGITUDE":110.3387053,"LATITUDE":-7.7794269,"STATUS":"BUKA","TANGGAL PENGUMPULAN":"Q1 2025","TANGGAL UPDATE":"27/02/2025"}},{"type":"Feature","geometry":{"coordinates":[110.3956185,-7.7573108],"type":"Point"},"properties":{"NAMA":"TOKO SEMBAKO SUMBER REJEKI","TIPE_1":"PERDAGANGAN DAN RETAIL","TIPE_2":"TOKO KELONTONG","TIPE_3":"-","TELEPON":"0858-4167-1014","ALAMAT":"KOMPLEK TERMINAL, JL. ANGGAJAYA 1 JL. AFFANDI, GEJAYAN, CONDONGCATUR, KEC. DEPOK, KABUPATEN SLEMAN, DAERAH ISTIMEWA YOGYAKARTA 55281","ID_PROV":34,"PROVINSI":"DAERAH ISTIMEWA YOGYAKARTA","ID_KABKOT":34.04,"KABKOT":"SLEMAN","ID_KEC":"34.04.07","KECAMATAN":"DEPOK","ID_DESA":"34.04.07.2003","DESA":"CONDONGCATUR","LONGITUDE":110.3956185,"LATITUDE":-7.7573108,"STATUS":"BUKA","TANGGAL PENGUMPULAN":"Q1 2025","TANGGAL UPDATE":"27/02/2025"}},{"type":"Feature","geometry":{"coordinates":[110.4972772,-7.7996831],"type":"Point"},"properties":{"NAMA":"TOKO SEMBAKO SUGINI","TIPE_1":"PERDAGANGAN DAN RETAIL","TIPE_2":"TOKO KELONTONG","TIPE_3":"-","TELEPON":"0815-7809-4580","ALAMAT":"KOPENSARI, RT.04/RW.37, SAWO, MADUREJO, KEC. PRAMBANAN, KABUPATEN SLEMAN, DAERAH ISTIMEWA YOGYAKARTA 55572","ID_PROV":34,"PROVINSI":"DAERAH ISTIMEWA YOGYAKARTA","ID_KABKOT":34.04,"KABKOT":"SLEMAN","ID_KEC":"34.04.09","KECAMATAN":"PRAMBANAN","ID_DESA":"34.04.09.2001","DESA":"SUMBERHARJO","LONGITUDE":110.4972772,"LATITUDE":-7.7996831,"STATUS":"BUKA","TANGGAL PENGUMPULAN":"Q1 2025","TANGGAL UPDATE":"27/02/2025"}},{"type":"Feature","geometry":{"coordinates":[110.4775413,-7.7652148],"type":"Point"},"properties":{"NAMA":"WARUNG BU DALIMAH","TIPE_1":"PERDAGANGAN DAN RETAIL","TIPE_2":"TOKO KELONTONG","TIPE_3":"-","TELEPON":"","ALAMAT":"KOWANG, TAMANMARTANI, KEC. KALASAN, KABUPATEN SLEMAN, DAERAH ISTIMEWA YOGYAKARTA 55571","ID_PROV":34,"PROVINSI":"DAERAH ISTIMEWA YOGYAKARTA","ID_KABKOT":34.04,"KABKOT":"SLEMAN","ID_KEC":"34.04.10","KECAMATAN":"KALASAN","ID_DESA":"34.04.10.2003","DESA":"TAMANMARTANI","LONGITUDE":110.4775413,"LATITUDE":-7.7652148,"STATUS":"BUKA","TANGGAL PENGUMPULAN":"Q1 2025","TANGGAL UPDATE":"27/02/2025"}},{"type":"Feature","geometry":{"coordinates":[110.3564523,-7.7675189],"type":"Point"},"properties":{"NAMA":"WARUNG KELONTONG BU NUNIK)","TIPE_1":"PERDAGANGAN DAN RETAIL","TIPE_2":"TOKO KELONTONG","TIPE_3":"-","TELEPON":"0895-3920-22959","ALAMAT":"KRAGILAN, SINDUADI, KEC. MLATI, KABUPATEN SLEMAN, DAERAH ISTIMEWA YOGYAKARTA 55284","ID_PROV":34,"PROVINSI":"DAERAH ISTIMEWA YOGYAKARTA","ID_KABKOT":34.04,"KABKOT":"SLEMAN","ID_KEC":"34.04.06","KECAMATAN":"MLATI","ID_DESA":"34.04.06.2001","DESA":"SINDUADI","LONGITUDE":110.3564523,"LATITUDE":-7.7675189,"STATUS":"BUKA","TANGGAL PENGUMPULAN":"Q1 2025","TANGGAL UPDATE":"27/02/2025"}},{"type":"Feature","geometry":{"coordinates":[110.4153945,-7.7407923],"type":"Point"},"properties":{"NAMA":"SEMBAKO POJOK JOYO","TIPE_1":"PERDAGANGAN DAN RETAIL","TIPE_2":"TOKO KELONTONG","TIPE_3":"-","TELEPON":"0817-878-822","ALAMAT":"KRAJAN, JL. CANDI GEBANG NO.44, KRAJAN, WEDOMARTANI, KEC. NGEMPLAK, KABUPATEN SLEMAN, DAERAH ISTIMEWA YOGYAKARTA 55584","ID_PROV":34,"PROVINSI":"DAERAH ISTIMEWA YOGYAKARTA","ID_KABKOT":34.04,"KABKOT":"SLEMAN","ID_KEC":"34.04.11","KECAMATAN":"NGEMPLAK","ID_DESA":"34.04.11.2004","DESA":"WEDOMARTANI","LONGITUDE":110.4153945,"LATITUDE":-7.7407923,"STATUS":"BUKA","TANGGAL PENGUMPULAN":"Q1 2025","TANGGAL UPDATE":"27/02/2025"}},{"type":"Feature","geometry":{"coordinates":[110.3227551,-7.7811276],"type":"Point"},"properties":{"NAMA":"TOKO SUNIYATI KERTEN","TIPE_1":"PERDAGANGAN DAN RETAIL","TIPE_2":"TOKO KELONTONG","TIPE_3":"-","TELEPON":"0878-6076-9222","ALAMAT":"KRAMAT, SIDOARUM, KEC. GODEAN, KABUPATEN SLEMAN, DAERAH ISTIMEWA YOGYAKARTA 55264","ID_PROV":34,"PROVINSI":"DAERAH ISTIMEWA YOGYAKARTA","ID_KABKOT":34.04,"KABKOT":"SLEMAN","ID_KEC":"34.04.02","KECAMATAN":"GODEAN","ID_DESA":"34.04.02.2006","DESA":"SIDOARUM","LONGITUDE":110.3227551,"LATITUDE":-7.7811276,"STATUS":"BUKA","TANGGAL PENGUMPULAN":"Q1 2025","TANGGAL UPDATE":"27/02/2025"}},{"type":"Feature","geometry":{"coordinates":[110.3178322,-7.781381],"type":"Point"},"properties":{"NAMA":"WARUNG SEMBAKO ILHAM","TIPE_1":"PERDAGANGAN DAN RETAIL","TIPE_2":"TOKO KELONTONG","TIPE_3":"-","TELEPON":"","ALAMAT":"KRAMAT, SIDOARUM, KEC. GODEAN, KABUPATEN SLEMAN, DAERAH ISTIMEWA YOGYAKARTA 55264","ID_PROV":34,"PROVINSI":"DAERAH ISTIMEWA YOGYAKARTA","ID_KABKOT":34.04,"KABKOT":"SLEMAN","ID_KEC":"34.04.02","KECAMATAN":"GODEAN","ID_DESA":"34.04.02.2006","DESA":"SIDOARUM","LONGITUDE":110.3178322,"LATITUDE":-7.781381,"STATUS":"BUKA","TANGGAL PENGUMPULAN":"Q1 2025","TANGGAL UPDATE":"27/02/2025"}},{"type":"Feature","geometry":{"coordinates":[110.3193307,-7.766113],"type":"Point"},"properties":{"NAMA":"WARUNG AWAN","TIPE_1":"PERDAGANGAN DAN RETAIL","TIPE_2":"TOKO KELONTONG","TIPE_3":"-","TELEPON":"0895-3780-07487","ALAMAT":"KRANDON, SIDOMOYO, KEC. GODEAN, KABUPATEN SLEMAN, DAERAH ISTIMEWA YOGYAKARTA 55264","ID_PROV":34,"PROVINSI":"DAERAH ISTIMEWA YOGYAKARTA","ID_KABKOT":34.04,"KABKOT":"SLEMAN","ID_KEC":"34.04.02","KECAMATAN":"GODEAN","ID_DESA":"34.04.02.2007","DESA":"SIDOMOYO","LONGITUDE":110.3193307,"LATITUDE":-7.766113,"STATUS":"BUKA","TANGGAL PENGUMPULAN":"Q1 2025","TANGGAL UPDATE":"27/02/2025"}},{"type":"Feature","geometry":{"coordinates":[110.3508324,-7.7384506],"type":"Point"},"properties":{"NAMA":"TOKO SUYOTO","TIPE_1":"PERDAGANGAN DAN RETAIL","TIPE_2":"TOKO KELONTONG","TIPE_3":"-","TELEPON":"","ALAMAT":"KRANGGAHAN I, TRIHANGGO, GAMPING, SLEMAN REGENCY, SPECIAL REGION OF YOGYAKARTA 55291","ID_PROV":34,"PROVINSI":"DAERAH ISTIMEWA YOGYAKARTA","ID_KABKOT":34.04,"KABKOT":"SLEMAN","ID_KEC":"34.04.01","KECAMATAN":"GAMPING","ID_DESA":"34.04.01.2005","DESA":"TRIHANGGO","LONGITUDE":110.3508324,"LATITUDE":-7.7384506,"STATUS":"BUKA","TANGGAL PENGUMPULAN":"Q1 2025","TANGGAL UPDATE":"27/02/2025"}},{"type":"Feature","geometry":{"coordinates":[110.3482192,-7.7398198],"type":"Point"},"properties":{"NAMA":"WARUNG KELONTONG PAK MIN","TIPE_1":"PERDAGANGAN DAN RETAIL","TIPE_2":"TOKO KELONTONG","TIPE_3":"-","TELEPON":"0877-1857-2818","ALAMAT":"KRANGGAHAN I, TRIHANGGO, GAMPING, SLEMAN REGENCY, SPECIAL REGION OF YOGYAKARTA 55291","ID_PROV":34,"PROVINSI":"DAERAH ISTIMEWA YOGYAKARTA","ID_KABKOT":34.04,"KABKOT":"SLEMAN","ID_KEC":"34.04.01","KECAMATAN":"GAMPING","ID_DESA":"34.04.01.2005","DESA":"TRIHANGGO","LONGITUDE":110.3482192,"LATITUDE":-7.7398198,"STATUS":"BUKA","TANGGAL PENGUMPULAN":"Q1 2025","TANGGAL UPDATE":"27/02/2025"}},{"type":"Feature","geometry":{"coordinates":[110.3532064,-7.7411657],"type":"Point"},"properties":{"NAMA":"WARUNG SEMBAKO JAYA WIJAYA","TIPE_1":"PERDAGANGAN DAN RETAIL","TIPE_2":"TOKO KELONTONG","TIPE_3":"-","TELEPON":"","ALAMAT":"KRANGGAHAN I, TRIHANGGO, KEC. GAMPING, KABUPATEN SLEMAN, DAERAH ISTIMEWA YOGYAKARTA 55291","ID_PROV":34,"PROVINSI":"DAERAH ISTIMEWA YOGYAKARTA","ID_KABKOT":34.04,"KABKOT":"SLEMAN","ID_KEC":"34.04.01","KECAMATAN":"GAMPING","ID_DESA":"34.04.01.2005","DESA":"TRIHANGGO","LONGITUDE":110.3532064,"LATITUDE":-7.7411657,"STATUS":"BUKA","TANGGAL PENGUMPULAN":"Q1 2025","TANGGAL UPDATE":"27/02/2025"}},{"type":"Feature","geometry":{"coordinates":[110.3063906,-7.7130375],"type":"Point"},"properties":{"NAMA":"TOKOMU KULON PROGO","TIPE_1":"PERDAGANGAN DAN RETAIL","TIPE_2":"TOKO KELONTONG","TIPE_3":"-","TELEPON":"","ALAMAT":"KRAPYAK, MARGOAGUNG, KEC. SEYEGAN, KABUPATEN SLEMAN, DAERAH ISTIMEWA YOGYAKARTA 55561","ID_PROV":34,"PROVINSI":"DAERAH ISTIMEWA YOGYAKARTA","ID_KABKOT":34.04,"KABKOT":"SLEMAN","ID_KEC":"34.04.05","KECAMATAN":"SEYEGAN","ID_DESA":"34.04.05.2005","DESA":"MARGOAGUNG","LONGITUDE":110.3063906,"LATITUDE":-7.7130375,"STATUS":"BUKA","TANGGAL PENGUMPULAN":"Q1 2025","TANGGAL UPDATE":"27/02/2025"}},{"type":"Feature","geometry":{"coordinates":[110.3449698,-7.6972219],"type":"Point"},"properties":{"NAMA":"TOKO POJOK BU TATIK TERBAN","TIPE_1":"PERDAGANGAN DAN RETAIL","TIPE_2":"TOKO KELONTONG","TIPE_3":"-","TELEPON":"","ALAMAT":"KRAPYAK, TRIHARJO, KEC. SLEMAN, KABUPATEN SLEMAN, DAERAH ISTIMEWA YOGYAKARTA 55514","ID_PROV":34,"PROVINSI":"DAERAH ISTIMEWA YOGYAKARTA","ID_KABKOT":34.04,"KABKOT":"SLEMAN","ID_KEC":"34.04.13","KECAMATAN":"SLEMAN","ID_DESA":"34.04.13.2002","DESA":"TRIHARJO","LONGITUDE":110.3449698,"LATITUDE":-7.6972219,"STATUS":"BUKA","TANGGAL PENGUMPULAN":"Q1 2025","TANGGAL UPDATE":"27/02/2025"}},{"type":"Feature","geometry":{"coordinates":[110.4644504,-7.8201151],"type":"Point"},"properties":{"NAMA":"WARUNG KELONTONG PAK MAN","TIPE_1":"PERDAGANGAN DAN RETAIL","TIPE_2":"TOKO KELONTONG","TIPE_3":"-","TELEPON":"","ALAMAT":"KRASAAN, JOGOTIRTO, KEC. BERBAH, KABUPATEN SLEMAN, DAERAH ISTIMEWA YOGYAKARTA","ID_PROV":34,"PROVINSI":"DAERAH ISTIMEWA YOGYAKARTA","ID_KABKOT":34.04,"KABKOT":"SLEMAN","ID_KEC":"34.04.08","KECAMATAN":"BERBAH","ID_DESA":"34.04.08.2004","DESA":"JOGOTIRTO","LONGITUDE":110.4644504,"LATITUDE":-7.8201151,"STATUS":"BUKA","TANGGAL PENGUMPULAN":"Q1 2025","TANGGAL UPDATE":"27/02/2025"}},{"type":"Feature","geometry":{"coordinates":[110.4662002,-7.8222332],"type":"Point"},"properties":{"NAMA":"ANEKA JAJANAN DAN SEMBAKO BU BARNO","TIPE_1":"PERDAGANGAN DAN RETAIL","TIPE_2":"TOKO KELONTONG","TIPE_3":"-","TELEPON":"","ALAMAT":"KRASAAN, JOGOTIRTO, KEC. BERBAH, KABUPATEN SLEMAN, DAERAH ISTIMEWA YOGYAKARTA 55573","ID_PROV":34,"PROVINSI":"DAERAH ISTIMEWA YOGYAKARTA","ID_KABKOT":34.04,"KABKOT":"SLEMAN","ID_KEC":"34.04.08","KECAMATAN":"BERBAH","ID_DESA":"34.04.08.2004","DESA":"JOGOTIRTO","LONGITUDE":110.4662002,"LATITUDE":-7.8222332,"STATUS":"BUKA","TANGGAL PENGUMPULAN":"Q1 2025","TANGGAL UPDATE":"27/02/2025"}},{"type":"Feature","geometry":{"coordinates":[110.4802544,-7.7182006],"type":"Point"},"properties":{"NAMA":"WARUNG SEMBAKO MURAH JAYA","TIPE_1":"PERDAGANGAN DAN RETAIL","TIPE_2":"TOKO KELONTONG","TIPE_3":"-","TELEPON":"0838-7154-9661","ALAMAT":"KREBET, RT.01/RW.01, NGELOS, BIMOMARTANI, KEC. NGEMPLAK, KABUPATEN SLEMAN, DAERAH ISTIMEWA YOGYAKARTA 55584","ID_PROV":34,"PROVINSI":"DAERAH ISTIMEWA YOGYAKARTA","ID_KABKOT":34.04,"KABKOT":"SLEMAN","ID_KEC":"34.04.11","KECAMATAN":"NGEMPLAK","ID_DESA":"34.04.11.2002","DESA":"BIMOMARTANI","LONGITUDE":110.4802544,"LATITUDE":-7.7182006,"STATUS":"BUKA","TANGGAL PENGUMPULAN":"Q1 2025","TANGGAL UPDATE":"27/02/2025"}},{"type":"Feature","geometry":{"coordinates":[110.425673,-7.671331],"type":"Point"},"properties":{"NAMA":"WARUNG SEMBAKO DANANG","TIPE_1":"PERDAGANGAN DAN RETAIL","TIPE_2":"TOKO KELONTONG","TIPE_3":"-","TELEPON":"0821-3429-1231","ALAMAT":"KREGAN, PAKEMBINANGUN, KEC. PAKEM, KABUPATEN SLEMAN, DAERAH ISTIMEWA YOGYAKARTA","ID_PROV":34,"PROVINSI":"DAERAH ISTIMEWA YOGYAKARTA","ID_KABKOT":34.04,"KABKOT":"SLEMAN","ID_KEC":"34.04.16","KECAMATAN":"PAKEM","ID_DESA":"34.04.16.2004","DESA":"PAKEMBINANGUN","LONGITUDE":110.425673,"LATITUDE":-7.671331,"STATUS":"BUKA","TANGGAL PENGUMPULAN":"Q1 2025","TANGGAL UPDATE":"27/02/2025"}},{"type":"Feature","geometry":{"coordinates":[110.3087259,-7.7213896],"type":"Point"},"properties":{"NAMA":"TOKO NUGROHO","TIPE_1":"PERDAGANGAN DAN RETAIL","TIPE_2":"TOKO KELONTONG","TIPE_3":"-","TELEPON":"0896-7292-5530","ALAMAT":"KREGOLAN, MARGOMULYO, KEC. SEYEGAN, KABUPATEN SLEMAN, DAERAH ISTIMEWA YOGYAKARTA 55561","ID_PROV":34,"PROVINSI":"DAERAH ISTIMEWA YOGYAKARTA","ID_KABKOT":34.04,"KABKOT":"SLEMAN","ID_KEC":"34.04.05","KECAMATAN":"SEYEGAN","ID_DESA":"34.04.05.2004","DESA":"MARGOMULYO","LONGITUDE":110.3087259,"LATITUDE":-7.7213896,"STATUS":"BUKA","TANGGAL PENGUMPULAN":"Q1 2025","TANGGAL UPDATE":"27/02/2025"}},{"type":"Feature","geometry":{"coordinates":[110.3085548,-7.7191023],"type":"Point"},"properties":{"NAMA":"TOKO OKSYA","TIPE_1":"PERDAGANGAN DAN RETAIL","TIPE_2":"TOKO KELONTONG","TIPE_3":"-","TELEPON":"","ALAMAT":"KREGOLAN, MARGOMULYO, SEYEGAN, SLEMAN REGENCY, SPECIAL REGION OF YOGYAKARTA 55561","ID_PROV":34,"PROVINSI":"DAERAH ISTIMEWA YOGYAKARTA","ID_KABKOT":34.04,"KABKOT":"SLEMAN","ID_KEC":"34.04.05","KECAMATAN":"SEYEGAN","ID_DESA":"34.04.05.2004","DESA":"MARGOMULYO","LONGITUDE":110.3085548,"LATITUDE":-7.7191023,"STATUS":"BUKA","TANGGAL PENGUMPULAN":"Q1 2025","TANGGAL UPDATE":"27/02/2025"}},{"type":"Feature","geometry":{"coordinates":[110.3258083,-7.6454217],"type":"Point"},"properties":{"NAMA":"WARUNG PAK JONO","TIPE_1":"PERDAGANGAN DAN RETAIL","TIPE_2":"TOKO KELONTONG","TIPE_3":"-","TELEPON":"","ALAMAT":"KROMODANGSAN, LUMBUNGREJO, TEMPEL, SLEMAN REGENCY, SPECIAL REGION OF YOGYAKARTA","ID_PROV":34,"PROVINSI":"DAERAH ISTIMEWA YOGYAKARTA","ID_KABKOT":34.04,"KABKOT":"SLEMAN","ID_KEC":"34.04.14","KECAMATAN":"TEMPEL","ID_DESA":"34.04.14.2007","DESA":"LUMBUNGREJO","LONGITUDE":110.3258083,"LATITUDE":-7.6454217,"STATUS":"BUKA","TANGGAL PENGUMPULAN":"Q1 2025","TANGGAL UPDATE":"27/02/2025"}},{"type":"Feature","geometry":{"coordinates":[110.3309088,-7.7196636],"type":"Point"},"properties":{"NAMA":"TOKO KELONTONG DHEKA (ECER&GROSIR)","TIPE_1":"PERDAGANGAN DAN RETAIL","TIPE_2":"TOKO KELONTONG","TIPE_3":"-","TELEPON":"","ALAMAT":"KULES,, SAYIDAN, SUMBERADI, KEC. MLATI, KABUPATEN SLEMAN, DAERAH ISTIMEWA YOGYAKARTA 55288","ID_PROV":34,"PROVINSI":"DAERAH ISTIMEWA YOGYAKARTA","ID_KABKOT":34.04,"KABKOT":"SLEMAN","ID_KEC":"34.04.06","KECAMATAN":"MLATI","ID_DESA":"34.04.06.2005","DESA":"SUMBERADI","LONGITUDE":110.3309088,"LATITUDE":-7.7196636,"STATUS":"BUKA","TANGGAL PENGUMPULAN":"Q1 2025","TANGGAL UPDATE":"27/02/2025"}},{"type":"Feature","geometry":{"coordinates":[110.2876858,-7.7372833],"type":"Point"},"properties":{"NAMA":"POM MINI TIRTO DAN WARUNG KELONTONG BU PD KEMILAH","TIPE_1":"PERDAGANGAN DAN RETAIL","TIPE_2":"TOKO KELONTONG","TIPE_3":"-","TELEPON":"0895-2510-1518","ALAMAT":"KURAHAN 3 (RT 01/RW 05, KURAHAN KIDUL, MARGODADI, KEC. SEYEGAN, KABUPATEN SLEMAN, DAERAH ISTIMEWA YOGYAKARTA 55561","ID_PROV":34,"PROVINSI":"DAERAH ISTIMEWA YOGYAKARTA","ID_KABKOT":34.04,"KABKOT":"SLEMAN","ID_KEC":"34.04.05","KECAMATAN":"SEYEGAN","ID_DESA":"34.04.05.2002","DESA":"MARGODADI","LONGITUDE":110.2876858,"LATITUDE":-7.7372833,"STATUS":"BUKA","TANGGAL PENGUMPULAN":"Q1 2025","TANGGAL UPDATE":"27/02/2025"}},{"type":"Feature","geometry":{"coordinates":[110.2898474,-7.7365704],"type":"Point"},"properties":{"NAMA":"WARUNG PAK AL BERTUS BORO","TIPE_1":"PERDAGANGAN DAN RETAIL","TIPE_2":"TOKO KELONTONG","TIPE_3":"-","TELEPON":"0817-0422-441","ALAMAT":"KURAHAN III NO.03/06, KURAHAN KIDUL, MARGODADI, KEC. SEYEGAN, KABUPATEN SLEMAN, DAERAH ISTIMEWA YOGYAKARTA 55562","ID_PROV":34,"PROVINSI":"DAERAH ISTIMEWA YOGYAKARTA","ID_KABKOT":34.04,"KABKOT":"SLEMAN","ID_KEC":"34.04.05","KECAMATAN":"SEYEGAN","ID_DESA":"34.04.05.2002","DESA":"MARGODADI","LONGITUDE":110.2898474,"LATITUDE":-7.7365704,"STATUS":"BUKA","TANGGAL PENGUMPULAN":"Q1 2025","TANGGAL UPDATE":"27/02/2025"}},{"type":"Feature","geometry":{"coordinates":[110.3697559,-7.7687468],"type":"Point"},"properties":{"NAMA":"TOKO KELONTONG YUMUL","TIPE_1":"PERDAGANGAN DAN RETAIL","TIPE_2":"TOKO KELONTONG","TIPE_3":"-","TELEPON":"","ALAMAT":"KUTU DUKUH, SINDUADI, KEC. MLATI, YOGYAKARTA, DAERAH ISTIMEWA YOGYAKARTA 55284","ID_PROV":34,"PROVINSI":"DAERAH ISTIMEWA YOGYAKARTA","ID_KABKOT":34.04,"KABKOT":"SLEMAN","ID_KEC":"34.04.06","KECAMATAN":"MLATI","ID_DESA":"34.04.06.2001","DESA":"SINDUADI","LONGITUDE":110.3697559,"LATITUDE":-7.7687468,"STATUS":"BUKA","TANGGAL PENGUMPULAN":"Q1 2025","TANGGAL UPDATE":"27/02/2025"}},{"type":"Feature","geometry":{"coordinates":[110.4490583,-7.6636791],"type":"Point"},"properties":{"NAMA":"TOKO SEMBAKO CAHAYA PESAN JAYA 2","TIPE_1":"PERDAGANGAN DAN RETAIL","TIPE_2":"TOKO KELONTONG","TIPE_3":"-","TELEPON":"0858-6896-8796","ALAMAT":"KUWANG, ARGOMULYO, CANGKRINGAN, SLEMAN REGENCY, SPECIAL REGION OF YOGYAKARTA 55583","ID_PROV":34,"PROVINSI":"DAERAH ISTIMEWA YOGYAKARTA","ID_KABKOT":34.04,"KABKOT":"SLEMAN","ID_KEC":"34.04.17","KECAMATAN":"CANGKRINGAN","ID_DESA":"34.04.17.2001","DESA":"ARGOMULYO","LONGITUDE":110.4490583,"LATITUDE":-7.6636791,"STATUS":"BUKA","TANGGAL PENGUMPULAN":"Q1 2025","TANGGAL UPDATE":"27/02/2025"}},{"type":"Feature","geometry":{"coordinates":[110.2401709,-7.7378166],"type":"Point"},"properties":{"NAMA":"WARUNG MAMATA","TIPE_1":"PERDAGANGAN DAN RETAIL","TIPE_2":"TOKO KELONTONG","TIPE_3":"-","TELEPON":"0852-2639-9385","ALAMAT":"KWAYUHAN, RT.002/RW.027, KWAYUHAN, SENDANGMULYO, KEC. MINGGIR, KABUPATEN SLEMAN, DAERAH ISTIMEWA YOGYAKARTA 55562","ID_PROV":34,"PROVINSI":"DAERAH ISTIMEWA YOGYAKARTA","ID_KABKOT":34.04,"KABKOT":"SLEMAN","ID_KEC":"34.04.04","KECAMATAN":"MINGGIR","ID_DESA":"34.04.04.2002","DESA":"SENDANGMULYO","LONGITUDE":110.2401709,"LATITUDE":-7.7378166,"STATUS":"BUKA","TANGGAL PENGUMPULAN":"Q1 2025","TANGGAL UPDATE":"27/02/2025"}},{"type":"Feature","geometry":{"coordinates":[110.3858678,-7.7231736],"type":"Point"},"properties":{"NAMA":"VIOLA KELONTONG","TIPE_1":"PERDAGANGAN DAN RETAIL","TIPE_2":"TOKO KELONTONG","TIPE_3":"-","TELEPON":"","ALAMAT":"LOJAJAR, SINDUHARJO, KEC. NGAGLIK, KABUPATEN SLEMAN, DAERAH ISTIMEWA YOGYAKARTA 55581","ID_PROV":34,"PROVINSI":"DAERAH ISTIMEWA YOGYAKARTA","ID_KABKOT":34.04,"KABKOT":"SLEMAN","ID_KEC":"34.04.12","KECAMATAN":"NGAGLIK","ID_DESA":"34.04.12.2003","DESA":"SINDUHARJO","LONGITUDE":110.3858678,"LATITUDE":-7.7231736,"STATUS":"BUKA","TANGGAL PENGUMPULAN":"Q1 2025","TANGGAL UPDATE":"27/02/2025"}},{"type":"Feature","geometry":{"coordinates":[110.4890678,-7.7837173],"type":"Point"},"properties":{"NAMA":"TOKO NINGRUM","TIPE_1":"PERDAGANGAN DAN RETAIL","TIPE_2":"TOKO KELONTONG","TIPE_3":"-","TELEPON":"","ALAMAT":"MAJASEM, BOKOHARJO, KEC. PRAMBANAN, KABUPATEN SLEMAN, DAERAH ISTIMEWA YOGYAKARTA 55572","ID_PROV":34,"PROVINSI":"DAERAH ISTIMEWA YOGYAKARTA","ID_KABKOT":34.04,"KABKOT":"SLEMAN","ID_KEC":"34.04.09","KECAMATAN":"PRAMBANAN","ID_DESA":"34.04.09.2006","DESA":"BOKOHARJO","LONGITUDE":110.4890678,"LATITUDE":-7.7837173,"STATUS":"BUKA","TANGGAL PENGUMPULAN":"Q1 2025","TANGGAL UPDATE":"27/02/2025"}},{"type":"Feature","geometry":{"coordinates":[110.4883545,-7.783739],"type":"Point"},"properties":{"NAMA":"TOKO SEMBAKO MANDIRI VRINA","TIPE_1":"PERDAGANGAN DAN RETAIL","TIPE_2":"TOKO KELONTONG","TIPE_3":"-","TELEPON":"0813-1987-7665","ALAMAT":"MAJASEM, BOKOHARJO, KEC. PRAMBANAN, KABUPATEN SLEMAN, DAERAH ISTIMEWA YOGYAKARTA 55572","ID_PROV":34,"PROVINSI":"DAERAH ISTIMEWA YOGYAKARTA","ID_KABKOT":34.04,"KABKOT":"SLEMAN","ID_KEC":"34.04.09","KECAMATAN":"PRAMBANAN","ID_DESA":"34.04.09.2005","DESA":"MADUREJO","LONGITUDE":110.4883545,"LATITUDE":-7.783739,"STATUS":"BUKA","TANGGAL PENGUMPULAN":"Q1 2025","TANGGAL UPDATE":"27/02/2025"}},{"type":"Feature","geometry":{"coordinates":[110.370146,-7.6928894],"type":"Point"},"properties":{"NAMA":"WARUNG SEMBAKO EHAS","TIPE_1":"PERDAGANGAN DAN RETAIL","TIPE_2":"TOKO KELONTONG","TIPE_3":"-","TELEPON":"0853-2878-8727","ALAMAT":"MAJEGAN, PANDOWOHARJO, KEC. SLEMAN, KABUPATEN SLEMAN, DAERAH ISTIMEWA YOGYAKARTA 55512","ID_PROV":34,"PROVINSI":"DAERAH ISTIMEWA YOGYAKARTA","ID_KABKOT":34.04,"KABKOT":"SLEMAN","ID_KEC":"34.04.13","KECAMATAN":"SLEMAN","ID_DESA":"34.04.13.2004","DESA":"PANDOWOHARJO","LONGITUDE":110.370146,"LATITUDE":-7.6928894,"STATUS":"BUKA","TANGGAL PENGUMPULAN":"Q1 2025","TANGGAL UPDATE":"27/02/2025"}},{"type":"Feature","geometry":{"coordinates":[110.4877359,-7.7839722],"type":"Point"},"properties":{"NAMA":"TOKO KELONTONG PAK KARYANA","TIPE_1":"PERDAGANGAN DAN RETAIL","TIPE_2":"TOKO KELONTONG","TIPE_3":"-","TELEPON":"","ALAMAT":"MAJESEM, MADUREJO, KEC. PRAMBANAN, KABUPATEN SLEMAN, DAERAH ISTIMEWA YOGYAKARTA 55572","ID_PROV":34,"PROVINSI":"DAERAH ISTIMEWA YOGYAKARTA","ID_KABKOT":34.04,"KABKOT":"SLEMAN","ID_KEC":"34.04.09","KECAMATAN":"PRAMBANAN","ID_DESA":"34.04.09.2005","DESA":"MADUREJO","LONGITUDE":110.4877359,"LATITUDE":-7.7839722,"STATUS":"BUKA","TANGGAL PENGUMPULAN":"Q1 2025","TANGGAL UPDATE":"27/02/2025"}},{"type":"Feature","geometry":{"coordinates":[110.4827622,-7.7839183],"type":"Point"},"properties":{"NAMA":"WARUNG SEMBAKO DANI TRIWIYANTI","TIPE_1":"PERDAGANGAN DAN RETAIL","TIPE_2":"TOKO KELONTONG","TIPE_3":"-","TELEPON":"0882-2532-0577","ALAMAT":"MAJESEM, MADUREJO, KEC. PRAMBANAN, KABUPATEN SLEMAN, DAERAH ISTIMEWA YOGYAKARTA 55572","ID_PROV":34,"PROVINSI":"DAERAH ISTIMEWA YOGYAKARTA","ID_KABKOT":34.04,"KABKOT":"SLEMAN","ID_KEC":"34.04.09","KECAMATAN":"PRAMBANAN","ID_DESA":"34.04.09.2005","DESA":"MADUREJO","LONGITUDE":110.4827622,"LATITUDE":-7.7839183,"STATUS":"BUKA","TANGGAL PENGUMPULAN":"Q1 2025","TANGGAL UPDATE":"27/02/2025"}},{"type":"Feature","geometry":{"coordinates":[110.2513897,-7.762317],"type":"Point"},"properties":{"NAMA":"TOKO ANI KELONTONG","TIPE_1":"PERDAGANGAN DAN RETAIL","TIPE_2":"TOKO KELONTONG","TIPE_3":"-","TELEPON":"","ALAMAT":"MALANGAN, SUMBERAGUNG, KEC. MOYUDAN, KABUPATEN SLEMAN, DAERAH ISTIMEWA YOGYAKARTA 55563","ID_PROV":34,"PROVINSI":"DAERAH ISTIMEWA YOGYAKARTA","ID_KABKOT":34.04,"KABKOT":"SLEMAN","ID_KEC":"34.04.03","KECAMATAN":"MOYUDAN","ID_DESA":"34.04.03.2003","DESA":"SUMBERAGUNG","LONGITUDE":110.2513897,"LATITUDE":-7.762317,"STATUS":"BUKA","TANGGAL PENGUMPULAN":"Q1 2025","TANGGAL UPDATE":"27/02/2025"}},{"type":"Feature","geometry":{"coordinates":[110.4238056,-7.7437729],"type":"Point"},"properties":{"NAMA":"TOKO PURNOMO","TIPE_1":"PERDAGANGAN DAN RETAIL","TIPE_2":"TOKO KELONTONG","TIPE_3":"-","TELEPON":"0852-2799-1500","ALAMAT":"MALANGREJO, WEDOMARTANI, KEC. NGEMPLAK, KABUPATEN SLEMAN, DAERAH ISTIMEWA YOGYAKARTA 55584","ID_PROV":34,"PROVINSI":"DAERAH ISTIMEWA YOGYAKARTA","ID_KABKOT":34.04,"KABKOT":"SLEMAN","ID_KEC":"34.04.11","KECAMATAN":"NGEMPLAK","ID_DESA":"34.04.11.2004","DESA":"WEDOMARTANI","LONGITUDE":110.4238056,"LATITUDE":-7.7437729,"STATUS":"BUKA","TANGGAL PENGUMPULAN":"Q1 2025","TANGGAL UPDATE":"27/02/2025"}},{"type":"Feature","geometry":{"coordinates":[110.4142675,-7.7604793],"type":"Point"},"properties":{"NAMA":"WARUNG INPO 1599","TIPE_1":"PERDAGANGAN DAN RETAIL","TIPE_2":"TOKO KELONTONG","TIPE_3":"-","TELEPON":"","ALAMAT":"MANCASAN KIDUL RT5 RW16, NO137, NGRINGIN, CONDONGCATUR, KEC. DEPOK, KABUPATEN SLEMAN, DAERAH ISTIMEWA YOGYAKARTA 55283","ID_PROV":34,"PROVINSI":"DAERAH ISTIMEWA YOGYAKARTA","ID_KABKOT":34.04,"KABKOT":"SLEMAN","ID_KEC":"34.04.07","KECAMATAN":"DEPOK","ID_DESA":"34.04.07.2003","DESA":"CONDONGCATUR","LONGITUDE":110.4142675,"LATITUDE":-7.7604793,"STATUS":"BUKA","TANGGAL PENGUMPULAN":"Q1 2025","TANGGAL UPDATE":"27/02/2025"}},{"type":"Feature","geometry":{"coordinates":[110.3100906,-7.7578034],"type":"Point"},"properties":{"NAMA":"MAMPIR MART","TIPE_1":"PERDAGANGAN DAN RETAIL","TIPE_2":"TOKO KELONTONG","TIPE_3":"-","TELEPON":"","ALAMAT":"MANDUNGAN I, MARGOLUWIH, KEC. SEYEGAN, KABUPATEN SLEMAN, DAERAH ISTIMEWA YOGYAKARTA 55561","ID_PROV":34,"PROVINSI":"DAERAH ISTIMEWA YOGYAKARTA","ID_KABKOT":34.04,"KABKOT":"SLEMAN","ID_KEC":"34.04.05","KECAMATAN":"SEYEGAN","ID_DESA":"34.04.05.2001","DESA":"MARGOLUWIH","LONGITUDE":110.3100906,"LATITUDE":-7.7578034,"STATUS":"BUKA","TANGGAL PENGUMPULAN":"Q1 2025","TANGGAL UPDATE":"27/02/2025"}},{"type":"Feature","geometry":{"coordinates":[110.3096835,-7.757076],"type":"Point"},"properties":{"NAMA":"RANIZ SEMBAKO","TIPE_1":"PERDAGANGAN DAN RETAIL","TIPE_2":"TOKO KELONTONG","TIPE_3":"-","TELEPON":"0878-7986-0967","ALAMAT":"MANDUNGAN I, MARGOLUWIH, KEC. SEYEGAN, KABUPATEN SLEMAN, DAERAH ISTIMEWA YOGYAKARTA 55561","ID_PROV":34,"PROVINSI":"DAERAH ISTIMEWA YOGYAKARTA","ID_KABKOT":34.04,"KABKOT":"SLEMAN","ID_KEC":"34.04.05","KECAMATAN":"SEYEGAN","ID_DESA":"34.04.05.2001","DESA":"MARGOLUWIH","LONGITUDE":110.3096835,"LATITUDE":-7.757076,"STATUS":"BUKA","TANGGAL PENGUMPULAN":"Q1 2025","TANGGAL UPDATE":"27/02/2025"}},{"type":"Feature","geometry":{"coordinates":[110.312396,-7.7596161],"type":"Point"},"properties":{"NAMA":"WARUNG KELONTONG BU KHOMARIAH","TIPE_1":"PERDAGANGAN DAN RETAIL","TIPE_2":"TOKO KELONTONG","TIPE_3":"-","TELEPON":"0819-9990-0566","ALAMAT":"MANDUNGAN I, MARGOLUWIH, KEC. SEYEGAN, KABUPATEN SLEMAN, DAERAH ISTIMEWA YOGYAKARTA 55561","ID_PROV":34,"PROVINSI":"DAERAH ISTIMEWA YOGYAKARTA","ID_KABKOT":34.04,"KABKOT":"SLEMAN","ID_KEC":"34.04.05","KECAMATAN":"SEYEGAN","ID_DESA":"34.04.05.2001","DESA":"MARGOLUWIH","LONGITUDE":110.312396,"LATITUDE":-7.7596161,"STATUS":"BUKA","TANGGAL PENGUMPULAN":"Q1 2025","TANGGAL UPDATE":"27/02/2025"}},{"type":"Feature","geometry":{"coordinates":[110.3351323,-7.6568694],"type":"Point"},"properties":{"NAMA":"TOKO SARANA ASIH","TIPE_1":"PERDAGANGAN DAN RETAIL","TIPE_2":"TOKO KELONTONG","TIPE_3":"-","TELEPON":"0878-3992-2500","ALAMAT":"MANGKUDRANAN, MARGOREJO, KEC. TEMPEL, KABUPATEN SLEMAN, DAERAH ISTIMEWA YOGYAKARTA 55552","ID_PROV":34,"PROVINSI":"DAERAH ISTIMEWA YOGYAKARTA","ID_KABKOT":34.04,"KABKOT":"SLEMAN","ID_KEC":"34.04.14","KECAMATAN":"TEMPEL","ID_DESA":"34.04.14.2006","DESA":"MARGOREJO","LONGITUDE":110.3351323,"LATITUDE":-7.6568694,"STATUS":"BUKA","TANGGAL PENGUMPULAN":"Q1 2025","TANGGAL UPDATE":"27/02/2025"}},{"type":"Feature","geometry":{"coordinates":[110.3210352,-7.7216226],"type":"Point"},"properties":{"NAMA":"WARUNG BU HAR","TIPE_1":"PERDAGANGAN DAN RETAIL","TIPE_2":"TOKO KELONTONG","TIPE_3":"-","TELEPON":"0821-3630-6749","ALAMAT":"MANGSEL 07/18 MARGOMULYO SEYEGAN, NYANGKRINGAN, MARGOMULYO, KEC. SLEMAN, KABUPATEN SLEMAN, DAERAH ISTIMEWA YOGYAKARTA 55561","ID_PROV":34,"PROVINSI":"DAERAH ISTIMEWA YOGYAKARTA","ID_KABKOT":34.04,"KABKOT":"SLEMAN","ID_KEC":"34.04.05","KECAMATAN":"SEYEGAN","ID_DESA":"34.04.05.2004","DESA":"MARGOMULYO","LONGITUDE":110.3210352,"LATITUDE":-7.7216226,"STATUS":"BUKA","TANGGAL PENGUMPULAN":"Q1 2025","TANGGAL UPDATE":"27/02/2025"}},{"type":"Feature","geometry":{"coordinates":[110.3189056,-7.6967714],"type":"Point"},"properties":{"NAMA":"TOKO WIBAWA","TIPE_1":"PERDAGANGAN DAN RETAIL","TIPE_2":"TOKO KELONTONG","TIPE_3":"-","TELEPON":"","ALAMAT":"MANGUNAN, CATURHARJO, KEC. SLEMAN, KABUPATEN SLEMAN, DAERAH ISTIMEWA YOGYAKARTA 55515","ID_PROV":34,"PROVINSI":"DAERAH ISTIMEWA YOGYAKARTA","ID_KABKOT":34.04,"KABKOT":"SLEMAN","ID_KEC":"34.04.13","KECAMATAN":"SLEMAN","ID_DESA":"34.04.13.2001","DESA":"CATURHARJO","LONGITUDE":110.3189056,"LATITUDE":-7.6967714,"STATUS":"BUKA","TANGGAL PENGUMPULAN":"Q1 2025","TANGGAL UPDATE":"27/02/2025"}},{"type":"Feature","geometry":{"coordinates":[110.4543924,-7.780714],"type":"Point"},"properties":{"NAMA":"TOKO BU IS","TIPE_1":"PERDAGANGAN DAN RETAIL","TIPE_2":"TOKO KELONTONG","TIPE_3":"-","TELEPON":"0812-2890-4672","ALAMAT":"MANGUNAN, KALITIRTO, KEC. BERBAH, KABUPATEN SLEMAN, DAERAH ISTIMEWA YOGYAKARTA 55573","ID_PROV":34,"PROVINSI":"DAERAH ISTIMEWA YOGYAKARTA","ID_KABKOT":34.04,"KABKOT":"SLEMAN","ID_KEC":"34.04.08","KECAMATAN":"BERBAH","ID_DESA":"34.04.08.2003","DESA":"KALITIRTO","LONGITUDE":110.4543924,"LATITUDE":-7.780714,"STATUS":"BUKA","TANGGAL PENGUMPULAN":"Q1 2025","TANGGAL UPDATE":"27/02/2025"}},{"type":"Feature","geometry":{"coordinates":[110.4892055,-7.7821006],"type":"Point"},"properties":{"NAMA":"TOKO SEMBAKO MURAH BAROKAH & ZOELOVE FASHION","TIPE_1":"PERDAGANGAN DAN RETAIL","TIPE_2":"TOKO KELONTONG","TIPE_3":"-","TELEPON":"0852-9222-9290","ALAMAT":"MARANGAN, BOKOHARJO, KEC. PRAMBANAN, KABUPATEN SLEMAN, DAERAH ISTIMEWA YOGYAKARTA 55572","ID_PROV":34,"PROVINSI":"DAERAH ISTIMEWA YOGYAKARTA","ID_KABKOT":34.04,"KABKOT":"SLEMAN","ID_KEC":"34.04.09","KECAMATAN":"PRAMBANAN","ID_DESA":"34.04.09.2006","DESA":"BOKOHARJO","LONGITUDE":110.4892055,"LATITUDE":-7.7821006,"STATUS":"BUKA","TANGGAL PENGUMPULAN":"Q1 2025","TANGGAL UPDATE":"27/02/2025"}},{"type":"Feature","geometry":{"coordinates":[110.4424094,-7.6985838],"type":"Point"},"properties":{"NAMA":"MUTHIA SAFA CELL","TIPE_1":"PERDAGANGAN DAN RETAIL","TIPE_2":"TOKO KELONTONG","TIPE_3":"-","TELEPON":"","ALAMAT":"MEDELAN / NGENTAN, UMBULMARTANI, KEC. NGEMPLAK, KABUPATEN SLEMAN, DAERAH ISTIMEWA YOGYAKARTA 55584","ID_PROV":34,"PROVINSI":"DAERAH ISTIMEWA YOGYAKARTA","ID_KABKOT":34.04,"KABKOT":"SLEMAN","ID_KEC":"34.04.11","KECAMATAN":"NGEMPLAK","ID_DESA":"34.04.11.2005","DESA":"UMBULMARTANI","LONGITUDE":110.4424094,"LATITUDE":-7.6985838,"STATUS":"BUKA","TANGGAL PENGUMPULAN":"Q1 2025","TANGGAL UPDATE":"27/02/2025"}},{"type":"Feature","geometry":{"coordinates":[110.3201914,-7.7906871],"type":"Point"},"properties":{"NAMA":"WARUNG KELONTONG BELLA","TIPE_1":"PERDAGANGAN DAN RETAIL","TIPE_2":"TOKO KELONTONG","TIPE_3":"-","TELEPON":"","ALAMAT":"MEJING KIDUL, AMBARKETAWANG, KEC. GAMPING, JOGJA, DAERAH ISTIMEWA YOGYAKARTA 55294","ID_PROV":34,"PROVINSI":"DAERAH ISTIMEWA YOGYAKARTA","ID_KABKOT":34.04,"KABKOT":"SLEMAN","ID_KEC":"34.04.01","KECAMATAN":"GAMPING","ID_DESA":"34.04.01.2002","DESA":"AMBARKETAWANG","LONGITUDE":110.3201914,"LATITUDE":-7.7906871,"STATUS":"BUKA","TANGGAL PENGUMPULAN":"Q1 2025","TANGGAL UPDATE":"27/02/2025"}},{"type":"Feature","geometry":{"coordinates":[110.432469,-7.8041651],"type":"Point"},"properties":{"NAMA":"TOKO BU SRI TANGGUNG","TIPE_1":"PERDAGANGAN DAN RETAIL","TIPE_2":"TOKO KELONTONG","TIPE_3":"-","TELEPON":"0815-8463-9096","ALAMAT":"MEREDEN, SENDANGTIRTO, KEC. BERBAH, KABUPATEN SLEMAN, DAERAH ISTIMEWA YOGYAKARTA 55573","ID_PROV":34,"PROVINSI":"DAERAH ISTIMEWA YOGYAKARTA","ID_KABKOT":34.04,"KABKOT":"SLEMAN","ID_KEC":"34.04.08","KECAMATAN":"BERBAH","ID_DESA":"34.04.08.2001","DESA":"SENDANGTIRTO","LONGITUDE":110.432469,"LATITUDE":-7.8041651,"STATUS":"BUKA","TANGGAL PENGUMPULAN":"Q1 2025","TANGGAL UPDATE":"27/02/2025"}},{"type":"Feature","geometry":{"coordinates":[110.4341282,-7.8044143],"type":"Point"},"properties":{"NAMA":"TOKO KELONTONG GITA DERSONO","TIPE_1":"PERDAGANGAN DAN RETAIL","TIPE_2":"TOKO KELONTONG","TIPE_3":"-","TELEPON":"","ALAMAT":"MEREDEN, SENDANGTIRTO, KEC. BERBAH, KABUPATEN SLEMAN, DAERAH ISTIMEWA YOGYAKARTA 55573","ID_PROV":34,"PROVINSI":"DAERAH ISTIMEWA YOGYAKARTA","ID_KABKOT":34.04,"KABKOT":"SLEMAN","ID_KEC":"34.04.08","KECAMATAN":"BERBAH","ID_DESA":"34.04.08.2001","DESA":"SENDANGTIRTO","LONGITUDE":110.4341282,"LATITUDE":-7.8044143,"STATUS":"BUKA","TANGGAL PENGUMPULAN":"Q1 2025","TANGGAL UPDATE":"27/02/2025"}},{"type":"Feature","geometry":{"coordinates":[110.2218258,-7.7507569],"type":"Point"},"properties":{"NAMA":"TOKO BERKAH MBAK SOL","TIPE_1":"PERDAGANGAN DAN RETAIL","TIPE_2":"TOKO KELONTONG","TIPE_3":"-","TELEPON":"0831-0955-8065","ALAMAT":"MERGAN RT03/04 SENDANGMULYO MINGGIR SLEMAN TOGYAKARTA 55563, MERGON, SENDANGMULYO, KEC. MINGGIR, KABUPATEN SLEMAN, DAERAH ISTIMEWA YOGYAKARTA 55562","ID_PROV":34,"PROVINSI":"DAERAH ISTIMEWA YOGYAKARTA","ID_KABKOT":34.04,"KABKOT":"SLEMAN","ID_KEC":"34.04.04","KECAMATAN":"MINGGIR","ID_DESA":"34.04.04.2002","DESA":"SENDANGMULYO","LONGITUDE":110.2218258,"LATITUDE":-7.7507569,"STATUS":"BUKA","TANGGAL PENGUMPULAN":"Q1 2025","TANGGAL UPDATE":"27/02/2025"}},{"type":"Feature","geometry":{"coordinates":[110.2215979,-7.7509738],"type":"Point"},"properties":{"NAMA":"TOKO SEMBAKO PANCA TIRTA","TIPE_1":"PERDAGANGAN DAN RETAIL","TIPE_2":"TOKO KELONTONG","TIPE_3":"-","TELEPON":"0896-8816-8440","ALAMAT":"MERGAN, SENDANGMULYO, KEC. MINGGIR, KABUPATEN SLEMAN, DAERAH ISTIMEWA YOGYAKARTA 55562","ID_PROV":34,"PROVINSI":"DAERAH ISTIMEWA YOGYAKARTA","ID_KABKOT":34.04,"KABKOT":"SLEMAN","ID_KEC":"34.04.04","KECAMATAN":"MINGGIR","ID_DESA":"34.04.04.2002","DESA":"SENDANGMULYO","LONGITUDE":110.2215979,"LATITUDE":-7.7509738,"STATUS":"BUKA","TANGGAL PENGUMPULAN":"Q1 2025","TANGGAL UPDATE":"27/02/2025"}},{"type":"Feature","geometry":{"coordinates":[110.2863273,-7.7743987],"type":"Point"},"properties":{"NAMA":"WARUNG SAYURAN SEGAR & SEMBAKO BU PARJILAH","TIPE_1":"PERDAGANGAN DAN RETAIL","TIPE_2":"TOKO KELONTONG","TIPE_3":"-","TELEPON":"","ALAMAT":"MERTOSUTAN, SIDOLUHUR, KEC. GODEAN, KABUPATEN SLEMAN, DAERAH ISTIMEWA YOGYAKARTA 55264","ID_PROV":34,"PROVINSI":"DAERAH ISTIMEWA YOGYAKARTA","ID_KABKOT":34.04,"KABKOT":"SLEMAN","ID_KEC":"34.04.02","KECAMATAN":"GODEAN","ID_DESA":"34.04.02.2002","DESA":"SIDOLUHUR","LONGITUDE":110.2863273,"LATITUDE":-7.7743987,"STATUS":"BUKA","TANGGAL PENGUMPULAN":"Q1 2025","TANGGAL UPDATE":"27/02/2025"}},{"type":"Feature","geometry":{"coordinates":[110.2417599,-7.7173699],"type":"Point"},"properties":{"NAMA":"TOKO AMARTA AMBARUKMO","TIPE_1":"PERDAGANGAN DAN RETAIL","TIPE_2":"TOKO KELONTONG","TIPE_3":"-","TELEPON":"0821-3492-9640","ALAMAT":"MINGGIR 2, RT/RW:03/04 SENDANGAGUNG, MINGGIR, MINGGIR, SENDANGAGUNG, KEC. SLEMAN, KABUPATEN SLEMAN, DAERAH ISTIMEWA YOGYAKARTA 55562","ID_PROV":34,"PROVINSI":"DAERAH ISTIMEWA YOGYAKARTA","ID_KABKOT":34.04,"KABKOT":"SLEMAN","ID_KEC":"34.04.04","KECAMATAN":"MINGGIR","ID_DESA":"34.04.04.2003","DESA":"SENDANGAGUNG","LONGITUDE":110.2417599,"LATITUDE":-7.7173699,"STATUS":"BUKA","TANGGAL PENGUMPULAN":"Q1 2025","TANGGAL UPDATE":"27/02/2025"}},{"type":"Feature","geometry":{"coordinates":[110.2433607,-7.7156799],"type":"Point"},"properties":{"NAMA":"WARUNG SEMBAKO DAN SAYURAN BU NARTI NURI","TIPE_1":"PERDAGANGAN DAN RETAIL","TIPE_2":"TOKO KELONTONG","TIPE_3":"-","TELEPON":"","ALAMAT":"MINGGIR, SENDANGAGUNG, KEC. MINGGIR, KABUPATEN SLEMAN, DAERAH ISTIMEWA YOGYAKARTA 55562","ID_PROV":34,"PROVINSI":"DAERAH ISTIMEWA YOGYAKARTA","ID_KABKOT":34.04,"KABKOT":"SLEMAN","ID_KEC":"34.04.04","KECAMATAN":"MINGGIR","ID_DESA":"34.04.04.2003","DESA":"SENDANGAGUNG","LONGITUDE":110.2433607,"LATITUDE":-7.7156799,"STATUS":"BUKA","TANGGAL PENGUMPULAN":"Q1 2025","TANGGAL UPDATE":"27/02/2025"}},{"type":"Feature","geometry":{"coordinates":[110.5099806,-7.7965791],"type":"Point"},"properties":{"NAMA":"WARUNG SANTI","TIPE_1":"PERDAGANGAN DAN RETAIL","TIPE_2":"TOKO KELONTONG","TIPE_3":"-","TELEPON":"","ALAMAT":"MLAKAN, SAMBIREJO, KEC. PRAMBANAN, KABUPATEN SLEMAN, DAERAH ISTIMEWA YOGYAKARTA 55572","ID_PROV":34,"PROVINSI":"DAERAH ISTIMEWA YOGYAKARTA","ID_KABKOT":34.04,"KABKOT":"SLEMAN","ID_KEC":"34.04.09","KECAMATAN":"PRAMBANAN","ID_DESA":"34.04.09.2004","DESA":"SAMBIREJO","LONGITUDE":110.5099806,"LATITUDE":-7.7965791,"STATUS":"BUKA","TANGGAL PENGUMPULAN":"Q1 2025","TANGGAL UPDATE":"27/02/2025"}},{"type":"Feature","geometry":{"coordinates":[110.3378173,-7.7646454],"type":"Point"},"properties":{"NAMA":"TOKO KELONTONG QUENSA","TIPE_1":"PERDAGANGAN DAN RETAIL","TIPE_2":"TOKO KELONTONG","TIPE_3":"-","TELEPON":"","ALAMAT":"MLANGI, NOGOTIRTO, GAMPING, SLEMAN REGENCY, SPECIAL REGION OF YOGYAKARTA 55291","ID_PROV":34,"PROVINSI":"DAERAH ISTIMEWA YOGYAKARTA","ID_KABKOT":34.04,"KABKOT":"SLEMAN","ID_KEC":"34.04.01","KECAMATAN":"GAMPING","ID_DESA":"34.04.01.2004","DESA":"NOGOTIRTO","LONGITUDE":110.3378173,"LATITUDE":-7.7646454,"STATUS":"BUKA","TANGGAL PENGUMPULAN":"Q1 2025","TANGGAL UPDATE":"27/02/2025"}},{"type":"Feature","geometry":{"coordinates":[110.3361131,-7.7631013],"type":"Point"},"properties":{"NAMA":"WARUNG KELONTONG","TIPE_1":"PERDAGANGAN DAN RETAIL","TIPE_2":"TOKO KELONTONG","TIPE_3":"-","TELEPON":"","ALAMAT":"MLANGI, NOGOTIRTO, GAMPING, SLEMAN REGENCY, SPECIAL REGION OF YOGYAKARTA 55592","ID_PROV":34,"PROVINSI":"DAERAH ISTIMEWA YOGYAKARTA","ID_KABKOT":34.04,"KABKOT":"SLEMAN","ID_KEC":"34.04.01","KECAMATAN":"GAMPING","ID_DESA":"34.04.01.2004","DESA":"NOGOTIRTO","LONGITUDE":110.3361131,"LATITUDE":-7.7631013,"STATUS":"BUKA","TANGGAL PENGUMPULAN":"Q1 2025","TANGGAL UPDATE":"27/02/2025"}},{"type":"Feature","geometry":{"coordinates":[110.3317232,-7.7620493],"type":"Point"},"properties":{"NAMA":"AHMART GROCERIES TIMBULHARJO","TIPE_1":"PERDAGANGAN DAN RETAIL","TIPE_2":"TOKO KELONTONG","TIPE_3":"-","TELEPON":"0821-3583-3049","ALAMAT":"MLANGI, NOGOTIRTO, KEC. GAMPING, KABUPATEN SLEMAN, DAERAH ISTIMEWA YOGYAKARTA 55592","ID_PROV":34,"PROVINSI":"DAERAH ISTIMEWA YOGYAKARTA","ID_KABKOT":34.04,"KABKOT":"SLEMAN","ID_KEC":"34.04.01","KECAMATAN":"GAMPING","ID_DESA":"34.04.01.2004","DESA":"NOGOTIRTO","LONGITUDE":110.3317232,"LATITUDE":-7.7620493,"STATUS":"BUKA","TANGGAL PENGUMPULAN":"Q1 2025","TANGGAL UPDATE":"27/02/2025"}},{"type":"Feature","geometry":{"coordinates":[110.3684502,-7.7146968],"type":"Point"},"properties":{"NAMA":"TOKO KELONTONG BU IDA","TIPE_1":"PERDAGANGAN DAN RETAIL","TIPE_2":"TOKO KELONTONG","TIPE_3":"-","TELEPON":"0813-9256-2344","ALAMAT":"MLATEN, RT.01/RW.05, GROJOGAN, PANDOWOHARJO, KEC. SLEMAN, KABUPATEN SLEMAN, DAERAH ISTIMEWA YOGYAKARTA 55512","ID_PROV":34,"PROVINSI":"DAERAH ISTIMEWA YOGYAKARTA","ID_KABKOT":34.04,"KABKOT":"SLEMAN","ID_KEC":"34.04.13","KECAMATAN":"SLEMAN","ID_DESA":"34.04.13.2004","DESA":"PANDOWOHARJO","LONGITUDE":110.3684502,"LATITUDE":-7.7146968,"STATUS":"BUKA","TANGGAL PENGUMPULAN":"Q1 2025","TANGGAL UPDATE":"27/02/2025"}},{"type":"Feature","geometry":{"coordinates":[110.3378918,-7.7792201],"type":"Point"},"properties":{"NAMA":"WARUNG KELONTONG KEDAI COMBRO","TIPE_1":"PERDAGANGAN DAN RETAIL","TIPE_2":"TOKO KELONTONG","TIPE_3":"-","TELEPON":"","ALAMAT":"MODINAN, BANYURADEN, KEC. GAMPING, KABUPATEN SLEMAN, DAERAH ISTIMEWA YOGYAKARTA 55293","ID_PROV":34,"PROVINSI":"DAERAH ISTIMEWA YOGYAKARTA","ID_KABKOT":34.04,"KABKOT":"SLEMAN","ID_KEC":"34.04.01","KECAMATAN":"GAMPING","ID_DESA":"34.04.01.2003","DESA":"BANYURADEN","LONGITUDE":110.3378918,"LATITUDE":-7.7792201,"STATUS":"BUKA","TANGGAL PENGUMPULAN":"Q1 2025","TANGGAL UPDATE":"27/02/2025"}},{"type":"Feature","geometry":{"coordinates":[110.4826982,-7.7699018],"type":"Point"},"properties":{"NAMA":"TOKO KELONTONG KEMBAR DAN TAMBAL BAN","TIPE_1":"PERDAGANGAN DAN RETAIL","TIPE_2":"TOKO KELONTONG","TIPE_3":"-","TELEPON":"0877-3900-1501","ALAMAT":"MOJOSARI,, RINGIN SARI, BOKOHARJO, KEC. PRAMBANAN, KABUPATEN SLEMAN, DAERAH ISTIMEWA YOGYAKARTA 55572","ID_PROV":34,"PROVINSI":"DAERAH ISTIMEWA YOGYAKARTA","ID_KABKOT":34.04,"KABKOT":"SLEMAN","ID_KEC":"34.04.09","KECAMATAN":"PRAMBANAN","ID_DESA":"34.04.09.2006","DESA":"BOKOHARJO","LONGITUDE":110.4826982,"LATITUDE":-7.7699018,"STATUS":"BUKA","TANGGAL PENGUMPULAN":"Q1 2025","TANGGAL UPDATE":"27/02/2025"}},{"type":"Feature","geometry":{"coordinates":[110.3295262,-7.6539507],"type":"Point"},"properties":{"NAMA":"ARIMART","TIPE_1":"PERDAGANGAN DAN RETAIL","TIPE_2":"TOKO KELONTONG","TIPE_3":"-","TELEPON":"","ALAMAT":"MOLODONO, RT.04/RW.04, MOLODONO, LUMBUNGREJO, KEC. TEMPEL, KABUPATEN SLEMAN, DAERAH ISTIMEWA YOGYAKARTA 55554","ID_PROV":34,"PROVINSI":"DAERAH ISTIMEWA YOGYAKARTA","ID_KABKOT":34.04,"KABKOT":"SLEMAN","ID_KEC":"34.04.14","KECAMATAN":"TEMPEL","ID_DESA":"34.04.14.2007","DESA":"LUMBUNGREJO","LONGITUDE":110.3295262,"LATITUDE":-7.6539507,"STATUS":"BUKA","TANGGAL PENGUMPULAN":"Q1 2025","TANGGAL UPDATE":"27/02/2025"}},{"type":"Feature","geometry":{"coordinates":[110.3159791,-7.7143348],"type":"Point"},"properties":{"NAMA":"TOKO KELONTONG SUPRIYATI","TIPE_1":"PERDAGANGAN DAN RETAIL","TIPE_2":"TOKO KELONTONG","TIPE_3":"-","TELEPON":"","ALAMAT":"MRINCINGAN, MARGOMULYO, KEC. SEYEGAN, KABUPATEN SLEMAN, DAERAH ISTIMEWA YOGYAKARTA 55561","ID_PROV":34,"PROVINSI":"DAERAH ISTIMEWA YOGYAKARTA","ID_KABKOT":34.04,"KABKOT":"SLEMAN","ID_KEC":"34.04.05","KECAMATAN":"SEYEGAN","ID_DESA":"34.04.05.2004","DESA":"MARGOMULYO","LONGITUDE":110.3159791,"LATITUDE":-7.7143348,"STATUS":"BUKA","TANGGAL PENGUMPULAN":"Q1 2025","TANGGAL UPDATE":"27/02/2025"}},{"type":"Feature","geometry":{"coordinates":[110.3643938,-7.7324753],"type":"Point"},"properties":{"NAMA":"WARUNG KELONTONG BAROKAH","TIPE_1":"PERDAGANGAN DAN RETAIL","TIPE_2":"TOKO KELONTONG","TIPE_3":"-","TELEPON":"0813-2549-8295","ALAMAT":"MULUNGAN WETAN, SENDANGADI, KEC. MLATI, KABUPATEN SLEMAN, DAERAH ISTIMEWA YOGYAKARTA 55285","ID_PROV":34,"PROVINSI":"DAERAH ISTIMEWA YOGYAKARTA","ID_KABKOT":34.04,"KABKOT":"SLEMAN","ID_KEC":"34.04.06","KECAMATAN":"MLATI","ID_DESA":"34.04.06.2002","DESA":"SENDANGADI","LONGITUDE":110.3643938,"LATITUDE":-7.7324753,"STATUS":"BUKA","TANGGAL PENGUMPULAN":"Q1 2025","TANGGAL UPDATE":"27/02/2025"}},{"type":"Feature","geometry":{"coordinates":[110.3349797,-7.7461307],"type":"Point"},"properties":{"NAMA":"THELASTOLSHOP ?","TIPE_1":"PERDAGANGAN DAN RETAIL","TIPE_2":"TOKO KELONTONG","TIPE_3":"-","TELEPON":"0858-6803-6272","ALAMAT":"NAMBANGAN, TLOGOADI, KEC. MLATI, KABUPATEN SLEMAN, DAERAH ISTIMEWA YOGYAKARTA 55286","ID_PROV":34,"PROVINSI":"DAERAH ISTIMEWA YOGYAKARTA","ID_KABKOT":34.04,"KABKOT":"SLEMAN","ID_KEC":"34.04.06","KECAMATAN":"MLATI","ID_DESA":"34.04.06.2003","DESA":"TLOGOADI","LONGITUDE":110.3349797,"LATITUDE":-7.7461307,"STATUS":"BUKA","TANGGAL PENGUMPULAN":"Q1 2025","TANGGAL UPDATE":"27/02/2025"}},{"type":"Feature","geometry":{"coordinates":[110.3357102,-7.7484235],"type":"Point"},"properties":{"NAMA":"RAKHA MART","TIPE_1":"PERDAGANGAN DAN RETAIL","TIPE_2":"TOKO KELONTONG","TIPE_3":"-","TELEPON":"0822-4912-4880","ALAMAT":"NAMBONGAN RT O1, RAJEG WETAN, TLOGOADI, MLATI, SLEMAN REGENCY, SPECIAL REGION OF YOGYAKARTA 55287","ID_PROV":34,"PROVINSI":"DAERAH ISTIMEWA YOGYAKARTA","ID_KABKOT":34.04,"KABKOT":"SLEMAN","ID_KEC":"34.04.06","KECAMATAN":"MLATI","ID_DESA":"34.04.06.2003","DESA":"TLOGOADI","LONGITUDE":110.3357102,"LATITUDE":-7.7484235,"STATUS":"BUKA","TANGGAL PENGUMPULAN":"Q1 2025","TANGGAL UPDATE":"27/02/2025"}},{"type":"Feature","geometry":{"coordinates":[110.3345947,-7.742657],"type":"Point"},"properties":{"NAMA":"WARUNG PAK KIRMAN SOROGENEN","TIPE_1":"PERDAGANGAN DAN RETAIL","TIPE_2":"TOKO KELONTONG","TIPE_3":"-","TELEPON":"","ALAMAT":"NAMBONGAN TEGALSARI, NGLARANG, TLOGOADI, KEC. MLATI, KABUPATEN SLEMAN, DAERAH ISTIMEWA YOGYAKARTA 55286","ID_PROV":34,"PROVINSI":"DAERAH ISTIMEWA YOGYAKARTA","ID_KABKOT":34.04,"KABKOT":"SLEMAN","ID_KEC":"34.04.06","KECAMATAN":"MLATI","ID_DESA":"34.04.06.2003","DESA":"TLOGOADI","LONGITUDE":110.3345947,"LATITUDE":-7.742657,"STATUS":"BUKA","TANGGAL PENGUMPULAN":"Q1 2025","TANGGAL UPDATE":"27/02/2025"}},{"type":"Feature","geometry":{"coordinates":[110.371133,-7.7540508],"type":"Point"},"properties":{"NAMA":"TOKO 19","TIPE_1":"PERDAGANGAN DAN RETAIL","TIPE_2":"TOKO KELONTONG","TIPE_3":"-","TELEPON":"0822-4277-77256","ALAMAT":"NANDAN, SARIHARJO, KEC. NGAGLIK, KABUPATEN SLEMAN, DAERAH ISTIMEWA YOGYAKARTA 55581","ID_PROV":34,"PROVINSI":"DAERAH ISTIMEWA YOGYAKARTA","ID_KABKOT":34.04,"KABKOT":"SLEMAN","ID_KEC":"34.04.12","KECAMATAN":"NGAGLIK","ID_DESA":"34.04.12.2001","DESA":"SARIHARJO","LONGITUDE":110.371133,"LATITUDE":-7.7540508,"STATUS":"BUKA","TANGGAL PENGUMPULAN":"Q1 2025","TANGGAL UPDATE":"27/02/2025"}},{"type":"Feature","geometry":{"coordinates":[110.4316584,-7.7712256],"type":"Point"},"properties":{"NAMA":"WARUNG KELONTONG MURAH","TIPE_1":"PERDAGANGAN DAN RETAIL","TIPE_2":"TOKO KELONTONG","TIPE_3":"-","TELEPON":"","ALAMAT":"NANGGULAN, MAGUWOHARJO, KEC. DEPOK, KABUPATEN SLEMAN, DAERAH ISTIMEWA YOGYAKARTA 55281","ID_PROV":34,"PROVINSI":"DAERAH ISTIMEWA YOGYAKARTA","ID_KABKOT":34.04,"KABKOT":"SLEMAN","ID_KEC":"34.04.07","KECAMATAN":"DEPOK","ID_DESA":"34.04.07.2002","DESA":"MAGUWOHARJO","LONGITUDE":110.4316584,"LATITUDE":-7.7712256,"STATUS":"BUKA","TANGGAL PENGUMPULAN":"Q1 2025","TANGGAL UPDATE":"27/02/2025"}},{"type":"Feature","geometry":{"coordinates":[110.3954084,-7.6288516],"type":"Point"},"properties":{"NAMA":"TOKO KEMBAR","TIPE_1":"PERDAGANGAN DAN RETAIL","TIPE_2":"TOKO KELONTONG","TIPE_3":"-","TELEPON":"0857-9933-8158","ALAMAT":"NANGSRI, GIRIKERTO, KEC. TURI, KABUPATEN SLEMAN, DAERAH ISTIMEWA YOGYAKARTA 55551","ID_PROV":34,"PROVINSI":"DAERAH ISTIMEWA YOGYAKARTA","ID_KABKOT":34.04,"KABKOT":"SLEMAN","ID_KEC":"34.04.15","KECAMATAN":"TURI","ID_DESA":"34.04.15.2003","DESA":"GIRIKERTO","LONGITUDE":110.3954084,"LATITUDE":-7.6288516,"STATUS":"BUKA","TANGGAL PENGUMPULAN":"Q1 2025","TANGGAL UPDATE":"27/02/2025"}},{"type":"Feature","geometry":{"coordinates":[110.3944787,-7.6279287],"type":"Point"},"properties":{"NAMA":"WARUNG DR","TIPE_1":"PERDAGANGAN DAN RETAIL","TIPE_2":"TOKO KELONTONG","TIPE_3":"-","TELEPON":"0838-7326-2023","ALAMAT":"NANGSRI, GIRIKERTO, KEC. TURI, KABUPATEN SLEMAN, DAERAH ISTIMEWA YOGYAKARTA 55551","ID_PROV":34,"PROVINSI":"DAERAH ISTIMEWA YOGYAKARTA","ID_KABKOT":34.04,"KABKOT":"SLEMAN","ID_KEC":"34.04.15","KECAMATAN":"TURI","ID_DESA":"34.04.15.2003","DESA":"GIRIKERTO","LONGITUDE":110.3944787,"LATITUDE":-7.6279287,"STATUS":"BUKA","TANGGAL PENGUMPULAN":"Q1 2025","TANGGAL UPDATE":"27/02/2025"}},{"type":"Feature","geometry":{"coordinates":[110.2691199,-7.7785129],"type":"Point"},"properties":{"NAMA":"TOKO SEMBAKO SAFIQ","TIPE_1":"PERDAGANGAN DAN RETAIL","TIPE_2":"TOKO KELONTONG","TIPE_3":"-","TELEPON":"","ALAMAT":"NASRI, SUMBERSARI, KEC. MOYUDAN, KABUPATEN SLEMAN, DAERAH ISTIMEWA YOGYAKARTA 55563","ID_PROV":34,"PROVINSI":"DAERAH ISTIMEWA YOGYAKARTA","ID_KABKOT":34.04,"KABKOT":"SLEMAN","ID_KEC":"34.04.03","KECAMATAN":"MOYUDAN","ID_DESA":"34.04.03.2002","DESA":"SUMBERSARI","LONGITUDE":110.2691199,"LATITUDE":-7.7785129,"STATUS":"BUKA","TANGGAL PENGUMPULAN":"Q1 2025","TANGGAL UPDATE":"27/02/2025"}},{"type":"Feature","geometry":{"coordinates":[110.404351,-7.6558316],"type":"Point"},"properties":{"NAMA":"WARUNG KELONTONG BU UMI","TIPE_1":"PERDAGANGAN DAN RETAIL","TIPE_2":"TOKO KELONTONG","TIPE_3":"-","TELEPON":"","ALAMAT":"NEPEN, CANDIBINANGUN, KEC. PAKEM, KABUPATEN SLEMAN, DAERAH ISTIMEWA YOGYAKARTA 55582","ID_PROV":34,"PROVINSI":"DAERAH ISTIMEWA YOGYAKARTA","ID_KABKOT":34.04,"KABKOT":"SLEMAN","ID_KEC":"34.04.16","KECAMATAN":"PAKEM","ID_DESA":"34.04.16.2002","DESA":"CANDIBINANGUN","LONGITUDE":110.404351,"LATITUDE":-7.6558316,"STATUS":"BUKA","TANGGAL PENGUMPULAN":"Q1 2025","TANGGAL UPDATE":"27/02/2025"}},{"type":"Feature","geometry":{"coordinates":[110.3955016,-7.746397],"type":"Point"},"properties":{"NAMA":"TOKO KELONTONG PAK KISMADI","TIPE_1":"PERDAGANGAN DAN RETAIL","TIPE_2":"TOKO KELONTONG","TIPE_3":"-","TELEPON":"","ALAMAT":"NGABEAN WETAN, SINDUHARJO, KEC. NGAGLIK, KABUPATEN SLEMAN, DAERAH ISTIMEWA YOGYAKARTA 55581","ID_PROV":34,"PROVINSI":"DAERAH ISTIMEWA YOGYAKARTA","ID_KABKOT":34.04,"KABKOT":"SLEMAN","ID_KEC":"34.04.12","KECAMATAN":"NGAGLIK","ID_DESA":"34.04.12.2003","DESA":"SINDUHARJO","LONGITUDE":110.3955016,"LATITUDE":-7.746397,"STATUS":"BUKA","TANGGAL PENGUMPULAN":"Q1 2025","TANGGAL UPDATE":"27/02/2025"}},{"type":"Feature","geometry":{"coordinates":[110.2871742,-7.692638],"type":"Point"},"properties":{"NAMA":"KURNIA ONDERDIL & KELONTONG","TIPE_1":"PERDAGANGAN DAN RETAIL","TIPE_2":"TOKO KELONTONG","TIPE_3":"-","TELEPON":"","ALAMAT":"NGABEAN, BANYUREJO, KEC. TEMPEL, KABUPATEN SLEMAN, DAERAH ISTIMEWA YOGYAKARTA 55552","ID_PROV":34,"PROVINSI":"DAERAH ISTIMEWA YOGYAKARTA","ID_KABKOT":34.04,"KABKOT":"SLEMAN","ID_KEC":"34.04.14","KECAMATAN":"TEMPEL","ID_DESA":"34.04.14.2001","DESA":"BANYUREJO","LONGITUDE":110.2871742,"LATITUDE":-7.692638,"STATUS":"BUKA","TANGGAL PENGUMPULAN":"Q1 2025","TANGGAL UPDATE":"27/02/2025"}},{"type":"Feature","geometry":{"coordinates":[110.3528219,-7.7617911],"type":"Point"},"properties":{"NAMA":"TOKO SEMBAKO BU NING","TIPE_1":"PERDAGANGAN DAN RETAIL","TIPE_2":"TOKO KELONTONG","TIPE_3":"-","TELEPON":"","ALAMAT":"NGAGLIK SINDUADI MLATI SLEMAN RT 02/ RW, RW.06, GEDONGAN, SINDUADI, KEC. MLATI, KABUPATEN SLEMAN, DAERAH ISTIMEWA YOGYAKARTA 55284","ID_PROV":34,"PROVINSI":"DAERAH ISTIMEWA YOGYAKARTA","ID_KABKOT":34.04,"KABKOT":"SLEMAN","ID_KEC":"34.04.06","KECAMATAN":"MLATI","ID_DESA":"34.04.06.2001","DESA":"SINDUADI","LONGITUDE":110.3528219,"LATITUDE":-7.7617911,"STATUS":"BUKA","TANGGAL PENGUMPULAN":"Q1 2025","TANGGAL UPDATE":"27/02/2025"}},{"type":"Feature","geometry":{"coordinates":[110.2592551,-7.7455237],"type":"Point"},"properties":{"NAMA":"WARUNG PAK WAGIMAN","TIPE_1":"PERDAGANGAN DAN RETAIL","TIPE_2":"TOKO KELONTONG","TIPE_3":"-","TELEPON":"0817-5428-366","ALAMAT":"NGAGUL-AGULAN, SENDANGREJO, KEC. MINGGIR, KABUPATEN SLEMAN, DAERAH ISTIMEWA YOGYAKARTA 55562","ID_PROV":34,"PROVINSI":"DAERAH ISTIMEWA YOGYAKARTA","ID_KABKOT":34.04,"KABKOT":"SLEMAN","ID_KEC":"34.04.04","KECAMATAN":"MINGGIR","ID_DESA":"34.04.04.2005","DESA":"SENDANGREJO","LONGITUDE":110.2592551,"LATITUDE":-7.7455237,"STATUS":"BUKA","TANGGAL PENGUMPULAN":"Q1 2025","TANGGAL UPDATE":"27/02/2025"}},{"type":"Feature","geometry":{"coordinates":[110.3092935,-7.712829],"type":"Point"},"properties":{"NAMA":"WARUNG KELONTONG MAHARANI","TIPE_1":"PERDAGANGAN DAN RETAIL","TIPE_2":"TOKO KELONTONG","TIPE_3":"-","TELEPON":"0852-2851-9996","ALAMAT":"NGANGGRUNG 7, RT.03/RW.21, KEC. SEYEGAN, KABUPATEN SLEMAN, DAERAH ISTIMEWA YOGYAKARTA 55561","ID_PROV":34,"PROVINSI":"DAERAH ISTIMEWA YOGYAKARTA","ID_KABKOT":34.04,"KABKOT":"SLEMAN","ID_KEC":"34.04.05","KECAMATAN":"SEYEGAN","ID_DESA":"34.04.05.2005","DESA":"MARGOAGUNG","LONGITUDE":110.3092935,"LATITUDE":-7.712829,"STATUS":"BUKA","TANGGAL PENGUMPULAN":"Q1 2025","TANGGAL UPDATE":"27/02/2025"}},{"type":"Feature","geometry":{"coordinates":[110.3095807,-7.712014],"type":"Point"},"properties":{"NAMA":"TOKO SEMBAKO DHITA","TIPE_1":"PERDAGANGAN DAN RETAIL","TIPE_2":"TOKO KELONTONG","TIPE_3":"-","TELEPON":"","ALAMAT":"NGANGGRUNG, MARGOAGUNG, KEC. SEYEGAN, KABUPATEN SLEMAN, DAERAH ISTIMEWA YOGYAKARTA 55561","ID_PROV":34,"PROVINSI":"DAERAH ISTIMEWA YOGYAKARTA","ID_KABKOT":34.04,"KABKOT":"SLEMAN","ID_KEC":"34.04.05","KECAMATAN":"SEYEGAN","ID_DESA":"34.04.05.2005","DESA":"MARGOAGUNG","LONGITUDE":110.3095807,"LATITUDE":-7.712014,"STATUS":"BUKA","TANGGAL PENGUMPULAN":"Q1 2025","TANGGAL UPDATE":"27/02/2025"}},{"type":"Feature","geometry":{"coordinates":[110.3413374,-7.6950084],"type":"Point"},"properties":{"NAMA":"WARUNG KELONTONG RAHAYU","TIPE_1":"PERDAGANGAN DAN RETAIL","TIPE_2":"TOKO KELONTONG","TIPE_3":"-","TELEPON":"","ALAMAT":"NGANGKRIK, TRIHARJO, KEC. SLEMAN, KABUPATEN SLEMAN, DAERAH ISTIMEWA YOGYAKARTA 55514","ID_PROV":34,"PROVINSI":"DAERAH ISTIMEWA YOGYAKARTA","ID_KABKOT":34.04,"KABKOT":"SLEMAN","ID_KEC":"34.04.13","KECAMATAN":"SLEMAN","ID_DESA":"34.04.13.2002","DESA":"TRIHARJO","LONGITUDE":110.3413374,"LATITUDE":-7.6950084,"STATUS":"BUKA","TANGGAL PENGUMPULAN":"Q1 2025","TANGGAL UPDATE":"27/02/2025"}},{"type":"Feature","geometry":{"coordinates":[110.2821555,-7.7218981],"type":"Point"},"properties":{"NAMA":"WARUNG SEMBAKO SRI REJEKI","TIPE_1":"PERDAGANGAN DAN RETAIL","TIPE_2":"TOKO KELONTONG","TIPE_3":"-","TELEPON":"","ALAMAT":"NGARAN, MARGOKATON, KEC. SEYEGAN, KABUPATEN SLEMAN, DAERAH ISTIMEWA YOGYAKARTA 55561","ID_PROV":34,"PROVINSI":"DAERAH ISTIMEWA YOGYAKARTA","ID_KABKOT":34.04,"KABKOT":"SLEMAN","ID_KEC":"34.04.05","KECAMATAN":"SEYEGAN","ID_DESA":"34.04.05.2003","DESA":"MARGOKATON","LONGITUDE":110.2821555,"LATITUDE":-7.7218981,"STATUS":"BUKA","TANGGAL PENGUMPULAN":"Q1 2025","TANGGAL UPDATE":"27/02/2025"}},{"type":"Feature","geometry":{"coordinates":[110.4782722,-7.6937136],"type":"Point"},"properties":{"NAMA":"WARUNG KELONTONG VERONICA","TIPE_1":"PERDAGANGAN DAN RETAIL","TIPE_2":"TOKO KELONTONG","TIPE_3":"-","TELEPON":"0852-1834-1440","ALAMAT":"NGASEM, RT.02/RW.16, NGASEM, SINDUMARTANI, KEC. NGEMPLAK, KABUPATEN SLEMAN, DAERAH ISTIMEWA YOGYAKARTA 55584","ID_PROV":34,"PROVINSI":"DAERAH ISTIMEWA YOGYAKARTA","ID_KABKOT":34.04,"KABKOT":"SLEMAN","ID_KEC":"34.04.11","KECAMATAN":"NGEMPLAK","ID_DESA":"34.04.11.2001","DESA":"SINDUMARTANI","LONGITUDE":110.4782722,"LATITUDE":-7.6937136,"STATUS":"BUKA","TANGGAL PENGUMPULAN":"Q1 2025","TANGGAL UPDATE":"27/02/2025"}},{"type":"Feature","geometry":{"coordinates":[110.4773418,-7.6928703],"type":"Point"},"properties":{"NAMA":"WARUNG KELONTONG BU WATINI","TIPE_1":"PERDAGANGAN DAN RETAIL","TIPE_2":"TOKO KELONTONG","TIPE_3":"-","TELEPON":"0895-3443-34094","ALAMAT":"NGASEM, SINDUMARTANI, KEC. NGEMPLAK, KABUPATEN SLEMAN, DAERAH ISTIMEWA YOGYAKARTA 55584","ID_PROV":34,"PROVINSI":"DAERAH ISTIMEWA YOGYAKARTA","ID_KABKOT":34.04,"KABKOT":"SLEMAN","ID_KEC":"34.04.11","KECAMATAN":"NGEMPLAK","ID_DESA":"34.04.11.2001","DESA":"SINDUMARTANI","LONGITUDE":110.4773418,"LATITUDE":-7.6928703,"STATUS":"BUKA","TANGGAL PENGUMPULAN":"Q1 2025","TANGGAL UPDATE":"27/02/2025"}},{"type":"Feature","geometry":{"coordinates":[110.3115833,-7.776112],"type":"Point"},"properties":{"NAMA":"TOKO DITO","TIPE_1":"PERDAGANGAN DAN RETAIL","TIPE_2":"TOKO KELONTONG","TIPE_3":"-","TELEPON":"0857-4306-7343","ALAMAT":"NGAWEN 04/11, NGAWEN, SIDOKARTO, KEC. GODEAN, KABUPATEN SLEMAN, DAERAH ISTIMEWA YOGYAKARTA 55264","ID_PROV":34,"PROVINSI":"DAERAH ISTIMEWA YOGYAKARTA","ID_KABKOT":34.04,"KABKOT":"SLEMAN","ID_KEC":"34.04.02","KECAMATAN":"GODEAN","ID_DESA":"34.04.02.2005","DESA":"SIDOKARTO","LONGITUDE":110.3115833,"LATITUDE":-7.776112,"STATUS":"BUKA","TANGGAL PENGUMPULAN":"Q1 2025","TANGGAL UPDATE":"27/02/2025"}},{"type":"Feature","geometry":{"coordinates":[110.3119421,-7.7760561],"type":"Point"},"properties":{"NAMA":"WAROENG POJOK (TOKO ZAYDA)","TIPE_1":"PERDAGANGAN DAN RETAIL","TIPE_2":"TOKO KELONTONG","TIPE_3":"-","TELEPON":"(0274) 649605","ALAMAT":"NGAWEN, SIDOKARTO, KEC. GODEAN, KABUPATEN SLEMAN, DAERAH ISTIMEWA YOGYAKARTA 55264","ID_PROV":34,"PROVINSI":"DAERAH ISTIMEWA YOGYAKARTA","ID_KABKOT":34.04,"KABKOT":"SLEMAN","ID_KEC":"34.04.02","KECAMATAN":"GODEAN","ID_DESA":"34.04.02.2005","DESA":"SIDOKARTO","LONGITUDE":110.3119421,"LATITUDE":-7.7760561,"STATUS":"BUKA","TANGGAL PENGUMPULAN":"Q1 2025","TANGGAL UPDATE":"27/02/2025"}},{"type":"Feature","geometry":{"coordinates":[110.3677149,-7.6746887],"type":"Point"},"properties":{"NAMA":"TOKO KELONTONG BU SRI","TIPE_1":"PERDAGANGAN DAN RETAIL","TIPE_2":"TOKO KELONTONG","TIPE_3":"-","TELEPON":"","ALAMAT":"NGEMPLAK KOLANGAN, TRIMULYO, KEC. SLEMAN, KABUPATEN SLEMAN, DAERAH ISTIMEWA YOGYAKARTA 55513","ID_PROV":34,"PROVINSI":"DAERAH ISTIMEWA YOGYAKARTA","ID_KABKOT":34.04,"KABKOT":"SLEMAN","ID_KEC":"34.04.13","KECAMATAN":"SLEMAN","ID_DESA":"34.04.13.2005","DESA":"TRIMULYO","LONGITUDE":110.3677149,"LATITUDE":-7.6746887,"STATUS":"BUKA","TANGGAL PENGUMPULAN":"Q1 2025","TANGGAL UPDATE":"27/02/2025"}},{"type":"Feature","geometry":{"coordinates":[110.3190727,-7.707964],"type":"Point"},"properties":{"NAMA":"TOKO SUCI","TIPE_1":"PERDAGANGAN DAN RETAIL","TIPE_2":"TOKO KELONTONG","TIPE_3":"-","TELEPON":"","ALAMAT":"NGEMPLOK, MARGOMULYO, KEC. SEYEGAN, KABUPATEN SLEMAN, DAERAH ISTIMEWA YOGYAKARTA","ID_PROV":34,"PROVINSI":"DAERAH ISTIMEWA YOGYAKARTA","ID_KABKOT":34.04,"KABKOT":"SLEMAN","ID_KEC":"34.04.05","KECAMATAN":"SEYEGAN","ID_DESA":"34.04.05.2004","DESA":"MARGOMULYO","LONGITUDE":110.3190727,"LATITUDE":-7.707964,"STATUS":"BUKA","TANGGAL PENGUMPULAN":"Q1 2025","TANGGAL UPDATE":"27/02/2025"}},{"type":"Feature","geometry":{"coordinates":[110.3623828,-7.6524854],"type":"Point"},"properties":{"NAMA":"WARUNG KELONTONG ZHARIFAH","TIPE_1":"PERDAGANGAN DAN RETAIL","TIPE_2":"TOKO KELONTONG","TIPE_3":"-","TELEPON":"0831-3733-3693","ALAMAT":"NGENDAK, BANGUN KERTO, KEC. TURI, KABUPATEN SLEMAN, DAERAH ISTIMEWA YOGYAKARTA 55551","ID_PROV":34,"PROVINSI":"DAERAH ISTIMEWA YOGYAKARTA","ID_KABKOT":34.04,"KABKOT":"SLEMAN","ID_KEC":"34.04.15","KECAMATAN":"TURI","ID_DESA":"34.04.15.2001","DESA":"BANGUNKERTO","LONGITUDE":110.3623828,"LATITUDE":-7.6524854,"STATUS":"BUKA","TANGGAL PENGUMPULAN":"Q1 2025","TANGGAL UPDATE":"27/02/2025"}},{"type":"Feature","geometry":{"coordinates":[110.3574571,-7.667277],"type":"Point"},"properties":{"NAMA":"TOKO SEMBAKO IBU MALAYSIATI","TIPE_1":"PERDAGANGAN DAN RETAIL","TIPE_2":"TOKO KELONTONG","TIPE_3":"-","TELEPON":"","ALAMAT":"NGENTAK KENARUHAN, DONOKERTO, KEC. TURI, KABUPATEN SLEMAN, DAERAH ISTIMEWA YOGYAKARTA","ID_PROV":34,"PROVINSI":"DAERAH ISTIMEWA YOGYAKARTA","ID_KABKOT":34.04,"KABKOT":"SLEMAN","ID_KEC":"34.04.15","KECAMATAN":"TURI","ID_DESA":"34.04.15.2002","DESA":"DONOKERTO","LONGITUDE":110.3574571,"LATITUDE":-7.667277,"STATUS":"BUKA","TANGGAL PENGUMPULAN":"Q1 2025","TANGGAL UPDATE":"27/02/2025"}},{"type":"Feature","geometry":{"coordinates":[110.4663144,-7.80064],"type":"Point"},"properties":{"NAMA":"TOKO LESTARI","TIPE_1":"PERDAGANGAN DAN RETAIL","TIPE_2":"TOKO KELONTONG","TIPE_3":"-","TELEPON":"0812-2845-6461","ALAMAT":"NGENTAK MEJING, KEMBANG, JOGOTIRTO, KEC. BERBAH, YOGYAKARTA, DAERAH ISTIMEWA YOGYAKARTA 55573","ID_PROV":34,"PROVINSI":"DAERAH ISTIMEWA YOGYAKARTA","ID_KABKOT":34.04,"KABKOT":"SLEMAN","ID_KEC":"34.04.08","KECAMATAN":"BERBAH","ID_DESA":"34.04.08.2004","DESA":"JOGOTIRTO","LONGITUDE":110.4663144,"LATITUDE":-7.80064,"STATUS":"BUKA","TANGGAL PENGUMPULAN":"Q1 2025","TANGGAL UPDATE":"27/02/2025"}},{"type":"Feature","geometry":{"coordinates":[110.2535261,-7.7739522],"type":"Point"},"properties":{"NAMA":"TOKO SEMBAKO MAS ABDUL","TIPE_1":"PERDAGANGAN DAN RETAIL","TIPE_2":"TOKO KELONTONG","TIPE_3":"-","TELEPON":"","ALAMAT":"NGENTAK VIII NO.RT 06, AREA SAWAH, SENDANGAGUNG, KEC. MINGGIR, KABUPATEN SLEMAN, DAERAH ISTIMEWA YOGYAKARTA 55562","ID_PROV":34,"PROVINSI":"DAERAH ISTIMEWA YOGYAKARTA","ID_KABKOT":34.04,"KABKOT":"SLEMAN","ID_KEC":"34.04.03","KECAMATAN":"MOYUDAN","ID_DESA":"34.04.03.2003","DESA":"SUMBERAGUNG","LONGITUDE":110.2535261,"LATITUDE":-7.7739522,"STATUS":"BUKA","TANGGAL PENGUMPULAN":"Q1 2025","TANGGAL UPDATE":"27/02/2025"}},{"type":"Feature","geometry":{"coordinates":[110.4392628,-7.6442452],"type":"Point"},"properties":{"NAMA":"WARUNG BU RINI","TIPE_1":"PERDAGANGAN DAN RETAIL","TIPE_2":"TOKO KELONTONG","TIPE_3":"-","TELEPON":"","ALAMAT":"NGENTAK, SELOREJO, WUKIRSARI, KEC. CANGKRINGAN, KABUPATEN SLEMAN, DAERAH ISTIMEWA YOGYAKARTA 55583","ID_PROV":34,"PROVINSI":"DAERAH ISTIMEWA YOGYAKARTA","ID_KABKOT":34.04,"KABKOT":"SLEMAN","ID_KEC":"34.04.17","KECAMATAN":"CANGKRINGAN","ID_DESA":"34.04.17.2002","DESA":"WUKIRSARI","LONGITUDE":110.4392628,"LATITUDE":-7.6442452,"STATUS":"BUKA","TANGGAL PENGUMPULAN":"Q1 2025","TANGGAL UPDATE":"27/02/2025"}},{"type":"Feature","geometry":{"coordinates":[110.3237371,-7.6459492],"type":"Point"},"properties":{"NAMA":"TOKO ARRAINA","TIPE_1":"PERDAGANGAN DAN RETAIL","TIPE_2":"TOKO KELONTONG","TIPE_3":"-","TELEPON":"(0274) 869232","ALAMAT":"NGEPOS RT02/RW23, PANGGUNG, LUMBUNGREJO, KEC. TEMPEL, KABUPATEN SLEMAN, DAERAH ISTIMEWA YOGYAKARTA 55552","ID_PROV":34,"PROVINSI":"DAERAH ISTIMEWA YOGYAKARTA","ID_KABKOT":34.04,"KABKOT":"SLEMAN","ID_KEC":"34.04.14","KECAMATAN":"TEMPEL","ID_DESA":"34.04.14.2007","DESA":"LUMBUNGREJO","LONGITUDE":110.3237371,"LATITUDE":-7.6459492,"STATUS":"BUKA","TANGGAL PENGUMPULAN":"Q1 2025","TANGGAL UPDATE":"27/02/2025"}},{"type":"Feature","geometry":{"coordinates":[110.2675827,-7.7141363],"type":"Point"},"properties":{"NAMA":"TOKO KELONTONG ALVARISKY","TIPE_1":"PERDAGANGAN DAN RETAIL","TIPE_2":"TOKO KELONTONG","TIPE_3":"-","TELEPON":"","ALAMAT":"NGEPRINGAN 4, SENDANGREJO, KEC. MINGGIR, KABUPATEN SLEMAN, DAERAH ISTIMEWA YOGYAKARTA 55562","ID_PROV":34,"PROVINSI":"DAERAH ISTIMEWA YOGYAKARTA","ID_KABKOT":34.04,"KABKOT":"SLEMAN","ID_KEC":"34.04.04","KECAMATAN":"MINGGIR","ID_DESA":"34.04.04.2005","DESA":"SENDANGREJO","LONGITUDE":110.2675827,"LATITUDE":-7.7141363,"STATUS":"BUKA","TANGGAL PENGUMPULAN":"Q1 2025","TANGGAL UPDATE":"27/02/2025"}},{"type":"Feature","geometry":{"coordinates":[110.341324,-7.651671],"type":"Point"},"properties":{"NAMA":"TOKO KELONTONG ARINI","TIPE_1":"PERDAGANGAN DAN RETAIL","TIPE_2":"TOKO KELONTONG","TIPE_3":"-","TELEPON":"","ALAMAT":"NGLEBENG, MARGOREJO, KEC. TEMPEL, KABUPATEN SLEMAN, DAERAH ISTIMEWA YOGYAKARTA 55552","ID_PROV":34,"PROVINSI":"DAERAH ISTIMEWA YOGYAKARTA","ID_KABKOT":34.04,"KABKOT":"SLEMAN","ID_KEC":"34.04.14","KECAMATAN":"TEMPEL","ID_DESA":"34.04.14.2006","DESA":"MARGOREJO","LONGITUDE":110.341324,"LATITUDE":-7.651671,"STATUS":"BUKA","TANGGAL PENGUMPULAN":"Q1 2025","TANGGAL UPDATE":"27/02/2025"}},{"type":"Feature","geometry":{"coordinates":[110.2799359,-7.7248341],"type":"Point"},"properties":{"NAMA":"TOKO YUDI","TIPE_1":"PERDAGANGAN DAN RETAIL","TIPE_2":"TOKO KELONTONG","TIPE_3":"-","TELEPON":"","ALAMAT":"NGLENGKING, SENDANGREJO, KEC. MINGGIR, KABUPATEN SLEMAN, DAERAH ISTIMEWA YOGYAKARTA 55561","ID_PROV":34,"PROVINSI":"DAERAH ISTIMEWA YOGYAKARTA","ID_KABKOT":34.04,"KABKOT":"SLEMAN","ID_KEC":"34.04.05","KECAMATAN":"SEYEGAN","ID_DESA":"34.04.05.2003","DESA":"MARGOKATON","LONGITUDE":110.2799359,"LATITUDE":-7.7248341,"STATUS":"BUKA","TANGGAL PENGUMPULAN":"Q1 2025","TANGGAL UPDATE":"27/02/2025"}},{"type":"Feature","geometry":{"coordinates":[110.2918613,-7.6787999],"type":"Point"},"properties":{"NAMA":"WARUNG KELONTONG BU PARMI","TIPE_1":"PERDAGANGAN DAN RETAIL","TIPE_2":"TOKO KELONTONG","TIPE_3":"-","TELEPON":"0878-3916-4341","ALAMAT":"NGLENGKONG KIDUL, KALONGKONG KIDUL, SUMBEREJO, KEC. TEMPEL, KABUPATEN SLEMAN, DAERAH ISTIMEWA YOGYAKARTA 55552","ID_PROV":34,"PROVINSI":"DAERAH ISTIMEWA YOGYAKARTA","ID_KABKOT":34.04,"KABKOT":"SLEMAN","ID_KEC":"34.04.14","KECAMATAN":"TEMPEL","ID_DESA":"34.04.14.2003","DESA":"SUMBERREJO","LONGITUDE":110.2918613,"LATITUDE":-7.6787999,"STATUS":"BUKA","TANGGAL PENGUMPULAN":"Q1 2025","TANGGAL UPDATE":"27/02/2025"}},{"type":"Feature","geometry":{"coordinates":[110.5043074,-7.7835755],"type":"Point"},"properties":{"NAMA":"TOKO KELONTONG ALFIYA","TIPE_1":"PERDAGANGAN DAN RETAIL","TIPE_2":"TOKO KELONTONG","TIPE_3":"-","TELEPON":"0895-2239-8900","ALAMAT":"NGLENGKONG, SAMBIREJO, KEC. PRAMBANAN, KABUPATEN SLEMAN, DAERAH ISTIMEWA YOGYAKARTA","ID_PROV":34,"PROVINSI":"DAERAH ISTIMEWA YOGYAKARTA","ID_KABKOT":34.04,"KABKOT":"SLEMAN","ID_KEC":"34.04.09","KECAMATAN":"PRAMBANAN","ID_DESA":"34.04.09.2004","DESA":"SAMBIREJO","LONGITUDE":110.5043074,"LATITUDE":-7.7835755,"STATUS":"BUKA","TANGGAL PENGUMPULAN":"Q1 2025","TANGGAL UPDATE":"27/02/2025"}},{"type":"Feature","geometry":{"coordinates":[110.5060459,-7.7837043],"type":"Point"},"properties":{"NAMA":"TOKO KELONTONG RAHAYU","TIPE_1":"PERDAGANGAN DAN RETAIL","TIPE_2":"TOKO KELONTONG","TIPE_3":"-","TELEPON":"0813-2816-0597","ALAMAT":"NGLENGKONG, SAMBIREJO, KEC. PRAMBANAN, KABUPATEN SLEMAN, DAERAH ISTIMEWA YOGYAKARTA","ID_PROV":34,"PROVINSI":"DAERAH ISTIMEWA YOGYAKARTA","ID_KABKOT":34.04,"KABKOT":"SLEMAN","ID_KEC":"34.04.09","KECAMATAN":"PRAMBANAN","ID_DESA":"34.04.09.2004","DESA":"SAMBIREJO","LONGITUDE":110.5060459,"LATITUDE":-7.7837043,"STATUS":"BUKA","TANGGAL PENGUMPULAN":"Q1 2025","TANGGAL UPDATE":"27/02/2025"}},{"type":"Feature","geometry":{"coordinates":[110.4044521,-7.6703688],"type":"Point"},"properties":{"NAMA":"WARUNG BU DAWIM","TIPE_1":"PERDAGANGAN DAN RETAIL","TIPE_2":"TOKO KELONTONG","TIPE_3":"-","TELEPON":"0856-4343-4445","ALAMAT":"NGLINGI, RT.02/RW.09, DERO KULON, HARJOBINANGUN, KEC. PAKEM, KABUPATEN SLEMAN, DAERAH ISTIMEWA YOGYAKARTA 55582","ID_PROV":34,"PROVINSI":"DAERAH ISTIMEWA YOGYAKARTA","ID_KABKOT":34.04,"KABKOT":"SLEMAN","ID_KEC":"34.04.16","KECAMATAN":"PAKEM","ID_DESA":"34.04.16.2003","DESA":"HARJOBINANGUN","LONGITUDE":110.4044521,"LATITUDE":-7.6703688,"STATUS":"BUKA","TANGGAL PENGUMPULAN":"Q1 2025","TANGGAL UPDATE":"27/02/2025"}},{"type":"Feature","geometry":{"coordinates":[110.3171891,-7.7533656],"type":"Point"},"properties":{"NAMA":"WIWIN TOKO","TIPE_1":"PERDAGANGAN DAN RETAIL","TIPE_2":"TOKO KELONTONG","TIPE_3":"-","TELEPON":"0857-0265-8807","ALAMAT":"NGRENAK LOR, SIDOMOYO, KEC. GODEAN, KABUPATEN SLEMAN, DAERAH ISTIMEWA YOGYAKARTA 55264","ID_PROV":34,"PROVINSI":"DAERAH ISTIMEWA YOGYAKARTA","ID_KABKOT":34.04,"KABKOT":"SLEMAN","ID_KEC":"34.04.02","KECAMATAN":"GODEAN","ID_DESA":"34.04.02.2007","DESA":"SIDOMOYO","LONGITUDE":110.3171891,"LATITUDE":-7.7533656,"STATUS":"BUKA","TANGGAL PENGUMPULAN":"Q1 2025","TANGGAL UPDATE":"27/02/2025"}},{"type":"Feature","geometry":{"coordinates":[110.4080114,-7.7021007],"type":"Point"},"properties":{"NAMA":"TOKO CALESTA","TIPE_1":"PERDAGANGAN DAN RETAIL","TIPE_2":"TOKO KELONTONG","TIPE_3":"-","TELEPON":"0812-2767-6373","ALAMAT":"NO., JL. PANDANARAN JL. CANDI DUKUH NO.60, CANDI DUKUH, SARDONOHARJO, KEC. PAKEM, KABUPATEN SLEMAN, DAERAH ISTIMEWA YOGYAKARTA 55581","ID_PROV":34,"PROVINSI":"DAERAH ISTIMEWA YOGYAKARTA","ID_KABKOT":34.04,"KABKOT":"SLEMAN","ID_KEC":"34.04.12","KECAMATAN":"NGAGLIK","ID_DESA":"34.04.12.2005","DESA":"SARDONOHARJO","LONGITUDE":110.4080114,"LATITUDE":-7.7021007,"STATUS":"BUKA","TANGGAL PENGUMPULAN":"Q1 2025","TANGGAL UPDATE":"27/02/2025"}},{"type":"Feature","geometry":{"coordinates":[110.3035454,-7.7799154],"type":"Point"},"properties":{"NAMA":"TOKO SEMBAKO","TIPE_1":"PERDAGANGAN DAN RETAIL","TIPE_2":"TOKO KELONTONG","TIPE_3":"-","TELEPON":"0856-4373-6054","ALAMAT":"NOGOSARI, SIDOKARTO, KEC. GODEAN, KABUPATEN SLEMAN, DAERAH ISTIMEWA YOGYAKARTA 55264","ID_PROV":34,"PROVINSI":"DAERAH ISTIMEWA YOGYAKARTA","ID_KABKOT":34.04,"KABKOT":"SLEMAN","ID_KEC":"34.04.02","KECAMATAN":"GODEAN","ID_DESA":"34.04.02.2005","DESA":"SIDOKARTO","LONGITUDE":110.3035454,"LATITUDE":-7.7799154,"STATUS":"BUKA","TANGGAL PENGUMPULAN":"Q1 2025","TANGGAL UPDATE":"27/02/2025"}},{"type":"Feature","geometry":{"coordinates":[110.3183495,-7.7876084],"type":"Point"},"properties":{"NAMA":"ZG SEMBAKO","TIPE_1":"PERDAGANGAN DAN RETAIL","TIPE_2":"TOKO KELONTONG","TIPE_3":"-","TELEPON":"","ALAMAT":"NOMOR 911, MEJING LOR, AMBARKETAWANG, KEC. GAMPING, KABUPATEN SLEMAN, DAERAH ISTIMEWA YOGYAKARTA 55294","ID_PROV":34,"PROVINSI":"DAERAH ISTIMEWA YOGYAKARTA","ID_KABKOT":34.04,"KABKOT":"SLEMAN","ID_KEC":"34.04.01","KECAMATAN":"GAMPING","ID_DESA":"34.04.01.2002","DESA":"AMBARKETAWANG","LONGITUDE":110.3183495,"LATITUDE":-7.7876084,"STATUS":"BUKA","TANGGAL PENGUMPULAN":"Q1 2025","TANGGAL UPDATE":"27/02/2025"}},{"type":"Feature","geometry":{"coordinates":[110.3968703,-7.6506289],"type":"Point"},"properties":{"NAMA":"TOKO KELONTONG OM YASIR","TIPE_1":"PERDAGANGAN DAN RETAIL","TIPE_2":"TOKO KELONTONG","TIPE_3":"-","TELEPON":"","ALAMAT":"NOMOR RUMAH 025, JL. TURGO NO.05/03, JAMBALANGAN, PURWOBINANGUN, KEC. PAKEM, KABUPATEN SLEMAN, DAERAH ISTIMEWA YOGYAKARTA 55582","ID_PROV":34,"PROVINSI":"DAERAH ISTIMEWA YOGYAKARTA","ID_KABKOT":34.04,"KABKOT":"SLEMAN","ID_KEC":"34.04.16","KECAMATAN":"PAKEM","ID_DESA":"34.04.16.2001","DESA":"PURWOBINANGUN","LONGITUDE":110.3968703,"LATITUDE":-7.6506289,"STATUS":"BUKA","TANGGAL PENGUMPULAN":"Q1 2025","TANGGAL UPDATE":"27/02/2025"}},{"type":"Feature","geometry":{"coordinates":[110.3389623,-7.7615582],"type":"Point"},"properties":{"NAMA":"WARUNG KELONTONG BU SITI","TIPE_1":"PERDAGANGAN DAN RETAIL","TIPE_2":"TOKO KELONTONG","TIPE_3":"-","TELEPON":"","ALAMAT":"NUSUPAN, TRIHANGGO, KEC. GAMPING, KABUPATEN SLEMAN, DAERAH ISTIMEWA YOGYAKARTA 55291","ID_PROV":34,"PROVINSI":"DAERAH ISTIMEWA YOGYAKARTA","ID_KABKOT":34.04,"KABKOT":"SLEMAN","ID_KEC":"34.04.01","KECAMATAN":"GAMPING","ID_DESA":"34.04.01.2005","DESA":"TRIHANGGO","LONGITUDE":110.3389623,"LATITUDE":-7.7615582,"STATUS":"BUKA","TANGGAL PENGUMPULAN":"Q1 2025","TANGGAL UPDATE":"27/02/2025"}},{"type":"Feature","geometry":{"coordinates":[110.309001,-7.7947096],"type":"Point"},"properties":{"NAMA":"FAUZIA CELL KELONTONG MBAK ADEK","TIPE_1":"PERDAGANGAN DAN RETAIL","TIPE_2":"TOKO KELONTONG","TIPE_3":"-","TELEPON":"0857-0245-0870","ALAMAT":"NYAMPLUNG KIDUL, BALECATUR, KEC. GAMPING, KABUPATEN SLEMAN, DAERAH ISTIMEWA YOGYAKARTA 55295","ID_PROV":34,"PROVINSI":"DAERAH ISTIMEWA YOGYAKARTA","ID_KABKOT":34.04,"KABKOT":"SLEMAN","ID_KEC":"34.04.01","KECAMATAN":"GAMPING","ID_DESA":"34.04.01.2001","DESA":"BALECATUR","LONGITUDE":110.309001,"LATITUDE":-7.7947096,"STATUS":"BUKA","TANGGAL PENGUMPULAN":"Q1 2025","TANGGAL UPDATE":"27/02/2025"}},{"type":"Feature","geometry":{"coordinates":[110.2805207,-7.6961434],"type":"Point"},"properties":{"NAMA":"TOKO HN","TIPE_1":"PERDAGANGAN DAN RETAIL","TIPE_2":"TOKO KELONTONG","TIPE_3":"-","TELEPON":"0895-3337-32893","ALAMAT":"ONGGOJAYAN, BANYUREJO, KEC. TEMPEL, KABUPATEN SLEMAN, DAERAH ISTIMEWA YOGYAKARTA 55552","ID_PROV":34,"PROVINSI":"DAERAH ISTIMEWA YOGYAKARTA","ID_KABKOT":34.04,"KABKOT":"SLEMAN","ID_KEC":"34.04.14","KECAMATAN":"TEMPEL","ID_DESA":"34.04.14.2001","DESA":"BANYUREJO","LONGITUDE":110.2805207,"LATITUDE":-7.6961434,"STATUS":"BUKA","TANGGAL PENGUMPULAN":"Q1 2025","TANGGAL UPDATE":"27/02/2025"}},{"type":"Feature","geometry":{"coordinates":[110.42955,-7.66442],"type":"Point"},"properties":{"NAMA":"ATIKAH BU NUR FADILAH","TIPE_1":"PERDAGANGAN DAN RETAIL","TIPE_2":"TOKO KELONTONG","TIPE_3":"-","TELEPON":"0857-4338-3503","ALAMAT":"PADUKAN, PAKEMBINANGUN, KEC. PAKEM, KABUPATEN SLEMAN, DAERAH ISTIMEWA YOGYAKARTA 55582","ID_PROV":34,"PROVINSI":"DAERAH ISTIMEWA YOGYAKARTA","ID_KABKOT":34.04,"KABKOT":"SLEMAN","ID_KEC":"34.04.16","KECAMATAN":"PAKEM","ID_DESA":"34.04.16.2004","DESA":"PAKEMBINANGUN","LONGITUDE":110.42955,"LATITUDE":-7.66442,"STATUS":"BUKA","TANGGAL PENGUMPULAN":"Q1 2025","TANGGAL UPDATE":"27/02/2025"}},{"type":"Feature","geometry":{"coordinates":[110.4475569,-7.6266733],"type":"Point"},"properties":{"NAMA":"WARUNG KELONTONG BU MUH","TIPE_1":"PERDAGANGAN DAN RETAIL","TIPE_2":"TOKO KELONTONG","TIPE_3":"-","TELEPON":"0856-0035-3584","ALAMAT":"PAGER JURANG, KEPUHARJO, CANGKRINGAN, SLEMAN REGENCY, SPECIAL REGION OF YOGYAKARTA 55583","ID_PROV":34,"PROVINSI":"DAERAH ISTIMEWA YOGYAKARTA","ID_KABKOT":34.04,"KABKOT":"SLEMAN","ID_KEC":"34.04.17","KECAMATAN":"CANGKRINGAN","ID_DESA":"34.04.17.2004","DESA":"KEPUHARJO","LONGITUDE":110.4475569,"LATITUDE":-7.6266733,"STATUS":"BUKA","TANGGAL PENGUMPULAN":"Q1 2025","TANGGAL UPDATE":"27/02/2025"}},{"type":"Feature","geometry":{"coordinates":[110.4476142,-7.6283812],"type":"Point"},"properties":{"NAMA":"TOKO HJ KASILAH","TIPE_1":"PERDAGANGAN DAN RETAIL","TIPE_2":"TOKO KELONTONG","TIPE_3":"-","TELEPON":"","ALAMAT":"PAGER JURANG, KEPUHARJO, KEC. CANGKRINGAN, KABUPATEN SLEMAN, DAERAH ISTIMEWA YOGYAKARTA 55583","ID_PROV":34,"PROVINSI":"DAERAH ISTIMEWA YOGYAKARTA","ID_KABKOT":34.04,"KABKOT":"SLEMAN","ID_KEC":"34.04.17","KECAMATAN":"CANGKRINGAN","ID_DESA":"34.04.17.2004","DESA":"KEPUHARJO","LONGITUDE":110.4476142,"LATITUDE":-7.6283812,"STATUS":"BUKA","TANGGAL PENGUMPULAN":"Q1 2025","TANGGAL UPDATE":"27/02/2025"}},{"type":"Feature","geometry":{"coordinates":[110.4544651,-7.6255036],"type":"Point"},"properties":{"NAMA":"HAFIZAH TOKO","TIPE_1":"PERDAGANGAN DAN RETAIL","TIPE_2":"TOKO KELONTONG","TIPE_3":"-","TELEPON":"0821-3362-6834","ALAMAT":"PAGERJURANG (DEPAN SMP N 2, PAGER JURANG, KEPUHARJO, KEC. CANGKRINGAN, KABUPATEN SLEMAN, DAERAH ISTIMEWA YOGYAKARTA 55583","ID_PROV":34,"PROVINSI":"DAERAH ISTIMEWA YOGYAKARTA","ID_KABKOT":34.04,"KABKOT":"SLEMAN","ID_KEC":"34.04.17","KECAMATAN":"CANGKRINGAN","ID_DESA":"34.04.17.2004","DESA":"KEPUHARJO","LONGITUDE":110.4544651,"LATITUDE":-7.6255036,"STATUS":"BUKA","TANGGAL PENGUMPULAN":"Q1 2025","TANGGAL UPDATE":"27/02/2025"}},{"type":"Feature","geometry":{"coordinates":[110.4239674,-7.6660562],"type":"Point"},"properties":{"NAMA":"TOKO AMIRA","TIPE_1":"PERDAGANGAN DAN RETAIL","TIPE_2":"TOKO KELONTONG","TIPE_3":"-","TELEPON":"0815-7877-0583","ALAMAT":"PAKEMGEDE, PAKEMBINANGUN, KEC. PAKEM, KABUPATEN SLEMAN, DAERAH ISTIMEWA YOGYAKARTA 55582","ID_PROV":34,"PROVINSI":"DAERAH ISTIMEWA YOGYAKARTA","ID_KABKOT":34.04,"KABKOT":"SLEMAN","ID_KEC":"34.04.16","KECAMATAN":"PAKEM","ID_DESA":"34.04.16.2004","DESA":"PAKEMBINANGUN","LONGITUDE":110.4239674,"LATITUDE":-7.6660562,"STATUS":"BUKA","TANGGAL PENGUMPULAN":"Q1 2025","TANGGAL UPDATE":"27/02/2025"}},{"type":"Feature","geometry":{"coordinates":[110.4209393,-7.666539],"type":"Point"},"properties":{"NAMA":"TOKO RAHAYU","TIPE_1":"PERDAGANGAN DAN RETAIL","TIPE_2":"TOKO KELONTONG","TIPE_3":"-","TELEPON":"","ALAMAT":"PAKEMTEGAL, PAKEMBINANGUN, KEC. PAKEM, KABUPATEN SLEMAN, DAERAH ISTIMEWA YOGYAKARTA 55582","ID_PROV":34,"PROVINSI":"DAERAH ISTIMEWA YOGYAKARTA","ID_KABKOT":34.04,"KABKOT":"SLEMAN","ID_KEC":"34.04.16","KECAMATAN":"PAKEM","ID_DESA":"34.04.16.2004","DESA":"PAKEMBINANGUN","LONGITUDE":110.4209393,"LATITUDE":-7.666539,"STATUS":"BUKA","TANGGAL PENGUMPULAN":"Q1 2025","TANGGAL UPDATE":"27/02/2025"}},{"type":"Feature","geometry":{"coordinates":[110.4113578,-7.7262912],"type":"Point"},"properties":{"NAMA":"TOKO MBAK ADE","TIPE_1":"PERDAGANGAN DAN RETAIL","TIPE_2":"TOKO KELONTONG","TIPE_3":"-","TELEPON":"0822-4911-1920","ALAMAT":"PALGADING, SINDUHARJO, KEC. NGAGLIK, KABUPATEN SLEMAN, DAERAH ISTIMEWA YOGYAKARTA 55581","ID_PROV":34,"PROVINSI":"DAERAH ISTIMEWA YOGYAKARTA","ID_KABKOT":34.04,"KABKOT":"SLEMAN","ID_KEC":"34.04.12","KECAMATAN":"NGAGLIK","ID_DESA":"34.04.12.2003","DESA":"SINDUHARJO","LONGITUDE":110.4113578,"LATITUDE":-7.7262912,"STATUS":"BUKA","TANGGAL PENGUMPULAN":"Q1 2025","TANGGAL UPDATE":"27/02/2025"}},{"type":"Feature","geometry":{"coordinates":[110.4110966,-7.7266162],"type":"Point"},"properties":{"NAMA":"TOKO PAK GATOT","TIPE_1":"PERDAGANGAN DAN RETAIL","TIPE_2":"TOKO KELONTONG","TIPE_3":"-","TELEPON":"0857-2950-8677","ALAMAT":"PALGADING, SINDUHARJO, KEC. NGAGLIK, KABUPATEN SLEMAN, DAERAH ISTIMEWA YOGYAKARTA 55581","ID_PROV":34,"PROVINSI":"DAERAH ISTIMEWA YOGYAKARTA","ID_KABKOT":34.04,"KABKOT":"SLEMAN","ID_KEC":"34.04.12","KECAMATAN":"NGAGLIK","ID_DESA":"34.04.12.2003","DESA":"SINDUHARJO","LONGITUDE":110.4110966,"LATITUDE":-7.7266162,"STATUS":"BUKA","TANGGAL PENGUMPULAN":"Q1 2025","TANGGAL UPDATE":"27/02/2025"}},{"type":"Feature","geometry":{"coordinates":[110.4113329,-7.7196881],"type":"Point"},"properties":{"NAMA":"WARUNGE PAK SUDARTO","TIPE_1":"PERDAGANGAN DAN RETAIL","TIPE_2":"TOKO KELONTONG","TIPE_3":"-","TELEPON":"0823-1982-8181","ALAMAT":"PALGADING, SINDUHARJO, KEC. NGAGLIK, KABUPATEN SLEMAN, DAERAH ISTIMEWA YOGYAKARTA 55581","ID_PROV":34,"PROVINSI":"DAERAH ISTIMEWA YOGYAKARTA","ID_KABKOT":34.04,"KABKOT":"SLEMAN","ID_KEC":"34.04.12","KECAMATAN":"NGAGLIK","ID_DESA":"34.04.12.2003","DESA":"SINDUHARJO","LONGITUDE":110.4113329,"LATITUDE":-7.7196881,"STATUS":"BUKA","TANGGAL PENGUMPULAN":"Q1 2025","TANGGAL UPDATE":"27/02/2025"}},{"type":"Feature","geometry":{"coordinates":[110.3553297,-7.6648744],"type":"Point"},"properties":{"NAMA":"WARUNG BU HERWANTI","TIPE_1":"PERDAGANGAN DAN RETAIL","TIPE_2":"TOKO KELONTONG","TIPE_3":"-","TELEPON":"0857-0120-6040","ALAMAT":"PAMBREGAN, KAWEDAN, TRIMULYO, KEC. SLEMAN, KABUPATEN SLEMAN, DAERAH ISTIMEWA YOGYAKARTA 55513","ID_PROV":34,"PROVINSI":"DAERAH ISTIMEWA YOGYAKARTA","ID_KABKOT":34.04,"KABKOT":"SLEMAN","ID_KEC":"34.04.13","KECAMATAN":"SLEMAN","ID_DESA":"34.04.13.2005","DESA":"TRIMULYO","LONGITUDE":110.3553297,"LATITUDE":-7.6648744,"STATUS":"BUKA","TANGGAL PENGUMPULAN":"Q1 2025","TANGGAL UPDATE":"27/02/2025"}},{"type":"Feature","geometry":{"coordinates":[110.3455184,-7.6557695],"type":"Point"},"properties":{"NAMA":"WARUNG KELONTONG BU RAHMI","TIPE_1":"PERDAGANGAN DAN RETAIL","TIPE_2":"TOKO KELONTONG","TIPE_3":"-","TELEPON":"","ALAMAT":"PANDAN SAREN, KABUPATEN SLEMAN, DAERAH ISTIMEWA YOGYAKARTA 55551","ID_PROV":34,"PROVINSI":"DAERAH ISTIMEWA YOGYAKARTA","ID_KABKOT":34.04,"KABKOT":"SLEMAN","ID_KEC":"34.04.15","KECAMATAN":"TURI","ID_DESA":"34.04.15.2001","DESA":"BANGUNKERTO","LONGITUDE":110.3455184,"LATITUDE":-7.6557695,"STATUS":"BUKA","TANGGAL PENGUMPULAN":"Q1 2025","TANGGAL UPDATE":"27/02/2025"}},{"type":"Feature","geometry":{"coordinates":[110.2870351,-7.76159],"type":"Point"},"properties":{"NAMA":"TOKO KELONTONG BU INEM","TIPE_1":"PERDAGANGAN DAN RETAIL","TIPE_2":"TOKO KELONTONG","TIPE_3":"-","TELEPON":"","ALAMAT":"PANDEAN, SIDOLUHUR, KEC. GODEAN, KABUPATEN SLEMAN, DAERAH ISTIMEWA YOGYAKARTA 55264","ID_PROV":34,"PROVINSI":"DAERAH ISTIMEWA YOGYAKARTA","ID_KABKOT":34.04,"KABKOT":"SLEMAN","ID_KEC":"34.04.02","KECAMATAN":"GODEAN","ID_DESA":"34.04.02.2002","DESA":"SIDOLUHUR","LONGITUDE":110.2870351,"LATITUDE":-7.76159,"STATUS":"BUKA","TANGGAL PENGUMPULAN":"Q1 2025","TANGGAL UPDATE":"27/02/2025"}},{"type":"Feature","geometry":{"coordinates":[110.3432173,-7.6923424],"type":"Point"},"properties":{"NAMA":"TOKO KELONTONG DUKUH GEBANG I","TIPE_1":"PERDAGANGAN DAN RETAIL","TIPE_2":"TOKO KELONTONG","TIPE_3":"-","TELEPON":"","ALAMAT":"PANGGERAN 7, TRIHARJO, KEC. SLEMAN, KABUPATEN SLEMAN, DAERAH ISTIMEWA YOGYAKARTA 55514","ID_PROV":34,"PROVINSI":"DAERAH ISTIMEWA YOGYAKARTA","ID_KABKOT":34.04,"KABKOT":"SLEMAN","ID_KEC":"34.04.13","KECAMATAN":"SLEMAN","ID_DESA":"34.04.13.2002","DESA":"TRIHARJO","LONGITUDE":110.3432173,"LATITUDE":-7.6923424,"STATUS":"BUKA","TANGGAL PENGUMPULAN":"Q1 2025","TANGGAL UPDATE":"27/02/2025"}},{"type":"Feature","geometry":{"coordinates":[110.3689345,-7.7429741],"type":"Point"},"properties":{"NAMA":"WARUNG MILAH WATU KODOK","TIPE_1":"PERDAGANGAN DAN RETAIL","TIPE_2":"TOKO KELONTONG","TIPE_3":"-","TELEPON":"","ALAMAT":"PANGGUNG SARI, SARIHARJO, KEC. NGAGLIK, KABUPATEN SLEMAN, DAERAH ISTIMEWA YOGYAKARTA 55284","ID_PROV":34,"PROVINSI":"DAERAH ISTIMEWA YOGYAKARTA","ID_KABKOT":34.04,"KABKOT":"SLEMAN","ID_KEC":"34.04.12","KECAMATAN":"NGAGLIK","ID_DESA":"34.04.12.2001","DESA":"SARIHARJO","LONGITUDE":110.3689345,"LATITUDE":-7.7429741,"STATUS":"BUKA","TANGGAL PENGUMPULAN":"Q1 2025","TANGGAL UPDATE":"27/02/2025"}},{"type":"Feature","geometry":{"coordinates":[110.3681615,-7.7421663],"type":"Point"},"properties":{"NAMA":"WARUNG KELONTONG RIZKY","TIPE_1":"PERDAGANGAN DAN RETAIL","TIPE_2":"TOKO KELONTONG","TIPE_3":"-","TELEPON":"","ALAMAT":"PANGGUNG SARI, SARIHARJO, KEC. NGAGLIK, KABUPATEN SLEMAN, DAERAH ISTIMEWA YOGYAKARTA 55581","ID_PROV":34,"PROVINSI":"DAERAH ISTIMEWA YOGYAKARTA","ID_KABKOT":34.04,"KABKOT":"SLEMAN","ID_KEC":"34.04.12","KECAMATAN":"NGAGLIK","ID_DESA":"34.04.12.2001","DESA":"SARIHARJO","LONGITUDE":110.3681615,"LATITUDE":-7.7421663,"STATUS":"BUKA","TANGGAL PENGUMPULAN":"Q1 2025","TANGGAL UPDATE":"27/02/2025"}},{"type":"Feature","geometry":{"coordinates":[110.4222551,-7.6563035],"type":"Point"},"properties":{"NAMA":"WARUNG MEDAN","TIPE_1":"PERDAGANGAN DAN RETAIL","TIPE_2":"TOKO KELONTONG","TIPE_3":"-","TELEPON":"0858-7846-1292","ALAMAT":"PARAKSARI RT.10, AREA SAWAH, PAKEMBINANGUN, KEC. PAKEM, KABUPATEN SLEMAN, DAERAH ISTIMEWA YOGYAKARTA 55582","ID_PROV":34,"PROVINSI":"DAERAH ISTIMEWA YOGYAKARTA","ID_KABKOT":34.04,"KABKOT":"SLEMAN","ID_KEC":"34.04.16","KECAMATAN":"PAKEM","ID_DESA":"34.04.16.2004","DESA":"PAKEMBINANGUN","LONGITUDE":110.4222551,"LATITUDE":-7.6563035,"STATUS":"BUKA","TANGGAL PENGUMPULAN":"Q1 2025","TANGGAL UPDATE":"27/02/2025"}},{"type":"Feature","geometry":{"coordinates":[110.4212409,-7.6562429],"type":"Point"},"properties":{"NAMA":"TOKO BINTANG","TIPE_1":"PERDAGANGAN DAN RETAIL","TIPE_2":"TOKO KELONTONG","TIPE_3":"-","TELEPON":"","ALAMAT":"PARAKSARI, PAKEMBINANGUN, KEC. PAKEM, KABUPATEN SLEMAN, DAERAH ISTIMEWA YOGYAKARTA 55582","ID_PROV":34,"PROVINSI":"DAERAH ISTIMEWA YOGYAKARTA","ID_KABKOT":34.04,"KABKOT":"SLEMAN","ID_KEC":"34.04.16","KECAMATAN":"PAKEM","ID_DESA":"34.04.16.2004","DESA":"PAKEMBINANGUN","LONGITUDE":110.4212409,"LATITUDE":-7.6562429,"STATUS":"BUKA","TANGGAL PENGUMPULAN":"Q1 2025","TANGGAL UPDATE":"27/02/2025"}},{"type":"Feature","geometry":{"coordinates":[110.4826881,-7.7926082],"type":"Point"},"properties":{"NAMA":"TOKO SEDULUR","TIPE_1":"PERDAGANGAN DAN RETAIL","TIPE_2":"TOKO KELONTONG","TIPE_3":"-","TELEPON":"0859-4377-2696","ALAMAT":"PASAR GENDENG, JL. RAYA PIYUNGAN - PRAMBANAN NO.KM.5, POTROJAYAN, MADUREJO, KEC. PRAMBANAN, KABUPATEN SLEMAN, DAERAH ISTIMEWA YOGYAKARTA 55572","ID_PROV":34,"PROVINSI":"DAERAH ISTIMEWA YOGYAKARTA","ID_KABKOT":34.04,"KABKOT":"SLEMAN","ID_KEC":"34.04.09","KECAMATAN":"PRAMBANAN","ID_DESA":"34.04.09.2005","DESA":"MADUREJO","LONGITUDE":110.4826881,"LATITUDE":-7.7926082,"STATUS":"BUKA","TANGGAL PENGUMPULAN":"Q1 2025","TANGGAL UPDATE":"27/02/2025"}},{"type":"Feature","geometry":{"coordinates":[110.323217,-7.646272],"type":"Point"},"properties":{"NAMA":"TOKO POJOK","TIPE_1":"PERDAGANGAN DAN RETAIL","TIPE_2":"TOKO KELONTONG","TIPE_3":"-","TELEPON":"0817-260-803","ALAMAT":"PASAR TEMPEL, JL. MAGELANG - YOGYAKARTA LOS SELATAN, PANGGUNG, LUMBUNGREJO, KEC. TEMPEL, KABUPATEN MAGELANG, JAWA TENGAH 56484","ID_PROV":34,"PROVINSI":"DAERAH ISTIMEWA YOGYAKARTA","ID_KABKOT":34.04,"KABKOT":"SLEMAN","ID_KEC":"34.04.14","KECAMATAN":"TEMPEL","ID_DESA":"34.04.14.2007","DESA":"LUMBUNGREJO","LONGITUDE":110.323217,"LATITUDE":-7.646272,"STATUS":"BUKA","TANGGAL PENGUMPULAN":"Q1 2025","TANGGAL UPDATE":"27/02/2025"}},{"type":"Feature","geometry":{"coordinates":[110.3235051,-7.6458837],"type":"Point"},"properties":{"NAMA":"KIOS SEMBAKO DIAN","TIPE_1":"PERDAGANGAN DAN RETAIL","TIPE_2":"TOKO KELONTONG","TIPE_3":"-","TELEPON":"0857-2939-4525","ALAMAT":"PASAR, NGEPOS, LUMBUNGREJO, KEC. TEMPEL, KABUPATEN SLEMAN, DAERAH ISTIMEWA YOGYAKARTA","ID_PROV":34,"PROVINSI":"DAERAH ISTIMEWA YOGYAKARTA","ID_KABKOT":34.04,"KABKOT":"SLEMAN","ID_KEC":"34.04.14","KECAMATAN":"TEMPEL","ID_DESA":"34.04.14.2007","DESA":"LUMBUNGREJO","LONGITUDE":110.3235051,"LATITUDE":-7.6458837,"STATUS":"BUKA","TANGGAL PENGUMPULAN":"Q1 2025","TANGGAL UPDATE":"27/02/2025"}},{"type":"Feature","geometry":{"coordinates":[110.4751302,-7.7997901],"type":"Point"},"properties":{"NAMA":"WARUNG BU WIWIK HERI GAWOEL","TIPE_1":"PERDAGANGAN DAN RETAIL","TIPE_2":"TOKO KELONTONG","TIPE_3":"-","TELEPON":"","ALAMAT":"PATRAN, DUKUH, MADUREJO, KEC. PRAMBANAN, KABUPATEN SLEMAN, DAERAH ISTIMEWA YOGYAKARTA 55572","ID_PROV":34,"PROVINSI":"DAERAH ISTIMEWA YOGYAKARTA","ID_KABKOT":34.04,"KABKOT":"SLEMAN","ID_KEC":"34.04.09","KECAMATAN":"PRAMBANAN","ID_DESA":"34.04.09.2005","DESA":"MADUREJO","LONGITUDE":110.4751302,"LATITUDE":-7.7997901,"STATUS":"BUKA","TANGGAL PENGUMPULAN":"Q1 2025","TANGGAL UPDATE":"27/02/2025"}},{"type":"Feature","geometry":{"coordinates":[110.321123,-7.7935121],"type":"Point"},"properties":{"NAMA":"KIOS SEMBAKO SIDO LARIS","TIPE_1":"PERDAGANGAN DAN RETAIL","TIPE_2":"TOKO KELONTONG","TIPE_3":"-","TELEPON":"0812-2720-531","ALAMAT":"PATUKAN, RT.04, PATUKAN, AMBARKETAWANG, KEC. GAMPING, KABUPATEN SLEMAN, DAERAH ISTIMEWA YOGYAKARTA 55294","ID_PROV":34,"PROVINSI":"DAERAH ISTIMEWA YOGYAKARTA","ID_KABKOT":34.04,"KABKOT":"SLEMAN","ID_KEC":"34.04.01","KECAMATAN":"GAMPING","ID_DESA":"34.04.01.2002","DESA":"AMBARKETAWANG","LONGITUDE":110.321123,"LATITUDE":-7.7935121,"STATUS":"BUKA","TANGGAL PENGUMPULAN":"Q1 2025","TANGGAL UPDATE":"27/02/2025"}},{"type":"Feature","geometry":{"coordinates":[110.331853,-7.799919],"type":"Point"},"properties":{"NAMA":"TOKO BU SITI 57","TIPE_1":"PERDAGANGAN DAN RETAIL","TIPE_2":"TOKO KELONTONG","TIPE_3":"-","TELEPON":"","ALAMAT":"PELEM GURIH, JL. WATES NO.KM. 3 5, AREA SAWAH, BANYURADEN, KEC. GAMPING, KABUPATEN SLEMAN, DAERAH ISTIMEWA YOGYAKARTA 55293","ID_PROV":34,"PROVINSI":"DAERAH ISTIMEWA YOGYAKARTA","ID_KABKOT":34.04,"KABKOT":"SLEMAN","ID_KEC":"34.04.01","KECAMATAN":"GAMPING","ID_DESA":"34.04.01.2003","DESA":"BANYURADEN","LONGITUDE":110.331853,"LATITUDE":-7.799919,"STATUS":"BUKA","TANGGAL PENGUMPULAN":"Q1 2025","TANGGAL UPDATE":"27/02/2025"}},{"type":"Feature","geometry":{"coordinates":[110.4493311,-7.8203546],"type":"Point"},"properties":{"NAMA":"TOKO MADINAH","TIPE_1":"PERDAGANGAN DAN RETAIL","TIPE_2":"TOKO KELONTONG","TIPE_3":"-","TELEPON":"","ALAMAT":"PENDEM, TEGALTIRTO, BERBAH, SLEMAN REGENCY, SPECIAL REGION OF YOGYAKARTA 55573","ID_PROV":34,"PROVINSI":"DAERAH ISTIMEWA YOGYAKARTA","ID_KABKOT":34.04,"KABKOT":"SLEMAN","ID_KEC":"34.04.08","KECAMATAN":"BERBAH","ID_DESA":"34.04.08.2002","DESA":"TEGALTIRTO","LONGITUDE":110.4493311,"LATITUDE":-7.8203546,"STATUS":"BUKA","TANGGAL PENGUMPULAN":"Q1 2025","TANGGAL UPDATE":"27/02/2025"}},{"type":"Feature","geometry":{"coordinates":[110.4614326,-7.7990396],"type":"Point"},"properties":{"NAMA":"TOKO MINTO","TIPE_1":"PERDAGANGAN DAN RETAIL","TIPE_2":"TOKO KELONTONG","TIPE_3":"-","TELEPON":"0821-3247-5198","ALAMAT":"PERUM DIRGANTARA ASRI. BLOK J9, JRAGUNG, JOGOTIRTO, KEC. BERBAH, KABUPATEN SLEMAN, DAERAH ISTIMEWA YOGYAKARTA 55573","ID_PROV":34,"PROVINSI":"DAERAH ISTIMEWA YOGYAKARTA","ID_KABKOT":34.04,"KABKOT":"SLEMAN","ID_KEC":"34.04.08","KECAMATAN":"BERBAH","ID_DESA":"34.04.08.2004","DESA":"JOGOTIRTO","LONGITUDE":110.4614326,"LATITUDE":-7.7990396,"STATUS":"BUKA","TANGGAL PENGUMPULAN":"Q1 2025","TANGGAL UPDATE":"27/02/2025"}},{"type":"Feature","geometry":{"coordinates":[110.3208778,-7.7806124],"type":"Point"},"properties":{"NAMA":"WARUNG KELONTONG RIYANTI","TIPE_1":"PERDAGANGAN DAN RETAIL","TIPE_2":"TOKO KELONTONG","TIPE_3":"-","TELEPON":"(0274) 797368","ALAMAT":"PERUM. SIDOARUM 2 JL. JERUK NO.D40, KRAMAT, SIDOARUM, KEC. GODEAN, KABUPATEN SLEMAN, DAERAH ISTIMEWA YOGYAKARTA 55564","ID_PROV":34,"PROVINSI":"DAERAH ISTIMEWA YOGYAKARTA","ID_KABKOT":34.04,"KABKOT":"SLEMAN","ID_KEC":"34.04.02","KECAMATAN":"GODEAN","ID_DESA":"34.04.02.2006","DESA":"SIDOARUM","LONGITUDE":110.3208778,"LATITUDE":-7.7806124,"STATUS":"BUKA","TANGGAL PENGUMPULAN":"Q1 2025","TANGGAL UPDATE":"27/02/2025"}},{"type":"Feature","geometry":{"coordinates":[110.4147235,-7.7458521],"type":"Point"},"properties":{"NAMA":"TOKO KELONTONG FARELLIO","TIPE_1":"PERDAGANGAN DAN RETAIL","TIPE_2":"TOKO KELONTONG","TIPE_3":"-","TELEPON":"(0274) 883225","ALAMAT":"PERUMAHAN CANDI GEBANG PERMAI J-15, JETIS, WEDOMARTANI, KEC. NGEMPLAK, KABUPATEN SLEMAN, DAERAH ISTIMEWA YOGYAKARTA 55584","ID_PROV":34,"PROVINSI":"DAERAH ISTIMEWA YOGYAKARTA","ID_KABKOT":34.04,"KABKOT":"SLEMAN","ID_KEC":"34.04.11","KECAMATAN":"NGEMPLAK","ID_DESA":"34.04.11.2004","DESA":"WEDOMARTANI","LONGITUDE":110.4147235,"LATITUDE":-7.7458521,"STATUS":"BUKA","TANGGAL PENGUMPULAN":"Q1 2025","TANGGAL UPDATE":"27/02/2025"}},{"type":"Feature","geometry":{"coordinates":[110.4831909,-7.7491453],"type":"Point"},"properties":{"NAMA":"TOKO SEMBAKO DIAN RIZKY","TIPE_1":"PERDAGANGAN DAN RETAIL","TIPE_2":"TOKO KELONTONG","TIPE_3":"-","TELEPON":"","ALAMAT":"PERUMAHAN GRIYA TAMAN SEJAHTERA BLOK F6, KARANG MOJO, TAMANMARTANI, KEC. KALASAN, KABUPATEN SLEMAN, DAERAH ISTIMEWA YOGYAKARTA 55571","ID_PROV":34,"PROVINSI":"DAERAH ISTIMEWA YOGYAKARTA","ID_KABKOT":34.04,"KABKOT":"SLEMAN","ID_KEC":"34.04.10","KECAMATAN":"KALASAN","ID_DESA":"34.04.10.2003","DESA":"TAMANMARTANI","LONGITUDE":110.4831909,"LATITUDE":-7.7491453,"STATUS":"BUKA","TANGGAL PENGUMPULAN":"Q1 2025","TANGGAL UPDATE":"27/02/2025"}},{"type":"Feature","geometry":{"coordinates":[110.3279056,-7.7683218],"type":"Point"},"properties":{"NAMA":"TOKO SEMBAKO WARDI","TIPE_1":"PERDAGANGAN DAN RETAIL","TIPE_2":"TOKO KELONTONG","TIPE_3":"-","TELEPON":"","ALAMAT":"PERUMAHAN GUMUK INDAH B.82, KEL, BESI, SIDOARUM, GODEAN, SLEMAN REGENCY, SPECIAL REGION OF YOGYAKARTA 55564","ID_PROV":34,"PROVINSI":"DAERAH ISTIMEWA YOGYAKARTA","ID_KABKOT":34.04,"KABKOT":"SLEMAN","ID_KEC":"34.04.02","KECAMATAN":"GODEAN","ID_DESA":"34.04.02.2006","DESA":"SIDOARUM","LONGITUDE":110.3279056,"LATITUDE":-7.7683218,"STATUS":"BUKA","TANGGAL PENGUMPULAN":"Q1 2025","TANGGAL UPDATE":"27/02/2025"}},{"type":"Feature","geometry":{"coordinates":[110.2885462,-7.8196082],"type":"Point"},"properties":{"NAMA":"TOKO AZARA","TIPE_1":"PERDAGANGAN DAN RETAIL","TIPE_2":"TOKO KELONTONG","TIPE_3":"-","TELEPON":"0813-9152-0809","ALAMAT":"PERUMAHAN JATISAWIT ASRI BLOK AB 1, GN. SALAM, BALECATUR, KEC. GAMPING, KABUPATEN SLEMAN, DAERAH ISTIMEWA YOGYAKARTA 55295","ID_PROV":34,"PROVINSI":"DAERAH ISTIMEWA YOGYAKARTA","ID_KABKOT":34.04,"KABKOT":"SLEMAN","ID_KEC":"34.04.01","KECAMATAN":"GAMPING","ID_DESA":"34.04.01.2001","DESA":"BALECATUR","LONGITUDE":110.2885462,"LATITUDE":-7.8196082,"STATUS":"BUKA","TANGGAL PENGUMPULAN":"Q1 2025","TANGGAL UPDATE":"27/02/2025"}},{"type":"Feature","geometry":{"coordinates":[110.4337967,-7.6913914],"type":"Point"},"properties":{"NAMA":"TOKO PAK SUNARTO","TIPE_1":"PERDAGANGAN DAN RETAIL","TIPE_2":"TOKO KELONTONG","TIPE_3":"-","TELEPON":"0852-9031-5561","ALAMAT":"PERUMAHAN KCVRI, KENCURAN SUKOHARJO NO.92, TANJUNGSARI, SUKOHARJO, KEC. NGAGLIK, KABUPATEN SLEMAN, DAERAH ISTIMEWA YOGYAKARTA 55581","ID_PROV":34,"PROVINSI":"DAERAH ISTIMEWA YOGYAKARTA","ID_KABKOT":34.04,"KABKOT":"SLEMAN","ID_KEC":"34.04.12","KECAMATAN":"NGAGLIK","ID_DESA":"34.04.12.2004","DESA":"SUKOHARJO","LONGITUDE":110.4337967,"LATITUDE":-7.6913914,"STATUS":"BUKA","TANGGAL PENGUMPULAN":"Q1 2025","TANGGAL UPDATE":"27/02/2025"}},{"type":"Feature","geometry":{"coordinates":[110.3399541,-7.6719796],"type":"Point"},"properties":{"NAMA":"TOKO SEMBAKO BU PARTI","TIPE_1":"PERDAGANGAN DAN RETAIL","TIPE_2":"TOKO KELONTONG","TIPE_3":"-","TELEPON":"0877-4229-5859","ALAMAT":"PERUMAHAN MARGOREJO ASRI BLOK N13, RT.02/RW.30, KEMLOKO, MARGOREJO, KEC. TEMPEL, KABUPATEN SLEMAN, DAERAH ISTIMEWA YOGYAKARTA 55552","ID_PROV":34,"PROVINSI":"DAERAH ISTIMEWA YOGYAKARTA","ID_KABKOT":34.04,"KABKOT":"SLEMAN","ID_KEC":"34.04.14","KECAMATAN":"TEMPEL","ID_DESA":"34.04.14.2006","DESA":"MARGOREJO","LONGITUDE":110.3399541,"LATITUDE":-7.6719796,"STATUS":"BUKA","TANGGAL PENGUMPULAN":"Q1 2025","TANGGAL UPDATE":"27/02/2025"}},{"type":"Feature","geometry":{"coordinates":[110.4630909,-7.7484825],"type":"Point"},"properties":{"NAMA":"TOKO KELONTONG BU ARWAN","TIPE_1":"PERDAGANGAN DAN RETAIL","TIPE_2":"TOKO KELONTONG","TIPE_3":"-","TELEPON":"","ALAMAT":"PERUMAHAN PESONA, BABADAN, PURWOMARTANI, KALASAN, SLEMAN REGENCY, SPECIAL REGION OF YOGYAKARTA 55571","ID_PROV":34,"PROVINSI":"DAERAH ISTIMEWA YOGYAKARTA","ID_KABKOT":34.04,"KABKOT":"SLEMAN","ID_KEC":"34.04.10","KECAMATAN":"KALASAN","ID_DESA":"34.04.10.2001","DESA":"PURWOMARTANI","LONGITUDE":110.4630909,"LATITUDE":-7.7484825,"STATUS":"BUKA","TANGGAL PENGUMPULAN":"Q1 2025","TANGGAL UPDATE":"27/02/2025"}},{"type":"Feature","geometry":{"coordinates":[110.3113586,-7.7682027],"type":"Point"},"properties":{"NAMA":"TOKO KELONTONG KIMDAY","TIPE_1":"PERDAGANGAN DAN RETAIL","TIPE_2":"TOKO KELONTONG","TIPE_3":"-","TELEPON":"","ALAMAT":"PERUMAHAN, JL. SIDOKARTO CANGGIH ASRI NO.B20, JETAK 2, SIDOKARTO, KEC. GODEAN, KABUPATEN SLEMAN, DAERAH ISTIMEWA YOGYAKARTA 55264","ID_PROV":34,"PROVINSI":"DAERAH ISTIMEWA YOGYAKARTA","ID_KABKOT":34.04,"KABKOT":"SLEMAN","ID_KEC":"34.04.02","KECAMATAN":"GODEAN","ID_DESA":"34.04.02.2005","DESA":"SIDOKARTO","LONGITUDE":110.3113586,"LATITUDE":-7.7682027,"STATUS":"BUKA","TANGGAL PENGUMPULAN":"Q1 2025","TANGGAL UPDATE":"27/02/2025"}},{"type":"Feature","geometry":{"coordinates":[110.3039673,-7.7202663],"type":"Point"},"properties":{"NAMA":"ENGGAL JOYO SEMBAKO & SAYUR","TIPE_1":"PERDAGANGAN DAN RETAIL","TIPE_2":"TOKO KELONTONG","TIPE_3":"-","TELEPON":"","ALAMAT":"PETE, MARGODADI, KEC. SEYEGAN, KABUPATEN SLEMAN, DAERAH ISTIMEWA YOGYAKARTA 55561","ID_PROV":34,"PROVINSI":"DAERAH ISTIMEWA YOGYAKARTA","ID_KABKOT":34.04,"KABKOT":"SLEMAN","ID_KEC":"34.04.05","KECAMATAN":"SEYEGAN","ID_DESA":"34.04.05.2002","DESA":"MARGODADI","LONGITUDE":110.3039673,"LATITUDE":-7.7202663,"STATUS":"BUKA","TANGGAL PENGUMPULAN":"Q1 2025","TANGGAL UPDATE":"27/02/2025"}},{"type":"Feature","geometry":{"coordinates":[110.3041479,-7.7200582],"type":"Point"},"properties":{"NAMA":"TOKO NAFA","TIPE_1":"PERDAGANGAN DAN RETAIL","TIPE_2":"TOKO KELONTONG","TIPE_3":"-","TELEPON":"","ALAMAT":"PETE, MARGODADI, SEYEGAN, SLEMAN REGENCY, SPECIAL REGION OF YOGYAKARTA 55561","ID_PROV":34,"PROVINSI":"DAERAH ISTIMEWA YOGYAKARTA","ID_KABKOT":34.04,"KABKOT":"SLEMAN","ID_KEC":"34.04.05","KECAMATAN":"SEYEGAN","ID_DESA":"34.04.05.2002","DESA":"MARGODADI","LONGITUDE":110.3041479,"LATITUDE":-7.7200582,"STATUS":"BUKA","TANGGAL PENGUMPULAN":"Q1 2025","TANGGAL UPDATE":"27/02/2025"}},{"type":"Feature","geometry":{"coordinates":[110.2243955,-7.7766943],"type":"Point"},"properties":{"NAMA":"ABI JAYA SEMBAKO","TIPE_1":"PERDAGANGAN DAN RETAIL","TIPE_2":"TOKO KELONTONG","TIPE_3":"-","TELEPON":"","ALAMAT":"PINGITAN, SUMBERARUM, KEC. MOYUDAN, KABUPATEN SLEMAN, DAERAH ISTIMEWA YOGYAKARTA 55563","ID_PROV":34,"PROVINSI":"DAERAH ISTIMEWA YOGYAKARTA","ID_KABKOT":34.04,"KABKOT":"SLEMAN","ID_KEC":"34.04.03","KECAMATAN":"MOYUDAN","ID_DESA":"34.04.03.2004","DESA":"SUMBERARUM","LONGITUDE":110.2243955,"LATITUDE":-7.7766943,"STATUS":"BUKA","TANGGAL PENGUMPULAN":"Q1 2025","TANGGAL UPDATE":"27/02/2025"}},{"type":"Feature","geometry":{"coordinates":[110.2427065,-7.7295385],"type":"Point"},"properties":{"NAMA":"WARUNG KELONTONG ERWIN","TIPE_1":"PERDAGANGAN DAN RETAIL","TIPE_2":"TOKO KELONTONG","TIPE_3":"-","TELEPON":"","ALAMAT":"PLOMBANGAN, SENDANGAGUNG, KEC. MINGGIR, KABUPATEN SLEMAN, DAERAH ISTIMEWA YOGYAKARTA 55562","ID_PROV":34,"PROVINSI":"DAERAH ISTIMEWA YOGYAKARTA","ID_KABKOT":34.04,"KABKOT":"SLEMAN","ID_KEC":"34.04.04","KECAMATAN":"MINGGIR","ID_DESA":"34.04.04.2003","DESA":"SENDANGAGUNG","LONGITUDE":110.2427065,"LATITUDE":-7.7295385,"STATUS":"BUKA","TANGGAL PENGUMPULAN":"Q1 2025","TANGGAL UPDATE":"27/02/2025"}},{"type":"Feature","geometry":{"coordinates":[110.4456374,-7.6385196],"type":"Point"},"properties":{"NAMA":"TOKO KELONTONG BU WAKHID","TIPE_1":"PERDAGANGAN DAN RETAIL","TIPE_2":"TOKO KELONTONG","TIPE_3":"-","TELEPON":"0856-4395-5413","ALAMAT":"PLOSOKAREP, UMBULHARJO, KEC. CANGKRINGAN, KABUPATEN SLEMAN, DAERAH ISTIMEWA YOGYAKARTA 55583","ID_PROV":34,"PROVINSI":"DAERAH ISTIMEWA YOGYAKARTA","ID_KABKOT":34.04,"KABKOT":"SLEMAN","ID_KEC":"34.04.17","KECAMATAN":"CANGKRINGAN","ID_DESA":"34.04.17.2005","DESA":"UMBULHARJO","LONGITUDE":110.4456374,"LATITUDE":-7.6385196,"STATUS":"BUKA","TANGGAL PENGUMPULAN":"Q1 2025","TANGGAL UPDATE":"27/02/2025"}},{"type":"Feature","geometry":{"coordinates":[110.394196,-7.6937303],"type":"Point"},"properties":{"NAMA":"WARUNG SEMBAKO IBU HERU","TIPE_1":"PERDAGANGAN DAN RETAIL","TIPE_2":"TOKO KELONTONG","TIPE_3":"-","TELEPON":"0896-1971-8718","ALAMAT":"PLOSOREJO, SARDONOHARJO, KEC. NGAGLIK, KABUPATEN SLEMAN, DAERAH ISTIMEWA YOGYAKARTA 55581","ID_PROV":34,"PROVINSI":"DAERAH ISTIMEWA YOGYAKARTA","ID_KABKOT":34.04,"KABKOT":"SLEMAN","ID_KEC":"34.04.12","KECAMATAN":"NGAGLIK","ID_DESA":"34.04.12.2005","DESA":"SARDONOHARJO","LONGITUDE":110.394196,"LATITUDE":-7.6937303,"STATUS":"BUKA","TANGGAL PENGUMPULAN":"Q1 2025","TANGGAL UPDATE":"27/02/2025"}},{"type":"Feature","geometry":{"coordinates":[110.4383908,-7.6254912],"type":"Point"},"properties":{"NAMA":"TOKO REZA","TIPE_1":"PERDAGANGAN DAN RETAIL","TIPE_2":"TOKO KELONTONG","TIPE_3":"-","TELEPON":"0813-2880-0712","ALAMAT":"PLOSOREJO, UMBULHARJO, KEC. CANGKRINGAN, KABUPATEN SLEMAN, DAERAH ISTIMEWA YOGYAKARTA 55583","ID_PROV":34,"PROVINSI":"DAERAH ISTIMEWA YOGYAKARTA","ID_KABKOT":34.04,"KABKOT":"SLEMAN","ID_KEC":"34.04.17","KECAMATAN":"CANGKRINGAN","ID_DESA":"34.04.17.2005","DESA":"UMBULHARJO","LONGITUDE":110.4383908,"LATITUDE":-7.6254912,"STATUS":"BUKA","TANGGAL PENGUMPULAN":"Q1 2025","TANGGAL UPDATE":"27/02/2025"}},{"type":"Feature","geometry":{"coordinates":[110.373984,-7.7606606],"type":"Point"},"properties":{"NAMA":"TOKO KHASANAH","TIPE_1":"PERDAGANGAN DAN RETAIL","TIPE_2":"TOKO KELONTONG","TIPE_3":"-","TELEPON":"0812-2791-4024","ALAMAT":"POGUNG KIDUL, SINDUADI, MLATI, SLEMAN REGENCY, SPECIAL REGION OF YOGYAKARTA 55284","ID_PROV":34,"PROVINSI":"DAERAH ISTIMEWA YOGYAKARTA","ID_KABKOT":34.04,"KABKOT":"SLEMAN","ID_KEC":"34.04.06","KECAMATAN":"MLATI","ID_DESA":"34.04.06.2001","DESA":"SINDUADI","LONGITUDE":110.373984,"LATITUDE":-7.7606606,"STATUS":"BUKA","TANGGAL PENGUMPULAN":"Q1 2025","TANGGAL UPDATE":"27/02/2025"}},{"type":"Feature","geometry":{"coordinates":[110.3713681,-7.7601383],"type":"Point"},"properties":{"NAMA":"TOKO KELONTONG BU DALIYEM","TIPE_1":"PERDAGANGAN DAN RETAIL","TIPE_2":"TOKO KELONTONG","TIPE_3":"-","TELEPON":"","ALAMAT":"POGUNG REJO RT 20, POGUNG KIDUL, SINDUADI, KEC. MLATI, KABUPATEN SLEMAN, DAERAH ISTIMEWA YOGYAKARTA 55284","ID_PROV":34,"PROVINSI":"DAERAH ISTIMEWA YOGYAKARTA","ID_KABKOT":34.04,"KABKOT":"SLEMAN","ID_KEC":"34.04.06","KECAMATAN":"MLATI","ID_DESA":"34.04.06.2001","DESA":"SINDUADI","LONGITUDE":110.3713681,"LATITUDE":-7.7601383,"STATUS":"BUKA","TANGGAL PENGUMPULAN":"Q1 2025","TANGGAL UPDATE":"27/02/2025"}},{"type":"Feature","geometry":{"coordinates":[110.2335227,-7.725387],"type":"Point"},"properties":{"NAMA":"D AGEN GROSIR SAYURAN","TIPE_1":"PERDAGANGAN DAN RETAIL","TIPE_2":"TOKO KELONTONG","TIPE_3":"-","TELEPON":"","ALAMAT":"POJOK V, SENDANGAGUNG, KEC. MINGGIR, KABUPATEN SLEMAN, DAERAH ISTIMEWA YOGYAKARTA","ID_PROV":34,"PROVINSI":"DAERAH ISTIMEWA YOGYAKARTA","ID_KABKOT":34.04,"KABKOT":"SLEMAN","ID_KEC":"34.04.04","KECAMATAN":"MINGGIR","ID_DESA":"34.04.04.2003","DESA":"SENDANGAGUNG","LONGITUDE":110.2335227,"LATITUDE":-7.725387,"STATUS":"BUKA","TANGGAL PENGUMPULAN":"Q1 2025","TANGGAL UPDATE":"27/02/2025"}},{"type":"Feature","geometry":{"coordinates":[110.2892212,-7.6880832],"type":"Point"},"properties":{"NAMA":"WARUNG KLONTONG ARFAN","TIPE_1":"PERDAGANGAN DAN RETAIL","TIPE_2":"TOKO KELONTONG","TIPE_3":"-","TELEPON":"","ALAMAT":"POKOH, BANYUREJO, KEC. TEMPEL, KABUPATEN SLEMAN, DAERAH ISTIMEWA YOGYAKARTA 55552","ID_PROV":34,"PROVINSI":"DAERAH ISTIMEWA YOGYAKARTA","ID_KABKOT":34.04,"KABKOT":"SLEMAN","ID_KEC":"34.04.14","KECAMATAN":"TEMPEL","ID_DESA":"34.04.14.2001","DESA":"BANYUREJO","LONGITUDE":110.2892212,"LATITUDE":-7.6880832,"STATUS":"BUKA","TANGGAL PENGUMPULAN":"Q1 2025","TANGGAL UPDATE":"27/02/2025"}},{"type":"Feature","geometry":{"coordinates":[110.2898987,-7.6869989],"type":"Point"},"properties":{"NAMA":"WARUNG MURAKABI MINGGIR","TIPE_1":"PERDAGANGAN DAN RETAIL","TIPE_2":"TOKO KELONTONG","TIPE_3":"-","TELEPON":"0813-9048-3623","ALAMAT":"POKOH, BANYUREJO, KEC. TEMPEL, KABUPATEN SLEMAN, DAERAH ISTIMEWA YOGYAKARTA 55552","ID_PROV":34,"PROVINSI":"DAERAH ISTIMEWA YOGYAKARTA","ID_KABKOT":34.04,"KABKOT":"SLEMAN","ID_KEC":"34.04.14","KECAMATAN":"TEMPEL","ID_DESA":"34.04.14.2001","DESA":"BANYUREJO","LONGITUDE":110.2898987,"LATITUDE":-7.6869989,"STATUS":"BUKA","TANGGAL PENGUMPULAN":"Q1 2025","TANGGAL UPDATE":"27/02/2025"}},{"type":"Feature","geometry":{"coordinates":[110.36457,-7.6249069],"type":"Point"},"properties":{"NAMA":"TOKO BERKAH SEMBAKO","TIPE_1":"PERDAGANGAN DAN RETAIL","TIPE_2":"TOKO KELONTONG","TIPE_3":"-","TELEPON":"0811-4506-797","ALAMAT":"POLSOKUNING, BANGUN KERTO, KEC. TURI, KABUPATEN SLEMAN, DAERAH ISTIMEWA YOGYAKARTA 55551","ID_PROV":34,"PROVINSI":"DAERAH ISTIMEWA YOGYAKARTA","ID_KABKOT":34.04,"KABKOT":"SLEMAN","ID_KEC":"34.04.15","KECAMATAN":"TURI","ID_DESA":"34.04.15.2001","DESA":"BANGUNKERTO","LONGITUDE":110.36457,"LATITUDE":-7.6249069,"STATUS":"BUKA","TANGGAL PENGUMPULAN":"Q1 2025","TANGGAL UPDATE":"27/02/2025"}},{"type":"Feature","geometry":{"coordinates":[110.3940585,-7.6460907],"type":"Point"},"properties":{"NAMA":"TOKO KELONTONG RUKIYEM","TIPE_1":"PERDAGANGAN DAN RETAIL","TIPE_2":"TOKO KELONTONG","TIPE_3":"-","TELEPON":"","ALAMAT":"POTRO, PURWOBINANGUN, PAKEM, SLEMAN REGENCY, SPECIAL REGION OF YOGYAKARTA 55582","ID_PROV":34,"PROVINSI":"DAERAH ISTIMEWA YOGYAKARTA","ID_KABKOT":34.04,"KABKOT":"SLEMAN","ID_KEC":"34.04.16","KECAMATAN":"PAKEM","ID_DESA":"34.04.16.2001","DESA":"PURWOBINANGUN","LONGITUDE":110.3940585,"LATITUDE":-7.6460907,"STATUS":"BUKA","TANGGAL PENGUMPULAN":"Q1 2025","TANGGAL UPDATE":"27/02/2025"}},{"type":"Feature","geometry":{"coordinates":[110.3074506,-7.7855813],"type":"Point"},"properties":{"NAMA":"TOKO KELONTONG ARIS","TIPE_1":"PERDAGANGAN DAN RETAIL","TIPE_2":"TOKO KELONTONG","TIPE_3":"-","TELEPON":"","ALAMAT":"PRAWIRODIRYO, WIROKRAMAN, SIDOKARTO, KEC. GODEAN, KABUPATEN SLEMAN, DAERAH ISTIMEWA YOGYAKARTA 55264","ID_PROV":34,"PROVINSI":"DAERAH ISTIMEWA YOGYAKARTA","ID_KABKOT":34.04,"KABKOT":"SLEMAN","ID_KEC":"34.04.02","KECAMATAN":"GODEAN","ID_DESA":"34.04.02.2005","DESA":"SIDOKARTO","LONGITUDE":110.3074506,"LATITUDE":-7.7855813,"STATUS":"BUKA","TANGGAL PENGUMPULAN":"Q1 2025","TANGGAL UPDATE":"27/02/2025"}},{"type":"Feature","geometry":{"coordinates":[110.4863099,-7.7482814],"type":"Point"},"properties":{"NAMA":"WARUNG SEMBAKO BU DARTI","TIPE_1":"PERDAGANGAN DAN RETAIL","TIPE_2":"TOKO KELONTONG","TIPE_3":"-","TELEPON":"0878-3912-9299","ALAMAT":"TAMANAN, TAMANMARTANI, KEC. KALASAN, KABUPATEN SLEMAN, DAERAH ISTIMEWA YOGYAKARTA 55571","ID_PROV":34,"PROVINSI":"DAERAH ISTIMEWA YOGYAKARTA","ID_KABKOT":34.04,"KABKOT":"SLEMAN","ID_KEC":"34.04.10","KECAMATAN":"KALASAN","ID_DESA":"34.04.10.2003","DESA":"TAMANMARTANI","LONGITUDE":110.4863099,"LATITUDE":-7.7482814,"STATUS":"BUKA","TANGGAL PENGUMPULAN":"Q1 2025","TANGGAL UPDATE":"27/02/2025"}},{"type":"Feature","geometry":{"coordinates":[110.4696664,-7.6973745],"type":"Point"},"properties":{"NAMA":"TOKO KURNIA(????????????)","TIPE_1":"PERDAGANGAN DAN RETAIL","TIPE_2":"TOKO KELONTONG","TIPE_3":"-","TELEPON":"","ALAMAT":"TAMBAKAN, RT.02/RW.10, SINDUMARTANI, KEC. NGEMPLAK, KABUPATEN SLEMAN, DAERAH ISTIMEWA YOGYAKARTA 55584","ID_PROV":34,"PROVINSI":"DAERAH ISTIMEWA YOGYAKARTA","ID_KABKOT":34.04,"KABKOT":"SLEMAN","ID_KEC":"34.04.11","KECAMATAN":"NGEMPLAK","ID_DESA":"34.04.11.2001","DESA":"SINDUMARTANI","LONGITUDE":110.4696664,"LATITUDE":-7.6973745,"STATUS":"BUKA","TANGGAL PENGUMPULAN":"Q1 2025","TANGGAL UPDATE":"27/02/2025"}},{"type":"Feature","geometry":{"coordinates":[110.3118636,-7.7850635],"type":"Point"},"properties":{"NAMA":"TOKO DIKA","TIPE_1":"PERDAGANGAN DAN RETAIL","TIPE_2":"TOKO KELONTONG","TIPE_3":"-","TELEPON":"","ALAMAT":"TANGKILAN, SIDOARUM, KEC. GODEAN, KABUPATEN SLEMAN, DAERAH ISTIMEWA YOGYAKARTA 55264","ID_PROV":34,"PROVINSI":"DAERAH ISTIMEWA YOGYAKARTA","ID_KABKOT":34.04,"KABKOT":"SLEMAN","ID_KEC":"34.04.02","KECAMATAN":"GODEAN","ID_DESA":"34.04.02.2006","DESA":"SIDOARUM","LONGITUDE":110.3118636,"LATITUDE":-7.7850635,"STATUS":"BUKA","TANGGAL PENGUMPULAN":"Q1 2025","TANGGAL UPDATE":"27/02/2025"}},{"type":"Feature","geometry":{"coordinates":[110.4135029,-7.7196063],"type":"Point"},"properties":{"NAMA":"PUJIATI","TIPE_1":"PERDAGANGAN DAN RETAIL","TIPE_2":"TOKO KELONTONG","TIPE_3":"-","TELEPON":"","ALAMAT":"TARANAN, SINDUHARJO, NGAGLIK, SLEMAN REGENCY, SPECIAL REGION OF YOGYAKARTA 55581","ID_PROV":34,"PROVINSI":"DAERAH ISTIMEWA YOGYAKARTA","ID_KABKOT":34.04,"KABKOT":"SLEMAN","ID_KEC":"34.04.12","KECAMATAN":"NGAGLIK","ID_DESA":"34.04.12.2003","DESA":"SINDUHARJO","LONGITUDE":110.4135029,"LATITUDE":-7.7196063,"STATUS":"BUKA","TANGGAL PENGUMPULAN":"Q1 2025","TANGGAL UPDATE":"27/02/2025"}},{"type":"Feature","geometry":{"coordinates":[110.4739164,-7.7563632],"type":"Point"},"properties":{"NAMA":"SEMBAKO ATHAYA","TIPE_1":"PERDAGANGAN DAN RETAIL","TIPE_2":"TOKO KELONTONG","TIPE_3":"-","TELEPON":"0858-4266-4006","ALAMAT":"TAWANG RT 05, NGAJEG, TIRTOMARTANI, KEC. KALASAN, KABUPATEN SLEMAN, DAERAH ISTIMEWA YOGYAKARTA 55571","ID_PROV":34,"PROVINSI":"DAERAH ISTIMEWA YOGYAKARTA","ID_KABKOT":34.04,"KABKOT":"SLEMAN","ID_KEC":"34.04.10","KECAMATAN":"KALASAN","ID_DESA":"34.04.10.2002","DESA":"TIRTOMARTANI","LONGITUDE":110.4739164,"LATITUDE":-7.7563632,"STATUS":"BUKA","TANGGAL PENGUMPULAN":"Q1 2025","TANGGAL UPDATE":"27/02/2025"}},{"type":"Feature","geometry":{"coordinates":[110.3275389,-7.6659533],"type":"Point"},"properties":{"NAMA":"TOKO KELONTONG DAN FOTOKOPI ANUGRAH","TIPE_1":"PERDAGANGAN DAN RETAIL","TIPE_2":"TOKO KELONTONG","TIPE_3":"-","TELEPON":"0856-3020-495","ALAMAT":"TEGAL DOMBAN, MARGOREJO, KEC. TEMPEL, KABUPATEN SLEMAN, DAERAH ISTIMEWA YOGYAKARTA 55552","ID_PROV":34,"PROVINSI":"DAERAH ISTIMEWA YOGYAKARTA","ID_KABKOT":34.04,"KABKOT":"SLEMAN","ID_KEC":"34.04.14","KECAMATAN":"TEMPEL","ID_DESA":"34.04.14.2006","DESA":"MARGOREJO","LONGITUDE":110.3275389,"LATITUDE":-7.6659533,"STATUS":"BUKA","TANGGAL PENGUMPULAN":"Q1 2025","TANGGAL UPDATE":"27/02/2025"}},{"type":"Feature","geometry":{"coordinates":[110.2407899,-7.7741996],"type":"Point"},"properties":{"NAMA":"TOKO PRASOJO","TIPE_1":"PERDAGANGAN DAN RETAIL","TIPE_2":"TOKO KELONTONG","TIPE_3":"-","TELEPON":"","ALAMAT":"TEGAL DONON, SUMBERARUM, KEC. MOYUDAN, KABUPATEN SLEMAN, DAERAH ISTIMEWA YOGYAKARTA 55563","ID_PROV":34,"PROVINSI":"DAERAH ISTIMEWA YOGYAKARTA","ID_KABKOT":34.04,"KABKOT":"SLEMAN","ID_KEC":"34.04.03","KECAMATAN":"MOYUDAN","ID_DESA":"34.04.03.2004","DESA":"SUMBERARUM","LONGITUDE":110.2407899,"LATITUDE":-7.7741996,"STATUS":"BUKA","TANGGAL PENGUMPULAN":"Q1 2025","TANGGAL UPDATE":"27/02/2025"}},{"type":"Feature","geometry":{"coordinates":[110.3721369,-7.7231822],"type":"Point"},"properties":{"NAMA":"TOKO KELONTONG BU RUBANI PROLIMAN TEMANGGUNG","TIPE_1":"PERDAGANGAN DAN RETAIL","TIPE_2":"TOKO KELONTONG","TIPE_3":"-","TELEPON":"","ALAMAT":"TEGAL MULYO 06/, JL. JONGKE KIDUL NO.28, GONDENGAN PENEN, SENDANGADI, KEC. MLATI, KABUPATEN SLEMAN, DAERAH ISTIMEWA YOGYAKARTA 55285","ID_PROV":34,"PROVINSI":"DAERAH ISTIMEWA YOGYAKARTA","ID_KABKOT":34.04,"KABKOT":"SLEMAN","ID_KEC":"34.04.06","KECAMATAN":"MLATI","ID_DESA":"34.04.06.2002","DESA":"SENDANGADI","LONGITUDE":110.3721369,"LATITUDE":-7.7231822,"STATUS":"BUKA","TANGGAL PENGUMPULAN":"Q1 2025","TANGGAL UPDATE":"27/02/2025"}},{"type":"Feature","geometry":{"coordinates":[110.4732047,-7.7331886],"type":"Point"},"properties":{"NAMA":"TOKO KLONTONG PAK WARTO","TIPE_1":"PERDAGANGAN DAN RETAIL","TIPE_2":"TOKO KELONTONG","TIPE_3":"-","TELEPON":"0878-3938-6998","ALAMAT":"TEGAL REJO, TAMANMARTANI, KEC. KALASAN, KABUPATEN SLEMAN, DAERAH ISTIMEWA YOGYAKARTA 55571","ID_PROV":34,"PROVINSI":"DAERAH ISTIMEWA YOGYAKARTA","ID_KABKOT":34.04,"KABKOT":"SLEMAN","ID_KEC":"34.04.10","KECAMATAN":"KALASAN","ID_DESA":"34.04.10.2003","DESA":"TAMANMARTANI","LONGITUDE":110.4732047,"LATITUDE":-7.7331886,"STATUS":"BUKA","TANGGAL PENGUMPULAN":"Q1 2025","TANGGAL UPDATE":"27/02/2025"}},{"type":"Feature","geometry":{"coordinates":[110.4336431,-7.6258892],"type":"Point"},"properties":{"NAMA":"TOKO SURYA PERMADI","TIPE_1":"PERDAGANGAN DAN RETAIL","TIPE_2":"TOKO KELONTONG","TIPE_3":"-","TELEPON":"","ALAMAT":"TEGALSAN, UMBULHARJO, KEC. CANGKRINGAN, KABUPATEN SLEMAN, DAERAH ISTIMEWA YOGYAKARTA 55583","ID_PROV":34,"PROVINSI":"DAERAH ISTIMEWA YOGYAKARTA","ID_KABKOT":34.04,"KABKOT":"SLEMAN","ID_KEC":"34.04.17","KECAMATAN":"CANGKRINGAN","ID_DESA":"34.04.17.2005","DESA":"UMBULHARJO","LONGITUDE":110.4336431,"LATITUDE":-7.6258892,"STATUS":"BUKA","TANGGAL PENGUMPULAN":"Q1 2025","TANGGAL UPDATE":"27/02/2025"}},{"type":"Feature","geometry":{"coordinates":[110.2578567,-7.7347122],"type":"Point"},"properties":{"NAMA":"TOKO TATA SILIRAN","TIPE_1":"PERDAGANGAN DAN RETAIL","TIPE_2":"TOKO KELONTONG","TIPE_3":"-","TELEPON":"0878-3617-7671","ALAMAT":"TEGALSARI, RT.01/RW.34, SENDANGREJO","ID_PROV":34,"PROVINSI":"DAERAH ISTIMEWA YOGYAKARTA","ID_KABKOT":34.04,"KABKOT":"SLEMAN","ID_KEC":"34.04.04","KECAMATAN":"MINGGIR","ID_DESA":"34.04.04.2005","DESA":"SENDANGREJO","LONGITUDE":110.2578567,"LATITUDE":-7.7347122,"STATUS":"BUKA","TANGGAL PENGUMPULAN":"Q1 2025","TANGGAL UPDATE":"27/02/2025"}},{"type":"Feature","geometry":{"coordinates":[110.4594371,-7.788265],"type":"Point"},"properties":{"NAMA":"PUSAT GROSIR TELUR DAN SEMBAKO BU NARTI","TIPE_1":"PERDAGANGAN DAN RETAIL","TIPE_2":"TOKO KELONTONG","TIPE_3":"-","TELEPON":"0815-4558-1112","ALAMAT":"TEGUHAN RT 5 RW 19 NO 139, TEGUHAN, KALITIRTO, KEC. BERBAH, KABUPATEN SLEMAN, DAERAH ISTIMEWA YOGYAKARTA 55573","ID_PROV":34,"PROVINSI":"DAERAH ISTIMEWA YOGYAKARTA","ID_KABKOT":34.04,"KABKOT":"SLEMAN","ID_KEC":"34.04.08","KECAMATAN":"BERBAH","ID_DESA":"34.04.08.2003","DESA":"KALITIRTO","LONGITUDE":110.4594371,"LATITUDE":-7.788265,"STATUS":"BUKA","TANGGAL PENGUMPULAN":"Q1 2025","TANGGAL UPDATE":"27/02/2025"}},{"type":"Feature","geometry":{"coordinates":[110.458012,-7.7902508],"type":"Point"},"properties":{"NAMA":"TOKO BU PANIYEM","TIPE_1":"PERDAGANGAN DAN RETAIL","TIPE_2":"TOKO KELONTONG","TIPE_3":"-","TELEPON":"","ALAMAT":"TEGUHAN, KALITIRTO, KEC. BERBAH, KABUPATEN SLEMAN, DAERAH ISTIMEWA YOGYAKARTA 55573","ID_PROV":34,"PROVINSI":"DAERAH ISTIMEWA YOGYAKARTA","ID_KABKOT":34.04,"KABKOT":"SLEMAN","ID_KEC":"34.04.08","KECAMATAN":"BERBAH","ID_DESA":"34.04.08.2003","DESA":"KALITIRTO","LONGITUDE":110.458012,"LATITUDE":-7.7902508,"STATUS":"BUKA","TANGGAL PENGUMPULAN":"Q1 2025","TANGGAL UPDATE":"27/02/2025"}},{"type":"Feature","geometry":{"coordinates":[110.4578567,-7.7901647],"type":"Point"},"properties":{"NAMA":"WARUNG SEMBAKO MBOK JOL","TIPE_1":"PERDAGANGAN DAN RETAIL","TIPE_2":"TOKO KELONTONG","TIPE_3":"-","TELEPON":"0878-4320-7399","ALAMAT":"TEGUHAN, KALITIRTO, KEC. BERBAH, KABUPATEN SLEMAN, DAERAH ISTIMEWA YOGYAKARTA 55573","ID_PROV":34,"PROVINSI":"DAERAH ISTIMEWA YOGYAKARTA","ID_KABKOT":34.04,"KABKOT":"SLEMAN","ID_KEC":"34.04.08","KECAMATAN":"BERBAH","ID_DESA":"34.04.08.2003","DESA":"KALITIRTO","LONGITUDE":110.4578567,"LATITUDE":-7.7901647,"STATUS":"BUKA","TANGGAL PENGUMPULAN":"Q1 2025","TANGGAL UPDATE":"27/02/2025"}},{"type":"Feature","geometry":{"coordinates":[110.3282358,-7.6521637],"type":"Point"},"properties":{"NAMA":"TOKO POJOK","TIPE_1":"PERDAGANGAN DAN RETAIL","TIPE_2":"TOKO KELONTONG","TIPE_3":"-","TELEPON":"","ALAMAT":"TEMPEL, LUMBUNGREJO, KEC. TEMPEL, KABUPATEN SLEMAN, DAERAH ISTIMEWA YOGYAKARTA 55552","ID_PROV":34,"PROVINSI":"DAERAH ISTIMEWA YOGYAKARTA","ID_KABKOT":34.04,"KABKOT":"SLEMAN","ID_KEC":"34.04.14","KECAMATAN":"TEMPEL","ID_DESA":"34.04.14.2007","DESA":"LUMBUNGREJO","LONGITUDE":110.3282358,"LATITUDE":-7.6521637,"STATUS":"BUKA","TANGGAL PENGUMPULAN":"Q1 2025","TANGGAL UPDATE":"27/02/2025"}},{"type":"Feature","geometry":{"coordinates":[110.4380498,-7.6377035],"type":"Point"},"properties":{"NAMA":"WJ SEMBAKO","TIPE_1":"PERDAGANGAN DAN RETAIL","TIPE_2":"TOKO KELONTONG","TIPE_3":"-","TELEPON":"","ALAMAT":"TEMPELSARI, SURODADI, WUKIRSARI, KEC. CANGKRINGAN, YOGYAKARTA, DAERAH ISTIMEWA YOGYAKARTA 55583","ID_PROV":34,"PROVINSI":"DAERAH ISTIMEWA YOGYAKARTA","ID_KABKOT":34.04,"KABKOT":"SLEMAN","ID_KEC":"34.04.17","KECAMATAN":"CANGKRINGAN","ID_DESA":"34.04.17.2002","DESA":"WUKIRSARI","LONGITUDE":110.4380498,"LATITUDE":-7.6377035,"STATUS":"BUKA","TANGGAL PENGUMPULAN":"Q1 2025","TANGGAL UPDATE":"27/02/2025"}},{"type":"Feature","geometry":{"coordinates":[110.2270086,-7.7289614],"type":"Point"},"properties":{"NAMA":"WARUNG KELONTONG BU SARAH","TIPE_1":"PERDAGANGAN DAN RETAIL","TIPE_2":"TOKO KELONTONG","TIPE_3":"-","TELEPON":"0858-6873-8510","ALAMAT":"TENGAHAN XI, DUKUHAN, SENDANGAGUNG, KEC. MINGGIR, KABUPATEN SLEMAN, DAERAH ISTIMEWA YOGYAKARTA 55562","ID_PROV":34,"PROVINSI":"DAERAH ISTIMEWA YOGYAKARTA","ID_KABKOT":34.04,"KABKOT":"SLEMAN","ID_KEC":"34.04.04","KECAMATAN":"MINGGIR","ID_DESA":"34.04.04.2003","DESA":"SENDANGAGUNG","LONGITUDE":110.2270086,"LATITUDE":-7.7289614,"STATUS":"BUKA","TANGGAL PENGUMPULAN":"Q1 2025","TANGGAL UPDATE":"27/02/2025"}},{"type":"Feature","geometry":{"coordinates":[110.225958,-7.7319078],"type":"Point"},"properties":{"NAMA":"TOKO SEMBAKO RAFFAREL","TIPE_1":"PERDAGANGAN DAN RETAIL","TIPE_2":"TOKO KELONTONG","TIPE_3":"-","TELEPON":"0857-5927-7767","ALAMAT":"TENGAHAN XII NO.RT05/27, DUKUHAN, SENDANGAGUNG, KEC. MINGGIR, KABUPATEN SLEMAN, DAERAH ISTIMEWA YOGYAKARTA 55562","ID_PROV":34,"PROVINSI":"DAERAH ISTIMEWA YOGYAKARTA","ID_KABKOT":34.04,"KABKOT":"SLEMAN","ID_KEC":"34.04.04","KECAMATAN":"MINGGIR","ID_DESA":"34.04.04.2003","DESA":"SENDANGAGUNG","LONGITUDE":110.225958,"LATITUDE":-7.7319078,"STATUS":"BUKA","TANGGAL PENGUMPULAN":"Q1 2025","TANGGAL UPDATE":"27/02/2025"}},{"type":"Feature","geometry":{"coordinates":[110.44194,-7.8277431],"type":"Point"},"properties":{"NAMA":"MITRA KENTJANA RUMAH BELANJA SEMBAKO MURAH","TIPE_1":"PERDAGANGAN DAN RETAIL","TIPE_2":"TOKO KELONTONG","TIPE_3":"-","TELEPON":"0813-2930-4849","ALAMAT":"TIMUR KIDSFUN, JL. WONOSARI NO.KM.10, TEGALBARU, TEGALTIRTO, KEC. BERBAH, KABUPATEN SLEMAN, DAERAH ISTIMEWA YOGYAKARTA 55573","ID_PROV":34,"PROVINSI":"DAERAH ISTIMEWA YOGYAKARTA","ID_KABKOT":34.04,"KABKOT":"SLEMAN","ID_KEC":"34.04.08","KECAMATAN":"BERBAH","ID_DESA":"34.04.08.2002","DESA":"TEGALTIRTO","LONGITUDE":110.44194,"LATITUDE":-7.8277431,"STATUS":"BUKA","TANGGAL PENGUMPULAN":"Q1 2025","TANGGAL UPDATE":"27/02/2025"}},{"type":"Feature","geometry":{"coordinates":[110.3189072,-7.805598],"type":"Point"},"properties":{"NAMA":"TOKO BU CARWINI","TIPE_1":"PERDAGANGAN DAN RETAIL","TIPE_2":"TOKO KELONTONG","TIPE_3":"-","TELEPON":"(0274) 4342396","ALAMAT":"TLOGO NO.76, GAMPING TENGAH, AMBARKETAWANG, KEC. GAMPING, KABUPATEN SLEMAN, DAERAH ISTIMEWA YOGYAKARTA 55294","ID_PROV":34,"PROVINSI":"DAERAH ISTIMEWA YOGYAKARTA","ID_KABKOT":34.04,"KABKOT":"SLEMAN","ID_KEC":"34.04.01","KECAMATAN":"GAMPING","ID_DESA":"34.04.01.2002","DESA":"AMBARKETAWANG","LONGITUDE":110.3189072,"LATITUDE":-7.805598,"STATUS":"BUKA","TANGGAL PENGUMPULAN":"Q1 2025","TANGGAL UPDATE":"27/02/2025"}},{"type":"Feature","geometry":{"coordinates":[110.2642822,-7.7199303],"type":"Point"},"properties":{"NAMA":"TOKO SAHID","TIPE_1":"PERDAGANGAN DAN RETAIL","TIPE_2":"TOKO KELONTONG","TIPE_3":"-","TELEPON":"","ALAMAT":"TOBAYAN, SENDANGREJO, KEC. MINGGIR, KABUPATEN SLEMAN, DAERAH ISTIMEWA YOGYAKARTA 55562","ID_PROV":34,"PROVINSI":"DAERAH ISTIMEWA YOGYAKARTA","ID_KABKOT":34.04,"KABKOT":"SLEMAN","ID_KEC":"34.04.04","KECAMATAN":"MINGGIR","ID_DESA":"34.04.04.2005","DESA":"SENDANGREJO","LONGITUDE":110.2642822,"LATITUDE":-7.7199303,"STATUS":"BUKA","TANGGAL PENGUMPULAN":"Q1 2025","TANGGAL UPDATE":"27/02/2025"}},{"type":"Feature","geometry":{"coordinates":[110.3059125,-7.7071709],"type":"Point"},"properties":{"NAMA":"TOKO WARUNG BU TINI","TIPE_1":"PERDAGANGAN DAN RETAIL","TIPE_2":"TOKO KELONTONG","TIPE_3":"-","TELEPON":"","ALAMAT":"TOPANGAN, MARGOAGUNG, KEC. SEYEGAN, KABUPATEN SLEMAN, DAERAH ISTIMEWA YOGYAKARTA 55561","ID_PROV":34,"PROVINSI":"DAERAH ISTIMEWA YOGYAKARTA","ID_KABKOT":34.04,"KABKOT":"SLEMAN","ID_KEC":"34.04.05","KECAMATAN":"SEYEGAN","ID_DESA":"34.04.05.2005","DESA":"MARGOAGUNG","LONGITUDE":110.3059125,"LATITUDE":-7.7071709,"STATUS":"BUKA","TANGGAL PENGUMPULAN":"Q1 2025","TANGGAL UPDATE":"27/02/2025"}},{"type":"Feature","geometry":{"coordinates":[110.351434,-7.7492114],"type":"Point"},"properties":{"NAMA":"TOKO KELONTONG BU SURATI","TIPE_1":"PERDAGANGAN DAN RETAIL","TIPE_2":"TOKO KELONTONG","TIPE_3":"-","TELEPON":"","ALAMAT":"TRINI 01 / 16, TRINI, TRIHANGGO, KEC. GAMPING, KAB. SLEMAN, DAERAH ISTIMEWA YOGYAKARTA 55291","ID_PROV":34,"PROVINSI":"DAERAH ISTIMEWA YOGYAKARTA","ID_KABKOT":34.04,"KABKOT":"SLEMAN","ID_KEC":"34.04.01","KECAMATAN":"GAMPING","ID_DESA":"34.04.01.2005","DESA":"TRIHANGGO","LONGITUDE":110.351434,"LATITUDE":-7.7492114,"STATUS":"BUKA","TANGGAL PENGUMPULAN":"Q1 2025","TANGGAL UPDATE":"27/02/2025"}},{"type":"Feature","geometry":{"coordinates":[110.2836782,-7.7828613],"type":"Point"},"properties":{"NAMA":"TOKO SEMBAKO POS KAMLING","TIPE_1":"PERDAGANGAN DAN RETAIL","TIPE_2":"TOKO KELONTONG","TIPE_3":"-","TELEPON":"","ALAMAT":"TUMUT, SUMBERSARI, KEC. MOYUDAN, KABUPATEN SLEMAN, DAERAH ISTIMEWA YOGYAKARTA","ID_PROV":34,"PROVINSI":"DAERAH ISTIMEWA YOGYAKARTA","ID_KABKOT":34.04,"KABKOT":"SLEMAN","ID_KEC":"34.04.03","KECAMATAN":"MOYUDAN","ID_DESA":"34.04.03.2002","DESA":"SUMBERSARI","LONGITUDE":110.2836782,"LATITUDE":-7.7828613,"STATUS":"BUKA","TANGGAL PENGUMPULAN":"Q1 2025","TANGGAL UPDATE":"27/02/2025"}},{"type":"Feature","geometry":{"coordinates":[110.4572802,-7.7604563],"type":"Point"},"properties":{"NAMA":"TOKO KELONTONG YUNI","TIPE_1":"PERDAGANGAN DAN RETAIL","TIPE_2":"TOKO KELONTONG","TIPE_3":"-","TELEPON":"0831-7830-0500","ALAMAT":"TUNDAN, PURWOMARTANI, KEC. KALASAN, KABUPATEN SLEMAN, DAERAH ISTIMEWA YOGYAKARTA 55571","ID_PROV":34,"PROVINSI":"DAERAH ISTIMEWA YOGYAKARTA","ID_KABKOT":34.04,"KABKOT":"SLEMAN","ID_KEC":"34.04.10","KECAMATAN":"KALASAN","ID_DESA":"34.04.10.2001","DESA":"PURWOMARTANI","LONGITUDE":110.4572802,"LATITUDE":-7.7604563,"STATUS":"BUKA","TANGGAL PENGUMPULAN":"Q1 2025","TANGGAL UPDATE":"27/02/2025"}},{"type":"Feature","geometry":{"coordinates":[110.4053391,-7.69929],"type":"Point"},"properties":{"NAMA":"TOKO KELONTONG BU SUDARMIN","TIPE_1":"PERDAGANGAN DAN RETAIL","TIPE_2":"TOKO KELONTONG","TIPE_3":"-","TELEPON":"","ALAMAT":"TUREN, SARDONOHARJO, KEC. NGAGLIK, KABUPATEN SLEMAN, DAERAH ISTIMEWA YOGYAKARTA 55581","ID_PROV":34,"PROVINSI":"DAERAH ISTIMEWA YOGYAKARTA","ID_KABKOT":34.04,"KABKOT":"SLEMAN","ID_KEC":"34.04.12","KECAMATAN":"NGAGLIK","ID_DESA":"34.04.12.2005","DESA":"SARDONOHARJO","LONGITUDE":110.4053391,"LATITUDE":-7.69929,"STATUS":"BUKA","TANGGAL PENGUMPULAN":"Q1 2025","TANGGAL UPDATE":"27/02/2025"}},{"type":"Feature","geometry":{"coordinates":[110.4890663,-7.7769757],"type":"Point"},"properties":{"NAMA":"WARUNG SEMBAKO SINAR BAROKAH","TIPE_1":"PERDAGANGAN DAN RETAIL","TIPE_2":"TOKO KELONTONG","TIPE_3":"-","TELEPON":"0852-2988-8919","ALAMAT":"PRAMBANAN, CEPIT, BOKOHARJO, SLEMAN, KABUPATEN SLEMAN, DAERAH ISTIMEWA YOGYAKARTA 55572","ID_PROV":34,"PROVINSI":"DAERAH ISTIMEWA YOGYAKARTA","ID_KABKOT":34.04,"KABKOT":"SLEMAN","ID_KEC":"34.04.09","KECAMATAN":"PRAMBANAN","ID_DESA":"34.04.09.2006","DESA":"BOKOHARJO","LONGITUDE":110.4890663,"LATITUDE":-7.7769757,"STATUS":"BUKA","TANGGAL PENGUMPULAN":"Q1 2025","TANGGAL UPDATE":"27/02/2025"}},{"type":"Feature","geometry":{"coordinates":[110.3490779,-7.6993556],"type":"Point"},"properties":{"NAMA":"WARUNG KELONTONG BU TRI RUBINGAH","TIPE_1":"PERDAGANGAN DAN RETAIL","TIPE_2":"TOKO KELONTONG","TIPE_3":"-","TELEPON":"","ALAMAT":"WADAS, TRIDADI, KEC. SLEMAN, KABUPATEN SLEMAN, DAERAH ISTIMEWA YOGYAKARTA 55511","ID_PROV":34,"PROVINSI":"DAERAH ISTIMEWA YOGYAKARTA","ID_KABKOT":34.04,"KABKOT":"SLEMAN","ID_KEC":"34.04.13","KECAMATAN":"SLEMAN","ID_DESA":"34.04.13.2003","DESA":"TRIDADI","LONGITUDE":110.3490779,"LATITUDE":-7.6993556,"STATUS":"BUKA","TANGGAL PENGUMPULAN":"Q1 2025","TANGGAL UPDATE":"27/02/2025"}},{"type":"Feature","geometry":{"coordinates":[110.3374188,-7.7181619],"type":"Point"},"properties":{"NAMA":"TOKO KELONTONG MBAK YAYUK","TIPE_1":"PERDAGANGAN DAN RETAIL","TIPE_2":"TOKO KELONTONG","TIPE_3":"-","TELEPON":"0813-2559-7626","ALAMAT":"WARAK KIDUL02/09, SUMBERADI, KEC. MLATI, KABUPATEN SLEMAN, DAERAH ISTIMEWA YOGYAKARTA 55288","ID_PROV":34,"PROVINSI":"DAERAH ISTIMEWA YOGYAKARTA","ID_KABKOT":34.04,"KABKOT":"SLEMAN","ID_KEC":"34.04.06","KECAMATAN":"MLATI","ID_DESA":"34.04.06.2005","DESA":"SUMBERADI","LONGITUDE":110.3374188,"LATITUDE":-7.7181619,"STATUS":"BUKA","TANGGAL PENGUMPULAN":"Q1 2025","TANGGAL UPDATE":"27/02/2025"}},{"type":"Feature","geometry":{"coordinates":[110.3401937,-7.7162354],"type":"Point"},"properties":{"NAMA":"WARUNG PAK SRIYONO","TIPE_1":"PERDAGANGAN DAN RETAIL","TIPE_2":"TOKO KELONTONG","TIPE_3":"-","TELEPON":"0899-9339-149","ALAMAT":"WARAK LOR, SUMBERADI, KEC. MLATI, KABUPATEN SLEMAN, DAERAH ISTIMEWA YOGYAKARTA 55288","ID_PROV":34,"PROVINSI":"DAERAH ISTIMEWA YOGYAKARTA","ID_KABKOT":34.04,"KABKOT":"SLEMAN","ID_KEC":"34.04.06","KECAMATAN":"MLATI","ID_DESA":"34.04.06.2005","DESA":"SUMBERADI","LONGITUDE":110.3401937,"LATITUDE":-7.7162354,"STATUS":"BUKA","TANGGAL PENGUMPULAN":"Q1 2025","TANGGAL UPDATE":"27/02/2025"}},{"type":"Feature","geometry":{"coordinates":[110.3667779,-7.7425698],"type":"Point"},"properties":{"NAMA":"WARUNG SEMBAKO MAHESWARI","TIPE_1":"PERDAGANGAN DAN RETAIL","TIPE_2":"TOKO KELONTONG","TIPE_3":"-","TELEPON":"0895-3798-66622","ALAMAT":"WARUNG, DUSUN JL. GONDANG WARAS NO.3, RT.10/RW.04, PANGGUNG SARI, SENDANGADI, KEC. MLATI, KABUPATEN SLEMAN, DAERAH ISTIMEWA YOGYAKARTA 55285","ID_PROV":34,"PROVINSI":"DAERAH ISTIMEWA YOGYAKARTA","ID_KABKOT":34.04,"KABKOT":"SLEMAN","ID_KEC":"34.04.06","KECAMATAN":"MLATI","ID_DESA":"34.04.06.2002","DESA":"SENDANGADI","LONGITUDE":110.3667779,"LATITUDE":-7.7425698,"STATUS":"BUKA","TANGGAL PENGUMPULAN":"Q1 2025","TANGGAL UPDATE":"27/02/2025"}},{"type":"Feature","geometry":{"coordinates":[110.4426019,-7.6470904],"type":"Point"},"properties":{"NAMA":"TOKO VINCENT","TIPE_1":"PERDAGANGAN DAN RETAIL","TIPE_2":"TOKO KELONTONG","TIPE_3":"-","TELEPON":"","ALAMAT":"WATUADEG, WUKIRSARI, KEC. CANGKRINGAN, KABUPATEN SLEMAN, DAERAH ISTIMEWA YOGYAKARTA 55583","ID_PROV":34,"PROVINSI":"DAERAH ISTIMEWA YOGYAKARTA","ID_KABKOT":34.04,"KABKOT":"SLEMAN","ID_KEC":"34.04.17","KECAMATAN":"CANGKRINGAN","ID_DESA":"34.04.17.2002","DESA":"WUKIRSARI","LONGITUDE":110.4426019,"LATITUDE":-7.6470904,"STATUS":"BUKA","TANGGAL PENGUMPULAN":"Q1 2025","TANGGAL UPDATE":"27/02/2025"}},{"type":"Feature","geometry":{"coordinates":[110.4155727,-7.6253943],"type":"Point"},"properties":{"NAMA":"TOKO MB NOVI KELONTONG","TIPE_1":"PERDAGANGAN DAN RETAIL","TIPE_2":"TOKO KELONTONG","TIPE_3":"-","TELEPON":"","ALAMAT":"WONOREJO, HARGOBINANGUN, KEC. PAKEM, KABUPATEN SLEMAN, DAERAH ISTIMEWA YOGYAKARTA 55582","ID_PROV":34,"PROVINSI":"DAERAH ISTIMEWA YOGYAKARTA","ID_KABKOT":34.04,"KABKOT":"SLEMAN","ID_KEC":"34.04.16","KECAMATAN":"PAKEM","ID_DESA":"34.04.16.2005","DESA":"HARGOBINANGUN","LONGITUDE":110.4155727,"LATITUDE":-7.6253943,"STATUS":"BUKA","TANGGAL PENGUMPULAN":"Q1 2025","TANGGAL UPDATE":"27/02/2025"}},{"type":"Feature","geometry":{"coordinates":[110.4274668,-7.6902059],"type":"Point"},"properties":{"NAMA":"WARUNG SEMBAKO BASMALAH","TIPE_1":"PERDAGANGAN DAN RETAIL","TIPE_2":"TOKO KELONTONG","TIPE_3":"-","TELEPON":"","ALAMAT":"WONOSALAM, SUKOHARJO, KEC. NGAGLIK, KABUPATEN SLEMAN, DAERAH ISTIMEWA YOGYAKARTA 55581","ID_PROV":34,"PROVINSI":"DAERAH ISTIMEWA YOGYAKARTA","ID_KABKOT":34.04,"KABKOT":"SLEMAN","ID_KEC":"34.04.12","KECAMATAN":"NGAGLIK","ID_DESA":"34.04.12.2004","DESA":"SUKOHARJO","LONGITUDE":110.4274668,"LATITUDE":-7.6902059,"STATUS":"BUKA","TANGGAL PENGUMPULAN":"Q1 2025","TANGGAL UPDATE":"27/02/2025"}},{"type":"Feature","geometry":{"coordinates":[110.369062,-7.620459],"type":"Point"},"properties":{"NAMA":"TOKO ZLD ZELINDA","TIPE_1":"PERDAGANGAN DAN RETAIL","TIPE_2":"TOKO KELONTONG","TIPE_3":"-","TELEPON":"0818-0430-0158","ALAMAT":"WONOSARI, BANGUN KERTO, KEC. TURI, KABUPATEN SLEMAN, DAERAH ISTIMEWA YOGYAKARTA 55551","ID_PROV":34,"PROVINSI":"DAERAH ISTIMEWA YOGYAKARTA","ID_KABKOT":34.04,"KABKOT":"SLEMAN","ID_KEC":"34.04.15","KECAMATAN":"TURI","ID_DESA":"34.04.15.2001","DESA":"BANGUNKERTO","LONGITUDE":110.369062,"LATITUDE":-7.620459,"STATUS":"BUKA","TANGGAL PENGUMPULAN":"Q1 2025","TANGGAL UPDATE":"27/02/2025"}},{"type":"Feature","geometry":{"coordinates":[110.3945407,-7.6865999],"type":"Point"},"properties":{"NAMA":"TOKO KASIH IBU","TIPE_1":"PERDAGANGAN DAN RETAIL","TIPE_2":"TOKO KELONTONG","TIPE_3":"-","TELEPON":"","ALAMAT":"WONOSOBO, SARDONOHARJO, NGAGLIK, SLEMAN REGENCY, SPECIAL REGION OF YOGYAKARTA 55581","ID_PROV":34,"PROVINSI":"DAERAH ISTIMEWA YOGYAKARTA","ID_KABKOT":34.04,"KABKOT":"SLEMAN","ID_KEC":"34.04.12","KECAMATAN":"NGAGLIK","ID_DESA":"34.04.12.2005","DESA":"SARDONOHARJO","LONGITUDE":110.3945407,"LATITUDE":-7.6865999,"STATUS":"BUKA","TANGGAL PENGUMPULAN":"Q1 2025","TANGGAL UPDATE":"27/02/2025"}},{"type":"Feature","geometry":{"coordinates":[110.2597342,-7.7157334],"type":"Point"},"properties":{"NAMA":"TOKO AYU","TIPE_1":"PERDAGANGAN DAN RETAIL","TIPE_2":"TOKO KELONTONG","TIPE_3":"-","TELEPON":"","ALAMAT":"PRAYAN, PARAKAN WETAN, SENDANGSARI, KEC. MINGGIR, KABUPATEN SLEMAN, DAERAH ISTIMEWA YOGYAKARTA 55562","ID_PROV":34,"PROVINSI":"DAERAH ISTIMEWA YOGYAKARTA","ID_KABKOT":34.04,"KABKOT":"SLEMAN","ID_KEC":"34.04.04","KECAMATAN":"MINGGIR","ID_DESA":"34.04.04.2004","DESA":"SENDANGSARI","LONGITUDE":110.2597342,"LATITUDE":-7.7157334,"STATUS":"BUKA","TANGGAL PENGUMPULAN":"Q1 2025","TANGGAL UPDATE":"27/02/2025"}},{"type":"Feature","geometry":{"coordinates":[110.3731206,-7.6408032],"type":"Point"},"properties":{"NAMA":"TOKO SEMBAKO ANCAS","TIPE_1":"PERDAGANGAN DAN RETAIL","TIPE_2":"TOKO KELONTONG","TIPE_3":"-","TELEPON":"","ALAMAT":"PROJAYAN, POJOK, WONO KERTO, KEC. TURI, KABUPATEN SLEMAN, DAERAH ISTIMEWA YOGYAKARTA 55551","ID_PROV":34,"PROVINSI":"DAERAH ISTIMEWA YOGYAKARTA","ID_KABKOT":34.04,"KABKOT":"SLEMAN","ID_KEC":"34.04.15","KECAMATAN":"TURI","ID_DESA":"34.04.15.2004","DESA":"WONOKERTO","LONGITUDE":110.3731206,"LATITUDE":-7.6408032,"STATUS":"BUKA","TANGGAL PENGUMPULAN":"Q1 2025","TANGGAL UPDATE":"27/02/2025"}},{"type":"Feature","geometry":{"coordinates":[110.4586089,-7.7465825],"type":"Point"},"properties":{"NAMA":"TOKO KELONTONG NGUDI REJEKI","TIPE_1":"PERDAGANGAN DAN RETAIL","TIPE_2":"TOKO KELONTONG","TIPE_3":"-","TELEPON":"","ALAMAT":"PRONANGGAN, RT.08/RW.04, KARANGMOJO, PURWOMARTANI, KEC. KALASAN, KABUPATEN SLEMAN, DAERAH ISTIMEWA YOGYAKARTA","ID_PROV":34,"PROVINSI":"DAERAH ISTIMEWA YOGYAKARTA","ID_KABKOT":34.04,"KABKOT":"SLEMAN","ID_KEC":"34.04.10","KECAMATAN":"KALASAN","ID_DESA":"34.04.10.2001","DESA":"PURWOMARTANI","LONGITUDE":110.4586089,"LATITUDE":-7.7465825,"STATUS":"BUKA","TANGGAL PENGUMPULAN":"Q1 2025","TANGGAL UPDATE":"27/02/2025"}},{"type":"Feature","geometry":{"coordinates":[110.3235602,-7.8009945],"type":"Point"},"properties":{"NAMA":"TOKO M FAIQ","TIPE_1":"PERDAGANGAN DAN RETAIL","TIPE_2":"TOKO KELONTONG","TIPE_3":"-","TELEPON":"(0274) 3010020","ALAMAT":"PS. GAMPING, JL. WATES LANTAI 1 DEPAN, GAMPING TENGAH, AMBARKETAWANG, KEC. GAMPING, KABUPATEN SLEMAN, DAERAH ISTIMEWA YOGYAKARTA 55294","ID_PROV":34,"PROVINSI":"DAERAH ISTIMEWA YOGYAKARTA","ID_KABKOT":34.04,"KABKOT":"SLEMAN","ID_KEC":"34.04.01","KECAMATAN":"GAMPING","ID_DESA":"34.04.01.2002","DESA":"AMBARKETAWANG","LONGITUDE":110.3235602,"LATITUDE":-7.8009945,"STATUS":"BUKA","TANGGAL PENGUMPULAN":"Q1 2025","TANGGAL UPDATE":"27/02/2025"}},{"type":"Feature","geometry":{"coordinates":[110.2916732,-7.7663086],"type":"Point"},"properties":{"NAMA":"TOKO SEMBAKO MBAH DJUM","TIPE_1":"PERDAGANGAN DAN RETAIL","TIPE_2":"TOKO KELONTONG","TIPE_3":"-","TELEPON":"0878-3968-9336","ALAMAT":"PS. GODEAN, JL. NGAPAK - KENTHENG NO.9, GODEAN, SIDOLUHUR, KEC. GODEAN, YOGYAKARTA, DAERAH ISTIMEWA YOGYAKARTA 55264","ID_PROV":34,"PROVINSI":"DAERAH ISTIMEWA YOGYAKARTA","ID_KABKOT":34.04,"KABKOT":"SLEMAN","ID_KEC":"34.04.02","KECAMATAN":"GODEAN","ID_DESA":"34.04.02.2004","DESA":"SIDOAGUNG","LONGITUDE":110.2916732,"LATITUDE":-7.7663086,"STATUS":"BUKA","TANGGAL PENGUMPULAN":"Q1 2025","TANGGAL UPDATE":"27/02/2025"}},{"type":"Feature","geometry":{"coordinates":[110.3629895,-7.7613144],"type":"Point"},"properties":{"NAMA":"IAS WARUNG","TIPE_1":"PERDAGANGAN DAN RETAIL","TIPE_2":"TOKO KELONTONG","TIPE_3":"-","TELEPON":"0857-2706-1625","ALAMAT":"PS. KUTU, JL JAYA WIJAYA KUTUDUKUH, KUTU DUKUH, SINDUADI, MLATI, SLEMAN REGENCY, SPECIAL REGION OF YOGYAKARTA 55284","ID_PROV":34,"PROVINSI":"DAERAH ISTIMEWA YOGYAKARTA","ID_KABKOT":34.04,"KABKOT":"SLEMAN","ID_KEC":"34.04.06","KECAMATAN":"MLATI","ID_DESA":"34.04.06.2001","DESA":"SINDUADI","LONGITUDE":110.3629895,"LATITUDE":-7.7613144,"STATUS":"BUKA","TANGGAL PENGUMPULAN":"Q1 2025","TANGGAL UPDATE":"27/02/2025"}},{"type":"Feature","geometry":{"coordinates":[110.3634692,-7.7406386],"type":"Point"},"properties":{"NAMA":"TOKO ANEKA PLASTIK DAN SEMBAKO","TIPE_1":"PERDAGANGAN DAN RETAIL","TIPE_2":"TOKO KELONTONG","TIPE_3":"-","TELEPON":"0823-1043-7465","ALAMAT":"PS. MLATI JATI, JONGKE TENGAH, SENDANGADI, KEC. MLATI, KABUPATEN SLEMAN, DAERAH ISTIMEWA YOGYAKARTA 55285","ID_PROV":34,"PROVINSI":"DAERAH ISTIMEWA YOGYAKARTA","ID_KABKOT":34.04,"KABKOT":"SLEMAN","ID_KEC":"34.04.06","KECAMATAN":"MLATI","ID_DESA":"34.04.06.2002","DESA":"SENDANGADI","LONGITUDE":110.3634692,"LATITUDE":-7.7406386,"STATUS":"BUKA","TANGGAL PENGUMPULAN":"Q1 2025","TANGGAL UPDATE":"27/02/2025"}},{"type":"Feature","geometry":{"coordinates":[110.2511094,-7.7580951],"type":"Point"},"properties":{"NAMA":"TOKO INDAH","TIPE_1":"PERDAGANGAN DAN RETAIL","TIPE_2":"TOKO KELONTONG","TIPE_3":"-","TELEPON":"(0274) 8238751","ALAMAT":"PS. NGIJON, JALAN, TURGENEN, SUMBERAGUNG, KEC. MOYUDAN, KABUPATEN SLEMAN, DAERAH ISTIMEWA YOGYAKARTA 55563","ID_PROV":34,"PROVINSI":"DAERAH ISTIMEWA YOGYAKARTA","ID_KABKOT":34.04,"KABKOT":"SLEMAN","ID_KEC":"34.04.03","KECAMATAN":"MOYUDAN","ID_DESA":"34.04.03.2003","DESA":"SUMBERAGUNG","LONGITUDE":110.2511094,"LATITUDE":-7.7580951,"STATUS":"BUKA","TANGGAL PENGUMPULAN":"Q1 2025","TANGGAL UPDATE":"27/02/2025"}},{"type":"Feature","geometry":{"coordinates":[110.347595,-7.7013757],"type":"Point"},"properties":{"NAMA":"WARUNG SEMBAKO PANGESTU","TIPE_1":"PERDAGANGAN DAN RETAIL","TIPE_2":"TOKO KELONTONG","TIPE_3":"-","TELEPON":"0878-4310-0026","ALAMAT":"PS. SLEMAN, PS. SLEMAN JL. LETKOL SUBADRI KALAKIJO 1, KALAH IJO 1, TRIHARJO, KEC. SLEMAN, KABUPATEN SLEMAN, DAERAH ISTIMEWA YOGYAKARTA 55514","ID_PROV":34,"PROVINSI":"DAERAH ISTIMEWA YOGYAKARTA","ID_KABKOT":34.04,"KABKOT":"SLEMAN","ID_KEC":"34.04.13","KECAMATAN":"SLEMAN","ID_DESA":"34.04.13.2002","DESA":"TRIHARJO","LONGITUDE":110.347595,"LATITUDE":-7.7013757,"STATUS":"BUKA","TANGGAL PENGUMPULAN":"Q1 2025","TANGGAL UPDATE":"27/02/2025"}},{"type":"Feature","geometry":{"coordinates":[110.4491226,-7.7008474],"type":"Point"},"properties":{"NAMA":"TOKO ENY","TIPE_1":"PERDAGANGAN DAN RETAIL","TIPE_2":"TOKO KELONTONG","TIPE_3":"-","TELEPON":"0817-9441-564","ALAMAT":"PUCANGAN, AREA SAWAH, WIDODOMARTANI, NGEMPLAK, SLEMAN REGENCY, SPECIAL REGION OF YOGYAKARTA 55584","ID_PROV":34,"PROVINSI":"DAERAH ISTIMEWA YOGYAKARTA","ID_KABKOT":34.04,"KABKOT":"SLEMAN","ID_KEC":"34.04.11","KECAMATAN":"NGEMPLAK","ID_DESA":"34.04.11.2003","DESA":"WIDODOMARTANI","LONGITUDE":110.4491226,"LATITUDE":-7.7008474,"STATUS":"BUKA","TANGGAL PENGUMPULAN":"Q1 2025","TANGGAL UPDATE":"27/02/2025"}},{"type":"Feature","geometry":{"coordinates":[110.4214299,-7.7678397],"type":"Point"},"properties":{"NAMA":"TOKO SEMBAKO JOGLO JOGJA","TIPE_1":"PERDAGANGAN DAN RETAIL","TIPE_2":"TOKO KELONTONG","TIPE_3":"-","TELEPON":"","ALAMAT":"PUGERAN RT09 RW65, GG. PERKUTUT NO.06, PUGERAN, MAGUWOHARJO, KEC. DEPOK, KABUPATEN SLEMAN, DAERAH ISTIMEWA YOGYAKARTA 55282","ID_PROV":34,"PROVINSI":"DAERAH ISTIMEWA YOGYAKARTA","ID_KABKOT":34.04,"KABKOT":"SLEMAN","ID_KEC":"34.04.07","KECAMATAN":"DEPOK","ID_DESA":"34.04.07.2002","DESA":"MAGUWOHARJO","LONGITUDE":110.4214299,"LATITUDE":-7.7678397,"STATUS":"BUKA","TANGGAL PENGUMPULAN":"Q1 2025","TANGGAL UPDATE":"27/02/2025"}},{"type":"Feature","geometry":{"coordinates":[110.3833137,-7.655079],"type":"Point"},"properties":{"NAMA":"ROHMADI SEMBAKO","TIPE_1":"PERDAGANGAN DAN RETAIL","TIPE_2":"TOKO KELONTONG","TIPE_3":"-","TELEPON":"(0274) 896247","ALAMAT":"PULIHREJO, KARANGANYAR, DONOKERTO, KEC. TURI, KABUPATEN SLEMAN, DAERAH ISTIMEWA YOGYAKARTA 55551","ID_PROV":34,"PROVINSI":"DAERAH ISTIMEWA YOGYAKARTA","ID_KABKOT":34.04,"KABKOT":"SLEMAN","ID_KEC":"34.04.15","KECAMATAN":"TURI","ID_DESA":"34.04.15.2002","DESA":"DONOKERTO","LONGITUDE":110.3833137,"LATITUDE":-7.655079,"STATUS":"BUKA","TANGGAL PENGUMPULAN":"Q1 2025","TANGGAL UPDATE":"27/02/2025"}},{"type":"Feature","geometry":{"coordinates":[110.452975,-7.7651208],"type":"Point"},"properties":{"NAMA":"SEMBAKO MURAH BAROKAH","TIPE_1":"PERDAGANGAN DAN RETAIL","TIPE_2":"TOKO KELONTONG","TIPE_3":"-","TELEPON":"0888-0610-0222","ALAMAT":"PUNDUNG REJO, JL. KADIROJO 1 NO.2 55571, RT.06/RW.02, KADIROJO II, PURWOMARTANI, KEC. KALASAN, KABUPATEN SLEMAN, DAERAH ISTIMEWA YOGYAKARTA 55571","ID_PROV":34,"PROVINSI":"DAERAH ISTIMEWA YOGYAKARTA","ID_KABKOT":34.04,"KABKOT":"SLEMAN","ID_KEC":"34.04.10","KECAMATAN":"KALASAN","ID_DESA":"34.04.10.2001","DESA":"PURWOMARTANI","LONGITUDE":110.452975,"LATITUDE":-7.7651208,"STATUS":"BUKA","TANGGAL PENGUMPULAN":"Q1 2025","TANGGAL UPDATE":"27/02/2025"}},{"type":"Feature","geometry":{"coordinates":[110.3837064,-7.7498086],"type":"Point"},"properties":{"NAMA":"WARUNG BU YANI","TIPE_1":"PERDAGANGAN DAN RETAIL","TIPE_2":"TOKO KELONTONG","TIPE_3":"-","TELEPON":"0898-7971-557","ALAMAT":"PURWOSARI NO D22, KABUPATEN SLEMAN, DAERAH ISTIMEWA YOGYAKARTA 55284","ID_PROV":34,"PROVINSI":"DAERAH ISTIMEWA YOGYAKARTA","ID_KABKOT":34.04,"KABKOT":"SLEMAN","ID_KEC":"34.04.06","KECAMATAN":"MLATI","ID_DESA":"34.04.06.2001","DESA":"SINDUADI","LONGITUDE":110.3837064,"LATITUDE":-7.7498086,"STATUS":"BUKA","TANGGAL PENGUMPULAN":"Q1 2025","TANGGAL UPDATE":"27/02/2025"}},{"type":"Feature","geometry":{"coordinates":[110.4673564,-7.816897],"type":"Point"},"properties":{"NAMA":"TOKO KELONTONG BU RATINAH","TIPE_1":"PERDAGANGAN DAN RETAIL","TIPE_2":"TOKO KELONTONG","TIPE_3":"-","TELEPON":"0853-8119-1503","ALAMAT":"REJOSARI, JOGOTIRTO, KEC. BERBAH, KABUPATEN SLEMAN, DAERAH ISTIMEWA YOGYAKARTA","ID_PROV":34,"PROVINSI":"DAERAH ISTIMEWA YOGYAKARTA","ID_KABKOT":34.04,"KABKOT":"SLEMAN","ID_KEC":"34.04.08","KECAMATAN":"BERBAH","ID_DESA":"34.04.08.2004","DESA":"JOGOTIRTO","LONGITUDE":110.4673564,"LATITUDE":-7.816897,"STATUS":"BUKA","TANGGAL PENGUMPULAN":"Q1 2025","TANGGAL UPDATE":"27/02/2025"}},{"type":"Feature","geometry":{"coordinates":[110.3053434,-7.7841066],"type":"Point"},"properties":{"NAMA":"TOKO KELONTONG BU NING","TIPE_1":"PERDAGANGAN DAN RETAIL","TIPE_2":"TOKO KELONTONG","TIPE_3":"-","TELEPON":"0852-0137-7150","ALAMAT":"REWULU WETAN RT05 RW21, PRENGGAN, SIDOKARTO, KEC. GODEAN, KABUPATEN SLEMAN, DAERAH ISTIMEWA YOGYAKARTA 55264","ID_PROV":34,"PROVINSI":"DAERAH ISTIMEWA YOGYAKARTA","ID_KABKOT":34.04,"KABKOT":"SLEMAN","ID_KEC":"34.04.02","KECAMATAN":"GODEAN","ID_DESA":"34.04.02.2005","DESA":"SIDOKARTO","LONGITUDE":110.3053434,"LATITUDE":-7.7841066,"STATUS":"BUKA","TANGGAL PENGUMPULAN":"Q1 2025","TANGGAL UPDATE":"27/02/2025"}},{"type":"Feature","geometry":{"coordinates":[110.3040388,-7.7834874],"type":"Point"},"properties":{"NAMA":"TOKO KELONTONG BU TITIK (TOKO DEWI)","TIPE_1":"PERDAGANGAN DAN RETAIL","TIPE_2":"TOKO KELONTONG","TIPE_3":"-","TELEPON":"","ALAMAT":"REWULU WETAN, SIDOKARTO, GODEAN, SLEMAN REGENCY, SPECIAL REGION OF YOGYAKARTA 55264","ID_PROV":34,"PROVINSI":"DAERAH ISTIMEWA YOGYAKARTA","ID_KABKOT":34.04,"KABKOT":"SLEMAN","ID_KEC":"34.04.02","KECAMATAN":"GODEAN","ID_DESA":"34.04.02.2005","DESA":"SIDOKARTO","LONGITUDE":110.3040388,"LATITUDE":-7.7834874,"STATUS":"BUKA","TANGGAL PENGUMPULAN":"Q1 2025","TANGGAL UPDATE":"27/02/2025"}},{"type":"Feature","geometry":{"coordinates":[110.3022579,-7.7823049],"type":"Point"},"properties":{"NAMA":"WARUNG KELONTONG SATRIO","TIPE_1":"PERDAGANGAN DAN RETAIL","TIPE_2":"TOKO KELONTONG","TIPE_3":"-","TELEPON":"0822-4243-6900","ALAMAT":"REWULU WETAN, SIDOKARTO, KEC. GODEAN, KABUPATEN SLEMAN, DAERAH ISTIMEWA YOGYAKARTA 55264","ID_PROV":34,"PROVINSI":"DAERAH ISTIMEWA YOGYAKARTA","ID_KABKOT":34.04,"KABKOT":"SLEMAN","ID_KEC":"34.04.02","KECAMATAN":"GODEAN","ID_DESA":"34.04.02.2005","DESA":"SIDOKARTO","LONGITUDE":110.3022579,"LATITUDE":-7.7823049,"STATUS":"BUKA","TANGGAL PENGUMPULAN":"Q1 2025","TANGGAL UPDATE":"27/02/2025"}},{"type":"Feature","geometry":{"coordinates":[110.3181209,-7.6741663],"type":"Point"},"properties":{"NAMA":"TOKO NANIK","TIPE_1":"PERDAGANGAN DAN RETAIL","TIPE_2":"TOKO KELONTONG","TIPE_3":"-","TELEPON":"","ALAMAT":"RT.001/RW.015, PLUMBON CILIK, MOROREJO, KEC. TEMPEL, KABUPATEN SLEMAN, DAERAH ISTIMEWA YOGYAKARTA 55552","ID_PROV":34,"PROVINSI":"DAERAH ISTIMEWA YOGYAKARTA","ID_KABKOT":34.04,"KABKOT":"SLEMAN","ID_KEC":"34.04.14","KECAMATAN":"TEMPEL","ID_DESA":"34.04.14.2005","DESA":"MOROREJO","LONGITUDE":110.3181209,"LATITUDE":-7.6741663,"STATUS":"BUKA","TANGGAL PENGUMPULAN":"Q1 2025","TANGGAL UPDATE":"27/02/2025"}},{"type":"Feature","geometry":{"coordinates":[110.4299327,-7.8153554],"type":"Point"},"properties":{"NAMA":"WARUNG KELONTONG ANGGUN","TIPE_1":"PERDAGANGAN DAN RETAIL","TIPE_2":"TOKO KELONTONG","TIPE_3":"-","TELEPON":"","ALAMAT":"RT.001/RW.28, JETAK, SENDANGTIRTO, KEC. BERBAH, KABUPATEN SLEMAN, DAERAH ISTIMEWA YOGYAKARTA","ID_PROV":34,"PROVINSI":"DAERAH ISTIMEWA YOGYAKARTA","ID_KABKOT":34.04,"KABKOT":"SLEMAN","ID_KEC":"34.04.08","KECAMATAN":"BERBAH","ID_DESA":"34.04.08.2001","DESA":"SENDANGTIRTO","LONGITUDE":110.4299327,"LATITUDE":-7.8153554,"STATUS":"BUKA","TANGGAL PENGUMPULAN":"Q1 2025","TANGGAL UPDATE":"27/02/2025"}},{"type":"Feature","geometry":{"coordinates":[110.3023165,-7.6833414],"type":"Point"},"properties":{"NAMA":"WARUNG AN DADAKAN JENG YFA","TIPE_1":"PERDAGANGAN DAN RETAIL","TIPE_2":"TOKO KELONTONG","TIPE_3":"-","TELEPON":"0896-5295-1424","ALAMAT":"RT.01 RW/RW.15, BANDUNG KULON, TAMBAKREJO, KEC. TEMPEL, KABUPATEN SLEMAN, DAERAH ISTIMEWA YOGYAKARTA 55552","ID_PROV":34,"PROVINSI":"DAERAH ISTIMEWA YOGYAKARTA","ID_KABKOT":34.04,"KABKOT":"SLEMAN","ID_KEC":"34.04.14","KECAMATAN":"TEMPEL","ID_DESA":"34.04.14.2002","DESA":"TAMBAKREJO","LONGITUDE":110.3023165,"LATITUDE":-7.6833414,"STATUS":"BUKA","TANGGAL PENGUMPULAN":"Q1 2025","TANGGAL UPDATE":"27/02/2025"}},{"type":"Feature","geometry":{"coordinates":[110.3251208,-7.7986216],"type":"Point"},"properties":{"NAMA":"WARUNG KELONTONG DHANNA","TIPE_1":"PERDAGANGAN DAN RETAIL","TIPE_2":"TOKO KELONTONG","TIPE_3":"-","TELEPON":"0818-0239-6867","ALAMAT":"RT.01/RW.15, GAMPING TENGAH, AMBARKETAWANG, KEC. GAMPING, KABUPATEN SLEMAN, DAERAH ISTIMEWA YOGYAKARTA 55294","ID_PROV":34,"PROVINSI":"DAERAH ISTIMEWA YOGYAKARTA","ID_KABKOT":34.04,"KABKOT":"SLEMAN","ID_KEC":"34.04.01","KECAMATAN":"GAMPING","ID_DESA":"34.04.01.2002","DESA":"AMBARKETAWANG","LONGITUDE":110.3251208,"LATITUDE":-7.7986216,"STATUS":"BUKA","TANGGAL PENGUMPULAN":"Q1 2025","TANGGAL UPDATE":"27/02/2025"}},{"type":"Feature","geometry":{"coordinates":[110.4023683,-7.6591509],"type":"Point"},"properties":{"NAMA":"WARUNG MBAK AL","TIPE_1":"PERDAGANGAN DAN RETAIL","TIPE_2":"TOKO KELONTONG","TIPE_3":"-","TELEPON":"0878-3449-8817","ALAMAT":"RT.01/RW.15, NEPEN, CANDIBINANGUN, KEC. PAKEM, KABUPATEN SLEMAN, DAERAH ISTIMEWA YOGYAKARTA 55582","ID_PROV":34,"PROVINSI":"DAERAH ISTIMEWA YOGYAKARTA","ID_KABKOT":34.04,"KABKOT":"SLEMAN","ID_KEC":"34.04.16","KECAMATAN":"PAKEM","ID_DESA":"34.04.16.2002","DESA":"CANDIBINANGUN","LONGITUDE":110.4023683,"LATITUDE":-7.6591509,"STATUS":"BUKA","TANGGAL PENGUMPULAN":"Q1 2025","TANGGAL UPDATE":"27/02/2025"}},{"type":"Feature","geometry":{"coordinates":[110.3122934,-7.6945542],"type":"Point"},"properties":{"NAMA":"TOKO KELONTONG KEMINEM","TIPE_1":"PERDAGANGAN DAN RETAIL","TIPE_2":"TOKO KELONTONG","TIPE_3":"-","TELEPON":"0856-0138-1223","ALAMAT":"RT.01/RW.37, KLUMPRIT, CATURHARJO, KEC. SLEMAN, KABUPATEN SLEMAN, DAERAH ISTIMEWA YOGYAKARTA 55515","ID_PROV":34,"PROVINSI":"DAERAH ISTIMEWA YOGYAKARTA","ID_KABKOT":34.04,"KABKOT":"SLEMAN","ID_KEC":"34.04.13","KECAMATAN":"SLEMAN","ID_DESA":"34.04.13.2001","DESA":"CATURHARJO","LONGITUDE":110.3122934,"LATITUDE":-7.6945542,"STATUS":"BUKA","TANGGAL PENGUMPULAN":"Q1 2025","TANGGAL UPDATE":"27/02/2025"}},{"type":"Feature","geometry":{"coordinates":[110.4903505,-7.7558201],"type":"Point"},"properties":{"NAMA":"TOKO KELONTONG IBU WIGNYA","TIPE_1":"PERDAGANGAN DAN RETAIL","TIPE_2":"TOKO KELONTONG","TIPE_3":"-","TELEPON":"0857-2999-2386","ALAMAT":"RT.02/RW.06, KRANGGAN, BOKOHARJO, KEC. PRAMBANAN, KABUPATEN SLEMAN, DAERAH ISTIMEWA YOGYAKARTA 55572","ID_PROV":34,"PROVINSI":"DAERAH ISTIMEWA YOGYAKARTA","ID_KABKOT":34.04,"KABKOT":"SLEMAN","ID_KEC":"34.04.09","KECAMATAN":"PRAMBANAN","ID_DESA":"34.04.09.2006","DESA":"BOKOHARJO","LONGITUDE":110.4903505,"LATITUDE":-7.7558201,"STATUS":"BUKA","TANGGAL PENGUMPULAN":"Q1 2025","TANGGAL UPDATE":"27/02/2025"}},{"type":"Feature","geometry":{"coordinates":[110.3339401,-7.7207167],"type":"Point"},"properties":{"NAMA":"TOKO LAKSITA","TIPE_1":"PERDAGANGAN DAN RETAIL","TIPE_2":"TOKO KELONTONG","TIPE_3":"-","TELEPON":"0813-2559-7626","ALAMAT":"RT.02/RW.09, WARAK KIDUL, SUMBERADI, KEC. MLATI, KABUPATEN SLEMAN, DAERAH ISTIMEWA YOGYAKARTA 55288","ID_PROV":34,"PROVINSI":"DAERAH ISTIMEWA YOGYAKARTA","ID_KABKOT":34.04,"KABKOT":"SLEMAN","ID_KEC":"34.04.06","KECAMATAN":"MLATI","ID_DESA":"34.04.06.2005","DESA":"SUMBERADI","LONGITUDE":110.3339401,"LATITUDE":-7.7207167,"STATUS":"BUKA","TANGGAL PENGUMPULAN":"Q1 2025","TANGGAL UPDATE":"27/02/2025"}},{"type":"Feature","geometry":{"coordinates":[110.4561623,-7.7630875],"type":"Point"},"properties":{"NAMA":"TOKO SEMBAKO BERKAH","TIPE_1":"PERDAGANGAN DAN RETAIL","TIPE_2":"TOKO KELONTONG","TIPE_3":"-","TELEPON":"0813-2729-6573","ALAMAT":"RT.03/RW.01, TEMANGGAL II, PURWOMARTANI, KEC. KALASAN, YOGYAKARTA, DAERAH ISTIMEWA YOGYAKARTA 55571","ID_PROV":34,"PROVINSI":"DAERAH ISTIMEWA YOGYAKARTA","ID_KABKOT":34.04,"KABKOT":"SLEMAN","ID_KEC":"34.04.10","KECAMATAN":"KALASAN","ID_DESA":"34.04.10.2001","DESA":"PURWOMARTANI","LONGITUDE":110.4561623,"LATITUDE":-7.7630875,"STATUS":"BUKA","TANGGAL PENGUMPULAN":"Q1 2025","TANGGAL UPDATE":"27/02/2025"}},{"type":"Feature","geometry":{"coordinates":[110.4794289,-7.7762734],"type":"Point"},"properties":{"NAMA":"TOKO KITA ( MBAK DIAN)","TIPE_1":"PERDAGANGAN DAN RETAIL","TIPE_2":"TOKO KELONTONG","TIPE_3":"-","TELEPON":"","ALAMAT":"RT.03/RW.23, JOBOHAN, BOKOHARJO, KEC. PRAMBANAN, KABUPATEN SLEMAN, DAERAH ISTIMEWA YOGYAKARTA 55572","ID_PROV":34,"PROVINSI":"DAERAH ISTIMEWA YOGYAKARTA","ID_KABKOT":34.04,"KABKOT":"SLEMAN","ID_KEC":"34.04.09","KECAMATAN":"PRAMBANAN","ID_DESA":"34.04.09.2006","DESA":"BOKOHARJO","LONGITUDE":110.4794289,"LATITUDE":-7.7762734,"STATUS":"BUKA","TANGGAL PENGUMPULAN":"Q1 2025","TANGGAL UPDATE":"27/02/2025"}},{"type":"Feature","geometry":{"coordinates":[110.377563,-7.6517344],"type":"Point"},"properties":{"NAMA":"TERAS KITA ( SEMBAKO & ANGKRINGAN)","TIPE_1":"PERDAGANGAN DAN RETAIL","TIPE_2":"TOKO KELONTONG","TIPE_3":"-","TELEPON":"0896-6547-0032","ALAMAT":"RT.03/RW.27, TURI, DONOKERTO, KEC. TURI, KABUPATEN SLEMAN, DAERAH ISTIMEWA YOGYAKARTA 55551","ID_PROV":34,"PROVINSI":"DAERAH ISTIMEWA YOGYAKARTA","ID_KABKOT":34.04,"KABKOT":"SLEMAN","ID_KEC":"34.04.15","KECAMATAN":"TURI","ID_DESA":"34.04.15.2002","DESA":"DONOKERTO","LONGITUDE":110.377563,"LATITUDE":-7.6517344,"STATUS":"BUKA","TANGGAL PENGUMPULAN":"Q1 2025","TANGGAL UPDATE":"27/02/2025"}},{"type":"Feature","geometry":{"coordinates":[110.4232108,-7.8073455],"type":"Point"},"properties":{"NAMA":"WARUNG PAK RT","TIPE_1":"PERDAGANGAN DAN RETAIL","TIPE_2":"TOKO KELONTONG","TIPE_3":"-","TELEPON":"","ALAMAT":"RT.03/RW.35, KADIPOLO, SENDANGTIRTO, KEC. BERBAH, KABUPATEN SLEMAN, DAERAH ISTIMEWA YOGYAKARTA 55573","ID_PROV":34,"PROVINSI":"DAERAH ISTIMEWA YOGYAKARTA","ID_KABKOT":34.04,"KABKOT":"SLEMAN","ID_KEC":"34.04.08","KECAMATAN":"BERBAH","ID_DESA":"34.04.08.2001","DESA":"SENDANGTIRTO","LONGITUDE":110.4232108,"LATITUDE":-7.8073455,"STATUS":"BUKA","TANGGAL PENGUMPULAN":"Q1 2025","TANGGAL UPDATE":"27/02/2025"}},{"type":"Feature","geometry":{"coordinates":[110.3482109,-7.7145529],"type":"Point"},"properties":{"NAMA":"TOKO SATRIA","TIPE_1":"PERDAGANGAN DAN RETAIL","TIPE_2":"TOKO KELONTONG","TIPE_3":"-","TELEPON":"0877-2871-4443","ALAMAT":"RT.03/RW.8, NGEMPLAK CABAN, TRIDADI, KEC. SLEMAN, KABUPATEN SLEMAN, DAERAH ISTIMEWA YOGYAKARTA 55511","ID_PROV":34,"PROVINSI":"DAERAH ISTIMEWA YOGYAKARTA","ID_KABKOT":34.04,"KABKOT":"SLEMAN","ID_KEC":"34.04.13","KECAMATAN":"SLEMAN","ID_DESA":"34.04.13.2003","DESA":"TRIDADI","LONGITUDE":110.3482109,"LATITUDE":-7.7145529,"STATUS":"BUKA","TANGGAL PENGUMPULAN":"Q1 2025","TANGGAL UPDATE":"27/02/2025"}},{"type":"Feature","geometry":{"coordinates":[110.2634043,-7.7156198],"type":"Point"},"properties":{"NAMA":"TOKO BINTANG TIMUR KARANGMOJO","TIPE_1":"PERDAGANGAN DAN RETAIL","TIPE_2":"TOKO KELONTONG","TIPE_3":"-","TELEPON":"","ALAMAT":"RT.04, PARAKAN WETAN, SENDANGSARI, KEC. MINGGIR, KABUPATEN SLEMAN, DAERAH ISTIMEWA YOGYAKARTA 55562","ID_PROV":34,"PROVINSI":"DAERAH ISTIMEWA YOGYAKARTA","ID_KABKOT":34.04,"KABKOT":"SLEMAN","ID_KEC":"34.04.04","KECAMATAN":"MINGGIR","ID_DESA":"34.04.04.2004","DESA":"SENDANGSARI","LONGITUDE":110.2634043,"LATITUDE":-7.7156198,"STATUS":"BUKA","TANGGAL PENGUMPULAN":"Q1 2025","TANGGAL UPDATE":"27/02/2025"}},{"type":"Feature","geometry":{"coordinates":[110.3263458,-7.7941836],"type":"Point"},"properties":{"NAMA":"TOKO SAYURAN SEMBAKO & FROZEN MBAK SARI","TIPE_1":"PERDAGANGAN DAN RETAIL","TIPE_2":"TOKO KELONTONG","TIPE_3":"-","TELEPON":"","ALAMAT":"RT.06/RW.12, GAMPING LOR, AMBARKETAWANG, KEC. GAMPING, KABUPATEN SLEMAN, DAERAH ISTIMEWA YOGYAKARTA 55294","ID_PROV":34,"PROVINSI":"DAERAH ISTIMEWA YOGYAKARTA","ID_KABKOT":34.04,"KABKOT":"SLEMAN","ID_KEC":"34.04.01","KECAMATAN":"GAMPING","ID_DESA":"34.04.01.2002","DESA":"AMBARKETAWANG","LONGITUDE":110.3263458,"LATITUDE":-7.7941836,"STATUS":"BUKA","TANGGAL PENGUMPULAN":"Q1 2025","TANGGAL UPDATE":"27/02/2025"}},{"type":"Feature","geometry":{"coordinates":[110.3375981,-7.7633722],"type":"Point"},"properties":{"NAMA":"TOKO KELONTONG BAROKAH MUJIANI","TIPE_1":"PERDAGANGAN DAN RETAIL","TIPE_2":"TOKO KELONTONG","TIPE_3":"-","TELEPON":"","ALAMAT":"RT.5/RW.33, MLANGI, NOGOTIRTO, KEC. GAMPING, KABUPATEN SLEMAN, DAERAH ISTIMEWA YOGYAKARTA","ID_PROV":34,"PROVINSI":"DAERAH ISTIMEWA YOGYAKARTA","ID_KABKOT":34.04,"KABKOT":"SLEMAN","ID_KEC":"34.04.01","KECAMATAN":"GAMPING","ID_DESA":"34.04.01.2004","DESA":"NOGOTIRTO","LONGITUDE":110.3375981,"LATITUDE":-7.7633722,"STATUS":"BUKA","TANGGAL PENGUMPULAN":"Q1 2025","TANGGAL UPDATE":"27/02/2025"}},{"type":"Feature","geometry":{"coordinates":[110.2286579,-7.7466172],"type":"Point"},"properties":{"NAMA":"ANEKA SAYUR & SEMBAKO KIOS RR","TIPE_1":"PERDAGANGAN DAN RETAIL","TIPE_2":"TOKO KELONTONG","TIPE_3":"-","TELEPON":"0882-3213-1935","ALAMAT":"RT.PRAPAKWETAN RT3/RW.7, PRAPAK WETAN, SENDANGMULYO, KEC. MINGGIR, KABUPATEN SLEMAN, DAERAH ISTIMEWA YOGYAKARTA 55562","ID_PROV":34,"PROVINSI":"DAERAH ISTIMEWA YOGYAKARTA","ID_KABKOT":34.04,"KABKOT":"SLEMAN","ID_KEC":"34.04.04","KECAMATAN":"MINGGIR","ID_DESA":"34.04.04.2002","DESA":"SENDANGMULYO","LONGITUDE":110.2286579,"LATITUDE":-7.7466172,"STATUS":"BUKA","TANGGAL PENGUMPULAN":"Q1 2025","TANGGAL UPDATE":"27/02/2025"}},{"type":"Feature","geometry":{"coordinates":[110.4704359,-7.8157488],"type":"Point"},"properties":{"NAMA":"TOKO SEMBAKO FORTUNA","TIPE_1":"PERDAGANGAN DAN RETAIL","TIPE_2":"TOKO KELONTONG","TIPE_3":"-","TELEPON":"","ALAMAT":"RT07.RW13, CAREN,KARONGAN, JOGOTIRTO, KEC. BERBAH, KABUPATEN SLEMAN, DAERAH ISTIMEWA YOGYAKARTA","ID_PROV":34,"PROVINSI":"DAERAH ISTIMEWA YOGYAKARTA","ID_KABKOT":34.04,"KABKOT":"SLEMAN","ID_KEC":"34.04.08","KECAMATAN":"BERBAH","ID_DESA":"34.04.08.2004","DESA":"JOGOTIRTO","LONGITUDE":110.4704359,"LATITUDE":-7.8157488,"STATUS":"BUKA","TANGGAL PENGUMPULAN":"Q1 2025","TANGGAL UPDATE":"27/02/2025"}},{"type":"Feature","geometry":{"coordinates":[110.3240315,-7.7751586],"type":"Point"},"properties":{"NAMA":"SHAFA SEMBAKO","TIPE_1":"PERDAGANGAN DAN RETAIL","TIPE_2":"TOKO KELONTONG","TIPE_3":"-","TELEPON":"0813-2933-2288","ALAMAT":"RUKO SIDOARUM, JL. NGAPAK - KENTHENG NO.10, COKRO GEDOK, SIDOARUM, KEC. GODEAN, KABUPATEN SLEMAN, DAERAH ISTIMEWA YOGYAKARTA 55264","ID_PROV":34,"PROVINSI":"DAERAH ISTIMEWA YOGYAKARTA","ID_KABKOT":34.04,"KABKOT":"SLEMAN","ID_KEC":"34.04.02","KECAMATAN":"GODEAN","ID_DESA":"34.04.02.2006","DESA":"SIDOARUM","LONGITUDE":110.3240315,"LATITUDE":-7.7751586,"STATUS":"BUKA","TANGGAL PENGUMPULAN":"Q1 2025","TANGGAL UPDATE":"27/02/2025"}},{"type":"Feature","geometry":{"coordinates":[110.3672301,-7.7552906],"type":"Point"},"properties":{"NAMA":"TOKO KELONTONG SRI REJEKI AZKA","TIPE_1":"PERDAGANGAN DAN RETAIL","TIPE_2":"TOKO KELONTONG","TIPE_3":"-","TELEPON":"","ALAMAT":"RUSUNAWA GEMAWANG NO.BLOK C, KUTU TEGAL, SINDUADIMLATI, KEC. MLATI, KABUPATEN SLEMAN, DAERAH ISTIMEWA YOGYAKARTA 55284","ID_PROV":34,"PROVINSI":"DAERAH ISTIMEWA YOGYAKARTA","ID_KABKOT":34.04,"KABKOT":"SLEMAN","ID_KEC":"34.04.06","KECAMATAN":"MLATI","ID_DESA":"34.04.06.2001","DESA":"SINDUADI","LONGITUDE":110.3672301,"LATITUDE":-7.7552906,"STATUS":"BUKA","TANGGAL PENGUMPULAN":"Q1 2025","TANGGAL UPDATE":"27/02/2025"}},{"type":"Feature","geometry":{"coordinates":[110.3516486,-7.7167463],"type":"Point"},"properties":{"NAMA":"TOKO RENA","TIPE_1":"PERDAGANGAN DAN RETAIL","TIPE_2":"TOKO KELONTONG","TIPE_3":"-","TELEPON":"0888-2573-809","ALAMAT":"RW026 NO.RT/003, DRONO, TRIDADI, KEC. SLEMAN, KABUPATEN SLEMAN, DAERAH ISTIMEWA YOGYAKARTA 55511","ID_PROV":34,"PROVINSI":"DAERAH ISTIMEWA YOGYAKARTA","ID_KABKOT":34.04,"KABKOT":"SLEMAN","ID_KEC":"34.04.13","KECAMATAN":"SLEMAN","ID_DESA":"34.04.13.2003","DESA":"TRIDADI","LONGITUDE":110.3516486,"LATITUDE":-7.7167463,"STATUS":"BUKA","TANGGAL PENGUMPULAN":"Q1 2025","TANGGAL UPDATE":"27/02/2025"}},{"type":"Feature","geometry":{"coordinates":[110.3639664,-7.6207769],"type":"Point"},"properties":{"NAMA":"TOKO KELONTONG MBAK VIRTA","TIPE_1":"PERDAGANGAN DAN RETAIL","TIPE_2":"TOKO KELONTONG","TIPE_3":"-","TELEPON":"","ALAMAT":"SALAM, MERDIKOREJO, KEC. TEMPEL, KABUPATEN SLEMAN, DAERAH ISTIMEWA YOGYAKARTA 55552","ID_PROV":34,"PROVINSI":"DAERAH ISTIMEWA YOGYAKARTA","ID_KABKOT":34.04,"KABKOT":"SLEMAN","ID_KEC":"34.04.14","KECAMATAN":"TEMPEL","ID_DESA":"34.04.14.2008","DESA":"MERDIKOREJO","LONGITUDE":110.3639664,"LATITUDE":-7.6207769,"STATUS":"BUKA","TANGGAL PENGUMPULAN":"Q1 2025","TANGGAL UPDATE":"27/02/2025"}},{"type":"Feature","geometry":{"coordinates":[110.446879,-7.7578674],"type":"Point"},"properties":{"NAMA":"TOKO TUGINAH","TIPE_1":"PERDAGANGAN DAN RETAIL","TIPE_2":"TOKO KELONTONG","TIPE_3":"-","TELEPON":"","ALAMAT":"SAMBI SARI BLOK B, JL. CANDI SAMBISARI NO.6, KADISOKO, PURWOMARTANI, KEC. KALASAN, KABUPATEN SLEMAN, DAERAH ISTIMEWA YOGYAKARTA 55571","ID_PROV":34,"PROVINSI":"DAERAH ISTIMEWA YOGYAKARTA","ID_KABKOT":34.04,"KABKOT":"SLEMAN","ID_KEC":"34.04.10","KECAMATAN":"KALASAN","ID_DESA":"34.04.10.2001","DESA":"PURWOMARTANI","LONGITUDE":110.446879,"LATITUDE":-7.7578674,"STATUS":"BUKA","TANGGAL PENGUMPULAN":"Q1 2025","TANGGAL UPDATE":"27/02/2025"}},{"type":"Feature","geometry":{"coordinates":[110.4478028,-7.7328721],"type":"Point"},"properties":{"NAMA":"WAROENG MBAH SIDOEL","TIPE_1":"PERDAGANGAN DAN RETAIL","TIPE_2":"TOKO KELONTONG","TIPE_3":"-","TELEPON":"(0274) 4395747","ALAMAT":"SAMBIROTO, PURWOMARTANI, KALASAN, SLEMAN REGENCY, SPECIAL REGION OF YOGYAKARTA 55571","ID_PROV":34,"PROVINSI":"DAERAH ISTIMEWA YOGYAKARTA","ID_KABKOT":34.04,"KABKOT":"SLEMAN","ID_KEC":"34.04.10","KECAMATAN":"KALASAN","ID_DESA":"34.04.10.2001","DESA":"PURWOMARTANI","LONGITUDE":110.4478028,"LATITUDE":-7.7328721,"STATUS":"BUKA","TANGGAL PENGUMPULAN":"Q1 2025","TANGGAL UPDATE":"27/02/2025"}},{"type":"Feature","geometry":{"coordinates":[110.475211,-7.7720165],"type":"Point"},"properties":{"NAMA":"TOKO SEMBAKO LUMIMINTU","TIPE_1":"PERDAGANGAN DAN RETAIL","TIPE_2":"TOKO KELONTONG","TIPE_3":"-","TELEPON":"0812-2670-3419","ALAMAT":"SANAN BRINTIKAN, RT.005/RW.017, TIRTOMARTANI, KEC. KALASAN, KABUPATEN SLEMAN, DAERAH ISTIMEWA YOGYAKARTA 55571","ID_PROV":34,"PROVINSI":"DAERAH ISTIMEWA YOGYAKARTA","ID_KABKOT":34.04,"KABKOT":"SLEMAN","ID_KEC":"34.04.10","KECAMATAN":"KALASAN","ID_DESA":"34.04.10.2002","DESA":"TIRTOMARTANI","LONGITUDE":110.475211,"LATITUDE":-7.7720165,"STATUS":"BUKA","TANGGAL PENGUMPULAN":"Q1 2025","TANGGAL UPDATE":"27/02/2025"}},{"type":"Feature","geometry":{"coordinates":[110.4276378,-7.7392531],"type":"Point"},"properties":{"NAMA":"TOKO SEMBAKO ALIT","TIPE_1":"PERDAGANGAN DAN RETAIL","TIPE_2":"TOKO KELONTONG","TIPE_3":"-","TELEPON":"0857-9119-9939","ALAMAT":"SANGGRAHAN, WEDOMARTANI, KEC. NGEMPLAK, KABUPATEN SLEMAN, DAERAH ISTIMEWA YOGYAKARTA 55584","ID_PROV":34,"PROVINSI":"DAERAH ISTIMEWA YOGYAKARTA","ID_KABKOT":34.04,"KABKOT":"SLEMAN","ID_KEC":"34.04.11","KECAMATAN":"NGEMPLAK","ID_DESA":"34.04.11.2004","DESA":"WEDOMARTANI","LONGITUDE":110.4276378,"LATITUDE":-7.7392531,"STATUS":"BUKA","TANGGAL PENGUMPULAN":"Q1 2025","TANGGAL UPDATE":"27/02/2025"}},{"type":"Feature","geometry":{"coordinates":[110.2572525,-7.7868618],"type":"Point"},"properties":{"NAMA":"TOKO KEMBAR","TIPE_1":"PERDAGANGAN DAN RETAIL","TIPE_2":"TOKO KELONTONG","TIPE_3":"-","TELEPON":"","ALAMAT":"SANGUBANYU, SUMBERRAHAYU, KEC. MOYUDAN, KABUPATEN SLEMAN, DAERAH ISTIMEWA YOGYAKARTA 55563","ID_PROV":34,"PROVINSI":"DAERAH ISTIMEWA YOGYAKARTA","ID_KABKOT":34.04,"KABKOT":"SLEMAN","ID_KEC":"34.04.03","KECAMATAN":"MOYUDAN","ID_DESA":"34.04.03.2001","DESA":"SUMBERRAHAYU","LONGITUDE":110.2572525,"LATITUDE":-7.7868618,"STATUS":"BUKA","TANGGAL PENGUMPULAN":"Q1 2025","TANGGAL UPDATE":"27/02/2025"}},{"type":"Feature","geometry":{"coordinates":[110.3922336,-7.7692454],"type":"Point"},"properties":{"NAMA":"WARUNG IJO","TIPE_1":"PERDAGANGAN DAN RETAIL","TIPE_2":"TOKO KELONTONG","TIPE_3":"-","TELEPON":"","ALAMAT":"SANTREN, CATURTUNGGAL, DEPOK, SLEMAN REGENCY, SPECIAL REGION OF YOGYAKARTA 55281","ID_PROV":34,"PROVINSI":"DAERAH ISTIMEWA YOGYAKARTA","ID_KABKOT":34.04,"KABKOT":"SLEMAN","ID_KEC":"34.04.07","KECAMATAN":"DEPOK","ID_DESA":"34.04.07.2001","DESA":"CATURTUNGGAL","LONGITUDE":110.3922336,"LATITUDE":-7.7692454,"STATUS":"BUKA","TANGGAL PENGUMPULAN":"Q1 2025","TANGGAL UPDATE":"27/02/2025"}},{"type":"Feature","geometry":{"coordinates":[110.3226598,-7.7001294],"type":"Point"},"properties":{"NAMA":"TK TIRTO BIRU","TIPE_1":"PERDAGANGAN DAN RETAIL","TIPE_2":"TOKO KELONTONG","TIPE_3":"-","TELEPON":"0895-1328-5060","ALAMAT":"SAWAHAN, RT/RW 001/001, SAWAHAN, MARGOMULYO, KEC. SEYEGAN, KABUPATEN SLEMAN, DAERAH ISTIMEWA YOGYAKARTA 55561","ID_PROV":34,"PROVINSI":"DAERAH ISTIMEWA YOGYAKARTA","ID_KABKOT":34.04,"KABKOT":"SLEMAN","ID_KEC":"34.04.05","KECAMATAN":"SEYEGAN","ID_DESA":"34.04.05.2004","DESA":"MARGOMULYO","LONGITUDE":110.3226598,"LATITUDE":-7.7001294,"STATUS":"BUKA","TANGGAL PENGUMPULAN":"Q1 2025","TANGGAL UPDATE":"27/02/2025"}},{"type":"Feature","geometry":{"coordinates":[110.4994036,-7.8005455],"type":"Point"},"properties":{"NAMA":"MENTARI SAYUR DAN SEMBAKO 24 JAM","TIPE_1":"PERDAGANGAN DAN RETAIL","TIPE_2":"TOKO KELONTONG","TIPE_3":"-","TELEPON":"0857-2624-5459","ALAMAT":"SAWO, SUMBERHARJO, KEC. PRAMBANAN, KABUPATEN SLEMAN, DAERAH ISTIMEWA YOGYAKARTA 55572","ID_PROV":34,"PROVINSI":"DAERAH ISTIMEWA YOGYAKARTA","ID_KABKOT":34.04,"KABKOT":"SLEMAN","ID_KEC":"34.04.09","KECAMATAN":"PRAMBANAN","ID_DESA":"34.04.09.2001","DESA":"SUMBERHARJO","LONGITUDE":110.4994036,"LATITUDE":-7.8005455,"STATUS":"BUKA","TANGGAL PENGUMPULAN":"Q1 2025","TANGGAL UPDATE":"27/02/2025"}},{"type":"Feature","geometry":{"coordinates":[110.2375907,-7.7821437],"type":"Point"},"properties":{"NAMA":"TOKO KELONTONG LINTANG MERAYU","TIPE_1":"PERDAGANGAN DAN RETAIL","TIPE_2":"TOKO KELONTONG","TIPE_3":"-","TELEPON":"0857-0525-8835","ALAMAT":"SD MUHAMMADIYAH, SAREN, RT/RW:004/030, SUMBERRAHAYU,MOYUDAN,SLEMAN(SELATAN, SAREN, KABUPATEN SLEMAN, DAERAH ISTIMEWA YOGYAKARTA 55563","ID_PROV":34,"PROVINSI":"DAERAH ISTIMEWA YOGYAKARTA","ID_KABKOT":34.04,"KABKOT":"SLEMAN","ID_KEC":"34.04.03","KECAMATAN":"MOYUDAN","ID_DESA":"34.04.03.2001","DESA":"SUMBERRAHAYU","LONGITUDE":110.2375907,"LATITUDE":-7.7821437,"STATUS":"BUKA","TANGGAL PENGUMPULAN":"Q1 2025","TANGGAL UPDATE":"27/02/2025"}},{"type":"Feature","geometry":{"coordinates":[110.3408723,-7.6758627],"type":"Point"},"properties":{"NAMA":"TOKO RINA","TIPE_1":"PERDAGANGAN DAN RETAIL","TIPE_2":"TOKO KELONTONG","TIPE_3":"-","TELEPON":"","ALAMAT":"SEBAYU, TRIHARJO, KEC. SLEMAN, KABUPATEN SLEMAN, DAERAH ISTIMEWA YOGYAKARTA 55514","ID_PROV":34,"PROVINSI":"DAERAH ISTIMEWA YOGYAKARTA","ID_KABKOT":34.04,"KABKOT":"SLEMAN","ID_KEC":"34.04.13","KECAMATAN":"SLEMAN","ID_DESA":"34.04.13.2002","DESA":"TRIHARJO","LONGITUDE":110.3408723,"LATITUDE":-7.6758627,"STATUS":"BUKA","TANGGAL PENGUMPULAN":"Q1 2025","TANGGAL UPDATE":"27/02/2025"}},{"type":"Feature","geometry":{"coordinates":[110.3716537,-7.741375],"type":"Point"},"properties":{"NAMA":"WARUNG BU PRI","TIPE_1":"PERDAGANGAN DAN RETAIL","TIPE_2":"TOKO KELONTONG","TIPE_3":"-","TELEPON":"0821-3383-4544","ALAMAT":"SEDAN RT. 7 / RW. 34, SARIHARJO, NGAGLIK, PANGGUNG SARI, SARIHARJO, KEC. NGAGLIK, KABUPATEN SLEMAN, DAERAH ISTIMEWA YOGYAKARTA 55581","ID_PROV":34,"PROVINSI":"DAERAH ISTIMEWA YOGYAKARTA","ID_KABKOT":34.04,"KABKOT":"SLEMAN","ID_KEC":"34.04.12","KECAMATAN":"NGAGLIK","ID_DESA":"34.04.12.2001","DESA":"SARIHARJO","LONGITUDE":110.3716537,"LATITUDE":-7.741375,"STATUS":"BUKA","TANGGAL PENGUMPULAN":"Q1 2025","TANGGAL UPDATE":"27/02/2025"}},{"type":"Feature","geometry":{"coordinates":[110.2237612,-7.7686161],"type":"Point"},"properties":{"NAMA":"WARUNG KELONTONG SRC RAKA","TIPE_1":"PERDAGANGAN DAN RETAIL","TIPE_2":"TOKO KELONTONG","TIPE_3":"-","TELEPON":"0838-6902-2644","ALAMAT":"SEJATI PS., SUMBERARUM, KEC. MOYUDAN, KABUPATEN SLEMAN, DAERAH ISTIMEWA YOGYAKARTA 55563","ID_PROV":34,"PROVINSI":"DAERAH ISTIMEWA YOGYAKARTA","ID_KABKOT":34.04,"KABKOT":"SLEMAN","ID_KEC":"34.04.03","KECAMATAN":"MOYUDAN","ID_DESA":"34.04.03.2004","DESA":"SUMBERARUM","LONGITUDE":110.2237612,"LATITUDE":-7.7686161,"STATUS":"BUKA","TANGGAL PENGUMPULAN":"Q1 2025","TANGGAL UPDATE":"27/02/2025"}},{"type":"Feature","geometry":{"coordinates":[110.2243237,-7.7735111],"type":"Point"},"properties":{"NAMA":"TOKO RIZQY ZAHRA","TIPE_1":"PERDAGANGAN DAN RETAIL","TIPE_2":"TOKO KELONTONG","TIPE_3":"-","TELEPON":"","ALAMAT":"SEJATI, DESA, JITAR DUKUH, SUMBERARUM, KEC. MOYUDAN, KABUPATEN SLEMAN, DAERAH ISTIMEWA YOGYAKARTA 55563","ID_PROV":34,"PROVINSI":"DAERAH ISTIMEWA YOGYAKARTA","ID_KABKOT":34.04,"KABKOT":"SLEMAN","ID_KEC":"34.04.03","KECAMATAN":"MOYUDAN","ID_DESA":"34.04.03.2004","DESA":"SUMBERARUM","LONGITUDE":110.2243237,"LATITUDE":-7.7735111,"STATUS":"BUKA","TANGGAL PENGUMPULAN":"Q1 2025","TANGGAL UPDATE":"27/02/2025"}},{"type":"Feature","geometry":{"coordinates":[110.2251144,-7.7723352],"type":"Point"},"properties":{"NAMA":"WARUNG KELONTONG MADURA YU HANIZU BUKA 24 JAM","TIPE_1":"PERDAGANGAN DAN RETAIL","TIPE_2":"TOKO KELONTONG","TIPE_3":"-","TELEPON":"","ALAMAT":"SEJATI, SUMBERARUM, KEC. MOYUDAN, KABUPATEN SLEMAN, DAERAH ISTIMEWA YOGYAKARTA 55563","ID_PROV":34,"PROVINSI":"DAERAH ISTIMEWA YOGYAKARTA","ID_KABKOT":34.04,"KABKOT":"SLEMAN","ID_KEC":"34.04.03","KECAMATAN":"MOYUDAN","ID_DESA":"34.04.03.2004","DESA":"SUMBERARUM","LONGITUDE":110.2251144,"LATITUDE":-7.7723352,"STATUS":"BUKA","TANGGAL PENGUMPULAN":"Q1 2025","TANGGAL UPDATE":"27/02/2025"}},{"type":"Feature","geometry":{"coordinates":[110.355152,-7.6246736],"type":"Point"},"properties":{"NAMA":"TOKO NANDA","TIPE_1":"PERDAGANGAN DAN RETAIL","TIPE_2":"TOKO KELONTONG","TIPE_3":"-","TELEPON":"0881-8617-953","ALAMAT":"SELOREJO RT02 RW04, SALAM, MERDIKOREJO, KEC. TEMPEL, KABUPATEN SLEMAN, DAERAH ISTIMEWA YOGYAKARTA 55552","ID_PROV":34,"PROVINSI":"DAERAH ISTIMEWA YOGYAKARTA","ID_KABKOT":34.04,"KABKOT":"SLEMAN","ID_KEC":"34.04.14","KECAMATAN":"TEMPEL","ID_DESA":"34.04.14.2008","DESA":"MERDIKOREJO","LONGITUDE":110.355152,"LATITUDE":-7.6246736,"STATUS":"BUKA","TANGGAL PENGUMPULAN":"Q1 2025","TANGGAL UPDATE":"27/02/2025"}},{"type":"Feature","geometry":{"coordinates":[110.295442,-7.68197],"type":"Point"},"properties":{"NAMA":"TOKO PANJANG","TIPE_1":"PERDAGANGAN DAN RETAIL","TIPE_2":"TOKO KELONTONG","TIPE_3":"-","TELEPON":"","ALAMAT":"SEMAMPIR KULOM, TAMBAKREJO, KEC. TEMPEL, KABUPATEN SLEMAN, DAERAH ISTIMEWA YOGYAKARTA 55552","ID_PROV":34,"PROVINSI":"DAERAH ISTIMEWA YOGYAKARTA","ID_KABKOT":34.04,"KABKOT":"SLEMAN","ID_KEC":"34.04.14","KECAMATAN":"TEMPEL","ID_DESA":"34.04.14.2002","DESA":"TAMBAKREJO","LONGITUDE":110.295442,"LATITUDE":-7.68197,"STATUS":"BUKA","TANGGAL PENGUMPULAN":"Q1 2025","TANGGAL UPDATE":"27/02/2025"}},{"type":"Feature","geometry":{"coordinates":[110.3115837,-7.7728159],"type":"Point"},"properties":{"NAMA":"WARUNG MITRA SEMBAKO","TIPE_1":"PERDAGANGAN DAN RETAIL","TIPE_2":"TOKO KELONTONG","TIPE_3":"-","TELEPON":"0856-4155-8156","ALAMAT":"SEMARANGAN, SIDOKARTO, KEC. GODEAN, KABUPATEN SLEMAN, DAERAH ISTIMEWA YOGYAKARTA 55264","ID_PROV":34,"PROVINSI":"DAERAH ISTIMEWA YOGYAKARTA","ID_KABKOT":34.04,"KABKOT":"SLEMAN","ID_KEC":"34.04.02","KECAMATAN":"GODEAN","ID_DESA":"34.04.02.2005","DESA":"SIDOKARTO","LONGITUDE":110.3115837,"LATITUDE":-7.7728159,"STATUS":"BUKA","TANGGAL PENGUMPULAN":"Q1 2025","TANGGAL UPDATE":"27/02/2025"}},{"type":"Feature","geometry":{"coordinates":[110.2975621,-7.7821311],"type":"Point"},"properties":{"NAMA":"TOKO KELONTONG SEDYO MULYO","TIPE_1":"PERDAGANGAN DAN RETAIL","TIPE_2":"TOKO KELONTONG","TIPE_3":"-","TELEPON":"","ALAMAT":"SEMBUH WETAN, SIDOKARTO, KEC. GODEAN, KABUPATEN SLEMAN, DAERAH ISTIMEWA YOGYAKARTA 55264","ID_PROV":34,"PROVINSI":"DAERAH ISTIMEWA YOGYAKARTA","ID_KABKOT":34.04,"KABKOT":"SLEMAN","ID_KEC":"34.04.02","KECAMATAN":"GODEAN","ID_DESA":"34.04.02.2005","DESA":"SIDOKARTO","LONGITUDE":110.2975621,"LATITUDE":-7.7821311,"STATUS":"BUKA","TANGGAL PENGUMPULAN":"Q1 2025","TANGGAL UPDATE":"27/02/2025"}},{"type":"Feature","geometry":{"coordinates":[110.2298172,-7.7532022],"type":"Point"},"properties":{"NAMA":"AZRIL SEMBAKO","TIPE_1":"PERDAGANGAN DAN RETAIL","TIPE_2":"TOKO KELONTONG","TIPE_3":"-","TELEPON":"","ALAMAT":"SEMBUHAN LOR, SENDANGMULYO, KEC. MINGGIR, KABUPATEN SLEMAN, DAERAH ISTIMEWA YOGYAKARTA 55563","ID_PROV":34,"PROVINSI":"DAERAH ISTIMEWA YOGYAKARTA","ID_KABKOT":34.04,"KABKOT":"SLEMAN","ID_KEC":"34.04.04","KECAMATAN":"MINGGIR","ID_DESA":"34.04.04.2002","DESA":"SENDANGMULYO","LONGITUDE":110.2298172,"LATITUDE":-7.7532022,"STATUS":"BUKA","TANGGAL PENGUMPULAN":"Q1 2025","TANGGAL UPDATE":"27/02/2025"}},{"type":"Feature","geometry":{"coordinates":[110.436633,-7.8179101],"type":"Point"},"properties":{"NAMA":"TOKO SEMBAKO PAK SUNAR","TIPE_1":"PERDAGANGAN DAN RETAIL","TIPE_2":"TOKO KELONTONG","TIPE_3":"-","TELEPON":"","ALAMAT":"SEMBUNG RT 4, MINGGIRAN, SENDANGTIRTO, KEC. BERBAH, KABUPATEN SLEMAN, DAERAH ISTIMEWA YOGYAKARTA 55573","ID_PROV":34,"PROVINSI":"DAERAH ISTIMEWA YOGYAKARTA","ID_KABKOT":34.04,"KABKOT":"SLEMAN","ID_KEC":"34.04.08","KECAMATAN":"BERBAH","ID_DESA":"34.04.08.2001","DESA":"SENDANGTIRTO","LONGITUDE":110.436633,"LATITUDE":-7.8179101,"STATUS":"BUKA","TANGGAL PENGUMPULAN":"Q1 2025","TANGGAL UPDATE":"27/02/2025"}},{"type":"Feature","geometry":{"coordinates":[110.3908703,-7.6720359],"type":"Point"},"properties":{"NAMA":"WARUNG MBAH WAGILAH","TIPE_1":"PERDAGANGAN DAN RETAIL","TIPE_2":"TOKO KELONTONG","TIPE_3":"-","TELEPON":"","ALAMAT":"SEMBUNG, PURWOBINANGUN, KEC. PAKEM, KABUPATEN SLEMAN, DAERAH ISTIMEWA YOGYAKARTA 55582","ID_PROV":34,"PROVINSI":"DAERAH ISTIMEWA YOGYAKARTA","ID_KABKOT":34.04,"KABKOT":"SLEMAN","ID_KEC":"34.04.16","KECAMATAN":"PAKEM","ID_DESA":"34.04.16.2001","DESA":"PURWOBINANGUN","LONGITUDE":110.3908703,"LATITUDE":-7.6720359,"STATUS":"BUKA","TANGGAL PENGUMPULAN":"Q1 2025","TANGGAL UPDATE":"27/02/2025"}},{"type":"Feature","geometry":{"coordinates":[110.4502156,-7.8101446],"type":"Point"},"properties":{"NAMA":"TOKO PLASTIK DAN SEMBAKO N","TIPE_1":"PERDAGANGAN DAN RETAIL","TIPE_2":"TOKO KELONTONG","TIPE_3":"-","TELEPON":"0823-6366-7667","ALAMAT":"SEMOYA, TEGALTIRTO, KEC. BERBAH, KABUPATEN SLEMAN, DAERAH ISTIMEWA YOGYAKARTA 55573","ID_PROV":34,"PROVINSI":"DAERAH ISTIMEWA YOGYAKARTA","ID_KABKOT":34.04,"KABKOT":"SLEMAN","ID_KEC":"34.04.08","KECAMATAN":"BERBAH","ID_DESA":"34.04.08.2002","DESA":"TEGALTIRTO","LONGITUDE":110.4502156,"LATITUDE":-7.8101446,"STATUS":"BUKA","TANGGAL PENGUMPULAN":"Q1 2025","TANGGAL UPDATE":"27/02/2025"}},{"type":"Feature","geometry":{"coordinates":[110.4170312,-7.6578481],"type":"Point"},"properties":{"NAMA":"WARUNG JASMINE","TIPE_1":"PERDAGANGAN DAN RETAIL","TIPE_2":"TOKO KELONTONG","TIPE_3":"-","TELEPON":"0856-0086-7912","ALAMAT":"SEMPU NO D04, RT.017/RW.000, AREA SAWAH, PAKEMBINANGUN, YOGYAKARTA, KABUPATEN SLEMAN, DAERAH ISTIMEWA YOGYAKARTA 55582","ID_PROV":34,"PROVINSI":"DAERAH ISTIMEWA YOGYAKARTA","ID_KABKOT":34.04,"KABKOT":"SLEMAN","ID_KEC":"34.04.16","KECAMATAN":"PAKEM","ID_DESA":"34.04.16.2004","DESA":"PAKEMBINANGUN","LONGITUDE":110.4170312,"LATITUDE":-7.6578481,"STATUS":"BUKA","TANGGAL PENGUMPULAN":"Q1 2025","TANGGAL UPDATE":"27/02/2025"}},{"type":"Feature","geometry":{"coordinates":[110.416326,-7.6579186],"type":"Point"},"properties":{"NAMA":"WARUNG SEMBAKO ALIFAH","TIPE_1":"PERDAGANGAN DAN RETAIL","TIPE_2":"TOKO KELONTONG","TIPE_3":"-","TELEPON":"0858-9953-3401","ALAMAT":"SEMPU, PAKEMBINANGUN, KEC. PAKEM, KABUPATEN SLEMAN, DAERAH ISTIMEWA YOGYAKARTA 55582","ID_PROV":34,"PROVINSI":"DAERAH ISTIMEWA YOGYAKARTA","ID_KABKOT":34.04,"KABKOT":"SLEMAN","ID_KEC":"34.04.16","KECAMATAN":"PAKEM","ID_DESA":"34.04.16.2004","DESA":"PAKEMBINANGUN","LONGITUDE":110.416326,"LATITUDE":-7.6579186,"STATUS":"BUKA","TANGGAL PENGUMPULAN":"Q1 2025","TANGGAL UPDATE":"27/02/2025"}},{"type":"Feature","geometry":{"coordinates":[110.4399881,-7.7378452],"type":"Point"},"properties":{"NAMA":"RIZQUNA DEPOT AIR MINERAL DAN SEMBAKO","TIPE_1":"PERDAGANGAN DAN RETAIL","TIPE_2":"TOKO KELONTONG","TIPE_3":"-","TELEPON":"","ALAMAT":"SEMPU, WEDOMARTANI, NGEMPLAK, SLEMAN REGENCY, SPECIAL REGION OF YOGYAKARTA 55584","ID_PROV":34,"PROVINSI":"DAERAH ISTIMEWA YOGYAKARTA","ID_KABKOT":34.04,"KABKOT":"SLEMAN","ID_KEC":"34.04.11","KECAMATAN":"NGEMPLAK","ID_DESA":"34.04.11.2004","DESA":"WEDOMARTANI","LONGITUDE":110.4399881,"LATITUDE":-7.7378452,"STATUS":"BUKA","TANGGAL PENGUMPULAN":"Q1 2025","TANGGAL UPDATE":"27/02/2025"}},{"type":"Feature","geometry":{"coordinates":[110.3738373,-7.6137641],"type":"Point"},"properties":{"NAMA":"TOKO DIAN","TIPE_1":"PERDAGANGAN DAN RETAIL","TIPE_2":"TOKO KELONTONG","TIPE_3":"-","TELEPON":"0877-0557-2147","ALAMAT":"SEMPU, WONO KERTO, KEC. TURI, KABUPATEN SLEMAN, DAERAH ISTIMEWA YOGYAKARTA 55551","ID_PROV":34,"PROVINSI":"DAERAH ISTIMEWA YOGYAKARTA","ID_KABKOT":34.04,"KABKOT":"SLEMAN","ID_KEC":"34.04.15","KECAMATAN":"TURI","ID_DESA":"34.04.15.2004","DESA":"WONOKERTO","LONGITUDE":110.3738373,"LATITUDE":-7.6137641,"STATUS":"BUKA","TANGGAL PENGUMPULAN":"Q1 2025","TANGGAL UPDATE":"27/02/2025"}},{"type":"Feature","geometry":{"coordinates":[110.2874864,-7.7043555],"type":"Point"},"properties":{"NAMA":"WARUNG ARGITA","TIPE_1":"PERDAGANGAN DAN RETAIL","TIPE_2":"TOKO KELONTONG","TIPE_3":"-","TELEPON":"","ALAMAT":"SENOBOYO RT-02, RW.-13, BANYUREJO, KEC. TEMPEL, KABUPATEN SLEMAN, DAERAH ISTIMEWA YOGYAKARTA 55552","ID_PROV":34,"PROVINSI":"DAERAH ISTIMEWA YOGYAKARTA","ID_KABKOT":34.04,"KABKOT":"SLEMAN","ID_KEC":"34.04.14","KECAMATAN":"TEMPEL","ID_DESA":"34.04.14.2001","DESA":"BANYUREJO","LONGITUDE":110.2874864,"LATITUDE":-7.7043555,"STATUS":"BUKA","TANGGAL PENGUMPULAN":"Q1 2025","TANGGAL UPDATE":"27/02/2025"}},{"type":"Feature","geometry":{"coordinates":[110.3021589,-7.7674142],"type":"Point"},"properties":{"NAMA":"TOKO KELONTONG BAROKAH","TIPE_1":"PERDAGANGAN DAN RETAIL","TIPE_2":"TOKO KELONTONG","TIPE_3":"-","TELEPON":"","ALAMAT":"SENUKO, SIDOAGUNG, KEC. GODEAN, KABUPATEN SLEMAN, DAERAH ISTIMEWA YOGYAKARTA 55264","ID_PROV":34,"PROVINSI":"DAERAH ISTIMEWA YOGYAKARTA","ID_KABKOT":34.04,"KABKOT":"SLEMAN","ID_KEC":"34.04.02","KECAMATAN":"GODEAN","ID_DESA":"34.04.02.2004","DESA":"SIDOAGUNG","LONGITUDE":110.3021589,"LATITUDE":-7.7674142,"STATUS":"BUKA","TANGGAL PENGUMPULAN":"Q1 2025","TANGGAL UPDATE":"27/02/2025"}},{"type":"Feature","geometry":{"coordinates":[110.4942102,-7.7946224],"type":"Point"},"properties":{"NAMA":"TOKO KELONTONG BP HARDJONO","TIPE_1":"PERDAGANGAN DAN RETAIL","TIPE_2":"TOKO KELONTONG","TIPE_3":"-","TELEPON":"0896-3040-6933","ALAMAT":"SEREGEDUG LOR, MADUREJO, KEC. PRAMBANAN, KABUPATEN SLEMAN, DAERAH ISTIMEWA YOGYAKARTA 55572","ID_PROV":34,"PROVINSI":"DAERAH ISTIMEWA YOGYAKARTA","ID_KABKOT":34.04,"KABKOT":"SLEMAN","ID_KEC":"34.04.09","KECAMATAN":"PRAMBANAN","ID_DESA":"34.04.09.2005","DESA":"MADUREJO","LONGITUDE":110.4942102,"LATITUDE":-7.7946224,"STATUS":"BUKA","TANGGAL PENGUMPULAN":"Q1 2025","TANGGAL UPDATE":"27/02/2025"}},{"type":"Feature","geometry":{"coordinates":[110.4499846,-7.7559054],"type":"Point"},"properties":{"NAMA":"SRC ALFAT TOKO KELONTONG&ALAT PANCING","TIPE_1":"PERDAGANGAN DAN RETAIL","TIPE_2":"TOKO KELONTONG","TIPE_3":"-","TELEPON":"0856-4352-6242","ALAMAT":"SIDOKERTO, PURWOMARTANI, KEC. KALASAN, KABUPATEN SLEMAN, DAERAH ISTIMEWA YOGYAKARTA 55571","ID_PROV":34,"PROVINSI":"DAERAH ISTIMEWA YOGYAKARTA","ID_KABKOT":34.04,"KABKOT":"SLEMAN","ID_KEC":"34.04.10","KECAMATAN":"KALASAN","ID_DESA":"34.04.10.2001","DESA":"PURWOMARTANI","LONGITUDE":110.4499846,"LATITUDE":-7.7559054,"STATUS":"BUKA","TANGGAL PENGUMPULAN":"Q1 2025","TANGGAL UPDATE":"27/02/2025"}},{"type":"Feature","geometry":{"coordinates":[110.4495504,-7.7587418],"type":"Point"},"properties":{"NAMA":"TOKO BU NUR","TIPE_1":"PERDAGANGAN DAN RETAIL","TIPE_2":"TOKO KELONTONG","TIPE_3":"-","TELEPON":"","ALAMAT":"SIDOKERTO, PURWOMARTANI, KEC. KALASAN, KABUPATEN SLEMAN, DAERAH ISTIMEWA YOGYAKARTA 55571","ID_PROV":34,"PROVINSI":"DAERAH ISTIMEWA YOGYAKARTA","ID_KABKOT":34.04,"KABKOT":"SLEMAN","ID_KEC":"34.04.10","KECAMATAN":"KALASAN","ID_DESA":"34.04.10.2001","DESA":"PURWOMARTANI","LONGITUDE":110.4495504,"LATITUDE":-7.7587418,"STATUS":"BUKA","TANGGAL PENGUMPULAN":"Q1 2025","TANGGAL UPDATE":"27/02/2025"}},{"type":"Feature","geometry":{"coordinates":[110.4493278,-7.7601643],"type":"Point"},"properties":{"NAMA":"TOKO SEMBAKO RIZKY","TIPE_1":"PERDAGANGAN DAN RETAIL","TIPE_2":"TOKO KELONTONG","TIPE_3":"-","TELEPON":"0882-3216-3701","ALAMAT":"SIDOKERTO, PURWOMARTANI, KEC. KALASAN, KABUPATEN SLEMAN, DAERAH ISTIMEWA YOGYAKARTA 55571","ID_PROV":34,"PROVINSI":"DAERAH ISTIMEWA YOGYAKARTA","ID_KABKOT":34.04,"KABKOT":"SLEMAN","ID_KEC":"34.04.10","KECAMATAN":"KALASAN","ID_DESA":"34.04.10.2001","DESA":"PURWOMARTANI","LONGITUDE":110.4493278,"LATITUDE":-7.7601643,"STATUS":"BUKA","TANGGAL PENGUMPULAN":"Q1 2025","TANGGAL UPDATE":"27/02/2025"}},{"type":"Feature","geometry":{"coordinates":[110.3303044,-7.6993969],"type":"Point"},"properties":{"NAMA":"TOKO SEMBAKO","TIPE_1":"PERDAGANGAN DAN RETAIL","TIPE_2":"TOKO KELONTONG","TIPE_3":"-","TELEPON":"","ALAMAT":"SIDOREJO, CATURHARJO, KEC. SLEMAN, KABUPATEN SLEMAN, DAERAH ISTIMEWA YOGYAKARTA 55515","ID_PROV":34,"PROVINSI":"DAERAH ISTIMEWA YOGYAKARTA","ID_KABKOT":34.04,"KABKOT":"SLEMAN","ID_KEC":"34.04.13","KECAMATAN":"SLEMAN","ID_DESA":"34.04.13.2001","DESA":"CATURHARJO","LONGITUDE":110.3303044,"LATITUDE":-7.6993969,"STATUS":"BUKA","TANGGAL PENGUMPULAN":"Q1 2025","TANGGAL UPDATE":"27/02/2025"}},{"type":"Feature","geometry":{"coordinates":[110.2671441,-7.7240048],"type":"Point"},"properties":{"NAMA":"TOKO ERIKA","TIPE_1":"PERDAGANGAN DAN RETAIL","TIPE_2":"TOKO KELONTONG","TIPE_3":"-","TELEPON":"","ALAMAT":"SIDOREJO, RT.6 RW28, SENDANGREJO, KEC. MINGGIR, KABUPATEN SLEMAN, DAERAH ISTIMEWA YOGYAKARTA","ID_PROV":34,"PROVINSI":"DAERAH ISTIMEWA YOGYAKARTA","ID_KABKOT":34.04,"KABKOT":"SLEMAN","ID_KEC":"34.04.04","KECAMATAN":"MINGGIR","ID_DESA":"34.04.04.2005","DESA":"SENDANGREJO","LONGITUDE":110.2671441,"LATITUDE":-7.7240048,"STATUS":"BUKA","TANGGAL PENGUMPULAN":"Q1 2025","TANGGAL UPDATE":"27/02/2025"}},{"type":"Feature","geometry":{"coordinates":[110.3172333,-7.7464714],"type":"Point"},"properties":{"NAMA":"TOKO KELONTONG BU SRI SUYATMI","TIPE_1":"PERDAGANGAN DAN RETAIL","TIPE_2":"TOKO KELONTONG","TIPE_3":"-","TELEPON":"0822-4795-5384","ALAMAT":"SIMPING, RT.4/RW.2, PUNDONG V, SIDOMOYO, KEC. GODEAN, KABUPATEN SLEMAN, DAERAH ISTIMEWA YOGYAKARTA 55264","ID_PROV":34,"PROVINSI":"DAERAH ISTIMEWA YOGYAKARTA","ID_KABKOT":34.04,"KABKOT":"SLEMAN","ID_KEC":"34.04.02","KECAMATAN":"GODEAN","ID_DESA":"34.04.02.2007","DESA":"SIDOMOYO","LONGITUDE":110.3172333,"LATITUDE":-7.7464714,"STATUS":"BUKA","TANGGAL PENGUMPULAN":"Q1 2025","TANGGAL UPDATE":"27/02/2025"}},{"type":"Feature","geometry":{"coordinates":[110.4461582,-7.7199574],"type":"Point"},"properties":{"NAMA":"WARUNG KELONTONG MBA RULLY","TIPE_1":"PERDAGANGAN DAN RETAIL","TIPE_2":"TOKO KELONTONG","TIPE_3":"-","TELEPON":"0896-7170-2266","ALAMAT":"SINDON, SELOMARTANI, KALASAN, SLEMAN REGENCY, SPECIAL REGION OF YOGYAKARTA 55571","ID_PROV":34,"PROVINSI":"DAERAH ISTIMEWA YOGYAKARTA","ID_KABKOT":34.04,"KABKOT":"SLEMAN","ID_KEC":"34.04.10","KECAMATAN":"KALASAN","ID_DESA":"34.04.10.2004","DESA":"SELOMARTANI","LONGITUDE":110.4461582,"LATITUDE":-7.7199574,"STATUS":"BUKA","TANGGAL PENGUMPULAN":"Q1 2025","TANGGAL UPDATE":"27/02/2025"}},{"type":"Feature","geometry":{"coordinates":[110.253186,-7.7584119],"type":"Point"},"properties":{"NAMA":"WARUNG SAYUR DAN KELONTONG MBAK SARI","TIPE_1":"PERDAGANGAN DAN RETAIL","TIPE_2":"TOKO KELONTONG","TIPE_3":"-","TELEPON":"0895-3222-55761","ALAMAT":"SINGOJAYAN, SENDANGARUM, KEC. MINGGIR, KABUPATEN SLEMAN, DAERAH ISTIMEWA YOGYAKARTA 55563","ID_PROV":34,"PROVINSI":"DAERAH ISTIMEWA YOGYAKARTA","ID_KABKOT":34.04,"KABKOT":"SLEMAN","ID_KEC":"34.04.04","KECAMATAN":"MINGGIR","ID_DESA":"34.04.04.2001","DESA":"SENDANGARUM","LONGITUDE":110.253186,"LATITUDE":-7.7584119,"STATUS":"BUKA","TANGGAL PENGUMPULAN":"Q1 2025","TANGGAL UPDATE":"27/02/2025"}},{"type":"Feature","geometry":{"coordinates":[110.3437202,-7.6999912],"type":"Point"},"properties":{"NAMA":"WARUNG KELONTONG MBAK SRI","TIPE_1":"PERDAGANGAN DAN RETAIL","TIPE_2":"TOKO KELONTONG","TIPE_3":"-","TELEPON":"","ALAMAT":"SLEMAN III, RT.04/RW.08, KALAH IJO 1, TRIHARJO, SLEMAN, SLEMAN REGENCY, SPECIAL REGION OF YOGYAKARTA 55514","ID_PROV":34,"PROVINSI":"DAERAH ISTIMEWA YOGYAKARTA","ID_KABKOT":34.04,"KABKOT":"SLEMAN","ID_KEC":"34.04.13","KECAMATAN":"SLEMAN","ID_DESA":"34.04.13.2002","DESA":"TRIHARJO","LONGITUDE":110.3437202,"LATITUDE":-7.6999912,"STATUS":"BUKA","TANGGAL PENGUMPULAN":"Q1 2025","TANGGAL UPDATE":"27/02/2025"}},{"type":"Feature","geometry":{"coordinates":[110.2333952,-7.7540852],"type":"Point"},"properties":{"NAMA":"TOKO ANC MELAYANI SEMUA KEBUTUHAN ANDA","TIPE_1":"PERDAGANGAN DAN RETAIL","TIPE_2":"TOKO KELONTONG","TIPE_3":"-","TELEPON":"","ALAMAT":"SLORONGAN, SENDANGMULYO, MINGGIR, SLEMAN REGENCY, SPECIAL REGION OF YOGYAKARTA","ID_PROV":34,"PROVINSI":"DAERAH ISTIMEWA YOGYAKARTA","ID_KABKOT":34.04,"KABKOT":"SLEMAN","ID_KEC":"34.04.04","KECAMATAN":"MINGGIR","ID_DESA":"34.04.04.2002","DESA":"SENDANGMULYO","LONGITUDE":110.2333952,"LATITUDE":-7.7540852,"STATUS":"BUKA","TANGGAL PENGUMPULAN":"Q1 2025","TANGGAL UPDATE":"27/02/2025"}},{"type":"Feature","geometry":{"coordinates":[110.2323458,-7.7519621],"type":"Point"},"properties":{"NAMA":"TOKO SAMJAYA","TIPE_1":"PERDAGANGAN DAN RETAIL","TIPE_2":"TOKO KELONTONG","TIPE_3":"-","TELEPON":"0813-2808-9742","ALAMAT":"SLORONGAN, SENDANGMULYO, MINGGIR, SLEMAN REGENCY, SPECIAL REGION OF YOGYAKARTA 55562","ID_PROV":34,"PROVINSI":"DAERAH ISTIMEWA YOGYAKARTA","ID_KABKOT":34.04,"KABKOT":"SLEMAN","ID_KEC":"34.04.04","KECAMATAN":"MINGGIR","ID_DESA":"34.04.04.2002","DESA":"SENDANGMULYO","LONGITUDE":110.2323458,"LATITUDE":-7.7519621,"STATUS":"BUKA","TANGGAL PENGUMPULAN":"Q1 2025","TANGGAL UPDATE":"27/02/2025"}},{"type":"Feature","geometry":{"coordinates":[110.4620878,-7.7597308],"type":"Point"},"properties":{"NAMA":"TOKO SEMBAKO BU IMAWATI","TIPE_1":"PERDAGANGAN DAN RETAIL","TIPE_2":"TOKO KELONTONG","TIPE_3":"-","TELEPON":"0813-1641-8471","ALAMAT":"SOMO DARAN, PURWOMARTANI, KEC. KALASAN, KABUPATEN SLEMAN, DAERAH ISTIMEWA YOGYAKARTA 55571","ID_PROV":34,"PROVINSI":"DAERAH ISTIMEWA YOGYAKARTA","ID_KABKOT":34.04,"KABKOT":"SLEMAN","ID_KEC":"34.04.10","KECAMATAN":"KALASAN","ID_DESA":"34.04.10.2001","DESA":"PURWOMARTANI","LONGITUDE":110.4620878,"LATITUDE":-7.7597308,"STATUS":"BUKA","TANGGAL PENGUMPULAN":"Q1 2025","TANGGAL UPDATE":"27/02/2025"}},{"type":"Feature","geometry":{"coordinates":[110.312506,-7.7022303],"type":"Point"},"properties":{"NAMA":"WARUNG SEMBAKO DEWANTARA","TIPE_1":"PERDAGANGAN DAN RETAIL","TIPE_2":"TOKO KELONTONG","TIPE_3":"-","TELEPON":"","ALAMAT":"SOMORAI, MARGOAGUNG, KEC. SEYEGAN, KABUPATEN SLEMAN, DAERAH ISTIMEWA YOGYAKARTA 55561","ID_PROV":34,"PROVINSI":"DAERAH ISTIMEWA YOGYAKARTA","ID_KABKOT":34.04,"KABKOT":"SLEMAN","ID_KEC":"34.04.05","KECAMATAN":"SEYEGAN","ID_DESA":"34.04.05.2005","DESA":"MARGOAGUNG","LONGITUDE":110.312506,"LATITUDE":-7.7022303,"STATUS":"BUKA","TANGGAL PENGUMPULAN":"Q1 2025","TANGGAL UPDATE":"27/02/2025"}},{"type":"Feature","geometry":{"coordinates":[110.4524498,-7.8160642],"type":"Point"},"properties":{"NAMA":"TOKO RANGGA","TIPE_1":"PERDAGANGAN DAN RETAIL","TIPE_2":"TOKO KELONTONG","TIPE_3":"-","TELEPON":"","ALAMAT":"SOMPILAN, TEGALTIRTO, KEC. BERBAH, KABUPATEN SLEMAN, DAERAH ISTIMEWA YOGYAKARTA 55573","ID_PROV":34,"PROVINSI":"DAERAH ISTIMEWA YOGYAKARTA","ID_KABKOT":34.04,"KABKOT":"SLEMAN","ID_KEC":"34.04.08","KECAMATAN":"BERBAH","ID_DESA":"34.04.08.2002","DESA":"TEGALTIRTO","LONGITUDE":110.4524498,"LATITUDE":-7.8160642,"STATUS":"BUKA","TANGGAL PENGUMPULAN":"Q1 2025","TANGGAL UPDATE":"27/02/2025"}},{"type":"Feature","geometry":{"coordinates":[110.3902535,-7.6257657],"type":"Point"},"properties":{"NAMA":"TOKO PIPIN SHOP","TIPE_1":"PERDAGANGAN DAN RETAIL","TIPE_2":"TOKO KELONTONG","TIPE_3":"-","TELEPON":"0812-2718-8910","ALAMAT":"SOPRAYAN, BANGUNMULYO, GIRIKERTO, KEC. TURI, KABUPATEN SLEMAN, DAERAH ISTIMEWA YOGYAKARTA 55551","ID_PROV":34,"PROVINSI":"DAERAH ISTIMEWA YOGYAKARTA","ID_KABKOT":34.04,"KABKOT":"SLEMAN","ID_KEC":"34.04.15","KECAMATAN":"TURI","ID_DESA":"34.04.15.2003","DESA":"GIRIKERTO","LONGITUDE":110.3902535,"LATITUDE":-7.6257657,"STATUS":"BUKA","TANGGAL PENGUMPULAN":"Q1 2025","TANGGAL UPDATE":"27/02/2025"}},{"type":"Feature","geometry":{"coordinates":[110.469718,-7.6956772],"type":"Point"},"properties":{"NAMA":"TOKO BAROKAH LANCAR JAYA","TIPE_1":"PERDAGANGAN DAN RETAIL","TIPE_2":"TOKO KELONTONG","TIPE_3":"-","TELEPON":"","ALAMAT":"SORASAN, BIMOMARTANI, KEC. NGEMPLAK, KABUPATEN SLEMAN, DAERAH ISTIMEWA YOGYAKARTA","ID_PROV":34,"PROVINSI":"DAERAH ISTIMEWA YOGYAKARTA","ID_KABKOT":34.04,"KABKOT":"SLEMAN","ID_KEC":"34.04.11","KECAMATAN":"NGEMPLAK","ID_DESA":"34.04.11.2002","DESA":"BIMOMARTANI","LONGITUDE":110.469718,"LATITUDE":-7.6956772,"STATUS":"BUKA","TANGGAL PENGUMPULAN":"Q1 2025","TANGGAL UPDATE":"27/02/2025"}},{"type":"Feature","geometry":{"coordinates":[110.4394551,-7.7796031],"type":"Point"},"properties":{"NAMA":"TOKO KELONTONG MADA","TIPE_1":"PERDAGANGAN DAN RETAIL","TIPE_2":"TOKO KELONTONG","TIPE_3":"-","TELEPON":"0813-3439-9900","ALAMAT":"SOROGENEN 2 RT/RW 4 RW.1, SOROGENAN II, PURWOMARTANI, KEC. KALASAN, KABUPATEN SLEMAN, DAERAH ISTIMEWA YOGYAKARTA 55571","ID_PROV":34,"PROVINSI":"DAERAH ISTIMEWA YOGYAKARTA","ID_KABKOT":34.04,"KABKOT":"SLEMAN","ID_KEC":"34.04.10","KECAMATAN":"KALASAN","ID_DESA":"34.04.10.2001","DESA":"PURWOMARTANI","LONGITUDE":110.4394551,"LATITUDE":-7.7796031,"STATUS":"BUKA","TANGGAL PENGUMPULAN":"Q1 2025","TANGGAL UPDATE":"27/02/2025"}},{"type":"Feature","geometry":{"coordinates":[110.2643051,-7.7368896],"type":"Point"},"properties":{"NAMA":"TOKO BU AMINI","TIPE_1":"PERDAGANGAN DAN RETAIL","TIPE_2":"TOKO KELONTONG","TIPE_3":"-","TELEPON":"","ALAMAT":"SORONONDAN, SENDANGREJO, KEC. MINGGIR, KABUPATEN SLEMAN, DAERAH ISTIMEWA YOGYAKARTA 55562","ID_PROV":34,"PROVINSI":"DAERAH ISTIMEWA YOGYAKARTA","ID_KABKOT":34.04,"KABKOT":"SLEMAN","ID_KEC":"34.04.04","KECAMATAN":"MINGGIR","ID_DESA":"34.04.04.2005","DESA":"SENDANGREJO","LONGITUDE":110.2643051,"LATITUDE":-7.7368896,"STATUS":"BUKA","TANGGAL PENGUMPULAN":"Q1 2025","TANGGAL UPDATE":"27/02/2025"}},{"type":"Feature","geometry":{"coordinates":[110.2922127,-7.716466],"type":"Point"},"properties":{"NAMA":"TOKO KELONTONG CAHAYA MUTIARA PESAN","TIPE_1":"PERDAGANGAN DAN RETAIL","TIPE_2":"TOKO KELONTONG","TIPE_3":"-","TELEPON":"","ALAMAT":"SOWOKATON, MARGOKATON, SEYEGAN, SLEMAN REGENCY, SPECIAL REGION OF YOGYAKARTA 55561","ID_PROV":34,"PROVINSI":"DAERAH ISTIMEWA YOGYAKARTA","ID_KABKOT":34.04,"KABKOT":"SLEMAN","ID_KEC":"34.04.05","KECAMATAN":"SEYEGAN","ID_DESA":"34.04.05.2003","DESA":"MARGOKATON","LONGITUDE":110.2922127,"LATITUDE":-7.716466,"STATUS":"BUKA","TANGGAL PENGUMPULAN":"Q1 2025","TANGGAL UPDATE":"27/02/2025"}},{"type":"Feature","geometry":{"coordinates":[110.4367737,-7.6768568],"type":"Point"},"properties":{"NAMA":"TOKO KELONTONG NINGRUM","TIPE_1":"PERDAGANGAN DAN RETAIL","TIPE_2":"TOKO KELONTONG","TIPE_3":"-","TELEPON":"0857-2502-3256","ALAMAT":"SRI ASI WATI,KALISORO, RT.02/RW.22, UMBULMARTANI, KEC. NGEMPLAK, KABUPATEN SLEMAN, DAERAH ISTIMEWA YOGYAKARTA 88854","ID_PROV":34,"PROVINSI":"DAERAH ISTIMEWA YOGYAKARTA","ID_KABKOT":34.04,"KABKOT":"SLEMAN","ID_KEC":"34.04.11","KECAMATAN":"NGEMPLAK","ID_DESA":"34.04.11.2005","DESA":"UMBULMARTANI","LONGITUDE":110.4367737,"LATITUDE":-7.6768568,"STATUS":"BUKA","TANGGAL PENGUMPULAN":"Q1 2025","TANGGAL UPDATE":"27/02/2025"}},{"type":"Feature","geometry":{"coordinates":[110.3377295,-7.7867439],"type":"Point"},"properties":{"NAMA":"TOKOMU SRANDAKAN","TIPE_1":"PERDAGANGAN DAN RETAIL","TIPE_2":"TOKO KELONTONG","TIPE_3":"-","TELEPON":"0877-3953-5744","ALAMAT":"SUKUNAN, BANYURADEN, KEC. GAMPING, KABUPATEN SLEMAN, DAERAH ISTIMEWA YOGYAKARTA 55293","ID_PROV":34,"PROVINSI":"DAERAH ISTIMEWA YOGYAKARTA","ID_KABKOT":34.04,"KABKOT":"SLEMAN","ID_KEC":"34.04.01","KECAMATAN":"GAMPING","ID_DESA":"34.04.01.2003","DESA":"BANYURADEN","LONGITUDE":110.3377295,"LATITUDE":-7.7867439,"STATUS":"BUKA","TANGGAL PENGUMPULAN":"Q1 2025","TANGGAL UPDATE":"27/02/2025"}},{"type":"Feature","geometry":{"coordinates":[110.338327,-7.7857115],"type":"Point"},"properties":{"NAMA":"WARUNG KELONTONG RAHMA","TIPE_1":"PERDAGANGAN DAN RETAIL","TIPE_2":"TOKO KELONTONG","TIPE_3":"-","TELEPON":"","ALAMAT":"SUKUNAN, BANYURADEN, KEC. GAMPING, KABUPATEN SLEMAN, DAERAH ISTIMEWA YOGYAKARTA 55293","ID_PROV":34,"PROVINSI":"DAERAH ISTIMEWA YOGYAKARTA","ID_KABKOT":34.04,"KABKOT":"SLEMAN","ID_KEC":"34.04.01","KECAMATAN":"GAMPING","ID_DESA":"34.04.01.2003","DESA":"BANYURADEN","LONGITUDE":110.338327,"LATITUDE":-7.7857115,"STATUS":"BUKA","TANGGAL PENGUMPULAN":"Q1 2025","TANGGAL UPDATE":"27/02/2025"}},{"type":"Feature","geometry":{"coordinates":[110.3357913,-7.7874036],"type":"Point"},"properties":{"NAMA":"OMAH NASWA","TIPE_1":"PERDAGANGAN DAN RETAIL","TIPE_2":"TOKO KELONTONG","TIPE_3":"-","TELEPON":"0856-2577-461","ALAMAT":"SUKUNAN, RT.07/RW.19, SUKUNAN, BANYURADEN, KEC. GAMPING, KABUPATEN SLEMAN, DAERAH ISTIMEWA YOGYAKARTA 55293","ID_PROV":34,"PROVINSI":"DAERAH ISTIMEWA YOGYAKARTA","ID_KABKOT":34.04,"KABKOT":"SLEMAN","ID_KEC":"34.04.01","KECAMATAN":"GAMPING","ID_DESA":"34.04.01.2003","DESA":"BANYURADEN","LONGITUDE":110.3357913,"LATITUDE":-7.7874036,"STATUS":"BUKA","TANGGAL PENGUMPULAN":"Q1 2025","TANGGAL UPDATE":"27/02/2025"}},{"type":"Feature","geometry":{"coordinates":[110.4589902,-7.8092779],"type":"Point"},"properties":{"NAMA":"TOKO BU RISMI","TIPE_1":"PERDAGANGAN DAN RETAIL","TIPE_2":"TOKO KELONTONG","TIPE_3":"-","TELEPON":"0822-2700-1997","ALAMAT":"SUMBER KIDUL 05, RW.33, KALITIRTO, KABUPATEN SLEMAN, DAERAH ISTIMEWA YOGYAKARTA 55573","ID_PROV":34,"PROVINSI":"DAERAH ISTIMEWA YOGYAKARTA","ID_KABKOT":34.04,"KABKOT":"SLEMAN","ID_KEC":"34.04.08","KECAMATAN":"BERBAH","ID_DESA":"34.04.08.2003","DESA":"KALITIRTO","LONGITUDE":110.4589902,"LATITUDE":-7.8092779,"STATUS":"BUKA","TANGGAL PENGUMPULAN":"Q1 2025","TANGGAL UPDATE":"27/02/2025"}},{"type":"Feature","geometry":{"coordinates":[110.4524016,-7.80567],"type":"Point"},"properties":{"NAMA":"TOKO GROSIR ECER IBU SURAMI","TIPE_1":"PERDAGANGAN DAN RETAIL","TIPE_2":"TOKO KELONTONG","TIPE_3":"-","TELEPON":"","ALAMAT":"SUMBER KULON, KALITIRTO, KEC. BERBAH, KABUPATEN SLEMAN, DAERAH ISTIMEWA YOGYAKARTA 55573","ID_PROV":34,"PROVINSI":"DAERAH ISTIMEWA YOGYAKARTA","ID_KABKOT":34.04,"KABKOT":"SLEMAN","ID_KEC":"34.04.08","KECAMATAN":"BERBAH","ID_DESA":"34.04.08.2003","DESA":"KALITIRTO","LONGITUDE":110.4524016,"LATITUDE":-7.80567,"STATUS":"BUKA","TANGGAL PENGUMPULAN":"Q1 2025","TANGGAL UPDATE":"27/02/2025"}},{"type":"Feature","geometry":{"coordinates":[110.239801,-7.7554561],"type":"Point"},"properties":{"NAMA":"SEMBAKO KREMBANGAN","TIPE_1":"PERDAGANGAN DAN RETAIL","TIPE_2":"TOKO KELONTONG","TIPE_3":"-","TELEPON":"","ALAMAT":"SUMBER, SENDANGMULYO, KEC. MINGGIR, KABUPATEN SLEMAN, DAERAH ISTIMEWA YOGYAKARTA","ID_PROV":34,"PROVINSI":"DAERAH ISTIMEWA YOGYAKARTA","ID_KABKOT":34.04,"KABKOT":"SLEMAN","ID_KEC":"34.04.04","KECAMATAN":"MINGGIR","ID_DESA":"34.04.04.2002","DESA":"SENDANGMULYO","LONGITUDE":110.239801,"LATITUDE":-7.7554561,"STATUS":"BUKA","TANGGAL PENGUMPULAN":"Q1 2025","TANGGAL UPDATE":"27/02/2025"}},{"type":"Feature","geometry":{"coordinates":[110.2373709,-7.7524826],"type":"Point"},"properties":{"NAMA":"TOKO KUSUMA","TIPE_1":"PERDAGANGAN DAN RETAIL","TIPE_2":"TOKO KELONTONG","TIPE_3":"-","TELEPON":"","ALAMAT":"SUMBER, SENDANGMULYO, MINGGIR, SLEMAN REGENCY, SPECIAL REGION OF YOGYAKARTA 55562","ID_PROV":34,"PROVINSI":"DAERAH ISTIMEWA YOGYAKARTA","ID_KABKOT":34.04,"KABKOT":"SLEMAN","ID_KEC":"34.04.04","KECAMATAN":"MINGGIR","ID_DESA":"34.04.04.2002","DESA":"SENDANGMULYO","LONGITUDE":110.2373709,"LATITUDE":-7.7524826,"STATUS":"BUKA","TANGGAL PENGUMPULAN":"Q1 2025","TANGGAL UPDATE":"27/02/2025"}},{"type":"Feature","geometry":{"coordinates":[110.2926036,-7.7982424],"type":"Point"},"properties":{"NAMA":"TOKO SEMBAKO JOGJA VANIA","TIPE_1":"PERDAGANGAN DAN RETAIL","TIPE_2":"TOKO KELONTONG","TIPE_3":"-","TELEPON":"","ALAMAT":"SUMBERGAMOL 02/13, BALECATUR, KEC. GAMPING, KABUPATEN SLEMAN, DAERAH ISTIMEWA YOGYAKARTA 55295","ID_PROV":34,"PROVINSI":"DAERAH ISTIMEWA YOGYAKARTA","ID_KABKOT":34.04,"KABKOT":"SLEMAN","ID_KEC":"34.04.01","KECAMATAN":"GAMPING","ID_DESA":"34.04.01.2001","DESA":"BALECATUR","LONGITUDE":110.2926036,"LATITUDE":-7.7982424,"STATUS":"BUKA","TANGGAL PENGUMPULAN":"Q1 2025","TANGGAL UPDATE":"27/02/2025"}},{"type":"Feature","geometry":{"coordinates":[110.4696497,-7.6897109],"type":"Point"},"properties":{"NAMA":"WARUNG KELONTONG MBAK MAMI","TIPE_1":"PERDAGANGAN DAN RETAIL","TIPE_2":"TOKO KELONTONG","TIPE_3":"-","TELEPON":"0858-6863-5550","ALAMAT":"SURASAN, BIMOMARTANI, KEC. NGEMPLAK, KABUPATEN SLEMAN, DAERAH ISTIMEWA YOGYAKARTA 55584","ID_PROV":34,"PROVINSI":"DAERAH ISTIMEWA YOGYAKARTA","ID_KABKOT":34.04,"KABKOT":"SLEMAN","ID_KEC":"34.04.11","KECAMATAN":"NGEMPLAK","ID_DESA":"34.04.11.2001","DESA":"SINDUMARTANI","LONGITUDE":110.4696497,"LATITUDE":-7.6897109,"STATUS":"BUKA","TANGGAL PENGUMPULAN":"Q1 2025","TANGGAL UPDATE":"27/02/2025"}},{"type":"Feature","geometry":{"coordinates":[110.4527185,-7.7156549],"type":"Point"},"properties":{"NAMA":"WARUNG KELONTONG HAMEEDA","TIPE_1":"PERDAGANGAN DAN RETAIL","TIPE_2":"TOKO KELONTONG","TIPE_3":"-","TELEPON":"0853-1979-5827","ALAMAT":"SUROKERTEN, SELOMARTANI, KEC. KALASAN, KABUPATEN SLEMAN, DAERAH ISTIMEWA YOGYAKARTA 55571","ID_PROV":34,"PROVINSI":"DAERAH ISTIMEWA YOGYAKARTA","ID_KABKOT":34.04,"KABKOT":"SLEMAN","ID_KEC":"34.04.10","KECAMATAN":"KALASAN","ID_DESA":"34.04.10.2004","DESA":"SELOMARTANI","LONGITUDE":110.4527185,"LATITUDE":-7.7156549,"STATUS":"BUKA","TANGGAL PENGUMPULAN":"Q1 2025","TANGGAL UPDATE":"27/02/2025"}},{"type":"Feature","geometry":{"coordinates":[110.4872207,-7.7382338],"type":"Point"},"properties":{"NAMA":"TOKO BU MUJIYEM","TIPE_1":"PERDAGANGAN DAN RETAIL","TIPE_2":"TOKO KELONTONG","TIPE_3":"-","TELEPON":"","ALAMAT":"TAMANAN 02/01, SENTONO, TAMANMARTANI, KEC. KALASAN, KABUPATEN SLEMAN, DAERAH ISTIMEWA YOGYAKARTA 55571","ID_PROV":34,"PROVINSI":"DAERAH ISTIMEWA YOGYAKARTA","ID_KABKOT":34.04,"KABKOT":"SLEMAN","ID_KEC":"34.04.10","KECAMATAN":"KALASAN","ID_DESA":"34.04.10.2003","DESA":"TAMANMARTANI","LONGITUDE":110.4872207,"LATITUDE":-7.7382338,"STATUS":"BUKA","TANGGAL PENGUMPULAN":"Q1 2025","TANGGAL UPDATE":"27/02/2025"}}]}