{"type":"FeatureCollection","features":[{"type":"Feature","geometry":{"coordinates":[110.3646746,-7.6418796],"type":"Point"},"properties":{"fid":143,"NAMA":"APOTEK, RUMAH KHITAN SELOWANGSAN DAN PRAKTEK DOKTER","TIPE_1":"KESEHATAN DAN PENGOBATAN","TIPE_2":"APOTEK","TIPE_3":"-","TELEPON":"0813-2884-6721","ALAMAT":"SELOWANGSAN, DADAPAN, WONO KERTO, KEC. TURI, KABUPATEN SLEMAN, DAERAH ISTIMEWA YOGYAKARTA 55551","ID_PROV":"34","PROVINSI":"DAERAH ISTIMEWA YOGYAKARTA","ID_KABKOT":"34.04","KABKOT":"SLEMAN","ID_KEC":"34.04.15","KECAMATAN":"TURI","ID_DESA":"34.04.15.2004","DESA":"WONOKERTO","LONGITUDE":110.3646746,"LATITUDE":-7.6418796,"STATUS":"BUKA","TANGGAL PENGUMPULAN":"Q1 2024","TANGGAL UPDATE":"28/02/2025"}},{"type":"Feature","geometry":{"coordinates":[110.3611793,-7.6716831],"type":"Point"},"properties":{"fid":233,"NAMA":"APOTEK KADISOBO","TIPE_1":"KESEHATAN DAN PENGOBATAN","TIPE_2":"APOTEK","TIPE_3":"-","TELEPON":"","ALAMAT":"JL. TURI, KADISOBO I, TRIMULYO, KEC. SLEMAN, KABUPATEN SLEMAN, DAERAH ISTIMEWA YOGYAKARTA","ID_PROV":"34","PROVINSI":"DAERAH ISTIMEWA YOGYAKARTA","ID_KABKOT":"34.04","KABKOT":"SLEMAN","ID_KEC":"34.04.13","KECAMATAN":"SLEMAN","ID_DESA":"34.04.13.2005","DESA":"TRIMULYO","LONGITUDE":110.3611793,"LATITUDE":-7.6716831,"STATUS":"BUKA","TANGGAL PENGUMPULAN":"Q1 2024","TANGGAL UPDATE":"28/02/2025"}},{"type":"Feature","geometry":{"coordinates":[110.369505,-7.6514962],"type":"Point"},"properties":{"fid":234,"NAMA":"APOTEK TURI SEHAT","TIPE_1":"KESEHATAN DAN PENGOBATAN","TIPE_2":"APOTEK","TIPE_3":"-","TELEPON":"0857-4023-7000","ALAMAT":"KERINGAN, SANGUREJO, WONO KERTO, KEC. TURI, KABUPATEN SLEMAN, DAERAH ISTIMEWA YOGYAKARTA 55551","ID_PROV":"34","PROVINSI":"DAERAH ISTIMEWA YOGYAKARTA","ID_KABKOT":"34.04","KABKOT":"SLEMAN","ID_KEC":"34.04.15","KECAMATAN":"TURI","ID_DESA":"34.04.15.2004","DESA":"WONOKERTO","LONGITUDE":110.369505,"LATITUDE":-7.6514962,"STATUS":"BUKA","TANGGAL PENGUMPULAN":"Q1 2024","TANGGAL UPDATE":"28/02/2025"}},{"type":"Feature","geometry":{"coordinates":[110.3545084,-7.6531888],"type":"Point"},"properties":{"fid":235,"NAMA":"APOTEK RATNA FARMA NGABLAK TURI","TIPE_1":"KESEHATAN DAN PENGOBATAN","TIPE_2":"APOTEK","TIPE_3":"-","TELEPON":"0823-2801-6131","ALAMAT":"JL. AGROWISATA, KENDAL, BANGUN KERTO, KEC. TURI, KABUPATEN SLEMAN, DAERAH ISTIMEWA YOGYAKARTA 55551","ID_PROV":"34","PROVINSI":"DAERAH ISTIMEWA YOGYAKARTA","ID_KABKOT":"34.04","KABKOT":"SLEMAN","ID_KEC":"34.04.15","KECAMATAN":"TURI","ID_DESA":"34.04.15.2001","DESA":"BANGUNKERTO","LONGITUDE":110.3545084,"LATITUDE":-7.6531888,"STATUS":"BUKA","TANGGAL PENGUMPULAN":"Q1 2024","TANGGAL UPDATE":"28/02/2025"}},{"type":"Feature","geometry":{"coordinates":[110.376432,-7.6323126],"type":"Point"},"properties":{"fid":236,"NAMA":"STOKIST HPA INTERNASIONAL","TIPE_1":"KESEHATAN DAN PENGOBATAN","TIPE_2":"APOTEK","TIPE_3":"-","TELEPON":"0812-5082-0020","ALAMAT":"BECICI, WONO KERTO, KEC. TURI, KABUPATEN SLEMAN, DAERAH ISTIMEWA YOGYAKARTA 55551","ID_PROV":"34","PROVINSI":"DAERAH ISTIMEWA YOGYAKARTA","ID_KABKOT":"34.04","KABKOT":"SLEMAN","ID_KEC":"34.04.15","KECAMATAN":"TURI","ID_DESA":"34.04.15.2004","DESA":"WONOKERTO","LONGITUDE":110.376432,"LATITUDE":-7.6323126,"STATUS":"BUKA","TANGGAL PENGUMPULAN":"Q1 2024","TANGGAL UPDATE":"28/02/2025"}},{"type":"Feature","geometry":{"coordinates":[110.378337,-7.776013],"type":"Point"},"properties":{"fid":334,"NAMA":"APOTEK KOSUDGAMA","TIPE_1":"KESEHATAN DAN PENGOBATAN","TIPE_2":"APOTEK","TIPE_3":"-","TELEPON":"(0274) 515426","ALAMAT":"JL. BULAKSUMUR BLK. A NO.14, SAGAN, CATURTUNGGAL, KEC. DEPOK, KABUPATEN SLEMAN, DAERAH ISTIMEWA YOGYAKARTA 55281","ID_PROV":"34","PROVINSI":"DAERAH ISTIMEWA YOGYAKARTA","ID_KABKOT":"34.04","KABKOT":"SLEMAN","ID_KEC":"34.04.07","KECAMATAN":"DEPOK","ID_DESA":"34.04.07.2001","DESA":"CATURTUNGGAL","LONGITUDE":110.378337,"LATITUDE":-7.776013,"STATUS":"BUKA","TANGGAL PENGUMPULAN":"Q1 2024","TANGGAL UPDATE":"28/02/2025"}},{"type":"Feature","geometry":{"coordinates":[110.3734716,-7.7682311],"type":"Point"},"properties":{"fid":336,"NAMA":"APOTEK DR.SARDJITO","TIPE_1":"KESEHATAN DAN PENGOBATAN","TIPE_2":"APOTEK","TIPE_3":"-","TELEPON":"","ALAMAT":"RSUP DR.SARDJITO, JL. KESEHATAN NO.1, SENDOWO, SINDUADI, MLATI, SLEMAN REGENCY, SPECIAL REGION OF YOGYAKARTA 55284","ID_PROV":"34","PROVINSI":"DAERAH ISTIMEWA YOGYAKARTA","ID_KABKOT":"34.04","KABKOT":"SLEMAN","ID_KEC":"34.04.06","KECAMATAN":"MLATI","ID_DESA":"34.04.06.2001","DESA":"SINDUADI","LONGITUDE":110.3734716,"LATITUDE":-7.7682311,"STATUS":"BUKA","TANGGAL PENGUMPULAN":"Q1 2024","TANGGAL UPDATE":"28/02/2025"}},{"type":"Feature","geometry":{"coordinates":[110.4075072,-7.7830975],"type":"Point"},"properties":{"fid":337,"NAMA":"HBP CLINIC HEALTH CARE - APOTEK","TIPE_1":"KESEHATAN DAN PENGOBATAN","TIPE_2":"APOTEK","TIPE_3":"-","TELEPON":"(0274) 489082","ALAMAT":"GEDUNG SUMBER ARUM, JL. LAKSDA ADISUCIPTO NO.31, AMBARUKMO, CATURTUNGGAL, KEC. DEPOK, KABUPATEN SLEMAN, DAERAH ISTIMEWA YOGYAKARTA 55281","ID_PROV":"34","PROVINSI":"DAERAH ISTIMEWA YOGYAKARTA","ID_KABKOT":"34.04","KABKOT":"SLEMAN","ID_KEC":"34.04.07","KECAMATAN":"DEPOK","ID_DESA":"34.04.07.2001","DESA":"CATURTUNGGAL","LONGITUDE":110.4075072,"LATITUDE":-7.7830975,"STATUS":"BUKA","TANGGAL PENGUMPULAN":"Q1 2024","TANGGAL UPDATE":"28/02/2025"}},{"type":"Feature","geometry":{"coordinates":[110.3852103,-7.7520837],"type":"Point"},"properties":{"fid":338,"NAMA":"TINA FARMA","TIPE_1":"KESEHATAN DAN PENGOBATAN","TIPE_2":"APOTEK","TIPE_3":"-","TELEPON":"0813-2702-8224","ALAMAT":"KM. 6.2 NO, JL. KALIURANG NO.22, PURWOSARI, SINDUHARJO, KEC. NGAGLIK, KABUPATEN SLEMAN, DAERAH ISTIMEWA YOGYAKARTA 55582","ID_PROV":"34","PROVINSI":"DAERAH ISTIMEWA YOGYAKARTA","ID_KABKOT":"34.04","KABKOT":"SLEMAN","ID_KEC":"34.04.07","KECAMATAN":"DEPOK","ID_DESA":"34.04.07.2001","DESA":"CATURTUNGGAL","LONGITUDE":110.3852103,"LATITUDE":-7.7520837,"STATUS":"BUKA","TANGGAL PENGUMPULAN":"Q1 2024","TANGGAL UPDATE":"28/02/2025"}},{"type":"Feature","geometry":{"coordinates":[110.3825062,-7.7580244],"type":"Point"},"properties":{"fid":339,"NAMA":"SANBE FARMA. PT","TIPE_1":"KESEHATAN DAN PENGOBATAN","TIPE_2":"APOTEK","TIPE_3":"-","TELEPON":"(0274) 7468083","ALAMAT":"JL. PANDEGA MANDALA, CATURNUNGGAL DEPOK, 55281, MANGGUNG, CATURTUNGGAL, KEC. DEPOK, KABUPATEN SLEMAN, DAERAH ISTIMEWA YOGYAKARTA 55281","ID_PROV":"34","PROVINSI":"DAERAH ISTIMEWA YOGYAKARTA","ID_KABKOT":"34.04","KABKOT":"SLEMAN","ID_KEC":"34.04.07","KECAMATAN":"DEPOK","ID_DESA":"34.04.07.2001","DESA":"CATURTUNGGAL","LONGITUDE":110.3825062,"LATITUDE":-7.7580244,"STATUS":"BUKA","TANGGAL PENGUMPULAN":"Q1 2024","TANGGAL UPDATE":"28/02/2025"}},{"type":"Feature","geometry":{"coordinates":[110.4488967,-7.7508438],"type":"Point"},"properties":{"fid":341,"NAMA":"APOTEK KIMIA FARMA PURWOMARTANI","TIPE_1":"KESEHATAN DAN PENGOBATAN","TIPE_2":"APOTEK","TIPE_3":"-","TELEPON":"0821-3458-9065","ALAMAT":"JL. PURWOMARTANI NO.13, BROMONILAN, PURWOMARTANI, KEC. KALASAN, KABUPATEN SLEMAN, DAERAH ISTIMEWA YOGYAKARTA 55571","ID_PROV":"34","PROVINSI":"DAERAH ISTIMEWA YOGYAKARTA","ID_KABKOT":"34.04","KABKOT":"SLEMAN","ID_KEC":"34.04.10","KECAMATAN":"KALASAN","ID_DESA":"34.04.10.2001","DESA":"PURWOMARTANI","LONGITUDE":110.4488967,"LATITUDE":-7.7508438,"STATUS":"BUKA","TANGGAL PENGUMPULAN":"Q1 2024","TANGGAL UPDATE":"28/02/2025"}},{"type":"Feature","geometry":{"coordinates":[110.3231974,-7.7735517],"type":"Point"},"properties":{"fid":820,"NAMA":"WARUNG JAMU BU NANIK","TIPE_1":"KESEHATAN DAN PENGOBATAN","TIPE_2":"APOTEK","TIPE_3":"-","TELEPON":"","ALAMAT":"JL. SIDOARUM - BANTULAN, BANTULAN, SIDOARUM, KEC. GODEAN, KABUPATEN SLEMAN, DAERAH ISTIMEWA YOGYAKARTA 55264","ID_PROV":"34","PROVINSI":"DAERAH ISTIMEWA YOGYAKARTA","ID_KABKOT":"34.04","KABKOT":"SLEMAN","ID_KEC":"34.04.02","KECAMATAN":"GODEAN","ID_DESA":"34.04.02.2006","DESA":"SIDOARUM","LONGITUDE":110.3231974,"LATITUDE":-7.7735517,"STATUS":"BUKA","TANGGAL PENGUMPULAN":"Q1 2024","TANGGAL UPDATE":"28/02/2025"}},{"type":"Feature","geometry":{"coordinates":[110.2584205,-7.76002],"type":"Point"},"properties":{"fid":821,"NAMA":"APOTEK KUNCORO","TIPE_1":"KESEHATAN DAN PENGOBATAN","TIPE_2":"APOTEK","TIPE_3":"-","TELEPON":"","ALAMAT":"JL. NGAPAK - KENTHENG NO.KM 14, GEDONGAN, SUMBERAGUNG, KEC. MOYUDAN, KABUPATEN SLEMAN, DAERAH ISTIMEWA YOGYAKARTA 55563","ID_PROV":"34","PROVINSI":"DAERAH ISTIMEWA YOGYAKARTA","ID_KABKOT":"34.04","KABKOT":"SLEMAN","ID_KEC":"34.04.03","KECAMATAN":"MOYUDAN","ID_DESA":"34.04.03.2003","DESA":"SUMBERAGUNG","LONGITUDE":110.2584205,"LATITUDE":-7.76002,"STATUS":"BUKA","TANGGAL PENGUMPULAN":"Q1 2024","TANGGAL UPDATE":"28/02/2025"}},{"type":"Feature","geometry":{"coordinates":[110.314548,-7.7749073],"type":"Point"},"properties":{"fid":822,"NAMA":"BERKAHTEAM","TIPE_1":"KESEHATAN DAN PENGOBATAN","TIPE_2":"APOTEK","TIPE_3":"-","TELEPON":"0812-8908-060","ALAMAT":"GRIYA PALEM HIJAU BLOK D.22-23, JL. NGAPAK - KENTHENG NO.KM.7,5, COKRO KONTENG, SIDOARUM, KEC. GODEAN, KABUPATEN SLEMAN, DAERAH ISTIMEWA YOGYAKARTA 55264","ID_PROV":"34","PROVINSI":"DAERAH ISTIMEWA YOGYAKARTA","ID_KABKOT":"34.04","KABKOT":"SLEMAN","ID_KEC":"34.04.02","KECAMATAN":"GODEAN","ID_DESA":"34.04.02.2006","DESA":"SIDOARUM","LONGITUDE":110.314548,"LATITUDE":-7.7749073,"STATUS":"BUKA","TANGGAL PENGUMPULAN":"Q1 2024","TANGGAL UPDATE":"28/02/2025"}},{"type":"Feature","geometry":{"coordinates":[110.3185367,-7.7667478],"type":"Point"},"properties":{"fid":827,"NAMA":"MASDAYAT JOGJAMU","TIPE_1":"KESEHATAN DAN PENGOBATAN","TIPE_2":"APOTEK","TIPE_3":"-","TELEPON":"0813-5018-8869","ALAMAT":"AREA SAWAH, SIDOMOYO, KEC. GODEAN, KABUPATEN SLEMAN, DAERAH ISTIMEWA YOGYAKARTA 55264","ID_PROV":"34","PROVINSI":"DAERAH ISTIMEWA YOGYAKARTA","ID_KABKOT":"34.04","KABKOT":"SLEMAN","ID_KEC":"34.04.02","KECAMATAN":"GODEAN","ID_DESA":"34.04.02.2007","DESA":"SIDOMOYO","LONGITUDE":110.3185367,"LATITUDE":-7.7667478,"STATUS":"BUKA","TANGGAL PENGUMPULAN":"Q1 2024","TANGGAL UPDATE":"28/02/2025"}},{"type":"Feature","geometry":{"coordinates":[110.322401,-7.7771167],"type":"Point"},"properties":{"fid":828,"NAMA":"GARASI EMON","TIPE_1":"KESEHATAN DAN PENGOBATAN","TIPE_2":"APOTEK","TIPE_3":"-","TELEPON":"","ALAMAT":"KRAMAT, SIDOARUM, KEC. GODEAN, KABUPATEN SLEMAN, DAERAH ISTIMEWA YOGYAKARTA","ID_PROV":"34","PROVINSI":"DAERAH ISTIMEWA YOGYAKARTA","ID_KABKOT":"34.04","KABKOT":"SLEMAN","ID_KEC":"34.04.02","KECAMATAN":"GODEAN","ID_DESA":"34.04.02.2006","DESA":"SIDOARUM","LONGITUDE":110.322401,"LATITUDE":-7.7771167,"STATUS":"BUKA","TANGGAL PENGUMPULAN":"Q1 2024","TANGGAL UPDATE":"28/02/2025"}},{"type":"Feature","geometry":{"coordinates":[110.3203352,-7.7640528],"type":"Point"},"properties":{"fid":829,"NAMA":"ABYAN FARMA","TIPE_1":"KESEHATAN DAN PENGOBATAN","TIPE_2":"APOTEK","TIPE_3":"-","TELEPON":"","ALAMAT":"JL. CEBONGAN, AREA SAWAH, SIDOMOYO, KEC. GODEAN, KABUPATEN SLEMAN, DAERAH ISTIMEWA YOGYAKARTA 55264","ID_PROV":"34","PROVINSI":"DAERAH ISTIMEWA YOGYAKARTA","ID_KABKOT":"34.04","KABKOT":"SLEMAN","ID_KEC":"34.04.02","KECAMATAN":"GODEAN","ID_DESA":"34.04.02.2007","DESA":"SIDOMOYO","LONGITUDE":110.3203352,"LATITUDE":-7.7640528,"STATUS":"BUKA","TANGGAL PENGUMPULAN":"Q1 2024","TANGGAL UPDATE":"28/02/2025"}},{"type":"Feature","geometry":{"coordinates":[110.3209734,-7.7750329],"type":"Point"},"properties":{"fid":830,"NAMA":"O-ONG","TIPE_1":"KESEHATAN DAN PENGOBATAN","TIPE_2":"APOTEK","TIPE_3":"-","TELEPON":"0812-2699-3306","ALAMAT":"JL. GODEAN, KM. 7.5, GODEAN, BANTULAN, SIDOARUM, KEC. GODEAN, KABUPATEN SLEMAN, DAERAH ISTIMEWA YOGYAKARTA 55264","ID_PROV":"34","PROVINSI":"DAERAH ISTIMEWA YOGYAKARTA","ID_KABKOT":"34.04","KABKOT":"SLEMAN","ID_KEC":"34.04.02","KECAMATAN":"GODEAN","ID_DESA":"34.04.02.2006","DESA":"SIDOARUM","LONGITUDE":110.3209734,"LATITUDE":-7.7750329,"STATUS":"BUKA","TANGGAL PENGUMPULAN":"Q1 2024","TANGGAL UPDATE":"28/02/2025"}},{"type":"Feature","geometry":{"coordinates":[110.299825,-7.7843141],"type":"Point"},"properties":{"fid":831,"NAMA":"APOTEK TETRA BIBIS","TIPE_1":"KESEHATAN DAN PENGOBATAN","TIPE_2":"APOTEK","TIPE_3":"-","TELEPON":"0822-8212-6633","ALAMAT":"JL. GANCAHAN VI, RT.004/RW.013, GANCAKAN KULON, SIDOMULYO, KEC. GODEAN, KABUPATEN SLEMAN, DAERAH ISTIMEWA YOGYAKARTA 55264","ID_PROV":"34","PROVINSI":"DAERAH ISTIMEWA YOGYAKARTA","ID_KABKOT":"34.04","KABKOT":"SLEMAN","ID_KEC":"34.04.02","KECAMATAN":"GODEAN","ID_DESA":"34.04.02.2003","DESA":"SIDOMULYO","LONGITUDE":110.299825,"LATITUDE":-7.7843141,"STATUS":"BUKA","TANGGAL PENGUMPULAN":"Q1 2024","TANGGAL UPDATE":"28/02/2025"}},{"type":"Feature","geometry":{"coordinates":[110.3097199,-7.7717056],"type":"Point"},"properties":{"fid":832,"NAMA":"S. RINI RAHMAYANTI, S. SI, APT","TIPE_1":"KESEHATAN DAN PENGOBATAN","TIPE_2":"APOTEK","TIPE_3":"-","TELEPON":"(0274) 6497888","ALAMAT":"APOTEK KLAJURAN, JL. NGAPAK - KENTHENG NO.8, KLAJURAN, SIDOKARTO, KEC. GODEAN, KABUPATEN SLEMAN, DAERAH ISTIMEWA YOGYAKARTA 55264","ID_PROV":"34","PROVINSI":"DAERAH ISTIMEWA YOGYAKARTA","ID_KABKOT":"34.04","KABKOT":"SLEMAN","ID_KEC":"34.04.02","KECAMATAN":"GODEAN","ID_DESA":"34.04.02.2005","DESA":"SIDOKARTO","LONGITUDE":110.3097199,"LATITUDE":-7.7717056,"STATUS":"BUKA","TANGGAL PENGUMPULAN":"Q1 2024","TANGGAL UPDATE":"28/02/2025"}},{"type":"Feature","geometry":{"coordinates":[110.3121513,-7.7725214],"type":"Point"},"properties":{"fid":833,"NAMA":"KLINIK AMARTA MEDIKA DAN APOTEK RAJENDRA","TIPE_1":"KESEHATAN DAN PENGOBATAN","TIPE_2":"APOTEK","TIPE_3":"-","TELEPON":"","ALAMAT":"JL. GODEAN, SEMARANGAN, SIDOAGUNG, KEC. GODEAN, KABUPATEN SLEMAN, DAERAH ISTIMEWA YOGYAKARTA","ID_PROV":"34","PROVINSI":"DAERAH ISTIMEWA YOGYAKARTA","ID_KABKOT":"34.04","KABKOT":"SLEMAN","ID_KEC":"34.04.02","KECAMATAN":"GODEAN","ID_DESA":"34.04.02.2005","DESA":"SIDOKARTO","LONGITUDE":110.3121513,"LATITUDE":-7.7725214,"STATUS":"BUKA","TANGGAL PENGUMPULAN":"Q1 2024","TANGGAL UPDATE":"28/02/2025"}},{"type":"Feature","geometry":{"coordinates":[110.31497,-7.773433],"type":"Point"},"properties":{"fid":834,"NAMA":"ARIF WIRAHADI KUSUMA, S. FARM.,APT","TIPE_1":"KESEHATAN DAN PENGOBATAN","TIPE_2":"APOTEK","TIPE_3":"-","TELEPON":"(0274) 7124005","ALAMAT":"APOTEK BUNDA PLUS 2, JL. NGAPAK - KENTHENG NO.7,8, AREA SAWAH, SIDOMOYO, KEC. GODEAN, KABUPATEN SLEMAN, DAERAH ISTIMEWA YOGYAKARTA 55264","ID_PROV":"34","PROVINSI":"DAERAH ISTIMEWA YOGYAKARTA","ID_KABKOT":"34.04","KABKOT":"SLEMAN","ID_KEC":"34.04.02","KECAMATAN":"GODEAN","ID_DESA":"34.04.02.2007","DESA":"SIDOMOYO","LONGITUDE":110.31497,"LATITUDE":-7.773433,"STATUS":"BUKA","TANGGAL PENGUMPULAN":"Q1 2024","TANGGAL UPDATE":"28/02/2025"}},{"type":"Feature","geometry":{"coordinates":[110.3159705,-7.7733281],"type":"Point"},"properties":{"fid":835,"NAMA":"PT K-24 INDONESIA","TIPE_1":"KESEHATAN DAN PENGOBATAN","TIPE_2":"APOTEK","TIPE_3":"-","TELEPON":"","ALAMAT":"JL. NGAPAK - KENTHENG NO.3, AREA SAWAH, SIDOMOYO, KEC. GODEAN, KABUPATEN SLEMAN, DAERAH ISTIMEWA YOGYAKARTA 55264","ID_PROV":"34","PROVINSI":"DAERAH ISTIMEWA YOGYAKARTA","ID_KABKOT":"34.04","KABKOT":"SLEMAN","ID_KEC":"34.04.02","KECAMATAN":"GODEAN","ID_DESA":"34.04.02.2007","DESA":"SIDOMOYO","LONGITUDE":110.3159705,"LATITUDE":-7.7733281,"STATUS":"BUKA","TANGGAL PENGUMPULAN":"Q1 2024","TANGGAL UPDATE":"28/02/2025"}},{"type":"Feature","geometry":{"coordinates":[110.2994278,-7.7368656],"type":"Point"},"properties":{"fid":850,"NAMA":"APOTEK SAHABAT SEHAT","TIPE_1":"KESEHATAN DAN PENGOBATAN","TIPE_2":"APOTEK","TIPE_3":"-","TELEPON":"0856-4700-0464","ALAMAT":"JL. GODEAN - SEYEGAN, NGAMPON, MARGODADI, KEC. SEYEGAN, KABUPATEN SLEMAN, DAERAH ISTIMEWA YOGYAKARTA 55561","ID_PROV":"34","PROVINSI":"DAERAH ISTIMEWA YOGYAKARTA","ID_KABKOT":"34.04","KABKOT":"SLEMAN","ID_KEC":"34.04.05","KECAMATAN":"SEYEGAN","ID_DESA":"34.04.05.2002","DESA":"MARGODADI","LONGITUDE":110.2994278,"LATITUDE":-7.7368656,"STATUS":"BUKA","TANGGAL PENGUMPULAN":"Q1 2024","TANGGAL UPDATE":"28/02/2025"}},{"type":"Feature","geometry":{"coordinates":[110.3229083,-7.7822956],"type":"Point"},"properties":{"fid":867,"NAMA":"APOTEK DIANA FARMA SIDOARUM","TIPE_1":"KESEHATAN DAN PENGOBATAN","TIPE_2":"APOTEK","TIPE_3":"-","TELEPON":"0813-2552-8545","ALAMAT":"JL. PARKIT PERUMAHAN NO.1 BLOK 3, KRAMAT, SIDOARUM, KEC. GODEAN, YOGYAKARTA, DAERAH ISTIMEWA YOGYAKARTA 55564","ID_PROV":"34","PROVINSI":"DAERAH ISTIMEWA YOGYAKARTA","ID_KABKOT":"34.04","KABKOT":"SLEMAN","ID_KEC":"34.04.02","KECAMATAN":"GODEAN","ID_DESA":"34.04.02.2006","DESA":"SIDOARUM","LONGITUDE":110.3229083,"LATITUDE":-7.7822956,"STATUS":"BUKA","TANGGAL PENGUMPULAN":"Q1 2024","TANGGAL UPDATE":"28/02/2025"}},{"type":"Feature","geometry":{"coordinates":[110.2838539,-7.7639375],"type":"Point"},"properties":{"fid":868,"NAMA":"APOTIK BERSAMA SEHAT","TIPE_1":"KESEHATAN DAN PENGOBATAN","TIPE_2":"APOTEK","TIPE_3":"-","TELEPON":"","ALAMAT":"JL. NGAPAK - KENTHENG NO.KM. 11, BERJO KIDUL, SIDOLUHUR, KEC. GODEAN, KABUPATEN SLEMAN, DAERAH ISTIMEWA YOGYAKARTA 55264","ID_PROV":"34","PROVINSI":"DAERAH ISTIMEWA YOGYAKARTA","ID_KABKOT":"34.04","KABKOT":"SLEMAN","ID_KEC":"34.04.02","KECAMATAN":"GODEAN","ID_DESA":"34.04.02.2002","DESA":"SIDOLUHUR","LONGITUDE":110.2838539,"LATITUDE":-7.7639375,"STATUS":"BUKA","TANGGAL PENGUMPULAN":"Q1 2024","TANGGAL UPDATE":"28/02/2025"}},{"type":"Feature","geometry":{"coordinates":[110.3242973,-7.774572],"type":"Point"},"properties":{"fid":869,"NAMA":"APOTEK ALFA FARMA","TIPE_1":"KESEHATAN DAN PENGOBATAN","TIPE_2":"APOTEK","TIPE_3":"-","TELEPON":"","ALAMAT":"JL. PRAMUKA NO.6, COKRO GEDOK, SIDOARUM, KEC. GODEAN, KABUPATEN SLEMAN, DAERAH ISTIMEWA YOGYAKARTA 55264","ID_PROV":"34","PROVINSI":"DAERAH ISTIMEWA YOGYAKARTA","ID_KABKOT":"34.04","KABKOT":"SLEMAN","ID_KEC":"34.04.02","KECAMATAN":"GODEAN","ID_DESA":"34.04.02.2006","DESA":"SIDOARUM","LONGITUDE":110.3242973,"LATITUDE":-7.774572,"STATUS":"BUKA","TANGGAL PENGUMPULAN":"Q1 2024","TANGGAL UPDATE":"28/02/2025"}},{"type":"Feature","geometry":{"coordinates":[110.3228791,-7.7919738],"type":"Point"},"properties":{"fid":952,"NAMA":"APOTEK GWS FARMA","TIPE_1":"KESEHATAN DAN PENGOBATAN","TIPE_2":"APOTEK","TIPE_3":"-","TELEPON":"0857-2734-8102","ALAMAT":"PATUKAN RT 01, RW.2O, AMBARKETAWANG, KEC. GAMPING, KABUPATEN SLEMAN, DAERAH ISTIMEWA YOGYAKARTA 55294","ID_PROV":"34","PROVINSI":"DAERAH ISTIMEWA YOGYAKARTA","ID_KABKOT":"34.04","KABKOT":"SLEMAN","ID_KEC":"34.04.01","KECAMATAN":"GAMPING","ID_DESA":"34.04.01.2002","DESA":"AMBARKETAWANG","LONGITUDE":110.3228791,"LATITUDE":-7.7919738,"STATUS":"BUKA","TANGGAL PENGUMPULAN":"Q1 2024","TANGGAL UPDATE":"28/02/2025"}},{"type":"Feature","geometry":{"coordinates":[110.3468897,-7.755317],"type":"Point"},"properties":{"fid":953,"NAMA":"APOTEK MAYANG SEHAT","TIPE_1":"KESEHATAN DAN PENGOBATAN","TIPE_2":"APOTEK","TIPE_3":"-","TELEPON":"0877-3900-7600","ALAMAT":"NO., JL. KABUPATEN NO.115, AREA SAWAH, TRIHANGGO, KEC. GAMPING, KABUPATEN SLEMAN, DAERAH ISTIMEWA YOGYAKARTA 55291","ID_PROV":"34","PROVINSI":"DAERAH ISTIMEWA YOGYAKARTA","ID_KABKOT":"34.04","KABKOT":"SLEMAN","ID_KEC":"34.04.01","KECAMATAN":"GAMPING","ID_DESA":"34.04.01.2005","DESA":"TRIHANGGO","LONGITUDE":110.3468897,"LATITUDE":-7.755317,"STATUS":"BUKA","TANGGAL PENGUMPULAN":"Q1 2024","TANGGAL UPDATE":"28/02/2025"}},{"type":"Feature","geometry":{"coordinates":[110.332061,-7.799976],"type":"Point"},"properties":{"fid":955,"NAMA":"KIMIA FARMA GAMPING","TIPE_1":"KESEHATAN DAN PENGOBATAN","TIPE_2":"APOTEK","TIPE_3":"-","TELEPON":"0857-2903-4326","ALAMAT":"JL. WATES NO.KM 4, PELEMGURIH, BANYURADEN, KEC. GAMPING, KABUPATEN SLEMAN, DAERAH ISTIMEWA YOGYAKARTA 55293","ID_PROV":"34","PROVINSI":"DAERAH ISTIMEWA YOGYAKARTA","ID_KABKOT":"34.04","KABKOT":"SLEMAN","ID_KEC":"34.04.01","KECAMATAN":"GAMPING","ID_DESA":"34.04.01.2003","DESA":"BANYURADEN","LONGITUDE":110.332061,"LATITUDE":-7.799976,"STATUS":"BUKA","TANGGAL PENGUMPULAN":"Q1 2024","TANGGAL UPDATE":"28/02/2025"}},{"type":"Feature","geometry":{"coordinates":[110.4168649,-7.7841459],"type":"Point"},"properties":{"fid":1136,"NAMA":"BANG IJAT","TIPE_1":"KESEHATAN DAN PENGOBATAN","TIPE_2":"APOTEK","TIPE_3":"-","TELEPON":"","ALAMAT":"GG. SANTAN 1, KALONGAN, MAGUWOHARJO, KEC. DEPOK, KABUPATEN SLEMAN, DAERAH ISTIMEWA YOGYAKARTA 55281","ID_PROV":"34","PROVINSI":"DAERAH ISTIMEWA YOGYAKARTA","ID_KABKOT":"34.04","KABKOT":"SLEMAN","ID_KEC":"34.04.07","KECAMATAN":"DEPOK","ID_DESA":"34.04.07.2002","DESA":"MAGUWOHARJO","LONGITUDE":110.4168649,"LATITUDE":-7.7841459,"STATUS":"BUKA","TANGGAL PENGUMPULAN":"Q1 2024","TANGGAL UPDATE":"28/02/2025"}},{"type":"Feature","geometry":{"coordinates":[110.4140411,-7.7831026],"type":"Point"},"properties":{"fid":1137,"NAMA":"BABARSARI APOTIK(Ê¦§Ê¦§Ê¦‚Ê¦±Ê¦«Ê¦¶Ê¦²Ê¦„Ê¦¥Ê¦ºÊ¦´Ê¦ Ê¦¶Ê¦Ê§€)","TIPE_1":"KESEHATAN DAN PENGOBATAN","TIPE_2":"APOTEK","TIPE_3":"-","TELEPON":"(0274) 561654","ALAMAT":"JL LAKSDA ADISUCIPTO 69, YOGYAKARTA, 55282 JANTI, JANTI, CATURTUNGGAL, KEC. DEPOK, KABUPATEN SLEMAN, DAERAH ISTIMEWA YOGYAKARTA 55281","ID_PROV":"34","PROVINSI":"DAERAH ISTIMEWA YOGYAKARTA","ID_KABKOT":"34.04","KABKOT":"SLEMAN","ID_KEC":"34.04.07","KECAMATAN":"DEPOK","ID_DESA":"34.04.07.2001","DESA":"CATURTUNGGAL","LONGITUDE":110.4140411,"LATITUDE":-7.7831026,"STATUS":"BUKA","TANGGAL PENGUMPULAN":"Q1 2024","TANGGAL UPDATE":"28/02/2025"}},{"type":"Feature","geometry":{"coordinates":[110.3792748,-7.7638592],"type":"Point"},"properties":{"fid":1138,"NAMA":"APOTEK KIMIA FARMA JAKAL 3,5","TIPE_1":"KESEHATAN DAN PENGOBATAN","TIPE_2":"APOTEK","TIPE_3":"-","TELEPON":"(0274) 5019981","ALAMAT":"KALIURANG ST NO.52, KOCORAN, CATURTUNGGAL, DEPOK, SLEMAN REGENCY, SPECIAL REGION OF YOGYAKARTA 55281","ID_PROV":"34","PROVINSI":"DAERAH ISTIMEWA YOGYAKARTA","ID_KABKOT":"34.04","KABKOT":"SLEMAN","ID_KEC":"34.04.07","KECAMATAN":"DEPOK","ID_DESA":"34.04.07.2001","DESA":"CATURTUNGGAL","LONGITUDE":110.3792748,"LATITUDE":-7.7638592,"STATUS":"BUKA","TANGGAL PENGUMPULAN":"Q1 2024","TANGGAL UPDATE":"28/02/2025"}},{"type":"Feature","geometry":{"coordinates":[110.4015342,-7.768478],"type":"Point"},"properties":{"fid":1139,"NAMA":"APOTEK PHARMACIA","TIPE_1":"KESEHATAN DAN PENGOBATAN","TIPE_2":"APOTEK","TIPE_3":"-","TELEPON":"0822-2107-5202","ALAMAT":"JL. INDRAPRASTA NO.26A, DABAG, CONDONGCATUR, KEC. DEPOK, KABUPATEN SLEMAN, DAERAH ISTIMEWA YOGYAKARTA 55281","ID_PROV":"34","PROVINSI":"DAERAH ISTIMEWA YOGYAKARTA","ID_KABKOT":"34.04","KABKOT":"SLEMAN","ID_KEC":"34.04.07","KECAMATAN":"DEPOK","ID_DESA":"34.04.07.2003","DESA":"CONDONGCATUR","LONGITUDE":110.4015342,"LATITUDE":-7.768478,"STATUS":"BUKA","TANGGAL PENGUMPULAN":"Q1 2024","TANGGAL UPDATE":"28/02/2025"}},{"type":"Feature","geometry":{"coordinates":[110.4061231,-7.7487801],"type":"Point"},"properties":{"fid":1162,"NAMA":"APOTEK F-21","TIPE_1":"KESEHATAN DAN PENGOBATAN","TIPE_2":"APOTEK","TIPE_3":"-","TELEPON":"0822-4380-6940","ALAMAT":"JL. GURAMEH RAYA NO.5, MLADANGAN, MINOMARTANI, KEC. NGAGLIK, KABUPATEN SLEMAN, DAERAH ISTIMEWA YOGYAKARTA 55581","ID_PROV":"34","PROVINSI":"DAERAH ISTIMEWA YOGYAKARTA","ID_KABKOT":"34.04","KABKOT":"SLEMAN","ID_KEC":"34.04.12","KECAMATAN":"NGAGLIK","ID_DESA":"34.04.12.2002","DESA":"MINOMARTANI","LONGITUDE":110.4061231,"LATITUDE":-7.7487801,"STATUS":"BUKA","TANGGAL PENGUMPULAN":"Q1 2024","TANGGAL UPDATE":"28/02/2025"}},{"type":"Feature","geometry":{"coordinates":[110.4097414,-7.7564721],"type":"Point"},"properties":{"fid":1164,"NAMA":"APOTEK ALMUNAWAR","TIPE_1":"KESEHATAN DAN PENGOBATAN","TIPE_2":"APOTEK","TIPE_3":"-","TELEPON":"","ALAMAT":"JL. NUSA INDAH, NGRINGIN, CONDONGCATUR, SLEMAN, KABUPATEN SLEMAN, DAERAH ISTIMEWA YOGYAKARTA 55281","ID_PROV":"34","PROVINSI":"DAERAH ISTIMEWA YOGYAKARTA","ID_KABKOT":"34.04","KABKOT":"SLEMAN","ID_KEC":"34.04.07","KECAMATAN":"DEPOK","ID_DESA":"34.04.07.2003","DESA":"CONDONGCATUR","LONGITUDE":110.4097414,"LATITUDE":-7.7564721,"STATUS":"BUKA","TANGGAL PENGUMPULAN":"Q1 2024","TANGGAL UPDATE":"28/02/2025"}},{"type":"Feature","geometry":{"coordinates":[110.3988861,-7.7760235],"type":"Point"},"properties":{"fid":1165,"NAMA":"STASIUN 3 EKOLOGI","TIPE_1":"KESEHATAN DAN PENGOBATAN","TIPE_2":"APOTEK","TIPE_3":"-","TELEPON":"","ALAMAT":"PRINGWULUNG, DEPOK, KEC. DEPOK, KABUPATEN SLEMAN, DAERAH ISTIMEWA YOGYAKARTA 55281","ID_PROV":"34","PROVINSI":"DAERAH ISTIMEWA YOGYAKARTA","ID_KABKOT":"34.04","KABKOT":"SLEMAN","ID_KEC":"34.04.07","KECAMATAN":"DEPOK","ID_DESA":"34.04.07.2001","DESA":"CATURTUNGGAL","LONGITUDE":110.3988861,"LATITUDE":-7.7760235,"STATUS":"BUKA","TANGGAL PENGUMPULAN":"Q1 2024","TANGGAL UPDATE":"28/02/2025"}},{"type":"Feature","geometry":{"coordinates":[110.41399,-7.7741129],"type":"Point"},"properties":{"fid":1166,"NAMA":"APOTEK SRIKANDI","TIPE_1":"KESEHATAN DAN PENGOBATAN","TIPE_2":"APOTEK","TIPE_3":"-","TELEPON":"(0274) 484500","ALAMAT":"RUKO PERMATA, BLOK R, JL. BABARSARI NO.3A, TAMBAK BAYAN, CATURTUNGGAL, KABUPATEN SLEMAN, DAERAH ISTIMEWA YOGYAKARTA 55281","ID_PROV":"34","PROVINSI":"DAERAH ISTIMEWA YOGYAKARTA","ID_KABKOT":"34.04","KABKOT":"SLEMAN","ID_KEC":"34.04.07","KECAMATAN":"DEPOK","ID_DESA":"34.04.07.2001","DESA":"CATURTUNGGAL","LONGITUDE":110.41399,"LATITUDE":-7.7741129,"STATUS":"BUKA","TANGGAL PENGUMPULAN":"Q1 2024","TANGGAL UPDATE":"28/02/2025"}},{"type":"Feature","geometry":{"coordinates":[110.3987638,-7.7834493],"type":"Point"},"properties":{"fid":1167,"NAMA":"APOTEK KIMIA FARMA ADI SUCIPTO","TIPE_1":"KESEHATAN DAN PENGOBATAN","TIPE_2":"APOTEK","TIPE_3":"-","TELEPON":"0812-2812-9992","ALAMAT":"JL. LAKSDA ADISUCIPTO NO.63 A, AMBARUKMO, CATURTUNGGAL, KEC. DEPOK, KABUPATEN SLEMAN, DAERAH ISTIMEWA YOGYAKARTA 55281","ID_PROV":"34","PROVINSI":"DAERAH ISTIMEWA YOGYAKARTA","ID_KABKOT":"34.04","KABKOT":"SLEMAN","ID_KEC":"34.04.07","KECAMATAN":"DEPOK","ID_DESA":"34.04.07.2001","DESA":"CATURTUNGGAL","LONGITUDE":110.3987638,"LATITUDE":-7.7834493,"STATUS":"BUKA","TANGGAL PENGUMPULAN":"Q1 2024","TANGGAL UPDATE":"28/02/2025"}},{"type":"Feature","geometry":{"coordinates":[110.4344897,-7.7390857],"type":"Point"},"properties":{"fid":1232,"NAMA":"APOTEK ALTEA WEDOMARTANI","TIPE_1":"KESEHATAN DAN PENGOBATAN","TIPE_2":"APOTEK","TIPE_3":"-","TELEPON":"0897-1116-868","ALAMAT":"JL. RAYA TAJEM NO.KM 5, KENAYAN, WEDOMARTANI, NGEMPLAK, SLEMAN REGENCY, SPECIAL REGION OF YOGYAKARTA 55584","ID_PROV":"34","PROVINSI":"DAERAH ISTIMEWA YOGYAKARTA","ID_KABKOT":"34.04","KABKOT":"SLEMAN","ID_KEC":"34.04.11","KECAMATAN":"NGEMPLAK","ID_DESA":"34.04.11.2004","DESA":"WEDOMARTANI","LONGITUDE":110.4344897,"LATITUDE":-7.7390857,"STATUS":"BUKA","TANGGAL PENGUMPULAN":"Q1 2024","TANGGAL UPDATE":"28/02/2025"}},{"type":"Feature","geometry":{"coordinates":[110.4495423,-7.7602557],"type":"Point"},"properties":{"fid":1233,"NAMA":"APOTEK SITA","TIPE_1":"KESEHATAN DAN PENGOBATAN","TIPE_2":"APOTEK","TIPE_3":"-","TELEPON":"","ALAMAT":"JALAN TIMUR JL. CANDI SAMBISARI NO.26 RT03, RW.02, SIDOKERTO, PURWOMARTANI, KEC. KALASAN, KABUPATEN SLEMAN, DAERAH ISTIMEWA YOGYAKARTA 55571","ID_PROV":"34","PROVINSI":"DAERAH ISTIMEWA YOGYAKARTA","ID_KABKOT":"34.04","KABKOT":"SLEMAN","ID_KEC":"34.04.10","KECAMATAN":"KALASAN","ID_DESA":"34.04.10.2001","DESA":"PURWOMARTANI","LONGITUDE":110.4495423,"LATITUDE":-7.7602557,"STATUS":"BUKA","TANGGAL PENGUMPULAN":"Q1 2024","TANGGAL UPDATE":"28/02/2025"}},{"type":"Feature","geometry":{"coordinates":[110.3769851,-7.7364661],"type":"Point"},"properties":{"fid":1262,"NAMA":"APOTEK KIMIA FARMA PALAGAN TENGAH","TIPE_1":"KESEHATAN DAN PENGOBATAN","TIPE_2":"APOTEK","TIPE_3":"-","TELEPON":"0858-7767-9318","ALAMAT":"JL. PALAGAN TENTARA PELAJAR NO.202, MUDAL, SARIHARJO, NGAGLIK, SLEMAN REGENCY, SPECIAL REGION OF YOGYAKARTA 55581","ID_PROV":"34","PROVINSI":"DAERAH ISTIMEWA YOGYAKARTA","ID_KABKOT":"34.04","KABKOT":"SLEMAN","ID_KEC":"34.04.12","KECAMATAN":"NGAGLIK","ID_DESA":"34.04.12.2001","DESA":"SARIHARJO","LONGITUDE":110.3769851,"LATITUDE":-7.7364661,"STATUS":"BUKA","TANGGAL PENGUMPULAN":"Q1 2024","TANGGAL UPDATE":"28/02/2025"}},{"type":"Feature","geometry":{"coordinates":[110.3616215,-7.7671971],"type":"Point"},"properties":{"fid":1263,"NAMA":"APOTEK AULIA","TIPE_1":"KESEHATAN DAN PENGOBATAN","TIPE_2":"APOTEK","TIPE_3":"-","TELEPON":"(0274) 543108","ALAMAT":"JL. MAGELANG, ROGOYUDAN, SINDUADI, KEC. MLATI, KABUPATEN SLEMAN, DAERAH ISTIMEWA YOGYAKARTA 55284","ID_PROV":"34","PROVINSI":"DAERAH ISTIMEWA YOGYAKARTA","ID_KABKOT":"34.04","KABKOT":"SLEMAN","ID_KEC":"34.04.06","KECAMATAN":"MLATI","ID_DESA":"34.04.06.2001","DESA":"SINDUADI","LONGITUDE":110.3616215,"LATITUDE":-7.7671971,"STATUS":"BUKA","TANGGAL PENGUMPULAN":"Q1 2024","TANGGAL UPDATE":"28/02/2025"}},{"type":"Feature","geometry":{"coordinates":[110.450783,-7.743155],"type":"Point"},"properties":{"fid":1620,"NAMA":"SINAR FARMA APOTEK","TIPE_1":"KESEHATAN DAN PENGOBATAN","TIPE_2":"APOTEK","TIPE_3":"-","TELEPON":"","ALAMAT":"JALAN, BROMONILAN, PURWOMARTANI, KEC. KALASAN, KABUPATEN SLEMAN, DAERAH ISTIMEWA YOGYAKARTA 55571","ID_PROV":"34","PROVINSI":"DAERAH ISTIMEWA YOGYAKARTA","ID_KABKOT":"34.04","KABKOT":"SLEMAN","ID_KEC":"34.04.10","KECAMATAN":"KALASAN","ID_DESA":"34.04.10.2001","DESA":"PURWOMARTANI","LONGITUDE":110.450783,"LATITUDE":-7.743155,"STATUS":"BUKA","TANGGAL PENGUMPULAN":"Q1 2024","TANGGAL UPDATE":"28/02/2025"}},{"type":"Feature","geometry":{"coordinates":[110.469245,-7.76955],"type":"Point"},"properties":{"fid":1621,"NAMA":"APOTEK SALSABIL FARMA","TIPE_1":"KESEHATAN DAN PENGOBATAN","TIPE_2":"APOTEK","TIPE_3":"-","TELEPON":"0813-2727-4386","ALAMAT":"GLONDONG, JL. JOGJA - SOLO, KRAJAN, TIRTOMARTANI, KEC. KALASAN, KABUPATEN SLEMAN, DAERAH ISTIMEWA YOGYAKARTA 55571","ID_PROV":"34","PROVINSI":"DAERAH ISTIMEWA YOGYAKARTA","ID_KABKOT":"34.04","KABKOT":"SLEMAN","ID_KEC":"34.04.10","KECAMATAN":"KALASAN","ID_DESA":"34.04.10.2002","DESA":"TIRTOMARTANI","LONGITUDE":110.469245,"LATITUDE":-7.76955,"STATUS":"BUKA","TANGGAL PENGUMPULAN":"Q1 2024","TANGGAL UPDATE":"28/02/2025"}},{"type":"Feature","geometry":{"coordinates":[110.465297,-7.773808],"type":"Point"},"properties":{"fid":1623,"NAMA":"APOTEK KALASAN FARMA","TIPE_1":"KESEHATAN DAN PENGOBATAN","TIPE_2":"APOTEK","TIPE_3":"-","TELEPON":"(0274) 496531","ALAMAT":"13, JL. JOGJA - SOLO NO.KM, KRINGINAN, TIRTOMARTANI, KEC. KALASAN, KABUPATEN SLEMAN, DAERAH ISTIMEWA YOGYAKARTA 55571","ID_PROV":"34","PROVINSI":"DAERAH ISTIMEWA YOGYAKARTA","ID_KABKOT":"34.04","KABKOT":"SLEMAN","ID_KEC":"34.04.10","KECAMATAN":"KALASAN","ID_DESA":"34.04.10.2002","DESA":"TIRTOMARTANI","LONGITUDE":110.465297,"LATITUDE":-7.773808,"STATUS":"BUKA","TANGGAL PENGUMPULAN":"Q1 2024","TANGGAL UPDATE":"28/02/2025"}},{"type":"Feature","geometry":{"coordinates":[110.4333403,-7.7594093],"type":"Point"},"properties":{"fid":2786,"NAMA":"VIVA APOTEK MUSTOKOREJO","TIPE_1":"KESEHATAN DAN PENGOBATAN","TIPE_2":"APOTEK","TIPE_3":"-","TELEPON":"(0274) 2830931","ALAMAT":"MUSTOKOREJO RT 002 RW 043, MAGUWOHARJO, SLEMAN, DI YOGYAKARTA","ID_PROV":"34","PROVINSI":"DAERAH ISTIMEWA YOGYAKARTA","ID_KABKOT":"34.04","KABKOT":"SLEMAN","ID_KEC":"34.04.07","KECAMATAN":"DEPOK","ID_DESA":"34.04.07.2002","DESA":"MAGUWOHARJO","LONGITUDE":110.4333403,"LATITUDE":-7.7594093,"STATUS":"BUKA","TANGGAL PENGUMPULAN":"Q1 2024","TANGGAL UPDATE":"28/02/2025"}},{"type":"Feature","geometry":{"coordinates":[110.39208,-7.7342447],"type":"Point"},"properties":{"fid":2787,"NAMA":"VIVA APOTEK DAMAI","TIPE_1":"KESEHATAN DAN PENGOBATAN","TIPE_2":"APOTEK","TIPE_3":"-","TELEPON":"0821-7414-4993","ALAMAT":"JL. DAMAI 10B RT 01 RW 32 DS. PRUJAKAN, TAMBAKAN, SUMBERADI, SLEMAN, SLEMAN REGENCY, SPECIAL REGION OF YOGYAKARTA 55581","ID_PROV":"34","PROVINSI":"DAERAH ISTIMEWA YOGYAKARTA","ID_KABKOT":"34.04","KABKOT":"SLEMAN","ID_KEC":"34.04.12","KECAMATAN":"NGAGLIK","ID_DESA":"34.04.12.2003","DESA":"SINDUHARJO","LONGITUDE":110.39208,"LATITUDE":-7.7342447,"STATUS":"BUKA","TANGGAL PENGUMPULAN":"Q1 2024","TANGGAL UPDATE":"28/02/2025"}},{"type":"Feature","geometry":{"coordinates":[110.4239389,-7.7738457],"type":"Point"},"properties":{"fid":2788,"NAMA":"APOTEK ELLAN FARMA MAGUWOHARJO","TIPE_1":"KESEHATAN DAN PENGOBATAN","TIPE_2":"APOTEK","TIPE_3":"-","TELEPON":"0898-1044-411","ALAMAT":"UTARA GAPURO DEMANGAN, JL. K.H. MUHDI, RT.02/RW.20, DEMANGAN, MAGUWOHARJO, KEC. DEPOK, YOGYAKARTA, DAERAH ISTIMEWA YOGYAKARTA 55161","ID_PROV":"34","PROVINSI":"DAERAH ISTIMEWA YOGYAKARTA","ID_KABKOT":"34.04","KABKOT":"SLEMAN","ID_KEC":"34.04.07","KECAMATAN":"DEPOK","ID_DESA":"34.04.07.2002","DESA":"MAGUWOHARJO","LONGITUDE":110.4239389,"LATITUDE":-7.7738457,"STATUS":"BUKA","TANGGAL PENGUMPULAN":"Q1 2024","TANGGAL UPDATE":"28/02/2025"}},{"type":"Feature","geometry":{"coordinates":[110.4292615,-7.7807457],"type":"Point"},"properties":{"fid":2789,"NAMA":"CARENDO PUTRA GAMA. PT","TIPE_1":"KESEHATAN DAN PENGOBATAN","TIPE_2":"APOTEK","TIPE_3":"-","TELEPON":"(0274) 795371","ALAMAT":"JL. MAWAR, NO. A-8, PERUM JATIMAS PERMAI, SLEMAN, NAYAN, MAGUWOHARJO, KEC. DEPOK, KABUPATEN SLEMAN, DAERAH ISTIMEWA YOGYAKARTA 55281","ID_PROV":"34","PROVINSI":"DAERAH ISTIMEWA YOGYAKARTA","ID_KABKOT":"34.04","KABKOT":"SLEMAN","ID_KEC":"34.04.07","KECAMATAN":"DEPOK","ID_DESA":"34.04.07.2002","DESA":"MAGUWOHARJO","LONGITUDE":110.4292615,"LATITUDE":-7.7807457,"STATUS":"BUKA","TANGGAL PENGUMPULAN":"Q1 2024","TANGGAL UPDATE":"28/02/2025"}},{"type":"Feature","geometry":{"coordinates":[110.4093106,-7.7501146],"type":"Point"},"properties":{"fid":2791,"NAMA":"APOTEK DAN ALKES DELIMA SAKTI","TIPE_1":"KESEHATAN DAN PENGOBATAN","TIPE_2":"APOTEK","TIPE_3":"-","TELEPON":"0821-3766-1588","ALAMAT":"JL. SWADAYA 1 NO.100, DERO, CONDONGCATUR, KEC. DEPOK, KABUPATEN SLEMAN, DAERAH ISTIMEWA YOGYAKARTA 55281","ID_PROV":"34","PROVINSI":"DAERAH ISTIMEWA YOGYAKARTA","ID_KABKOT":"34.04","KABKOT":"SLEMAN","ID_KEC":"34.04.07","KECAMATAN":"DEPOK","ID_DESA":"34.04.07.2003","DESA":"CONDONGCATUR","LONGITUDE":110.4093106,"LATITUDE":-7.7501146,"STATUS":"BUKA","TANGGAL PENGUMPULAN":"Q1 2024","TANGGAL UPDATE":"28/02/2025"}},{"type":"Feature","geometry":{"coordinates":[110.3684255,-7.748747],"type":"Point"},"properties":{"fid":3542,"NAMA":"KUTUS KUTUS COTTON HOUSE","TIPE_1":"KESEHATAN DAN PENGOBATAN","TIPE_2":"APOTEK","TIPE_3":"-","TELEPON":"0822-3466-1569","ALAMAT":"COTTON HOUSE MONJALI, JL. AMERTA RAYA GG. KAPAS NO.99, WARAS, SARIHARJO, KEC. NGAGLIK, KABUPATEN SLEMAN, DAERAH ISTIMEWA YOGYAKARTA 55581","ID_PROV":"34","PROVINSI":"DAERAH ISTIMEWA YOGYAKARTA","ID_KABKOT":"34.04","KABKOT":"SLEMAN","ID_KEC":"34.04.12","KECAMATAN":"NGAGLIK","ID_DESA":"34.04.12.2001","DESA":"SARIHARJO","LONGITUDE":110.3684255,"LATITUDE":-7.748747,"STATUS":"BUKA","TANGGAL PENGUMPULAN":"Q1 2024","TANGGAL UPDATE":"28/02/2025"}},{"type":"Feature","geometry":{"coordinates":[110.3802585,-7.7472638],"type":"Point"},"properties":{"fid":3544,"NAMA":"AK 19","TIPE_1":"KESEHATAN DAN PENGOBATAN","TIPE_2":"APOTEK","TIPE_3":"-","TELEPON":"","ALAMAT":"KOMPLEK AKUNTASI, RT 08, RW 61, PURWOSARI, SINDUADI, MLATI, SLEMAN REGENCY, SPECIAL REGION OF YOGYAKARTA 55284","ID_PROV":"34","PROVINSI":"DAERAH ISTIMEWA YOGYAKARTA","ID_KABKOT":"34.04","KABKOT":"SLEMAN","ID_KEC":"34.04.06","KECAMATAN":"MLATI","ID_DESA":"34.04.06.2001","DESA":"SINDUADI","LONGITUDE":110.3802585,"LATITUDE":-7.7472638,"STATUS":"BUKA","TANGGAL PENGUMPULAN":"Q1 2024","TANGGAL UPDATE":"28/02/2025"}},{"type":"Feature","geometry":{"coordinates":[110.4235177,-7.7285179],"type":"Point"},"properties":{"fid":3545,"NAMA":"OMAH HERBAL SEHAT LILY","TIPE_1":"KESEHATAN DAN PENGOBATAN","TIPE_2":"APOTEK","TIPE_3":"-","TELEPON":"","ALAMAT":"JL. ALPUKAT 2, KARANGANYAR, WEDOMARTANI, KEC. NGEMPLAK, KABUPATEN SLEMAN, DAERAH ISTIMEWA YOGYAKARTA 55584","ID_PROV":"34","PROVINSI":"DAERAH ISTIMEWA YOGYAKARTA","ID_KABKOT":"34.04","KABKOT":"SLEMAN","ID_KEC":"34.04.11","KECAMATAN":"NGEMPLAK","ID_DESA":"34.04.11.2004","DESA":"WEDOMARTANI","LONGITUDE":110.4235177,"LATITUDE":-7.7285179,"STATUS":"BUKA","TANGGAL PENGUMPULAN":"Q1 2024","TANGGAL UPDATE":"28/02/2025"}},{"type":"Feature","geometry":{"coordinates":[110.3896334,-7.7266517],"type":"Point"},"properties":{"fid":3546,"NAMA":"UAP SEHAT INDONEISA","TIPE_1":"KESEHATAN DAN PENGOBATAN","TIPE_2":"APOTEK","TIPE_3":"-","TELEPON":"","ALAMAT":"NGENTAK, SINDUHARJO, KEC. NGAGLIK, KABUPATEN SLEMAN, DAERAH ISTIMEWA YOGYAKARTA 55581","ID_PROV":"34","PROVINSI":"DAERAH ISTIMEWA YOGYAKARTA","ID_KABKOT":"34.04","KABKOT":"SLEMAN","ID_KEC":"34.04.12","KECAMATAN":"NGAGLIK","ID_DESA":"34.04.12.2003","DESA":"SINDUHARJO","LONGITUDE":110.3896334,"LATITUDE":-7.7266517,"STATUS":"BUKA","TANGGAL PENGUMPULAN":"Q1 2024","TANGGAL UPDATE":"28/02/2025"}},{"type":"Feature","geometry":{"coordinates":[110.3723783,-7.7368174],"type":"Point"},"properties":{"fid":3547,"NAMA":"UFUK HERBAL","TIPE_1":"KESEHATAN DAN PENGOBATAN","TIPE_2":"APOTEK","TIPE_3":"-","TELEPON":"","ALAMAT":"GANG KASIH GG. KASI DULLAH NO.68, KARANG MOKO, SARIHARJO, KEC. NGAGLIK, KABUPATEN SLEMAN, DAERAH ISTIMEWA YOGYAKARTA 55581","ID_PROV":"34","PROVINSI":"DAERAH ISTIMEWA YOGYAKARTA","ID_KABKOT":"34.04","KABKOT":"SLEMAN","ID_KEC":"34.04.12","KECAMATAN":"NGAGLIK","ID_DESA":"34.04.12.2001","DESA":"SARIHARJO","LONGITUDE":110.3723783,"LATITUDE":-7.7368174,"STATUS":"BUKA","TANGGAL PENGUMPULAN":"Q1 2024","TANGGAL UPDATE":"28/02/2025"}},{"type":"Feature","geometry":{"coordinates":[110.3850303,-7.7322684],"type":"Point"},"properties":{"fid":3548,"NAMA":"CARENDO PUTRAGAMA. PT","TIPE_1":"KESEHATAN DAN PENGOBATAN","TIPE_2":"APOTEK","TIPE_3":"-","TELEPON":"(0274) 683976","ALAMAT":"JL. DAMAI NO.51, WONOREJO, SARIHARJO, KEC. SLEMAN, KABUPATEN SLEMAN, DAERAH ISTIMEWA YOGYAKARTA 55581","ID_PROV":"34","PROVINSI":"DAERAH ISTIMEWA YOGYAKARTA","ID_KABKOT":"34.04","KABKOT":"SLEMAN","ID_KEC":"34.04.12","KECAMATAN":"NGAGLIK","ID_DESA":"34.04.12.2001","DESA":"SARIHARJO","LONGITUDE":110.3850303,"LATITUDE":-7.7322684,"STATUS":"BUKA","TANGGAL PENGUMPULAN":"Q1 2024","TANGGAL UPDATE":"28/02/2025"}},{"type":"Feature","geometry":{"coordinates":[110.3650704,-7.6999024],"type":"Point"},"properties":{"fid":3549,"NAMA":"APOTEK S3 FARMA","TIPE_1":"KESEHATAN DAN PENGOBATAN","TIPE_2":"APOTEK","TIPE_3":"-","TELEPON":"","ALAMAT":"JL. PANDOWOHARJO JL. MANCASAN, KLEBEN MONCOSAN, PANDOWOHARJO, KEC. SLEMAN, KABUPATEN SLEMAN, DAERAH ISTIMEWA YOGYAKARTA 55512","ID_PROV":"34","PROVINSI":"DAERAH ISTIMEWA YOGYAKARTA","ID_KABKOT":"34.04","KABKOT":"SLEMAN","ID_KEC":"34.04.13","KECAMATAN":"SLEMAN","ID_DESA":"34.04.13.2004","DESA":"PANDOWOHARJO","LONGITUDE":110.3650704,"LATITUDE":-7.6999024,"STATUS":"BUKA","TANGGAL PENGUMPULAN":"Q1 2024","TANGGAL UPDATE":"28/02/2025"}},{"type":"Feature","geometry":{"coordinates":[110.3744447,-7.7433108],"type":"Point"},"properties":{"fid":3550,"NAMA":"GRHA CRISTINA ,APOTEK LASRANA","TIPE_1":"KESEHATAN DAN PENGOBATAN","TIPE_2":"APOTEK","TIPE_3":"-","TELEPON":"(0274) 4464059","ALAMAT":"JL. PALAGAN TENTARA PELAJAR NO.33D, JONGKANG, SARIHARJO, KEC. NGAGLIK, KABUPATEN SLEMAN, DAERAH ISTIMEWA YOGYAKARTA 55581","ID_PROV":"34","PROVINSI":"DAERAH ISTIMEWA YOGYAKARTA","ID_KABKOT":"34.04","KABKOT":"SLEMAN","ID_KEC":"34.04.12","KECAMATAN":"NGAGLIK","ID_DESA":"34.04.12.2001","DESA":"SARIHARJO","LONGITUDE":110.3744447,"LATITUDE":-7.7433108,"STATUS":"BUKA","TANGGAL PENGUMPULAN":"Q1 2024","TANGGAL UPDATE":"28/02/2025"}},{"type":"Feature","geometry":{"coordinates":[110.3789583,-7.7190795],"type":"Point"},"properties":{"fid":3551,"NAMA":"IMAM SAHRONI","TIPE_1":"KESEHATAN DAN PENGOBATAN","TIPE_2":"APOTEK","TIPE_3":"-","TELEPON":"0821-4118-0547","ALAMAT":"JL. GITO GATI JL. GONDANG LEGI, RT.03/RW.13, REJODANI 2, SARIHARJO, KEC. NGAGLIK, KABUPATEN SLEMAN, DAERAH ISTIMEWA YOGYAKARTA 55581","ID_PROV":"34","PROVINSI":"DAERAH ISTIMEWA YOGYAKARTA","ID_KABKOT":"34.04","KABKOT":"SLEMAN","ID_KEC":"34.04.12","KECAMATAN":"NGAGLIK","ID_DESA":"34.04.12.2001","DESA":"SARIHARJO","LONGITUDE":110.3789583,"LATITUDE":-7.7190795,"STATUS":"BUKA","TANGGAL PENGUMPULAN":"Q1 2024","TANGGAL UPDATE":"28/02/2025"}},{"type":"Feature","geometry":{"coordinates":[110.3679291,-7.7195595],"type":"Point"},"properties":{"fid":3552,"NAMA":"APOTIK 3P","TIPE_1":"KESEHATAN DAN PENGOBATAN","TIPE_2":"APOTEK","TIPE_3":"-","TELEPON":"","ALAMAT":"JL. GITO GATI, BANARAN, PANDOWOHARJO, KEC. SLEMAN, KABUPATEN SLEMAN, DAERAH ISTIMEWA YOGYAKARTA 55581","ID_PROV":"34","PROVINSI":"DAERAH ISTIMEWA YOGYAKARTA","ID_KABKOT":"34.04","KABKOT":"SLEMAN","ID_KEC":"34.04.13","KECAMATAN":"SLEMAN","ID_DESA":"34.04.13.2004","DESA":"PANDOWOHARJO","LONGITUDE":110.3679291,"LATITUDE":-7.7195595,"STATUS":"BUKA","TANGGAL PENGUMPULAN":"Q1 2024","TANGGAL UPDATE":"28/02/2025"}},{"type":"Feature","geometry":{"coordinates":[110.3555088,-7.7452393],"type":"Point"},"properties":{"fid":3553,"NAMA":"KOS PAK SUYITNO","TIPE_1":"KESEHATAN DAN PENGOBATAN","TIPE_2":"APOTEK","TIPE_3":"-","TELEPON":"","ALAMAT":"MLATI KRAJAN, SENDANGADI, KEC. MLATI, KABUPATEN SLEMAN, DAERAH ISTIMEWA YOGYAKARTA 55285","ID_PROV":"34","PROVINSI":"DAERAH ISTIMEWA YOGYAKARTA","ID_KABKOT":"34.04","KABKOT":"SLEMAN","ID_KEC":"34.04.06","KECAMATAN":"MLATI","ID_DESA":"34.04.06.2002","DESA":"SENDANGADI","LONGITUDE":110.3555088,"LATITUDE":-7.7452393,"STATUS":"BUKA","TANGGAL PENGUMPULAN":"Q1 2024","TANGGAL UPDATE":"28/02/2025"}},{"type":"Feature","geometry":{"coordinates":[110.4066921,-7.7492817],"type":"Point"},"properties":{"fid":3586,"NAMA":"K-LINK JOGJA","TIPE_1":"KESEHATAN DAN PENGOBATAN","TIPE_2":"APOTEK","TIPE_3":"-","TELEPON":"","ALAMAT":"JL. BALAI BUDAYA NO.26C, MLADANGAN, MINOMARTANI, KEC. NGAGLIK, KABUPATEN SLEMAN, DAERAH ISTIMEWA YOGYAKARTA 55581","ID_PROV":"34","PROVINSI":"DAERAH ISTIMEWA YOGYAKARTA","ID_KABKOT":"34.04","KABKOT":"SLEMAN","ID_KEC":"34.04.12","KECAMATAN":"NGAGLIK","ID_DESA":"34.04.12.2002","DESA":"MINOMARTANI","LONGITUDE":110.4066921,"LATITUDE":-7.7492817,"STATUS":"BUKA","TANGGAL PENGUMPULAN":"Q1 2024","TANGGAL UPDATE":"28/02/2025"}},{"type":"Feature","geometry":{"coordinates":[110.360762,-7.6733091],"type":"Point"},"properties":{"fid":3587,"NAMA":"APOTEK CENDRAWASIH","TIPE_1":"KESEHATAN DAN PENGOBATAN","TIPE_2":"APOTEK","TIPE_3":"-","TELEPON":"","ALAMAT":"JL. TURI, KADISOBO I / PEPEN, TRIMULYO, KEC. SLEMAN, KABUPATEN SLEMAN, DAERAH ISTIMEWA YOGYAKARTA 55513","ID_PROV":"34","PROVINSI":"DAERAH ISTIMEWA YOGYAKARTA","ID_KABKOT":"34.04","KABKOT":"SLEMAN","ID_KEC":"34.04.13","KECAMATAN":"SLEMAN","ID_DESA":"34.04.13.2005","DESA":"TRIMULYO","LONGITUDE":110.360762,"LATITUDE":-7.6733091,"STATUS":"BUKA","TANGGAL PENGUMPULAN":"Q1 2024","TANGGAL UPDATE":"28/02/2025"}},{"type":"Feature","geometry":{"coordinates":[110.379931,-7.7282265],"type":"Point"},"properties":{"fid":3588,"NAMA":"APOTEK K-24 PALAGAN SLEMAN","TIPE_1":"KESEHATAN DAN PENGOBATAN","TIPE_2":"APOTEK","TIPE_3":"-","TELEPON":"(0274) 887696","ALAMAT":"JL. PALAGAN TENTARA PELAJAR NO.8,3, TEGAL REJO, SARIHARJO, KEC. NGAGLIK, KABUPATEN SLEMAN, DAERAH ISTIMEWA YOGYAKARTA 55581","ID_PROV":"34","PROVINSI":"DAERAH ISTIMEWA YOGYAKARTA","ID_KABKOT":"34.04","KABKOT":"SLEMAN","ID_KEC":"34.04.12","KECAMATAN":"NGAGLIK","ID_DESA":"34.04.12.2001","DESA":"SARIHARJO","LONGITUDE":110.379931,"LATITUDE":-7.7282265,"STATUS":"BUKA","TANGGAL PENGUMPULAN":"Q1 2024","TANGGAL UPDATE":"28/02/2025"}},{"type":"Feature","geometry":{"coordinates":[110.3867625,-7.7058351],"type":"Point"},"properties":{"fid":3589,"NAMA":"LANGKAH INSAN MANDIRI. PT","TIPE_1":"KESEHATAN DAN PENGOBATAN","TIPE_2":"APOTEK","TIPE_3":"-","TELEPON":"(0274) 868065","ALAMAT":"JL. PALAGAN TENTARA PELAJAR NO.35, NGETIRAN, SARIHARJO, KEC. NGAGLIK, KABUPATEN SLEMAN, DAERAH ISTIMEWA YOGYAKARTA 55581","ID_PROV":"34","PROVINSI":"DAERAH ISTIMEWA YOGYAKARTA","ID_KABKOT":"34.04","KABKOT":"SLEMAN","ID_KEC":"34.04.12","KECAMATAN":"NGAGLIK","ID_DESA":"34.04.12.2001","DESA":"SARIHARJO","LONGITUDE":110.3867625,"LATITUDE":-7.7058351,"STATUS":"BUKA","TANGGAL PENGUMPULAN":"Q1 2024","TANGGAL UPDATE":"28/02/2025"}},{"type":"Feature","geometry":{"coordinates":[110.3967851,-7.7472873],"type":"Point"},"properties":{"fid":3590,"NAMA":"AGEN MINYAK KUTUS KUTUS RESMI TERDAFTAR","TIPE_1":"KESEHATAN DAN PENGOBATAN","TIPE_2":"APOTEK","TIPE_3":"-","TELEPON":"0812-3265-8352","ALAMAT":"JL. SENGKAN, NGABEAN WETAN, SINDUHARJO, NGAGLIK, SLEMAN REGENCY, SPECIAL REGION OF YOGYAKARTA 55581","ID_PROV":"34","PROVINSI":"DAERAH ISTIMEWA YOGYAKARTA","ID_KABKOT":"34.04","KABKOT":"SLEMAN","ID_KEC":"34.04.12","KECAMATAN":"NGAGLIK","ID_DESA":"34.04.12.2003","DESA":"SINDUHARJO","LONGITUDE":110.3967851,"LATITUDE":-7.7472873,"STATUS":"BUKA","TANGGAL PENGUMPULAN":"Q1 2024","TANGGAL UPDATE":"28/02/2025"}},{"type":"Feature","geometry":{"coordinates":[110.4150095,-7.7266855],"type":"Point"},"properties":{"fid":3591,"NAMA":"UD. RIZKY BARU YOGYA","TIPE_1":"KESEHATAN DAN PENGOBATAN","TIPE_2":"APOTEK","TIPE_3":"-","TELEPON":"0895-0941-6633","ALAMAT":"JL. KADEMANGAN NO.RT02/54, KRAPYAK, WEDOMARTANI, KEC. NGEMPLAK, KABUPATEN SLEMAN, DAERAH ISTIMEWA YOGYAKARTA 55584","ID_PROV":"34","PROVINSI":"DAERAH ISTIMEWA YOGYAKARTA","ID_KABKOT":"34.04","KABKOT":"SLEMAN","ID_KEC":"34.04.11","KECAMATAN":"NGEMPLAK","ID_DESA":"34.04.11.2004","DESA":"WEDOMARTANI","LONGITUDE":110.4150095,"LATITUDE":-7.7266855,"STATUS":"BUKA","TANGGAL PENGUMPULAN":"Q1 2024","TANGGAL UPDATE":"28/02/2025"}},{"type":"Feature","geometry":{"coordinates":[110.3873547,-7.7092421],"type":"Point"},"properties":{"fid":3592,"NAMA":"APOTEK REJODANI","TIPE_1":"KESEHATAN DAN PENGOBATAN","TIPE_2":"APOTEK","TIPE_3":"-","TELEPON":"0851-0081-5701","ALAMAT":"JL. PALAGAN TENTARA PELAJAR NO.KM. 11, TAMBAK REJO, SARIHARJO, KEC. NGAGLIK, KABUPATEN SLEMAN, DAERAH ISTIMEWA YOGYAKARTA 55581","ID_PROV":"34","PROVINSI":"DAERAH ISTIMEWA YOGYAKARTA","ID_KABKOT":"34.04","KABKOT":"SLEMAN","ID_KEC":"34.04.12","KECAMATAN":"NGAGLIK","ID_DESA":"34.04.12.2001","DESA":"SARIHARJO","LONGITUDE":110.3873547,"LATITUDE":-7.7092421,"STATUS":"BUKA","TANGGAL PENGUMPULAN":"Q1 2024","TANGGAL UPDATE":"28/02/2025"}},{"type":"Feature","geometry":{"coordinates":[110.3771153,-7.7067542],"type":"Point"},"properties":{"fid":3593,"NAMA":"RUMAH PUTRI","TIPE_1":"KESEHATAN DAN PENGOBATAN","TIPE_2":"APOTEK","TIPE_3":"-","TELEPON":"","ALAMAT":"DUSUN PANASAN, DONOHARJO, KEC. NGAGLIK, KABUPATEN SLEMAN, DAERAH ISTIMEWA YOGYAKARTA 55581","ID_PROV":"34","PROVINSI":"DAERAH ISTIMEWA YOGYAKARTA","ID_KABKOT":"34.04","KABKOT":"SLEMAN","ID_KEC":"34.04.12","KECAMATAN":"NGAGLIK","ID_DESA":"34.04.12.2006","DESA":"DONOHARJO","LONGITUDE":110.3771153,"LATITUDE":-7.7067542,"STATUS":"BUKA","TANGGAL PENGUMPULAN":"Q1 2024","TANGGAL UPDATE":"28/02/2025"}},{"type":"Feature","geometry":{"coordinates":[110.3933364,-7.7397368],"type":"Point"},"properties":{"fid":3597,"NAMA":"APOTEK BANTENG MEDIKA","TIPE_1":"KESEHATAN DAN PENGOBATAN","TIPE_2":"APOTEK","TIPE_3":"-","TELEPON":"(0274) 2574453","ALAMAT":"JL. RAYA BANTENG 3 NO.10, NGABEAN KULON, SINDUHARJO, KEC. NGAGLIK, KABUPATEN SLEMAN, DAERAH ISTIMEWA YOGYAKARTA 55281","ID_PROV":"34","PROVINSI":"DAERAH ISTIMEWA YOGYAKARTA","ID_KABKOT":"34.04","KABKOT":"SLEMAN","ID_KEC":"34.04.12","KECAMATAN":"NGAGLIK","ID_DESA":"34.04.12.2003","DESA":"SINDUHARJO","LONGITUDE":110.3933364,"LATITUDE":-7.7397368,"STATUS":"BUKA","TANGGAL PENGUMPULAN":"Q1 2024","TANGGAL UPDATE":"28/02/2025"}},{"type":"Feature","geometry":{"coordinates":[110.3875757,-7.7086819],"type":"Point"},"properties":{"fid":3900,"NAMA":"APOTEK K24 REJODANI","TIPE_1":"KESEHATAN DAN PENGOBATAN","TIPE_2":"APOTEK","TIPE_3":"-","TELEPON":"0823-2914-3036","ALAMAT":"JL. PALAGAN TENTARA PELAJAR NO.KM. 10, TAMBAK REJO, SARIHARJO, KEC. NGAGLIK, KABUPATEN SLEMAN, DAERAH ISTIMEWA YOGYAKARTA 55581","ID_PROV":"34","PROVINSI":"DAERAH ISTIMEWA YOGYAKARTA","ID_KABKOT":"34.04","KABKOT":"SLEMAN","ID_KEC":"34.04.12","KECAMATAN":"NGAGLIK","ID_DESA":"34.04.12.2001","DESA":"SARIHARJO","LONGITUDE":110.3875757,"LATITUDE":-7.7086819,"STATUS":"BUKA","TANGGAL PENGUMPULAN":"Q1 2024","TANGGAL UPDATE":"28/02/2025"}},{"type":"Feature","geometry":{"coordinates":[110.388784,-7.7337186],"type":"Point"},"properties":{"fid":3912,"NAMA":"TOKO SEMBAKO REYNA","TIPE_1":"KESEHATAN DAN PENGOBATAN","TIPE_2":"APOTEK","TIPE_3":"-","TELEPON":"","ALAMAT":"JL. DAMAI, BANTENG, SINDUHARJO, KEC. NGAGLIK, KABUPATEN SLEMAN, DAERAH ISTIMEWA YOGYAKARTA 55581","ID_PROV":"34","PROVINSI":"DAERAH ISTIMEWA YOGYAKARTA","ID_KABKOT":"34.04","KABKOT":"SLEMAN","ID_KEC":"34.04.12","KECAMATAN":"NGAGLIK","ID_DESA":"34.04.12.2003","DESA":"SINDUHARJO","LONGITUDE":110.388784,"LATITUDE":-7.7337186,"STATUS":"BUKA","TANGGAL PENGUMPULAN":"Q1 2024","TANGGAL UPDATE":"28/02/2025"}},{"type":"Feature","geometry":{"coordinates":[110.3684323,-7.7013999],"type":"Point"},"properties":{"fid":3913,"NAMA":"APOTEK KARANGASEM","TIPE_1":"KESEHATAN DAN PENGOBATAN","TIPE_2":"APOTEK","TIPE_3":"-","TELEPON":"0851-0330-7100","ALAMAT":"KARANG ASEM, PANDOWOHARJO, KEC. SLEMAN, KABUPATEN SLEMAN, DAERAH ISTIMEWA YOGYAKARTA 55512","ID_PROV":"34","PROVINSI":"DAERAH ISTIMEWA YOGYAKARTA","ID_KABKOT":"34.04","KABKOT":"SLEMAN","ID_KEC":"34.04.13","KECAMATAN":"SLEMAN","ID_DESA":"34.04.13.2004","DESA":"PANDOWOHARJO","LONGITUDE":110.3684323,"LATITUDE":-7.7013999,"STATUS":"BUKA","TANGGAL PENGUMPULAN":"Q1 2024","TANGGAL UPDATE":"28/02/2025"}},{"type":"Feature","geometry":{"coordinates":[110.3540193,-7.6911773],"type":"Point"},"properties":{"fid":3914,"NAMA":"APOTIK PENDOWO","TIPE_1":"KESEHATAN DAN PENGOBATAN","TIPE_2":"APOTEK","TIPE_3":"-","TELEPON":"","ALAMAT":"MANTALAN / BANLONGAN, TRIMULYO, KEC. SLEMAN, KABUPATEN SLEMAN, DAERAH ISTIMEWA YOGYAKARTA 55513","ID_PROV":"34","PROVINSI":"DAERAH ISTIMEWA YOGYAKARTA","ID_KABKOT":"34.04","KABKOT":"SLEMAN","ID_KEC":"34.04.13","KECAMATAN":"SLEMAN","ID_DESA":"34.04.13.2005","DESA":"TRIMULYO","LONGITUDE":110.3540193,"LATITUDE":-7.6911773,"STATUS":"BUKA","TANGGAL PENGUMPULAN":"Q1 2024","TANGGAL UPDATE":"28/02/2025"}},{"type":"Feature","geometry":{"coordinates":[110.3959944,-7.7421846],"type":"Point"},"properties":{"fid":3915,"NAMA":"FLIMTY FIBER OFICIAL","TIPE_1":"KESEHATAN DAN PENGOBATAN","TIPE_2":"APOTEK","TIPE_3":"-","TELEPON":"","ALAMAT":"JL. SEMERU NO.55, NGABEAN WETAN, SINDUHARJO, KEC. NGAGLIK, KABUPATEN SLEMAN, DAERAH ISTIMEWA YOGYAKARTA 55581","ID_PROV":"34","PROVINSI":"DAERAH ISTIMEWA YOGYAKARTA","ID_KABKOT":"34.04","KABKOT":"SLEMAN","ID_KEC":"34.04.12","KECAMATAN":"NGAGLIK","ID_DESA":"34.04.12.2003","DESA":"SINDUHARJO","LONGITUDE":110.3959944,"LATITUDE":-7.7421846,"STATUS":"BUKA","TANGGAL PENGUMPULAN":"Q1 2024","TANGGAL UPDATE":"28/02/2025"}},{"type":"Feature","geometry":{"coordinates":[110.3980207,-7.7043167],"type":"Point"},"properties":{"fid":3917,"NAMA":"OMAH JAMU JENG RATU","TIPE_1":"KESEHATAN DAN PENGOBATAN","TIPE_2":"APOTEK","TIPE_3":"-","TELEPON":"0818-0597-5030","ALAMAT":"JL. KALIURANG NO.KM 12.5, TUREN, SARDONOHARJO, KEC. NGAGLIK, KABUPATEN SLEMAN, DAERAH ISTIMEWA YOGYAKARTA 55581","ID_PROV":"34","PROVINSI":"DAERAH ISTIMEWA YOGYAKARTA","ID_KABKOT":"34.04","KABKOT":"SLEMAN","ID_KEC":"34.04.12","KECAMATAN":"NGAGLIK","ID_DESA":"34.04.12.2005","DESA":"SARDONOHARJO","LONGITUDE":110.3980207,"LATITUDE":-7.7043167,"STATUS":"BUKA","TANGGAL PENGUMPULAN":"Q1 2024","TANGGAL UPDATE":"28/02/2025"}},{"type":"Feature","geometry":{"coordinates":[110.3839302,-7.7340408],"type":"Point"},"properties":{"fid":3942,"NAMA":"PONDOK IBU/BERKAH HERBAL TOKO","TIPE_1":"KESEHATAN DAN PENGOBATAN","TIPE_2":"APOTEK","TIPE_3":"-","TELEPON":"(0274) 4463682","ALAMAT":"JL. ONTOREJO, NO. 31 B RT. 04/RW. 21, KRIKILAN, SARIHARJO, NGAGLIK, SLEMAN, WONOREJO, SARIHARJO, KEC. NGAGLIK, KABUPATEN SLEMAN, DAERAH ISTIMEWA YOGYAKARTA 55581","ID_PROV":"34","PROVINSI":"DAERAH ISTIMEWA YOGYAKARTA","ID_KABKOT":"34.04","KABKOT":"SLEMAN","ID_KEC":"34.04.12","KECAMATAN":"NGAGLIK","ID_DESA":"34.04.12.2001","DESA":"SARIHARJO","LONGITUDE":110.3839302,"LATITUDE":-7.7340408,"STATUS":"BUKA","TANGGAL PENGUMPULAN":"Q1 2024","TANGGAL UPDATE":"28/02/2025"}},{"type":"Feature","geometry":{"coordinates":[110.4826281,-7.7938562],"type":"Point"},"properties":{"fid":4537,"NAMA":"APOTEK GENDHENG AFIAT","TIPE_1":"KESEHATAN DAN PENGOBATAN","TIPE_2":"APOTEK","TIPE_3":"-","TELEPON":"(0274) 4398801","ALAMAT":"POTROJAYAN, MADUREJO, KEC. PRAMBANAN, KABUPATEN SLEMAN, DAERAH ISTIMEWA YOGYAKARTA 55572","ID_PROV":"34","PROVINSI":"DAERAH ISTIMEWA YOGYAKARTA","ID_KABKOT":"34.04","KABKOT":"SLEMAN","ID_KEC":"34.04.09","KECAMATAN":"PRAMBANAN","ID_DESA":"34.04.09.2005","DESA":"MADUREJO","LONGITUDE":110.4826281,"LATITUDE":-7.7938562,"STATUS":"BUKA","TANGGAL PENGUMPULAN":"Q1 2024","TANGGAL UPDATE":"28/02/2025"}},{"type":"Feature","geometry":{"coordinates":[110.4892726,-7.7567345],"type":"Point"},"properties":{"fid":4538,"NAMA":"JAMU JAWA TRADISIONAL BU SLAMET","TIPE_1":"KESEHATAN DAN PENGOBATAN","TIPE_2":"APOTEK","TIPE_3":"-","TELEPON":"0819-3172-2267","ALAMAT":"PS. PRAMBANAN, JL. PRAMBANAN LT 2, BOKO, BOKOHARJO, PRAMBANAN, SLEMAN REGENCY, SPECIAL REGION OF YOGYAKARTA 55572","ID_PROV":"34","PROVINSI":"DAERAH ISTIMEWA YOGYAKARTA","ID_KABKOT":"34.04","KABKOT":"SLEMAN","ID_KEC":"34.04.09","KECAMATAN":"PRAMBANAN","ID_DESA":"34.04.09.2006","DESA":"BOKOHARJO","LONGITUDE":110.4892726,"LATITUDE":-7.7567345,"STATUS":"BUKA","TANGGAL PENGUMPULAN":"Q1 2024","TANGGAL UPDATE":"28/02/2025"}},{"type":"Feature","geometry":{"coordinates":[110.4042186,-7.7193937],"type":"Point"},"properties":{"fid":5749,"NAMA":"APOTEK GENTAN (Ê¦„Ê¦¥Ê¦ºÊ¦´Ê¦ Ê¦ºÊ¦Ê§€Ê¦“Ê¦ºÊ¦¤Ê§€Ê¦ Ê¦¤Ê§€)","TIPE_1":"KESEHATAN DAN PENGOBATAN","TIPE_2":"APOTEK","TIPE_3":"-","TELEPON":"","ALAMAT":"JALAN KALIURANG KM. 10, NGAGLIK, DENTAN, SINDUHARJO, KEC. SLEMAN, KABUPATEN SLEMAN, DAERAH ISTIMEWA YOGYAKARTA 55581","ID_PROV":"34","PROVINSI":"DAERAH ISTIMEWA YOGYAKARTA","ID_KABKOT":"34.04","KABKOT":"SLEMAN","ID_KEC":"34.04.12","KECAMATAN":"NGAGLIK","ID_DESA":"34.04.12.2003","DESA":"SINDUHARJO","LONGITUDE":110.4042186,"LATITUDE":-7.7193937,"STATUS":"BUKA","TANGGAL PENGUMPULAN":"Q1 2024","TANGGAL UPDATE":"28/02/2025"}},{"type":"Feature","geometry":{"coordinates":[110.4361333,-7.6841372],"type":"Point"},"properties":{"fid":5767,"NAMA":"APOTEK TAKA MEDIKA","TIPE_1":"KESEHATAN DAN PENGOBATAN","TIPE_2":"APOTEK","TIPE_3":"-","TELEPON":"0821-3700-3082","ALAMAT":"GROGOLAN, UMBULMARTANI, KEC. SLEMAN, KABUPATEN SLEMAN, DAERAH ISTIMEWA YOGYAKARTA 55584","ID_PROV":"34","PROVINSI":"DAERAH ISTIMEWA YOGYAKARTA","ID_KABKOT":"34.04","KABKOT":"SLEMAN","ID_KEC":"34.04.11","KECAMATAN":"NGEMPLAK","ID_DESA":"34.04.11.2005","DESA":"UMBULMARTANI","LONGITUDE":110.4361333,"LATITUDE":-7.6841372,"STATUS":"BUKA","TANGGAL PENGUMPULAN":"Q1 2024","TANGGAL UPDATE":"28/02/2025"}},{"type":"Feature","geometry":{"coordinates":[110.4674182,-7.6845333],"type":"Point"},"properties":{"fid":5768,"NAMA":"BESUR IS GUDIX","TIPE_1":"KESEHATAN DAN PENGOBATAN","TIPE_2":"APOTEK","TIPE_3":"-","TELEPON":"","ALAMAT":"UNNAMED ROAD, MORANGAN, SINDUMARTANI, KEC. NGEMPLAK, KABUPATEN SLEMAN, DAERAH ISTIMEWA YOGYAKARTA 55584","ID_PROV":"34","PROVINSI":"DAERAH ISTIMEWA YOGYAKARTA","ID_KABKOT":"34.04","KABKOT":"SLEMAN","ID_KEC":"34.04.11","KECAMATAN":"NGEMPLAK","ID_DESA":"34.04.11.2001","DESA":"SINDUMARTANI","LONGITUDE":110.4674182,"LATITUDE":-7.6845333,"STATUS":"BUKA","TANGGAL PENGUMPULAN":"Q1 2024","TANGGAL UPDATE":"28/02/2025"}},{"type":"Feature","geometry":{"coordinates":[110.4592073,-7.6645637],"type":"Point"},"properties":{"fid":5769,"NAMA":"APOTEK BRONGGANG SEHAT","TIPE_1":"KESEHATAN DAN PENGOBATAN","TIPE_2":"APOTEK","TIPE_3":"-","TELEPON":"","ALAMAT":"JL. CANGKRINGAN BRONGGANG, SURUH, ARGOMULYO, KEC. KALASAN, YOGYAKARTA, DAERAH ISTIMEWA YOGYAKARTA 55583","ID_PROV":"34","PROVINSI":"DAERAH ISTIMEWA YOGYAKARTA","ID_KABKOT":"34.04","KABKOT":"SLEMAN","ID_KEC":"34.04.17","KECAMATAN":"CANGKRINGAN","ID_DESA":"34.04.17.2001","DESA":"ARGOMULYO","LONGITUDE":110.4592073,"LATITUDE":-7.6645637,"STATUS":"BUKA","TANGGAL PENGUMPULAN":"Q1 2024","TANGGAL UPDATE":"28/02/2025"}},{"type":"Feature","geometry":{"coordinates":[110.4462403,-7.6826655],"type":"Point"},"properties":{"fid":5770,"NAMA":"APOTEK CASSA FARMA","TIPE_1":"KESEHATAN DAN PENGOBATAN","TIPE_2":"APOTEK","TIPE_3":"-","TELEPON":"0823-2474-0992","ALAMAT":"JL. GROGOLAN, AREA SAWAH, WIDODOMARTANI, KEC. NGEMPLAK, KABUPATEN SLEMAN, DAERAH ISTIMEWA YOGYAKARTA 55584","ID_PROV":"34","PROVINSI":"DAERAH ISTIMEWA YOGYAKARTA","ID_KABKOT":"34.04","KABKOT":"SLEMAN","ID_KEC":"34.04.11","KECAMATAN":"NGEMPLAK","ID_DESA":"34.04.11.2003","DESA":"WIDODOMARTANI","LONGITUDE":110.4462403,"LATITUDE":-7.6826655,"STATUS":"BUKA","TANGGAL PENGUMPULAN":"Q1 2024","TANGGAL UPDATE":"28/02/2025"}},{"type":"Feature","geometry":{"coordinates":[110.4645551,-7.696685],"type":"Point"},"properties":{"fid":5772,"NAMA":"APOTEK ADITAMA","TIPE_1":"KESEHATAN DAN PENGOBATAN","TIPE_2":"APOTEK","TIPE_3":"-","TELEPON":"","ALAMAT":"JL. CANGKRINGAN JL. KOROULON, RANDUSARI, BIMOMARTANI, KEC. NGEMPLAK, KABUPATEN SLEMAN, DAERAH ISTIMEWA YOGYAKARTA 55584","ID_PROV":"34","PROVINSI":"DAERAH ISTIMEWA YOGYAKARTA","ID_KABKOT":"34.04","KABKOT":"SLEMAN","ID_KEC":"34.04.11","KECAMATAN":"NGEMPLAK","ID_DESA":"34.04.11.2002","DESA":"BIMOMARTANI","LONGITUDE":110.4645551,"LATITUDE":-7.696685,"STATUS":"BUKA","TANGGAL PENGUMPULAN":"Q1 2024","TANGGAL UPDATE":"28/02/2025"}},{"type":"Feature","geometry":{"coordinates":[110.4583873,-7.7409246],"type":"Point"},"properties":{"fid":5773,"NAMA":"APOTEK SAKINAH FARMA","TIPE_1":"KESEHATAN DAN PENGOBATAN","TIPE_2":"APOTEK","TIPE_3":"-","TELEPON":"0882-2539-3557","ALAMAT":"JL. GRENJENG, KARANGMOJO, PURWOMARTANI, KEC. KALASAN, KABUPATEN SLEMAN, DAERAH ISTIMEWA YOGYAKARTA 55571","ID_PROV":"34","PROVINSI":"DAERAH ISTIMEWA YOGYAKARTA","ID_KABKOT":"34.04","KABKOT":"SLEMAN","ID_KEC":"34.04.10","KECAMATAN":"KALASAN","ID_DESA":"34.04.10.2001","DESA":"PURWOMARTANI","LONGITUDE":110.4583873,"LATITUDE":-7.7409246,"STATUS":"BUKA","TANGGAL PENGUMPULAN":"Q1 2024","TANGGAL UPDATE":"28/02/2025"}},{"type":"Feature","geometry":{"coordinates":[110.4195903,-7.6916142],"type":"Point"},"properties":{"fid":5775,"NAMA":"UNITED DICO CITAS. PT","TIPE_1":"KESEHATAN DAN PENGOBATAN","TIPE_2":"APOTEK","TIPE_3":"-","TELEPON":"(0274) 514733","ALAMAT":"JL. KALIURANG KM 5, 5, TJ. MANDING, UMBULMARTANI, KEC. SLEMAN, KABUPATEN SLEMAN, DAERAH ISTIMEWA YOGYAKARTA 55582","ID_PROV":"34","PROVINSI":"DAERAH ISTIMEWA YOGYAKARTA","ID_KABKOT":"34.04","KABKOT":"SLEMAN","ID_KEC":"34.04.11","KECAMATAN":"NGEMPLAK","ID_DESA":"34.04.11.2005","DESA":"UMBULMARTANI","LONGITUDE":110.4195903,"LATITUDE":-7.6916142,"STATUS":"BUKA","TANGGAL PENGUMPULAN":"Q1 2024","TANGGAL UPDATE":"28/02/2025"}},{"type":"Feature","geometry":{"coordinates":[110.3955338,-7.6591759],"type":"Point"},"properties":{"fid":5776,"NAMA":"APOTEK DAN KLINIK SISMA MEDIKA PULOWATU","TIPE_1":"KESEHATAN DAN PENGOBATAN","TIPE_2":"APOTEK","TIPE_3":"-","TELEPON":"(0274) 896014","ALAMAT":"JL. PAKEM - TURI NO.47, JAMBALANGAN, PURWOBINANGUN, KEC. PAKEM, KABUPATEN SLEMAN, DAERAH ISTIMEWA YOGYAKARTA 55582","ID_PROV":"34","PROVINSI":"DAERAH ISTIMEWA YOGYAKARTA","ID_KABKOT":"34.04","KABKOT":"SLEMAN","ID_KEC":"34.04.16","KECAMATAN":"PAKEM","ID_DESA":"34.04.16.2001","DESA":"PURWOBINANGUN","LONGITUDE":110.3955338,"LATITUDE":-7.6591759,"STATUS":"BUKA","TANGGAL PENGUMPULAN":"Q1 2024","TANGGAL UPDATE":"28/02/2025"}},{"type":"Feature","geometry":{"coordinates":[110.4518612,-7.7384148],"type":"Point"},"properties":{"fid":5777,"NAMA":"APOTEK PRATAMA","TIPE_1":"KESEHATAN DAN PENGOBATAN","TIPE_2":"APOTEK","TIPE_3":"-","TELEPON":"0812-2721-3848","ALAMAT":"JALAN, BROMONILAN, PURWOMARTANI, KEC. KALASAN, KABUPATEN SLEMAN, DAERAH ISTIMEWA YOGYAKARTA 55571","ID_PROV":"34","PROVINSI":"DAERAH ISTIMEWA YOGYAKARTA","ID_KABKOT":"34.04","KABKOT":"SLEMAN","ID_KEC":"34.04.10","KECAMATAN":"KALASAN","ID_DESA":"34.04.10.2001","DESA":"PURWOMARTANI","LONGITUDE":110.4518612,"LATITUDE":-7.7384148,"STATUS":"BUKA","TANGGAL PENGUMPULAN":"Q1 2024","TANGGAL UPDATE":"28/02/2025"}},{"type":"Feature","geometry":{"coordinates":[110.4392061,-7.7360832],"type":"Point"},"properties":{"fid":5778,"NAMA":"APOTEK GANDOK","TIPE_1":"KESEHATAN DAN PENGOBATAN","TIPE_2":"APOTEK","TIPE_3":"-","TELEPON":"0851-0115-2116","ALAMAT":"PUCANGANOM, WEDOMARTANI, KEC. NGEMPLAK, KABUPATEN SLEMAN, DAERAH ISTIMEWA YOGYAKARTA 55584","ID_PROV":"34","PROVINSI":"DAERAH ISTIMEWA YOGYAKARTA","ID_KABKOT":"34.04","KABKOT":"SLEMAN","ID_KEC":"34.04.11","KECAMATAN":"NGEMPLAK","ID_DESA":"34.04.11.2004","DESA":"WEDOMARTANI","LONGITUDE":110.4392061,"LATITUDE":-7.7360832,"STATUS":"BUKA","TANGGAL PENGUMPULAN":"Q1 2024","TANGGAL UPDATE":"28/02/2025"}},{"type":"Feature","geometry":{"coordinates":[110.3985829,-7.6839763],"type":"Point"},"properties":{"fid":5783,"NAMA":"APOTEK AROYYAN FARMA","TIPE_1":"KESEHATAN DAN PENGOBATAN","TIPE_2":"APOTEK","TIPE_3":"-","TELEPON":"0821-3777-7807","ALAMAT":"JL. KETULAN, RT.4/RW.2, BULUS I, CANDIBINANGUN, KEC. PAKEM, KABUPATEN SLEMAN, DAERAH ISTIMEWA YOGYAKARTA 55582","ID_PROV":"34","PROVINSI":"DAERAH ISTIMEWA YOGYAKARTA","ID_KABKOT":"34.04","KABKOT":"SLEMAN","ID_KEC":"34.04.16","KECAMATAN":"PAKEM","ID_DESA":"34.04.16.2002","DESA":"CANDIBINANGUN","LONGITUDE":110.3985829,"LATITUDE":-7.6839763,"STATUS":"BUKA","TANGGAL PENGUMPULAN":"Q1 2024","TANGGAL UPDATE":"28/02/2025"}},{"type":"Feature","geometry":{"coordinates":[110.4029608,-7.720805],"type":"Point"},"properties":{"fid":5784,"NAMA":"APOTEK REJOSARI","TIPE_1":"KESEHATAN DAN PENGOBATAN","TIPE_2":"APOTEK","TIPE_3":"-","TELEPON":"","ALAMAT":"JL. KALIURANG NO.1, GONDANGAN, SARDONOHARJO, KEC. NGAGLIK, KABUPATEN SLEMAN, DAERAH ISTIMEWA YOGYAKARTA 55581","ID_PROV":"34","PROVINSI":"DAERAH ISTIMEWA YOGYAKARTA","ID_KABKOT":"34.04","KABKOT":"SLEMAN","ID_KEC":"34.04.12","KECAMATAN":"NGAGLIK","ID_DESA":"34.04.12.2005","DESA":"SARDONOHARJO","LONGITUDE":110.4029608,"LATITUDE":-7.720805,"STATUS":"BUKA","TANGGAL PENGUMPULAN":"Q1 2024","TANGGAL UPDATE":"28/02/2025"}},{"type":"Feature","geometry":{"coordinates":[110.4113866,-7.7070102],"type":"Point"},"properties":{"fid":5785,"NAMA":"APOTEK DOA SEHAT","TIPE_1":"KESEHATAN DAN PENGOBATAN","TIPE_2":"APOTEK","TIPE_3":"-","TELEPON":"0818-0318-1960","ALAMAT":"JLN KALIURANG NO 42, SLEMAN, JL. KALIURANG NO.KM 12, CANDI KARANG, SARDONOHARJO, KAB, KABUPATEN SLEMAN, DAERAH ISTIMEWA YOGYAKARTA 55581","ID_PROV":"34","PROVINSI":"DAERAH ISTIMEWA YOGYAKARTA","ID_KABKOT":"34.04","KABKOT":"SLEMAN","ID_KEC":"34.04.12","KECAMATAN":"NGAGLIK","ID_DESA":"34.04.12.2005","DESA":"SARDONOHARJO","LONGITUDE":110.4113866,"LATITUDE":-7.7070102,"STATUS":"BUKA","TANGGAL PENGUMPULAN":"Q1 2024","TANGGAL UPDATE":"28/02/2025"}},{"type":"Feature","geometry":{"coordinates":[110.368965,-7.698277],"type":"Point"},"properties":{"fid":5786,"NAMA":"APOTEK KARANGASEM","TIPE_1":"KESEHATAN DAN PENGOBATAN","TIPE_2":"APOTEK","TIPE_3":"-","TELEPON":"0851-0330-7100","ALAMAT":"","ID_PROV":"34","PROVINSI":"DAERAH ISTIMEWA YOGYAKARTA","ID_KABKOT":"34.04","KABKOT":"SLEMAN","ID_KEC":"34.04.13","KECAMATAN":"SLEMAN","ID_DESA":"34.04.13.2004","DESA":"PANDOWOHARJO","LONGITUDE":110.368965,"LATITUDE":-7.698277,"STATUS":"BUKA","TANGGAL PENGUMPULAN":"Q1 2024","TANGGAL UPDATE":"28/02/2025"}},{"type":"Feature","geometry":{"coordinates":[110.4161136,-7.6644632],"type":"Point"},"properties":{"fid":5787,"NAMA":"APOTEK MAFAZA PAKEM","TIPE_1":"KESEHATAN DAN PENGOBATAN","TIPE_2":"APOTEK","TIPE_3":"-","TELEPON":"0822-2323-9447","ALAMAT":"JL. RAYA TURI NO.34, AREA SAWAH, PAKEMBINANGUN, PAKEM, SLEMAN REGENCY, SPECIAL REGION OF YOGYAKARTA 55582","ID_PROV":"34","PROVINSI":"DAERAH ISTIMEWA YOGYAKARTA","ID_KABKOT":"34.04","KABKOT":"SLEMAN","ID_KEC":"34.04.16","KECAMATAN":"PAKEM","ID_DESA":"34.04.16.2004","DESA":"PAKEMBINANGUN","LONGITUDE":110.4161136,"LATITUDE":-7.6644632,"STATUS":"BUKA","TANGGAL PENGUMPULAN":"Q1 2024","TANGGAL UPDATE":"28/02/2025"}},{"type":"Feature","geometry":{"coordinates":[110.4309265,-7.7047521],"type":"Point"},"properties":{"fid":5788,"NAMA":"APOTEK PERWITA","TIPE_1":"KESEHATAN DAN PENGOBATAN","TIPE_2":"APOTEK","TIPE_3":"-","TELEPON":"","ALAMAT":"JL. BESI JANGKANG, BESI, SUKOHARJO, KEC. NGAGLIK, KABUPATEN SLEMAN, DAERAH ISTIMEWA YOGYAKARTA","ID_PROV":"34","PROVINSI":"DAERAH ISTIMEWA YOGYAKARTA","ID_KABKOT":"34.04","KABKOT":"SLEMAN","ID_KEC":"34.04.12","KECAMATAN":"NGAGLIK","ID_DESA":"34.04.12.2004","DESA":"SUKOHARJO","LONGITUDE":110.4309265,"LATITUDE":-7.7047521,"STATUS":"BUKA","TANGGAL PENGUMPULAN":"Q1 2024","TANGGAL UPDATE":"28/02/2025"}},{"type":"Feature","geometry":{"coordinates":[110.4185103,-7.6873761],"type":"Point"},"properties":{"fid":5789,"NAMA":"APOTEK UII FARMA","TIPE_1":"KESEHATAN DAN PENGOBATAN","TIPE_2":"APOTEK","TIPE_3":"-","TELEPON":"(0274) 898421","ALAMAT":"JL. KALIURANG NO.KM 14,5, LODADI, UMBULMARTANI, KEC. NGEMPLAK, KABUPATEN SLEMAN, DAERAH ISTIMEWA YOGYAKARTA 55584","ID_PROV":"34","PROVINSI":"DAERAH ISTIMEWA YOGYAKARTA","ID_KABKOT":"34.04","KABKOT":"SLEMAN","ID_KEC":"34.04.11","KECAMATAN":"NGEMPLAK","ID_DESA":"34.04.11.2005","DESA":"UMBULMARTANI","LONGITUDE":110.4185103,"LATITUDE":-7.6873761,"STATUS":"BUKA","TANGGAL PENGUMPULAN":"Q1 2024","TANGGAL UPDATE":"28/02/2025"}},{"type":"Feature","geometry":{"coordinates":[110.4160618,-7.6989444],"type":"Point"},"properties":{"fid":5790,"NAMA":"APOTEK K-24 BESI SLEMAN","TIPE_1":"KESEHATAN DAN PENGOBATAN","TIPE_2":"APOTEK","TIPE_3":"-","TELEPON":"0811-2982-547","ALAMAT":"JL. KALIURANG KM 13, BLK. B NO.10 5, BESI, SUKOHARJO, KEC. NGAGLIK, KABUPATEN SLEMAN, DAERAH ISTIMEWA YOGYAKARTA 55581","ID_PROV":"34","PROVINSI":"DAERAH ISTIMEWA YOGYAKARTA","ID_KABKOT":"34.04","KABKOT":"SLEMAN","ID_KEC":"34.04.12","KECAMATAN":"NGAGLIK","ID_DESA":"34.04.12.2005","DESA":"SARDONOHARJO","LONGITUDE":110.4160618,"LATITUDE":-7.6989444,"STATUS":"BUKA","TANGGAL PENGUMPULAN":"Q1 2024","TANGGAL UPDATE":"28/02/2025"}},{"type":"Feature","geometry":{"coordinates":[110.4184673,-7.667496],"type":"Point"},"properties":{"fid":5791,"NAMA":"APOTEK K-24 PAKEM SLEMAN","TIPE_1":"KESEHATAN DAN PENGOBATAN","TIPE_2":"APOTEK","TIPE_3":"-","TELEPON":"0813-2606-8755","ALAMAT":"JALAN KALIURANG KM.17 NO.2E PAKEMBINANGUN PAKEM SLEMAN YOGYAKARTA, SUKANAN, PAKEMBINANGUN, PAKEM, YOGYAKARTA, SPECIAL REGION OF YOGYAKARTA 55582","ID_PROV":"34","PROVINSI":"DAERAH ISTIMEWA YOGYAKARTA","ID_KABKOT":"34.04","KABKOT":"SLEMAN","ID_KEC":"34.04.16","KECAMATAN":"PAKEM","ID_DESA":"34.04.16.2004","DESA":"PAKEMBINANGUN","LONGITUDE":110.4184673,"LATITUDE":-7.667496,"STATUS":"BUKA","TANGGAL PENGUMPULAN":"Q1 2024","TANGGAL UPDATE":"28/02/2025"}},{"type":"Feature","geometry":{"coordinates":[110.4477417,-7.7009568],"type":"Point"},"properties":{"fid":5792,"NAMA":"APOTEK WIDIGDO 3","TIPE_1":"KESEHATAN DAN PENGOBATAN","TIPE_2":"APOTEK","TIPE_3":"-","TELEPON":"0813-9389-1945","ALAMAT":"JANGKANG, WIDODOMARTANI, NGEMPLAK, SLEMAN REGENCY, SPECIAL REGION OF YOGYAKARTA 55584","ID_PROV":"34","PROVINSI":"DAERAH ISTIMEWA YOGYAKARTA","ID_KABKOT":"34.04","KABKOT":"SLEMAN","ID_KEC":"34.04.11","KECAMATAN":"NGEMPLAK","ID_DESA":"34.04.11.2003","DESA":"WIDODOMARTANI","LONGITUDE":110.4477417,"LATITUDE":-7.7009568,"STATUS":"BUKA","TANGGAL PENGUMPULAN":"Q1 2024","TANGGAL UPDATE":"28/02/2025"}},{"type":"Feature","geometry":{"coordinates":[110.4196614,-7.6646158],"type":"Point"},"properties":{"fid":5793,"NAMA":"APOTEK BINANGUN","TIPE_1":"KESEHATAN DAN PENGOBATAN","TIPE_2":"APOTEK","TIPE_3":"-","TELEPON":"0856-9206-7059","ALAMAT":"JL. KALIURANG NO.15B, AREA SAWAH, PAKEMBINANGUN, KEC. PAKEM, KABUPATEN SLEMAN, DAERAH ISTIMEWA YOGYAKARTA 55582","ID_PROV":"34","PROVINSI":"DAERAH ISTIMEWA YOGYAKARTA","ID_KABKOT":"34.04","KABKOT":"SLEMAN","ID_KEC":"34.04.16","KECAMATAN":"PAKEM","ID_DESA":"34.04.16.2004","DESA":"PAKEMBINANGUN","LONGITUDE":110.4196614,"LATITUDE":-7.6646158,"STATUS":"BUKA","TANGGAL PENGUMPULAN":"Q1 2024","TANGGAL UPDATE":"28/02/2025"}},{"type":"Feature","geometry":{"coordinates":[110.4482408,-7.753281],"type":"Point"},"properties":{"fid":5794,"NAMA":"APOTEK KARYA FARMA","TIPE_1":"KESEHATAN DAN PENGOBATAN","TIPE_2":"APOTEK","TIPE_3":"-","TELEPON":"0821-1112-7357","ALAMAT":"JL. PURWOMARTANI, KADISOKO, PURWOMARTANI, KEC. KALASAN, KABUPATEN SLEMAN, DAERAH ISTIMEWA YOGYAKARTA 55281","ID_PROV":"34","PROVINSI":"DAERAH ISTIMEWA YOGYAKARTA","ID_KABKOT":"34.04","KABKOT":"SLEMAN","ID_KEC":"34.04.10","KECAMATAN":"KALASAN","ID_DESA":"34.04.10.2001","DESA":"PURWOMARTANI","LONGITUDE":110.4482408,"LATITUDE":-7.753281,"STATUS":"BUKA","TANGGAL PENGUMPULAN":"Q1 2024","TANGGAL UPDATE":"28/02/2025"}},{"type":"Feature","geometry":{"coordinates":[110.4424602,-7.7528657],"type":"Point"},"properties":{"fid":5795,"NAMA":"APOTEK K-24 KADISOKA SLEMAN","TIPE_1":"KESEHATAN DAN PENGOBATAN","TIPE_2":"APOTEK","TIPE_3":"-","TELEPON":"0813-8664-7634","ALAMAT":"PERUMAHAN SOKA ASRI PERMAI NO.8 BLOK N, KADISOKO, PURWOMARTANI, KEC. KALASAN, KABUPATEN SLEMAN, DAERAH ISTIMEWA YOGYAKARTA 55281","ID_PROV":"34","PROVINSI":"DAERAH ISTIMEWA YOGYAKARTA","ID_KABKOT":"34.04","KABKOT":"SLEMAN","ID_KEC":"34.04.10","KECAMATAN":"KALASAN","ID_DESA":"34.04.10.2001","DESA":"PURWOMARTANI","LONGITUDE":110.4424602,"LATITUDE":-7.7528657,"STATUS":"BUKA","TANGGAL PENGUMPULAN":"Q1 2024","TANGGAL UPDATE":"28/02/2025"}},{"type":"Feature","geometry":{"coordinates":[110.4463458,-7.7026524],"type":"Point"},"properties":{"fid":5796,"NAMA":"APOTEK KUSUMA SEHAT","TIPE_1":"KESEHATAN DAN PENGOBATAN","TIPE_2":"APOTEK","TIPE_3":"-","TELEPON":"","ALAMAT":"JL. BESI JANGKANG, JETIS, WIDODOMARTANI, KEC. NGEMPLAK, KABUPATEN SLEMAN, DAERAH ISTIMEWA YOGYAKARTA 55584","ID_PROV":"34","PROVINSI":"DAERAH ISTIMEWA YOGYAKARTA","ID_KABKOT":"34.04","KABKOT":"SLEMAN","ID_KEC":"34.04.11","KECAMATAN":"NGEMPLAK","ID_DESA":"34.04.11.2003","DESA":"WIDODOMARTANI","LONGITUDE":110.4463458,"LATITUDE":-7.7026524,"STATUS":"BUKA","TANGGAL PENGUMPULAN":"Q1 2024","TANGGAL UPDATE":"28/02/2025"}},{"type":"Feature","geometry":{"coordinates":[110.4631587,-7.7002075],"type":"Point"},"properties":{"fid":5797,"NAMA":"APOTEK TIGA R","TIPE_1":"KESEHATAN DAN PENGOBATAN","TIPE_2":"APOTEK","TIPE_3":"-","TELEPON":"0821-3433-4347","ALAMAT":"PURWOBINANGUN, RT.01/RW.012, BIMOMARTANI, KEC. NGEMPLAK, KABUPATEN SLEMAN, DAERAH ISTIMEWA YOGYAKARTA 55584","ID_PROV":"34","PROVINSI":"DAERAH ISTIMEWA YOGYAKARTA","ID_KABKOT":"34.04","KABKOT":"SLEMAN","ID_KEC":"34.04.11","KECAMATAN":"NGEMPLAK","ID_DESA":"34.04.11.2002","DESA":"BIMOMARTANI","LONGITUDE":110.4631587,"LATITUDE":-7.7002075,"STATUS":"BUKA","TANGGAL PENGUMPULAN":"Q1 2024","TANGGAL UPDATE":"28/02/2025"}},{"type":"Feature","geometry":{"coordinates":[110.4191254,-7.6838759],"type":"Point"},"properties":{"fid":5798,"NAMA":"APOTEK FORMULA FARMA","TIPE_1":"KESEHATAN DAN PENGOBATAN","TIPE_2":"APOTEK","TIPE_3":"-","TELEPON":"(0274) 898327","ALAMAT":"JL. KALIURANG JL. DEGOLAN NO.KM 14.5, NGEMPLAK, UMBULMARTANI, KEC. NGEMPLAK, KABUPATEN SLEMAN, DAERAH ISTIMEWA YOGYAKARTA 55584","ID_PROV":"34","PROVINSI":"DAERAH ISTIMEWA YOGYAKARTA","ID_KABKOT":"34.04","KABKOT":"SLEMAN","ID_KEC":"34.04.11","KECAMATAN":"NGEMPLAK","ID_DESA":"34.04.11.2005","DESA":"UMBULMARTANI","LONGITUDE":110.4191254,"LATITUDE":-7.6838759,"STATUS":"BUKA","TANGGAL PENGUMPULAN":"Q1 2024","TANGGAL UPDATE":"28/02/2025"}},{"type":"Feature","geometry":{"coordinates":[110.4036923,-7.7196848],"type":"Point"},"properties":{"fid":6379,"NAMA":"APOTEK K-24 NGAGLIK SLEMAN","TIPE_1":"KESEHATAN DAN PENGOBATAN","TIPE_2":"APOTEK","TIPE_3":"-","TELEPON":"(0274) 2836194","ALAMAT":"GENTAN, JL. KALIURANG KM. 10 NO. 9A, SINDUHARJO, KEC. NGAGLIK, KABUPATEN SLEMAN, DAERAH ISTIMEWA YOGYAKARTA 55581","ID_PROV":"34","PROVINSI":"DAERAH ISTIMEWA YOGYAKARTA","ID_KABKOT":"34.04","KABKOT":"SLEMAN","ID_KEC":"34.04.12","KECAMATAN":"NGAGLIK","ID_DESA":"34.04.12.2003","DESA":"SINDUHARJO","LONGITUDE":110.4036923,"LATITUDE":-7.7196848,"STATUS":"BUKA","TANGGAL PENGUMPULAN":"Q1 2024","TANGGAL UPDATE":"28/02/2025"}},{"type":"Feature","geometry":{"coordinates":[110.4085882,-7.7113453],"type":"Point"},"properties":{"fid":6380,"NAMA":"APOTEK ANNISA","TIPE_1":"KESEHATAN DAN PENGOBATAN","TIPE_2":"APOTEK","TIPE_3":"-","TELEPON":"","ALAMAT":"JL. KALIURANG, PEDAK, SINDUHARJO, KEC. NGAGLIK, KABUPATEN SLEMAN, DAERAH ISTIMEWA YOGYAKARTA 55581","ID_PROV":"34","PROVINSI":"DAERAH ISTIMEWA YOGYAKARTA","ID_KABKOT":"34.04","KABKOT":"SLEMAN","ID_KEC":"34.04.12","KECAMATAN":"NGAGLIK","ID_DESA":"34.04.12.2003","DESA":"SINDUHARJO","LONGITUDE":110.4085882,"LATITUDE":-7.7113453,"STATUS":"BUKA","TANGGAL PENGUMPULAN":"Q1 2024","TANGGAL UPDATE":"28/02/2025"}},{"type":"Feature","geometry":{"coordinates":[110.4517468,-7.7297203],"type":"Point"},"properties":{"fid":6382,"NAMA":"APOTEK AIRA","TIPE_1":"KESEHATAN DAN PENGOBATAN","TIPE_2":"APOTEK","TIPE_3":"-","TELEPON":"","ALAMAT":"DEMANGAN, SELOMARTANI, KEC. KALASAN, KABUPATEN SLEMAN, DAERAH ISTIMEWA YOGYAKARTA 55571","ID_PROV":"34","PROVINSI":"DAERAH ISTIMEWA YOGYAKARTA","ID_KABKOT":"34.04","KABKOT":"SLEMAN","ID_KEC":"34.04.10","KECAMATAN":"KALASAN","ID_DESA":"34.04.10.2004","DESA":"SELOMARTANI","LONGITUDE":110.4517468,"LATITUDE":-7.7297203,"STATUS":"BUKA","TANGGAL PENGUMPULAN":"Q1 2024","TANGGAL UPDATE":"28/02/2025"}},{"type":"Feature","geometry":{"coordinates":[110.4338743,-7.7049644],"type":"Point"},"properties":{"fid":6384,"NAMA":"P&B PHARMACY AND BEAUTY","TIPE_1":"KESEHATAN DAN PENGOBATAN","TIPE_2":"APOTEK","TIPE_3":"-","TELEPON":"0821-3768-6373","ALAMAT":"JL. BESI JANGKANG, KARANGLO, SUKOHARJO, KEC. NGAGLIK, KABUPATEN SLEMAN, DAERAH ISTIMEWA YOGYAKARTA","ID_PROV":"34","PROVINSI":"DAERAH ISTIMEWA YOGYAKARTA","ID_KABKOT":"34.04","KABKOT":"SLEMAN","ID_KEC":"34.04.12","KECAMATAN":"NGAGLIK","ID_DESA":"34.04.12.2004","DESA":"SUKOHARJO","LONGITUDE":110.4338743,"LATITUDE":-7.7049644,"STATUS":"BUKA","TANGGAL PENGUMPULAN":"Q1 2024","TANGGAL UPDATE":"28/02/2025"}},{"type":"Feature","geometry":{"coordinates":[110.3770999,-7.7204588],"type":"Point"},"properties":{"fid":6458,"NAMA":"APOTEK GHANI MEDIKA","TIPE_1":"KESEHATAN DAN PENGOBATAN","TIPE_2":"APOTEK","TIPE_3":"-","TELEPON":"","ALAMAT":"JL. GITO GATI NO.0, GODANG LEGI, SARIHARJO, KEC. NGAGLIK, KABUPATEN SLEMAN, DAERAH ISTIMEWA YOGYAKARTA 55581","ID_PROV":"34","PROVINSI":"DAERAH ISTIMEWA YOGYAKARTA","ID_KABKOT":"34.04","KABKOT":"SLEMAN","ID_KEC":"34.04.12","KECAMATAN":"NGAGLIK","ID_DESA":"34.04.12.2001","DESA":"SARIHARJO","LONGITUDE":110.3770999,"LATITUDE":-7.7204588,"STATUS":"BUKA","TANGGAL PENGUMPULAN":"Q1 2024","TANGGAL UPDATE":"28/02/2025"}},{"type":"Feature","geometry":{"coordinates":[110.3767975,-7.6529576],"type":"Point"},"properties":{"fid":6460,"NAMA":"APOTEK ASTHAR FARMA 2","TIPE_1":"KESEHATAN DAN PENGOBATAN","TIPE_2":"APOTEK","TIPE_3":"-","TELEPON":"","ALAMAT":"JL. TEMPEL PULOWATU, TURI, DONOKERTO, KEC. TURI, KABUPATEN SLEMAN, DAERAH ISTIMEWA YOGYAKARTA 55551","ID_PROV":"34","PROVINSI":"DAERAH ISTIMEWA YOGYAKARTA","ID_KABKOT":"34.04","KABKOT":"SLEMAN","ID_KEC":"34.04.15","KECAMATAN":"TURI","ID_DESA":"34.04.15.2002","DESA":"DONOKERTO","LONGITUDE":110.3767975,"LATITUDE":-7.6529576,"STATUS":"BUKA","TANGGAL PENGUMPULAN":"Q1 2024","TANGGAL UPDATE":"28/02/2025"}},{"type":"Feature","geometry":{"coordinates":[110.3936708,-7.7370085],"type":"Point"},"properties":{"fid":6462,"NAMA":"APOTEK K-24 DAYU SLEMAN","TIPE_1":"KESEHATAN DAN PENGOBATAN","TIPE_2":"APOTEK","TIPE_3":"-","TELEPON":"0823-2351-9955","ALAMAT":"JL. KALIURANG PRUJAKAN KM 8, TAMBAKAN, SINDUHARJO, KEC. NGAGLIK, KABUPATEN SLEMAN, DAERAH ISTIMEWA YOGYAKARTA 55283","ID_PROV":"34","PROVINSI":"DAERAH ISTIMEWA YOGYAKARTA","ID_KABKOT":"34.04","KABKOT":"SLEMAN","ID_KEC":"34.04.12","KECAMATAN":"NGAGLIK","ID_DESA":"34.04.12.2003","DESA":"SINDUHARJO","LONGITUDE":110.3936708,"LATITUDE":-7.7370085,"STATUS":"BUKA","TANGGAL PENGUMPULAN":"Q1 2024","TANGGAL UPDATE":"28/02/2025"}},{"type":"Feature","geometry":{"coordinates":[110.4071221,-7.7439965],"type":"Point"},"properties":{"fid":6463,"NAMA":"APOTEK ANEKA SYIFA","TIPE_1":"KESEHATAN DAN PENGOBATAN","TIPE_2":"APOTEK","TIPE_3":"-","TELEPON":"(0274) 882644","ALAMAT":"JL. KAKAP RAYA, MLADANGAN, MINOMARTANI, KEC. NGAGLIK, KABUPATEN SLEMAN, DAERAH ISTIMEWA YOGYAKARTA 55581","ID_PROV":"34","PROVINSI":"DAERAH ISTIMEWA YOGYAKARTA","ID_KABKOT":"34.04","KABKOT":"SLEMAN","ID_KEC":"34.04.12","KECAMATAN":"NGAGLIK","ID_DESA":"34.04.12.2002","DESA":"MINOMARTANI","LONGITUDE":110.4071221,"LATITUDE":-7.7439965,"STATUS":"BUKA","TANGGAL PENGUMPULAN":"Q1 2024","TANGGAL UPDATE":"28/02/2025"}},{"type":"Feature","geometry":{"coordinates":[110.434473,-7.7352948],"type":"Point"},"properties":{"fid":6464,"NAMA":"APOTEK NIRMALA","TIPE_1":"KESEHATAN DAN PENGOBATAN","TIPE_2":"APOTEK","TIPE_3":"-","TELEPON":"0852-2735-2069","ALAMAT":"JL. RAYA TAJEM, KENAYAN, WEDOMARTANI, KEC. NGEMPLAK, KABUPATEN SLEMAN, DAERAH ISTIMEWA YOGYAKARTA 55282","ID_PROV":"34","PROVINSI":"DAERAH ISTIMEWA YOGYAKARTA","ID_KABKOT":"34.04","KABKOT":"SLEMAN","ID_KEC":"34.04.11","KECAMATAN":"NGEMPLAK","ID_DESA":"34.04.11.2004","DESA":"WEDOMARTANI","LONGITUDE":110.434473,"LATITUDE":-7.7352948,"STATUS":"BUKA","TANGGAL PENGUMPULAN":"Q1 2024","TANGGAL UPDATE":"28/02/2025"}},{"type":"Feature","geometry":{"coordinates":[110.3775368,-7.6517537],"type":"Point"},"properties":{"fid":6465,"NAMA":"APOTEK GIRI FARMA","TIPE_1":"KESEHATAN DAN PENGOBATAN","TIPE_2":"APOTEK","TIPE_3":"-","TELEPON":"0822-4234-0961","ALAMAT":"JL. PAKEM - TURI, TURI, DONOKERTO, KEC. TURI, KABUPATEN SLEMAN, DAERAH ISTIMEWA YOGYAKARTA 55551","ID_PROV":"34","PROVINSI":"DAERAH ISTIMEWA YOGYAKARTA","ID_KABKOT":"34.04","KABKOT":"SLEMAN","ID_KEC":"34.04.15","KECAMATAN":"TURI","ID_DESA":"34.04.15.2002","DESA":"DONOKERTO","LONGITUDE":110.3775368,"LATITUDE":-7.6517537,"STATUS":"BUKA","TANGGAL PENGUMPULAN":"Q1 2024","TANGGAL UPDATE":"28/02/2025"}},{"type":"Feature","geometry":{"coordinates":[110.4715811,-7.7397147],"type":"Point"},"properties":{"fid":6466,"NAMA":"APOTEK NABILA FARMA","TIPE_1":"KESEHATAN DAN PENGOBATAN","TIPE_2":"APOTEK","TIPE_3":"-","TELEPON":"","ALAMAT":"KEDULAN, TIRTOMARTANI, KEC. KALASAN, KABUPATEN SLEMAN, DAERAH ISTIMEWA YOGYAKARTA 55571","ID_PROV":"34","PROVINSI":"DAERAH ISTIMEWA YOGYAKARTA","ID_KABKOT":"34.04","KABKOT":"SLEMAN","ID_KEC":"34.04.10","KECAMATAN":"KALASAN","ID_DESA":"34.04.10.2002","DESA":"TIRTOMARTANI","LONGITUDE":110.4715811,"LATITUDE":-7.7397147,"STATUS":"BUKA","TANGGAL PENGUMPULAN":"Q1 2024","TANGGAL UPDATE":"28/02/2025"}},{"type":"Feature","geometry":{"coordinates":[110.4160964,-7.728426],"type":"Point"},"properties":{"fid":6467,"NAMA":"APOTEK KRAPYAK FARMA","TIPE_1":"KESEHATAN DAN PENGOBATAN","TIPE_2":"APOTEK","TIPE_3":"-","TELEPON":"0857-2778-4580","ALAMAT":"JL. KARANGMOJO, BAKUNGAN, WEDOMARTANI, KEC. NGEMPLAK, KABUPATEN SLEMAN, DAERAH ISTIMEWA YOGYAKARTA 55584","ID_PROV":"34","PROVINSI":"DAERAH ISTIMEWA YOGYAKARTA","ID_KABKOT":"34.04","KABKOT":"SLEMAN","ID_KEC":"34.04.11","KECAMATAN":"NGEMPLAK","ID_DESA":"34.04.11.2004","DESA":"WEDOMARTANI","LONGITUDE":110.4160964,"LATITUDE":-7.728426,"STATUS":"BUKA","TANGGAL PENGUMPULAN":"Q1 2024","TANGGAL UPDATE":"28/02/2025"}},{"type":"Feature","geometry":{"coordinates":[110.4047378,-7.7179289],"type":"Point"},"properties":{"fid":6468,"NAMA":"APOTEK UNISIA 24 GENTAN","TIPE_1":"KESEHATAN DAN PENGOBATAN","TIPE_2":"APOTEK","TIPE_3":"-","TELEPON":"(0274) 888374","ALAMAT":"JALAN KALIURANG NO.KM 10 NO.13, GENTAN, SINDUHARJO, KEC. NGAGLIK, KABUPATEN SLEMAN, DAERAH ISTIMEWA YOGYAKARTA 55581","ID_PROV":"34","PROVINSI":"DAERAH ISTIMEWA YOGYAKARTA","ID_KABKOT":"34.04","KABKOT":"SLEMAN","ID_KEC":"34.04.12","KECAMATAN":"NGAGLIK","ID_DESA":"34.04.12.2003","DESA":"SINDUHARJO","LONGITUDE":110.4047378,"LATITUDE":-7.7179289,"STATUS":"BUKA","TANGGAL PENGUMPULAN":"Q1 2024","TANGGAL UPDATE":"28/02/2025"}},{"type":"Feature","geometry":{"coordinates":[110.3887135,-7.7098337],"type":"Point"},"properties":{"fid":6469,"NAMA":"APOTEK ANEKA SYIFA 1","TIPE_1":"KESEHATAN DAN PENGOBATAN","TIPE_2":"APOTEK","TIPE_3":"-","TELEPON":"0812-2865-3066","ALAMAT":"JALAN PASAR, JL. REJODANI BLK. II, TAMBAK REJO, SARIHARJO, KEC. NGAGLIK, KABUPATEN SLEMAN, DAERAH ISTIMEWA YOGYAKARTA 55581","ID_PROV":"34","PROVINSI":"DAERAH ISTIMEWA YOGYAKARTA","ID_KABKOT":"34.04","KABKOT":"SLEMAN","ID_KEC":"34.04.12","KECAMATAN":"NGAGLIK","ID_DESA":"34.04.12.2001","DESA":"SARIHARJO","LONGITUDE":110.3887135,"LATITUDE":-7.7098337,"STATUS":"BUKA","TANGGAL PENGUMPULAN":"Q1 2024","TANGGAL UPDATE":"28/02/2025"}},{"type":"Feature","geometry":{"coordinates":[110.4012927,-7.6600043],"type":"Point"},"properties":{"fid":6470,"NAMA":"MASTER APOTEK","TIPE_1":"KESEHATAN DAN PENGOBATAN","TIPE_2":"APOTEK","TIPE_3":"-","TELEPON":"0813-2840-2828","ALAMAT":"JL RAYA TURI PAKEM KM 2 NO 5, JL. BARATAN, PAKISAJI, CANDIBINANGUN, KEC. PAKEM, KABUPATEN SLEMAN, DAERAH ISTIMEWA YOGYAKARTA 55582","ID_PROV":"34","PROVINSI":"DAERAH ISTIMEWA YOGYAKARTA","ID_KABKOT":"34.04","KABKOT":"SLEMAN","ID_KEC":"34.04.16","KECAMATAN":"PAKEM","ID_DESA":"34.04.16.2002","DESA":"CANDIBINANGUN","LONGITUDE":110.4012927,"LATITUDE":-7.6600043,"STATUS":"BUKA","TANGGAL PENGUMPULAN":"Q1 2024","TANGGAL UPDATE":"28/02/2025"}},{"type":"Feature","geometry":{"coordinates":[110.481222,-7.7362282],"type":"Point"},"properties":{"fid":6471,"NAMA":"APOTEK AKHDAN FARMA","TIPE_1":"KESEHATAN DAN PENGOBATAN","TIPE_2":"APOTEK","TIPE_3":"-","TELEPON":"0851-0154-9050","ALAMAT":"JL. RAYA PRAMBANAN, SENTONO, TAMANMARTANI, KEC. KALASAN, KABUPATEN SLEMAN, DAERAH ISTIMEWA YOGYAKARTA 55571","ID_PROV":"34","PROVINSI":"DAERAH ISTIMEWA YOGYAKARTA","ID_KABKOT":"34.04","KABKOT":"SLEMAN","ID_KEC":"34.04.10","KECAMATAN":"KALASAN","ID_DESA":"34.04.10.2003","DESA":"TAMANMARTANI","LONGITUDE":110.481222,"LATITUDE":-7.7362282,"STATUS":"BUKA","TANGGAL PENGUMPULAN":"Q1 2024","TANGGAL UPDATE":"28/02/2025"}},{"type":"Feature","geometry":{"coordinates":[110.3907827,-7.6768355],"type":"Point"},"properties":{"fid":6472,"NAMA":"APOTEK BALONG","TIPE_1":"KESEHATAN DAN PENGOBATAN","TIPE_2":"APOTEK","TIPE_3":"-","TELEPON":"0851-0997-1900","ALAMAT":"BALONG, DONOHARJO, KEC. NGAGLIK, KABUPATEN SLEMAN, DAERAH ISTIMEWA YOGYAKARTA 55581","ID_PROV":"34","PROVINSI":"DAERAH ISTIMEWA YOGYAKARTA","ID_KABKOT":"34.04","KABKOT":"SLEMAN","ID_KEC":"34.04.12","KECAMATAN":"NGAGLIK","ID_DESA":"34.04.12.2006","DESA":"DONOHARJO","LONGITUDE":110.3907827,"LATITUDE":-7.6768355,"STATUS":"BUKA","TANGGAL PENGUMPULAN":"Q1 2024","TANGGAL UPDATE":"28/02/2025"}},{"type":"Feature","geometry":{"coordinates":[110.4099807,-7.7027157],"type":"Point"},"properties":{"fid":6473,"NAMA":"APOTEK PANDANARAN","TIPE_1":"KESEHATAN DAN PENGOBATAN","TIPE_2":"APOTEK","TIPE_3":"-","TELEPON":"0878-3674-3950","ALAMAT":"PANDANARAN, CANDI WINANGUN, SARDONOHARJO, NGAGLIK, SLEMAN REGENCY, SPECIAL REGION OF YOGYAKARTA 55581","ID_PROV":"34","PROVINSI":"DAERAH ISTIMEWA YOGYAKARTA","ID_KABKOT":"34.04","KABKOT":"SLEMAN","ID_KEC":"34.04.12","KECAMATAN":"NGAGLIK","ID_DESA":"34.04.12.2005","DESA":"SARDONOHARJO","LONGITUDE":110.4099807,"LATITUDE":-7.7027157,"STATUS":"BUKA","TANGGAL PENGUMPULAN":"Q1 2024","TANGGAL UPDATE":"28/02/2025"}},{"type":"Feature","geometry":{"coordinates":[110.3887475,-7.6883656],"type":"Point"},"properties":{"fid":6488,"NAMA":"APOTEK JAYA FARMA","TIPE_1":"KESEHATAN DAN PENGOBATAN","TIPE_2":"APOTEK","TIPE_3":"-","TELEPON":"0811-2652-421","ALAMAT":"JL. PALAGAN TENTARA PELAJAR, KAYUNAN, DONOHARJO, KEC. NGAGLIK, KABUPATEN SLEMAN, DAERAH ISTIMEWA YOGYAKARTA 55581","ID_PROV":"34","PROVINSI":"DAERAH ISTIMEWA YOGYAKARTA","ID_KABKOT":"34.04","KABKOT":"SLEMAN","ID_KEC":"34.04.12","KECAMATAN":"NGAGLIK","ID_DESA":"34.04.12.2006","DESA":"DONOHARJO","LONGITUDE":110.3887475,"LATITUDE":-7.6883656,"STATUS":"BUKA","TANGGAL PENGUMPULAN":"Q1 2024","TANGGAL UPDATE":"28/02/2025"}},{"type":"Feature","geometry":{"coordinates":[110.4115292,-7.6622237],"type":"Point"},"properties":{"fid":6509,"NAMA":"APOTEK BLEMBEM FARMA","TIPE_1":"KESEHATAN DAN PENGOBATAN","TIPE_2":"APOTEK","TIPE_3":"-","TELEPON":"","ALAMAT":"PLEMBON, HARJOBINANGUN, KEC. PAKEM, KABUPATEN SLEMAN, DAERAH ISTIMEWA YOGYAKARTA","ID_PROV":"34","PROVINSI":"DAERAH ISTIMEWA YOGYAKARTA","ID_KABKOT":"34.04","KABKOT":"SLEMAN","ID_KEC":"34.04.16","KECAMATAN":"PAKEM","ID_DESA":"34.04.16.2003","DESA":"HARJOBINANGUN","LONGITUDE":110.4115292,"LATITUDE":-7.6622237,"STATUS":"BUKA","TANGGAL PENGUMPULAN":"Q1 2024","TANGGAL UPDATE":"28/02/2025"}},{"type":"Feature","geometry":{"coordinates":[110.418465,-7.6873638],"type":"Point"},"properties":{"fid":6511,"NAMA":"UNISIA POLIFARMA","TIPE_1":"KESEHATAN DAN PENGOBATAN","TIPE_2":"APOTEK","TIPE_3":"-","TELEPON":"(0274) 898421","ALAMAT":"LODADI, UMBULMARTANI, KEC. NGEMPLAK, KABUPATEN SLEMAN, DAERAH ISTIMEWA YOGYAKARTA 55584","ID_PROV":"34","PROVINSI":"DAERAH ISTIMEWA YOGYAKARTA","ID_KABKOT":"34.04","KABKOT":"SLEMAN","ID_KEC":"34.04.11","KECAMATAN":"NGEMPLAK","ID_DESA":"34.04.11.2005","DESA":"UMBULMARTANI","LONGITUDE":110.418465,"LATITUDE":-7.6873638,"STATUS":"BUKA","TANGGAL PENGUMPULAN":"Q1 2024","TANGGAL UPDATE":"28/02/2025"}},{"type":"Feature","geometry":{"coordinates":[110.4003473,-7.6597306],"type":"Point"},"properties":{"fid":6513,"NAMA":"APOTEK RAJAWALI PAKEM","TIPE_1":"KESEHATAN DAN PENGOBATAN","TIPE_2":"APOTEK","TIPE_3":"-","TELEPON":"0819-3647-9439","ALAMAT":"JL. PAKEM - TURI JL. BARATAN, PAKISAJI, CANDIBINANGUN, KEC. PAKEM, KABUPATEN SLEMAN, DAERAH ISTIMEWA YOGYAKARTA 55582","ID_PROV":"34","PROVINSI":"DAERAH ISTIMEWA YOGYAKARTA","ID_KABKOT":"34.04","KABKOT":"SLEMAN","ID_KEC":"34.04.16","KECAMATAN":"PAKEM","ID_DESA":"34.04.16.2002","DESA":"CANDIBINANGUN","LONGITUDE":110.4003473,"LATITUDE":-7.6597306,"STATUS":"BUKA","TANGGAL PENGUMPULAN":"Q1 2024","TANGGAL UPDATE":"28/02/2025"}},{"type":"Feature","geometry":{"coordinates":[110.4514783,-7.7861479],"type":"Point"},"properties":{"fid":12495,"NAMA":"SASANA GLADEN KANDHA YUWANA","TIPE_1":"KESEHATAN DAN PENGOBATAN","TIPE_2":"APOTEK","TIPE_3":"-","TELEPON":"0813-2597-6220","ALAMAT":"KALIAJIR LOR, KALITIRTO, KEC. BERBAH, KABUPATEN SLEMAN, DAERAH ISTIMEWA YOGYAKARTA 55573","ID_PROV":"34","PROVINSI":"DAERAH ISTIMEWA YOGYAKARTA","ID_KABKOT":"34.04","KABKOT":"SLEMAN","ID_KEC":"34.04.08","KECAMATAN":"BERBAH","ID_DESA":"34.04.08.2003","DESA":"KALITIRTO","LONGITUDE":110.4514783,"LATITUDE":-7.7861479,"STATUS":"BUKA","TANGGAL PENGUMPULAN":"Q1 2024","TANGGAL UPDATE":"28/02/2025"}},{"type":"Feature","geometry":{"coordinates":[110.440543,-7.7833316],"type":"Point"},"properties":{"fid":12496,"NAMA":"APOTEK DWI MEDIKA FARMA","TIPE_1":"KESEHATAN DAN PENGOBATAN","TIPE_2":"APOTEK","TIPE_3":"-","TELEPON":"(0274) 496792","ALAMAT":"JL. RAYA SOLO - YOGYAKARTA NO.KM 10, SOROGENEN, PURWOMARTANI, KEC. KALASAN, KABUPATEN SLEMAN, DAERAH ISTIMEWA YOGYAKARTA 55282","ID_PROV":"34","PROVINSI":"DAERAH ISTIMEWA YOGYAKARTA","ID_KABKOT":"34.04","KABKOT":"SLEMAN","ID_KEC":"34.04.10","KECAMATAN":"KALASAN","ID_DESA":"34.04.10.2001","DESA":"PURWOMARTANI","LONGITUDE":110.440543,"LATITUDE":-7.7833316,"STATUS":"BUKA","TANGGAL PENGUMPULAN":"Q1 2024","TANGGAL UPDATE":"28/02/2025"}},{"type":"Feature","geometry":{"coordinates":[110.4302949,-7.7833514],"type":"Point"},"properties":{"fid":12498,"NAMA":"APOTEK KIMIA FARMA MAGUWO","TIPE_1":"KESEHATAN DAN PENGOBATAN","TIPE_2":"APOTEK","TIPE_3":"-","TELEPON":"0895-7011-28448","ALAMAT":"JL. RAYA SOLO - YOGYAKARTA, KEMBANG, MAGUWOHARJO, KEC. DEPOK, KABUPATEN SLEMAN, DAERAH ISTIMEWA YOGYAKARTA 55282","ID_PROV":"34","PROVINSI":"DAERAH ISTIMEWA YOGYAKARTA","ID_KABKOT":"34.04","KABKOT":"SLEMAN","ID_KEC":"34.04.07","KECAMATAN":"DEPOK","ID_DESA":"34.04.07.2002","DESA":"MAGUWOHARJO","LONGITUDE":110.4302949,"LATITUDE":-7.7833514,"STATUS":"BUKA","TANGGAL PENGUMPULAN":"Q1 2024","TANGGAL UPDATE":"28/02/2025"}},{"type":"Feature","geometry":{"coordinates":[110.4255148,-7.8063476],"type":"Point"},"properties":{"fid":12499,"NAMA":"JAMBIDAN FARMA","TIPE_1":"KESEHATAN DAN PENGOBATAN","TIPE_2":"APOTEK","TIPE_3":"-","TELEPON":"","ALAMAT":"GG. KENANGA, MOJOKERTEN, SENDANGTIRTO, KEC. BERBAH, KABUPATEN SLEMAN, DAERAH ISTIMEWA YOGYAKARTA 55573","ID_PROV":"34","PROVINSI":"DAERAH ISTIMEWA YOGYAKARTA","ID_KABKOT":"34.04","KABKOT":"SLEMAN","ID_KEC":"34.04.08","KECAMATAN":"BERBAH","ID_DESA":"34.04.08.2001","DESA":"SENDANGTIRTO","LONGITUDE":110.4255148,"LATITUDE":-7.8063476,"STATUS":"BUKA","TANGGAL PENGUMPULAN":"Q1 2024","TANGGAL UPDATE":"28/02/2025"}},{"type":"Feature","geometry":{"coordinates":[110.4555888,-7.8087811],"type":"Point"},"properties":{"fid":12530,"NAMA":"HERBAL K-LINK","TIPE_1":"KESEHATAN DAN PENGOBATAN","TIPE_2":"APOTEK","TIPE_3":"-","TELEPON":"0858-6888-0667","ALAMAT":"SUMBER KIDUL, KALITIRTO, KEC. BERBAH, KABUPATEN SLEMAN, DAERAH ISTIMEWA YOGYAKARTA 55573","ID_PROV":"34","PROVINSI":"DAERAH ISTIMEWA YOGYAKARTA","ID_KABKOT":"34.04","KABKOT":"SLEMAN","ID_KEC":"34.04.08","KECAMATAN":"BERBAH","ID_DESA":"34.04.08.2003","DESA":"KALITIRTO","LONGITUDE":110.4555888,"LATITUDE":-7.8087811,"STATUS":"BUKA","TANGGAL PENGUMPULAN":"Q1 2024","TANGGAL UPDATE":"28/02/2025"}},{"type":"Feature","geometry":{"coordinates":[110.46363,-7.7883025],"type":"Point"},"properties":{"fid":12531,"NAMA":"APOTEK KINCIR MAS","TIPE_1":"KESEHATAN DAN PENGOBATAN","TIPE_2":"APOTEK","TIPE_3":"-","TELEPON":"","ALAMAT":"JREBESAN, KALITIRTO, KEC. BERBAH, KABUPATEN SLEMAN, DAERAH ISTIMEWA YOGYAKARTA 55573","ID_PROV":"34","PROVINSI":"DAERAH ISTIMEWA YOGYAKARTA","ID_KABKOT":"34.04","KABKOT":"SLEMAN","ID_KEC":"34.04.08","KECAMATAN":"BERBAH","ID_DESA":"34.04.08.2003","DESA":"KALITIRTO","LONGITUDE":110.46363,"LATITUDE":-7.7883025,"STATUS":"BUKA","TANGGAL PENGUMPULAN":"Q1 2024","TANGGAL UPDATE":"28/02/2025"}},{"type":"Feature","geometry":{"coordinates":[110.4828186,-7.8035919],"type":"Point"},"properties":{"fid":12532,"NAMA":"APOTEK AL FAZZA 1","TIPE_1":"KESEHATAN DAN PENGOBATAN","TIPE_2":"APOTEK","TIPE_3":"-","TELEPON":"","ALAMAT":"JL. RAYA PIYUNGAN - PRAMBANAN, BELORAN, MADUREJO, PRAMBANAN, SLEMAN REGENCY, SPECIAL REGION OF YOGYAKARTA 55572","ID_PROV":"34","PROVINSI":"DAERAH ISTIMEWA YOGYAKARTA","ID_KABKOT":"34.04","KABKOT":"SLEMAN","ID_KEC":"34.04.09","KECAMATAN":"PRAMBANAN","ID_DESA":"34.04.09.2005","DESA":"MADUREJO","LONGITUDE":110.4828186,"LATITUDE":-7.8035919,"STATUS":"BUKA","TANGGAL PENGUMPULAN":"Q1 2024","TANGGAL UPDATE":"28/02/2025"}},{"type":"Feature","geometry":{"coordinates":[110.4335287,-7.802192],"type":"Point"},"properties":{"fid":12533,"NAMA":"APOTEK HABSYI FARMA","TIPE_1":"KESEHATAN DAN PENGOBATAN","TIPE_2":"APOTEK","TIPE_3":"-","TELEPON":"","ALAMAT":"JL. BERBAH RAYA, MEREDEN, SENDANGTIRTO, KEC. BERBAH, KABUPATEN SLEMAN, DAERAH ISTIMEWA YOGYAKARTA 55281","ID_PROV":"34","PROVINSI":"DAERAH ISTIMEWA YOGYAKARTA","ID_KABKOT":"34.04","KABKOT":"SLEMAN","ID_KEC":"34.04.08","KECAMATAN":"BERBAH","ID_DESA":"34.04.08.2001","DESA":"SENDANGTIRTO","LONGITUDE":110.4335287,"LATITUDE":-7.802192,"STATUS":"BUKA","TANGGAL PENGUMPULAN":"Q1 2024","TANGGAL UPDATE":"28/02/2025"}},{"type":"Feature","geometry":{"coordinates":[110.449699,-7.782927],"type":"Point"},"properties":{"fid":12534,"NAMA":"TYAS AVAIL","TIPE_1":"KESEHATAN DAN PENGOBATAN","TIPE_2":"APOTEK","TIPE_3":"-","TELEPON":"0816-687-758","ALAMAT":"MANGUNAN, KALITIRTO, KEC. BERBAH, KABUPATEN SLEMAN, DAERAH ISTIMEWA YOGYAKARTA 55573","ID_PROV":"34","PROVINSI":"DAERAH ISTIMEWA YOGYAKARTA","ID_KABKOT":"34.04","KABKOT":"SLEMAN","ID_KEC":"34.04.08","KECAMATAN":"BERBAH","ID_DESA":"34.04.08.2003","DESA":"KALITIRTO","LONGITUDE":110.449699,"LATITUDE":-7.782927,"STATUS":"BUKA","TANGGAL PENGUMPULAN":"Q1 2024","TANGGAL UPDATE":"28/02/2025"}},{"type":"Feature","geometry":{"coordinates":[110.4414532,-7.8276793],"type":"Point"},"properties":{"fid":12535,"NAMA":"APOTEK SARI FARMA","TIPE_1":"KESEHATAN DAN PENGOBATAN","TIPE_2":"APOTEK","TIPE_3":"-","TELEPON":"","ALAMAT":"JL WONOSARI KM10, KUNCEN, TEGALTIRTO, KEC. BERBAH, KABUPATEN SLEMAN, DAERAH ISTIMEWA YOGYAKARTA 55573","ID_PROV":"34","PROVINSI":"DAERAH ISTIMEWA YOGYAKARTA","ID_KABKOT":"34.04","KABKOT":"SLEMAN","ID_KEC":"34.04.08","KECAMATAN":"BERBAH","ID_DESA":"34.04.08.2002","DESA":"TEGALTIRTO","LONGITUDE":110.4414532,"LATITUDE":-7.8276793,"STATUS":"BUKA","TANGGAL PENGUMPULAN":"Q1 2024","TANGGAL UPDATE":"28/02/2025"}},{"type":"Feature","geometry":{"coordinates":[110.4255286,-7.8108402],"type":"Point"},"properties":{"fid":12536,"NAMA":"APOTEK PRADIPA","TIPE_1":"KESEHATAN DAN PENGOBATAN","TIPE_2":"APOTEK","TIPE_3":"-","TELEPON":"0853-4515-8403","ALAMAT":"KLODONGAN, SENDANGTIRTO, KEC. BERBAH, KABUPATEN SLEMAN, DAERAH ISTIMEWA YOGYAKARTA 55573","ID_PROV":"34","PROVINSI":"DAERAH ISTIMEWA YOGYAKARTA","ID_KABKOT":"34.04","KABKOT":"SLEMAN","ID_KEC":"34.04.08","KECAMATAN":"BERBAH","ID_DESA":"34.04.08.2001","DESA":"SENDANGTIRTO","LONGITUDE":110.4255286,"LATITUDE":-7.8108402,"STATUS":"BUKA","TANGGAL PENGUMPULAN":"Q1 2024","TANGGAL UPDATE":"28/02/2025"}},{"type":"Feature","geometry":{"coordinates":[110.4476174,-7.7869918],"type":"Point"},"properties":{"fid":13967,"NAMA":"APOTEK GESANG","TIPE_1":"KESEHATAN DAN PENGOBATAN","TIPE_2":"APOTEK","TIPE_3":"-","TELEPON":"0877-1313-3107","ALAMAT":"JL. RAYA BERBAH UTARA, JAGALAN, TEGALTIRTO, KEC. BERBAH, KABUPATEN SLEMAN, DAERAH ISTIMEWA YOGYAKARTA 55573","ID_PROV":"34","PROVINSI":"DAERAH ISTIMEWA YOGYAKARTA","ID_KABKOT":"34.04","KABKOT":"SLEMAN","ID_KEC":"34.04.08","KECAMATAN":"BERBAH","ID_DESA":"34.04.08.2002","DESA":"TEGALTIRTO","LONGITUDE":110.4476174,"LATITUDE":-7.7869918,"STATUS":"BUKA","TANGGAL PENGUMPULAN":"Q1 2024","TANGGAL UPDATE":"28/02/2025"}},{"type":"Feature","geometry":{"coordinates":[110.4416298,-7.8043649],"type":"Point"},"properties":{"fid":13968,"NAMA":"APOTEK BERBAH SEHAT","TIPE_1":"KESEHATAN DAN PENGOBATAN","TIPE_2":"APOTEK","TIPE_3":"-","TELEPON":"0813-9078-9142","ALAMAT":"JL. SANGGRAHAN-BERBAH, BLENDENGAN, TEGALTIRTO, KEC. BERBAH, KABUPATEN SLEMAN, DAERAH ISTIMEWA YOGYAKARTA 55573","ID_PROV":"34","PROVINSI":"DAERAH ISTIMEWA YOGYAKARTA","ID_KABKOT":"34.04","KABKOT":"SLEMAN","ID_KEC":"34.04.08","KECAMATAN":"BERBAH","ID_DESA":"34.04.08.2002","DESA":"TEGALTIRTO","LONGITUDE":110.4416298,"LATITUDE":-7.8043649,"STATUS":"BUKA","TANGGAL PENGUMPULAN":"Q1 2024","TANGGAL UPDATE":"28/02/2025"}},{"type":"Feature","geometry":{"coordinates":[110.440445,-7.827483],"type":"Point"},"properties":{"fid":13969,"NAMA":"APOTEK KIMIA FARMA BERBAH","TIPE_1":"KESEHATAN DAN PENGOBATAN","TIPE_2":"APOTEK","TIPE_3":"-","TELEPON":"0811-1067-8228","ALAMAT":"WONOSARI ST NO.KM.10, DAWUKAN, SENDANGTIRTO, BERBAH, SLEMAN REGENCY, SPECIAL REGION OF YOGYAKARTA 55573","ID_PROV":"34","PROVINSI":"DAERAH ISTIMEWA YOGYAKARTA","ID_KABKOT":"34.04","KABKOT":"SLEMAN","ID_KEC":"34.04.08","KECAMATAN":"BERBAH","ID_DESA":"34.04.08.2001","DESA":"SENDANGTIRTO","LONGITUDE":110.440445,"LATITUDE":-7.827483,"STATUS":"BUKA","TANGGAL PENGUMPULAN":"Q1 2024","TANGGAL UPDATE":"28/02/2025"}},{"type":"Feature","geometry":{"coordinates":[110.4515908,-7.805054],"type":"Point"},"properties":{"fid":13971,"NAMA":"APOTEK HABSYI FARMA","TIPE_1":"KESEHATAN DAN PENGOBATAN","TIPE_2":"APOTEK","TIPE_3":"-","TELEPON":"(0274) 6666997","ALAMAT":"JL. BERBAH - KALASAN, DEMANGAN, KALITIRTO, KEC. BERBAH, KABUPATEN SLEMAN, DAERAH ISTIMEWA YOGYAKARTA 55573","ID_PROV":"34","PROVINSI":"DAERAH ISTIMEWA YOGYAKARTA","ID_KABKOT":"34.04","KABKOT":"SLEMAN","ID_KEC":"34.04.08","KECAMATAN":"BERBAH","ID_DESA":"34.04.08.2003","DESA":"KALITIRTO","LONGITUDE":110.4515908,"LATITUDE":-7.805054,"STATUS":"BUKA","TANGGAL PENGUMPULAN":"Q1 2024","TANGGAL UPDATE":"28/02/2025"}},{"type":"Feature","geometry":{"coordinates":[110.4482472,-7.787756],"type":"Point"},"properties":{"fid":13995,"NAMA":"APOTEK AL FAZZA FARMA","TIPE_1":"KESEHATAN DAN PENGOBATAN","TIPE_2":"APOTEK","TIPE_3":"-","TELEPON":"0812-4700-9308","ALAMAT":"JL. KALIAJIR KIDUL, KALIAJIR KIDUL, KALITIRTO, KEC. BERBAH, KABUPATEN SLEMAN, DAERAH ISTIMEWA YOGYAKARTA 55573","ID_PROV":"34","PROVINSI":"DAERAH ISTIMEWA YOGYAKARTA","ID_KABKOT":"34.04","KABKOT":"SLEMAN","ID_KEC":"34.04.08","KECAMATAN":"BERBAH","ID_DESA":"34.04.08.2003","DESA":"KALITIRTO","LONGITUDE":110.4482472,"LATITUDE":-7.787756,"STATUS":"BUKA","TANGGAL PENGUMPULAN":"Q1 2024","TANGGAL UPDATE":"28/02/2025"}},{"type":"Feature","geometry":{"coordinates":[110.4407324,-7.8042779],"type":"Point"},"properties":{"fid":13997,"NAMA":"APOTEK K-24 BERBAH","TIPE_1":"KESEHATAN DAN PENGOBATAN","TIPE_2":"APOTEK","TIPE_3":"-","TELEPON":"0822-2846-6524","ALAMAT":"KODE POS: 55573, RT.001/RW.010, KRIKILAN, TEGALTIRTO, KEC. BERBAH, KABUPATEN SLEMAN, DAERAH ISTIMEWA YOGYAKARTA 55573","ID_PROV":"34","PROVINSI":"DAERAH ISTIMEWA YOGYAKARTA","ID_KABKOT":"34.04","KABKOT":"SLEMAN","ID_KEC":"34.04.08","KECAMATAN":"BERBAH","ID_DESA":"34.04.08.2002","DESA":"TEGALTIRTO","LONGITUDE":110.4407324,"LATITUDE":-7.8042779,"STATUS":"BUKA","TANGGAL PENGUMPULAN":"Q1 2024","TANGGAL UPDATE":"28/02/2025"}},{"type":"Feature","geometry":{"coordinates":[110.2997313,-7.7691505],"type":"Point"},"properties":{"fid":14416,"NAMA":"APOTEK GODEAN","TIPE_1":"KESEHATAN DAN PENGOBATAN","TIPE_2":"APOTEK","TIPE_3":"-","TELEPON":"0899-0681-054","ALAMAT":"JL. NGAPAK - KENTHENG NO.9,5, AREA SAWAH, SIDOAGUNG, KEC. GODEAN, KABUPATEN SLEMAN, DAERAH ISTIMEWA YOGYAKARTA 55264","ID_PROV":"34","PROVINSI":"DAERAH ISTIMEWA YOGYAKARTA","ID_KABKOT":"34.04","KABKOT":"SLEMAN","ID_KEC":"34.04.02","KECAMATAN":"GODEAN","ID_DESA":"34.04.02.2004","DESA":"SIDOAGUNG","LONGITUDE":110.2997313,"LATITUDE":-7.7691505,"STATUS":"BUKA","TANGGAL PENGUMPULAN":"Q1 2024","TANGGAL UPDATE":"28/02/2025"}},{"type":"Feature","geometry":{"coordinates":[110.3430423,-7.7349023],"type":"Point"},"properties":{"fid":14418,"NAMA":"APOTEK BASUKI JAYA","TIPE_1":"KESEHATAN DAN PENGOBATAN","TIPE_2":"APOTEK","TIPE_3":"-","TELEPON":"0821-3661-4849","ALAMAT":"AREA SAWAH, TLOGOADI, KEC. MLATI, KABUPATEN SLEMAN, DAERAH ISTIMEWA YOGYAKARTA 55286","ID_PROV":"34","PROVINSI":"DAERAH ISTIMEWA YOGYAKARTA","ID_KABKOT":"34.04","KABKOT":"SLEMAN","ID_KEC":"34.04.06","KECAMATAN":"MLATI","ID_DESA":"34.04.06.2003","DESA":"TLOGOADI","LONGITUDE":110.3430423,"LATITUDE":-7.7349023,"STATUS":"BUKA","TANGGAL PENGUMPULAN":"Q1 2024","TANGGAL UPDATE":"28/02/2025"}},{"type":"Feature","geometry":{"coordinates":[110.3156915,-7.7673062],"type":"Point"},"properties":{"fid":14419,"NAMA":"APOTEK AMINAH","TIPE_1":"KESEHATAN DAN PENGOBATAN","TIPE_2":"APOTEK","TIPE_3":"-","TELEPON":"","ALAMAT":"AREA SAWAH, SIDOMOYO, KEC. GODEAN, KABUPATEN SLEMAN, DAERAH ISTIMEWA YOGYAKARTA 55264","ID_PROV":"34","PROVINSI":"DAERAH ISTIMEWA YOGYAKARTA","ID_KABKOT":"34.04","KABKOT":"SLEMAN","ID_KEC":"34.04.02","KECAMATAN":"GODEAN","ID_DESA":"34.04.02.2007","DESA":"SIDOMOYO","LONGITUDE":110.3156915,"LATITUDE":-7.7673062,"STATUS":"BUKA","TANGGAL PENGUMPULAN":"Q1 2024","TANGGAL UPDATE":"28/02/2025"}},{"type":"Feature","geometry":{"coordinates":[110.3128046,-7.7726935],"type":"Point"},"properties":{"fid":14420,"NAMA":"APOTEK RAJENDRA","TIPE_1":"KESEHATAN DAN PENGOBATAN","TIPE_2":"APOTEK","TIPE_3":"-","TELEPON":"0821-3483-5161","ALAMAT":"JL. NGAPAK - KENTHENG NO.59, BANTULAN, SIDOARUM, KEC. GODEAN, KABUPATEN SLEMAN, DAERAH ISTIMEWA YOGYAKARTA 55264","ID_PROV":"34","PROVINSI":"DAERAH ISTIMEWA YOGYAKARTA","ID_KABKOT":"34.04","KABKOT":"SLEMAN","ID_KEC":"34.04.02","KECAMATAN":"GODEAN","ID_DESA":"34.04.02.2005","DESA":"SIDOKARTO","LONGITUDE":110.3128046,"LATITUDE":-7.7726935,"STATUS":"BUKA","TANGGAL PENGUMPULAN":"Q1 2024","TANGGAL UPDATE":"28/02/2025"}},{"type":"Feature","geometry":{"coordinates":[110.3672017,-7.7364037],"type":"Point"},"properties":{"fid":14421,"NAMA":"APOTEK PRIMEDIKA JONGKE","TIPE_1":"KESEHATAN DAN PENGOBATAN","TIPE_2":"APOTEK","TIPE_3":"-","TELEPON":"0851-7527-8877","ALAMAT":"JLN SENDANG ADI 2, RUKO RIVERPARK RESIDEN T4, KABUPATEN SLEMAN, DAERAH ISTIMEWA YOGYAKARTA 55285","ID_PROV":"34","PROVINSI":"DAERAH ISTIMEWA YOGYAKARTA","ID_KABKOT":"34.04","KABKOT":"SLEMAN","ID_KEC":"34.04.06","KECAMATAN":"MLATI","ID_DESA":"34.04.06.2002","DESA":"SENDANGADI","LONGITUDE":110.3672017,"LATITUDE":-7.7364037,"STATUS":"BUKA","TANGGAL PENGUMPULAN":"Q1 2024","TANGGAL UPDATE":"28/02/2025"}},{"type":"Feature","geometry":{"coordinates":[110.296845,-7.782652],"type":"Point"},"properties":{"fid":14422,"NAMA":"APOTEK SALSA","TIPE_1":"KESEHATAN DAN PENGOBATAN","TIPE_2":"APOTEK","TIPE_3":"-","TELEPON":"0878-3815-1813","ALAMAT":"JL. GANCAHAN 6 NO.5, GANCAKAN KULON, SIDOMULYO, KEC. GODEAN, KABUPATEN SLEMAN, DAERAH ISTIMEWA YOGYAKARTA 55264","ID_PROV":"34","PROVINSI":"DAERAH ISTIMEWA YOGYAKARTA","ID_KABKOT":"34.04","KABKOT":"SLEMAN","ID_KEC":"34.04.02","KECAMATAN":"GODEAN","ID_DESA":"34.04.02.2003","DESA":"SIDOMULYO","LONGITUDE":110.296845,"LATITUDE":-7.782652,"STATUS":"BUKA","TANGGAL PENGUMPULAN":"Q1 2024","TANGGAL UPDATE":"28/02/2025"}},{"type":"Feature","geometry":{"coordinates":[110.3208755,-7.7488137],"type":"Point"},"properties":{"fid":14423,"NAMA":"APOTEK SEMANGAT JAYA","TIPE_1":"KESEHATAN DAN PENGOBATAN","TIPE_2":"APOTEK","TIPE_3":"-","TELEPON":"0878-2872-3887","ALAMAT":"JL. CEBONGAN, BELURAN, SIDOMOYO, KEC. GODEAN, KABUPATEN SLEMAN, DAERAH ISTIMEWA YOGYAKARTA 55264","ID_PROV":"34","PROVINSI":"DAERAH ISTIMEWA YOGYAKARTA","ID_KABKOT":"34.04","KABKOT":"SLEMAN","ID_KEC":"34.04.02","KECAMATAN":"GODEAN","ID_DESA":"34.04.02.2007","DESA":"SIDOMOYO","LONGITUDE":110.3208755,"LATITUDE":-7.7488137,"STATUS":"BUKA","TANGGAL PENGUMPULAN":"Q1 2024","TANGGAL UPDATE":"28/02/2025"}},{"type":"Feature","geometry":{"coordinates":[110.3245187,-7.7752473],"type":"Point"},"properties":{"fid":14424,"NAMA":"K-24 GODEAN","TIPE_1":"KESEHATAN DAN PENGOBATAN","TIPE_2":"APOTEK","TIPE_3":"-","TELEPON":"","ALAMAT":"JL. NGAPAK - KENTHENG NO.15, COKRO GEDOK, SIDOARUM, KEC. GODEAN, KABUPATEN SLEMAN, DAERAH ISTIMEWA YOGYAKARTA 55264","ID_PROV":"34","PROVINSI":"DAERAH ISTIMEWA YOGYAKARTA","ID_KABKOT":"34.04","KABKOT":"SLEMAN","ID_KEC":"34.04.02","KECAMATAN":"GODEAN","ID_DESA":"34.04.02.2006","DESA":"SIDOARUM","LONGITUDE":110.3245187,"LATITUDE":-7.7752473,"STATUS":"BUKA","TANGGAL PENGUMPULAN":"Q1 2024","TANGGAL UPDATE":"28/02/2025"}},{"type":"Feature","geometry":{"coordinates":[110.3109453,-7.772343],"type":"Point"},"properties":{"fid":14425,"NAMA":"APOTEK KLAJURAN","TIPE_1":"KESEHATAN DAN PENGOBATAN","TIPE_2":"APOTEK","TIPE_3":"-","TELEPON":"(0274) 6497888","ALAMAT":"JL. NGAPAK - KENTHENG NO.1A, KLAJURAN, SIDOKARTO, KEC. GODEAN, KABUPATEN SLEMAN, DAERAH ISTIMEWA YOGYAKARTA 55264","ID_PROV":"34","PROVINSI":"DAERAH ISTIMEWA YOGYAKARTA","ID_KABKOT":"34.04","KABKOT":"SLEMAN","ID_KEC":"34.04.02","KECAMATAN":"GODEAN","ID_DESA":"34.04.02.2005","DESA":"SIDOKARTO","LONGITUDE":110.3109453,"LATITUDE":-7.772343,"STATUS":"BUKA","TANGGAL PENGUMPULAN":"Q1 2024","TANGGAL UPDATE":"28/02/2025"}},{"type":"Feature","geometry":{"coordinates":[110.2991959,-7.7668366],"type":"Point"},"properties":{"fid":14426,"NAMA":"APOTEK K-24 SATELIT SIDOARUM","TIPE_1":"KESEHATAN DAN PENGOBATAN","TIPE_2":"APOTEK","TIPE_3":"-","TELEPON":"0823-2589-9893","ALAMAT":"","ID_PROV":"34","PROVINSI":"DAERAH ISTIMEWA YOGYAKARTA","ID_KABKOT":"34.04","KABKOT":"SLEMAN","ID_KEC":"34.04.02","KECAMATAN":"GODEAN","ID_DESA":"34.04.02.2004","DESA":"SIDOAGUNG","LONGITUDE":110.2991959,"LATITUDE":-7.7668366,"STATUS":"BUKA","TANGGAL PENGUMPULAN":"Q1 2024","TANGGAL UPDATE":"28/02/2025"}},{"type":"Feature","geometry":{"coordinates":[110.3237587,-7.8009614],"type":"Point"},"properties":{"fid":14427,"NAMA":"JAMU JAWA BU MARYATI","TIPE_1":"KESEHATAN DAN PENGOBATAN","TIPE_2":"APOTEK","TIPE_3":"-","TELEPON":"","ALAMAT":"JL. WATES NO.DEPAN, GAMPING TENGAH, PASAR, KEC. GAMPING, KABUPATEN SLEMAN, DAERAH ISTIMEWA YOGYAKARTA 55294","ID_PROV":"34","PROVINSI":"DAERAH ISTIMEWA YOGYAKARTA","ID_KABKOT":"34.04","KABKOT":"SLEMAN","ID_KEC":"34.04.01","KECAMATAN":"GAMPING","ID_DESA":"34.04.01.2002","DESA":"AMBARKETAWANG","LONGITUDE":110.3237587,"LATITUDE":-7.8009614,"STATUS":"BUKA","TANGGAL PENGUMPULAN":"Q1 2024","TANGGAL UPDATE":"28/02/2025"}},{"type":"Feature","geometry":{"coordinates":[110.2901173,-7.8068372],"type":"Point"},"properties":{"fid":14838,"NAMA":"GHONI SHOP","TIPE_1":"KESEHATAN DAN PENGOBATAN","TIPE_2":"APOTEK","TIPE_3":"-","TELEPON":"0877-3111-2054","ALAMAT":"JL. WATES, KM. 2, NGEMPLAK, BALECATUR, KEC. GAMPING, KABUPATEN SLEMAN, DAERAH ISTIMEWA YOGYAKARTA 55295","ID_PROV":"34","PROVINSI":"DAERAH ISTIMEWA YOGYAKARTA","ID_KABKOT":"34.04","KABKOT":"SLEMAN","ID_KEC":"34.04.01","KECAMATAN":"GAMPING","ID_DESA":"34.04.01.2001","DESA":"BALECATUR","LONGITUDE":110.2901173,"LATITUDE":-7.8068372,"STATUS":"BUKA","TANGGAL PENGUMPULAN":"Q1 2024","TANGGAL UPDATE":"28/02/2025"}},{"type":"Feature","geometry":{"coordinates":[110.3228591,-7.7810579],"type":"Point"},"properties":{"fid":14839,"NAMA":"APOTEK UAD 4","TIPE_1":"KESEHATAN DAN PENGOBATAN","TIPE_2":"APOTEK","TIPE_3":"-","TELEPON":"","ALAMAT":"JL. BANTULAN, KRAMAT, SIDOARUM, KEC. GODEAN, KABUPATEN SLEMAN, DAERAH ISTIMEWA YOGYAKARTA 55264","ID_PROV":"34","PROVINSI":"DAERAH ISTIMEWA YOGYAKARTA","ID_KABKOT":"34.04","KABKOT":"SLEMAN","ID_KEC":"34.04.02","KECAMATAN":"GODEAN","ID_DESA":"34.04.02.2006","DESA":"SIDOARUM","LONGITUDE":110.3228591,"LATITUDE":-7.7810579,"STATUS":"BUKA","TANGGAL PENGUMPULAN":"Q1 2024","TANGGAL UPDATE":"28/02/2025"}},{"type":"Feature","geometry":{"coordinates":[110.3263129,-7.776001],"type":"Point"},"properties":{"fid":14840,"NAMA":"APOTEK KIMIA FARMA SIDOARUM","TIPE_1":"KESEHATAN DAN PENGOBATAN","TIPE_2":"APOTEK","TIPE_3":"-","TELEPON":"0856-2521-240","ALAMAT":"JL. GODEAN KM 6,5 NO. 174, COKRO GEDOK, SIDOARUM, KEC. GODEAN, KABUPATEN SLEMAN, DAERAH ISTIMEWA YOGYAKARTA 55264","ID_PROV":"34","PROVINSI":"DAERAH ISTIMEWA YOGYAKARTA","ID_KABKOT":"34.04","KABKOT":"SLEMAN","ID_KEC":"34.04.02","KECAMATAN":"GODEAN","ID_DESA":"34.04.02.2006","DESA":"SIDOARUM","LONGITUDE":110.3263129,"LATITUDE":-7.776001,"STATUS":"BUKA","TANGGAL PENGUMPULAN":"Q1 2024","TANGGAL UPDATE":"28/02/2025"}},{"type":"Feature","geometry":{"coordinates":[110.3241819,-7.7755065],"type":"Point"},"properties":{"fid":14841,"NAMA":"APOTEK HARAPAN SEHAT","TIPE_1":"KESEHATAN DAN PENGOBATAN","TIPE_2":"APOTEK","TIPE_3":"-","TELEPON":"(0274) 798887","ALAMAT":"JL. NGAPAK - KENTHENG, COKRO GEDOK, SIDOARUM, KEC. GODEAN, KABUPATEN SLEMAN, DAERAH ISTIMEWA YOGYAKARTA 55264","ID_PROV":"34","PROVINSI":"DAERAH ISTIMEWA YOGYAKARTA","ID_KABKOT":"34.04","KABKOT":"SLEMAN","ID_KEC":"34.04.02","KECAMATAN":"GODEAN","ID_DESA":"34.04.02.2006","DESA":"SIDOARUM","LONGITUDE":110.3241819,"LATITUDE":-7.7755065,"STATUS":"BUKA","TANGGAL PENGUMPULAN":"Q1 2024","TANGGAL UPDATE":"28/02/2025"}},{"type":"Feature","geometry":{"coordinates":[110.3390617,-7.772728],"type":"Point"},"properties":{"fid":14842,"NAMA":"NOGOTIRTO ALGAE PARK","TIPE_1":"KESEHATAN DAN PENGOBATAN","TIPE_2":"APOTEK","TIPE_3":"-","TELEPON":"","ALAMAT":"KARANG WETAN, NOGOTIRTO, KEC. GAMPING, KABUPATEN SLEMAN, DAERAH ISTIMEWA YOGYAKARTA 55592","ID_PROV":"34","PROVINSI":"DAERAH ISTIMEWA YOGYAKARTA","ID_KABKOT":"34.04","KABKOT":"SLEMAN","ID_KEC":"34.04.01","KECAMATAN":"GAMPING","ID_DESA":"34.04.01.2004","DESA":"NOGOTIRTO","LONGITUDE":110.3390617,"LATITUDE":-7.772728,"STATUS":"BUKA","TANGGAL PENGUMPULAN":"Q1 2024","TANGGAL UPDATE":"28/02/2025"}},{"type":"Feature","geometry":{"coordinates":[110.3222973,-7.7785638],"type":"Point"},"properties":{"fid":14843,"NAMA":"APOTEK K24 SIDOARUM","TIPE_1":"KESEHATAN DAN PENGOBATAN","TIPE_2":"APOTEK","TIPE_3":"-","TELEPON":"0823-2589-9893","ALAMAT":"JL. SIDOARUM - BANTULAN, KRAMAT, SIDOARUM, KEC. GODEAN, KABUPATEN SLEMAN, DAERAH ISTIMEWA YOGYAKARTA 55264","ID_PROV":"34","PROVINSI":"DAERAH ISTIMEWA YOGYAKARTA","ID_KABKOT":"34.04","KABKOT":"SLEMAN","ID_KEC":"34.04.02","KECAMATAN":"GODEAN","ID_DESA":"34.04.02.2006","DESA":"SIDOARUM","LONGITUDE":110.3222973,"LATITUDE":-7.7785638,"STATUS":"BUKA","TANGGAL PENGUMPULAN":"Q1 2024","TANGGAL UPDATE":"28/02/2025"}},{"type":"Feature","geometry":{"coordinates":[110.2853778,-7.7645106],"type":"Point"},"properties":{"fid":14844,"NAMA":"APOTEK PRAMULIA","TIPE_1":"KESEHATAN DAN PENGOBATAN","TIPE_2":"APOTEK","TIPE_3":"-","TELEPON":"0822-4150-0055","ALAMAT":"JL. NGAPAK - KENTHENG NO.KM.11, BERJO KIDUL, SIDOLUHUR, KEC. GODEAN, KABUPATEN SLEMAN, DAERAH ISTIMEWA YOGYAKARTA 55264","ID_PROV":"34","PROVINSI":"DAERAH ISTIMEWA YOGYAKARTA","ID_KABKOT":"34.04","KABKOT":"SLEMAN","ID_KEC":"34.04.02","KECAMATAN":"GODEAN","ID_DESA":"34.04.02.2002","DESA":"SIDOLUHUR","LONGITUDE":110.2853778,"LATITUDE":-7.7645106,"STATUS":"BUKA","TANGGAL PENGUMPULAN":"Q1 2024","TANGGAL UPDATE":"28/02/2025"}},{"type":"Feature","geometry":{"coordinates":[110.3294421,-7.7971725],"type":"Point"},"properties":{"fid":14845,"NAMA":"APOTIK RAHMAH","TIPE_1":"KESEHATAN DAN PENGOBATAN","TIPE_2":"APOTEK","TIPE_3":"-","TELEPON":"(0274) 4342094","ALAMAT":"JL. RING ROAD BARAT, GATAK, TAMANTIRTO KASIHAN, BANTUL, AREA SAWAH, BANYURADEN, KEC. GAMPING, KABUPATEN SLEMAN, DAERAH ISTIMEWA YOGYAKARTA 55184","ID_PROV":"34","PROVINSI":"DAERAH ISTIMEWA YOGYAKARTA","ID_KABKOT":"34.04","KABKOT":"SLEMAN","ID_KEC":"34.04.01","KECAMATAN":"GAMPING","ID_DESA":"34.04.01.2003","DESA":"BANYURADEN","LONGITUDE":110.3294421,"LATITUDE":-7.7971725,"STATUS":"BUKA","TANGGAL PENGUMPULAN":"Q1 2024","TANGGAL UPDATE":"28/02/2025"}},{"type":"Feature","geometry":{"coordinates":[110.3217177,-7.7938738],"type":"Point"},"properties":{"fid":14849,"NAMA":"MADU ARBA'IN APOTIK PATHUKAN","TIPE_1":"KESEHATAN DAN PENGOBATAN","TIPE_2":"APOTEK","TIPE_3":"-","TELEPON":"","ALAMAT":"PATUKAN, AMBARKETAWANG, KEC. GAMPING, KABUPATEN SLEMAN, DAERAH ISTIMEWA YOGYAKARTA 55294","ID_PROV":"34","PROVINSI":"DAERAH ISTIMEWA YOGYAKARTA","ID_KABKOT":"34.04","KABKOT":"SLEMAN","ID_KEC":"34.04.01","KECAMATAN":"GAMPING","ID_DESA":"34.04.01.2002","DESA":"AMBARKETAWANG","LONGITUDE":110.3217177,"LATITUDE":-7.7938738,"STATUS":"BUKA","TANGGAL PENGUMPULAN":"Q1 2024","TANGGAL UPDATE":"28/02/2025"}},{"type":"Feature","geometry":{"coordinates":[110.3733689,-7.7697866],"type":"Point"},"properties":{"fid":15139,"NAMA":"APOTEK KENCANA","TIPE_1":"KESEHATAN DAN PENGOBATAN","TIPE_2":"APOTEK","TIPE_3":"-","TELEPON":"(0274) 518663","ALAMAT":"JL. KESEHATAN B NO.B NO. 49, SENDOWO, NGUPASAN, KEC. GONDOMANAN, KABUPATEN SLEMAN, DAERAH ISTIMEWA YOGYAKARTA 55122","ID_PROV":"34","PROVINSI":"DAERAH ISTIMEWA YOGYAKARTA","ID_KABKOT":"34.04","KABKOT":"SLEMAN","ID_KEC":"34.04.06","KECAMATAN":"MLATI","ID_DESA":"34.04.06.2001","DESA":"SINDUADI","LONGITUDE":110.3733689,"LATITUDE":-7.7697866,"STATUS":"BUKA","TANGGAL PENGUMPULAN":"Q1 2024","TANGGAL UPDATE":"28/02/2025"}},{"type":"Feature","geometry":{"coordinates":[110.295411,-7.8064665],"type":"Point"},"properties":{"fid":15214,"NAMA":"APOTEK BUNDA PLUS","TIPE_1":"KESEHATAN DAN PENGOBATAN","TIPE_2":"APOTEK","TIPE_3":"-","TELEPON":"0812-2729-8993","ALAMAT":"PASAR BALECATUR, JL. RAYA WATES KM 8, NGARAN, BALECATUR, KEC. GAMPING, KABUPATEN SLEMAN, DAERAH ISTIMEWA YOGYAKARTA 55295","ID_PROV":"34","PROVINSI":"DAERAH ISTIMEWA YOGYAKARTA","ID_KABKOT":"34.04","KABKOT":"SLEMAN","ID_KEC":"34.04.01","KECAMATAN":"GAMPING","ID_DESA":"34.04.01.2001","DESA":"BALECATUR","LONGITUDE":110.295411,"LATITUDE":-7.8064665,"STATUS":"BUKA","TANGGAL PENGUMPULAN":"Q1 2024","TANGGAL UPDATE":"28/02/2025"}},{"type":"Feature","geometry":{"coordinates":[110.3236366,-7.800391],"type":"Point"},"properties":{"fid":15215,"NAMA":"APOTEK K-24 AMBARKETAWANG SLEMAN","TIPE_1":"KESEHATAN DAN PENGOBATAN","TIPE_2":"APOTEK","TIPE_3":"-","TELEPON":"(0274) 626209","ALAMAT":"PASAR SENTRAL UMUM, JL. WATES - PURWOREJO NO.KM.5, GAMPING TENGAH, AMBARKETAWANG, KEC. GAMPING, KABUPATEN SLEMAN, DAERAH ISTIMEWA YOGYAKARTA 55294","ID_PROV":"34","PROVINSI":"DAERAH ISTIMEWA YOGYAKARTA","ID_KABKOT":"34.04","KABKOT":"SLEMAN","ID_KEC":"34.04.01","KECAMATAN":"GAMPING","ID_DESA":"34.04.01.2002","DESA":"AMBARKETAWANG","LONGITUDE":110.3236366,"LATITUDE":-7.800391,"STATUS":"BUKA","TANGGAL PENGUMPULAN":"Q1 2024","TANGGAL UPDATE":"28/02/2025"}},{"type":"Feature","geometry":{"coordinates":[110.3206651,-7.7743201],"type":"Point"},"properties":{"fid":15216,"NAMA":"APOTEK JAYA MEDIKA","TIPE_1":"KESEHATAN DAN PENGOBATAN","TIPE_2":"APOTEK","TIPE_3":"-","TELEPON":"","ALAMAT":"JL. NGAPAK - KENTHENG NO.102, BANTULAN, SIDOARUM, KEC. GODEAN, KABUPATEN SLEMAN, DAERAH ISTIMEWA YOGYAKARTA 55264","ID_PROV":"34","PROVINSI":"DAERAH ISTIMEWA YOGYAKARTA","ID_KABKOT":"34.04","KABKOT":"SLEMAN","ID_KEC":"34.04.02","KECAMATAN":"GODEAN","ID_DESA":"34.04.02.2006","DESA":"SIDOARUM","LONGITUDE":110.3206651,"LATITUDE":-7.7743201,"STATUS":"BUKA","TANGGAL PENGUMPULAN":"Q1 2024","TANGGAL UPDATE":"28/02/2025"}},{"type":"Feature","geometry":{"coordinates":[110.331932,-7.775664],"type":"Point"},"properties":{"fid":15217,"NAMA":"APOTEK KONDANG FARMA","TIPE_1":"KESEHATAN DAN PENGOBATAN","TIPE_2":"APOTEK","TIPE_3":"-","TELEPON":"(0274) 625720","ALAMAT":"JL. RING ROAD BAR., NOGOSAREN, NOGOTIRTO, KEC. GAMPING, KABUPATEN SLEMAN, DAERAH ISTIMEWA YOGYAKARTA 55592","ID_PROV":"34","PROVINSI":"DAERAH ISTIMEWA YOGYAKARTA","ID_KABKOT":"34.04","KABKOT":"SLEMAN","ID_KEC":"34.04.01","KECAMATAN":"GAMPING","ID_DESA":"34.04.01.2004","DESA":"NOGOTIRTO","LONGITUDE":110.331932,"LATITUDE":-7.775664,"STATUS":"BUKA","TANGGAL PENGUMPULAN":"Q1 2024","TANGGAL UPDATE":"28/02/2025"}},{"type":"Feature","geometry":{"coordinates":[110.321647,-7.793887],"type":"Point"},"properties":{"fid":15218,"NAMA":"APOTEK PATUKAN","TIPE_1":"KESEHATAN DAN PENGOBATAN","TIPE_2":"APOTEK","TIPE_3":"-","TELEPON":"(0274) 6533117","ALAMAT":"JALAN, PATUKAN, AMBARKETAWANG, KEC. GAMPING, KABUPATEN SLEMAN, DAERAH ISTIMEWA YOGYAKARTA 55294","ID_PROV":"34","PROVINSI":"DAERAH ISTIMEWA YOGYAKARTA","ID_KABKOT":"34.04","KABKOT":"SLEMAN","ID_KEC":"34.04.01","KECAMATAN":"GAMPING","ID_DESA":"34.04.01.2002","DESA":"AMBARKETAWANG","LONGITUDE":110.321647,"LATITUDE":-7.793887,"STATUS":"BUKA","TANGGAL PENGUMPULAN":"Q1 2024","TANGGAL UPDATE":"28/02/2025"}},{"type":"Feature","geometry":{"coordinates":[110.3258435,-7.8005502],"type":"Point"},"properties":{"fid":15293,"NAMA":"APOTEK GAMPING FARMA","TIPE_1":"KESEHATAN DAN PENGOBATAN","TIPE_2":"APOTEK","TIPE_3":"-","TELEPON":"","ALAMAT":"JL. WATES NO.57, GAMPING TENGAH, AMBARKETAWANG, KEC. GAMPING, KABUPATEN SLEMAN, DAERAH ISTIMEWA YOGYAKARTA 55294","ID_PROV":"34","PROVINSI":"DAERAH ISTIMEWA YOGYAKARTA","ID_KABKOT":"34.04","KABKOT":"SLEMAN","ID_KEC":"34.04.01","KECAMATAN":"GAMPING","ID_DESA":"34.04.01.2002","DESA":"AMBARKETAWANG","LONGITUDE":110.3258435,"LATITUDE":-7.8005502,"STATUS":"BUKA","TANGGAL PENGUMPULAN":"Q1 2024","TANGGAL UPDATE":"28/02/2025"}},{"type":"Feature","geometry":{"coordinates":[110.322921,-7.7859107],"type":"Point"},"properties":{"fid":15294,"NAMA":"APOTEK IS","TIPE_1":"KESEHATAN DAN PENGOBATAN","TIPE_2":"APOTEK","TIPE_3":"-","TELEPON":"","ALAMAT":"UNNAMED ROAD, 55294, MEJING LOR, AMBARKETAWANG, KEC. GAMPING, KABUPATEN SLEMAN, DAERAH ISTIMEWA YOGYAKARTA 55294","ID_PROV":"34","PROVINSI":"DAERAH ISTIMEWA YOGYAKARTA","ID_KABKOT":"34.04","KABKOT":"SLEMAN","ID_KEC":"34.04.01","KECAMATAN":"GAMPING","ID_DESA":"34.04.01.2002","DESA":"AMBARKETAWANG","LONGITUDE":110.322921,"LATITUDE":-7.7859107,"STATUS":"BUKA","TANGGAL PENGUMPULAN":"Q1 2024","TANGGAL UPDATE":"28/02/2025"}},{"type":"Feature","geometry":{"coordinates":[110.3213137,-7.7846411],"type":"Point"},"properties":{"fid":15295,"NAMA":"APOTEK SEHAT TENTREM","TIPE_1":"KESEHATAN DAN PENGOBATAN","TIPE_2":"APOTEK","TIPE_3":"-","TELEPON":"","ALAMAT":"MEJING LOR, AMBARKETAWANG, KEC. GAMPING, KABUPATEN SLEMAN, DAERAH ISTIMEWA YOGYAKARTA 55294","ID_PROV":"34","PROVINSI":"DAERAH ISTIMEWA YOGYAKARTA","ID_KABKOT":"34.04","KABKOT":"SLEMAN","ID_KEC":"34.04.01","KECAMATAN":"GAMPING","ID_DESA":"34.04.01.2002","DESA":"AMBARKETAWANG","LONGITUDE":110.3213137,"LATITUDE":-7.7846411,"STATUS":"BUKA","TANGGAL PENGUMPULAN":"Q1 2024","TANGGAL UPDATE":"28/02/2025"}},{"type":"Feature","geometry":{"coordinates":[110.324801,-7.797337],"type":"Point"},"properties":{"fid":15296,"NAMA":"APOTEK","TIPE_1":"KESEHATAN DAN PENGOBATAN","TIPE_2":"APOTEK","TIPE_3":"-","TELEPON":"","ALAMAT":"JL. GAMPING TENGAH, GAMPING LOR, AMBARKETAWANG, KEC. GAMPING, KABUPATEN SLEMAN, DAERAH ISTIMEWA YOGYAKARTA 55294","ID_PROV":"34","PROVINSI":"DAERAH ISTIMEWA YOGYAKARTA","ID_KABKOT":"34.04","KABKOT":"SLEMAN","ID_KEC":"34.04.01","KECAMATAN":"GAMPING","ID_DESA":"34.04.01.2002","DESA":"AMBARKETAWANG","LONGITUDE":110.324801,"LATITUDE":-7.797337,"STATUS":"BUKA","TANGGAL PENGUMPULAN":"Q1 2024","TANGGAL UPDATE":"28/02/2025"}},{"type":"Feature","geometry":{"coordinates":[110.3382473,-7.778746],"type":"Point"},"properties":{"fid":15297,"NAMA":"APOTEK MULIA HUSADA","TIPE_1":"KESEHATAN DAN PENGOBATAN","TIPE_2":"APOTEK","TIPE_3":"-","TELEPON":"(0274) 621727","ALAMAT":"25, JL. NGAPAK - KENTHENG NO.5, AREA SAWAH, BANYURADEN, KEC. GAMPING, KABUPATEN SLEMAN, DAERAH ISTIMEWA YOGYAKARTA 55293","ID_PROV":"34","PROVINSI":"DAERAH ISTIMEWA YOGYAKARTA","ID_KABKOT":"34.04","KABKOT":"SLEMAN","ID_KEC":"34.04.01","KECAMATAN":"GAMPING","ID_DESA":"34.04.01.2003","DESA":"BANYURADEN","LONGITUDE":110.3382473,"LATITUDE":-7.778746,"STATUS":"BUKA","TANGGAL PENGUMPULAN":"Q1 2024","TANGGAL UPDATE":"28/02/2025"}},{"type":"Feature","geometry":{"coordinates":[110.3414425,-7.7794885],"type":"Point"},"properties":{"fid":15298,"NAMA":"APOTEK PHARM 24 GODEAN","TIPE_1":"KESEHATAN DAN PENGOBATAN","TIPE_2":"APOTEK","TIPE_3":"-","TELEPON":"(0274) 583646","ALAMAT":"JL. NGAPAK - KENTHENG NO.5 KM 4, AREA SAWAH, BANYURADEN, KEC. GAMPING, KABUPATEN SLEMAN, DAERAH ISTIMEWA YOGYAKARTA 55293","ID_PROV":"34","PROVINSI":"DAERAH ISTIMEWA YOGYAKARTA","ID_KABKOT":"34.04","KABKOT":"SLEMAN","ID_KEC":"34.04.01","KECAMATAN":"GAMPING","ID_DESA":"34.04.01.2003","DESA":"BANYURADEN","LONGITUDE":110.3414425,"LATITUDE":-7.7794885,"STATUS":"BUKA","TANGGAL PENGUMPULAN":"Q1 2024","TANGGAL UPDATE":"28/02/2025"}},{"type":"Feature","geometry":{"coordinates":[110.3502897,-7.7651984],"type":"Point"},"properties":{"fid":15299,"NAMA":"APOTEK MULIA FARMA JAMBON","TIPE_1":"KESEHATAN DAN PENGOBATAN","TIPE_2":"APOTEK","TIPE_3":"-","TELEPON":"0812-2679-9619","ALAMAT":"JL. JAMBON TRIHANGGO, RT.03/RW.19, BATURAN, TRIHANGGO, KEC. GAMPING, KABUPATEN SLEMAN, DAERAH ISTIMEWA YOGYAKARTA 55291","ID_PROV":"34","PROVINSI":"DAERAH ISTIMEWA YOGYAKARTA","ID_KABKOT":"34.04","KABKOT":"SLEMAN","ID_KEC":"34.04.01","KECAMATAN":"GAMPING","ID_DESA":"34.04.01.2005","DESA":"TRIHANGGO","LONGITUDE":110.3502897,"LATITUDE":-7.7651984,"STATUS":"BUKA","TANGGAL PENGUMPULAN":"Q1 2024","TANGGAL UPDATE":"28/02/2025"}},{"type":"Feature","geometry":{"coordinates":[110.3454351,-7.7723966],"type":"Point"},"properties":{"fid":15300,"NAMA":"APOTEK SOLUSI SEHAT","TIPE_1":"KESEHATAN DAN PENGOBATAN","TIPE_2":"APOTEK","TIPE_3":"-","TELEPON":"0852-2660-0836","ALAMAT":"JL. BESOLE RAYA, AREA SAWAH, NOGOTIRTO, KEC. GAMPING, KABUPATEN SLEMAN, DAERAH ISTIMEWA YOGYAKARTA 55592","ID_PROV":"34","PROVINSI":"DAERAH ISTIMEWA YOGYAKARTA","ID_KABKOT":"34.04","KABKOT":"SLEMAN","ID_KEC":"34.04.01","KECAMATAN":"GAMPING","ID_DESA":"34.04.01.2005","DESA":"TRIHANGGO","LONGITUDE":110.3454351,"LATITUDE":-7.7723966,"STATUS":"BUKA","TANGGAL PENGUMPULAN":"Q1 2024","TANGGAL UPDATE":"28/02/2025"}},{"type":"Feature","geometry":{"coordinates":[110.339271,-7.778735],"type":"Point"},"properties":{"fid":15301,"NAMA":"APOTEK JAYA MEDIKA","TIPE_1":"KESEHATAN DAN PENGOBATAN","TIPE_2":"APOTEK","TIPE_3":"-","TELEPON":"(0274) 621100","ALAMAT":"JL. NGAPAK - KENTHENG NO.102, AREA SAWAH, NOGOTIRTO, KEC. GAMPING, KABUPATEN SLEMAN, DAERAH ISTIMEWA YOGYAKARTA 55293","ID_PROV":"34","PROVINSI":"DAERAH ISTIMEWA YOGYAKARTA","ID_KABKOT":"34.04","KABKOT":"SLEMAN","ID_KEC":"34.04.01","KECAMATAN":"GAMPING","ID_DESA":"34.04.01.2004","DESA":"NOGOTIRTO","LONGITUDE":110.339271,"LATITUDE":-7.778735,"STATUS":"BUKA","TANGGAL PENGUMPULAN":"Q1 2024","TANGGAL UPDATE":"28/02/2025"}},{"type":"Feature","geometry":{"coordinates":[110.3046532,-7.7706917],"type":"Point"},"properties":{"fid":15302,"NAMA":"APOTEK & KLINIK BINA SEHAT GODEAN","TIPE_1":"KESEHATAN DAN PENGOBATAN","TIPE_2":"APOTEK","TIPE_3":"-","TELEPON":"(0274) 2826906","ALAMAT":"JL. NGAPAK - KENTHENG NO.25B, KLAJURAN, SIDOKARTO, KEC. GODEAN, KABUPATEN SLEMAN, DAERAH ISTIMEWA YOGYAKARTA 55264","ID_PROV":"34","PROVINSI":"DAERAH ISTIMEWA YOGYAKARTA","ID_KABKOT":"34.04","KABKOT":"SLEMAN","ID_KEC":"34.04.02","KECAMATAN":"GODEAN","ID_DESA":"34.04.02.2005","DESA":"SIDOKARTO","LONGITUDE":110.3046532,"LATITUDE":-7.7706917,"STATUS":"BUKA","TANGGAL PENGUMPULAN":"Q1 2024","TANGGAL UPDATE":"28/02/2025"}},{"type":"Feature","geometry":{"coordinates":[110.3222884,-7.7939771],"type":"Point"},"properties":{"fid":15303,"NAMA":"APOTEK AMBARKETAWANG","TIPE_1":"KESEHATAN DAN PENGOBATAN","TIPE_2":"APOTEK","TIPE_3":"-","TELEPON":"0821-3837-3475","ALAMAT":"JL. BIBIS NO.10, PATUKAN, AMBARKETAWANG, KEC. GAMPING, KABUPATEN SLEMAN, DAERAH ISTIMEWA YOGYAKARTA 55394","ID_PROV":"34","PROVINSI":"DAERAH ISTIMEWA YOGYAKARTA","ID_KABKOT":"34.04","KABKOT":"SLEMAN","ID_KEC":"34.04.01","KECAMATAN":"GAMPING","ID_DESA":"34.04.01.2002","DESA":"AMBARKETAWANG","LONGITUDE":110.3222884,"LATITUDE":-7.7939771,"STATUS":"BUKA","TANGGAL PENGUMPULAN":"Q1 2024","TANGGAL UPDATE":"28/02/2025"}},{"type":"Feature","geometry":{"coordinates":[110.2957397,-7.8007495],"type":"Point"},"properties":{"fid":15304,"NAMA":"APOTEK BV FARMA","TIPE_1":"KESEHATAN DAN PENGOBATAN","TIPE_2":"APOTEK","TIPE_3":"-","TELEPON":"","ALAMAT":"SUMBERGAMOL, BALECATUR, KEC. GAMPING, KABUPATEN SLEMAN, DAERAH ISTIMEWA YOGYAKARTA 55295","ID_PROV":"34","PROVINSI":"DAERAH ISTIMEWA YOGYAKARTA","ID_KABKOT":"34.04","KABKOT":"SLEMAN","ID_KEC":"34.04.01","KECAMATAN":"GAMPING","ID_DESA":"34.04.01.2001","DESA":"BALECATUR","LONGITUDE":110.2957397,"LATITUDE":-7.8007495,"STATUS":"BUKA","TANGGAL PENGUMPULAN":"Q1 2024","TANGGAL UPDATE":"28/02/2025"}},{"type":"Feature","geometry":{"coordinates":[110.3342692,-7.7675361],"type":"Point"},"properties":{"fid":15305,"NAMA":"APOTEK ARE PHARMA","TIPE_1":"KESEHATAN DAN PENGOBATAN","TIPE_2":"APOTEK","TIPE_3":"-","TELEPON":"0831-1988-7388","ALAMAT":"JL. PUNDUNG, AREA SAWAH, NOGOTIRTO, KEC. GAMPING, KABUPATEN SLEMAN, DAERAH ISTIMEWA YOGYAKARTA 55292","ID_PROV":"34","PROVINSI":"DAERAH ISTIMEWA YOGYAKARTA","ID_KABKOT":"34.04","KABKOT":"SLEMAN","ID_KEC":"34.04.01","KECAMATAN":"GAMPING","ID_DESA":"34.04.01.2004","DESA":"NOGOTIRTO","LONGITUDE":110.3342692,"LATITUDE":-7.7675361,"STATUS":"BUKA","TANGGAL PENGUMPULAN":"Q1 2024","TANGGAL UPDATE":"28/02/2025"}},{"type":"Feature","geometry":{"coordinates":[110.3525703,-7.7379932],"type":"Point"},"properties":{"fid":15306,"NAMA":"APOTEK MANDIRI","TIPE_1":"KESEHATAN DAN PENGOBATAN","TIPE_2":"APOTEK","TIPE_3":"-","TELEPON":"0812-3179-9954","ALAMAT":"JL. KRONGGOHAN, DUWET, TRIHANGGO, KEC. GAMPING, KABUPATEN SLEMAN, DAERAH ISTIMEWA YOGYAKARTA 55291","ID_PROV":"34","PROVINSI":"DAERAH ISTIMEWA YOGYAKARTA","ID_KABKOT":"34.04","KABKOT":"SLEMAN","ID_KEC":"34.04.01","KECAMATAN":"GAMPING","ID_DESA":"34.04.01.2005","DESA":"TRIHANGGO","LONGITUDE":110.3525703,"LATITUDE":-7.7379932,"STATUS":"BUKA","TANGGAL PENGUMPULAN":"Q1 2024","TANGGAL UPDATE":"28/02/2025"}},{"type":"Feature","geometry":{"coordinates":[110.3320762,-7.7998966],"type":"Point"},"properties":{"fid":15307,"NAMA":"APOTEK KIMIA FARMA 592 WATES","TIPE_1":"KESEHATAN DAN PENGOBATAN","TIPE_2":"APOTEK","TIPE_3":"-","TELEPON":"0811-1067-8236","ALAMAT":"WATES ST NO.64 KM 4, AREA SAWAH, BANYURADEN, GAMPING, SLEMAN REGENCY, SPECIAL REGION OF YOGYAKARTA 55293","ID_PROV":"34","PROVINSI":"DAERAH ISTIMEWA YOGYAKARTA","ID_KABKOT":"34.04","KABKOT":"SLEMAN","ID_KEC":"34.04.01","KECAMATAN":"GAMPING","ID_DESA":"34.04.01.2003","DESA":"BANYURADEN","LONGITUDE":110.3320762,"LATITUDE":-7.7998966,"STATUS":"BUKA","TANGGAL PENGUMPULAN":"Q1 2024","TANGGAL UPDATE":"28/02/2025"}},{"type":"Feature","geometry":{"coordinates":[110.3225913,-7.8007458],"type":"Point"},"properties":{"fid":15308,"NAMA":"APOTIK SEDAYU","TIPE_1":"KESEHATAN DAN PENGOBATAN","TIPE_2":"APOTEK","TIPE_3":"-","TELEPON":"(0274) 98639","ALAMAT":"JL. WATES, BANJARMASINO, PATUKAN, AMBARKETAWANG, KEC. GAMPING, KABUPATEN SLEMAN, DAERAH ISTIMEWA YOGYAKARTA 55294","ID_PROV":"34","PROVINSI":"DAERAH ISTIMEWA YOGYAKARTA","ID_KABKOT":"34.04","KABKOT":"SLEMAN","ID_KEC":"34.04.01","KECAMATAN":"GAMPING","ID_DESA":"34.04.01.2002","DESA":"AMBARKETAWANG","LONGITUDE":110.3225913,"LATITUDE":-7.8007458,"STATUS":"BUKA","TANGGAL PENGUMPULAN":"Q1 2024","TANGGAL UPDATE":"28/02/2025"}},{"type":"Feature","geometry":{"coordinates":[110.2858654,-7.8134849],"type":"Point"},"properties":{"fid":15320,"NAMA":"APOTEK SEMBUH JATISAWIT","TIPE_1":"KESEHATAN DAN PENGOBATAN","TIPE_2":"APOTEK","TIPE_3":"-","TELEPON":"0813-9040-1762","ALAMAT":"JL. JATISAWIT BARAT, JATISAWIT, BALECATUR, KEC. GAMPING, KABUPATEN SLEMAN, DAERAH ISTIMEWA YOGYAKARTA 55295","ID_PROV":"34","PROVINSI":"DAERAH ISTIMEWA YOGYAKARTA","ID_KABKOT":"34.04","KABKOT":"SLEMAN","ID_KEC":"34.04.01","KECAMATAN":"GAMPING","ID_DESA":"34.04.01.2001","DESA":"BALECATUR","LONGITUDE":110.2858654,"LATITUDE":-7.8134849,"STATUS":"BUKA","TANGGAL PENGUMPULAN":"Q1 2024","TANGGAL UPDATE":"28/02/2025"}},{"type":"Feature","geometry":{"coordinates":[110.319493,-7.7836147],"type":"Point"},"properties":{"fid":15321,"NAMA":"YAHYA TANJUNG","TIPE_1":"KESEHATAN DAN PENGOBATAN","TIPE_2":"APOTEK","TIPE_3":"-","TELEPON":"0857-9931-6507","ALAMAT":"MEJING LOR, AMBARKETAWANG, KEC. GAMPING, KABUPATEN SLEMAN, DAERAH ISTIMEWA YOGYAKARTA 55294","ID_PROV":"34","PROVINSI":"DAERAH ISTIMEWA YOGYAKARTA","ID_KABKOT":"34.04","KABKOT":"SLEMAN","ID_KEC":"34.04.01","KECAMATAN":"GAMPING","ID_DESA":"34.04.01.2002","DESA":"AMBARKETAWANG","LONGITUDE":110.319493,"LATITUDE":-7.7836147,"STATUS":"BUKA","TANGGAL PENGUMPULAN":"Q1 2024","TANGGAL UPDATE":"28/02/2025"}},{"type":"Feature","geometry":{"coordinates":[110.3301764,-7.7899408],"type":"Point"},"properties":{"fid":15322,"NAMA":"APOTEK ALANIS","TIPE_1":"KESEHATAN DAN PENGOBATAN","TIPE_2":"APOTEK","TIPE_3":"-","TELEPON":"0812-7759-0999","ALAMAT":"UNNAMED ROAD, KALIABU, BANYURADEN, KEC. GAMPING, KABUPATEN SLEMAN, DAERAH ISTIMEWA YOGYAKARTA 55293","ID_PROV":"34","PROVINSI":"DAERAH ISTIMEWA YOGYAKARTA","ID_KABKOT":"34.04","KABKOT":"SLEMAN","ID_KEC":"34.04.01","KECAMATAN":"GAMPING","ID_DESA":"34.04.01.2003","DESA":"BANYURADEN","LONGITUDE":110.3301764,"LATITUDE":-7.7899408,"STATUS":"BUKA","TANGGAL PENGUMPULAN":"Q1 2024","TANGGAL UPDATE":"28/02/2025"}},{"type":"Feature","geometry":{"coordinates":[110.3418973,-7.7850766],"type":"Point"},"properties":{"fid":15323,"NAMA":"APOTEK ULIL FARMA","TIPE_1":"KESEHATAN DAN PENGOBATAN","TIPE_2":"APOTEK","TIPE_3":"-","TELEPON":"","ALAMAT":"AREA SAWAH, BANYURADEN, GAMPING, SLEMAN REGENCY, SPECIAL REGION OF YOGYAKARTA","ID_PROV":"34","PROVINSI":"DAERAH ISTIMEWA YOGYAKARTA","ID_KABKOT":"34.04","KABKOT":"SLEMAN","ID_KEC":"34.04.01","KECAMATAN":"GAMPING","ID_DESA":"34.04.01.2003","DESA":"BANYURADEN","LONGITUDE":110.3418973,"LATITUDE":-7.7850766,"STATUS":"BUKA","TANGGAL PENGUMPULAN":"Q1 2024","TANGGAL UPDATE":"28/02/2025"}},{"type":"Feature","geometry":{"coordinates":[110.3440814,-7.7800388],"type":"Point"},"properties":{"fid":15324,"NAMA":"APOTEK KIMIA FARMA TITIBUMI","TIPE_1":"KESEHATAN DAN PENGOBATAN","TIPE_2":"APOTEK","TIPE_3":"-","TELEPON":"0811-344-384","ALAMAT":"JL. GODEAN KM.4 KOMPLEK RUKO TIRTA MAS, KWARASAN, NOGOTIRTO, GAMPING, SLEMAN REGENCY, SPECIAL REGION OF YOGYAKARTA 55592","ID_PROV":"34","PROVINSI":"DAERAH ISTIMEWA YOGYAKARTA","ID_KABKOT":"34.04","KABKOT":"SLEMAN","ID_KEC":"34.04.01","KECAMATAN":"GAMPING","ID_DESA":"34.04.01.2004","DESA":"NOGOTIRTO","LONGITUDE":110.3440814,"LATITUDE":-7.7800388,"STATUS":"BUKA","TANGGAL PENGUMPULAN":"Q1 2024","TANGGAL UPDATE":"28/02/2025"}},{"type":"Feature","geometry":{"coordinates":[110.3167001,-7.6513206],"type":"Point"},"properties":{"fid":15468,"NAMA":"EXTRACT CACING","TIPE_1":"KESEHATAN DAN PENGOBATAN","TIPE_2":"APOTEK","TIPE_3":"-","TELEPON":"0813-9244-8739","ALAMAT":"KRASAKAN, LUMBUNGREJO, KEC. TEMPEL, KABUPATEN SLEMAN, DAERAH ISTIMEWA YOGYAKARTA 55552","ID_PROV":"34","PROVINSI":"DAERAH ISTIMEWA YOGYAKARTA","ID_KABKOT":"34.04","KABKOT":"SLEMAN","ID_KEC":"34.04.14","KECAMATAN":"TEMPEL","ID_DESA":"34.04.14.2007","DESA":"LUMBUNGREJO","LONGITUDE":110.3167001,"LATITUDE":-7.6513206,"STATUS":"BUKA","TANGGAL PENGUMPULAN":"Q1 2024","TANGGAL UPDATE":"28/02/2025"}},{"type":"Feature","geometry":{"coordinates":[110.2987674,-7.6829327],"type":"Point"},"properties":{"fid":15470,"NAMA":"JAMU HERBAL IBU WIWIK","TIPE_1":"KESEHATAN DAN PENGOBATAN","TIPE_2":"APOTEK","TIPE_3":"-","TELEPON":"","ALAMAT":"GENDOL, SUMBEREJO, KEC. TEMPEL, KABUPATEN SLEMAN, DAERAH ISTIMEWA YOGYAKARTA 55552","ID_PROV":"34","PROVINSI":"DAERAH ISTIMEWA YOGYAKARTA","ID_KABKOT":"34.04","KABKOT":"SLEMAN","ID_KEC":"34.04.14","KECAMATAN":"TEMPEL","ID_DESA":"34.04.14.2003","DESA":"SUMBERREJO","LONGITUDE":110.2987674,"LATITUDE":-7.6829327,"STATUS":"BUKA","TANGGAL PENGUMPULAN":"Q1 2024","TANGGAL UPDATE":"28/02/2025"}},{"type":"Feature","geometry":{"coordinates":[110.302525,-7.6771178],"type":"Point"},"properties":{"fid":15471,"NAMA":"ZUSUF BUDIANA","TIPE_1":"KESEHATAN DAN PENGOBATAN","TIPE_2":"APOTEK","TIPE_3":"-","TELEPON":"","ALAMAT":"JL. TEMPEL-SEYEGAN, AREA SAWAH, SUMBEREJO, KEC. TEMPEL, KABUPATEN SLEMAN, DAERAH ISTIMEWA YOGYAKARTA 55552","ID_PROV":"34","PROVINSI":"DAERAH ISTIMEWA YOGYAKARTA","ID_KABKOT":"34.04","KABKOT":"SLEMAN","ID_KEC":"34.04.14","KECAMATAN":"TEMPEL","ID_DESA":"34.04.14.2003","DESA":"SUMBERREJO","LONGITUDE":110.302525,"LATITUDE":-7.6771178,"STATUS":"BUKA","TANGGAL PENGUMPULAN":"Q1 2024","TANGGAL UPDATE":"28/02/2025"}},{"type":"Feature","geometry":{"coordinates":[110.292291,-7.6825348],"type":"Point"},"properties":{"fid":15472,"NAMA":"DEPOT JAMU \"SEGER WARAS\" PAK MARJI","TIPE_1":"KESEHATAN DAN PENGOBATAN","TIPE_2":"APOTEK","TIPE_3":"-","TELEPON":"0852-1606-7074","ALAMAT":"SEMAWUNG, AREA SAWAH, SUMBEREJO, KEC. TEMPEL, KABUPATEN SLEMAN, DAERAH ISTIMEWA YOGYAKARTA 55552","ID_PROV":"34","PROVINSI":"DAERAH ISTIMEWA YOGYAKARTA","ID_KABKOT":"34.04","KABKOT":"SLEMAN","ID_KEC":"34.04.14","KECAMATAN":"TEMPEL","ID_DESA":"34.04.14.2003","DESA":"SUMBERREJO","LONGITUDE":110.292291,"LATITUDE":-7.6825348,"STATUS":"BUKA","TANGGAL PENGUMPULAN":"Q1 2024","TANGGAL UPDATE":"28/02/2025"}},{"type":"Feature","geometry":{"coordinates":[110.3502967,-7.6396136],"type":"Point"},"properties":{"fid":15473,"NAMA":"MBAH SAJI","TIPE_1":"KESEHATAN DAN PENGOBATAN","TIPE_2":"APOTEK","TIPE_3":"-","TELEPON":"","ALAMAT":"BENING, MERDIKOREJO, KEC. TEMPEL, KABUPATEN SLEMAN, DAERAH ISTIMEWA YOGYAKARTA 55552","ID_PROV":"34","PROVINSI":"DAERAH ISTIMEWA YOGYAKARTA","ID_KABKOT":"34.04","KABKOT":"SLEMAN","ID_KEC":"34.04.14","KECAMATAN":"TEMPEL","ID_DESA":"34.04.14.2008","DESA":"MERDIKOREJO","LONGITUDE":110.3502967,"LATITUDE":-7.6396136,"STATUS":"BUKA","TANGGAL PENGUMPULAN":"Q1 2024","TANGGAL UPDATE":"28/02/2025"}},{"type":"Feature","geometry":{"coordinates":[110.3257882,-7.6561368],"type":"Point"},"properties":{"fid":15474,"NAMA":"APOTEK TEMPEL","TIPE_1":"KESEHATAN DAN PENGOBATAN","TIPE_2":"APOTEK","TIPE_3":"-","TELEPON":"","ALAMAT":"JL. MAGELANG JL. JLEGONGAN KULON NO.KM 17,5, JLEGINGAN, MARGOREJO, KEC. TEMPEL, KABUPATEN SLEMAN, DAERAH ISTIMEWA YOGYAKARTA 55552","ID_PROV":"34","PROVINSI":"DAERAH ISTIMEWA YOGYAKARTA","ID_KABKOT":"34.04","KABKOT":"SLEMAN","ID_KEC":"34.04.14","KECAMATAN":"TEMPEL","ID_DESA":"34.04.14.2006","DESA":"MARGOREJO","LONGITUDE":110.3257882,"LATITUDE":-7.6561368,"STATUS":"BUKA","TANGGAL PENGUMPULAN":"Q1 2024","TANGGAL UPDATE":"28/02/2025"}},{"type":"Feature","geometry":{"coordinates":[110.3255625,-7.6461875],"type":"Point"},"properties":{"fid":15475,"NAMA":"APOTEK SETYA MEDIKA","TIPE_1":"KESEHATAN DAN PENGOBATAN","TIPE_2":"APOTEK","TIPE_3":"-","TELEPON":"","ALAMAT":"KROMODANGSAN, JL. TURI, RT.02/RW.17, LUMBUNGREJO, KEC. TEMPEL, KABUPATEN SLEMAN, DAERAH ISTIMEWA YOGYAKARTA 55552","ID_PROV":"34","PROVINSI":"DAERAH ISTIMEWA YOGYAKARTA","ID_KABKOT":"34.04","KABKOT":"SLEMAN","ID_KEC":"34.04.14","KECAMATAN":"TEMPEL","ID_DESA":"34.04.14.2007","DESA":"LUMBUNGREJO","LONGITUDE":110.3255625,"LATITUDE":-7.6461875,"STATUS":"BUKA","TANGGAL PENGUMPULAN":"Q1 2024","TANGGAL UPDATE":"28/02/2025"}},{"type":"Feature","geometry":{"coordinates":[110.4268358,-7.7653842],"type":"Point"},"properties":{"fid":15718,"NAMA":"APOTEK KRISHNA FARMA","TIPE_1":"KESEHATAN DAN PENGOBATAN","TIPE_2":"APOTEK","TIPE_3":"-","TELEPON":"0821-3442-3542","ALAMAT":"JL. NANGKA V NO.156, SANGGRAHAN, MAGUWOHARJO, KEC. DEPOK, KABUPATEN SLEMAN, DAERAH ISTIMEWA YOGYAKARTA 55282","ID_PROV":"34","PROVINSI":"DAERAH ISTIMEWA YOGYAKARTA","ID_KABKOT":"34.04","KABKOT":"SLEMAN","ID_KEC":"34.04.07","KECAMATAN":"DEPOK","ID_DESA":"34.04.07.2002","DESA":"MAGUWOHARJO","LONGITUDE":110.4268358,"LATITUDE":-7.7653842,"STATUS":"BUKA","TANGGAL PENGUMPULAN":"Q1 2024","TANGGAL UPDATE":"28/02/2025"}},{"type":"Feature","geometry":{"coordinates":[110.3921883,-7.7656107],"type":"Point"},"properties":{"fid":15719,"NAMA":"APOTEK PHARM24","TIPE_1":"KESEHATAN DAN PENGOBATAN","TIPE_2":"APOTEK","TIPE_3":"-","TELEPON":"0877-2340-1144","ALAMAT":"JL. AFFANDI NO.76, DERESAN, CATURTUNGGAL, KEC. DEPOK, KABUPATEN SLEMAN, DAERAH ISTIMEWA YOGYAKARTA 55281","ID_PROV":"34","PROVINSI":"DAERAH ISTIMEWA YOGYAKARTA","ID_KABKOT":"34.04","KABKOT":"SLEMAN","ID_KEC":"34.04.07","KECAMATAN":"DEPOK","ID_DESA":"34.04.07.2001","DESA":"CATURTUNGGAL","LONGITUDE":110.3921883,"LATITUDE":-7.7656107,"STATUS":"BUKA","TANGGAL PENGUMPULAN":"Q1 2024","TANGGAL UPDATE":"28/02/2025"}},{"type":"Feature","geometry":{"coordinates":[110.4006208,-7.7776261],"type":"Point"},"properties":{"fid":15720,"NAMA":"APOTEK ASHA MEDIKA","TIPE_1":"KESEHATAN DAN PENGOBATAN","TIPE_2":"APOTEK","TIPE_3":"-","TELEPON":"","ALAMAT":"JL. NOLOGATEN NO.216B, NOLOGATEN, CATURTUNGGAL, KEC. DEPOK, KABUPATEN SLEMAN, DAERAH ISTIMEWA YOGYAKARTA 55281","ID_PROV":"34","PROVINSI":"DAERAH ISTIMEWA YOGYAKARTA","ID_KABKOT":"34.04","KABKOT":"SLEMAN","ID_KEC":"34.04.07","KECAMATAN":"DEPOK","ID_DESA":"34.04.07.2001","DESA":"CATURTUNGGAL","LONGITUDE":110.4006208,"LATITUDE":-7.7776261,"STATUS":"BUKA","TANGGAL PENGUMPULAN":"Q1 2024","TANGGAL UPDATE":"28/02/2025"}},{"type":"Feature","geometry":{"coordinates":[110.3948048,-7.7607086],"type":"Point"},"properties":{"fid":15721,"NAMA":"APOTEK SUMBER SEHAT","TIPE_1":"KESEHATAN DAN PENGOBATAN","TIPE_2":"APOTEK","TIPE_3":"-","TELEPON":"(0274) 560807","ALAMAT":"JL. AFFANDI NO.31, SOROPADAN, CONDONGCATUR, KEC. DEPOK, KABUPATEN SLEMAN, DAERAH ISTIMEWA YOGYAKARTA 55283","ID_PROV":"34","PROVINSI":"DAERAH ISTIMEWA YOGYAKARTA","ID_KABKOT":"34.04","KABKOT":"SLEMAN","ID_KEC":"34.04.07","KECAMATAN":"DEPOK","ID_DESA":"34.04.07.2003","DESA":"CONDONGCATUR","LONGITUDE":110.3948048,"LATITUDE":-7.7607086,"STATUS":"BUKA","TANGGAL PENGUMPULAN":"Q1 2024","TANGGAL UPDATE":"28/02/2025"}},{"type":"Feature","geometry":{"coordinates":[110.4352477,-7.7772536],"type":"Point"},"properties":{"fid":15723,"NAMA":"APOTEK RINGINSARI","TIPE_1":"KESEHATAN DAN PENGOBATAN","TIPE_2":"APOTEK","TIPE_3":"-","TELEPON":"0852-2548-4729","ALAMAT":"JALAN ANGGREK NO.26 RT.01 / RW.56, SAMBELEGI KIDUL, MAGUWOHARJO, KEC. DEPOK, KABUPATEN SLEMAN, DAERAH ISTIMEWA YOGYAKARTA 55281","ID_PROV":"34","PROVINSI":"DAERAH ISTIMEWA YOGYAKARTA","ID_KABKOT":"34.04","KABKOT":"SLEMAN","ID_KEC":"34.04.07","KECAMATAN":"DEPOK","ID_DESA":"34.04.07.2002","DESA":"MAGUWOHARJO","LONGITUDE":110.4352477,"LATITUDE":-7.7772536,"STATUS":"BUKA","TANGGAL PENGUMPULAN":"Q1 2024","TANGGAL UPDATE":"28/02/2025"}},{"type":"Feature","geometry":{"coordinates":[110.4250696,-7.7596177],"type":"Point"},"properties":{"fid":15786,"NAMA":"APOTEK SAHABAT MITRA SEHAT","TIPE_1":"KESEHATAN DAN PENGOBATAN","TIPE_2":"APOTEK","TIPE_3":"-","TELEPON":"0877-3810-8899","ALAMAT":"JL. SABO, KRODAN, MAGUWOHARJO, KEC. DEPOK, KABUPATEN SLEMAN, DAERAH ISTIMEWA YOGYAKARTA 55281","ID_PROV":"34","PROVINSI":"DAERAH ISTIMEWA YOGYAKARTA","ID_KABKOT":"34.04","KABKOT":"SLEMAN","ID_KEC":"34.04.07","KECAMATAN":"DEPOK","ID_DESA":"34.04.07.2002","DESA":"MAGUWOHARJO","LONGITUDE":110.4250696,"LATITUDE":-7.7596177,"STATUS":"BUKA","TANGGAL PENGUMPULAN":"Q1 2024","TANGGAL UPDATE":"28/02/2025"}},{"type":"Feature","geometry":{"coordinates":[110.4021233,-7.7838841],"type":"Point"},"properties":{"fid":15804,"NAMA":"ARDI MULYA FARMA APOTEK","TIPE_1":"KESEHATAN DAN PENGOBATAN","TIPE_2":"APOTEK","TIPE_3":"-","TELEPON":"(0274) 521146","ALAMAT":"JL. MONGGUNGAN NO.35, AMBARUKMO, CATURTUNGGAL, KEC. DEPOK, KABUPATEN SLEMAN, DAERAH ISTIMEWA YOGYAKARTA 55281","ID_PROV":"34","PROVINSI":"DAERAH ISTIMEWA YOGYAKARTA","ID_KABKOT":"34.04","KABKOT":"SLEMAN","ID_KEC":"34.04.07","KECAMATAN":"DEPOK","ID_DESA":"34.04.07.2001","DESA":"CATURTUNGGAL","LONGITUDE":110.4021233,"LATITUDE":-7.7838841,"STATUS":"BUKA","TANGGAL PENGUMPULAN":"Q1 2024","TANGGAL UPDATE":"28/02/2025"}},{"type":"Feature","geometry":{"coordinates":[110.3817911,-7.7585514],"type":"Point"},"properties":{"fid":15805,"NAMA":"BINTAR APOTIK","TIPE_1":"KESEHATAN DAN PENGOBATAN","TIPE_2":"APOTEK","TIPE_3":"-","TELEPON":"","ALAMAT":"JL. KALIURANG KM 55/1, YOGYAKARTA, 55281, MANGGUNG, CATURTUNGGAL, DEPOK, SLEMAN REGENCY, SPECIAL REGION OF YOGYAKARTA 55281","ID_PROV":"34","PROVINSI":"DAERAH ISTIMEWA YOGYAKARTA","ID_KABKOT":"34.04","KABKOT":"SLEMAN","ID_KEC":"34.04.07","KECAMATAN":"DEPOK","ID_DESA":"34.04.07.2001","DESA":"CATURTUNGGAL","LONGITUDE":110.3817911,"LATITUDE":-7.7585514,"STATUS":"BUKA","TANGGAL PENGUMPULAN":"Q1 2024","TANGGAL UPDATE":"28/02/2025"}},{"type":"Feature","geometry":{"coordinates":[110.3928714,-7.7343508],"type":"Point"},"properties":{"fid":15806,"NAMA":"APOTEK DOA SEHAT","TIPE_1":"KESEHATAN DAN PENGOBATAN","TIPE_2":"APOTEK","TIPE_3":"-","TELEPON":"(0274) 7370667","ALAMAT":"JL. DAYU, NGAGLIK, TAMBAKAN, SINDUHARJO, KEC. SLEMAN, KABUPATEN SLEMAN, DAERAH ISTIMEWA YOGYAKARTA 55581","ID_PROV":"34","PROVINSI":"DAERAH ISTIMEWA YOGYAKARTA","ID_KABKOT":"34.04","KABKOT":"SLEMAN","ID_KEC":"34.04.12","KECAMATAN":"NGAGLIK","ID_DESA":"34.04.12.2003","DESA":"SINDUHARJO","LONGITUDE":110.3928714,"LATITUDE":-7.7343508,"STATUS":"BUKA","TANGGAL PENGUMPULAN":"Q1 2024","TANGGAL UPDATE":"28/02/2025"}},{"type":"Feature","geometry":{"coordinates":[110.3912216,-7.7686282],"type":"Point"},"properties":{"fid":15807,"NAMA":"APOTEK GEJAYAN","TIPE_1":"KESEHATAN DAN PENGOBATAN","TIPE_2":"APOTEK","TIPE_3":"-","TELEPON":"(0274) 561771","ALAMAT":"JL. AFFANDI CT X NO.16, SANTREN, CATURTUNGGAL, KEC. DEPOK, KABUPATEN SLEMAN, DAERAH ISTIMEWA YOGYAKARTA 55281","ID_PROV":"34","PROVINSI":"DAERAH ISTIMEWA YOGYAKARTA","ID_KABKOT":"34.04","KABKOT":"SLEMAN","ID_KEC":"34.04.07","KECAMATAN":"DEPOK","ID_DESA":"34.04.07.2001","DESA":"CATURTUNGGAL","LONGITUDE":110.3912216,"LATITUDE":-7.7686282,"STATUS":"BUKA","TANGGAL PENGUMPULAN":"Q1 2024","TANGGAL UPDATE":"28/02/2025"}},{"type":"Feature","geometry":{"coordinates":[110.4086411,-7.7805573],"type":"Point"},"properties":{"fid":15808,"NAMA":"APOTEK TRIFA MEDIKA YOGYAKARTA","TIPE_1":"KESEHATAN DAN PENGOBATAN","TIPE_2":"APOTEK","TIPE_3":"-","TELEPON":"0898-8222-282","ALAMAT":"JL. KAPAS, JL. RAYA KLEDOKAN CT XIX NO.12, RT.06/RW.03, CATURTUNGGAL, KEC. DEPOK, KABUPATEN SLEMAN, DAERAH ISTIMEWA YOGYAKARTA 55281","ID_PROV":"34","PROVINSI":"DAERAH ISTIMEWA YOGYAKARTA","ID_KABKOT":"34.04","KABKOT":"SLEMAN","ID_KEC":"34.04.07","KECAMATAN":"DEPOK","ID_DESA":"34.04.07.2001","DESA":"CATURTUNGGAL","LONGITUDE":110.4086411,"LATITUDE":-7.7805573,"STATUS":"BUKA","TANGGAL PENGUMPULAN":"Q1 2024","TANGGAL UPDATE":"28/02/2025"}},{"type":"Feature","geometry":{"coordinates":[110.410872,-7.753805],"type":"Point"},"properties":{"fid":15809,"NAMA":"APOTEK KIMIA FARMA CONDONG CATUR","TIPE_1":"KESEHATAN DAN PENGOBATAN","TIPE_2":"APOTEK","TIPE_3":"-","TELEPON":"0813-2659-0608","ALAMAT":"JL. NUSA INDAH NO.233, DERO, CONDONGCATUR, DEPOK, SLEMAN REGENCY, SPECIAL REGION OF YOGYAKARTA 55283","ID_PROV":"34","PROVINSI":"DAERAH ISTIMEWA YOGYAKARTA","ID_KABKOT":"34.04","KABKOT":"SLEMAN","ID_KEC":"34.04.07","KECAMATAN":"DEPOK","ID_DESA":"34.04.07.2003","DESA":"CONDONGCATUR","LONGITUDE":110.410872,"LATITUDE":-7.753805,"STATUS":"BUKA","TANGGAL PENGUMPULAN":"Q1 2024","TANGGAL UPDATE":"28/02/2025"}},{"type":"Feature","geometry":{"coordinates":[110.4395427,-7.7608726],"type":"Point"},"properties":{"fid":15810,"NAMA":"APOTEK DIPO FARMA","TIPE_1":"KESEHATAN DAN PENGOBATAN","TIPE_2":"APOTEK","TIPE_3":"-","TELEPON":"0821-3562-8882","ALAMAT":"JL. P. DIPONEGORO NO.2, SEMBEGO, MAGUWOHARJO, KEC. DEPOK, KABUPATEN SLEMAN, DAERAH ISTIMEWA YOGYAKARTA 55281","ID_PROV":"34","PROVINSI":"DAERAH ISTIMEWA YOGYAKARTA","ID_KABKOT":"34.04","KABKOT":"SLEMAN","ID_KEC":"34.04.07","KECAMATAN":"DEPOK","ID_DESA":"34.04.07.2002","DESA":"MAGUWOHARJO","LONGITUDE":110.4395427,"LATITUDE":-7.7608726,"STATUS":"BUKA","TANGGAL PENGUMPULAN":"Q1 2024","TANGGAL UPDATE":"28/02/2025"}},{"type":"Feature","geometry":{"coordinates":[110.3847803,-7.7566445],"type":"Point"},"properties":{"fid":15811,"NAMA":"APOTEK SURYA MEDIKA","TIPE_1":"KESEHATAN DAN PENGOBATAN","TIPE_2":"APOTEK","TIPE_3":"-","TELEPON":"(0274) 563043","ALAMAT":"JL. RING ROAD UTARA NO.17D, MANGGUNG, CATURTUNGGAL, KEC. DEPOK, KABUPATEN SLEMAN, DAERAH ISTIMEWA YOGYAKARTA 55281","ID_PROV":"34","PROVINSI":"DAERAH ISTIMEWA YOGYAKARTA","ID_KABKOT":"34.04","KABKOT":"SLEMAN","ID_KEC":"34.04.07","KECAMATAN":"DEPOK","ID_DESA":"34.04.07.2001","DESA":"CATURTUNGGAL","LONGITUDE":110.3847803,"LATITUDE":-7.7566445,"STATUS":"BUKA","TANGGAL PENGUMPULAN":"Q1 2024","TANGGAL UPDATE":"28/02/2025"}},{"type":"Feature","geometry":{"coordinates":[110.421287,-7.753073],"type":"Point"},"properties":{"fid":15812,"NAMA":"APOTEK SARI DEWI MAGUWOHARJO","TIPE_1":"KESEHATAN DAN PENGOBATAN","TIPE_2":"APOTEK","TIPE_3":"-","TELEPON":"(0274) 2834948","ALAMAT":"JL. KEPUHSARI NO.18, KRODAN, MAGUWOHARJO, KEC. DEPOK, KABUPATEN SLEMAN, DAERAH ISTIMEWA YOGYAKARTA 55281","ID_PROV":"34","PROVINSI":"DAERAH ISTIMEWA YOGYAKARTA","ID_KABKOT":"34.04","KABKOT":"SLEMAN","ID_KEC":"34.04.07","KECAMATAN":"DEPOK","ID_DESA":"34.04.07.2002","DESA":"MAGUWOHARJO","LONGITUDE":110.421287,"LATITUDE":-7.753073,"STATUS":"BUKA","TANGGAL PENGUMPULAN":"Q1 2024","TANGGAL UPDATE":"28/02/2025"}},{"type":"Feature","geometry":{"coordinates":[110.425263,-7.7691859],"type":"Point"},"properties":{"fid":15813,"NAMA":"APOTEK KHALID FARMA","TIPE_1":"KESEHATAN DAN PENGOBATAN","TIPE_2":"APOTEK","TIPE_3":"-","TELEPON":"0878-7283-3396","ALAMAT":"JL. PERJUANGAN, RT.005/RW.011, SANGGRAHAN, MAGUWOHARJO, KEC. DEPOK, KABUPATEN SLEMAN, DAERAH ISTIMEWA YOGYAKARTA 55281","ID_PROV":"34","PROVINSI":"DAERAH ISTIMEWA YOGYAKARTA","ID_KABKOT":"34.04","KABKOT":"SLEMAN","ID_KEC":"34.04.07","KECAMATAN":"DEPOK","ID_DESA":"34.04.07.2002","DESA":"MAGUWOHARJO","LONGITUDE":110.425263,"LATITUDE":-7.7691859,"STATUS":"BUKA","TANGGAL PENGUMPULAN":"Q1 2024","TANGGAL UPDATE":"28/02/2025"}},{"type":"Feature","geometry":{"coordinates":[110.4156265,-7.7745147],"type":"Point"},"properties":{"fid":15814,"NAMA":"APOTEK ANUGERAH","TIPE_1":"KESEHATAN DAN PENGOBATAN","TIPE_2":"APOTEK","TIPE_3":"-","TELEPON":"(0274) 485964","ALAMAT":"JL. BABARSARI NO.88, TAMBAK BAYAN, CATURTUNGGAL, KEC. DEPOK, KABUPATEN SLEMAN, DAERAH ISTIMEWA YOGYAKARTA 55281","ID_PROV":"34","PROVINSI":"DAERAH ISTIMEWA YOGYAKARTA","ID_KABKOT":"34.04","KABKOT":"SLEMAN","ID_KEC":"34.04.07","KECAMATAN":"DEPOK","ID_DESA":"34.04.07.2001","DESA":"CATURTUNGGAL","LONGITUDE":110.4156265,"LATITUDE":-7.7745147,"STATUS":"BUKA","TANGGAL PENGUMPULAN":"Q1 2024","TANGGAL UPDATE":"28/02/2025"}},{"type":"Feature","geometry":{"coordinates":[110.4219508,-7.7536993],"type":"Point"},"properties":{"fid":15815,"NAMA":"APOTEK SANATA DHARMA","TIPE_1":"KESEHATAN DAN PENGOBATAN","TIPE_2":"APOTEK","TIPE_3":"-","TELEPON":"(0274) 883037","ALAMAT":"UNIVERSITAS SANATA DHARMA, JL. PAINGAN, KRODAN, MAGUWOHARJO, KEC. DEPOK, KABUPATEN SLEMAN, DAERAH ISTIMEWA YOGYAKARTA 55282","ID_PROV":"34","PROVINSI":"DAERAH ISTIMEWA YOGYAKARTA","ID_KABKOT":"34.04","KABKOT":"SLEMAN","ID_KEC":"34.04.07","KECAMATAN":"DEPOK","ID_DESA":"34.04.07.2002","DESA":"MAGUWOHARJO","LONGITUDE":110.4219508,"LATITUDE":-7.7536993,"STATUS":"BUKA","TANGGAL PENGUMPULAN":"Q1 2024","TANGGAL UPDATE":"28/02/2025"}},{"type":"Feature","geometry":{"coordinates":[110.4358364,-7.7737032],"type":"Point"},"properties":{"fid":15817,"NAMA":"VIVA APOTEK RINGINSARI","TIPE_1":"KESEHATAN DAN PENGOBATAN","TIPE_2":"APOTEK","TIPE_3":"-","TELEPON":"0813-2981-5610","ALAMAT":"JL. ANGGREK, RT.02/RW.49, NANGGULAN, MAGUWOHARJO, KEC. DEPOK, KABUPATEN SLEMAN, DAERAH ISTIMEWA YOGYAKARTA 55281","ID_PROV":"34","PROVINSI":"DAERAH ISTIMEWA YOGYAKARTA","ID_KABKOT":"34.04","KABKOT":"SLEMAN","ID_KEC":"34.04.07","KECAMATAN":"DEPOK","ID_DESA":"34.04.07.2002","DESA":"MAGUWOHARJO","LONGITUDE":110.4358364,"LATITUDE":-7.7737032,"STATUS":"BUKA","TANGGAL PENGUMPULAN":"Q1 2024","TANGGAL UPDATE":"28/02/2025"}},{"type":"Feature","geometry":{"coordinates":[110.4029952,-7.7443123],"type":"Point"},"properties":{"fid":15820,"NAMA":"APOTEK FANSELA FARMA","TIPE_1":"KESEHATAN DAN PENGOBATAN","TIPE_2":"APOTEK","TIPE_3":"-","TELEPON":"0812-1505-6967","ALAMAT":"JL. PONDOK RAYA, RT.005/RW.007, PONDOK, CONDONGCATUR, KEC. DEPOK, KABUPATEN SLEMAN, DAERAH ISTIMEWA YOGYAKARTA 55281","ID_PROV":"34","PROVINSI":"DAERAH ISTIMEWA YOGYAKARTA","ID_KABKOT":"34.04","KABKOT":"SLEMAN","ID_KEC":"34.04.07","KECAMATAN":"DEPOK","ID_DESA":"34.04.07.2003","DESA":"CONDONGCATUR","LONGITUDE":110.4029952,"LATITUDE":-7.7443123,"STATUS":"BUKA","TANGGAL PENGUMPULAN":"Q1 2024","TANGGAL UPDATE":"28/02/2025"}},{"type":"Feature","geometry":{"coordinates":[110.3996292,-7.7845671],"type":"Point"},"properties":{"fid":15821,"NAMA":"APOTEK GOWOK","TIPE_1":"KESEHATAN DAN PENGOBATAN","TIPE_2":"APOTEK","TIPE_3":"-","TELEPON":"(0274) 488512","ALAMAT":"KOMPLEK POLRI, JL. NOGOROJO BLOK A1, AMBARUKMO, CATURTUNGGAL, KEC. DEPOK, KABUPATEN SLEMAN, DAERAH ISTIMEWA YOGYAKARTA 55198","ID_PROV":"34","PROVINSI":"DAERAH ISTIMEWA YOGYAKARTA","ID_KABKOT":"34.04","KABKOT":"SLEMAN","ID_KEC":"34.04.07","KECAMATAN":"DEPOK","ID_DESA":"34.04.07.2001","DESA":"CATURTUNGGAL","LONGITUDE":110.3996292,"LATITUDE":-7.7845671,"STATUS":"BUKA","TANGGAL PENGUMPULAN":"Q1 2024","TANGGAL UPDATE":"28/02/2025"}},{"type":"Feature","geometry":{"coordinates":[110.4392837,-7.7650455],"type":"Point"},"properties":{"fid":15822,"NAMA":"APOTEK NAMIYA","TIPE_1":"KESEHATAN DAN PENGOBATAN","TIPE_2":"APOTEK","TIPE_3":"-","TELEPON":"0811-346-336","ALAMAT":"JL. P. DIPONEGORO MANISREJO, RT.17/RW.39, SEMBEGO, MAGUWOHARJO, KEC. DEPOK, KABUPATEN SLEMAN, DAERAH ISTIMEWA YOGYAKARTA 55281","ID_PROV":"34","PROVINSI":"DAERAH ISTIMEWA YOGYAKARTA","ID_KABKOT":"34.04","KABKOT":"SLEMAN","ID_KEC":"34.04.07","KECAMATAN":"DEPOK","ID_DESA":"34.04.07.2002","DESA":"MAGUWOHARJO","LONGITUDE":110.4392837,"LATITUDE":-7.7650455,"STATUS":"BUKA","TANGGAL PENGUMPULAN":"Q1 2024","TANGGAL UPDATE":"28/02/2025"}},{"type":"Feature","geometry":{"coordinates":[110.4014459,-7.7719141],"type":"Point"},"properties":{"fid":15823,"NAMA":"APOTEK \"KIMIA FARMA\"","TIPE_1":"KESEHATAN DAN PENGOBATAN","TIPE_2":"APOTEK","TIPE_3":"-","TELEPON":"0853-3633-5258","ALAMAT":"JL. WAHID HASYIM NO.44, DABAG, CONDONGCATUR, KEC. DEPOK, KABUPATEN SLEMAN, DAERAH ISTIMEWA YOGYAKARTA 55283","ID_PROV":"34","PROVINSI":"DAERAH ISTIMEWA YOGYAKARTA","ID_KABKOT":"34.04","KABKOT":"SLEMAN","ID_KEC":"34.04.07","KECAMATAN":"DEPOK","ID_DESA":"34.04.07.2003","DESA":"CONDONGCATUR","LONGITUDE":110.4014459,"LATITUDE":-7.7719141,"STATUS":"BUKA","TANGGAL PENGUMPULAN":"Q1 2024","TANGGAL UPDATE":"28/02/2025"}},{"type":"Feature","geometry":{"coordinates":[110.4005471,-7.7515658],"type":"Point"},"properties":{"fid":15824,"NAMA":"APOTEK ASRI","TIPE_1":"KESEHATAN DAN PENGOBATAN","TIPE_2":"APOTEK","TIPE_3":"-","TELEPON":"0823-3299-6427","ALAMAT":"JALAN ANGGAJAYA KRANGKUNGAN, CONDONG CATUR, DEPOK, SANGGRAHAN, CONDONGCATUR, KECAMATAN SLEMAN, SLEMAN REGENCY, SPECIAL REGION OF YOGYAKARTA 55384","ID_PROV":"34","PROVINSI":"DAERAH ISTIMEWA YOGYAKARTA","ID_KABKOT":"34.04","KABKOT":"SLEMAN","ID_KEC":"34.04.07","KECAMATAN":"DEPOK","ID_DESA":"34.04.07.2003","DESA":"CONDONGCATUR","LONGITUDE":110.4005471,"LATITUDE":-7.7515658,"STATUS":"BUKA","TANGGAL PENGUMPULAN":"Q1 2024","TANGGAL UPDATE":"28/02/2025"}},{"type":"Feature","geometry":{"coordinates":[110.3992888,-7.7460944],"type":"Point"},"properties":{"fid":15825,"NAMA":"APOTEK RAJAWALI","TIPE_1":"KESEHATAN DAN PENGOBATAN","TIPE_2":"APOTEK","TIPE_3":"-","TELEPON":"0812-8953-0223","ALAMAT":"JALAN RAJAWALI NO.55 SANGGRAHAN, MANUKAN, CONDONGCATUR, KEC. DEPOK, KABUPATEN SLEMAN, DAERAH ISTIMEWA YOGYAKARTA 55283","ID_PROV":"34","PROVINSI":"DAERAH ISTIMEWA YOGYAKARTA","ID_KABKOT":"34.04","KABKOT":"SLEMAN","ID_KEC":"34.04.07","KECAMATAN":"DEPOK","ID_DESA":"34.04.07.2003","DESA":"CONDONGCATUR","LONGITUDE":110.3992888,"LATITUDE":-7.7460944,"STATUS":"BUKA","TANGGAL PENGUMPULAN":"Q1 2024","TANGGAL UPDATE":"28/02/2025"}},{"type":"Feature","geometry":{"coordinates":[110.4279966,-7.7701432],"type":"Point"},"properties":{"fid":15826,"NAMA":"APOTEK PERJUANGAN","TIPE_1":"KESEHATAN DAN PENGOBATAN","TIPE_2":"APOTEK","TIPE_3":"-","TELEPON":"","ALAMAT":"JL. PERJUANGAN NO.88, SANGGRAHAN, MAGUWOHARJO, KEC. DEPOK, KABUPATEN SLEMAN, DAERAH ISTIMEWA YOGYAKARTA 55281","ID_PROV":"34","PROVINSI":"DAERAH ISTIMEWA YOGYAKARTA","ID_KABKOT":"34.04","KABKOT":"SLEMAN","ID_KEC":"34.04.07","KECAMATAN":"DEPOK","ID_DESA":"34.04.07.2002","DESA":"MAGUWOHARJO","LONGITUDE":110.4279966,"LATITUDE":-7.7701432,"STATUS":"BUKA","TANGGAL PENGUMPULAN":"Q1 2024","TANGGAL UPDATE":"28/02/2025"}},{"type":"Feature","geometry":{"coordinates":[110.4223821,-7.7619385],"type":"Point"},"properties":{"fid":15827,"NAMA":"APOTEK CINTA FARMA","TIPE_1":"KESEHATAN DAN PENGOBATAN","TIPE_2":"APOTEK","TIPE_3":"-","TELEPON":"0858-6964-4496","ALAMAT":"JL. TASURA NO.29, JENENGAN, MAGUWOHARJO, KEC. DEPOK, KABUPATEN SLEMAN, DAERAH ISTIMEWA YOGYAKARTA 55282","ID_PROV":"34","PROVINSI":"DAERAH ISTIMEWA YOGYAKARTA","ID_KABKOT":"34.04","KABKOT":"SLEMAN","ID_KEC":"34.04.07","KECAMATAN":"DEPOK","ID_DESA":"34.04.07.2002","DESA":"MAGUWOHARJO","LONGITUDE":110.4223821,"LATITUDE":-7.7619385,"STATUS":"BUKA","TANGGAL PENGUMPULAN":"Q1 2024","TANGGAL UPDATE":"28/02/2025"}},{"type":"Feature","geometry":{"coordinates":[110.4107103,-7.7661756],"type":"Point"},"properties":{"fid":15828,"NAMA":"APOTEK SS","TIPE_1":"KESEHATAN DAN PENGOBATAN","TIPE_2":"APOTEK","TIPE_3":"-","TELEPON":"(0274) 486618","ALAMAT":"JL. SETURAN RAYA NO.3, KLEDOKAN, CATURTUNGGAL, KEC. DEPOK, KABUPATEN SLEMAN, DAERAH ISTIMEWA YOGYAKARTA 55281","ID_PROV":"34","PROVINSI":"DAERAH ISTIMEWA YOGYAKARTA","ID_KABKOT":"34.04","KABKOT":"SLEMAN","ID_KEC":"34.04.07","KECAMATAN":"DEPOK","ID_DESA":"34.04.07.2001","DESA":"CATURTUNGGAL","LONGITUDE":110.4107103,"LATITUDE":-7.7661756,"STATUS":"BUKA","TANGGAL PENGUMPULAN":"Q1 2024","TANGGAL UPDATE":"28/02/2025"}},{"type":"Feature","geometry":{"coordinates":[110.3911001,-7.7637195],"type":"Point"},"properties":{"fid":15829,"NAMA":"APOTEK DERESAN","TIPE_1":"KESEHATAN DAN PENGOBATAN","TIPE_2":"APOTEK","TIPE_3":"-","TELEPON":"0882-0058-51879","ALAMAT":"JL. DERESAN I NO.2, MANGGUNG, CATURTUNGGAL, KEC. DEPOK, KABUPATEN SLEMAN, DAERAH ISTIMEWA YOGYAKARTA 55281","ID_PROV":"34","PROVINSI":"DAERAH ISTIMEWA YOGYAKARTA","ID_KABKOT":"34.04","KABKOT":"SLEMAN","ID_KEC":"34.04.07","KECAMATAN":"DEPOK","ID_DESA":"34.04.07.2001","DESA":"CATURTUNGGAL","LONGITUDE":110.3911001,"LATITUDE":-7.7637195,"STATUS":"BUKA","TANGGAL PENGUMPULAN":"Q1 2024","TANGGAL UPDATE":"28/02/2025"}},{"type":"Feature","geometry":{"coordinates":[110.395453,-7.7580289],"type":"Point"},"properties":{"fid":15831,"NAMA":"APOTEK DEPOK","TIPE_1":"KESEHATAN DAN PENGOBATAN","TIPE_2":"APOTEK","TIPE_3":"-","TELEPON":"(0274) 886892","ALAMAT":"JL. ANGGAJAYA NO.1, RT.01/RW.29, GEJAYAN, CONDONGCATUR, KEC. DEPOK, KABUPATEN SLEMAN, DAERAH ISTIMEWA YOGYAKARTA 55283","ID_PROV":"34","PROVINSI":"DAERAH ISTIMEWA YOGYAKARTA","ID_KABKOT":"34.04","KABKOT":"SLEMAN","ID_KEC":"34.04.07","KECAMATAN":"DEPOK","ID_DESA":"34.04.07.2003","DESA":"CONDONGCATUR","LONGITUDE":110.395453,"LATITUDE":-7.7580289,"STATUS":"BUKA","TANGGAL PENGUMPULAN":"Q1 2024","TANGGAL UPDATE":"28/02/2025"}},{"type":"Feature","geometry":{"coordinates":[110.397509,-7.783005],"type":"Point"},"properties":{"fid":15832,"NAMA":"G N C","TIPE_1":"KESEHATAN DAN PENGOBATAN","TIPE_2":"APOTEK","TIPE_3":"-","TELEPON":"(0274) 4331000","ALAMAT":"AMBARUKMO PLAZA LOWERGROUND, JL LAKSDA ADI SUCIPTO, CATUR TUNGGAL, DEPOK, SLEMAN, PAPRINGAN, CATURTUNGGAL, YOGYAKARTA, KABUPATEN SLEMAN, DAERAH ISTIMEWA YOGYAKARTA 55281","ID_PROV":"34","PROVINSI":"DAERAH ISTIMEWA YOGYAKARTA","ID_KABKOT":"34.04","KABKOT":"SLEMAN","ID_KEC":"34.04.07","KECAMATAN":"DEPOK","ID_DESA":"34.04.07.2001","DESA":"CATURTUNGGAL","LONGITUDE":110.397509,"LATITUDE":-7.783005,"STATUS":"BUKA","TANGGAL PENGUMPULAN":"Q1 2024","TANGGAL UPDATE":"28/02/2025"}},{"type":"Feature","geometry":{"coordinates":[110.4061159,-7.7830592],"type":"Point"},"properties":{"fid":15834,"NAMA":"APOTEK ORIMEDIC","TIPE_1":"KESEHATAN DAN PENGOBATAN","TIPE_2":"APOTEK","TIPE_3":"-","TELEPON":"(0274) 484456","ALAMAT":"JL. LAKSDA ADISUCIPTO KM 6 NO.15, AMBARUKMO, CATURTUNGGAL, KEC. DEPOK, KABUPATEN SLEMAN, DAERAH ISTIMEWA YOGYAKARTA 55281","ID_PROV":"34","PROVINSI":"DAERAH ISTIMEWA YOGYAKARTA","ID_KABKOT":"34.04","KABKOT":"SLEMAN","ID_KEC":"34.04.07","KECAMATAN":"DEPOK","ID_DESA":"34.04.07.2001","DESA":"CATURTUNGGAL","LONGITUDE":110.4061159,"LATITUDE":-7.7830592,"STATUS":"BUKA","TANGGAL PENGUMPULAN":"Q1 2024","TANGGAL UPDATE":"28/02/2025"}},{"type":"Feature","geometry":{"coordinates":[110.3927905,-7.7785469],"type":"Point"},"properties":{"fid":15835,"NAMA":"APOTEK K-24 DEMANGAN BARU YOGYAKARTA","TIPE_1":"KESEHATAN DAN PENGOBATAN","TIPE_2":"APOTEK","TIPE_3":"-","TELEPON":"0895-3230-90889","ALAMAT":"JL. DEMANGAN BARU, DEMANGAN BARU, CATURTUNGGAL, KEC. DEPOK, KABUPATEN SLEMAN, DAERAH ISTIMEWA YOGYAKARTA 55281","ID_PROV":"34","PROVINSI":"DAERAH ISTIMEWA YOGYAKARTA","ID_KABKOT":"34.04","KABKOT":"SLEMAN","ID_KEC":"34.04.07","KECAMATAN":"DEPOK","ID_DESA":"34.04.07.2001","DESA":"CATURTUNGGAL","LONGITUDE":110.3927905,"LATITUDE":-7.7785469,"STATUS":"BUKA","TANGGAL PENGUMPULAN":"Q1 2024","TANGGAL UPDATE":"28/02/2025"}},{"type":"Feature","geometry":{"coordinates":[110.2932564,-7.7513184],"type":"Point"},"properties":{"fid":15836,"NAMA":"KURNIA FARMA APOTEK","TIPE_1":"KESEHATAN DAN PENGOBATAN","TIPE_2":"APOTEK","TIPE_3":"-","TELEPON":"0821-3768-1988","ALAMAT":"JL. GODEAN - SEYEGAN, KLACI 1, MARGOLUWIH, KEC. SEYEGAN, KABUPATEN SLEMAN, DAERAH ISTIMEWA YOGYAKARTA 55561","ID_PROV":"34","PROVINSI":"DAERAH ISTIMEWA YOGYAKARTA","ID_KABKOT":"34.04","KABKOT":"SLEMAN","ID_KEC":"34.04.05","KECAMATAN":"SEYEGAN","ID_DESA":"34.04.05.2001","DESA":"MARGOLUWIH","LONGITUDE":110.2932564,"LATITUDE":-7.7513184,"STATUS":"BUKA","TANGGAL PENGUMPULAN":"Q1 2024","TANGGAL UPDATE":"28/02/2025"}},{"type":"Feature","geometry":{"coordinates":[110.2906368,-7.763168],"type":"Point"},"properties":{"fid":15837,"NAMA":"APOTEK SIDOLUHUR","TIPE_1":"KESEHATAN DAN PENGOBATAN","TIPE_2":"APOTEK","TIPE_3":"-","TELEPON":"0812-2263-9747","ALAMAT":"JL. JAE SUMANTORO, PANDEAN VII, SIDOLUHUR, KEC. GODEAN, KABUPATEN SLEMAN, DAERAH ISTIMEWA YOGYAKARTA 55264","ID_PROV":"34","PROVINSI":"DAERAH ISTIMEWA YOGYAKARTA","ID_KABKOT":"34.04","KABKOT":"SLEMAN","ID_KEC":"34.04.02","KECAMATAN":"GODEAN","ID_DESA":"34.04.02.2002","DESA":"SIDOLUHUR","LONGITUDE":110.2906368,"LATITUDE":-7.763168,"STATUS":"BUKA","TANGGAL PENGUMPULAN":"Q1 2024","TANGGAL UPDATE":"28/02/2025"}},{"type":"Feature","geometry":{"coordinates":[110.3162282,-7.7817116],"type":"Point"},"properties":{"fid":15840,"NAMA":"MASNUR STORE","TIPE_1":"KESEHATAN DAN PENGOBATAN","TIPE_2":"APOTEK","TIPE_3":"-","TELEPON":"","ALAMAT":"KRAMAT KIDUL RT02 RW.19, AREA SAWAH, SIDOARUM, GODEAN, SLEMAN REGENCY, SPECIAL REGION OF YOGYAKARTA 55264","ID_PROV":"34","PROVINSI":"DAERAH ISTIMEWA YOGYAKARTA","ID_KABKOT":"34.04","KABKOT":"SLEMAN","ID_KEC":"34.04.02","KECAMATAN":"GODEAN","ID_DESA":"34.04.02.2006","DESA":"SIDOARUM","LONGITUDE":110.3162282,"LATITUDE":-7.7817116,"STATUS":"BUKA","TANGGAL PENGUMPULAN":"Q1 2024","TANGGAL UPDATE":"28/02/2025"}},{"type":"Feature","geometry":{"coordinates":[110.3218102,-7.7746276],"type":"Point"},"properties":{"fid":15841,"NAMA":"KLINIK SULASTRI","TIPE_1":"KESEHATAN DAN PENGOBATAN","TIPE_2":"APOTEK","TIPE_3":"-","TELEPON":"0857-1202-6307","ALAMAT":"JOMBORAN, RT.13/RW.06, BANTULAN, SIDOARUM, KEC. GODEAN, KABUPATEN SLEMAN, DAERAH ISTIMEWA YOGYAKARTA 55264","ID_PROV":"34","PROVINSI":"DAERAH ISTIMEWA YOGYAKARTA","ID_KABKOT":"34.04","KABKOT":"SLEMAN","ID_KEC":"34.04.02","KECAMATAN":"GODEAN","ID_DESA":"34.04.02.2006","DESA":"SIDOARUM","LONGITUDE":110.3218102,"LATITUDE":-7.7746276,"STATUS":"BUKA","TANGGAL PENGUMPULAN":"Q1 2024","TANGGAL UPDATE":"28/02/2025"}},{"type":"Feature","geometry":{"coordinates":[110.317711,-7.773935],"type":"Point"},"properties":{"fid":15842,"NAMA":"APOTEK SAHABAT KELUARGA","TIPE_1":"KESEHATAN DAN PENGOBATAN","TIPE_2":"APOTEK","TIPE_3":"-","TELEPON":"(0274) 6497317","ALAMAT":"JL. GESIKAN JL. NGAPAK - KENTHENG NO.7, COKRO KONTENG, SIDOARUM, KEC. GODEAN, KABUPATEN SLEMAN, DAERAH ISTIMEWA YOGYAKARTA 55264","ID_PROV":"34","PROVINSI":"DAERAH ISTIMEWA YOGYAKARTA","ID_KABKOT":"34.04","KABKOT":"SLEMAN","ID_KEC":"34.04.02","KECAMATAN":"GODEAN","ID_DESA":"34.04.02.2006","DESA":"SIDOARUM","LONGITUDE":110.317711,"LATITUDE":-7.773935,"STATUS":"BUKA","TANGGAL PENGUMPULAN":"Q1 2024","TANGGAL UPDATE":"28/02/2025"}},{"type":"Feature","geometry":{"coordinates":[110.2959381,-7.7823413],"type":"Point"},"properties":{"fid":15843,"NAMA":"APOTEK SEMBUH","TIPE_1":"KESEHATAN DAN PENGOBATAN","TIPE_2":"APOTEK","TIPE_3":"-","TELEPON":"0895-0658-3370","ALAMAT":"SEMBUH WETAN, SIDOKARTO, KEC. GODEAN, KABUPATEN SLEMAN, DAERAH ISTIMEWA YOGYAKARTA 55264","ID_PROV":"34","PROVINSI":"DAERAH ISTIMEWA YOGYAKARTA","ID_KABKOT":"34.04","KABKOT":"SLEMAN","ID_KEC":"34.04.02","KECAMATAN":"GODEAN","ID_DESA":"34.04.02.2005","DESA":"SIDOKARTO","LONGITUDE":110.2959381,"LATITUDE":-7.7823413,"STATUS":"BUKA","TANGGAL PENGUMPULAN":"Q1 2024","TANGGAL UPDATE":"28/02/2025"}},{"type":"Feature","geometry":{"coordinates":[110.3035301,-7.7800031],"type":"Point"},"properties":{"fid":15844,"NAMA":"APOTEK LILA MEDIKA","TIPE_1":"KESEHATAN DAN PENGOBATAN","TIPE_2":"APOTEK","TIPE_3":"-","TELEPON":"0895-0657-6570","ALAMAT":"NOGOSARI, SIDOKARTO, KEC. GODEAN, KABUPATEN SLEMAN, DAERAH ISTIMEWA YOGYAKARTA 55264","ID_PROV":"34","PROVINSI":"DAERAH ISTIMEWA YOGYAKARTA","ID_KABKOT":"34.04","KABKOT":"SLEMAN","ID_KEC":"34.04.02","KECAMATAN":"GODEAN","ID_DESA":"34.04.02.2005","DESA":"SIDOKARTO","LONGITUDE":110.3035301,"LATITUDE":-7.7800031,"STATUS":"BUKA","TANGGAL PENGUMPULAN":"Q1 2024","TANGGAL UPDATE":"28/02/2025"}},{"type":"Feature","geometry":{"coordinates":[110.2919734,-7.7598578],"type":"Point"},"properties":{"fid":15845,"NAMA":"APOTEK WICAKSONO FARMA","TIPE_1":"KESEHATAN DAN PENGOBATAN","TIPE_2":"APOTEK","TIPE_3":"-","TELEPON":"0881-0822-02918","ALAMAT":"SENOBOYO RT 02, RW.09, SIDOAGUNG, KEC. GODEAN, KABUPATEN SLEMAN, DAERAH ISTIMEWA YOGYAKARTA 55564","ID_PROV":"34","PROVINSI":"DAERAH ISTIMEWA YOGYAKARTA","ID_KABKOT":"34.04","KABKOT":"SLEMAN","ID_KEC":"34.04.02","KECAMATAN":"GODEAN","ID_DESA":"34.04.02.2004","DESA":"SIDOAGUNG","LONGITUDE":110.2919734,"LATITUDE":-7.7598578,"STATUS":"BUKA","TANGGAL PENGUMPULAN":"Q1 2024","TANGGAL UPDATE":"28/02/2025"}},{"type":"Feature","geometry":{"coordinates":[110.2773363,-7.7627128],"type":"Point"},"properties":{"fid":15846,"NAMA":"APOTEK JASUN","TIPE_1":"KESEHATAN DAN PENGOBATAN","TIPE_2":"APOTEK","TIPE_3":"-","TELEPON":"0822-1376-1376","ALAMAT":"JL. NGAPAK - KENTHENG NO.12, BERJO KIDUL, SIDOLUHUR, KEC. GODEAN, KABUPATEN SLEMAN, DAERAH ISTIMEWA YOGYAKARTA 55264","ID_PROV":"34","PROVINSI":"DAERAH ISTIMEWA YOGYAKARTA","ID_KABKOT":"34.04","KABKOT":"SLEMAN","ID_KEC":"34.04.02","KECAMATAN":"GODEAN","ID_DESA":"34.04.02.2002","DESA":"SIDOLUHUR","LONGITUDE":110.2773363,"LATITUDE":-7.7627128,"STATUS":"BUKA","TANGGAL PENGUMPULAN":"Q1 2024","TANGGAL UPDATE":"28/02/2025"}},{"type":"Feature","geometry":{"coordinates":[110.2721418,-7.7619891],"type":"Point"},"properties":{"fid":15847,"NAMA":"APOTEK PS PENGASIH","TIPE_1":"KESEHATAN DAN PENGOBATAN","TIPE_2":"APOTEK","TIPE_3":"-","TELEPON":"0852-9339-9953","ALAMAT":"JL. NGAPAK - KENTHENG NO.12, AREA SAWAH, SIDOLUHUR, KEC. GODEAN, KABUPATEN SLEMAN, DAERAH ISTIMEWA YOGYAKARTA 55264","ID_PROV":"34","PROVINSI":"DAERAH ISTIMEWA YOGYAKARTA","ID_KABKOT":"34.04","KABKOT":"SLEMAN","ID_KEC":"34.04.02","KECAMATAN":"GODEAN","ID_DESA":"34.04.02.2002","DESA":"SIDOLUHUR","LONGITUDE":110.2721418,"LATITUDE":-7.7619891,"STATUS":"BUKA","TANGGAL PENGUMPULAN":"Q1 2024","TANGGAL UPDATE":"28/02/2025"}},{"type":"Feature","geometry":{"coordinates":[110.2918219,-7.7668271],"type":"Point"},"properties":{"fid":15848,"NAMA":"APOTEK AN-NUR","TIPE_1":"KESEHATAN DAN PENGOBATAN","TIPE_2":"APOTEK","TIPE_3":"-","TELEPON":"(0274) 797620","ALAMAT":"JL. NGAPAK - KENTHENG NO.KM 10, JETIS, SIDOAGUNG, KEC. GODEAN, KABUPATEN SLEMAN, DAERAH ISTIMEWA YOGYAKARTA 55264","ID_PROV":"34","PROVINSI":"DAERAH ISTIMEWA YOGYAKARTA","ID_KABKOT":"34.04","KABKOT":"SLEMAN","ID_KEC":"34.04.02","KECAMATAN":"GODEAN","ID_DESA":"34.04.02.2004","DESA":"SIDOAGUNG","LONGITUDE":110.2918219,"LATITUDE":-7.7668271,"STATUS":"BUKA","TANGGAL PENGUMPULAN":"Q1 2024","TANGGAL UPDATE":"28/02/2025"}},{"type":"Feature","geometry":{"coordinates":[110.288839,-7.766016],"type":"Point"},"properties":{"fid":15849,"NAMA":"APOTEK \"INSANI\"","TIPE_1":"KESEHATAN DAN PENGOBATAN","TIPE_2":"APOTEK","TIPE_3":"-","TELEPON":"(0274) 798023","ALAMAT":"JL. NGAPAK - KENTHENG NO.KM, RW.10, KUNDEN, SIDOLUHUR, KEC. GODEAN, KABUPATEN SLEMAN, DAERAH ISTIMEWA YOGYAKARTA 55264","ID_PROV":"34","PROVINSI":"DAERAH ISTIMEWA YOGYAKARTA","ID_KABKOT":"34.04","KABKOT":"SLEMAN","ID_KEC":"34.04.02","KECAMATAN":"GODEAN","ID_DESA":"34.04.02.2002","DESA":"SIDOLUHUR","LONGITUDE":110.288839,"LATITUDE":-7.766016,"STATUS":"BUKA","TANGGAL PENGUMPULAN":"Q1 2024","TANGGAL UPDATE":"28/02/2025"}},{"type":"Feature","geometry":{"coordinates":[110.3205092,-7.7569787],"type":"Point"},"properties":{"fid":15866,"NAMA":"APOTEK PUNGGAWA FARMA SIDOMOYO","TIPE_1":"KESEHATAN DAN PENGOBATAN","TIPE_2":"APOTEK","TIPE_3":"-","TELEPON":"0896-8839-4451","ALAMAT":"JL. SIDOMOYO, DUKUH, SIDOMOYO, KEC. GODEAN, KABUPATEN SLEMAN, DAERAH ISTIMEWA YOGYAKARTA 55264","ID_PROV":"34","PROVINSI":"DAERAH ISTIMEWA YOGYAKARTA","ID_KABKOT":"34.04","KABKOT":"SLEMAN","ID_KEC":"34.04.02","KECAMATAN":"GODEAN","ID_DESA":"34.04.02.2007","DESA":"SIDOMOYO","LONGITUDE":110.3205092,"LATITUDE":-7.7569787,"STATUS":"BUKA","TANGGAL PENGUMPULAN":"Q1 2024","TANGGAL UPDATE":"28/02/2025"}},{"type":"Feature","geometry":{"coordinates":[110.5441364,-7.8191853],"type":"Point"},"properties":{"fid":16023,"NAMA":"AVICENNA ARBY NUGROHO","TIPE_1":"KESEHATAN DAN PENGOBATAN","TIPE_2":"APOTEK","TIPE_3":"-","TELEPON":"0856-0100-0970","ALAMAT":"BUNCAR, NAWUNG, GAYAMHARJO, KEC. PRAMBANAN, KABUPATEN SLEMAN, DAERAH ISTIMEWA YOGYAKARTA 55572","ID_PROV":"34","PROVINSI":"DAERAH ISTIMEWA YOGYAKARTA","ID_KABKOT":"34.04","KABKOT":"SLEMAN","ID_KEC":"34.04.09","KECAMATAN":"PRAMBANAN","ID_DESA":"34.04.09.2003","DESA":"GAYAMHARJO","LONGITUDE":110.5441364,"LATITUDE":-7.8191853,"STATUS":"BUKA","TANGGAL PENGUMPULAN":"Q1 2024","TANGGAL UPDATE":"28/02/2025"}},{"type":"Feature","geometry":{"coordinates":[110.4714244,-7.7843899],"type":"Point"},"properties":{"fid":18375,"NAMA":"STOKIST MILAGROS PRAMBANAN","TIPE_1":"KESEHATAN DAN PENGOBATAN","TIPE_2":"APOTEK","TIPE_3":"-","TELEPON":"0817-261-352","ALAMAT":"JAMUSAN, RT.004/RW.029, JAMUSAN, BOKOHARJO, KEC. PRAMBANAN, KABUPATEN SLEMAN, DAERAH ISTIMEWA YOGYAKARTA 55572","ID_PROV":"34","PROVINSI":"DAERAH ISTIMEWA YOGYAKARTA","ID_KABKOT":"34.04","KABKOT":"SLEMAN","ID_KEC":"34.04.09","KECAMATAN":"PRAMBANAN","ID_DESA":"34.04.09.2006","DESA":"BOKOHARJO","LONGITUDE":110.4714244,"LATITUDE":-7.7843899,"STATUS":"BUKA","TANGGAL PENGUMPULAN":"Q1 2024","TANGGAL UPDATE":"28/02/2025"}},{"type":"Feature","geometry":{"coordinates":[110.4526872,-7.7308028],"type":"Point"},"properties":{"fid":18376,"NAMA":"AGEN MADU MURNI DAN MINYAK KAYU PUTIH MURNI PERHUTANI","TIPE_1":"KESEHATAN DAN PENGOBATAN","TIPE_2":"APOTEK","TIPE_3":"-","TELEPON":"0812-2828-852","ALAMAT":"SANGGRAHAN, PURWOMARTANI, KEC. KALASAN, KABUPATEN SLEMAN, DAERAH ISTIMEWA YOGYAKARTA 55571","ID_PROV":"34","PROVINSI":"DAERAH ISTIMEWA YOGYAKARTA","ID_KABKOT":"34.04","KABKOT":"SLEMAN","ID_KEC":"34.04.10","KECAMATAN":"KALASAN","ID_DESA":"34.04.10.2001","DESA":"PURWOMARTANI","LONGITUDE":110.4526872,"LATITUDE":-7.7308028,"STATUS":"BUKA","TANGGAL PENGUMPULAN":"Q1 2024","TANGGAL UPDATE":"28/02/2025"}},{"type":"Feature","geometry":{"coordinates":[110.4824453,-7.7797885],"type":"Point"},"properties":{"fid":18410,"NAMA":"APOTEK AL-FAZZA 2 PRAMBANAN","TIPE_1":"KESEHATAN DAN PENGOBATAN","TIPE_2":"APOTEK","TIPE_3":"-","TELEPON":"0856-4011-3346","ALAMAT":"JL. RAYA PIYUNGAN - PRAMBANAN, KM 3.5 JOBOHAN RT 02, RW.22, BOKOHARJO, KEC. PRAMBANAN, KABUPATEN SLEMAN, DAERAH ISTIMEWA YOGYAKARTA 55572","ID_PROV":"34","PROVINSI":"DAERAH ISTIMEWA YOGYAKARTA","ID_KABKOT":"34.04","KABKOT":"SLEMAN","ID_KEC":"34.04.09","KECAMATAN":"PRAMBANAN","ID_DESA":"34.04.09.2006","DESA":"BOKOHARJO","LONGITUDE":110.4824453,"LATITUDE":-7.7797885,"STATUS":"BUKA","TANGGAL PENGUMPULAN":"Q1 2024","TANGGAL UPDATE":"28/02/2025"}},{"type":"Feature","geometry":{"coordinates":[110.4721695,-7.7302576],"type":"Point"},"properties":{"fid":18411,"NAMA":"APOTEK TAMBAKMAS","TIPE_1":"KESEHATAN DAN PENGOBATAN","TIPE_2":"APOTEK","TIPE_3":"-","TELEPON":"","ALAMAT":"KM.6, KLEDOKAN,, JL. RAYA CANGKRINGAN, KLEDOAN, SELOMARTANI, KEC. KALASAN, KABUPATEN SLEMAN, DAERAH ISTIMEWA YOGYAKARTA 55571","ID_PROV":"34","PROVINSI":"DAERAH ISTIMEWA YOGYAKARTA","ID_KABKOT":"34.04","KABKOT":"SLEMAN","ID_KEC":"34.04.10","KECAMATAN":"KALASAN","ID_DESA":"34.04.10.2004","DESA":"SELOMARTANI","LONGITUDE":110.4721695,"LATITUDE":-7.7302576,"STATUS":"BUKA","TANGGAL PENGUMPULAN":"Q1 2024","TANGGAL UPDATE":"28/02/2025"}},{"type":"Feature","geometry":{"coordinates":[110.488972,-7.764508],"type":"Point"},"properties":{"fid":18412,"NAMA":"APOTEK SATRIA TIGA","TIPE_1":"KESEHATAN DAN PENGOBATAN","TIPE_2":"APOTEK","TIPE_3":"-","TELEPON":"(0274) 497620","ALAMAT":"JALAN, GATAK, BOKOHARJO, KEC. PRAMBANAN, KABUPATEN SLEMAN, DAERAH ISTIMEWA YOGYAKARTA 55572","ID_PROV":"34","PROVINSI":"DAERAH ISTIMEWA YOGYAKARTA","ID_KABKOT":"34.04","KABKOT":"SLEMAN","ID_KEC":"34.04.09","KECAMATAN":"PRAMBANAN","ID_DESA":"34.04.09.2006","DESA":"BOKOHARJO","LONGITUDE":110.488972,"LATITUDE":-7.764508,"STATUS":"BUKA","TANGGAL PENGUMPULAN":"Q1 2024","TANGGAL UPDATE":"28/02/2025"}},{"type":"Feature","geometry":{"coordinates":[110.4881494,-7.7581636],"type":"Point"},"properties":{"fid":18413,"NAMA":"APOTEK HS-23","TIPE_1":"KESEHATAN DAN PENGOBATAN","TIPE_2":"APOTEK","TIPE_3":"-","TELEPON":"(0274) 496054","ALAMAT":"JL. RAYA PIYUNGAN - PRAMBANAN NO.118, KLURAK BARU, BOKOHARJO, KEC. PRAMBANAN, KABUPATEN SLEMAN, DAERAH ISTIMEWA YOGYAKARTA 55572","ID_PROV":"34","PROVINSI":"DAERAH ISTIMEWA YOGYAKARTA","ID_KABKOT":"34.04","KABKOT":"SLEMAN","ID_KEC":"34.04.09","KECAMATAN":"PRAMBANAN","ID_DESA":"34.04.09.2006","DESA":"BOKOHARJO","LONGITUDE":110.4881494,"LATITUDE":-7.7581636,"STATUS":"BUKA","TANGGAL PENGUMPULAN":"Q1 2024","TANGGAL UPDATE":"28/02/2025"}},{"type":"Feature","geometry":{"coordinates":[110.4884914,-7.7598783],"type":"Point"},"properties":{"fid":18414,"NAMA":"APOTEK ASY - SYIFA","TIPE_1":"KESEHATAN DAN PENGOBATAN","TIPE_2":"APOTEK","TIPE_3":"-","TELEPON":"0853-2809-0022","ALAMAT":"JL. RAYA PIYUNGAN - PRAMBANAN, KLURAK BARU, BOKOHARJO, KEC. PRAMBANAN, KABUPATEN SLEMAN, DAERAH ISTIMEWA YOGYAKARTA 55572","ID_PROV":"34","PROVINSI":"DAERAH ISTIMEWA YOGYAKARTA","ID_KABKOT":"34.04","KABKOT":"SLEMAN","ID_KEC":"34.04.09","KECAMATAN":"PRAMBANAN","ID_DESA":"34.04.09.2006","DESA":"BOKOHARJO","LONGITUDE":110.4884914,"LATITUDE":-7.7598783,"STATUS":"BUKA","TANGGAL PENGUMPULAN":"Q1 2024","TANGGAL UPDATE":"28/02/2025"}},{"type":"Feature","geometry":{"coordinates":[110.4798618,-7.727865],"type":"Point"},"properties":{"fid":18415,"NAMA":"RUMAH HERBA ANITA-RAHMAN","TIPE_1":"KESEHATAN DAN PENGOBATAN","TIPE_2":"APOTEK","TIPE_3":"-","TELEPON":"","ALAMAT":"JL. SENDEN 1, SENDEN 1, SELOMARTANI, KEC. KALASAN, KABUPATEN SLEMAN, DAERAH ISTIMEWA YOGYAKARTA 55571","ID_PROV":"34","PROVINSI":"DAERAH ISTIMEWA YOGYAKARTA","ID_KABKOT":"34.04","KABKOT":"SLEMAN","ID_KEC":"34.04.10","KECAMATAN":"KALASAN","ID_DESA":"34.04.10.2004","DESA":"SELOMARTANI","LONGITUDE":110.4798618,"LATITUDE":-7.727865,"STATUS":"BUKA","TANGGAL PENGUMPULAN":"Q1 2024","TANGGAL UPDATE":"28/02/2025"}},{"type":"Feature","geometry":{"coordinates":[110.4857858,-7.7488392],"type":"Point"},"properties":{"fid":18416,"NAMA":"KLINIK HERBAL CAHAYA HATI","TIPE_1":"KESEHATAN DAN PENGOBATAN","TIPE_2":"APOTEK","TIPE_3":"-","TELEPON":"","ALAMAT":"UNNAMED ROAD, KARANG MOJO, TAMANMARTANI, KEC. KALASAN, KABUPATEN SLEMAN, DAERAH ISTIMEWA YOGYAKARTA 55571","ID_PROV":"34","PROVINSI":"DAERAH ISTIMEWA YOGYAKARTA","ID_KABKOT":"34.04","KABKOT":"SLEMAN","ID_KEC":"34.04.10","KECAMATAN":"KALASAN","ID_DESA":"34.04.10.2003","DESA":"TAMANMARTANI","LONGITUDE":110.4857858,"LATITUDE":-7.7488392,"STATUS":"BUKA","TANGGAL PENGUMPULAN":"Q1 2024","TANGGAL UPDATE":"28/02/2025"}},{"type":"Feature","geometry":{"coordinates":[110.4525287,-7.7769327],"type":"Point"},"properties":{"fid":18417,"NAMA":"I CARE STORE OFFICIAL","TIPE_1":"KESEHATAN DAN PENGOBATAN","TIPE_2":"APOTEK","TIPE_3":"-","TELEPON":"","ALAMAT":"GG. BEO, CUPUWATU I, PURWOMARTANI, KEC. KALASAN, KABUPATEN SLEMAN, DAERAH ISTIMEWA YOGYAKARTA 55571","ID_PROV":"34","PROVINSI":"DAERAH ISTIMEWA YOGYAKARTA","ID_KABKOT":"34.04","KABKOT":"SLEMAN","ID_KEC":"34.04.10","KECAMATAN":"KALASAN","ID_DESA":"34.04.10.2001","DESA":"PURWOMARTANI","LONGITUDE":110.4525287,"LATITUDE":-7.7769327,"STATUS":"BUKA","TANGGAL PENGUMPULAN":"Q1 2024","TANGGAL UPDATE":"28/02/2025"}},{"type":"Feature","geometry":{"coordinates":[110.4886048,-7.756814],"type":"Point"},"properties":{"fid":18418,"NAMA":"KLINIK KECANTIKAN","TIPE_1":"KESEHATAN DAN PENGOBATAN","TIPE_2":"APOTEK","TIPE_3":"-","TELEPON":"","ALAMAT":"KLURAK BARU, BOKOHARJO, KEC. PRAMBANAN, KABUPATEN SLEMAN, DAERAH ISTIMEWA YOGYAKARTA 55572","ID_PROV":"34","PROVINSI":"DAERAH ISTIMEWA YOGYAKARTA","ID_KABKOT":"34.04","KABKOT":"SLEMAN","ID_KEC":"34.04.09","KECAMATAN":"PRAMBANAN","ID_DESA":"34.04.09.2006","DESA":"BOKOHARJO","LONGITUDE":110.4886048,"LATITUDE":-7.756814,"STATUS":"BUKA","TANGGAL PENGUMPULAN":"Q1 2024","TANGGAL UPDATE":"28/02/2025"}},{"type":"Feature","geometry":{"coordinates":[110.4730423,-7.7655545],"type":"Point"},"properties":{"fid":18419,"NAMA":"APOTEK TEKAT SEHAT","TIPE_1":"KESEHATAN DAN PENGOBATAN","TIPE_2":"APOTEK","TIPE_3":"-","TELEPON":"(0274) 2854784","ALAMAT":"JL. RAYA SOLO - YOGYAKARTA JL. KALIBENING NO.KM 14, GLONDONG, TIRTOMARTANI, KEC. KALASAN, KABUPATEN SLEMAN, DAERAH ISTIMEWA YOGYAKARTA 55571","ID_PROV":"34","PROVINSI":"DAERAH ISTIMEWA YOGYAKARTA","ID_KABKOT":"34.04","KABKOT":"SLEMAN","ID_KEC":"34.04.10","KECAMATAN":"KALASAN","ID_DESA":"34.04.10.2002","DESA":"TIRTOMARTANI","LONGITUDE":110.4730423,"LATITUDE":-7.7655545,"STATUS":"BUKA","TANGGAL PENGUMPULAN":"Q1 2024","TANGGAL UPDATE":"28/02/2025"}},{"type":"Feature","geometry":{"coordinates":[110.4546575,-7.7402551],"type":"Point"},"properties":{"fid":18420,"NAMA":"APOTEK ZHAFIRA FARMA","TIPE_1":"KESEHATAN DAN PENGOBATAN","TIPE_2":"APOTEK","TIPE_3":"-","TELEPON":"0878-2322-5783","ALAMAT":"JL. GRENJENG, KARANGMOJO, PURWOMARTANI, KEC. KALASAN, KABUPATEN SLEMAN, DAERAH ISTIMEWA YOGYAKARTA 55571","ID_PROV":"34","PROVINSI":"DAERAH ISTIMEWA YOGYAKARTA","ID_KABKOT":"34.04","KABKOT":"SLEMAN","ID_KEC":"34.04.10","KECAMATAN":"KALASAN","ID_DESA":"34.04.10.2001","DESA":"PURWOMARTANI","LONGITUDE":110.4546575,"LATITUDE":-7.7402551,"STATUS":"BUKA","TANGGAL PENGUMPULAN":"Q1 2024","TANGGAL UPDATE":"28/02/2025"}},{"type":"Feature","geometry":{"coordinates":[110.4806828,-7.7542098],"type":"Point"},"properties":{"fid":18421,"NAMA":"APOTEK KENITEN FARMA","TIPE_1":"KESEHATAN DAN PENGOBATAN","TIPE_2":"APOTEK","TIPE_3":"-","TELEPON":"0889-8522-0797","ALAMAT":"JL. KENITEN, KENITEN, TAMANMARTANI, KEC. KALASAN, KABUPATEN SLEMAN, DAERAH ISTIMEWA YOGYAKARTA 55571","ID_PROV":"34","PROVINSI":"DAERAH ISTIMEWA YOGYAKARTA","ID_KABKOT":"34.04","KABKOT":"SLEMAN","ID_KEC":"34.04.10","KECAMATAN":"KALASAN","ID_DESA":"34.04.10.2003","DESA":"TAMANMARTANI","LONGITUDE":110.4806828,"LATITUDE":-7.7542098,"STATUS":"BUKA","TANGGAL PENGUMPULAN":"Q1 2024","TANGGAL UPDATE":"28/02/2025"}},{"type":"Feature","geometry":{"coordinates":[110.4488729,-7.7692237],"type":"Point"},"properties":{"fid":18423,"NAMA":"APOTEK KADIROJO","TIPE_1":"KESEHATAN DAN PENGOBATAN","TIPE_2":"APOTEK","TIPE_3":"-","TELEPON":"0812-9434-4518","ALAMAT":"JL. KADIROJO 2, KADIROJO I, PURWOMARTANI, KEC. KALASAN, KABUPATEN SLEMAN, DAERAH ISTIMEWA YOGYAKARTA 55571","ID_PROV":"34","PROVINSI":"DAERAH ISTIMEWA YOGYAKARTA","ID_KABKOT":"34.04","KABKOT":"SLEMAN","ID_KEC":"34.04.10","KECAMATAN":"KALASAN","ID_DESA":"34.04.10.2001","DESA":"PURWOMARTANI","LONGITUDE":110.4488729,"LATITUDE":-7.7692237,"STATUS":"BUKA","TANGGAL PENGUMPULAN":"Q1 2024","TANGGAL UPDATE":"28/02/2025"}},{"type":"Feature","geometry":{"coordinates":[110.4411294,-7.7536862],"type":"Point"},"properties":{"fid":18425,"NAMA":"APOTEK BERKAH FARMA","TIPE_1":"KESEHATAN DAN PENGOBATAN","TIPE_2":"APOTEK","TIPE_3":"-","TELEPON":"0819-3175-8198","ALAMAT":"JL. KADISOKA, KADISOKO, PURWOMARTANI, KEC. KALASAN, KABUPATEN SLEMAN, DAERAH ISTIMEWA YOGYAKARTA 55281","ID_PROV":"34","PROVINSI":"DAERAH ISTIMEWA YOGYAKARTA","ID_KABKOT":"34.04","KABKOT":"SLEMAN","ID_KEC":"34.04.10","KECAMATAN":"KALASAN","ID_DESA":"34.04.10.2001","DESA":"PURWOMARTANI","LONGITUDE":110.4411294,"LATITUDE":-7.7536862,"STATUS":"BUKA","TANGGAL PENGUMPULAN":"Q1 2024","TANGGAL UPDATE":"28/02/2025"}},{"type":"Feature","geometry":{"coordinates":[110.4828593,-7.7930753],"type":"Point"},"properties":{"fid":19952,"NAMA":"APOTEK K-24 POTROJAYAN SLEMAN","TIPE_1":"KESEHATAN DAN PENGOBATAN","TIPE_2":"APOTEK","TIPE_3":"-","TELEPON":"(0274) 4542339","ALAMAT":"JL. RAYA PIYUNGAN - PRAMBANAN NO.KM. 5, POTROJAYAN, MADUREJO, KEC. PRAMBANAN, KABUPATEN SLEMAN, DAERAH ISTIMEWA YOGYAKARTA 55572","ID_PROV":"34","PROVINSI":"DAERAH ISTIMEWA YOGYAKARTA","ID_KABKOT":"34.04","KABKOT":"SLEMAN","ID_KEC":"34.04.09","KECAMATAN":"PRAMBANAN","ID_DESA":"34.04.09.2005","DESA":"MADUREJO","LONGITUDE":110.4828593,"LATITUDE":-7.7930753,"STATUS":"BUKA","TANGGAL PENGUMPULAN":"Q1 2024","TANGGAL UPDATE":"28/02/2025"}},{"type":"Feature","geometry":{"coordinates":[110.3619508,-7.7527065],"type":"Point"},"properties":{"fid":20492,"NAMA":"APOTEK LARISSA","TIPE_1":"KESEHATAN DAN PENGOBATAN","TIPE_2":"APOTEK","TIPE_3":"-","TELEPON":"","ALAMAT":"JL. MAGELANG NO.22, KUTU PATRAN, SINDUADI, KEC. MLATI, KABUPATEN SLEMAN, DAERAH ISTIMEWA YOGYAKARTA 55284","ID_PROV":"34","PROVINSI":"DAERAH ISTIMEWA YOGYAKARTA","ID_KABKOT":"34.04","KABKOT":"SLEMAN","ID_KEC":"34.04.06","KECAMATAN":"MLATI","ID_DESA":"34.04.06.2001","DESA":"SINDUADI","LONGITUDE":110.3619508,"LATITUDE":-7.7527065,"STATUS":"BUKA","TANGGAL PENGUMPULAN":"Q1 2024","TANGGAL UPDATE":"28/02/2025"}},{"type":"Feature","geometry":{"coordinates":[110.2425838,-7.7547161],"type":"Point"},"properties":{"fid":21488,"NAMA":"FARMASI RSU PANTI BAKTININGSIH","TIPE_1":"KESEHATAN DAN PENGOBATAN","TIPE_2":"APOTEK","TIPE_3":"-","TELEPON":"(0274) 6497209","ALAMAT":"KLEPU, SENDANGMULYO, KEC. MINGGIR, KABUPATEN SLEMAN, DAERAH ISTIMEWA YOGYAKARTA 55562","ID_PROV":"34","PROVINSI":"DAERAH ISTIMEWA YOGYAKARTA","ID_KABKOT":"34.04","KABKOT":"SLEMAN","ID_KEC":"34.04.04","KECAMATAN":"MINGGIR","ID_DESA":"34.04.04.2002","DESA":"SENDANGMULYO","LONGITUDE":110.2425838,"LATITUDE":-7.7547161,"STATUS":"BUKA","TANGGAL PENGUMPULAN":"Q1 2024","TANGGAL UPDATE":"28/02/2025"}},{"type":"Feature","geometry":{"coordinates":[110.2718541,-7.7166206],"type":"Point"},"properties":{"fid":21489,"NAMA":"APOTEK SUMITOMO-( Ê§‹Ê¦²Ê¦¥Ê¦ºÊ¦´Ê¦ Ê¦¼Ê¦Ê§€Ê¦±Ê¦¸Ê¦©Ê¦¶Ê¦ Ê¦ºÊ¦´Ê¦©Ê¦ºÊ¦´ )","TIPE_1":"KESEHATAN DAN PENGOBATAN","TIPE_2":"APOTEK","TIPE_3":"-","TELEPON":"0857-2884-3033","ALAMAT":"JL. KEBON AGUNG NO.37, NGARAN, MARGOKATON, SEYEGAN, SLEMAN REGENCY, SPECIAL REGION OF YOGYAKARTA 55561","ID_PROV":"34","PROVINSI":"DAERAH ISTIMEWA YOGYAKARTA","ID_KABKOT":"34.04","KABKOT":"SLEMAN","ID_KEC":"34.04.05","KECAMATAN":"SEYEGAN","ID_DESA":"34.04.05.2003","DESA":"MARGOKATON","LONGITUDE":110.2718541,"LATITUDE":-7.7166206,"STATUS":"BUKA","TANGGAL PENGUMPULAN":"Q1 2024","TANGGAL UPDATE":"28/02/2025"}},{"type":"Feature","geometry":{"coordinates":[110.2623051,-7.7158417],"type":"Point"},"properties":{"fid":21491,"NAMA":"APOTEK ANUGRAH FARMA","TIPE_1":"KESEHATAN DAN PENGOBATAN","TIPE_2":"APOTEK","TIPE_3":"-","TELEPON":"","ALAMAT":"PARAKAN WETAN, SENDANGSARI, KEC. MINGGIR, KABUPATEN SLEMAN, DAERAH ISTIMEWA YOGYAKARTA 55562","ID_PROV":"34","PROVINSI":"DAERAH ISTIMEWA YOGYAKARTA","ID_KABKOT":"34.04","KABKOT":"SLEMAN","ID_KEC":"34.04.04","KECAMATAN":"MINGGIR","ID_DESA":"34.04.04.2004","DESA":"SENDANGSARI","LONGITUDE":110.2623051,"LATITUDE":-7.7158417,"STATUS":"BUKA","TANGGAL PENGUMPULAN":"Q1 2024","TANGGAL UPDATE":"28/02/2025"}},{"type":"Feature","geometry":{"coordinates":[110.2544962,-7.7745831],"type":"Point"},"properties":{"fid":21530,"NAMA":"AGEN STOK HNI HPAI","TIPE_1":"KESEHATAN DAN PENGOBATAN","TIPE_2":"APOTEK","TIPE_3":"-","TELEPON":"","ALAMAT":"JL. PONGGOK, PONGGOK, SUMBERAGUNG, KEC. MOYUDAN, KABUPATEN SLEMAN, DAERAH ISTIMEWA YOGYAKARTA 55563","ID_PROV":"34","PROVINSI":"DAERAH ISTIMEWA YOGYAKARTA","ID_KABKOT":"34.04","KABKOT":"SLEMAN","ID_KEC":"34.04.03","KECAMATAN":"MOYUDAN","ID_DESA":"34.04.03.2003","DESA":"SUMBERAGUNG","LONGITUDE":110.2544962,"LATITUDE":-7.7745831,"STATUS":"BUKA","TANGGAL PENGUMPULAN":"Q1 2024","TANGGAL UPDATE":"28/02/2025"}},{"type":"Feature","geometry":{"coordinates":[110.2664119,-7.7794781],"type":"Point"},"properties":{"fid":21531,"NAMA":"STOKIS OBAT HERBAL","TIPE_1":"KESEHATAN DAN PENGOBATAN","TIPE_2":"APOTEK","TIPE_3":"-","TELEPON":"0856-0188-7737","ALAMAT":"NASRI, SUMBERSARI, KEC. MOYUDAN, KABUPATEN SLEMAN, DAERAH ISTIMEWA YOGYAKARTA 55563","ID_PROV":"34","PROVINSI":"DAERAH ISTIMEWA YOGYAKARTA","ID_KABKOT":"34.04","KABKOT":"SLEMAN","ID_KEC":"34.04.03","KECAMATAN":"MOYUDAN","ID_DESA":"34.04.03.2002","DESA":"SUMBERSARI","LONGITUDE":110.2664119,"LATITUDE":-7.7794781,"STATUS":"BUKA","TANGGAL PENGUMPULAN":"Q1 2024","TANGGAL UPDATE":"28/02/2025"}},{"type":"Feature","geometry":{"coordinates":[110.3301495,-7.7332709],"type":"Point"},"properties":{"fid":21532,"NAMA":"APOTEK VIVA GENERIK MLATI","TIPE_1":"KESEHATAN DAN PENGOBATAN","TIPE_2":"APOTEK","TIPE_3":"-","TELEPON":"(0274) 869882","ALAMAT":"JL. GAJAH MADA NO.18, CEBONGAN LOR, TLOGOADI, KEC. MLATI, KABUPATEN SLEMAN, DAERAH ISTIMEWA YOGYAKARTA 55286","ID_PROV":"34","PROVINSI":"DAERAH ISTIMEWA YOGYAKARTA","ID_KABKOT":"34.04","KABKOT":"SLEMAN","ID_KEC":"34.04.06","KECAMATAN":"MLATI","ID_DESA":"34.04.06.2003","DESA":"TLOGOADI","LONGITUDE":110.3301495,"LATITUDE":-7.7332709,"STATUS":"BUKA","TANGGAL PENGUMPULAN":"Q1 2024","TANGGAL UPDATE":"28/02/2025"}},{"type":"Feature","geometry":{"coordinates":[110.3771729,-7.7360122],"type":"Point"},"properties":{"fid":21533,"NAMA":"APOTEK CITO FARMA","TIPE_1":"KESEHATAN DAN PENGOBATAN","TIPE_2":"APOTEK","TIPE_3":"-","TELEPON":"","ALAMAT":"JL. PALAGAN TENTARA PELAJAR NO.203 C, RW.21, MUDAL, SARIHARJO, KEC. NGAGLIK, KABUPATEN SLEMAN, DAERAH ISTIMEWA YOGYAKARTA 55581","ID_PROV":"34","PROVINSI":"DAERAH ISTIMEWA YOGYAKARTA","ID_KABKOT":"34.04","KABKOT":"SLEMAN","ID_KEC":"34.04.12","KECAMATAN":"NGAGLIK","ID_DESA":"34.04.12.2001","DESA":"SARIHARJO","LONGITUDE":110.3771729,"LATITUDE":-7.7360122,"STATUS":"BUKA","TANGGAL PENGUMPULAN":"Q1 2024","TANGGAL UPDATE":"28/02/2025"}},{"type":"Feature","geometry":{"coordinates":[110.3691006,-7.7636642],"type":"Point"},"properties":{"fid":21534,"NAMA":"AGEN GARAM HIMALAYA JOGJA","TIPE_1":"KESEHATAN DAN PENGOBATAN","TIPE_2":"APOTEK","TIPE_3":"-","TELEPON":"0859-7780-2272","ALAMAT":"JL. MONJALI NO.66 D, KUTU DUKUH, SINDUADI, KEC. MLATI, KABUPATEN SLEMAN, DAERAH ISTIMEWA YOGYAKARTA 55284","ID_PROV":"34","PROVINSI":"DAERAH ISTIMEWA YOGYAKARTA","ID_KABKOT":"34.04","KABKOT":"SLEMAN","ID_KEC":"34.04.06","KECAMATAN":"MLATI","ID_DESA":"34.04.06.2001","DESA":"SINDUADI","LONGITUDE":110.3691006,"LATITUDE":-7.7636642,"STATUS":"BUKA","TANGGAL PENGUMPULAN":"Q1 2024","TANGGAL UPDATE":"28/02/2025"}},{"type":"Feature","geometry":{"coordinates":[110.3206035,-7.7546742],"type":"Point"},"properties":{"fid":21535,"NAMA":"APOTIK SYAHFANA","TIPE_1":"KESEHATAN DAN PENGOBATAN","TIPE_2":"APOTEK","TIPE_3":"-","TELEPON":"","ALAMAT":"AREA SAWAH, SIDOMOYO, KEC. GODEAN, KABUPATEN SLEMAN, DAERAH ISTIMEWA YOGYAKARTA 55264","ID_PROV":"34","PROVINSI":"DAERAH ISTIMEWA YOGYAKARTA","ID_KABKOT":"34.04","KABKOT":"SLEMAN","ID_KEC":"34.04.02","KECAMATAN":"GODEAN","ID_DESA":"34.04.02.2007","DESA":"SIDOMOYO","LONGITUDE":110.3206035,"LATITUDE":-7.7546742,"STATUS":"BUKA","TANGGAL PENGUMPULAN":"Q1 2024","TANGGAL UPDATE":"28/02/2025"}},{"type":"Feature","geometry":{"coordinates":[110.362924,-7.7454331],"type":"Point"},"properties":{"fid":21536,"NAMA":"NOVARTIS. PT","TIPE_1":"KESEHATAN DAN PENGOBATAN","TIPE_2":"APOTEK","TIPE_3":"-","TELEPON":"(0274) 624537","ALAMAT":"JL. MAGELANG, KM. 4, 2, SINDUDADI, MLATI, JOMBOR LOR, SINDUADI, KEC. MLATI, KABUPATEN SLEMAN, DAERAH ISTIMEWA YOGYAKARTA 55284","ID_PROV":"34","PROVINSI":"DAERAH ISTIMEWA YOGYAKARTA","ID_KABKOT":"34.04","KABKOT":"SLEMAN","ID_KEC":"34.04.06","KECAMATAN":"MLATI","ID_DESA":"34.04.06.2001","DESA":"SINDUADI","LONGITUDE":110.362924,"LATITUDE":-7.7454331,"STATUS":"BUKA","TANGGAL PENGUMPULAN":"Q1 2024","TANGGAL UPDATE":"28/02/2025"}},{"type":"Feature","geometry":{"coordinates":[110.3699854,-7.7556181],"type":"Point"},"properties":{"fid":21537,"NAMA":"TOKO HERBAL MABRUK","TIPE_1":"KESEHATAN DAN PENGOBATAN","TIPE_2":"APOTEK","TIPE_3":"-","TELEPON":"0857-0225-0222","ALAMAT":"JL. MONJALI NO.59, GEMAWANG, SINDUADI, KEC. MLATI, KABUPATEN SLEMAN, DAERAH ISTIMEWA YOGYAKARTA 55284","ID_PROV":"34","PROVINSI":"DAERAH ISTIMEWA YOGYAKARTA","ID_KABKOT":"34.04","KABKOT":"SLEMAN","ID_KEC":"34.04.06","KECAMATAN":"MLATI","ID_DESA":"34.04.06.2001","DESA":"SINDUADI","LONGITUDE":110.3699854,"LATITUDE":-7.7556181,"STATUS":"BUKA","TANGGAL PENGUMPULAN":"Q1 2024","TANGGAL UPDATE":"28/02/2025"}},{"type":"Feature","geometry":{"coordinates":[110.3082963,-7.7219163],"type":"Point"},"properties":{"fid":21538,"NAMA":"PRADIPTA FARMA APOTEK","TIPE_1":"KESEHATAN DAN PENGOBATAN","TIPE_2":"APOTEK","TIPE_3":"-","TELEPON":"0896-1273-0137","ALAMAT":"JL. TEMPEL-SEYEGAN, KREGOLAN, MARGOMULYO, KEC. SEYEGAN, KABUPATEN SLEMAN, DAERAH ISTIMEWA YOGYAKARTA 55561","ID_PROV":"34","PROVINSI":"DAERAH ISTIMEWA YOGYAKARTA","ID_KABKOT":"34.04","KABKOT":"SLEMAN","ID_KEC":"34.04.05","KECAMATAN":"SEYEGAN","ID_DESA":"34.04.05.2002","DESA":"MARGODADI","LONGITUDE":110.3082963,"LATITUDE":-7.7219163,"STATUS":"BUKA","TANGGAL PENGUMPULAN":"Q1 2024","TANGGAL UPDATE":"28/02/2025"}},{"type":"Feature","geometry":{"coordinates":[110.3355003,-7.7161572],"type":"Point"},"properties":{"fid":21539,"NAMA":"APOTIK DALIJO","TIPE_1":"KESEHATAN DAN PENGOBATAN","TIPE_2":"APOTEK","TIPE_3":"-","TELEPON":"(0274) 895466","ALAMAT":"JL KIOS PAKEM, NO. 7-A/8-A RT 01 RW 36, PAKEMBINANGUN, PAKEM, WARAK KIDUL, SUMBERADI, KEC. SLEMAN, KABUPATEN SLEMAN, DAERAH ISTIMEWA YOGYAKARTA 55288","ID_PROV":"34","PROVINSI":"DAERAH ISTIMEWA YOGYAKARTA","ID_KABKOT":"34.04","KABKOT":"SLEMAN","ID_KEC":"34.04.06","KECAMATAN":"MLATI","ID_DESA":"34.04.06.2005","DESA":"SUMBERADI","LONGITUDE":110.3355003,"LATITUDE":-7.7161572,"STATUS":"BUKA","TANGGAL PENGUMPULAN":"Q1 2024","TANGGAL UPDATE":"28/02/2025"}},{"type":"Feature","geometry":{"coordinates":[110.3434644,-7.7242375],"type":"Point"},"properties":{"fid":21540,"NAMA":"NADIA LOUNDRY","TIPE_1":"KESEHATAN DAN PENGOBATAN","TIPE_2":"APOTEK","TIPE_3":"-","TELEPON":"","ALAMAT":"UNNAMED ROAD, AREA SAWAH, TLOGOADI, MLATI, SLEMAN REGENCY, SPECIAL REGION OF YOGYAKARTA 55286","ID_PROV":"34","PROVINSI":"DAERAH ISTIMEWA YOGYAKARTA","ID_KABKOT":"34.04","KABKOT":"SLEMAN","ID_KEC":"34.04.06","KECAMATAN":"MLATI","ID_DESA":"34.04.06.2003","DESA":"TLOGOADI","LONGITUDE":110.3434644,"LATITUDE":-7.7242375,"STATUS":"BUKA","TANGGAL PENGUMPULAN":"Q1 2024","TANGGAL UPDATE":"28/02/2025"}},{"type":"Feature","geometry":{"coordinates":[110.356512,-7.7289826],"type":"Point"},"properties":{"fid":21541,"NAMA":"SC HNI SLEMAN BE HEALTHY HALAL MART","TIPE_1":"KESEHATAN DAN PENGOBATAN","TIPE_2":"APOTEK","TIPE_3":"-","TELEPON":"0877-3254-9196","ALAMAT":"JL. BUMI MONJALI, JATIREJO, SENDANGADI, KEC. MLATI, KABUPATEN SLEMAN, DAERAH ISTIMEWA YOGYAKARTA","ID_PROV":"34","PROVINSI":"DAERAH ISTIMEWA YOGYAKARTA","ID_KABKOT":"34.04","KABKOT":"SLEMAN","ID_KEC":"34.04.06","KECAMATAN":"MLATI","ID_DESA":"34.04.06.2002","DESA":"SENDANGADI","LONGITUDE":110.356512,"LATITUDE":-7.7289826,"STATUS":"BUKA","TANGGAL PENGUMPULAN":"Q1 2024","TANGGAL UPDATE":"28/02/2025"}},{"type":"Feature","geometry":{"coordinates":[110.3281145,-7.7330762],"type":"Point"},"properties":{"fid":21549,"NAMA":"APOTEK THOYYIBAH","TIPE_1":"KESEHATAN DAN PENGOBATAN","TIPE_2":"APOTEK","TIPE_3":"-","TELEPON":"(0274) 4364301","ALAMAT":"RT.02/RW.36, BEDINGIN, SUMBERADI, KEC. MLATI, KABUPATEN SLEMAN, DAERAH ISTIMEWA YOGYAKARTA 55288","ID_PROV":"34","PROVINSI":"DAERAH ISTIMEWA YOGYAKARTA","ID_KABKOT":"34.04","KABKOT":"SLEMAN","ID_KEC":"34.04.06","KECAMATAN":"MLATI","ID_DESA":"34.04.06.2005","DESA":"SUMBERADI","LONGITUDE":110.3281145,"LATITUDE":-7.7330762,"STATUS":"BUKA","TANGGAL PENGUMPULAN":"Q1 2024","TANGGAL UPDATE":"28/02/2025"}},{"type":"Feature","geometry":{"coordinates":[110.3618542,-7.7557702],"type":"Point"},"properties":{"fid":21550,"NAMA":"APOTEK KIMIA FARMA JAMAL 5.5","TIPE_1":"KESEHATAN DAN PENGOBATAN","TIPE_2":"APOTEK","TIPE_3":"-","TELEPON":"0811-1067-8223","ALAMAT":"JL. MAGELANG NO.62, KUTU TEGAL, SINDUADI, KEC. MLATI, KABUPATEN SLEMAN, DAERAH ISTIMEWA YOGYAKARTA 55284","ID_PROV":"34","PROVINSI":"DAERAH ISTIMEWA YOGYAKARTA","ID_KABKOT":"34.04","KABKOT":"SLEMAN","ID_KEC":"34.04.06","KECAMATAN":"MLATI","ID_DESA":"34.04.06.2001","DESA":"SINDUADI","LONGITUDE":110.3618542,"LATITUDE":-7.7557702,"STATUS":"BUKA","TANGGAL PENGUMPULAN":"Q1 2024","TANGGAL UPDATE":"28/02/2025"}},{"type":"Feature","geometry":{"coordinates":[110.3313775,-7.7314026],"type":"Point"},"properties":{"fid":21551,"NAMA":"K24 SATELIT CEBONGAN","TIPE_1":"KESEHATAN DAN PENGOBATAN","TIPE_2":"APOTEK","TIPE_3":"-","TELEPON":"(0274) 867881","ALAMAT":"JL. KEBON AGUNG NO.KM 3, RT.04/RW.05, AREA SAWAH, TLOGOADI, KEC. MLATI, KABUPATEN SLEMAN, DAERAH ISTIMEWA YOGYAKARTA 55286","ID_PROV":"34","PROVINSI":"DAERAH ISTIMEWA YOGYAKARTA","ID_KABKOT":"34.04","KABKOT":"SLEMAN","ID_KEC":"34.04.06","KECAMATAN":"MLATI","ID_DESA":"34.04.06.2003","DESA":"TLOGOADI","LONGITUDE":110.3313775,"LATITUDE":-7.7314026,"STATUS":"BUKA","TANGGAL PENGUMPULAN":"Q1 2024","TANGGAL UPDATE":"28/02/2025"}},{"type":"Feature","geometry":{"coordinates":[110.3622883,-7.7414361],"type":"Point"},"properties":{"fid":21552,"NAMA":"CIK MOY","TIPE_1":"KESEHATAN DAN PENGOBATAN","TIPE_2":"APOTEK","TIPE_3":"-","TELEPON":"0859-5920-7716","ALAMAT":"JL. MAGELANG NO.KM 9.5, MLATI BENINGAN, SENDANGADI, KEC. MLATI, KABUPATEN SLEMAN, DAERAH ISTIMEWA YOGYAKARTA 55285","ID_PROV":"34","PROVINSI":"DAERAH ISTIMEWA YOGYAKARTA","ID_KABKOT":"34.04","KABKOT":"SLEMAN","ID_KEC":"34.04.06","KECAMATAN":"MLATI","ID_DESA":"34.04.06.2002","DESA":"SENDANGADI","LONGITUDE":110.3622883,"LATITUDE":-7.7414361,"STATUS":"BUKA","TANGGAL PENGUMPULAN":"Q1 2024","TANGGAL UPDATE":"28/02/2025"}},{"type":"Feature","geometry":{"coordinates":[110.276903,-7.7887865],"type":"Point"},"properties":{"fid":21622,"NAMA":"APOTEK NULIS","TIPE_1":"KESEHATAN DAN PENGOBATAN","TIPE_2":"APOTEK","TIPE_3":"-","TELEPON":"","ALAMAT":"MENULIS, SUMBERSARI, MOYUDAN, SLEMAN REGENCY, SPECIAL REGION OF YOGYAKARTA 55563","ID_PROV":"34","PROVINSI":"DAERAH ISTIMEWA YOGYAKARTA","ID_KABKOT":"34.04","KABKOT":"SLEMAN","ID_KEC":"34.04.03","KECAMATAN":"MOYUDAN","ID_DESA":"34.04.03.2002","DESA":"SUMBERSARI","LONGITUDE":110.276903,"LATITUDE":-7.7887865,"STATUS":"BUKA","TANGGAL PENGUMPULAN":"Q1 2024","TANGGAL UPDATE":"28/02/2025"}},{"type":"Feature","geometry":{"coordinates":[110.2768407,-7.7887729],"type":"Point"},"properties":{"fid":21624,"NAMA":"APOTEK KARUNIA FARMA","TIPE_1":"KESEHATAN DAN PENGOBATAN","TIPE_2":"APOTEK","TIPE_3":"-","TELEPON":"","ALAMAT":"MENULIS, SUMBERSARI, KEC. MOYUDAN, KABUPATEN SLEMAN, DAERAH ISTIMEWA YOGYAKARTA 55563","ID_PROV":"34","PROVINSI":"DAERAH ISTIMEWA YOGYAKARTA","ID_KABKOT":"34.04","KABKOT":"SLEMAN","ID_KEC":"34.04.03","KECAMATAN":"MOYUDAN","ID_DESA":"34.04.03.2002","DESA":"SUMBERSARI","LONGITUDE":110.2768407,"LATITUDE":-7.7887729,"STATUS":"BUKA","TANGGAL PENGUMPULAN":"Q1 2024","TANGGAL UPDATE":"28/02/2025"}},{"type":"Feature","geometry":{"coordinates":[110.2383368,-7.7880928],"type":"Point"},"properties":{"fid":21625,"NAMA":"KUSUMA HERBAL HPAI","TIPE_1":"KESEHATAN DAN PENGOBATAN","TIPE_2":"APOTEK","TIPE_3":"-","TELEPON":"0852-0129-9373","ALAMAT":"KEMBANGAN II, SUMBERRAHAYU, KEC. MOYUDAN, KABUPATEN SLEMAN, DAERAH ISTIMEWA YOGYAKARTA 55563","ID_PROV":"34","PROVINSI":"DAERAH ISTIMEWA YOGYAKARTA","ID_KABKOT":"34.04","KABKOT":"SLEMAN","ID_KEC":"34.04.03","KECAMATAN":"MOYUDAN","ID_DESA":"34.04.03.2001","DESA":"SUMBERRAHAYU","LONGITUDE":110.2383368,"LATITUDE":-7.7880928,"STATUS":"BUKA","TANGGAL PENGUMPULAN":"Q1 2024","TANGGAL UPDATE":"28/02/2025"}},{"type":"Feature","geometry":{"coordinates":[110.2645094,-7.7163459],"type":"Point"},"properties":{"fid":21631,"NAMA":"LAS VEGAS'18","TIPE_1":"KESEHATAN DAN PENGOBATAN","TIPE_2":"APOTEK","TIPE_3":"-","TELEPON":"","ALAMAT":"JL. KEBON AGUNG, NGEPRINGAN 3, SENDANGREJO, KEC. MINGGIR, KABUPATEN SLEMAN, DAERAH ISTIMEWA YOGYAKARTA 55562","ID_PROV":"34","PROVINSI":"DAERAH ISTIMEWA YOGYAKARTA","ID_KABKOT":"34.04","KABKOT":"SLEMAN","ID_KEC":"34.04.04","KECAMATAN":"MINGGIR","ID_DESA":"34.04.04.2005","DESA":"SENDANGREJO","LONGITUDE":110.2645094,"LATITUDE":-7.7163459,"STATUS":"BUKA","TANGGAL PENGUMPULAN":"Q1 2024","TANGGAL UPDATE":"28/02/2025"}},{"type":"Feature","geometry":{"coordinates":[110.2341405,-7.7259312],"type":"Point"},"properties":{"fid":21633,"NAMA":"KEDAI OBAT SENDANGAGUNG","TIPE_1":"KESEHATAN DAN PENGOBATAN","TIPE_2":"APOTEK","TIPE_3":"-","TELEPON":"","ALAMAT":"JL. RAYA BANJARARUM, KLIRAN, SENDANGAGUNG, KEC. MINGGIR, KABUPATEN SLEMAN, DAERAH ISTIMEWA YOGYAKARTA 55562","ID_PROV":"34","PROVINSI":"DAERAH ISTIMEWA YOGYAKARTA","ID_KABKOT":"34.04","KABKOT":"SLEMAN","ID_KEC":"34.04.04","KECAMATAN":"MINGGIR","ID_DESA":"34.04.04.2003","DESA":"SENDANGAGUNG","LONGITUDE":110.2341405,"LATITUDE":-7.7259312,"STATUS":"BUKA","TANGGAL PENGUMPULAN":"Q1 2024","TANGGAL UPDATE":"28/02/2025"}},{"type":"Feature","geometry":{"coordinates":[110.2515348,-7.7580168],"type":"Point"},"properties":{"fid":21634,"NAMA":"APOTEK DANI'S FARMA","TIPE_1":"KESEHATAN DAN PENGOBATAN","TIPE_2":"APOTEK","TIPE_3":"-","TELEPON":"(0274) 6558421","ALAMAT":"JL. NGAPAK - KENTHENG, NGIJON, SUMBERAGUNG, KEC. MOYUDAN, KABUPATEN SLEMAN, DAERAH ISTIMEWA YOGYAKARTA 55562","ID_PROV":"34","PROVINSI":"DAERAH ISTIMEWA YOGYAKARTA","ID_KABKOT":"34.04","KABKOT":"SLEMAN","ID_KEC":"34.04.04","KECAMATAN":"MINGGIR","ID_DESA":"34.04.04.2001","DESA":"SENDANGARUM","LONGITUDE":110.2515348,"LATITUDE":-7.7580168,"STATUS":"BUKA","TANGGAL PENGUMPULAN":"Q1 2024","TANGGAL UPDATE":"28/02/2025"}},{"type":"Feature","geometry":{"coordinates":[110.2503227,-7.7576385],"type":"Point"},"properties":{"fid":21635,"NAMA":"KEDAI OMAH OBAT NGIJON","TIPE_1":"KESEHATAN DAN PENGOBATAN","TIPE_2":"APOTEK","TIPE_3":"-","TELEPON":"0858-4236-9869","ALAMAT":"NGIJON, SENDANGARUM, KEC. MINGGIR, KABUPATEN SLEMAN, DAERAH ISTIMEWA YOGYAKARTA 55563","ID_PROV":"34","PROVINSI":"DAERAH ISTIMEWA YOGYAKARTA","ID_KABKOT":"34.04","KABKOT":"SLEMAN","ID_KEC":"34.04.04","KECAMATAN":"MINGGIR","ID_DESA":"34.04.04.2001","DESA":"SENDANGARUM","LONGITUDE":110.2503227,"LATITUDE":-7.7576385,"STATUS":"BUKA","TANGGAL PENGUMPULAN":"Q1 2024","TANGGAL UPDATE":"28/02/2025"}},{"type":"Feature","geometry":{"coordinates":[110.248272,-7.722828],"type":"Point"},"properties":{"fid":21636,"NAMA":"PAKUALAMAN STREET","TIPE_1":"KESEHATAN DAN PENGOBATAN","TIPE_2":"APOTEK","TIPE_3":"-","TELEPON":"","ALAMAT":"UNNAMED ROAD, WATU GAJAH, SENDANGAGUNG, KEC. MINGGIR, KABUPATEN SLEMAN, DAERAH ISTIMEWA YOGYAKARTA 55562","ID_PROV":"34","PROVINSI":"DAERAH ISTIMEWA YOGYAKARTA","ID_KABKOT":"34.04","KABKOT":"SLEMAN","ID_KEC":"34.04.04","KECAMATAN":"MINGGIR","ID_DESA":"34.04.04.2003","DESA":"SENDANGAGUNG","LONGITUDE":110.248272,"LATITUDE":-7.722828,"STATUS":"BUKA","TANGGAL PENGUMPULAN":"Q1 2024","TANGGAL UPDATE":"28/02/2025"}},{"type":"Feature","geometry":{"coordinates":[110.2351125,-7.7257859],"type":"Point"},"properties":{"fid":21637,"NAMA":"APOTEK SYIFA BONAGUNG","TIPE_1":"KESEHATAN DAN PENGOBATAN","TIPE_2":"APOTEK","TIPE_3":"-","TELEPON":"0812-2815-6063","ALAMAT":"JL. KEBON AGUNG, PLOMBANGAN, SENDANGAGUNG, KEC. MINGGIR, KABUPATEN SLEMAN, DAERAH ISTIMEWA YOGYAKARTA 55562","ID_PROV":"34","PROVINSI":"DAERAH ISTIMEWA YOGYAKARTA","ID_KABKOT":"34.04","KABKOT":"SLEMAN","ID_KEC":"34.04.04","KECAMATAN":"MINGGIR","ID_DESA":"34.04.04.2003","DESA":"SENDANGAGUNG","LONGITUDE":110.2351125,"LATITUDE":-7.7257859,"STATUS":"BUKA","TANGGAL PENGUMPULAN":"Q1 2024","TANGGAL UPDATE":"28/02/2025"}},{"type":"Feature","geometry":{"coordinates":[110.2569742,-7.7596658],"type":"Point"},"properties":{"fid":21638,"NAMA":"APOTEK NURANI","TIPE_1":"KESEHATAN DAN PENGOBATAN","TIPE_2":"APOTEK","TIPE_3":"-","TELEPON":"(0274) 700730","ALAMAT":"JALAN GEDONGAN, AREA SAWAH, SUMBERAGUNG, KEC. MOYUDAN, KABUPATEN SLEMAN, DAERAH ISTIMEWA YOGYAKARTA 55563","ID_PROV":"34","PROVINSI":"DAERAH ISTIMEWA YOGYAKARTA","ID_KABKOT":"34.04","KABKOT":"SLEMAN","ID_KEC":"34.04.03","KECAMATAN":"MOYUDAN","ID_DESA":"34.04.03.2003","DESA":"SUMBERAGUNG","LONGITUDE":110.2569742,"LATITUDE":-7.7596658,"STATUS":"BUKA","TANGGAL PENGUMPULAN":"Q1 2024","TANGGAL UPDATE":"28/02/2025"}},{"type":"Feature","geometry":{"coordinates":[110.2718855,-7.7166179],"type":"Point"},"properties":{"fid":21639,"NAMA":"APOTEK KOSUDGAMA TIGA","TIPE_1":"KESEHATAN DAN PENGOBATAN","TIPE_2":"APOTEK","TIPE_3":"-","TELEPON":"0856-4114-4742","ALAMAT":"JL. KEBON AGUNG NO.37, NGARAN, MARGOKATON, KEC. MINGGIR, KABUPATEN SLEMAN, DAERAH ISTIMEWA YOGYAKARTA 55561","ID_PROV":"34","PROVINSI":"DAERAH ISTIMEWA YOGYAKARTA","ID_KABKOT":"34.04","KABKOT":"SLEMAN","ID_KEC":"34.04.05","KECAMATAN":"SEYEGAN","ID_DESA":"34.04.05.2003","DESA":"MARGOKATON","LONGITUDE":110.2718855,"LATITUDE":-7.7166179,"STATUS":"BUKA","TANGGAL PENGUMPULAN":"Q1 2024","TANGGAL UPDATE":"28/02/2025"}},{"type":"Feature","geometry":{"coordinates":[110.2355897,-7.7305588],"type":"Point"},"properties":{"fid":21640,"NAMA":"SAVIO EVAN MSI YOGY","TIPE_1":"KESEHATAN DAN PENGOBATAN","TIPE_2":"APOTEK","TIPE_3":"-","TELEPON":"0812-8282-2072","ALAMAT":"SAIDAN, RT.03/RW.18, PLOMBANGAN, SENDANGAGUNG, KEC. MINGGIR, KABUPATEN SLEMAN, DAERAH ISTIMEWA YOGYAKARTA 55562","ID_PROV":"34","PROVINSI":"DAERAH ISTIMEWA YOGYAKARTA","ID_KABKOT":"34.04","KABKOT":"SLEMAN","ID_KEC":"34.04.04","KECAMATAN":"MINGGIR","ID_DESA":"34.04.04.2003","DESA":"SENDANGAGUNG","LONGITUDE":110.2355897,"LATITUDE":-7.7305588,"STATUS":"BUKA","TANGGAL PENGUMPULAN":"Q1 2024","TANGGAL UPDATE":"28/02/2025"}},{"type":"Feature","geometry":{"coordinates":[110.3621446,-7.7625964],"type":"Point"},"properties":{"fid":22417,"NAMA":"STOCKIST FIRMAX3 BUNDA DJUMARTI","TIPE_1":"KESEHATAN DAN PENGOBATAN","TIPE_2":"APOTEK","TIPE_3":"-","TELEPON":"0815-6880-055","ALAMAT":"KUTU DUKUH, SINDUADI, KEC. MLATI, KABUPATEN SLEMAN, DAERAH ISTIMEWA YOGYAKARTA 55284","ID_PROV":"34","PROVINSI":"DAERAH ISTIMEWA YOGYAKARTA","ID_KABKOT":"34.04","KABKOT":"SLEMAN","ID_KEC":"34.04.06","KECAMATAN":"MLATI","ID_DESA":"34.04.06.2001","DESA":"SINDUADI","LONGITUDE":110.3621446,"LATITUDE":-7.7625964,"STATUS":"BUKA","TANGGAL PENGUMPULAN":"Q1 2024","TANGGAL UPDATE":"28/02/2025"}},{"type":"Feature","geometry":{"coordinates":[110.3353266,-7.719056],"type":"Point"},"properties":{"fid":22418,"NAMA":"APOTEK BRAGA SLEMAN","TIPE_1":"KESEHATAN DAN PENGOBATAN","TIPE_2":"APOTEK","TIPE_3":"-","TELEPON":"0853-8969-2288","ALAMAT":"JL. PURBAYA, WARAK KIDUL, SUMBERADI, MLATI, SLEMAN REGENCY, SPECIAL REGION OF YOGYAKARTA","ID_PROV":"34","PROVINSI":"DAERAH ISTIMEWA YOGYAKARTA","ID_KABKOT":"34.04","KABKOT":"SLEMAN","ID_KEC":"34.04.06","KECAMATAN":"MLATI","ID_DESA":"34.04.06.2005","DESA":"SUMBERADI","LONGITUDE":110.3353266,"LATITUDE":-7.719056,"STATUS":"BUKA","TANGGAL PENGUMPULAN":"Q1 2024","TANGGAL UPDATE":"28/02/2025"}},{"type":"Feature","geometry":{"coordinates":[110.3112345,-7.7240396],"type":"Point"},"properties":{"fid":22451,"NAMA":"APOTEK MARGO SARAS","TIPE_1":"KESEHATAN DAN PENGOBATAN","TIPE_2":"APOTEK","TIPE_3":"-","TELEPON":"0822-2775-5005","ALAMAT":"JL. KEBON AGUNG, MRIYAN KULON, MARGOMULYO, KEC. SEYEGAN, KABUPATEN SLEMAN, DAERAH ISTIMEWA YOGYAKARTA 55561","ID_PROV":"34","PROVINSI":"DAERAH ISTIMEWA YOGYAKARTA","ID_KABKOT":"34.04","KABKOT":"SLEMAN","ID_KEC":"34.04.05","KECAMATAN":"SEYEGAN","ID_DESA":"34.04.05.2004","DESA":"MARGOMULYO","LONGITUDE":110.3112345,"LATITUDE":-7.7240396,"STATUS":"BUKA","TANGGAL PENGUMPULAN":"Q1 2024","TANGGAL UPDATE":"28/02/2025"}},{"type":"Feature","geometry":{"coordinates":[110.373591,-7.7685899],"type":"Point"},"properties":{"fid":22452,"NAMA":"APOTEK PELENGKAP","TIPE_1":"KESEHATAN DAN PENGOBATAN","TIPE_2":"APOTEK","TIPE_3":"-","TELEPON":"(0274) 587333","ALAMAT":"RSUP DR. SARDJITO, JL. BHINNEKA TUNGGAL IKA, SENDOWO, SINDUADI, MLATI, SLEMAN REGENCY, SPECIAL REGION OF YOGYAKARTA 55284","ID_PROV":"34","PROVINSI":"DAERAH ISTIMEWA YOGYAKARTA","ID_KABKOT":"34.04","KABKOT":"SLEMAN","ID_KEC":"34.04.06","KECAMATAN":"MLATI","ID_DESA":"34.04.06.2001","DESA":"SINDUADI","LONGITUDE":110.373591,"LATITUDE":-7.7685899,"STATUS":"BUKA","TANGGAL PENGUMPULAN":"Q1 2024","TANGGAL UPDATE":"28/02/2025"}},{"type":"Feature","geometry":{"coordinates":[110.3851328,-7.7528483],"type":"Point"},"properties":{"fid":22453,"NAMA":"CENTURY","TIPE_1":"KESEHATAN DAN PENGOBATAN","TIPE_2":"APOTEK","TIPE_3":"-","TELEPON":"(0274) 887781","ALAMAT":"SUPERINDO KALIURANG JL. KALIURANG KM 6.2 NO. 51 SINDUADI, PURWOSARI, KEC. MLATI, KABUPATEN SLEMAN, DAERAH ISTIMEWA YOGYAKARTA 55582","ID_PROV":"34","PROVINSI":"DAERAH ISTIMEWA YOGYAKARTA","ID_KABKOT":"34.04","KABKOT":"SLEMAN","ID_KEC":"34.04.07","KECAMATAN":"DEPOK","ID_DESA":"34.04.07.2001","DESA":"CATURTUNGGAL","LONGITUDE":110.3851328,"LATITUDE":-7.7528483,"STATUS":"BUKA","TANGGAL PENGUMPULAN":"Q1 2024","TANGGAL UPDATE":"28/02/2025"}},{"type":"Feature","geometry":{"coordinates":[110.3740046,-7.7228036],"type":"Point"},"properties":{"fid":22454,"NAMA":"APOTIK INDO ALLURE","TIPE_1":"KESEHATAN DAN PENGOBATAN","TIPE_2":"APOTEK","TIPE_3":"-","TELEPON":"(0274) 889415","ALAMAT":"TEGAL WERU, SARIHARJO, KEC. NGAGLIK, KABUPATEN SLEMAN, DAERAH ISTIMEWA YOGYAKARTA 55581","ID_PROV":"34","PROVINSI":"DAERAH ISTIMEWA YOGYAKARTA","ID_KABKOT":"34.04","KABKOT":"SLEMAN","ID_KEC":"34.04.12","KECAMATAN":"NGAGLIK","ID_DESA":"34.04.12.2001","DESA":"SARIHARJO","LONGITUDE":110.3740046,"LATITUDE":-7.7228036,"STATUS":"BUKA","TANGGAL PENGUMPULAN":"Q1 2024","TANGGAL UPDATE":"28/02/2025"}},{"type":"Feature","geometry":{"coordinates":[110.3152263,-7.7376896],"type":"Point"},"properties":{"fid":22455,"NAMA":"APOTEK PUNDONG","TIPE_1":"KESEHATAN DAN PENGOBATAN","TIPE_2":"APOTEK","TIPE_3":"-","TELEPON":"0858-6886-7575","ALAMAT":"PUNDONG 1 RT 01 RW 01 TIRTOADI MLATI SLEMAN, YOGYAKARTA, DAERAH ISTIMEWA YOGYAKARTA 55287","ID_PROV":"34","PROVINSI":"DAERAH ISTIMEWA YOGYAKARTA","ID_KABKOT":"34.04","KABKOT":"SLEMAN","ID_KEC":"34.04.06","KECAMATAN":"MLATI","ID_DESA":"34.04.06.2004","DESA":"TIRTOADI","LONGITUDE":110.3152263,"LATITUDE":-7.7376896,"STATUS":"BUKA","TANGGAL PENGUMPULAN":"Q1 2024","TANGGAL UPDATE":"28/02/2025"}},{"type":"Feature","geometry":{"coordinates":[110.3620769,-7.7449967],"type":"Point"},"properties":{"fid":22456,"NAMA":"ZA - SENG","TIPE_1":"KESEHATAN DAN PENGOBATAN","TIPE_2":"APOTEK","TIPE_3":"-","TELEPON":"0813-9232-7933","ALAMAT":"JL. MAGELANG KM.16, MLATI BENINGAN, SENDANGADI, KEC. MLATI, KABUPATEN SLEMAN, DAERAH ISTIMEWA YOGYAKARTA 55285","ID_PROV":"34","PROVINSI":"DAERAH ISTIMEWA YOGYAKARTA","ID_KABKOT":"34.04","KABKOT":"SLEMAN","ID_KEC":"34.04.06","KECAMATAN":"MLATI","ID_DESA":"34.04.06.2001","DESA":"SINDUADI","LONGITUDE":110.3620769,"LATITUDE":-7.7449967,"STATUS":"BUKA","TANGGAL PENGUMPULAN":"Q1 2024","TANGGAL UPDATE":"28/02/2025"}},{"type":"Feature","geometry":{"coordinates":[110.335314,-7.719084],"type":"Point"},"properties":{"fid":22457,"NAMA":"APOTEK DAN PRAKTEK DOKTER","TIPE_1":"KESEHATAN DAN PENGOBATAN","TIPE_2":"APOTEK","TIPE_3":"-","TELEPON":"","ALAMAT":"JL. PURBAYA, WARAK KIDUL, SUMBERADI, KEC. MLATI, KABUPATEN SLEMAN, DAERAH ISTIMEWA YOGYAKARTA 55288","ID_PROV":"34","PROVINSI":"DAERAH ISTIMEWA YOGYAKARTA","ID_KABKOT":"34.04","KABKOT":"SLEMAN","ID_KEC":"34.04.06","KECAMATAN":"MLATI","ID_DESA":"34.04.06.2005","DESA":"SUMBERADI","LONGITUDE":110.335314,"LATITUDE":-7.719084,"STATUS":"BUKA","TANGGAL PENGUMPULAN":"Q1 2024","TANGGAL UPDATE":"28/02/2025"}},{"type":"Feature","geometry":{"coordinates":[110.362802,-7.72477],"type":"Point"},"properties":{"fid":22458,"NAMA":"APOTEK GOLDEN","TIPE_1":"KESEHATAN DAN PENGOBATAN","TIPE_2":"APOTEK","TIPE_3":"-","TELEPON":"(0274) 7028473","ALAMAT":"JL. MAGELANG NO.66, RT.04, BANARAN, SENDANGADI, KEC. MLATI, KABUPATEN SLEMAN, DAERAH ISTIMEWA YOGYAKARTA 55285","ID_PROV":"34","PROVINSI":"DAERAH ISTIMEWA YOGYAKARTA","ID_KABKOT":"34.04","KABKOT":"SLEMAN","ID_KEC":"34.04.06","KECAMATAN":"MLATI","ID_DESA":"34.04.06.2002","DESA":"SENDANGADI","LONGITUDE":110.362802,"LATITUDE":-7.72477,"STATUS":"BUKA","TANGGAL PENGUMPULAN":"Q1 2024","TANGGAL UPDATE":"28/02/2025"}},{"type":"Feature","geometry":{"coordinates":[110.329935,-7.7147595],"type":"Point"},"properties":{"fid":22459,"NAMA":"APOTEK SEMBUH SAYIDAN","TIPE_1":"KESEHATAN DAN PENGOBATAN","TIPE_2":"APOTEK","TIPE_3":"-","TELEPON":"0895-4283-40729","ALAMAT":"JUMENENG KIDUL, SUMBERADI, KEC. MLATI, KABUPATEN SLEMAN, DAERAH ISTIMEWA YOGYAKARTA 55288","ID_PROV":"34","PROVINSI":"DAERAH ISTIMEWA YOGYAKARTA","ID_KABKOT":"34.04","KABKOT":"SLEMAN","ID_KEC":"34.04.06","KECAMATAN":"MLATI","ID_DESA":"34.04.06.2005","DESA":"SUMBERADI","LONGITUDE":110.329935,"LATITUDE":-7.7147595,"STATUS":"BUKA","TANGGAL PENGUMPULAN":"Q1 2024","TANGGAL UPDATE":"28/02/2025"}},{"type":"Feature","geometry":{"coordinates":[110.3618139,-7.7214293],"type":"Point"},"properties":{"fid":22460,"NAMA":"APOTEK VIVA LA PRIMA","TIPE_1":"KESEHATAN DAN PENGOBATAN","TIPE_2":"APOTEK","TIPE_3":"-","TELEPON":"0812-2220-3170","ALAMAT":"JL. GITO GATI NO.3, DENGGUNG, TRIDADI, SLEMAN, YOGYAKARTA, SPECIAL REGION OF YOGYAKARTA 55511","ID_PROV":"34","PROVINSI":"DAERAH ISTIMEWA YOGYAKARTA","ID_KABKOT":"34.04","KABKOT":"SLEMAN","ID_KEC":"34.04.13","KECAMATAN":"SLEMAN","ID_DESA":"34.04.13.2003","DESA":"TRIDADI","LONGITUDE":110.3618139,"LATITUDE":-7.7214293,"STATUS":"BUKA","TANGGAL PENGUMPULAN":"Q1 2024","TANGGAL UPDATE":"28/02/2025"}},{"type":"Feature","geometry":{"coordinates":[110.3681164,-7.7360002],"type":"Point"},"properties":{"fid":22461,"NAMA":"APOTEK WIDIGDO 4","TIPE_1":"KESEHATAN DAN PENGOBATAN","TIPE_2":"APOTEK","TIPE_3":"-","TELEPON":"0881-3813-088","ALAMAT":"JL. JONGKE, JONGKE TENGAH, SENDANGADI, KEC. MLATI, KABUPATEN SLEMAN, DAERAH ISTIMEWA YOGYAKARTA 55288","ID_PROV":"34","PROVINSI":"DAERAH ISTIMEWA YOGYAKARTA","ID_KABKOT":"34.04","KABKOT":"SLEMAN","ID_KEC":"34.04.06","KECAMATAN":"MLATI","ID_DESA":"34.04.06.2002","DESA":"SENDANGADI","LONGITUDE":110.3681164,"LATITUDE":-7.7360002,"STATUS":"BUKA","TANGGAL PENGUMPULAN":"Q1 2024","TANGGAL UPDATE":"28/02/2025"}},{"type":"Feature","geometry":{"coordinates":[110.3212859,-7.731593],"type":"Point"},"properties":{"fid":22462,"NAMA":"APOTEK SURYA HUSADA","TIPE_1":"KESEHATAN DAN PENGOBATAN","TIPE_2":"APOTEK","TIPE_3":"-","TELEPON":"","ALAMAT":"CABAKAN, SUMBERADI, KEC. MLATI, KABUPATEN SLEMAN, DAERAH ISTIMEWA YOGYAKARTA 55288","ID_PROV":"34","PROVINSI":"DAERAH ISTIMEWA YOGYAKARTA","ID_KABKOT":"34.04","KABKOT":"SLEMAN","ID_KEC":"34.04.06","KECAMATAN":"MLATI","ID_DESA":"34.04.06.2005","DESA":"SUMBERADI","LONGITUDE":110.3212859,"LATITUDE":-7.731593,"STATUS":"BUKA","TANGGAL PENGUMPULAN":"Q1 2024","TANGGAL UPDATE":"28/02/2025"}},{"type":"Feature","geometry":{"coordinates":[110.3573864,-7.7251065],"type":"Point"},"properties":{"fid":22463,"NAMA":"APOTEK S3W FARMA","TIPE_1":"KESEHATAN DAN PENGOBATAN","TIPE_2":"APOTEK","TIPE_3":"-","TELEPON":"","ALAMAT":"DUWET, SENDANGADI, KEC. MLATI, KABUPATEN SLEMAN, DAERAH ISTIMEWA YOGYAKARTA 55511","ID_PROV":"34","PROVINSI":"DAERAH ISTIMEWA YOGYAKARTA","ID_KABKOT":"34.04","KABKOT":"SLEMAN","ID_KEC":"34.04.06","KECAMATAN":"MLATI","ID_DESA":"34.04.06.2002","DESA":"SENDANGADI","LONGITUDE":110.3573864,"LATITUDE":-7.7251065,"STATUS":"BUKA","TANGGAL PENGUMPULAN":"Q1 2024","TANGGAL UPDATE":"28/02/2025"}},{"type":"Feature","geometry":{"coordinates":[110.3679865,-7.719531],"type":"Point"},"properties":{"fid":22464,"NAMA":"GEOFARMA APOTEK","TIPE_1":"KESEHATAN DAN PENGOBATAN","TIPE_2":"APOTEK","TIPE_3":"-","TELEPON":"0856-4303-1601","ALAMAT":"JL. GITO GATI, BANARAN, SENDANGADI, KEC. MLATI, KABUPATEN SLEMAN, DAERAH ISTIMEWA YOGYAKARTA 55581","ID_PROV":"34","PROVINSI":"DAERAH ISTIMEWA YOGYAKARTA","ID_KABKOT":"34.04","KABKOT":"SLEMAN","ID_KEC":"34.04.13","KECAMATAN":"SLEMAN","ID_DESA":"34.04.13.2004","DESA":"PANDOWOHARJO","LONGITUDE":110.3679865,"LATITUDE":-7.719531,"STATUS":"BUKA","TANGGAL PENGUMPULAN":"Q1 2024","TANGGAL UPDATE":"28/02/2025"}},{"type":"Feature","geometry":{"coordinates":[110.3385979,-7.7338475],"type":"Point"},"properties":{"fid":22465,"NAMA":"APOTEK FAMILY","TIPE_1":"KESEHATAN DAN PENGOBATAN","TIPE_2":"APOTEK","TIPE_3":"-","TELEPON":"0812-4034-1236","ALAMAT":"JL. KEBON AGUNG, GANDEKAN, TLOGOADI, KEC. MLATI, KABUPATEN SLEMAN, DAERAH ISTIMEWA YOGYAKARTA 55286","ID_PROV":"34","PROVINSI":"DAERAH ISTIMEWA YOGYAKARTA","ID_KABKOT":"34.04","KABKOT":"SLEMAN","ID_KEC":"34.04.06","KECAMATAN":"MLATI","ID_DESA":"34.04.06.2003","DESA":"TLOGOADI","LONGITUDE":110.3385979,"LATITUDE":-7.7338475,"STATUS":"BUKA","TANGGAL PENGUMPULAN":"Q1 2024","TANGGAL UPDATE":"28/02/2025"}},{"type":"Feature","geometry":{"coordinates":[110.3783839,-7.7414379],"type":"Point"},"properties":{"fid":23250,"NAMA":"APOTEK NUR-SYIFA","TIPE_1":"KESEHATAN DAN PENGOBATAN","TIPE_2":"APOTEK","TIPE_3":"-","TELEPON":"","ALAMAT":"GG. LEMPONGSARI 5 NO.165, RANDUGUANG, SARIHARJO, KEC. NGAGLIK, KABUPATEN SLEMAN, DAERAH ISTIMEWA YOGYAKARTA 55581","ID_PROV":"34","PROVINSI":"DAERAH ISTIMEWA YOGYAKARTA","ID_KABKOT":"34.04","KABKOT":"SLEMAN","ID_KEC":"34.04.12","KECAMATAN":"NGAGLIK","ID_DESA":"34.04.12.2001","DESA":"SARIHARJO","LONGITUDE":110.3783839,"LATITUDE":-7.7414379,"STATUS":"BUKA","TANGGAL PENGUMPULAN":"Q1 2024","TANGGAL UPDATE":"28/02/2025"}},{"type":"Feature","geometry":{"coordinates":[110.3809461,-7.7599366],"type":"Point"},"properties":{"fid":23252,"NAMA":"APOTEK PAS 24 JAM JALAN KALIURANG","TIPE_1":"KESEHATAN DAN PENGOBATAN","TIPE_2":"APOTEK","TIPE_3":"-","TELEPON":"0816-244-677","ALAMAT":"JALAN KALIURANG KM 5,2 CATUR TUNGGAL. KEC. DEPOK, KARANG WUNI, SLEMAN, DIY, YOGYAKARTA, DAERAH ISTIMEWA YOGYAKARTA 55284","ID_PROV":"34","PROVINSI":"DAERAH ISTIMEWA YOGYAKARTA","ID_KABKOT":"34.04","KABKOT":"SLEMAN","ID_KEC":"34.04.07","KECAMATAN":"DEPOK","ID_DESA":"34.04.07.2001","DESA":"CATURTUNGGAL","LONGITUDE":110.3809461,"LATITUDE":-7.7599366,"STATUS":"BUKA","TANGGAL PENGUMPULAN":"Q1 2024","TANGGAL UPDATE":"28/02/2025"}},{"type":"Feature","geometry":{"coordinates":[110.4057198,-7.7669419],"type":"Point"},"properties":{"fid":23253,"NAMA":"APOTEK LUNAR","TIPE_1":"KESEHATAN DAN PENGOBATAN","TIPE_2":"APOTEK","TIPE_3":"-","TELEPON":"0858-7766-6608","ALAMAT":"JL. PERUMNAS, KLEDOKAN, CONDONGCATUR, KEC. DEPOK, KABUPATEN SLEMAN, DAERAH ISTIMEWA YOGYAKARTA 55281","ID_PROV":"34","PROVINSI":"DAERAH ISTIMEWA YOGYAKARTA","ID_KABKOT":"34.04","KABKOT":"SLEMAN","ID_KEC":"34.04.07","KECAMATAN":"DEPOK","ID_DESA":"34.04.07.2001","DESA":"CATURTUNGGAL","LONGITUDE":110.4057198,"LATITUDE":-7.7669419,"STATUS":"BUKA","TANGGAL PENGUMPULAN":"Q1 2024","TANGGAL UPDATE":"28/02/2025"}},{"type":"Feature","geometry":{"coordinates":[110.3481468,-7.749255],"type":"Point"},"properties":{"fid":23254,"NAMA":"APOTEK TRIHANGGO","TIPE_1":"KESEHATAN DAN PENGOBATAN","TIPE_2":"APOTEK","TIPE_3":"-","TELEPON":"0878-8556-7200","ALAMAT":"JL. KABUPATEN NO.KM 3 5, RW.PADUKUHAN, TRINI, TRIHANGGO, KEC. GAMPING, KABUPATEN SLEMAN, DAERAH ISTIMEWA YOGYAKARTA 55291","ID_PROV":"34","PROVINSI":"DAERAH ISTIMEWA YOGYAKARTA","ID_KABKOT":"34.04","KABKOT":"SLEMAN","ID_KEC":"34.04.01","KECAMATAN":"GAMPING","ID_DESA":"34.04.01.2005","DESA":"TRIHANGGO","LONGITUDE":110.3481468,"LATITUDE":-7.749255,"STATUS":"BUKA","TANGGAL PENGUMPULAN":"Q1 2024","TANGGAL UPDATE":"28/02/2025"}},{"type":"Feature","geometry":{"coordinates":[110.3898433,-7.7711276],"type":"Point"},"properties":{"fid":23255,"NAMA":"APOTEK HALOMEDIKA GEJAYAN","TIPE_1":"KESEHATAN DAN PENGOBATAN","TIPE_2":"APOTEK","TIPE_3":"-","TELEPON":"0813-8733-0507","ALAMAT":"JL. AFFANDI NO.27, RT./RW/RW.013/005, SANTREN, CATURTUNGGAL, KEC. DEPOK, KABUPATEN SLEMAN, DAERAH ISTIMEWA YOGYAKARTA 55281","ID_PROV":"34","PROVINSI":"DAERAH ISTIMEWA YOGYAKARTA","ID_KABKOT":"34.04","KABKOT":"SLEMAN","ID_KEC":"34.04.07","KECAMATAN":"DEPOK","ID_DESA":"34.04.07.2001","DESA":"CATURTUNGGAL","LONGITUDE":110.3898433,"LATITUDE":-7.7711276,"STATUS":"BUKA","TANGGAL PENGUMPULAN":"Q1 2024","TANGGAL UPDATE":"28/02/2025"}},{"type":"Feature","geometry":{"coordinates":[110.3618858,-7.7407321],"type":"Point"},"properties":{"fid":23256,"NAMA":"APOTEK WAHIDIN","TIPE_1":"KESEHATAN DAN PENGOBATAN","TIPE_2":"APOTEK","TIPE_3":"-","TELEPON":"","ALAMAT":"JL. DR. WAHIDIN SUDIROHUSODO, MLATI BENINGAN, SENDANGADI, KEC. MLATI, KABUPATEN SLEMAN, DAERAH ISTIMEWA YOGYAKARTA 55285","ID_PROV":"34","PROVINSI":"DAERAH ISTIMEWA YOGYAKARTA","ID_KABKOT":"34.04","KABKOT":"SLEMAN","ID_KEC":"34.04.06","KECAMATAN":"MLATI","ID_DESA":"34.04.06.2002","DESA":"SENDANGADI","LONGITUDE":110.3618858,"LATITUDE":-7.7407321,"STATUS":"BUKA","TANGGAL PENGUMPULAN":"Q1 2024","TANGGAL UPDATE":"28/02/2025"}},{"type":"Feature","geometry":{"coordinates":[110.3511993,-7.6521083],"type":"Point"},"properties":{"fid":23257,"NAMA":"APOTEK SARAS","TIPE_1":"KESEHATAN DAN PENGOBATAN","TIPE_2":"APOTEK","TIPE_3":"-","TELEPON":"0878-3943-7112","ALAMAT":"JALAN TEMPEL - MEDARI KENDAL, KENDAL, BANGUN KERTO, KEC. TURI, KABUPATEN SLEMAN, DAERAH ISTIMEWA YOGYAKARTA 55551","ID_PROV":"34","PROVINSI":"DAERAH ISTIMEWA YOGYAKARTA","ID_KABKOT":"34.04","KABKOT":"SLEMAN","ID_KEC":"34.04.15","KECAMATAN":"TURI","ID_DESA":"34.04.15.2001","DESA":"BANGUNKERTO","LONGITUDE":110.3511993,"LATITUDE":-7.6521083,"STATUS":"BUKA","TANGGAL PENGUMPULAN":"Q1 2024","TANGGAL UPDATE":"28/02/2025"}},{"type":"Feature","geometry":{"coordinates":[110.3678933,-7.7359592],"type":"Point"},"properties":{"fid":23258,"NAMA":"APOTEK JONGKE","TIPE_1":"KESEHATAN DAN PENGOBATAN","TIPE_2":"APOTEK","TIPE_3":"-","TELEPON":"0812-2806-0636","ALAMAT":"JL. JONGKE KIDUL, RT.07/RW.24, JONGKE TENGAH, SENDANGADI, MLATI, SLEMAN REGENCY, SPECIAL REGION OF YOGYAKARTA 55285","ID_PROV":"34","PROVINSI":"DAERAH ISTIMEWA YOGYAKARTA","ID_KABKOT":"34.04","KABKOT":"SLEMAN","ID_KEC":"34.04.06","KECAMATAN":"MLATI","ID_DESA":"34.04.06.2002","DESA":"SENDANGADI","LONGITUDE":110.3678933,"LATITUDE":-7.7359592,"STATUS":"BUKA","TANGGAL PENGUMPULAN":"Q1 2024","TANGGAL UPDATE":"28/02/2025"}},{"type":"Feature","geometry":{"coordinates":[110.378065,-7.733717],"type":"Point"},"properties":{"fid":23259,"NAMA":"APOTEK EBENEZER","TIPE_1":"KESEHATAN DAN PENGOBATAN","TIPE_2":"APOTEK","TIPE_3":"-","TELEPON":"(0274) 889757","ALAMAT":"JL. PALAGAN TENTARA PELAJAR NO.18, MUDAL, SARIHARJO, KEC. NGAGLIK, KABUPATEN SLEMAN, DAERAH ISTIMEWA YOGYAKARTA 55581","ID_PROV":"34","PROVINSI":"DAERAH ISTIMEWA YOGYAKARTA","ID_KABKOT":"34.04","KABKOT":"SLEMAN","ID_KEC":"34.04.12","KECAMATAN":"NGAGLIK","ID_DESA":"34.04.12.2001","DESA":"SARIHARJO","LONGITUDE":110.378065,"LATITUDE":-7.733717,"STATUS":"BUKA","TANGGAL PENGUMPULAN":"Q1 2024","TANGGAL UPDATE":"28/02/2025"}},{"type":"Feature","geometry":{"coordinates":[110.3833386,-7.7544989],"type":"Point"},"properties":{"fid":23260,"NAMA":"APOTEK KENTUNGAN","TIPE_1":"KESEHATAN DAN PENGOBATAN","TIPE_2":"APOTEK","TIPE_3":"-","TELEPON":"(0274) 885648","ALAMAT":"JL. KALIURANG KM.6 NO.30, MANGGUNG, CATURTUNGGAL, KEC. DEPOK, KABUPATEN SLEMAN, DAERAH ISTIMEWA YOGYAKARTA 55281","ID_PROV":"34","PROVINSI":"DAERAH ISTIMEWA YOGYAKARTA","ID_KABKOT":"34.04","KABKOT":"SLEMAN","ID_KEC":"34.04.07","KECAMATAN":"DEPOK","ID_DESA":"34.04.07.2001","DESA":"CATURTUNGGAL","LONGITUDE":110.3833386,"LATITUDE":-7.7544989,"STATUS":"BUKA","TANGGAL PENGUMPULAN":"Q1 2024","TANGGAL UPDATE":"28/02/2025"}},{"type":"Feature","geometry":{"coordinates":[110.3726266,-7.7099428],"type":"Point"},"properties":{"fid":23261,"NAMA":"APOTEK PRATAMA PANDOWO","TIPE_1":"KESEHATAN DAN PENGOBATAN","TIPE_2":"APOTEK","TIPE_3":"-","TELEPON":"(0274) 864123","ALAMAT":"RUKO TAMAN PERTAMA JL. GRIYA TAMAN ASRI NO.5, SARAGON, PANDOWOHARJO, KEC. SLEMAN, KABUPATEN SLEMAN, DAERAH ISTIMEWA YOGYAKARTA 55512","ID_PROV":"34","PROVINSI":"DAERAH ISTIMEWA YOGYAKARTA","ID_KABKOT":"34.04","KABKOT":"SLEMAN","ID_KEC":"34.04.13","KECAMATAN":"SLEMAN","ID_DESA":"34.04.13.2004","DESA":"PANDOWOHARJO","LONGITUDE":110.3726266,"LATITUDE":-7.7099428,"STATUS":"BUKA","TANGGAL PENGUMPULAN":"Q1 2024","TANGGAL UPDATE":"28/02/2025"}},{"type":"Feature","geometry":{"coordinates":[110.4064479,-7.7461985],"type":"Point"},"properties":{"fid":23620,"NAMA":"APOTEK AMANAH","TIPE_1":"KESEHATAN DAN PENGOBATAN","TIPE_2":"APOTEK","TIPE_3":"-","TELEPON":"(0274) 7450070","ALAMAT":"JL. GURAMEH RAYA C NO.3, MLADANGAN, MINOMARTANI, KEC. NGAGLIK, KABUPATEN SLEMAN, DAERAH ISTIMEWA YOGYAKARTA 55581","ID_PROV":"34","PROVINSI":"DAERAH ISTIMEWA YOGYAKARTA","ID_KABKOT":"34.04","KABKOT":"SLEMAN","ID_KEC":"34.04.12","KECAMATAN":"NGAGLIK","ID_DESA":"34.04.12.2002","DESA":"MINOMARTANI","LONGITUDE":110.4064479,"LATITUDE":-7.7461985,"STATUS":"BUKA","TANGGAL PENGUMPULAN":"Q1 2024","TANGGAL UPDATE":"28/02/2025"}},{"type":"Feature","geometry":{"coordinates":[110.4124495,-7.7592238],"type":"Point"},"properties":{"fid":23621,"NAMA":"APOTEK TRIAS FARMA 2","TIPE_1":"KESEHATAN DAN PENGOBATAN","TIPE_2":"APOTEK","TIPE_3":"-","TELEPON":"","ALAMAT":"JL. PRAWIRO KUAT, NGRINGIN, CONDONGCATUR, KEC. DEPOK, KABUPATEN SLEMAN, DAERAH ISTIMEWA YOGYAKARTA 55283","ID_PROV":"34","PROVINSI":"DAERAH ISTIMEWA YOGYAKARTA","ID_KABKOT":"34.04","KABKOT":"SLEMAN","ID_KEC":"34.04.07","KECAMATAN":"DEPOK","ID_DESA":"34.04.07.2003","DESA":"CONDONGCATUR","LONGITUDE":110.4124495,"LATITUDE":-7.7592238,"STATUS":"BUKA","TANGGAL PENGUMPULAN":"Q1 2024","TANGGAL UPDATE":"28/02/2025"}},{"type":"Feature","geometry":{"coordinates":[110.4008975,-7.7487169],"type":"Point"},"properties":{"fid":23623,"NAMA":"APOTEK ANGGAJAYA","TIPE_1":"KESEHATAN DAN PENGOBATAN","TIPE_2":"APOTEK","TIPE_3":"-","TELEPON":"0851-0014-1312","ALAMAT":"JL. ANGGAJAYA 2 NO.11, SANGGRAHAN, CONDONGCATUR, KEC. DEPOK, KABUPATEN SLEMAN, DAERAH ISTIMEWA YOGYAKARTA 55281","ID_PROV":"34","PROVINSI":"DAERAH ISTIMEWA YOGYAKARTA","ID_KABKOT":"34.04","KABKOT":"SLEMAN","ID_KEC":"34.04.07","KECAMATAN":"DEPOK","ID_DESA":"34.04.07.2003","DESA":"CONDONGCATUR","LONGITUDE":110.4008975,"LATITUDE":-7.7487169,"STATUS":"BUKA","TANGGAL PENGUMPULAN":"Q1 2024","TANGGAL UPDATE":"28/02/2025"}},{"type":"Feature","geometry":{"coordinates":[110.4228017,-7.7577551],"type":"Point"},"properties":{"fid":23672,"NAMA":"APOTEK CANDI FARMA","TIPE_1":"KESEHATAN DAN PENGOBATAN","TIPE_2":"APOTEK","TIPE_3":"-","TELEPON":"","ALAMAT":"JL. KRODAN NO.9D, KRODAN, MAGUWOHARJO, KEC. DEPOK, KABUPATEN SLEMAN, DAERAH ISTIMEWA YOGYAKARTA 55281","ID_PROV":"34","PROVINSI":"DAERAH ISTIMEWA YOGYAKARTA","ID_KABKOT":"34.04","KABKOT":"SLEMAN","ID_KEC":"34.04.07","KECAMATAN":"DEPOK","ID_DESA":"34.04.07.2002","DESA":"MAGUWOHARJO","LONGITUDE":110.4228017,"LATITUDE":-7.7577551,"STATUS":"BUKA","TANGGAL PENGUMPULAN":"Q1 2024","TANGGAL UPDATE":"28/02/2025"}},{"type":"Feature","geometry":{"coordinates":[110.3341183,-7.7214119],"type":"Point"},"properties":{"fid":23673,"NAMA":"APOTEK WARAK","TIPE_1":"KESEHATAN DAN PENGOBATAN","TIPE_2":"APOTEK","TIPE_3":"-","TELEPON":"0813-2792-4955","ALAMAT":"WARAK KIDUL, SUMBERADI, KEC. MLATI, KABUPATEN SLEMAN, DAERAH ISTIMEWA YOGYAKARTA 55288","ID_PROV":"34","PROVINSI":"DAERAH ISTIMEWA YOGYAKARTA","ID_KABKOT":"34.04","KABKOT":"SLEMAN","ID_KEC":"34.04.06","KECAMATAN":"MLATI","ID_DESA":"34.04.06.2005","DESA":"SUMBERADI","LONGITUDE":110.3341183,"LATITUDE":-7.7214119,"STATUS":"BUKA","TANGGAL PENGUMPULAN":"Q1 2024","TANGGAL UPDATE":"28/02/2025"}},{"type":"Feature","geometry":{"coordinates":[110.387381,-7.722174],"type":"Point"},"properties":{"fid":23674,"NAMA":"APOTEK INSAAN FARMA","TIPE_1":"KESEHATAN DAN PENGOBATAN","TIPE_2":"APOTEK","TIPE_3":"-","TELEPON":"(0274) 884291","ALAMAT":"JL. KAPTEN HARYADI NO.11 A, LOJAJAR, SINDUHARJO, KEC. NGAGLIK, KABUPATEN SLEMAN, DAERAH ISTIMEWA YOGYAKARTA 55581","ID_PROV":"34","PROVINSI":"DAERAH ISTIMEWA YOGYAKARTA","ID_KABKOT":"34.04","KABKOT":"SLEMAN","ID_KEC":"34.04.12","KECAMATAN":"NGAGLIK","ID_DESA":"34.04.12.2003","DESA":"SINDUHARJO","LONGITUDE":110.387381,"LATITUDE":-7.722174,"STATUS":"BUKA","TANGGAL PENGUMPULAN":"Q1 2024","TANGGAL UPDATE":"28/02/2025"}},{"type":"Feature","geometry":{"coordinates":[110.4204538,-7.6621605],"type":"Point"},"properties":{"fid":23675,"NAMA":"APOTEK PAKEM","TIPE_1":"KESEHATAN DAN PENGOBATAN","TIPE_2":"APOTEK","TIPE_3":"-","TELEPON":"","ALAMAT":"JL. KALIURANG, DUWETSARI, PAKEMBINANGUN, KEC. PAKEM, KABUPATEN SLEMAN, DAERAH ISTIMEWA YOGYAKARTA 55582","ID_PROV":"34","PROVINSI":"DAERAH ISTIMEWA YOGYAKARTA","ID_KABKOT":"34.04","KABKOT":"SLEMAN","ID_KEC":"34.04.16","KECAMATAN":"PAKEM","ID_DESA":"34.04.16.2004","DESA":"PAKEMBINANGUN","LONGITUDE":110.4204538,"LATITUDE":-7.6621605,"STATUS":"BUKA","TANGGAL PENGUMPULAN":"Q1 2024","TANGGAL UPDATE":"28/02/2025"}},{"type":"Feature","geometry":{"coordinates":[110.391823,-7.740029],"type":"Point"},"properties":{"fid":23676,"NAMA":"APOTEK KIMIA FARMA","TIPE_1":"KESEHATAN DAN PENGOBATAN","TIPE_2":"APOTEK","TIPE_3":"-","TELEPON":"0812-2798-0330","ALAMAT":"JL. KALIURANG NO.KM.7.8, NGABEAN KULON, SINDUHARJO, KEC. NGAGLIK, KABUPATEN SLEMAN, DAERAH ISTIMEWA YOGYAKARTA 55581","ID_PROV":"34","PROVINSI":"DAERAH ISTIMEWA YOGYAKARTA","ID_KABKOT":"34.04","KABKOT":"SLEMAN","ID_KEC":"34.04.12","KECAMATAN":"NGAGLIK","ID_DESA":"34.04.12.2003","DESA":"SINDUHARJO","LONGITUDE":110.391823,"LATITUDE":-7.740029,"STATUS":"BUKA","TANGGAL PENGUMPULAN":"Q1 2024","TANGGAL UPDATE":"28/02/2025"}},{"type":"Feature","geometry":{"coordinates":[110.3985683,-7.7411082],"type":"Point"},"properties":{"fid":23677,"NAMA":"APOTEK NYIUR HIJAU","TIPE_1":"KESEHATAN DAN PENGOBATAN","TIPE_2":"APOTEK","TIPE_3":"-","TELEPON":"0856-9546-6682","ALAMAT":"JL. ASMORONDONO NO.8, MANUKAN, CONDONGCATUR, KEC. DEPOK, KABUPATEN SLEMAN, DAERAH ISTIMEWA YOGYAKARTA 55281","ID_PROV":"34","PROVINSI":"DAERAH ISTIMEWA YOGYAKARTA","ID_KABKOT":"34.04","KABKOT":"SLEMAN","ID_KEC":"34.04.07","KECAMATAN":"DEPOK","ID_DESA":"34.04.07.2003","DESA":"CONDONGCATUR","LONGITUDE":110.3985683,"LATITUDE":-7.7411082,"STATUS":"BUKA","TANGGAL PENGUMPULAN":"Q1 2024","TANGGAL UPDATE":"28/02/2025"}},{"type":"Feature","geometry":{"coordinates":[110.3712896,-7.6439996],"type":"Point"},"properties":{"fid":23678,"NAMA":"APOTEK WIDIGDO 2","TIPE_1":"KESEHATAN DAN PENGOBATAN","TIPE_2":"APOTEK","TIPE_3":"-","TELEPON":"0881-3813-088","ALAMAT":"KENTENG, WONO KERTO, KEC. TURI, KABUPATEN SLEMAN, DAERAH ISTIMEWA YOGYAKARTA 55551","ID_PROV":"34","PROVINSI":"DAERAH ISTIMEWA YOGYAKARTA","ID_KABKOT":"34.04","KABKOT":"SLEMAN","ID_KEC":"34.04.15","KECAMATAN":"TURI","ID_DESA":"34.04.15.2004","DESA":"WONOKERTO","LONGITUDE":110.3712896,"LATITUDE":-7.6439996,"STATUS":"BUKA","TANGGAL PENGUMPULAN":"Q1 2024","TANGGAL UPDATE":"28/02/2025"}},{"type":"Feature","geometry":{"coordinates":[110.406321,-7.7194389],"type":"Point"},"properties":{"fid":23679,"NAMA":"APOTEK ARISKA","TIPE_1":"KESEHATAN DAN PENGOBATAN","TIPE_2":"APOTEK","TIPE_3":"-","TELEPON":"0852-2992-8700","ALAMAT":"JALAN YUDHISTIRA NO.17, GENTAN, SINDUHARJO, KEC. NGAGLIK, KABUPATEN SLEMAN, DAERAH ISTIMEWA YOGYAKARTA 55581","ID_PROV":"34","PROVINSI":"DAERAH ISTIMEWA YOGYAKARTA","ID_KABKOT":"34.04","KABKOT":"SLEMAN","ID_KEC":"34.04.12","KECAMATAN":"NGAGLIK","ID_DESA":"34.04.12.2003","DESA":"SINDUHARJO","LONGITUDE":110.406321,"LATITUDE":-7.7194389,"STATUS":"BUKA","TANGGAL PENGUMPULAN":"Q1 2024","TANGGAL UPDATE":"28/02/2025"}},{"type":"Feature","geometry":{"coordinates":[110.40666,-7.7499205],"type":"Point"},"properties":{"fid":23680,"NAMA":"APOTEK PRATAMA MINOMARTANI","TIPE_1":"KESEHATAN DAN PENGOBATAN","TIPE_2":"APOTEK","TIPE_3":"-","TELEPON":"0877-3821-6816","ALAMAT":"RUKO MINOMARTANI, GEMPOL, CONDONGCATUR, KABUPATEN SLEMAN, DAERAH ISTIMEWA YOGYAKARTA","ID_PROV":"34","PROVINSI":"DAERAH ISTIMEWA YOGYAKARTA","ID_KABKOT":"34.04","KABKOT":"SLEMAN","ID_KEC":"34.04.07","KECAMATAN":"DEPOK","ID_DESA":"34.04.07.2003","DESA":"CONDONGCATUR","LONGITUDE":110.40666,"LATITUDE":-7.7499205,"STATUS":"BUKA","TANGGAL PENGUMPULAN":"Q1 2024","TANGGAL UPDATE":"28/02/2025"}},{"type":"Feature","geometry":{"coordinates":[110.3852582,-7.7517753],"type":"Point"},"properties":{"fid":23681,"NAMA":"APOTEK ASTUTI","TIPE_1":"KESEHATAN DAN PENGOBATAN","TIPE_2":"APOTEK","TIPE_3":"-","TELEPON":"(0274) 882618","ALAMAT":"JL. KALIURANG NO.59, PURWOSARI, SINDUADI, KEC. MLATI, KABUPATEN SLEMAN, DAERAH ISTIMEWA YOGYAKARTA 55281","ID_PROV":"34","PROVINSI":"DAERAH ISTIMEWA YOGYAKARTA","ID_KABKOT":"34.04","KABKOT":"SLEMAN","ID_KEC":"34.04.07","KECAMATAN":"DEPOK","ID_DESA":"34.04.07.2001","DESA":"CATURTUNGGAL","LONGITUDE":110.3852582,"LATITUDE":-7.7517753,"STATUS":"BUKA","TANGGAL PENGUMPULAN":"Q1 2024","TANGGAL UPDATE":"28/02/2025"}},{"type":"Feature","geometry":{"coordinates":[110.4149011,-7.7015578],"type":"Point"},"properties":{"fid":23682,"NAMA":"APOTEK PHARM24 JAKAL","TIPE_1":"KESEHATAN DAN PENGOBATAN","TIPE_2":"APOTEK","TIPE_3":"-","TELEPON":"0856-4359-8768","ALAMAT":"JL. KALIURANG NO.12, CANDI KARANG, SARDONOHARJO, KEC. NGAGLIK, KABUPATEN SLEMAN, DAERAH ISTIMEWA YOGYAKARTA 55581","ID_PROV":"34","PROVINSI":"DAERAH ISTIMEWA YOGYAKARTA","ID_KABKOT":"34.04","KABKOT":"SLEMAN","ID_KEC":"34.04.12","KECAMATAN":"NGAGLIK","ID_DESA":"34.04.12.2005","DESA":"SARDONOHARJO","LONGITUDE":110.4149011,"LATITUDE":-7.7015578,"STATUS":"BUKA","TANGGAL PENGUMPULAN":"Q1 2024","TANGGAL UPDATE":"28/02/2025"}},{"type":"Feature","geometry":{"coordinates":[110.388947,-7.7456059],"type":"Point"},"properties":{"fid":23683,"NAMA":"APOTEK KOLOMBO","TIPE_1":"KESEHATAN DAN PENGOBATAN","TIPE_2":"APOTEK","TIPE_3":"-","TELEPON":"(0274) 885760","ALAMAT":"PASAR KOLOMBO, JL. KALIURANG NO.KM, RW.7, KENTUNGAN, CONDONGCATUR, KEC. DEPOK, KABUPATEN SLEMAN, DAERAH ISTIMEWA YOGYAKARTA 55283","ID_PROV":"34","PROVINSI":"DAERAH ISTIMEWA YOGYAKARTA","ID_KABKOT":"34.04","KABKOT":"SLEMAN","ID_KEC":"34.04.07","KECAMATAN":"DEPOK","ID_DESA":"34.04.07.2003","DESA":"CONDONGCATUR","LONGITUDE":110.388947,"LATITUDE":-7.7456059,"STATUS":"BUKA","TANGGAL PENGUMPULAN":"Q1 2024","TANGGAL UPDATE":"28/02/2025"}},{"type":"Feature","geometry":{"coordinates":[110.3948603,-7.6607857],"type":"Point"},"properties":{"fid":23784,"NAMA":"APOTEK REZKY FARMA","TIPE_1":"KESEHATAN DAN PENGOBATAN","TIPE_2":"APOTEK","TIPE_3":"-","TELEPON":"","ALAMAT":"GLONDONG, PURWOBINANGUN, KEC. PAKEM, KABUPATEN SLEMAN, DAERAH ISTIMEWA YOGYAKARTA","ID_PROV":"34","PROVINSI":"DAERAH ISTIMEWA YOGYAKARTA","ID_KABKOT":"34.04","KABKOT":"SLEMAN","ID_KEC":"34.04.16","KECAMATAN":"PAKEM","ID_DESA":"34.04.16.2001","DESA":"PURWOBINANGUN","LONGITUDE":110.3948603,"LATITUDE":-7.6607857,"STATUS":"BUKA","TANGGAL PENGUMPULAN":"Q1 2024","TANGGAL UPDATE":"28/02/2025"}},{"type":"Feature","geometry":{"coordinates":[110.3302536,-7.7309264],"type":"Point"},"properties":{"fid":23785,"NAMA":"APOTEK PRATAMA CEBONGAN","TIPE_1":"KESEHATAN DAN PENGOBATAN","TIPE_2":"APOTEK","TIPE_3":"-","TELEPON":"(0274) 4364138","ALAMAT":"JL. KEBON AGUNG, AREA SAWAH, TLOGOADI, KEC. MLATI, KABUPATEN SLEMAN, DAERAH ISTIMEWA YOGYAKARTA 55286","ID_PROV":"34","PROVINSI":"DAERAH ISTIMEWA YOGYAKARTA","ID_KABKOT":"34.04","KABKOT":"SLEMAN","ID_KEC":"34.04.06","KECAMATAN":"MLATI","ID_DESA":"34.04.06.2003","DESA":"TLOGOADI","LONGITUDE":110.3302536,"LATITUDE":-7.7309264,"STATUS":"BUKA","TANGGAL PENGUMPULAN":"Q1 2024","TANGGAL UPDATE":"28/02/2025"}},{"type":"Feature","geometry":{"coordinates":[110.4136494,-7.7417607],"type":"Point"},"properties":{"fid":23814,"NAMA":"APOTEK MUNAZAT SEHAT","TIPE_1":"KESEHATAN DAN PENGOBATAN","TIPE_2":"APOTEK","TIPE_3":"-","TELEPON":"0822-2633-4848","ALAMAT":"JL. JETIS RAYA, JETIS, WEDOMARTANI, NGEMPLAK, SLEMAN REGENCY, SPECIAL REGION OF YOGYAKARTA 55584","ID_PROV":"34","PROVINSI":"DAERAH ISTIMEWA YOGYAKARTA","ID_KABKOT":"34.04","KABKOT":"SLEMAN","ID_KEC":"34.04.11","KECAMATAN":"NGEMPLAK","ID_DESA":"34.04.11.2004","DESA":"WEDOMARTANI","LONGITUDE":110.4136494,"LATITUDE":-7.7417607,"STATUS":"BUKA","TANGGAL PENGUMPULAN":"Q1 2024","TANGGAL UPDATE":"28/02/2025"}},{"type":"Feature","geometry":{"coordinates":[110.4346303,-7.7510867],"type":"Point"},"properties":{"fid":23815,"NAMA":"APOTEK PRATAMA","TIPE_1":"KESEHATAN DAN PENGOBATAN","TIPE_2":"APOTEK","TIPE_3":"-","TELEPON":"(0274) 8300073","ALAMAT":"JL. RAYA TAJEM NO.98, TAJEM, MAGUWOHARJO, KEC. DEPOK, KABUPATEN SLEMAN, DAERAH ISTIMEWA YOGYAKARTA 55281","ID_PROV":"34","PROVINSI":"DAERAH ISTIMEWA YOGYAKARTA","ID_KABKOT":"34.04","KABKOT":"SLEMAN","ID_KEC":"34.04.07","KECAMATAN":"DEPOK","ID_DESA":"34.04.07.2002","DESA":"MAGUWOHARJO","LONGITUDE":110.4346303,"LATITUDE":-7.7510867,"STATUS":"BUKA","TANGGAL PENGUMPULAN":"Q1 2024","TANGGAL UPDATE":"28/02/2025"}},{"type":"Feature","geometry":{"coordinates":[110.3542888,-7.7193914],"type":"Point"},"properties":{"fid":24152,"NAMA":"APOTEK PRATAMA TRIDADI","TIPE_1":"KESEHATAN DAN PENGOBATAN","TIPE_2":"APOTEK","TIPE_3":"-","TELEPON":"0877-7641-0606","ALAMAT":"JL. KRT PRINGGODININGRAT, BERAN KIDUL, TRIDADI, KEC. SLEMAN, KABUPATEN SLEMAN, DAERAH ISTIMEWA YOGYAKARTA 55511","ID_PROV":"34","PROVINSI":"DAERAH ISTIMEWA YOGYAKARTA","ID_KABKOT":"34.04","KABKOT":"SLEMAN","ID_KEC":"34.04.13","KECAMATAN":"SLEMAN","ID_DESA":"34.04.13.2003","DESA":"TRIDADI","LONGITUDE":110.3542888,"LATITUDE":-7.7193914,"STATUS":"BUKA","TANGGAL PENGUMPULAN":"Q1 2024","TANGGAL UPDATE":"28/02/2025"}},{"type":"Feature","geometry":{"coordinates":[110.3974027,-7.7831086],"type":"Point"},"properties":{"fid":24153,"NAMA":"APOTEK K24 AMBARUKMO","TIPE_1":"KESEHATAN DAN PENGOBATAN","TIPE_2":"APOTEK","TIPE_3":"-","TELEPON":"0813-5823-6010","ALAMAT":"JL. LAKSDA ADISUCIPTO NO.150 A, PAPRINGAN, CATURTUNGGAL, KEC. DEPOK, KABUPATEN SLEMAN, DAERAH ISTIMEWA YOGYAKARTA 55281","ID_PROV":"34","PROVINSI":"DAERAH ISTIMEWA YOGYAKARTA","ID_KABKOT":"34.04","KABKOT":"SLEMAN","ID_KEC":"34.04.07","KECAMATAN":"DEPOK","ID_DESA":"34.04.07.2001","DESA":"CATURTUNGGAL","LONGITUDE":110.3974027,"LATITUDE":-7.7831086,"STATUS":"BUKA","TANGGAL PENGUMPULAN":"Q1 2024","TANGGAL UPDATE":"28/02/2025"}},{"type":"Feature","geometry":{"coordinates":[110.409782,-7.769531],"type":"Point"},"properties":{"fid":24154,"NAMA":"APOTEK KIMIA FARMA SETURAN","TIPE_1":"KESEHATAN DAN PENGOBATAN","TIPE_2":"APOTEK","TIPE_3":"-","TELEPON":"0811-1067-8229","ALAMAT":"JL. SETURAN RAYA NO.BLOK C 3B, KLEDOKAN, CATURTUNGGAL, KEC. DEPOK, KABUPATEN SLEMAN, DAERAH ISTIMEWA YOGYAKARTA 55281","ID_PROV":"34","PROVINSI":"DAERAH ISTIMEWA YOGYAKARTA","ID_KABKOT":"34.04","KABKOT":"SLEMAN","ID_KEC":"34.04.07","KECAMATAN":"DEPOK","ID_DESA":"34.04.07.2001","DESA":"CATURTUNGGAL","LONGITUDE":110.409782,"LATITUDE":-7.769531,"STATUS":"BUKA","TANGGAL PENGUMPULAN":"Q1 2024","TANGGAL UPDATE":"28/02/2025"}},{"type":"Feature","geometry":{"coordinates":[110.4289315,-7.6697334],"type":"Point"},"properties":{"fid":24155,"NAMA":"APOTEK HARMONI SLEMAN","TIPE_1":"KESEHATAN DAN PENGOBATAN","TIPE_2":"APOTEK","TIPE_3":"-","TELEPON":"","ALAMAT":"JL. CANGKRINGAN NO.32, KREGAN, UMBULMARTANI, KEC. NGEMPLAK, KABUPATEN SLEMAN, DAERAH ISTIMEWA YOGYAKARTA 55584","ID_PROV":"34","PROVINSI":"DAERAH ISTIMEWA YOGYAKARTA","ID_KABKOT":"34.04","KABKOT":"SLEMAN","ID_KEC":"34.04.11","KECAMATAN":"NGEMPLAK","ID_DESA":"34.04.11.2005","DESA":"UMBULMARTANI","LONGITUDE":110.4289315,"LATITUDE":-7.6697334,"STATUS":"BUKA","TANGGAL PENGUMPULAN":"Q1 2024","TANGGAL UPDATE":"28/02/2025"}},{"type":"Feature","geometry":{"coordinates":[110.387849,-7.777512],"type":"Point"},"properties":{"fid":24156,"NAMA":"APOTEK KIMIA FARMA COLOMBO","TIPE_1":"KESEHATAN DAN PENGOBATAN","TIPE_2":"APOTEK","TIPE_3":"-","TELEPON":"0811-1067-8220","ALAMAT":"JL. COLOMBO YOGYAKARTA NO.1, KARANG MALANG, CATURTUNGGAL, KEC. DEPOK, KABUPATEN SLEMAN, DAERAH ISTIMEWA YOGYAKARTA 55281","ID_PROV":"34","PROVINSI":"DAERAH ISTIMEWA YOGYAKARTA","ID_KABKOT":"34.04","KABKOT":"SLEMAN","ID_KEC":"34.04.07","KECAMATAN":"DEPOK","ID_DESA":"34.04.07.2001","DESA":"CATURTUNGGAL","LONGITUDE":110.387849,"LATITUDE":-7.777512,"STATUS":"BUKA","TANGGAL PENGUMPULAN":"Q1 2024","TANGGAL UPDATE":"28/02/2025"}},{"type":"Feature","geometry":{"coordinates":[110.3461151,-7.7586062],"type":"Point"},"properties":{"fid":24157,"NAMA":"APOTEK BERKAH SEHAT","TIPE_1":"KESEHATAN DAN PENGOBATAN","TIPE_2":"APOTEK","TIPE_3":"-","TELEPON":"0823-2595-7366","ALAMAT":"JL. KABUPATEN NO.KM.2, RW.3, SALAKAN, TRIHANGGO, KEC. GAMPING, KABUPATEN SLEMAN, DAERAH ISTIMEWA YOGYAKARTA 55291","ID_PROV":"34","PROVINSI":"DAERAH ISTIMEWA YOGYAKARTA","ID_KABKOT":"34.04","KABKOT":"SLEMAN","ID_KEC":"34.04.01","KECAMATAN":"GAMPING","ID_DESA":"34.04.01.2005","DESA":"TRIHANGGO","LONGITUDE":110.3461151,"LATITUDE":-7.7586062,"STATUS":"BUKA","TANGGAL PENGUMPULAN":"Q1 2024","TANGGAL UPDATE":"28/02/2025"}},{"type":"Feature","geometry":{"coordinates":[110.3599432,-7.7072276],"type":"Point"},"properties":{"fid":24308,"NAMA":"APOTEK MITRA SEJAHTERA SLEMAN","TIPE_1":"KESEHATAN DAN PENGOBATAN","TIPE_2":"APOTEK","TIPE_3":"-","TELEPON":"0822-2690-4136","ALAMAT":"JL. PANDOWOHARJO, SAWAHAN, PANDOWOHARJO, KEC. SLEMAN, KABUPATEN SLEMAN, DAERAH ISTIMEWA YOGYAKARTA 55512","ID_PROV":"34","PROVINSI":"DAERAH ISTIMEWA YOGYAKARTA","ID_KABKOT":"34.04","KABKOT":"SLEMAN","ID_KEC":"34.04.13","KECAMATAN":"SLEMAN","ID_DESA":"34.04.13.2004","DESA":"PANDOWOHARJO","LONGITUDE":110.3599432,"LATITUDE":-7.7072276,"STATUS":"BUKA","TANGGAL PENGUMPULAN":"Q1 2024","TANGGAL UPDATE":"28/02/2025"}},{"type":"Feature","geometry":{"coordinates":[110.3681081,-7.7673044],"type":"Point"},"properties":{"fid":24315,"NAMA":"APOTEK PERMATA FARMA","TIPE_1":"KESEHATAN DAN PENGOBATAN","TIPE_2":"APOTEK","TIPE_3":"-","TELEPON":"","ALAMAT":"JL. NYI CONDRO LOEKITO JL. BLUNYAH GEDE, KUTU DUKUH, SINDUADI, KEC. MLATI, KABUPATEN SLEMAN, DAERAH ISTIMEWA YOGYAKARTA 55284","ID_PROV":"34","PROVINSI":"DAERAH ISTIMEWA YOGYAKARTA","ID_KABKOT":"34.04","KABKOT":"SLEMAN","ID_KEC":"34.04.06","KECAMATAN":"MLATI","ID_DESA":"34.04.06.2001","DESA":"SINDUADI","LONGITUDE":110.3681081,"LATITUDE":-7.7673044,"STATUS":"BUKA","TANGGAL PENGUMPULAN":"Q1 2024","TANGGAL UPDATE":"28/02/2025"}},{"type":"Feature","geometry":{"coordinates":[110.3842886,-7.7529949],"type":"Point"},"properties":{"fid":25375,"NAMA":"APOTEK KIMIA FARMA JAKAL","TIPE_1":"KESEHATAN DAN PENGOBATAN","TIPE_2":"APOTEK","TIPE_3":"-","TELEPON":"0811-1067-8326","ALAMAT":"JL. KALIURANG NO.48, MANGGUNG, CATURTUNGGAL, KEC. DEPOK, KABUPATEN SLEMAN, DAERAH ISTIMEWA YOGYAKARTA 55281","ID_PROV":"34","PROVINSI":"DAERAH ISTIMEWA YOGYAKARTA","ID_KABKOT":"34.04","KABKOT":"SLEMAN","ID_KEC":"34.04.07","KECAMATAN":"DEPOK","ID_DESA":"34.04.07.2001","DESA":"CATURTUNGGAL","LONGITUDE":110.3842886,"LATITUDE":-7.7529949,"STATUS":"BUKA","TANGGAL PENGUMPULAN":"Q1 2024","TANGGAL UPDATE":"28/02/2025"}},{"type":"Feature","geometry":{"coordinates":[110.4101233,-7.7677199],"type":"Point"},"properties":{"fid":25376,"NAMA":"APOTEK K-24","TIPE_1":"KESEHATAN DAN PENGOBATAN","TIPE_2":"APOTEK","TIPE_3":"-","TELEPON":"0895-3683-44424","ALAMAT":"JL. SETURAN RAYA NO.101A, KLEDOKAN, CATURTUNGGAL, KEC. DEPOK, KABUPATEN SLEMAN, DAERAH ISTIMEWA YOGYAKARTA 55281","ID_PROV":"34","PROVINSI":"DAERAH ISTIMEWA YOGYAKARTA","ID_KABKOT":"34.04","KABKOT":"SLEMAN","ID_KEC":"34.04.07","KECAMATAN":"DEPOK","ID_DESA":"34.04.07.2001","DESA":"CATURTUNGGAL","LONGITUDE":110.4101233,"LATITUDE":-7.7677199,"STATUS":"BUKA","TANGGAL PENGUMPULAN":"Q1 2024","TANGGAL UPDATE":"28/02/2025"}},{"type":"Feature","geometry":{"coordinates":[110.3195059,-7.7741552],"type":"Point"},"properties":{"fid":25377,"NAMA":"APOTEK K24 MUNGGUR","TIPE_1":"KESEHATAN DAN PENGOBATAN","TIPE_2":"APOTEK","TIPE_3":"-","TELEPON":"(0274) 2821393","ALAMAT":"JL. SIDOARUM - BANTULAN, BANTULAN, SIDOARUM, KEC. GODEAN, KABUPATEN SLEMAN, DAERAH ISTIMEWA YOGYAKARTA 55264","ID_PROV":"34","PROVINSI":"DAERAH ISTIMEWA YOGYAKARTA","ID_KABKOT":"34.04","KABKOT":"SLEMAN","ID_KEC":"34.04.02","KECAMATAN":"GODEAN","ID_DESA":"34.04.02.2006","DESA":"SIDOARUM","LONGITUDE":110.3195059,"LATITUDE":-7.7741552,"STATUS":"BUKA","TANGGAL PENGUMPULAN":"Q1 2024","TANGGAL UPDATE":"28/02/2025"}},{"type":"Feature","geometry":{"coordinates":[110.3127437,-7.772654],"type":"Point"},"properties":{"fid":25378,"NAMA":"APOTEK RAJENDRA","TIPE_1":"KESEHATAN DAN PENGOBATAN","TIPE_2":"APOTEK","TIPE_3":"-","TELEPON":"0821-3483-5161","ALAMAT":"JL. NGAPAK - KENTHENG NO.59, BANTULAN, SIDOARUM, KEC. GODEAN, KABUPATEN SLEMAN, DAERAH ISTIMEWA YOGYAKARTA 55264","ID_PROV":"34","PROVINSI":"DAERAH ISTIMEWA YOGYAKARTA","ID_KABKOT":"34.04","KABKOT":"SLEMAN","ID_KEC":"34.04.02","KECAMATAN":"GODEAN","ID_DESA":"34.04.02.2005","DESA":"SIDOKARTO","LONGITUDE":110.3127437,"LATITUDE":-7.772654,"STATUS":"BUKA","TANGGAL PENGUMPULAN":"Q1 2024","TANGGAL UPDATE":"28/02/2025"}},{"type":"Feature","geometry":{"coordinates":[110.3517334,-7.7118977],"type":"Point"},"properties":{"fid":25379,"NAMA":"APOTIK SITA DEWI","TIPE_1":"KESEHATAN DAN PENGOBATAN","TIPE_2":"APOTEK","TIPE_3":"-","TELEPON":"","ALAMAT":"DUKUH, TRIDADI, KEC. SLEMAN, KABUPATEN SLEMAN, DAERAH ISTIMEWA YOGYAKARTA 55511","ID_PROV":"34","PROVINSI":"DAERAH ISTIMEWA YOGYAKARTA","ID_KABKOT":"34.04","KABKOT":"SLEMAN","ID_KEC":"34.04.13","KECAMATAN":"SLEMAN","ID_DESA":"34.04.13.2003","DESA":"TRIDADI","LONGITUDE":110.3517334,"LATITUDE":-7.7118977,"STATUS":"BUKA","TANGGAL PENGUMPULAN":"Q1 2024","TANGGAL UPDATE":"28/02/2025"}},{"type":"Feature","geometry":{"coordinates":[110.4494519,-7.7475509],"type":"Point"},"properties":{"fid":25380,"NAMA":"APOTEK K-24 PURWOMARTANI","TIPE_1":"KESEHATAN DAN PENGOBATAN","TIPE_2":"APOTEK","TIPE_3":"-","TELEPON":"(0274) 2850631","ALAMAT":"JALAN, BROMONILAN, PURWOMARTANI, KEC. KALASAN, KABUPATEN SLEMAN, DAERAH ISTIMEWA YOGYAKARTA 55571","ID_PROV":"34","PROVINSI":"DAERAH ISTIMEWA YOGYAKARTA","ID_KABKOT":"34.04","KABKOT":"SLEMAN","ID_KEC":"34.04.10","KECAMATAN":"KALASAN","ID_DESA":"34.04.10.2001","DESA":"PURWOMARTANI","LONGITUDE":110.4494519,"LATITUDE":-7.7475509,"STATUS":"BUKA","TANGGAL PENGUMPULAN":"Q1 2024","TANGGAL UPDATE":"28/02/2025"}},{"type":"Feature","geometry":{"coordinates":[110.4331781,-7.7587965],"type":"Point"},"properties":{"fid":25381,"NAMA":"APOTEK K24 STAN","TIPE_1":"KESEHATAN DAN PENGOBATAN","TIPE_2":"APOTEK","TIPE_3":"-","TELEPON":"0877-3485-2203","ALAMAT":"JL. RAYA TAJEM, DENOKAN, MAGUWOHARJO, KEC. DEPOK, KABUPATEN SLEMAN, DAERAH ISTIMEWA YOGYAKARTA 55282","ID_PROV":"34","PROVINSI":"DAERAH ISTIMEWA YOGYAKARTA","ID_KABKOT":"34.04","KABKOT":"SLEMAN","ID_KEC":"34.04.07","KECAMATAN":"DEPOK","ID_DESA":"34.04.07.2002","DESA":"MAGUWOHARJO","LONGITUDE":110.4331781,"LATITUDE":-7.7587965,"STATUS":"BUKA","TANGGAL PENGUMPULAN":"Q1 2024","TANGGAL UPDATE":"28/02/2025"}},{"type":"Feature","geometry":{"coordinates":[110.3955441,-7.7824081],"type":"Point"},"properties":{"fid":25382,"NAMA":"APOTEK PANDEGA","TIPE_1":"KESEHATAN DAN PENGOBATAN","TIPE_2":"APOTEK","TIPE_3":"-","TELEPON":"(0274) 2624437","ALAMAT":"JL. PETUNG NO.1 A, PAPRINGAN, CATURTUNGGAL, KEC. DEPOK, KABUPATEN SLEMAN, DAERAH ISTIMEWA YOGYAKARTA 55281","ID_PROV":"34","PROVINSI":"DAERAH ISTIMEWA YOGYAKARTA","ID_KABKOT":"34.04","KABKOT":"SLEMAN","ID_KEC":"34.04.07","KECAMATAN":"DEPOK","ID_DESA":"34.04.07.2001","DESA":"CATURTUNGGAL","LONGITUDE":110.3955441,"LATITUDE":-7.7824081,"STATUS":"BUKA","TANGGAL PENGUMPULAN":"Q1 2024","TANGGAL UPDATE":"28/02/2025"}},{"type":"Feature","geometry":{"coordinates":[110.3900312,-7.7704901],"type":"Point"},"properties":{"fid":25463,"NAMA":"APOTEK K-24 GEJAYAN","TIPE_1":"KESEHATAN DAN PENGOBATAN","TIPE_2":"APOTEK","TIPE_3":"-","TELEPON":"0896-7464-8483","ALAMAT":"JL. AFFANDI NO.29, SANTREN, CATURTUNGGAL, KEC. DEPOK, KABUPATEN SLEMAN, DAERAH ISTIMEWA YOGYAKARTA 55281","ID_PROV":"34","PROVINSI":"DAERAH ISTIMEWA YOGYAKARTA","ID_KABKOT":"34.04","KABKOT":"SLEMAN","ID_KEC":"34.04.07","KECAMATAN":"DEPOK","ID_DESA":"34.04.07.2001","DESA":"CATURTUNGGAL","LONGITUDE":110.3900312,"LATITUDE":-7.7704901,"STATUS":"BUKA","TANGGAL PENGUMPULAN":"Q1 2024","TANGGAL UPDATE":"28/02/2025"}},{"type":"Feature","geometry":{"coordinates":[110.4018189,-7.7701287],"type":"Point"},"properties":{"fid":25465,"NAMA":"APOTEK K-24 NOLOGATEN SLEMAN","TIPE_1":"KESEHATAN DAN PENGOBATAN","TIPE_2":"APOTEK","TIPE_3":"-","TELEPON":"0812-1149-2516","ALAMAT":"JL. WAHID HASYIM, DABAG, CONDONGCATUR, KEC. DEPOK, KABUPATEN SLEMAN, DAERAH ISTIMEWA YOGYAKARTA 55281","ID_PROV":"34","PROVINSI":"DAERAH ISTIMEWA YOGYAKARTA","ID_KABKOT":"34.04","KABKOT":"SLEMAN","ID_KEC":"34.04.07","KECAMATAN":"DEPOK","ID_DESA":"34.04.07.2003","DESA":"CONDONGCATUR","LONGITUDE":110.4018189,"LATITUDE":-7.7701287,"STATUS":"BUKA","TANGGAL PENGUMPULAN":"Q1 2024","TANGGAL UPDATE":"28/02/2025"}},{"type":"Feature","geometry":{"coordinates":[110.397067,-7.7540782],"type":"Point"},"properties":{"fid":25466,"NAMA":"APOTEK K-24 ANGGAJAYA","TIPE_1":"KESEHATAN DAN PENGOBATAN","TIPE_2":"APOTEK","TIPE_3":"-","TELEPON":"(0274) 2834464","ALAMAT":"JL. ANGGAJAYA 1 NO.188, GEJAYAN, CONDONGCATUR, KEC. DEPOK, KABUPATEN SLEMAN, DAERAH ISTIMEWA YOGYAKARTA 55283","ID_PROV":"34","PROVINSI":"DAERAH ISTIMEWA YOGYAKARTA","ID_KABKOT":"34.04","KABKOT":"SLEMAN","ID_KEC":"34.04.07","KECAMATAN":"DEPOK","ID_DESA":"34.04.07.2003","DESA":"CONDONGCATUR","LONGITUDE":110.397067,"LATITUDE":-7.7540782,"STATUS":"BUKA","TANGGAL PENGUMPULAN":"Q1 2024","TANGGAL UPDATE":"28/02/2025"}},{"type":"Feature","geometry":{"coordinates":[110.306335,-7.7714124],"type":"Point"},"properties":{"fid":25467,"NAMA":"APOTEK SIAGA 24 GODEAN","TIPE_1":"KESEHATAN DAN PENGOBATAN","TIPE_2":"APOTEK","TIPE_3":"-","TELEPON":"0812-1260-8926","ALAMAT":"JL. SIDOKARTO, DUKUH, SIDOKARTO, KEC. GODEAN, KABUPATEN SLEMAN, DAERAH ISTIMEWA YOGYAKARTA 55564","ID_PROV":"34","PROVINSI":"DAERAH ISTIMEWA YOGYAKARTA","ID_KABKOT":"34.04","KABKOT":"SLEMAN","ID_KEC":"34.04.02","KECAMATAN":"GODEAN","ID_DESA":"34.04.02.2005","DESA":"SIDOKARTO","LONGITUDE":110.306335,"LATITUDE":-7.7714124,"STATUS":"BUKA","TANGGAL PENGUMPULAN":"Q1 2024","TANGGAL UPDATE":"28/02/2025"}},{"type":"Feature","geometry":{"coordinates":[110.3687751,-7.7691317],"type":"Point"},"properties":{"fid":25468,"NAMA":"APOTEK BLUNYAH FARMA","TIPE_1":"KESEHATAN DAN PENGOBATAN","TIPE_2":"APOTEK","TIPE_3":"-","TELEPON":"(0274) 555603","ALAMAT":"JL. MONJALI NO.191, KUTU DUKUH, SINDUADI, KEC. MLATI, KABUPATEN SLEMAN, DAERAH ISTIMEWA YOGYAKARTA 55241","ID_PROV":"34","PROVINSI":"DAERAH ISTIMEWA YOGYAKARTA","ID_KABKOT":"34.04","KABKOT":"SLEMAN","ID_KEC":"34.04.06","KECAMATAN":"MLATI","ID_DESA":"34.04.06.2001","DESA":"SINDUADI","LONGITUDE":110.3687751,"LATITUDE":-7.7691317,"STATUS":"BUKA","TANGGAL PENGUMPULAN":"Q1 2024","TANGGAL UPDATE":"28/02/2025"}},{"type":"Feature","geometry":{"coordinates":[110.3742369,-7.7430716],"type":"Point"},"properties":{"fid":26061,"NAMA":"APOTEK K-24 PALAGAN 2 SLEMAN","TIPE_1":"KESEHATAN DAN PENGOBATAN","TIPE_2":"APOTEK","TIPE_3":"-","TELEPON":"0811-2868-624","ALAMAT":"JL. PALAGAN TENTARA PELAJAR SEDAN, RT.02/RW.33, PANGGUNG SARI, SARIHARJO, NGAGLIK, SLEMAN REGENCY, SPECIAL REGION OF YOGYAKARTA 55581","ID_PROV":"34","PROVINSI":"DAERAH ISTIMEWA YOGYAKARTA","ID_KABKOT":"34.04","KABKOT":"SLEMAN","ID_KEC":"34.04.12","KECAMATAN":"NGAGLIK","ID_DESA":"34.04.12.2001","DESA":"SARIHARJO","LONGITUDE":110.3742369,"LATITUDE":-7.7430716,"STATUS":"BUKA","TANGGAL PENGUMPULAN":"Q1 2024","TANGGAL UPDATE":"28/02/2025"}},{"type":"Feature","geometry":{"coordinates":[110.3496461,-7.7409615],"type":"Point"},"properties":{"fid":26063,"NAMA":"APOTEK K-24 KRONGGAHAN SLEMAN","TIPE_1":"KESEHATAN DAN PENGOBATAN","TIPE_2":"APOTEK","TIPE_3":"-","TELEPON":"0812-2211-2424","ALAMAT":"JL. KABUPATEN, KRONGGAHAN II, TRIHANGGO, GAMPING, SLEMAN REGENCY, SPECIAL REGION OF YOGYAKARTA 55291","ID_PROV":"34","PROVINSI":"DAERAH ISTIMEWA YOGYAKARTA","ID_KABKOT":"34.04","KABKOT":"SLEMAN","ID_KEC":"34.04.01","KECAMATAN":"GAMPING","ID_DESA":"34.04.01.2005","DESA":"TRIHANGGO","LONGITUDE":110.3496461,"LATITUDE":-7.7409615,"STATUS":"BUKA","TANGGAL PENGUMPULAN":"Q1 2024","TANGGAL UPDATE":"28/02/2025"}},{"type":"Feature","geometry":{"coordinates":[110.3729463,-7.7469621],"type":"Point"},"properties":{"fid":26065,"NAMA":"APOTEK UNISIA 24 PALAGAN","TIPE_1":"KESEHATAN DAN PENGOBATAN","TIPE_2":"APOTEK","TIPE_3":"-","TELEPON":"0811-2635-992","ALAMAT":"JL. PALAGAN TENTARA PELAJAR NO.73, JONGKANG, SARIHARJO, KEC. NGAGLIK, KABUPATEN SLEMAN, DAERAH ISTIMEWA YOGYAKARTA 55581","ID_PROV":"34","PROVINSI":"DAERAH ISTIMEWA YOGYAKARTA","ID_KABKOT":"34.04","KABKOT":"SLEMAN","ID_KEC":"34.04.12","KECAMATAN":"NGAGLIK","ID_DESA":"34.04.12.2001","DESA":"SARIHARJO","LONGITUDE":110.3729463,"LATITUDE":-7.7469621,"STATUS":"BUKA","TANGGAL PENGUMPULAN":"Q1 2024","TANGGAL UPDATE":"28/02/2025"}},{"type":"Feature","geometry":{"coordinates":[110.3699394,-7.7567867],"type":"Point"},"properties":{"fid":26066,"NAMA":"APOTEK ANUGERAH24","TIPE_1":"KESEHATAN DAN PENGOBATAN","TIPE_2":"APOTEK","TIPE_3":"-","TELEPON":"(0274) 625399","ALAMAT":"JL. MONUMEN JOGJA KEMBALI NO.67, GEMAWANG, SINDUADI, KEC. MLATI, KABUPATEN SLEMAN, DAERAH ISTIMEWA YOGYAKARTA 55284","ID_PROV":"34","PROVINSI":"DAERAH ISTIMEWA YOGYAKARTA","ID_KABKOT":"34.04","KABKOT":"SLEMAN","ID_KEC":"34.04.06","KECAMATAN":"MLATI","ID_DESA":"34.04.06.2001","DESA":"SINDUADI","LONGITUDE":110.3699394,"LATITUDE":-7.7567867,"STATUS":"BUKA","TANGGAL PENGUMPULAN":"Q1 2024","TANGGAL UPDATE":"28/02/2025"}},{"type":"Feature","geometry":{"coordinates":[110.3729854,-7.7469695],"type":"Point"},"properties":{"fid":26067,"NAMA":"APOTEK MARI SEHAT INDONESIA PALAGAN","TIPE_1":"KESEHATAN DAN PENGOBATAN","TIPE_2":"APOTEK","TIPE_3":"-","TELEPON":"0822-4245-5594","ALAMAT":"JL. PALAGAN TENTARA PELAJAR NO.25, WARAS, SARIHARJO, KEC. NGAGLIK, KABUPATEN SLEMAN, DAERAH ISTIMEWA YOGYAKARTA 55581","ID_PROV":"34","PROVINSI":"DAERAH ISTIMEWA YOGYAKARTA","ID_KABKOT":"34.04","KABKOT":"SLEMAN","ID_KEC":"34.04.12","KECAMATAN":"NGAGLIK","ID_DESA":"34.04.12.2001","DESA":"SARIHARJO","LONGITUDE":110.3729854,"LATITUDE":-7.7469695,"STATUS":"BUKA","TANGGAL PENGUMPULAN":"Q1 2024","TANGGAL UPDATE":"28/02/2025"}},{"type":"Feature","geometry":{"coordinates":[110.3549563,-7.7196427],"type":"Point"},"properties":{"fid":26068,"NAMA":"APOTEK K-24 DENGGUNG SLEMAN","TIPE_1":"KESEHATAN DAN PENGOBATAN","TIPE_2":"APOTEK","TIPE_3":"-","TELEPON":"0811-2458-860","ALAMAT":"JL. KRT PRINGGODININGRAT NO.14, BERAN KIDUL, TRIDADI, SLEMAN, SLEMAN REGENCY, SPECIAL REGION OF YOGYAKARTA 55511","ID_PROV":"34","PROVINSI":"DAERAH ISTIMEWA YOGYAKARTA","ID_KABKOT":"34.04","KABKOT":"SLEMAN","ID_KEC":"34.04.13","KECAMATAN":"SLEMAN","ID_DESA":"34.04.13.2003","DESA":"TRIDADI","LONGITUDE":110.3549563,"LATITUDE":-7.7196427,"STATUS":"BUKA","TANGGAL PENGUMPULAN":"Q1 2024","TANGGAL UPDATE":"28/02/2025"}},{"type":"Feature","geometry":{"coordinates":[110.3434763,-7.7796316],"type":"Point"},"properties":{"fid":26090,"NAMA":"APOTEK K-24 JL. GODEAN SLEMAN","TIPE_1":"KESEHATAN DAN PENGOBATAN","TIPE_2":"APOTEK","TIPE_3":"-","TELEPON":"(0274) 562424","ALAMAT":"JL. NGAPAK - KENTHENG KM. 4 NO. 179, KWARASAN, NOGOTIRTO, KEC. GAMPING, KABUPATEN SLEMAN, DAERAH ISTIMEWA YOGYAKARTA 55293","ID_PROV":"34","PROVINSI":"DAERAH ISTIMEWA YOGYAKARTA","ID_KABKOT":"34.04","KABKOT":"SLEMAN","ID_KEC":"34.04.01","KECAMATAN":"GAMPING","ID_DESA":"34.04.01.2004","DESA":"NOGOTIRTO","LONGITUDE":110.3434763,"LATITUDE":-7.7796316,"STATUS":"BUKA","TANGGAL PENGUMPULAN":"Q1 2024","TANGGAL UPDATE":"28/02/2025"}},{"type":"Feature","geometry":{"coordinates":[110.3736461,-7.7445143],"type":"Point"},"properties":{"fid":26092,"NAMA":"APOTEK KIMIA FARMA PALAGAN","TIPE_1":"KESEHATAN DAN PENGOBATAN","TIPE_2":"APOTEK","TIPE_3":"-","TELEPON":"(0274) 869944","ALAMAT":"JL. PALAGAN TENTARA PELAJAR NO.72, PANGGUNG SARI, SARIHARJO, KEC. NGAGLIK, KABUPATEN SLEMAN, DAERAH ISTIMEWA YOGYAKARTA 55581","ID_PROV":"34","PROVINSI":"DAERAH ISTIMEWA YOGYAKARTA","ID_KABKOT":"34.04","KABKOT":"SLEMAN","ID_KEC":"34.04.12","KECAMATAN":"NGAGLIK","ID_DESA":"34.04.12.2001","DESA":"SARIHARJO","LONGITUDE":110.3736461,"LATITUDE":-7.7445143,"STATUS":"BUKA","TANGGAL PENGUMPULAN":"Q1 2024","TANGGAL UPDATE":"28/02/2025"}},{"type":"Feature","geometry":{"coordinates":[110.3746042,-7.7425919],"type":"Point"},"properties":{"fid":26094,"NAMA":"APOTEK SARI DEWI PALAGAN","TIPE_1":"KESEHATAN DAN PENGOBATAN","TIPE_2":"APOTEK","TIPE_3":"-","TELEPON":"(0274) 4463900","ALAMAT":"JL. PALAGAN TENTARA PELAJAR NO.33, JONGKANG, SARIHARJO, KEC. NGAGLIK, KABUPATEN SLEMAN, DAERAH ISTIMEWA YOGYAKARTA 55581","ID_PROV":"34","PROVINSI":"DAERAH ISTIMEWA YOGYAKARTA","ID_KABKOT":"34.04","KABKOT":"SLEMAN","ID_KEC":"34.04.12","KECAMATAN":"NGAGLIK","ID_DESA":"34.04.12.2001","DESA":"SARIHARJO","LONGITUDE":110.3746042,"LATITUDE":-7.7425919,"STATUS":"BUKA","TANGGAL PENGUMPULAN":"Q1 2024","TANGGAL UPDATE":"28/02/2025"}},{"type":"Feature","geometry":{"coordinates":[110.3722425,-7.7483612],"type":"Point"},"properties":{"fid":26095,"NAMA":"APOTEK OMAH SEHAT JONGKANG","TIPE_1":"KESEHATAN DAN PENGOBATAN","TIPE_2":"APOTEK","TIPE_3":"-","TELEPON":"0812-1590-0202","ALAMAT":"JL. PALAGAN TENTARA PELAJAR NO.120, JONGKANG, SARIHARJO, KEC. NGAGLIK, KABUPATEN SLEMAN, DAERAH ISTIMEWA YOGYAKARTA 55581","ID_PROV":"34","PROVINSI":"DAERAH ISTIMEWA YOGYAKARTA","ID_KABKOT":"34.04","KABKOT":"SLEMAN","ID_KEC":"34.04.12","KECAMATAN":"NGAGLIK","ID_DESA":"34.04.12.2001","DESA":"SARIHARJO","LONGITUDE":110.3722425,"LATITUDE":-7.7483612,"STATUS":"BUKA","TANGGAL PENGUMPULAN":"Q1 2024","TANGGAL UPDATE":"28/02/2025"}},{"type":"Feature","geometry":{"coordinates":[110.4197062,-7.7421947],"type":"Point"},"properties":{"fid":26097,"NAMA":"APOTEK K24 WEDOMARTANI","TIPE_1":"KESEHATAN DAN PENGOBATAN","TIPE_2":"APOTEK","TIPE_3":"-","TELEPON":"0812-2571-8726","ALAMAT":"MALANGREJO, WEDOMARTANI, KEC. NGEMPLAK, KABUPATEN SLEMAN, DAERAH ISTIMEWA YOGYAKARTA 55584","ID_PROV":"34","PROVINSI":"DAERAH ISTIMEWA YOGYAKARTA","ID_KABKOT":"34.04","KABKOT":"SLEMAN","ID_KEC":"34.04.11","KECAMATAN":"NGEMPLAK","ID_DESA":"34.04.11.2004","DESA":"WEDOMARTANI","LONGITUDE":110.4197062,"LATITUDE":-7.7421947,"STATUS":"BUKA","TANGGAL PENGUMPULAN":"Q1 2024","TANGGAL UPDATE":"28/02/2025"}},{"type":"Feature","geometry":{"coordinates":[110.3795383,-7.7629871],"type":"Point"},"properties":{"fid":26099,"NAMA":"APOTEK K-24 JL. KALIURANG SLEMAN","TIPE_1":"KESEHATAN DAN PENGOBATAN","TIPE_2":"APOTEK","TIPE_3":"-","TELEPON":"0823-2955-9171","ALAMAT":"JL. KALIURANG NO.94 NO.KM. 5, KOCORAN, CATURTUNGGAL, KEC. DEPOK, KABUPATEN SLEMAN, DAERAH ISTIMEWA YOGYAKARTA 55281","ID_PROV":"34","PROVINSI":"DAERAH ISTIMEWA YOGYAKARTA","ID_KABKOT":"34.04","KABKOT":"SLEMAN","ID_KEC":"34.04.06","KECAMATAN":"MLATI","ID_DESA":"34.04.06.2001","DESA":"SINDUADI","LONGITUDE":110.3795383,"LATITUDE":-7.7629871,"STATUS":"BUKA","TANGGAL PENGUMPULAN":"Q1 2024","TANGGAL UPDATE":"28/02/2025"}},{"type":"Feature","geometry":{"coordinates":[110.4343861,-7.7416885],"type":"Point"},"properties":{"fid":26100,"NAMA":"APOTEK K-24 TAJEM SLEMAN","TIPE_1":"KESEHATAN DAN PENGOBATAN","TIPE_2":"APOTEK","TIPE_3":"-","TELEPON":"0822-2034-9106","ALAMAT":"JL. RAYA TAJEM, PANJEN, WEDOMARTANI, KEC. NGEMPLAK, KABUPATEN SLEMAN, DAERAH ISTIMEWA YOGYAKARTA 55584","ID_PROV":"34","PROVINSI":"DAERAH ISTIMEWA YOGYAKARTA","ID_KABKOT":"34.04","KABKOT":"SLEMAN","ID_KEC":"34.04.11","KECAMATAN":"NGEMPLAK","ID_DESA":"34.04.11.2004","DESA":"WEDOMARTANI","LONGITUDE":110.4343861,"LATITUDE":-7.7416885,"STATUS":"BUKA","TANGGAL PENGUMPULAN":"Q1 2024","TANGGAL UPDATE":"28/02/2025"}},{"type":"Feature","geometry":{"coordinates":[110.3862438,-7.750097],"type":"Point"},"properties":{"fid":26101,"NAMA":"APOTEK K24 KENTUNGAN","TIPE_1":"KESEHATAN DAN PENGOBATAN","TIPE_2":"APOTEK","TIPE_3":"-","TELEPON":"0858-4875-4745","ALAMAT":"JL. KALIURANG BLOK A NO.15 KM. 6.5, KENTUNGAN, CONDONGCATUR, KEC. DEPOK, KABUPATEN SLEMAN, DAERAH ISTIMEWA YOGYAKARTA 55283","ID_PROV":"34","PROVINSI":"DAERAH ISTIMEWA YOGYAKARTA","ID_KABKOT":"34.04","KABKOT":"SLEMAN","ID_KEC":"34.04.07","KECAMATAN":"DEPOK","ID_DESA":"34.04.07.2003","DESA":"CONDONGCATUR","LONGITUDE":110.3862438,"LATITUDE":-7.750097,"STATUS":"BUKA","TANGGAL PENGUMPULAN":"Q1 2024","TANGGAL UPDATE":"28/02/2025"}},{"type":"Feature","geometry":{"coordinates":[110.4097788,-7.7553173],"type":"Point"},"properties":{"fid":26102,"NAMA":"APOTEK K-24 CONDONG CATUR SLEMAN","TIPE_1":"KESEHATAN DAN PENGOBATAN","TIPE_2":"APOTEK","TIPE_3":"-","TELEPON":"0895-2754-2824","ALAMAT":"JL. NUSA INDAH NO.408, DERO, CONDONGCATUR, KEC. DEPOK, KABUPATEN SLEMAN, DAERAH ISTIMEWA YOGYAKARTA 55281","ID_PROV":"34","PROVINSI":"DAERAH ISTIMEWA YOGYAKARTA","ID_KABKOT":"34.04","KABKOT":"SLEMAN","ID_KEC":"34.04.07","KECAMATAN":"DEPOK","ID_DESA":"34.04.07.2003","DESA":"CONDONGCATUR","LONGITUDE":110.4097788,"LATITUDE":-7.7553173,"STATUS":"BUKA","TANGGAL PENGUMPULAN":"Q1 2024","TANGGAL UPDATE":"28/02/2025"}},{"type":"Feature","geometry":{"coordinates":[110.4063017,-7.7550893],"type":"Point"},"properties":{"fid":26103,"NAMA":"APOTEK VISI PHARMA","TIPE_1":"KESEHATAN DAN PENGOBATAN","TIPE_2":"APOTEK","TIPE_3":"-","TELEPON":"(0274) 7432226","ALAMAT":"JL. CEMP. NO.32, PERUMNAS CONDONG CATUR, CONDONGCATUR, KEC. DEPOK, KABUPATEN SLEMAN, DAERAH ISTIMEWA YOGYAKARTA 55281","ID_PROV":"34","PROVINSI":"DAERAH ISTIMEWA YOGYAKARTA","ID_KABKOT":"34.04","KABKOT":"SLEMAN","ID_KEC":"34.04.07","KECAMATAN":"DEPOK","ID_DESA":"34.04.07.2003","DESA":"CONDONGCATUR","LONGITUDE":110.4063017,"LATITUDE":-7.7550893,"STATUS":"BUKA","TANGGAL PENGUMPULAN":"Q1 2024","TANGGAL UPDATE":"28/02/2025"}},{"type":"Feature","geometry":{"coordinates":[110.3738916,-7.7189389],"type":"Point"},"properties":{"fid":26104,"NAMA":"APOTEK K-24 GITO GATI SLEMAN","TIPE_1":"KESEHATAN DAN PENGOBATAN","TIPE_2":"APOTEK","TIPE_3":"-","TELEPON":"0813-2993-7237","ALAMAT":"JL. GITO GATI, PENEN, DONOHARJO, KEC. NGAGLIK, KABUPATEN SLEMAN, DAERAH ISTIMEWA YOGYAKARTA 55581","ID_PROV":"34","PROVINSI":"DAERAH ISTIMEWA YOGYAKARTA","ID_KABKOT":"34.04","KABKOT":"SLEMAN","ID_KEC":"34.04.12","KECAMATAN":"NGAGLIK","ID_DESA":"34.04.12.2006","DESA":"DONOHARJO","LONGITUDE":110.3738916,"LATITUDE":-7.7189389,"STATUS":"BUKA","TANGGAL PENGUMPULAN":"Q1 2024","TANGGAL UPDATE":"28/02/2025"}},{"type":"Feature","geometry":{"coordinates":[110.343504,-7.6908874],"type":"Point"},"properties":{"fid":26105,"NAMA":"APOTEK K-24 MURANGAN","TIPE_1":"KESEHATAN DAN PENGOBATAN","TIPE_2":"APOTEK","TIPE_3":"-","TELEPON":"(0274) 865453","ALAMAT":"JL. MAGELANG KM. 13,5, MURANGAN, JL. MURANGAN VIII, PANGGERAN 8, TRIHARJO, KEC. SLEMAN, KABUPATEN SLEMAN, DAERAH ISTIMEWA YOGYAKARTA 55514","ID_PROV":"34","PROVINSI":"DAERAH ISTIMEWA YOGYAKARTA","ID_KABKOT":"34.04","KABKOT":"SLEMAN","ID_KEC":"34.04.13","KECAMATAN":"SLEMAN","ID_DESA":"34.04.13.2002","DESA":"TRIHARJO","LONGITUDE":110.343504,"LATITUDE":-7.6908874,"STATUS":"BUKA","TANGGAL PENGUMPULAN":"Q1 2024","TANGGAL UPDATE":"28/02/2025"}},{"type":"Feature","geometry":{"coordinates":[110.3079502,-7.7222316],"type":"Point"},"properties":{"fid":26107,"NAMA":"APOTEK SEYEGAN","TIPE_1":"KESEHATAN DAN PENGOBATAN","TIPE_2":"APOTEK","TIPE_3":"-","TELEPON":"0822-2682-4359","ALAMAT":"JL. KEBON AGUNG NO.KM. 10, RW.8, KASULAN, MARGOKATON, KEC. SEYEGAN, KABUPATEN SLEMAN, DAERAH ISTIMEWA YOGYAKARTA 55561","ID_PROV":"34","PROVINSI":"DAERAH ISTIMEWA YOGYAKARTA","ID_KABKOT":"34.04","KABKOT":"SLEMAN","ID_KEC":"34.04.05","KECAMATAN":"SEYEGAN","ID_DESA":"34.04.05.2002","DESA":"MARGODADI","LONGITUDE":110.3079502,"LATITUDE":-7.7222316,"STATUS":"BUKA","TANGGAL PENGUMPULAN":"Q1 2024","TANGGAL UPDATE":"28/02/2025"}},{"type":"Feature","geometry":{"coordinates":[110.3696584,-7.756775],"type":"Point"},"properties":{"fid":26109,"NAMA":"APOTEK K-24 MONJALI","TIPE_1":"KESEHATAN DAN PENGOBATAN","TIPE_2":"APOTEK","TIPE_3":"-","TELEPON":"0895-3253-59274","ALAMAT":"JL. MONJALI NO.60B, GEMAWANG, SINDUADI, KEC. MLATI, KABUPATEN SLEMAN, DAERAH ISTIMEWA YOGYAKARTA 55284","ID_PROV":"34","PROVINSI":"DAERAH ISTIMEWA YOGYAKARTA","ID_KABKOT":"34.04","KABKOT":"SLEMAN","ID_KEC":"34.04.06","KECAMATAN":"MLATI","ID_DESA":"34.04.06.2001","DESA":"SINDUADI","LONGITUDE":110.3696584,"LATITUDE":-7.756775,"STATUS":"BUKA","TANGGAL PENGUMPULAN":"Q1 2024","TANGGAL UPDATE":"28/02/2025"}},{"type":"Feature","geometry":{"coordinates":[110.3794305,-7.7639976],"type":"Point"},"properties":{"fid":26111,"NAMA":"APOTEK KOBRA HUSADA","TIPE_1":"KESEHATAN DAN PENGOBATAN","TIPE_2":"APOTEK","TIPE_3":"-","TELEPON":"","ALAMAT":"JL. KALIURANG, KOCORAN, CATURTUNGGAL, KEC. DEPOK, KABUPATEN SLEMAN, DAERAH ISTIMEWA YOGYAKARTA 55281","ID_PROV":"34","PROVINSI":"DAERAH ISTIMEWA YOGYAKARTA","ID_KABKOT":"34.04","KABKOT":"SLEMAN","ID_KEC":"34.04.07","KECAMATAN":"DEPOK","ID_DESA":"34.04.07.2001","DESA":"CATURTUNGGAL","LONGITUDE":110.3794305,"LATITUDE":-7.7639976,"STATUS":"BUKA","TANGGAL PENGUMPULAN":"Q1 2024","TANGGAL UPDATE":"28/02/2025"}},{"type":"Feature","geometry":{"coordinates":[110.3447784,-7.7795284],"type":"Point"},"properties":{"fid":26140,"NAMA":"APOTEK ANUGERAH MEDIKA","TIPE_1":"KESEHATAN DAN PENGOBATAN","TIPE_2":"APOTEK","TIPE_3":"-","TELEPON":"","ALAMAT":"JL. NUSA INDAH, KWARASAN, NOGOTIRTO, KEC. GAMPING, KABUPATEN SLEMAN, DAERAH ISTIMEWA YOGYAKARTA 55592","ID_PROV":"34","PROVINSI":"DAERAH ISTIMEWA YOGYAKARTA","ID_KABKOT":"34.04","KABKOT":"SLEMAN","ID_KEC":"34.04.01","KECAMATAN":"GAMPING","ID_DESA":"34.04.01.2004","DESA":"NOGOTIRTO","LONGITUDE":110.3447784,"LATITUDE":-7.7795284,"STATUS":"BUKA","TANGGAL PENGUMPULAN":"Q1 2024","TANGGAL UPDATE":"28/02/2025"}},{"type":"Feature","geometry":{"coordinates":[110.3374002,-7.7784832],"type":"Point"},"properties":{"fid":26179,"NAMA":"APOTEK KIMIA FARMA GODEAN","TIPE_1":"KESEHATAN DAN PENGOBATAN","TIPE_2":"APOTEK","TIPE_3":"-","TELEPON":"0813-6540-3736","ALAMAT":"JL. NGAPAK - KENTHENG NO.23 KM. 5, MODINAN, BANYURADEN, KEC. GAMPING, KABUPATEN SLEMAN, DAERAH ISTIMEWA YOGYAKARTA 55293","ID_PROV":"34","PROVINSI":"DAERAH ISTIMEWA YOGYAKARTA","ID_KABKOT":"34.04","KABKOT":"SLEMAN","ID_KEC":"34.04.01","KECAMATAN":"GAMPING","ID_DESA":"34.04.01.2003","DESA":"BANYURADEN","LONGITUDE":110.3374002,"LATITUDE":-7.7784832,"STATUS":"BUKA","TANGGAL PENGUMPULAN":"Q1 2024","TANGGAL UPDATE":"28/02/2025"}},{"type":"Feature","geometry":{"coordinates":[110.4713979,-7.7674656],"type":"Point"},"properties":{"fid":26181,"NAMA":"APOTEK","TIPE_1":"KESEHATAN DAN PENGOBATAN","TIPE_2":"APOTEK","TIPE_3":"-","TELEPON":"(0274) 498278","ALAMAT":"RUMAH SAKIT BHAYANGKARA POLDA, JL. RAYA SOLO - YOGYAKARTA NO.14, GLONDONG, TIRTOMARTANI, KEC. KALASAN, KABUPATEN SLEMAN, DAERAH ISTIMEWA YOGYAKARTA 55571","ID_PROV":"34","PROVINSI":"DAERAH ISTIMEWA YOGYAKARTA","ID_KABKOT":"34.04","KABKOT":"SLEMAN","ID_KEC":"34.04.10","KECAMATAN":"KALASAN","ID_DESA":"34.04.10.2002","DESA":"TIRTOMARTANI","LONGITUDE":110.4713979,"LATITUDE":-7.7674656,"STATUS":"BUKA","TANGGAL PENGUMPULAN":"Q1 2024","TANGGAL UPDATE":"28/02/2025"}},{"type":"Feature","geometry":{"coordinates":[110.2945089,-7.7679165],"type":"Point"},"properties":{"fid":26202,"NAMA":"APOTEK K-24 PASAR GODEAN","TIPE_1":"KESEHATAN DAN PENGOBATAN","TIPE_2":"APOTEK","TIPE_3":"-","TELEPON":"0813-9294-5336","ALAMAT":"JL. NGAPAK - KENTHENG NO.KM. 10, GENENG, SIDOAGUNG, KEC. GODEAN, KABUPATEN SLEMAN, DAERAH ISTIMEWA YOGYAKARTA 55264","ID_PROV":"34","PROVINSI":"DAERAH ISTIMEWA YOGYAKARTA","ID_KABKOT":"34.04","KABKOT":"SLEMAN","ID_KEC":"34.04.02","KECAMATAN":"GODEAN","ID_DESA":"34.04.02.2004","DESA":"SIDOAGUNG","LONGITUDE":110.2945089,"LATITUDE":-7.7679165,"STATUS":"BUKA","TANGGAL PENGUMPULAN":"Q1 2024","TANGGAL UPDATE":"28/02/2025"}},{"type":"Feature","geometry":{"coordinates":[110.399537,-7.745764],"type":"Point"},"properties":{"fid":26204,"NAMA":"APOTEK MANUKAN","TIPE_1":"KESEHATAN DAN PENGOBATAN","TIPE_2":"APOTEK","TIPE_3":"-","TELEPON":"","ALAMAT":"JL. RAYA MANUKAN NO.02, MANUKAN, CONDONGCATUR, KEC. DEPOK, KABUPATEN SLEMAN, DAERAH ISTIMEWA YOGYAKARTA 55281","ID_PROV":"34","PROVINSI":"DAERAH ISTIMEWA YOGYAKARTA","ID_KABKOT":"34.04","KABKOT":"SLEMAN","ID_KEC":"34.04.07","KECAMATAN":"DEPOK","ID_DESA":"34.04.07.2003","DESA":"CONDONGCATUR","LONGITUDE":110.399537,"LATITUDE":-7.745764,"STATUS":"BUKA","TANGGAL PENGUMPULAN":"Q1 2024","TANGGAL UPDATE":"28/02/2025"}},{"type":"Feature","geometry":{"coordinates":[110.4141035,-7.7818787],"type":"Point"},"properties":{"fid":26206,"NAMA":"APOTEK K-24 BABARSARI SLEMAN","TIPE_1":"KESEHATAN DAN PENGOBATAN","TIPE_2":"APOTEK","TIPE_3":"-","TELEPON":"0813-9452-0000","ALAMAT":"JL. BABARSARI NO.13 B, JANTI, CATURTUNGGAL, KEC. DEPOK, KABUPATEN SLEMAN, DAERAH ISTIMEWA YOGYAKARTA 55281","ID_PROV":"34","PROVINSI":"DAERAH ISTIMEWA YOGYAKARTA","ID_KABKOT":"34.04","KABKOT":"SLEMAN","ID_KEC":"34.04.07","KECAMATAN":"DEPOK","ID_DESA":"34.04.07.2001","DESA":"CATURTUNGGAL","LONGITUDE":110.4141035,"LATITUDE":-7.7818787,"STATUS":"BUKA","TANGGAL PENGUMPULAN":"Q1 2024","TANGGAL UPDATE":"28/02/2025"}},{"type":"Feature","geometry":{"coordinates":[110.4329635,-7.7603257],"type":"Point"},"properties":{"fid":26208,"NAMA":"APOTEK KIMIA FARMA STAN","TIPE_1":"KESEHATAN DAN PENGOBATAN","TIPE_2":"APOTEK","TIPE_3":"-","TELEPON":"0821-3486-6805","ALAMAT":"JL. RAYA TAJEM KM 1 NO.21A, MUSTOKOREJO, DENOKAN, MAGUWOHARJO, KEC. DEPOK, KABUPATEN SLEMAN, DAERAH ISTIMEWA YOGYAKARTA 55282","ID_PROV":"34","PROVINSI":"DAERAH ISTIMEWA YOGYAKARTA","ID_KABKOT":"34.04","KABKOT":"SLEMAN","ID_KEC":"34.04.07","KECAMATAN":"DEPOK","ID_DESA":"34.04.07.2002","DESA":"MAGUWOHARJO","LONGITUDE":110.4329635,"LATITUDE":-7.7603257,"STATUS":"BUKA","TANGGAL PENGUMPULAN":"Q1 2024","TANGGAL UPDATE":"28/02/2025"}},{"type":"Feature","geometry":{"coordinates":[110.381554,-7.7582374],"type":"Point"},"properties":{"fid":26209,"NAMA":"APOTEK BINA FARMA","TIPE_1":"KESEHATAN DAN PENGOBATAN","TIPE_2":"APOTEK","TIPE_3":"-","TELEPON":"(0274) 959308","ALAMAT":"JL. KALIURANG NO.68, MANGGUNG, CATURTUNGGAL, KEC. DEPOK, KABUPATEN SLEMAN, DAERAH ISTIMEWA YOGYAKARTA 55281","ID_PROV":"34","PROVINSI":"DAERAH ISTIMEWA YOGYAKARTA","ID_KABKOT":"34.04","KABKOT":"SLEMAN","ID_KEC":"34.04.07","KECAMATAN":"DEPOK","ID_DESA":"34.04.07.2001","DESA":"CATURTUNGGAL","LONGITUDE":110.381554,"LATITUDE":-7.7582374,"STATUS":"BUKA","TANGGAL PENGUMPULAN":"Q1 2024","TANGGAL UPDATE":"28/02/2025"}},{"type":"Feature","geometry":{"coordinates":[110.3949861,-7.7871441],"type":"Point"},"properties":{"fid":29038,"NAMA":"APOTEK HANA FARMA","TIPE_1":"KESEHATAN DAN PENGOBATAN","TIPE_2":"APOTEK","TIPE_3":"-","TELEPON":"","ALAMAT":"JL. TIMOHO, PAPRINGAN, CATURTUNGGAL, KEC. DEPOK, KOTA YOGYAKARTA, DAERAH ISTIMEWA YOGYAKARTA 55221","ID_PROV":"34","PROVINSI":"DAERAH ISTIMEWA YOGYAKARTA","ID_KABKOT":"34.04","KABKOT":"SLEMAN","ID_KEC":"34.04.07","KECAMATAN":"DEPOK","ID_DESA":"34.04.07.2001","DESA":"CATURTUNGGAL","LONGITUDE":110.3949861,"LATITUDE":-7.7871441,"STATUS":"BUKA","TANGGAL PENGUMPULAN":"Q1 2024","TANGGAL UPDATE":"28/02/2025"}},{"type":"Feature","geometry":{"coordinates":[110.2254884,-7.7525065],"type":"Point"},"properties":{"fid":32390,"NAMA":"APOTEK WAHYU PUTRA","TIPE_1":"KESEHATAN DAN PENGOBATAN","TIPE_2":"APOTEK","TIPE_3":"-","TELEPON":"(0274) 2672227","ALAMAT":"JL. NGAPAK - KENTHENG NO.KM. 18, SEMBUHAN KIDUL, SENDANGMULYO, KEC. MINGGIR, KABUPATEN SLEMAN, DAERAH ISTIMEWA YOGYAKARTA 55562","ID_PROV":"34","PROVINSI":"DAERAH ISTIMEWA YOGYAKARTA","ID_KABKOT":"34.04","KABKOT":"SLEMAN","ID_KEC":"34.04.04","KECAMATAN":"MINGGIR","ID_DESA":"34.04.04.2002","DESA":"SENDANGMULYO","LONGITUDE":110.2254884,"LATITUDE":-7.7525065,"STATUS":"BUKA","TANGGAL PENGUMPULAN":"Q1 2024","TANGGAL UPDATE":"28/02/2025"}},{"type":"Feature","geometry":{"coordinates":[110.3057696,-7.6739062],"type":"Point"},"properties":{"fid":36935,"NAMA":"APOTEK FARAH FARMA","TIPE_1":"KESEHATAN DAN PENGOBATAN","TIPE_2":"APOTEK","TIPE_3":"-","TELEPON":"0877-1947-81111","ALAMAT":"GLAGAHOMBO, PONDOKREJO, KEC. TEMPEL, KABUPATEN SLEMAN, DAERAH ISTIMEWA YOGYAKARTA 55552","ID_PROV":"34","PROVINSI":"DAERAH ISTIMEWA YOGYAKARTA","ID_KABKOT":"34.04","KABKOT":"SLEMAN","ID_KEC":"34.04.14","KECAMATAN":"TEMPEL","ID_DESA":"34.04.14.2004","DESA":"PONDOKREJO","LONGITUDE":110.3057696,"LATITUDE":-7.6739062,"STATUS":"BUKA","TANGGAL PENGUMPULAN":"Q1 2024","TANGGAL UPDATE":"28/02/2025"}},{"type":"Feature","geometry":{"coordinates":[110.3261688,-7.6456898],"type":"Point"},"properties":{"fid":36936,"NAMA":"APOTEK SYIFA","TIPE_1":"KESEHATAN DAN PENGOBATAN","TIPE_2":"APOTEK","TIPE_3":"-","TELEPON":"0878-3887-4529","ALAMAT":"JL. TEMPEL - TURI NO.KM. 0.5, KROMODANGSAN, LUMBUNGREJO, KEC. TEMPEL, KABUPATEN SLEMAN, DAERAH ISTIMEWA YOGYAKARTA 55552","ID_PROV":"34","PROVINSI":"DAERAH ISTIMEWA YOGYAKARTA","ID_KABKOT":"34.04","KABKOT":"SLEMAN","ID_KEC":"34.04.14","KECAMATAN":"TEMPEL","ID_DESA":"34.04.14.2007","DESA":"LUMBUNGREJO","LONGITUDE":110.3261688,"LATITUDE":-7.6456898,"STATUS":"BUKA","TANGGAL PENGUMPULAN":"Q1 2024","TANGGAL UPDATE":"28/02/2025"}},{"type":"Feature","geometry":{"coordinates":[110.3199654,-7.6835567],"type":"Point"},"properties":{"fid":36937,"NAMA":"APOTEK CATURHARJO","TIPE_1":"KESEHATAN DAN PENGOBATAN","TIPE_2":"APOTEK","TIPE_3":"-","TELEPON":"","ALAMAT":"KLEBEN, CATURHARJO, KEC. SLEMAN, KABUPATEN SLEMAN, DAERAH ISTIMEWA YOGYAKARTA","ID_PROV":"34","PROVINSI":"DAERAH ISTIMEWA YOGYAKARTA","ID_KABKOT":"34.04","KABKOT":"SLEMAN","ID_KEC":"34.04.13","KECAMATAN":"SLEMAN","ID_DESA":"34.04.13.2001","DESA":"CATURHARJO","LONGITUDE":110.3199654,"LATITUDE":-7.6835567,"STATUS":"BUKA","TANGGAL PENGUMPULAN":"Q1 2024","TANGGAL UPDATE":"28/02/2025"}},{"type":"Feature","geometry":{"coordinates":[110.3392095,-7.6602519],"type":"Point"},"properties":{"fid":36938,"NAMA":"APOTEK SHINA MEDIKA","TIPE_1":"KESEHATAN DAN PENGOBATAN","TIPE_2":"APOTEK","TIPE_3":"-","TELEPON":"0895-0977-7789","ALAMAT":"KADILUWIH, MARGOREJO, KEC. TEMPEL, KABUPATEN SLEMAN, DAERAH ISTIMEWA YOGYAKARTA 55552","ID_PROV":"34","PROVINSI":"DAERAH ISTIMEWA YOGYAKARTA","ID_KABKOT":"34.04","KABKOT":"SLEMAN","ID_KEC":"34.04.14","KECAMATAN":"TEMPEL","ID_DESA":"34.04.14.2006","DESA":"MARGOREJO","LONGITUDE":110.3392095,"LATITUDE":-7.6602519,"STATUS":"BUKA","TANGGAL PENGUMPULAN":"Q1 2024","TANGGAL UPDATE":"28/02/2025"}},{"type":"Feature","geometry":{"coordinates":[110.3436749,-7.7129704],"type":"Point"},"properties":{"fid":36939,"NAMA":"APOTEK INDIKA","TIPE_1":"KESEHATAN DAN PENGOBATAN","TIPE_2":"APOTEK","TIPE_3":"-","TELEPON":"0812-2700-716","ALAMAT":"JL. KRT PRINGGODININGRAT, PATEN, TRIDADI, KEC. SLEMAN, KABUPATEN SLEMAN, DAERAH ISTIMEWA YOGYAKARTA 55511","ID_PROV":"34","PROVINSI":"DAERAH ISTIMEWA YOGYAKARTA","ID_KABKOT":"34.04","KABKOT":"SLEMAN","ID_KEC":"34.04.13","KECAMATAN":"SLEMAN","ID_DESA":"34.04.13.2003","DESA":"TRIDADI","LONGITUDE":110.3436749,"LATITUDE":-7.7129704,"STATUS":"BUKA","TANGGAL PENGUMPULAN":"Q1 2024","TANGGAL UPDATE":"28/02/2025"}},{"type":"Feature","geometry":{"coordinates":[110.328319,-7.6859716],"type":"Point"},"properties":{"fid":36940,"NAMA":"APOTEK DHIFA FARMA","TIPE_1":"KESEHATAN DAN PENGOBATAN","TIPE_2":"APOTEK","TIPE_3":"-","TELEPON":"0851-0555-1155","ALAMAT":"JL. MEDARI - CEMORO, MALANGREJO, CATURHARJO, KEC. SLEMAN, KABUPATEN SLEMAN, DAERAH ISTIMEWA YOGYAKARTA 55515","ID_PROV":"34","PROVINSI":"DAERAH ISTIMEWA YOGYAKARTA","ID_KABKOT":"34.04","KABKOT":"SLEMAN","ID_KEC":"34.04.13","KECAMATAN":"SLEMAN","ID_DESA":"34.04.13.2001","DESA":"CATURHARJO","LONGITUDE":110.328319,"LATITUDE":-7.6859716,"STATUS":"BUKA","TANGGAL PENGUMPULAN":"Q1 2024","TANGGAL UPDATE":"28/02/2025"}},{"type":"Feature","geometry":{"coordinates":[110.3425413,-7.6888494],"type":"Point"},"properties":{"fid":36941,"NAMA":"APOTEK UNISIA 24 MURANGAN","TIPE_1":"KESEHATAN DAN PENGOBATAN","TIPE_2":"APOTEK","TIPE_3":"-","TELEPON":"0811-2958-202","ALAMAT":"JL. MURANGAN VIII, PANGGERAN 8, TRIHARJO, KEC. SLEMAN, KABUPATEN SLEMAN, DAERAH ISTIMEWA YOGYAKARTA 55514","ID_PROV":"34","PROVINSI":"DAERAH ISTIMEWA YOGYAKARTA","ID_KABKOT":"34.04","KABKOT":"SLEMAN","ID_KEC":"34.04.13","KECAMATAN":"SLEMAN","ID_DESA":"34.04.13.2002","DESA":"TRIHARJO","LONGITUDE":110.3425413,"LATITUDE":-7.6888494,"STATUS":"BUKA","TANGGAL PENGUMPULAN":"Q1 2024","TANGGAL UPDATE":"28/02/2025"}},{"type":"Feature","geometry":{"coordinates":[110.3406675,-7.7003581],"type":"Point"},"properties":{"fid":36942,"NAMA":"APOTEK ANISA SLEMAN","TIPE_1":"KESEHATAN DAN PENGOBATAN","TIPE_2":"APOTEK","TIPE_3":"-","TELEPON":"(0274) 6691038","ALAMAT":"JL. LETKOL SUBADRI NO.97, SLEMAN 3, TRIHARJO, KEC. SLEMAN, KABUPATEN SLEMAN, DAERAH ISTIMEWA YOGYAKARTA 55514","ID_PROV":"34","PROVINSI":"DAERAH ISTIMEWA YOGYAKARTA","ID_KABKOT":"34.04","KABKOT":"SLEMAN","ID_KEC":"34.04.13","KECAMATAN":"SLEMAN","ID_DESA":"34.04.13.2002","DESA":"TRIHARJO","LONGITUDE":110.3406675,"LATITUDE":-7.7003581,"STATUS":"BUKA","TANGGAL PENGUMPULAN":"Q1 2024","TANGGAL UPDATE":"28/02/2025"}},{"type":"Feature","geometry":{"coordinates":[110.3352338,-7.6991027],"type":"Point"},"properties":{"fid":36943,"NAMA":"APOTEK FITRI","TIPE_1":"KESEHATAN DAN PENGOBATAN","TIPE_2":"APOTEK","TIPE_3":"-","TELEPON":"(0274) 866775","ALAMAT":"JL. LETKOL SUBADRI NO.90, CIMPLING, TRIHARJO, KEC. SLEMAN, KABUPATEN SLEMAN, DAERAH ISTIMEWA YOGYAKARTA 55514","ID_PROV":"34","PROVINSI":"DAERAH ISTIMEWA YOGYAKARTA","ID_KABKOT":"34.04","KABKOT":"SLEMAN","ID_KEC":"34.04.13","KECAMATAN":"SLEMAN","ID_DESA":"34.04.13.2002","DESA":"TRIHARJO","LONGITUDE":110.3352338,"LATITUDE":-7.6991027,"STATUS":"BUKA","TANGGAL PENGUMPULAN":"Q1 2024","TANGGAL UPDATE":"28/02/2025"}},{"type":"Feature","geometry":{"coordinates":[110.344673,-7.7010879],"type":"Point"},"properties":{"fid":36944,"NAMA":"APOTEK GEMILANG","TIPE_1":"KESEHATAN DAN PENGOBATAN","TIPE_2":"APOTEK","TIPE_3":"-","TELEPON":"0851-2156-69704","ALAMAT":"JL. LETKOL SUBADRI NO.17, KALAKIJO, TRIHARJO, KEC. SLEMAN, KABUPATEN SLEMAN, DAERAH ISTIMEWA YOGYAKARTA 55514","ID_PROV":"34","PROVINSI":"DAERAH ISTIMEWA YOGYAKARTA","ID_KABKOT":"34.04","KABKOT":"SLEMAN","ID_KEC":"34.04.13","KECAMATAN":"SLEMAN","ID_DESA":"34.04.13.2002","DESA":"TRIHARJO","LONGITUDE":110.344673,"LATITUDE":-7.7010879,"STATUS":"BUKA","TANGGAL PENGUMPULAN":"Q1 2024","TANGGAL UPDATE":"28/02/2025"}},{"type":"Feature","geometry":{"coordinates":[110.344772,-7.693574],"type":"Point"},"properties":{"fid":36955,"NAMA":"OBAT PERKASA","TIPE_1":"KESEHATAN DAN PENGOBATAN","TIPE_2":"APOTEK","TIPE_3":"-","TELEPON":"","ALAMAT":"KRAPYAK, TRIHARJO, KEC. SLEMAN, KABUPATEN SLEMAN, DAERAH ISTIMEWA YOGYAKARTA","ID_PROV":"34","PROVINSI":"DAERAH ISTIMEWA YOGYAKARTA","ID_KABKOT":"34.04","KABKOT":"SLEMAN","ID_KEC":"34.04.13","KECAMATAN":"SLEMAN","ID_DESA":"34.04.13.2002","DESA":"TRIHARJO","LONGITUDE":110.344772,"LATITUDE":-7.693574,"STATUS":"BUKA","TANGGAL PENGUMPULAN":"Q1 2024","TANGGAL UPDATE":"28/02/2025"}},{"type":"Feature","geometry":{"coordinates":[110.3366935,-7.6760521],"type":"Point"},"properties":{"fid":36958,"NAMA":"INDOSWAN PHARMACY","TIPE_1":"KESEHATAN DAN PENGOBATAN","TIPE_2":"APOTEK","TIPE_3":"-","TELEPON":"0858-5011-6695","ALAMAT":"JL. MAGELANG NO.92, NGANGKRUK, CATURHARJO, KEC. SLEMAN, KABUPATEN SLEMAN, DAERAH ISTIMEWA YOGYAKARTA 55515","ID_PROV":"34","PROVINSI":"DAERAH ISTIMEWA YOGYAKARTA","ID_KABKOT":"34.04","KABKOT":"SLEMAN","ID_KEC":"34.04.13","KECAMATAN":"SLEMAN","ID_DESA":"34.04.13.2001","DESA":"CATURHARJO","LONGITUDE":110.3366935,"LATITUDE":-7.6760521,"STATUS":"BUKA","TANGGAL PENGUMPULAN":"Q1 2024","TANGGAL UPDATE":"28/02/2025"}},{"type":"Feature","geometry":{"coordinates":[110.2891031,-7.7007684],"type":"Point"},"properties":{"fid":36959,"NAMA":"APOTEK FARAH FARMA","TIPE_1":"KESEHATAN DAN PENGOBATAN","TIPE_2":"APOTEK","TIPE_3":"-","TELEPON":"","ALAMAT":"JL. TEMPEL-DEKSO, BARONGAN, BANYUREJO, KEC. TEMPEL, KABUPATEN SLEMAN, DAERAH ISTIMEWA YOGYAKARTA 55552","ID_PROV":"34","PROVINSI":"DAERAH ISTIMEWA YOGYAKARTA","ID_KABKOT":"34.04","KABKOT":"SLEMAN","ID_KEC":"34.04.14","KECAMATAN":"TEMPEL","ID_DESA":"34.04.14.2001","DESA":"BANYUREJO","LONGITUDE":110.2891031,"LATITUDE":-7.7007684,"STATUS":"BUKA","TANGGAL PENGUMPULAN":"Q1 2024","TANGGAL UPDATE":"28/02/2025"}},{"type":"Feature","geometry":{"coordinates":[110.3390166,-7.6821925],"type":"Point"},"properties":{"fid":36960,"NAMA":"KANTOR DPD PPDI DIY","TIPE_1":"KESEHATAN DAN PENGOBATAN","TIPE_2":"APOTEK","TIPE_3":"-","TELEPON":"0812-2736-908","ALAMAT":"JL. MAGELANG KM 14 MEDARI, GANJURAN, CATURHARJO, KEC. SLEMAN, KABUPATEN SLEMAN, DAERAH ISTIMEWA YOGYAKARTA 55515","ID_PROV":"34","PROVINSI":"DAERAH ISTIMEWA YOGYAKARTA","ID_KABKOT":"34.04","KABKOT":"SLEMAN","ID_KEC":"34.04.13","KECAMATAN":"SLEMAN","ID_DESA":"34.04.13.2001","DESA":"CATURHARJO","LONGITUDE":110.3390166,"LATITUDE":-7.6821925,"STATUS":"BUKA","TANGGAL PENGUMPULAN":"Q1 2024","TANGGAL UPDATE":"28/02/2025"}},{"type":"Feature","geometry":{"coordinates":[110.3544252,-7.6695169],"type":"Point"},"properties":{"fid":36961,"NAMA":"PAK DUKUH KLELEN","TIPE_1":"KESEHATAN DAN PENGOBATAN","TIPE_2":"APOTEK","TIPE_3":"-","TELEPON":"","ALAMAT":"KLOLER, TRIMULYO, KEC. SLEMAN, KABUPATEN SLEMAN, DAERAH ISTIMEWA YOGYAKARTA 55513","ID_PROV":"34","PROVINSI":"DAERAH ISTIMEWA YOGYAKARTA","ID_KABKOT":"34.04","KABKOT":"SLEMAN","ID_KEC":"34.04.13","KECAMATAN":"SLEMAN","ID_DESA":"34.04.13.2005","DESA":"TRIMULYO","LONGITUDE":110.3544252,"LATITUDE":-7.6695169,"STATUS":"BUKA","TANGGAL PENGUMPULAN":"Q1 2024","TANGGAL UPDATE":"28/02/2025"}},{"type":"Feature","geometry":{"coordinates":[110.3418384,-7.6912326],"type":"Point"},"properties":{"fid":36962,"NAMA":"PT. RELSA INDONESIA JAYA","TIPE_1":"KESEHATAN DAN PENGOBATAN","TIPE_2":"APOTEK","TIPE_3":"-","TELEPON":"(0274) 2883579","ALAMAT":"JL. PURNAJA, PANGGERAN 8, TRIHARJO, KEC. SLEMAN, KABUPATEN SLEMAN, DAERAH ISTIMEWA YOGYAKARTA 55514","ID_PROV":"34","PROVINSI":"DAERAH ISTIMEWA YOGYAKARTA","ID_KABKOT":"34.04","KABKOT":"SLEMAN","ID_KEC":"34.04.13","KECAMATAN":"SLEMAN","ID_DESA":"34.04.13.2002","DESA":"TRIHARJO","LONGITUDE":110.3418384,"LATITUDE":-7.6912326,"STATUS":"BUKA","TANGGAL PENGUMPULAN":"Q1 2024","TANGGAL UPDATE":"28/02/2025"}},{"type":"Feature","geometry":{"coordinates":[110.3452832,-7.6944319],"type":"Point"},"properties":{"fid":36963,"NAMA":"PUSAT PROPOLIS SLEMAN","TIPE_1":"KESEHATAN DAN PENGOBATAN","TIPE_2":"APOTEK","TIPE_3":"-","TELEPON":"(0274) 868848","ALAMAT":"KRAPYAK, TRIHARJO, KEC. SLEMAN, KABUPATEN SLEMAN, DAERAH ISTIMEWA YOGYAKARTA 55514","ID_PROV":"34","PROVINSI":"DAERAH ISTIMEWA YOGYAKARTA","ID_KABKOT":"34.04","KABKOT":"SLEMAN","ID_KEC":"34.04.13","KECAMATAN":"SLEMAN","ID_DESA":"34.04.13.2002","DESA":"TRIHARJO","LONGITUDE":110.3452832,"LATITUDE":-7.6944319,"STATUS":"BUKA","TANGGAL PENGUMPULAN":"Q1 2024","TANGGAL UPDATE":"28/02/2025"}},{"type":"Feature","geometry":{"coordinates":[110.308844,-7.7016601],"type":"Point"},"properties":{"fid":36964,"NAMA":"MERAPI FARMA HERBAL","TIPE_1":"KESEHATAN DAN PENGOBATAN","TIPE_2":"APOTEK","TIPE_3":"-","TELEPON":"","ALAMAT":"NGINOGONDANG, MARGOAGUNG, KEC. SEYEGAN, KABUPATEN SLEMAN, DAERAH ISTIMEWA YOGYAKARTA","ID_PROV":"34","PROVINSI":"DAERAH ISTIMEWA YOGYAKARTA","ID_KABKOT":"34.04","KABKOT":"SLEMAN","ID_KEC":"34.04.05","KECAMATAN":"SEYEGAN","ID_DESA":"34.04.05.2005","DESA":"MARGOAGUNG","LONGITUDE":110.308844,"LATITUDE":-7.7016601,"STATUS":"BUKA","TANGGAL PENGUMPULAN":"Q1 2024","TANGGAL UPDATE":"28/02/2025"}},{"type":"Feature","geometry":{"coordinates":[110.3487443,-7.700869],"type":"Point"},"properties":{"fid":36965,"NAMA":"APOTEK ASTHAR FARMA","TIPE_1":"KESEHATAN DAN PENGOBATAN","TIPE_2":"APOTEK","TIPE_3":"-","TELEPON":"0817-0420-530","ALAMAT":"JALAN RINGROAD BARAT, WADAS, TRIDADI, KEC. SLEMAN, KABUPATEN SLEMAN, DAERAH ISTIMEWA YOGYAKARTA 55511","ID_PROV":"34","PROVINSI":"DAERAH ISTIMEWA YOGYAKARTA","ID_KABKOT":"34.04","KABKOT":"SLEMAN","ID_KEC":"34.04.13","KECAMATAN":"SLEMAN","ID_DESA":"34.04.13.2003","DESA":"TRIDADI","LONGITUDE":110.3487443,"LATITUDE":-7.700869,"STATUS":"BUKA","TANGGAL PENGUMPULAN":"Q1 2024","TANGGAL UPDATE":"28/02/2025"}},{"type":"Feature","geometry":{"coordinates":[110.2987301,-7.6845673],"type":"Point"},"properties":{"fid":36966,"NAMA":"APOTEK MORANGAN SEJAHTERA","TIPE_1":"KESEHATAN DAN PENGOBATAN","TIPE_2":"APOTEK","TIPE_3":"-","TELEPON":"0811-2648-682","ALAMAT":"JL. TEMPEL-DEKSO NO.KM5, AREA SAWAH, TAMBAKREJO, KEC. TEMPEL, KABUPATEN SLEMAN, DAERAH ISTIMEWA YOGYAKARTA 55552","ID_PROV":"34","PROVINSI":"DAERAH ISTIMEWA YOGYAKARTA","ID_KABKOT":"34.04","KABKOT":"SLEMAN","ID_KEC":"34.04.14","KECAMATAN":"TEMPEL","ID_DESA":"34.04.14.2002","DESA":"TAMBAKREJO","LONGITUDE":110.2987301,"LATITUDE":-7.6845673,"STATUS":"BUKA","TANGGAL PENGUMPULAN":"Q1 2024","TANGGAL UPDATE":"28/02/2025"}},{"type":"Feature","geometry":{"coordinates":[110.3214925,-7.6938032],"type":"Point"},"properties":{"fid":37558,"NAMA":"APOTEK KILLA FARMA","TIPE_1":"KESEHATAN DAN PENGOBATAN","TIPE_2":"APOTEK","TIPE_3":"-","TELEPON":"0877-4226-3221","ALAMAT":"RT.02/RW.31, NGEMPLAK, CATURHARJO, KEC. SLEMAN, KABUPATEN SLEMAN, DAERAH ISTIMEWA YOGYAKARTA 55515","ID_PROV":"34","PROVINSI":"DAERAH ISTIMEWA YOGYAKARTA","ID_KABKOT":"34.04","KABKOT":"SLEMAN","ID_KEC":"34.04.13","KECAMATAN":"SLEMAN","ID_DESA":"34.04.13.2001","DESA":"CATURHARJO","LONGITUDE":110.3214925,"LATITUDE":-7.6938032,"STATUS":"BUKA","TANGGAL PENGUMPULAN":"Q1 2024","TANGGAL UPDATE":"28/02/2025"}},{"type":"Feature","geometry":{"coordinates":[110.4348843,-7.7327809],"type":"Point"},"properties":{"fid":37561,"NAMA":"APOTEK NUR-SYIFA","TIPE_1":"KESEHATAN DAN PENGOBATAN","TIPE_2":"APOTEK","TIPE_3":"-","TELEPON":"","ALAMAT":"GONDANG LEGI, WEDOMARTANI, KEC. NGEMPLAK, KABUPATEN SLEMAN, DAERAH ISTIMEWA YOGYAKARTA","ID_PROV":"34","PROVINSI":"DAERAH ISTIMEWA YOGYAKARTA","ID_KABKOT":"34.04","KABKOT":"SLEMAN","ID_KEC":"34.04.11","KECAMATAN":"NGEMPLAK","ID_DESA":"34.04.11.2004","DESA":"WEDOMARTANI","LONGITUDE":110.4348843,"LATITUDE":-7.7327809,"STATUS":"BUKA","TANGGAL PENGUMPULAN":"Q1 2024","TANGGAL UPDATE":"28/02/2025"}},{"type":"Feature","geometry":{"coordinates":[110.3100457,-7.7235856],"type":"Point"},"properties":{"fid":37604,"NAMA":"MRIYAN X","TIPE_1":"KESEHATAN DAN PENGOBATAN","TIPE_2":"APOTEK","TIPE_3":"-","TELEPON":"","ALAMAT":"MRIYAN KULON, MARGOMULYO, KEC. SEYEGAN, KABUPATEN SLEMAN, DAERAH ISTIMEWA YOGYAKARTA 55561","ID_PROV":"34","PROVINSI":"DAERAH ISTIMEWA YOGYAKARTA","ID_KABKOT":"34.04","KABKOT":"SLEMAN","ID_KEC":"34.04.05","KECAMATAN":"SEYEGAN","ID_DESA":"34.04.05.2004","DESA":"MARGOMULYO","LONGITUDE":110.3100457,"LATITUDE":-7.7235856,"STATUS":"BUKA","TANGGAL PENGUMPULAN":"Q1 2024","TANGGAL UPDATE":"28/02/2025"}},{"type":"Feature","geometry":{"coordinates":[110.2977733,-7.7044148],"type":"Point"},"properties":{"fid":37661,"NAMA":"APOTEK BUMY MEDIKA","TIPE_1":"KESEHATAN DAN PENGOBATAN","TIPE_2":"APOTEK","TIPE_3":"-","TELEPON":"0895-4012-48484","ALAMAT":"JL. TEMPEL-DEKSO, RT.07/RW.09MARGOAGUNG, KARANG GENDEK, BANYUURIP, KEC. SEYEGAN, KABUPATEN SLEMAN, DAERAH ISTIMEWA YOGYAKARTA 55561","ID_PROV":"34","PROVINSI":"DAERAH ISTIMEWA YOGYAKARTA","ID_KABKOT":"34.04","KABKOT":"SLEMAN","ID_KEC":"34.04.05","KECAMATAN":"SEYEGAN","ID_DESA":"34.04.05.2005","DESA":"MARGOAGUNG","LONGITUDE":110.2977733,"LATITUDE":-7.7044148,"STATUS":"BUKA","TANGGAL PENGUMPULAN":"Q1 2024","TANGGAL UPDATE":"28/02/2025"}},{"type":"Feature","geometry":{"coordinates":[110.3013846,-7.7063264],"type":"Point"},"properties":{"fid":37663,"NAMA":"APOTEK MARGOAGUNG","TIPE_1":"KESEHATAN DAN PENGOBATAN","TIPE_2":"APOTEK","TIPE_3":"-","TELEPON":"0856-4342-7371","ALAMAT":"KRAPYAK, MARGOAGUNG, KEC. SEYEGAN, KABUPATEN SLEMAN, DAERAH ISTIMEWA YOGYAKARTA 55561","ID_PROV":"34","PROVINSI":"DAERAH ISTIMEWA YOGYAKARTA","ID_KABKOT":"34.04","KABKOT":"SLEMAN","ID_KEC":"34.04.05","KECAMATAN":"SEYEGAN","ID_DESA":"34.04.05.2005","DESA":"MARGOAGUNG","LONGITUDE":110.3013846,"LATITUDE":-7.7063264,"STATUS":"BUKA","TANGGAL PENGUMPULAN":"Q1 2024","TANGGAL UPDATE":"28/02/2025"}},{"type":"Feature","geometry":{"coordinates":[110.3023876,-7.7385639],"type":"Point"},"properties":{"fid":37665,"NAMA":"PRODUKSI JAMU JAWA WASIAT IBU","TIPE_1":"KESEHATAN DAN PENGOBATAN","TIPE_2":"APOTEK","TIPE_3":"-","TELEPON":"","ALAMAT":"KADIPIRO, MARGODADI, KEC. SEYEGAN, KABUPATEN SLEMAN, DAERAH ISTIMEWA YOGYAKARTA 55561","ID_PROV":"34","PROVINSI":"DAERAH ISTIMEWA YOGYAKARTA","ID_KABKOT":"34.04","KABKOT":"SLEMAN","ID_KEC":"34.04.05","KECAMATAN":"SEYEGAN","ID_DESA":"34.04.05.2002","DESA":"MARGODADI","LONGITUDE":110.3023876,"LATITUDE":-7.7385639,"STATUS":"BUKA","TANGGAL PENGUMPULAN":"Q1 2024","TANGGAL UPDATE":"28/02/2025"}},{"type":"Feature","geometry":{"coordinates":[110.2988127,-7.7047784],"type":"Point"},"properties":{"fid":37666,"NAMA":"JAMU BISMA SEHAT","TIPE_1":"KESEHATAN DAN PENGOBATAN","TIPE_2":"APOTEK","TIPE_3":"-","TELEPON":"","ALAMAT":"JL. TEMPEL-DEKSO, JETIS, MARGOAGUNG, KEC. SEYEGAN, KABUPATEN SLEMAN, DAERAH ISTIMEWA YOGYAKARTA 55561","ID_PROV":"34","PROVINSI":"DAERAH ISTIMEWA YOGYAKARTA","ID_KABKOT":"34.04","KABKOT":"SLEMAN","ID_KEC":"34.04.05","KECAMATAN":"SEYEGAN","ID_DESA":"34.04.05.2005","DESA":"MARGOAGUNG","LONGITUDE":110.2988127,"LATITUDE":-7.7047784,"STATUS":"BUKA","TANGGAL PENGUMPULAN":"Q1 2024","TANGGAL UPDATE":"28/02/2025"}},{"type":"Feature","geometry":{"coordinates":[110.3022219,-7.7195792],"type":"Point"},"properties":{"fid":37668,"NAMA":"APOTEK ATMAKA MEDIKA","TIPE_1":"KESEHATAN DAN PENGOBATAN","TIPE_2":"APOTEK","TIPE_3":"-","TELEPON":"0813-2622-6202","ALAMAT":"PETE, MARGODADI, KEC. SEYEGAN, KABUPATEN SLEMAN, DAERAH ISTIMEWA YOGYAKARTA 55561","ID_PROV":"34","PROVINSI":"DAERAH ISTIMEWA YOGYAKARTA","ID_KABKOT":"34.04","KABKOT":"SLEMAN","ID_KEC":"34.04.05","KECAMATAN":"SEYEGAN","ID_DESA":"34.04.05.2003","DESA":"MARGOKATON","LONGITUDE":110.3022219,"LATITUDE":-7.7195792,"STATUS":"BUKA","TANGGAL PENGUMPULAN":"Q1 2024","TANGGAL UPDATE":"28/02/2025"}},{"type":"Feature","geometry":{"coordinates":[110.3066074,-7.7120304],"type":"Point"},"properties":{"fid":37670,"NAMA":"APOTEK OZORA MEDIKA","TIPE_1":"KESEHATAN DAN PENGOBATAN","TIPE_2":"APOTEK","TIPE_3":"-","TELEPON":"0897-3404-334","ALAMAT":"JL. TEMPEL-SEYEGAN KRAPYAK VII, NGANGGRUNG, MARGOAGUNG, KEC. SEYEGAN, KABUPATEN SLEMAN, DAERAH ISTIMEWA YOGYAKARTA 55561","ID_PROV":"34","PROVINSI":"DAERAH ISTIMEWA YOGYAKARTA","ID_KABKOT":"34.04","KABKOT":"SLEMAN","ID_KEC":"34.04.05","KECAMATAN":"SEYEGAN","ID_DESA":"34.04.05.2005","DESA":"MARGOAGUNG","LONGITUDE":110.3066074,"LATITUDE":-7.7120304,"STATUS":"BUKA","TANGGAL PENGUMPULAN":"Q1 2024","TANGGAL UPDATE":"28/02/2025"}},{"type":"Feature","geometry":{"coordinates":[110.2833583,-7.809955],"type":"Point"},"properties":{"fid":41420,"NAMA":"APOTEK PROGO FARMA","TIPE_1":"KESEHATAN DAN PENGOBATAN","TIPE_2":"APOTEK","TIPE_3":"-","TELEPON":"(0274) 6538722","ALAMAT":"JL. RAYA WATES - JOGJAKARTA NO.KM. 9, JATIPERENG, BALECATUR, KEC. GAMPING, KABUPATEN SLEMAN, DAERAH ISTIMEWA YOGYAKARTA 55295","ID_PROV":"34","PROVINSI":"DAERAH ISTIMEWA YOGYAKARTA","ID_KABKOT":"34.04","KABKOT":"SLEMAN","ID_KEC":"34.04.01","KECAMATAN":"GAMPING","ID_DESA":"34.04.01.2001","DESA":"BALECATUR","LONGITUDE":110.2833583,"LATITUDE":-7.809955,"STATUS":"BUKA","TANGGAL PENGUMPULAN":"Q1 2024","TANGGAL UPDATE":"28/02/2025"}}]}