{"type":"FeatureCollection","features":[{"type":"Feature","geometry":{"coordinates":[110.2917385,-7.7640872],"type":"Point"},"properties":{"NAMA":"PUSKESMAS GODEAN I","TIPE_1":"KESEHATAN DAN PENGOBATAN","TIPE_2":"LAYANAN MASYARAKAT","TIPE_3":"PUSKESMAS","TELEPON":"(0274) 797534","ALAMAT":"JL. PANDEAN 7, SIDOLUHUR, GODEAN, PANDEAN, SIDOLUHUR, SLEMAN, KABUPATEN SLEMAN, DAERAH ISTIMEWA YOGYAKARTA 55264","ID_PROV":"34","PROVINSI":"DAERAH ISTIMEWA YOGYAKARTA","ID_KABKOT":"34.04","KABKOT":"SLEMAN","ID_KEC":"34.04.02","KECAMATAN":"GODEAN","ID_DESA":"34.04.02.2002","DESA":"SIDOLUHUR","LONGITUDE":110.2917385,"LATITUDE":-7.7640872,"STATUS":"BUKA","TANGGAL PENGUMPULAN":"Q1 2024","TANGGAL UPDATE":"28/02/2025"}},{"type":"Feature","geometry":{"coordinates":[110.4027466,-7.7221641],"type":"Point"},"properties":{"NAMA":"PUSKESMAS NGAGLIK I","TIPE_1":"KESEHATAN DAN PENGOBATAN","TIPE_2":"LAYANAN MASYARAKAT","TIPE_3":"PUSKESMAS","TELEPON":"(0274) 888958","ALAMAT":"JL. KALIURANG NO.10, GONDANGAN, SARDONOHARJO, KEC. NGAGLIK, KABUPATEN SLEMAN, DAERAH ISTIMEWA YOGYAKARTA 55581","ID_PROV":"34","PROVINSI":"DAERAH ISTIMEWA YOGYAKARTA","ID_KABKOT":"34.04","KABKOT":"SLEMAN","ID_KEC":"34.04.12","KECAMATAN":"NGAGLIK","ID_DESA":"34.04.12.2005","DESA":"SARDONOHARJO","LONGITUDE":110.4027466,"LATITUDE":-7.7221641,"STATUS":"BUKA","TANGGAL PENGUMPULAN":"Q1 2024","TANGGAL UPDATE":"28/02/2025"}},{"type":"Feature","geometry":{"coordinates":[110.4214246,-7.6601693],"type":"Point"},"properties":{"NAMA":"PUSKESMAS PAKEM","TIPE_1":"KESEHATAN DAN PENGOBATAN","TIPE_2":"LAYANAN MASYARAKAT","TIPE_3":"PUSKESMAS","TELEPON":"(0274) 895591","ALAMAT":"JL. KALIURANG NO.KM. 17, RW.5, GAMBIRAN, PAKEMBINANGUN, KEC. PAKEM, KABUPATEN SLEMAN, DAERAH ISTIMEWA YOGYAKARTA 55582","ID_PROV":"34","PROVINSI":"DAERAH ISTIMEWA YOGYAKARTA","ID_KABKOT":"34.04","KABKOT":"SLEMAN","ID_KEC":"34.04.16","KECAMATAN":"PAKEM","ID_DESA":"34.04.16.2004","DESA":"PAKEMBINANGUN","LONGITUDE":110.4214246,"LATITUDE":-7.6601693,"STATUS":"BUKA","TANGGAL PENGUMPULAN":"Q1 2024","TANGGAL UPDATE":"28/02/2025"}},{"type":"Feature","geometry":{"coordinates":[110.4313852,-7.7749757],"type":"Point"},"properties":{"NAMA":"PUSKESMAS DEPOK I","TIPE_1":"KESEHATAN DAN PENGOBATAN","TIPE_2":"LAYANAN MASYARAKAT","TIPE_3":"PUSKESMAS","TELEPON":"(0274) 486852","ALAMAT":"NANGGULAN, MAGUWOHARJO, KEC. DEPOK, KABUPATEN SLEMAN, DAERAH ISTIMEWA YOGYAKARTA 55281","ID_PROV":"34","PROVINSI":"DAERAH ISTIMEWA YOGYAKARTA","ID_KABKOT":"34.04","KABKOT":"SLEMAN","ID_KEC":"34.04.07","KECAMATAN":"DEPOK","ID_DESA":"34.04.07.2002","DESA":"MAGUWOHARJO","LONGITUDE":110.4313852,"LATITUDE":-7.7749757,"STATUS":"BUKA","TANGGAL PENGUMPULAN":"Q1 2024","TANGGAL UPDATE":"28/02/2025"}},{"type":"Feature","geometry":{"coordinates":[110.3012291,-7.7192947],"type":"Point"},"properties":{"NAMA":"PUSKESMAS SEYEGAN","TIPE_1":"KESEHATAN DAN PENGOBATAN","TIPE_2":"LAYANAN MASYARAKAT","TIPE_3":"PUSKESMAS","TELEPON":"(0274) 4364822","ALAMAT":"JL. KEBON AGUNG NO.KM. 10.8, SAYEGAN, MARGOKATON, KEC. SEYEGAN, KABUPATEN SLEMAN, DAERAH ISTIMEWA YOGYAKARTA 55561","ID_PROV":"34","PROVINSI":"DAERAH ISTIMEWA YOGYAKARTA","ID_KABKOT":"34.04","KABKOT":"SLEMAN","ID_KEC":"34.04.05","KECAMATAN":"SEYEGAN","ID_DESA":"34.04.05.2003","DESA":"MARGOKATON","LONGITUDE":110.3012291,"LATITUDE":-7.7192947,"STATUS":"BUKA","TANGGAL PENGUMPULAN":"Q1 2024","TANGGAL UPDATE":"28/02/2025"}},{"type":"Feature","geometry":{"coordinates":[110.3630202,-7.7544835],"type":"Point"},"properties":{"NAMA":"PUSKESMAS MLATI I","TIPE_1":"KESEHATAN DAN PENGOBATAN","TIPE_2":"LAYANAN MASYARAKAT","TIPE_3":"PUSKESMAS","TELEPON":"0821-3392-5960","ALAMAT":"JL. WIJAYA KUSUMA, KUTU TEGAL, SINDUADI, KEC. MLATI, KABUPATEN SLEMAN, DAERAH ISTIMEWA YOGYAKARTA 55284","ID_PROV":"34","PROVINSI":"DAERAH ISTIMEWA YOGYAKARTA","ID_KABKOT":"34.04","KABKOT":"SLEMAN","ID_KEC":"34.04.06","KECAMATAN":"MLATI","ID_DESA":"34.04.06.2001","DESA":"SINDUADI","LONGITUDE":110.3630202,"LATITUDE":-7.7544835,"STATUS":"BUKA","TANGGAL PENGUMPULAN":"Q1 2024","TANGGAL UPDATE":"28/02/2025"}},{"type":"Feature","geometry":{"coordinates":[110.3886566,-7.6897195],"type":"Point"},"properties":{"NAMA":"PUSKESMAS NGAGLIK 2","TIPE_1":"KESEHATAN DAN PENGOBATAN","TIPE_2":"LAYANAN MASYARAKAT","TIPE_3":"PUSKESMAS","TELEPON":"(0274) 4360557","ALAMAT":"JL. PALAGAN TENTARA PELAJAR, GONDONG, DONOHARJO, KEC. PAKEM, KABUPATEN SLEMAN, DAERAH ISTIMEWA YOGYAKARTA 55582","ID_PROV":"34","PROVINSI":"DAERAH ISTIMEWA YOGYAKARTA","ID_KABKOT":"34.04","KABKOT":"SLEMAN","ID_KEC":"34.04.12","KECAMATAN":"NGAGLIK","ID_DESA":"34.04.12.2006","DESA":"DONOHARJO","LONGITUDE":110.3886566,"LATITUDE":-7.6897195,"STATUS":"BUKA","TANGGAL PENGUMPULAN":"Q1 2024","TANGGAL UPDATE":"28/02/2025"}},{"type":"Feature","geometry":{"coordinates":[110.3797434,-7.6539719],"type":"Point"},"properties":{"NAMA":"PUSKESMAS TURI","TIPE_1":"KESEHATAN DAN PENGOBATAN","TIPE_2":"LAYANAN MASYARAKAT","TIPE_3":"PUSKESMAS","TELEPON":"(0274) 896008","ALAMAT":"JL. PAKEM - TURI, RANDUSONGO, DONOKERTO, KEC. TURI, KABUPATEN SLEMAN, DAERAH ISTIMEWA YOGYAKARTA 55551","ID_PROV":"34","PROVINSI":"DAERAH ISTIMEWA YOGYAKARTA","ID_KABKOT":"34.04","KABKOT":"SLEMAN","ID_KEC":"34.04.15","KECAMATAN":"TURI","ID_DESA":"34.04.15.2002","DESA":"DONOKERTO","LONGITUDE":110.3797434,"LATITUDE":-7.6539719,"STATUS":"BUKA","TANGGAL PENGUMPULAN":"Q1 2024","TANGGAL UPDATE":"28/02/2025"}},{"type":"Feature","geometry":{"coordinates":[110.346533,-7.7018976],"type":"Point"},"properties":{"NAMA":"PUSKESMAS SLEMAN","TIPE_1":"KESEHATAN DAN PENGOBATAN","TIPE_2":"LAYANAN MASYARAKAT","TIPE_3":"PUSKESMAS","TELEPON":"(0274) 868374","ALAMAT":"SRIMULYO, JL. KAPTEN HARYADI NO.6, TRIHARJO, KEC. SLEMAN, DAERAH ISTIMEWA YOGYAKARTA 55514","ID_PROV":"34","PROVINSI":"DAERAH ISTIMEWA YOGYAKARTA","ID_KABKOT":"34.04","KABKOT":"SLEMAN","ID_KEC":"34.04.13","KECAMATAN":"SLEMAN","ID_DESA":"34.04.13.2002","DESA":"TRIHARJO","LONGITUDE":110.346533,"LATITUDE":-7.7018976,"STATUS":"BUKA","TANGGAL PENGUMPULAN":"Q1 2024","TANGGAL UPDATE":"28/02/2025"}},{"type":"Feature","geometry":{"coordinates":[110.357986,-7.7688936],"type":"Point"},"properties":{"NAMA":"PUSKESMAS PEMBANTU SINDUADI","TIPE_1":"KESEHATAN DAN PENGOBATAN","TIPE_2":"LAYANAN MASYARAKAT","TIPE_3":"PUSKESMAS","TELEPON":"","ALAMAT":"ROGOYUDAN, SINDUADI, KEC. MLATI, KABUPATEN SLEMAN, DAERAH ISTIMEWA YOGYAKARTA 55242","ID_PROV":"34","PROVINSI":"DAERAH ISTIMEWA YOGYAKARTA","ID_KABKOT":"34.04","KABKOT":"SLEMAN","ID_KEC":"34.04.06","KECAMATAN":"MLATI","ID_DESA":"34.04.06.2001","DESA":"SINDUADI","LONGITUDE":110.357986,"LATITUDE":-7.7688936,"STATUS":"BUKA","TANGGAL PENGUMPULAN":"Q1 2024","TANGGAL UPDATE":"28/02/2025"}},{"type":"Feature","geometry":{"coordinates":[110.4763968,-7.6916333],"type":"Point"},"properties":{"NAMA":"PUSKESMAS PEMBANTU SINDUMARTANI","TIPE_1":"KESEHATAN DAN PENGOBATAN","TIPE_2":"LAYANAN MASYARAKAT","TIPE_3":"PUSKESMAS","TELEPON":"","ALAMAT":"KOMPLEK KANTOR LURAH, JL. SINDUMARTANI, SOROBAYAN, SINDUMARTANI, KEC. NGEMPLAK, KABUPATEN SLEMAN, DAERAH ISTIMEWA YOGYAKARTA 55584","ID_PROV":"34","PROVINSI":"DAERAH ISTIMEWA YOGYAKARTA","ID_KABKOT":"34.04","KABKOT":"SLEMAN","ID_KEC":"34.04.11","KECAMATAN":"NGEMPLAK","ID_DESA":"34.04.11.2001","DESA":"SINDUMARTANI","LONGITUDE":110.4763968,"LATITUDE":-7.6916333,"STATUS":"BUKA","TANGGAL PENGUMPULAN":"Q1 2024","TANGGAL UPDATE":"28/02/2025"}},{"type":"Feature","geometry":{"coordinates":[110.3285476,-7.748699],"type":"Point"},"properties":{"NAMA":"PUSKESMAS CABANG MLATI","TIPE_1":"KESEHATAN DAN PENGOBATAN","TIPE_2":"LAYANAN MASYARAKAT","TIPE_3":"PUSKESMAS","TELEPON":"","ALAMAT":"GOMBANG ASEM,, RAJEG LOR, TIRTOADI, KEC. MLATI, KABUPATEN SLEMAN, DAERAH ISTIMEWA YOGYAKARTA 55287","ID_PROV":"34","PROVINSI":"DAERAH ISTIMEWA YOGYAKARTA","ID_KABKOT":"34.04","KABKOT":"SLEMAN","ID_KEC":"34.04.06","KECAMATAN":"MLATI","ID_DESA":"34.04.06.2004","DESA":"TIRTOADI","LONGITUDE":110.3285476,"LATITUDE":-7.748699,"STATUS":"BUKA","TANGGAL PENGUMPULAN":"Q1 2024","TANGGAL UPDATE":"28/02/2025"}},{"type":"Feature","geometry":{"coordinates":[110.290474,-7.779385],"type":"Point"},"properties":{"NAMA":"PUSKESMAS PEMBANTU DESA SIDOMULYO","TIPE_1":"KESEHATAN DAN PENGOBATAN","TIPE_2":"LAYANAN MASYARAKAT","TIPE_3":"PUSKESMAS","TELEPON":"","ALAMAT":"BRONGKOL, SIDOMULYO, KEC. GODEAN, KABUPATEN SLEMAN, DAERAH ISTIMEWA YOGYAKARTA 55264","ID_PROV":"34","PROVINSI":"DAERAH ISTIMEWA YOGYAKARTA","ID_KABKOT":"34.04","KABKOT":"SLEMAN","ID_KEC":"34.04.02","KECAMATAN":"GODEAN","ID_DESA":"34.04.02.2003","DESA":"SIDOMULYO","LONGITUDE":110.290474,"LATITUDE":-7.779385,"STATUS":"BUKA","TANGGAL PENGUMPULAN":"Q1 2024","TANGGAL UPDATE":"28/02/2025"}},{"type":"Feature","geometry":{"coordinates":[110.3249505,-7.6854523],"type":"Point"},"properties":{"NAMA":"PUSKESMAS PEMBANTU KELURAHAN CATURHARJO","TIPE_1":"KESEHATAN DAN PENGOBATAN","TIPE_2":"LAYANAN MASYARAKAT","TIPE_3":"PUSKESMAS","TELEPON":"","ALAMAT":"NGAGGLIK, CATURHARJO, KEC. SLEMAN, KABUPATEN SLEMAN, DAERAH ISTIMEWA YOGYAKARTA 55515","ID_PROV":"34","PROVINSI":"DAERAH ISTIMEWA YOGYAKARTA","ID_KABKOT":"34.04","KABKOT":"SLEMAN","ID_KEC":"34.04.13","KECAMATAN":"SLEMAN","ID_DESA":"34.04.13.2001","DESA":"CATURHARJO","LONGITUDE":110.3249505,"LATITUDE":-7.6854523,"STATUS":"BUKA","TANGGAL PENGUMPULAN":"Q1 2024","TANGGAL UPDATE":"28/02/2025"}},{"type":"Feature","geometry":{"coordinates":[110.413956,-7.740174],"type":"Point"},"properties":{"NAMA":"PUSKESMAS PEMBANTU WEDOMARTANI II","TIPE_1":"KESEHATAN DAN PENGOBATAN","TIPE_2":"LAYANAN MASYARAKAT","TIPE_3":"PUSKESMAS","TELEPON":"","ALAMAT":"JL. RAYA KRAJAN, KRAJAN, WEDOMARTANI, KEC. NGEMPLAK, KABUPATEN SLEMAN, DAERAH ISTIMEWA YOGYAKARTA 55584","ID_PROV":"34","PROVINSI":"DAERAH ISTIMEWA YOGYAKARTA","ID_KABKOT":"34.04","KABKOT":"SLEMAN","ID_KEC":"34.04.11","KECAMATAN":"NGEMPLAK","ID_DESA":"34.04.11.2004","DESA":"WEDOMARTANI","LONGITUDE":110.413956,"LATITUDE":-7.740174,"STATUS":"BUKA","TANGGAL PENGUMPULAN":"Q1 2024","TANGGAL UPDATE":"28/02/2025"}},{"type":"Feature","geometry":{"coordinates":[110.4197948,-7.684373],"type":"Point"},"properties":{"NAMA":"PUSKESMAS PEMBANTU UMBULMARTANI","TIPE_1":"KESEHATAN DAN PENGOBATAN","TIPE_2":"LAYANAN MASYARAKAT","TIPE_3":"PUSKESMAS","TELEPON":"","ALAMAT":"JL. KALIURANG NO.57, NGEMPLAK, UMBULMARTANI, KEC. NGEMPLAK, KABUPATEN SLEMAN, DAERAH ISTIMEWA YOGYAKARTA 55584","ID_PROV":"34","PROVINSI":"DAERAH ISTIMEWA YOGYAKARTA","ID_KABKOT":"34.04","KABKOT":"SLEMAN","ID_KEC":"34.04.11","KECAMATAN":"NGEMPLAK","ID_DESA":"34.04.11.2005","DESA":"UMBULMARTANI","LONGITUDE":110.4197948,"LATITUDE":-7.684373,"STATUS":"BUKA","TANGGAL PENGUMPULAN":"Q1 2024","TANGGAL UPDATE":"28/02/2025"}},{"type":"Feature","geometry":{"coordinates":[110.3587966,-7.7181239],"type":"Point"},"properties":{"NAMA":"PUSKESMAS PEMBANTU TRIDADI SLEMAN","TIPE_1":"KESEHATAN DAN PENGOBATAN","TIPE_2":"LAYANAN MASYARAKAT","TIPE_3":"PUSKESMAS","TELEPON":"","ALAMAT":"JL. CANDI GEBANG, JARAN, TRIDADI, KEC. SLEMAN, KABUPATEN SLEMAN, DAERAH ISTIMEWA YOGYAKARTA 55511","ID_PROV":"34","PROVINSI":"DAERAH ISTIMEWA YOGYAKARTA","ID_KABKOT":"34.04","KABKOT":"SLEMAN","ID_KEC":"34.04.13","KECAMATAN":"SLEMAN","ID_DESA":"34.04.13.2003","DESA":"TRIDADI","LONGITUDE":110.3587966,"LATITUDE":-7.7181239,"STATUS":"BUKA","TANGGAL PENGUMPULAN":"Q1 2024","TANGGAL UPDATE":"28/02/2025"}},{"type":"Feature","geometry":{"coordinates":[110.389529,-7.7783053],"type":"Point"},"properties":{"NAMA":"PUSKESMAS DEPOK III","TIPE_1":"KESEHATAN DAN PENGOBATAN","TIPE_2":"LAYANAN MASYARAKAT","TIPE_3":"PUSKESMAS","TELEPON":"(0274) 512595","ALAMAT":"JL. KOMP. COLOMBO NO.50A, MRICAN, CATURTUNGGAL, KEC. DEPOK, KABUPATEN SLEMAN, DAERAH ISTIMEWA YOGYAKARTA 55281","ID_PROV":"34","PROVINSI":"DAERAH ISTIMEWA YOGYAKARTA","ID_KABKOT":"34.04","KABKOT":"SLEMAN","ID_KEC":"34.04.07","KECAMATAN":"DEPOK","ID_DESA":"34.04.07.2001","DESA":"CATURTUNGGAL","LONGITUDE":110.389529,"LATITUDE":-7.7783053,"STATUS":"BUKA","TANGGAL PENGUMPULAN":"Q1 2024","TANGGAL UPDATE":"28/02/2025"}},{"type":"Feature","geometry":{"coordinates":[110.3686235,-7.691001],"type":"Point"},"properties":{"NAMA":"PUSKESMAS RAWAT INAP SLEMAN NYAEN","TIPE_1":"KESEHATAN DAN PENGOBATAN","TIPE_2":"LAYANAN MASYARAKAT","TIPE_3":"PUSKESMAS","TELEPON":"(0274) 4538578","ALAMAT":"JL. PANDOWOHARJO, NYAEN, PANDOWOHARJO, KEC. SLEMAN, KABUPATEN SLEMAN, DAERAH ISTIMEWA YOGYAKARTA 55512","ID_PROV":"34","PROVINSI":"DAERAH ISTIMEWA YOGYAKARTA","ID_KABKOT":"34.04","KABKOT":"SLEMAN","ID_KEC":"34.04.13","KECAMATAN":"SLEMAN","ID_DESA":"34.04.13.2004","DESA":"PANDOWOHARJO","LONGITUDE":110.3686235,"LATITUDE":-7.691001,"STATUS":"BUKA","TANGGAL PENGUMPULAN":"Q1 2024","TANGGAL UPDATE":"28/02/2025"}},{"type":"Feature","geometry":{"coordinates":[110.434668,-7.731175],"type":"Point"},"properties":{"NAMA":"PUSKESMAS PEMBANTU WEDOMARTANI I","TIPE_1":"KESEHATAN DAN PENGOBATAN","TIPE_2":"LAYANAN MASYARAKAT","TIPE_3":"PUSKESMAS","TELEPON":"","ALAMAT":"JL. RAYA TAJEM, GONDANG LEGI, WEDOMARTANI, KEC. NGEMPLAK, KABUPATEN SLEMAN, DAERAH ISTIMEWA YOGYAKARTA 55584","ID_PROV":"34","PROVINSI":"DAERAH ISTIMEWA YOGYAKARTA","ID_KABKOT":"34.04","KABKOT":"SLEMAN","ID_KEC":"34.04.11","KECAMATAN":"NGEMPLAK","ID_DESA":"34.04.11.2004","DESA":"WEDOMARTANI","LONGITUDE":110.434668,"LATITUDE":-7.731175,"STATUS":"BUKA","TANGGAL PENGUMPULAN":"Q1 2024","TANGGAL UPDATE":"28/02/2025"}},{"type":"Feature","geometry":{"coordinates":[110.3038884,-7.7765757],"type":"Point"},"properties":{"NAMA":"PUSKESMAS GODEAN 2","TIPE_1":"KESEHATAN DAN PENGOBATAN","TIPE_2":"LAYANAN MASYARAKAT","TIPE_3":"PUSKESMAS","TELEPON":"(0274) 6496511","ALAMAT":"NOGOSARI, SIDOKARTO, KEC. GODEAN, KABUPATEN SLEMAN, DAERAH ISTIMEWA YOGYAKARTA 55264","ID_PROV":"34","PROVINSI":"DAERAH ISTIMEWA YOGYAKARTA","ID_KABKOT":"34.04","KABKOT":"SLEMAN","ID_KEC":"34.04.02","KECAMATAN":"GODEAN","ID_DESA":"34.04.02.2005","DESA":"SIDOKARTO","LONGITUDE":110.3038884,"LATITUDE":-7.7765757,"STATUS":"BUKA","TANGGAL PENGUMPULAN":"Q1 2024","TANGGAL UPDATE":"28/02/2025"}},{"type":"Feature","geometry":{"coordinates":[110.4492853,-7.7584706],"type":"Point"},"properties":{"NAMA":"PUSKESMAS KALASAN","TIPE_1":"KESEHATAN DAN PENGOBATAN","TIPE_2":"LAYANAN MASYARAKAT","TIPE_3":"PUSKESMAS","TELEPON":"(0274) 497471","ALAMAT":"JL. CANDI SAMBISARI, SIDOKERTO, PURWOMARTANI, KEC. KALASAN, KABUPATEN SLEMAN, DAERAH ISTIMEWA YOGYAKARTA 55571","ID_PROV":"34","PROVINSI":"DAERAH ISTIMEWA YOGYAKARTA","ID_KABKOT":"34.04","KABKOT":"SLEMAN","ID_KEC":"34.04.10","KECAMATAN":"KALASAN","ID_DESA":"34.04.10.2001","DESA":"PURWOMARTANI","LONGITUDE":110.4492853,"LATITUDE":-7.7584706,"STATUS":"BUKA","TANGGAL PENGUMPULAN":"Q1 2024","TANGGAL UPDATE":"28/02/2025"}},{"type":"Feature","geometry":{"coordinates":[110.2527896,-7.7759999],"type":"Point"},"properties":{"NAMA":"PUSKESMAS MOYUDAN","TIPE_1":"KESEHATAN DAN PENGOBATAN","TIPE_2":"LAYANAN MASYARAKAT","TIPE_3":"PUSKESMAS","TELEPON":"(0274) 6497173","ALAMAT":"NGENTAK, AREA SAWAH, SUMBERAGUNG, KEC. MOYUDAN, KABUPATEN SLEMAN, DAERAH ISTIMEWA YOGYAKARTA 55563","ID_PROV":"34","PROVINSI":"DAERAH ISTIMEWA YOGYAKARTA","ID_KABKOT":"34.04","KABKOT":"SLEMAN","ID_KEC":"34.04.03","KECAMATAN":"MOYUDAN","ID_DESA":"34.04.03.2003","DESA":"SUMBERAGUNG","LONGITUDE":110.2527896,"LATITUDE":-7.7759999,"STATUS":"BUKA","TANGGAL PENGUMPULAN":"Q1 2024","TANGGAL UPDATE":"28/02/2025"}},{"type":"Feature","geometry":{"coordinates":[110.3646008,-7.7347643],"type":"Point"},"properties":{"NAMA":"PUSKESMAS SUB SENDANGADI","TIPE_1":"KESEHATAN DAN PENGOBATAN","TIPE_2":"LAYANAN MASYARAKAT","TIPE_3":"PUSKESMAS","TELEPON":"","ALAMAT":"MULUNGAN WETAN RT 05 RW 17, JONGKE TENGAH, SENDANGADI, KEC. MLATI, KABUPATEN SLEMAN, DAERAH ISTIMEWA YOGYAKARTA 55285","ID_PROV":"34","PROVINSI":"DAERAH ISTIMEWA YOGYAKARTA","ID_KABKOT":"34.04","KABKOT":"SLEMAN","ID_KEC":"34.04.06","KECAMATAN":"MLATI","ID_DESA":"34.04.06.2002","DESA":"SENDANGADI","LONGITUDE":110.3646008,"LATITUDE":-7.7347643,"STATUS":"BUKA","TANGGAL PENGUMPULAN":"Q1 2024","TANGGAL UPDATE":"28/02/2025"}},{"type":"Feature","geometry":{"coordinates":[110.382458,-7.7668117],"type":"Point"},"properties":{"NAMA":"PUSKEMAS GAJAH MADA","TIPE_1":"KESEHATAN DAN PENGOBATAN","TIPE_2":"LAYANAN MASYARAKAT","TIPE_3":"PUSKESMAS","TELEPON":"","ALAMAT":"JL. AGRO NO.38C, KOCORAN, CATURTUNGGAL, KEC. DEPOK, KABUPATEN SLEMAN, DAERAH ISTIMEWA YOGYAKARTA 55281","ID_PROV":"34","PROVINSI":"DAERAH ISTIMEWA YOGYAKARTA","ID_KABKOT":"34.04","KABKOT":"SLEMAN","ID_KEC":"34.04.07","KECAMATAN":"DEPOK","ID_DESA":"34.04.07.2001","DESA":"CATURTUNGGAL","LONGITUDE":110.382458,"LATITUDE":-7.7668117,"STATUS":"BUKA","TANGGAL PENGUMPULAN":"Q1 2024","TANGGAL UPDATE":"28/02/2025"}},{"type":"Feature","geometry":{"coordinates":[110.238905,-7.7212514],"type":"Point"},"properties":{"NAMA":"PUSKESMAS MINGGIR","TIPE_1":"KESEHATAN DAN PENGOBATAN","TIPE_2":"LAYANAN MASYARAKAT","TIPE_3":"PUSKESMAS","TELEPON":"0811-2645-117","ALAMAT":"JL. MINGGIR III, SENDANG AGUNG, MINGGIR, BARAN, SENDANGAGUNG, KEC. MINGGIR, KABUPATEN SLEMAN, DAERAH ISTIMEWA YOGYAKARTA 55562","ID_PROV":"34","PROVINSI":"DAERAH ISTIMEWA YOGYAKARTA","ID_KABKOT":"34.04","KABKOT":"SLEMAN","ID_KEC":"34.04.04","KECAMATAN":"MINGGIR","ID_DESA":"34.04.04.2003","DESA":"SENDANGAGUNG","LONGITUDE":110.238905,"LATITUDE":-7.7212514,"STATUS":"BUKA","TANGGAL PENGUMPULAN":"Q1 2024","TANGGAL UPDATE":"28/02/2025"}},{"type":"Feature","geometry":{"coordinates":[110.2880438,-7.7007441],"type":"Point"},"properties":{"NAMA":"PUSKESMAS TEMPEL II","TIPE_1":"KESEHATAN DAN PENGOBATAN","TIPE_2":"LAYANAN MASYARAKAT","TIPE_3":"PUSKESMAS","TELEPON":"(0274) 7101966","ALAMAT":"KEMUSUH, BANYUREJO, KEC. TEMPEL, KABUPATEN SLEMAN, DAERAH ISTIMEWA YOGYAKARTA 55552","ID_PROV":"34","PROVINSI":"DAERAH ISTIMEWA YOGYAKARTA","ID_KABKOT":"34.04","KABKOT":"SLEMAN","ID_KEC":"34.04.14","KECAMATAN":"TEMPEL","ID_DESA":"34.04.14.2001","DESA":"BANYUREJO","LONGITUDE":110.2880438,"LATITUDE":-7.7007441,"STATUS":"BUKA","TANGGAL PENGUMPULAN":"Q1 2024","TANGGAL UPDATE":"28/02/2025"}},{"type":"Feature","geometry":{"coordinates":[110.327125,-7.658243],"type":"Point"},"properties":{"NAMA":"PUSKESMAS TEMPEL 1","TIPE_1":"KESEHATAN DAN PENGOBATAN","TIPE_2":"LAYANAN MASYARAKAT","TIPE_3":"PUSKESMAS","TELEPON":"(0274) 4363045","ALAMAT":"JL. MAGELANG - YOGYAKARTA NO.KM. 17, RW.5, NGEBONG, MARGOREJO, KEC. TEMPEL, KABUPATEN SLEMAN, DAERAH ISTIMEWA YOGYAKARTA 55552","ID_PROV":"34","PROVINSI":"DAERAH ISTIMEWA YOGYAKARTA","ID_KABKOT":"34.04","KABKOT":"SLEMAN","ID_KEC":"34.04.14","KECAMATAN":"TEMPEL","ID_DESA":"34.04.14.2006","DESA":"MARGOREJO","LONGITUDE":110.327125,"LATITUDE":-7.658243,"STATUS":"BUKA","TANGGAL PENGUMPULAN":"Q1 2024","TANGGAL UPDATE":"28/02/2025"}},{"type":"Feature","geometry":{"coordinates":[110.43469,-7.731363],"type":"Point"},"properties":{"NAMA":"POS KESEHATAN DESA","TIPE_1":"KESEHATAN DAN PENGOBATAN","TIPE_2":"LAYANAN MASYARAKAT","TIPE_3":"PUSKESMAS","TELEPON":"(0274) 870343","ALAMAT":"KANTOR DESA WEDOMARTANI, JL. RAYA TAJEM, GONDANG LEGI, WEDOMARTANI, KEC. NGEMPLAK, KABUPATEN SLEMAN, DAERAH ISTIMEWA YOGYAKARTA 55282","ID_PROV":"34","PROVINSI":"DAERAH ISTIMEWA YOGYAKARTA","ID_KABKOT":"34.04","KABKOT":"SLEMAN","ID_KEC":"34.04.11","KECAMATAN":"NGEMPLAK","ID_DESA":"34.04.11.2004","DESA":"WEDOMARTANI","LONGITUDE":110.43469,"LATITUDE":-7.731363,"STATUS":"BUKA","TANGGAL PENGUMPULAN":"Q1 2024","TANGGAL UPDATE":"28/02/2025"}},{"type":"Feature","geometry":{"coordinates":[110.4673101,-7.6143816],"type":"Point"},"properties":{"NAMA":"PUSKESMAS PEMBANTU DESA GLAGAHARJO","TIPE_1":"KESEHATAN DAN PENGOBATAN","TIPE_2":"LAYANAN MASYARAKAT","TIPE_3":"PUSKESMAS","TELEPON":"","ALAMAT":"JALAN SRUNEN, GUMUKREJO, GLAGAHARJO, KEC. KEMALANG, KABUPATEN KLATEN, JAWA TENGAH 55583","ID_PROV":"34","PROVINSI":"DAERAH ISTIMEWA YOGYAKARTA","ID_KABKOT":"34.04","KABKOT":"SLEMAN","ID_KEC":"34.04.17","KECAMATAN":"CANGKRINGAN","ID_DESA":"34.04.17.2003","DESA":"GLAGAHARJO","LONGITUDE":110.4673101,"LATITUDE":-7.6143816,"STATUS":"BUKA","TANGGAL PENGUMPULAN":"Q1 2024","TANGGAL UPDATE":"28/02/2025"}},{"type":"Feature","geometry":{"coordinates":[110.4824135,-7.7801516],"type":"Point"},"properties":{"NAMA":"PUSKESMAS PRAMBANAN","TIPE_1":"KESEHATAN DAN PENGOBATAN","TIPE_2":"LAYANAN MASYARAKAT","TIPE_3":"PUSKESMAS","TELEPON":"(0274) 496907","ALAMAT":"JL. RAYA PIYUNGAN - PRAMBANAN NO.KM.1, JIRAK, BOKOHARJO, KEC. PRAMBANAN, KABUPATEN SLEMAN, DAERAH ISTIMEWA YOGYAKARTA 55792","ID_PROV":"34","PROVINSI":"DAERAH ISTIMEWA YOGYAKARTA","ID_KABKOT":"34.04","KABKOT":"SLEMAN","ID_KEC":"34.04.09","KECAMATAN":"PRAMBANAN","ID_DESA":"34.04.09.2006","DESA":"BOKOHARJO","LONGITUDE":110.4824135,"LATITUDE":-7.7801516,"STATUS":"BUKA","TANGGAL PENGUMPULAN":"Q1 2024","TANGGAL UPDATE":"28/02/2025"}},{"type":"Feature","geometry":{"coordinates":[110.3377731,-7.7830669],"type":"Point"},"properties":{"NAMA":"PUSKESMAS GAMPING II","TIPE_1":"KESEHATAN DAN PENGOBATAN","TIPE_2":"LAYANAN MASYARAKAT","TIPE_3":"PUSKESMAS","TELEPON":"(0274) 5013351","ALAMAT":"JL. TITIBUMI BARAT, PATRAN, BANYURADEN, KEC. GAMPING, KABUPATEN SLEMAN, DAERAH ISTIMEWA YOGYAKARTA 55293","ID_PROV":"34","PROVINSI":"DAERAH ISTIMEWA YOGYAKARTA","ID_KABKOT":"34.04","KABKOT":"SLEMAN","ID_KEC":"34.04.01","KECAMATAN":"GAMPING","ID_DESA":"34.04.01.2003","DESA":"BANYURADEN","LONGITUDE":110.3377731,"LATITUDE":-7.7830669,"STATUS":"BUKA","TANGGAL PENGUMPULAN":"Q1 2024","TANGGAL UPDATE":"28/02/2025"}},{"type":"Feature","geometry":{"coordinates":[110.32026,-7.8007199],"type":"Point"},"properties":{"NAMA":"PUSKESMAS GAMPING 1","TIPE_1":"KESEHATAN DAN PENGOBATAN","TIPE_2":"LAYANAN MASYARAKAT","TIPE_3":"PUSKESMAS","TELEPON":"(0274) 6499870","ALAMAT":"JL. DELINGSARI, AMBARKETAWANG, GAMPING, PATUKAN, AMBARKETAWANG, KEC. GAMPING, KABUPATEN SLEMAN, DAERAH ISTIMEWA YOGYAKARTA 55294","ID_PROV":"34","PROVINSI":"DAERAH ISTIMEWA YOGYAKARTA","ID_KABKOT":"34.04","KABKOT":"SLEMAN","ID_KEC":"34.04.01","KECAMATAN":"GAMPING","ID_DESA":"34.04.01.2002","DESA":"AMBARKETAWANG","LONGITUDE":110.32026,"LATITUDE":-7.8007199,"STATUS":"BUKA","TANGGAL PENGUMPULAN":"Q1 2024","TANGGAL UPDATE":"28/02/2025"}},{"type":"Feature","geometry":{"coordinates":[110.4300703,-7.8203224],"type":"Point"},"properties":{"NAMA":"PUSKESMAS BERBAH","TIPE_1":"KESEHATAN DAN PENGOBATAN","TIPE_2":"LAYANAN MASYARAKAT","TIPE_3":"PUSKESMAS","TELEPON":"(0274) 2841790","ALAMAT":"JL. SEKARSULI - BERBAH, SRIBIT, SENDANGTIRTO, KEC. BERBAH, KABUPATEN SLEMAN, DAERAH ISTIMEWA YOGYAKARTA 55573","ID_PROV":"34","PROVINSI":"DAERAH ISTIMEWA YOGYAKARTA","ID_KABKOT":"34.04","KABKOT":"SLEMAN","ID_KEC":"34.04.08","KECAMATAN":"BERBAH","ID_DESA":"34.04.08.2001","DESA":"SENDANGTIRTO","LONGITUDE":110.4300703,"LATITUDE":-7.8203224,"STATUS":"BUKA","TANGGAL PENGUMPULAN":"Q1 2024","TANGGAL UPDATE":"28/02/2025"}},{"type":"Feature","geometry":{"coordinates":[110.3919645,-7.7662594],"type":"Point"},"properties":{"NAMA":"DEL'AMOUR AESTHETIC","TIPE_1":"KESEHATAN DAN PENGOBATAN","TIPE_2":"KLINIK","TIPE_3":"KLINIK KECANTIKAN","TELEPON":"0811-3801-9996","ALAMAT":"JL. GEJAYAN CT X NO.51D, KARANG GAYAM, CATURTUNGGAL, KEC. DEPOK, KABUPATEN SLEMAN, DAERAH ISTIMEWA YOGYAKARTA 55281","ID_PROV":"34","PROVINSI":"DAERAH ISTIMEWA YOGYAKARTA","ID_KABKOT":"34.04","KABKOT":"SLEMAN","ID_KEC":"34.04.07","KECAMATAN":"DEPOK","ID_DESA":"34.04.07.2001","DESA":"CATURTUNGGAL","LONGITUDE":110.3919645,"LATITUDE":-7.7662594,"STATUS":"BUKA","TANGGAL PENGUMPULAN":"Q1 2024","TANGGAL UPDATE":"28/02/2025"}},{"type":"Feature","geometry":{"coordinates":[110.4106781,-7.7663263],"type":"Point"},"properties":{"NAMA":"DST SKIN & SLIMMING CARE","TIPE_1":"KESEHATAN DAN PENGOBATAN","TIPE_2":"KLINIK","TIPE_3":"KLINIK KECANTIKAN","TELEPON":"(0274) 486618","ALAMAT":"JALAN SETURAN RAYA NO.3, CATURTUNGGAL, DEPOK, KLEDOKAN, CATURTUNGGAL, SLEMAN, KABUPATEN SLEMAN, DAERAH ISTIMEWA YOGYAKARTA 55281","ID_PROV":"34","PROVINSI":"DAERAH ISTIMEWA YOGYAKARTA","ID_KABKOT":"34.04","KABKOT":"SLEMAN","ID_KEC":"34.04.07","KECAMATAN":"DEPOK","ID_DESA":"34.04.07.2001","DESA":"CATURTUNGGAL","LONGITUDE":110.4106781,"LATITUDE":-7.7663263,"STATUS":"BUKA","TANGGAL PENGUMPULAN":"Q1 2024","TANGGAL UPDATE":"28/02/2025"}},{"type":"Feature","geometry":{"coordinates":[110.3622338,-7.754071],"type":"Point"},"properties":{"NAMA":"BABIES GLOW AESTHETIC CLINIC - JAMAL JOGJA","TIPE_1":"KESEHATAN DAN PENGOBATAN","TIPE_2":"KLINIK","TIPE_3":"KLINIK KECANTIKAN","TELEPON":"(0274) 5023424","ALAMAT":"JL MAGELANG KM 5 NO 49 A, KUTU TEGAL, SINDUADI, KEC. MLATI, KABUPATEN SLEMAN, DAERAH ISTIMEWA YOGYAKARTA 55284","ID_PROV":"34","PROVINSI":"DAERAH ISTIMEWA YOGYAKARTA","ID_KABKOT":"34.04","KABKOT":"SLEMAN","ID_KEC":"34.04.06","KECAMATAN":"MLATI","ID_DESA":"34.04.06.2001","DESA":"SINDUADI","LONGITUDE":110.3622338,"LATITUDE":-7.754071,"STATUS":"BUKA","TANGGAL PENGUMPULAN":"Q1 2024","TANGGAL UPDATE":"28/02/2025"}},{"type":"Feature","geometry":{"coordinates":[110.4106155,-7.7665532],"type":"Point"},"properties":{"NAMA":"GLOUMI AESTHETIC CLINIC","TIPE_1":"KESEHATAN DAN PENGOBATAN","TIPE_2":"KLINIK","TIPE_3":"KLINIK KECANTIKAN","TELEPON":"0877-9617-3000","ALAMAT":"JL. SETURAN RAYA NO.27 LANTAI 2, KLEDOKAN, CATURTUNGGAL, KEC. DEPOK, KABUPATEN SLEMAN, DAERAH ISTIMEWA YOGYAKARTA 55281","ID_PROV":"34","PROVINSI":"DAERAH ISTIMEWA YOGYAKARTA","ID_KABKOT":"34.04","KABKOT":"SLEMAN","ID_KEC":"34.04.07","KECAMATAN":"DEPOK","ID_DESA":"34.04.07.2001","DESA":"CATURTUNGGAL","LONGITUDE":110.4106155,"LATITUDE":-7.7665532,"STATUS":"BUKA","TANGGAL PENGUMPULAN":"Q1 2024","TANGGAL UPDATE":"28/02/2025"}},{"type":"Feature","geometry":{"coordinates":[110.3893187,-7.7794628],"type":"Point"},"properties":{"NAMA":"NAAVAGREEN NATURAL SKIN CARE YOGYAKARTA COLOMBO","TIPE_1":"KESEHATAN DAN PENGOBATAN","TIPE_2":"KLINIK","TIPE_3":"KLINIK KECANTIKAN","TELEPON":"(0274) 566293","ALAMAT":"JL. KOMP. COLOMBO JL. CENDERAWASIH NO.5, MRICAN, CATURTUNGGAL, KEC. DEPOK, KABUPATEN SLEMAN, DAERAH ISTIMEWA YOGYAKARTA 55281","ID_PROV":"34","PROVINSI":"DAERAH ISTIMEWA YOGYAKARTA","ID_KABKOT":"34.04","KABKOT":"SLEMAN","ID_KEC":"34.04.07","KECAMATAN":"DEPOK","ID_DESA":"34.04.07.2001","DESA":"CATURTUNGGAL","LONGITUDE":110.3893187,"LATITUDE":-7.7794628,"STATUS":"BUKA","TANGGAL PENGUMPULAN":"Q1 2024","TANGGAL UPDATE":"28/02/2025"}},{"type":"Feature","geometry":{"coordinates":[110.3988106,-7.7501539],"type":"Point"},"properties":{"NAMA":"VIOLETA BEAUTY TREATMENT","TIPE_1":"KESEHATAN DAN PENGOBATAN","TIPE_2":"KLINIK","TIPE_3":"KLINIK KECANTIKAN","TELEPON":"0817-7081-8168","ALAMAT":"JL. SUKOHARJO NO.NO.03, SANGGRAHAN, CONDONGCATUR, KEC. DEPOK, KABUPATEN SLEMAN, DAERAH ISTIMEWA YOGYAKARTA 55281","ID_PROV":"34","PROVINSI":"DAERAH ISTIMEWA YOGYAKARTA","ID_KABKOT":"34.04","KABKOT":"SLEMAN","ID_KEC":"34.04.07","KECAMATAN":"DEPOK","ID_DESA":"34.04.07.2003","DESA":"CONDONGCATUR","LONGITUDE":110.3988106,"LATITUDE":-7.7501539,"STATUS":"BUKA","TANGGAL PENGUMPULAN":"Q1 2024","TANGGAL UPDATE":"28/02/2025"}},{"type":"Feature","geometry":{"coordinates":[110.3994687,-7.757977],"type":"Point"},"properties":{"NAMA":"SABRINA BEAUTY CARE","TIPE_1":"KESEHATAN DAN PENGOBATAN","TIPE_2":"KLINIK","TIPE_3":"KLINIK KECANTIKAN","TELEPON":"0821-3434-0586","ALAMAT":"JL. RING ROAD UTARA NO.KAV 4, CANDOK, CONDONGCATUR, KEC. DEPOK, KABUPATEN SLEMAN, DAERAH ISTIMEWA YOGYAKARTA 55281","ID_PROV":"34","PROVINSI":"DAERAH ISTIMEWA YOGYAKARTA","ID_KABKOT":"34.04","KABKOT":"SLEMAN","ID_KEC":"34.04.07","KECAMATAN":"DEPOK","ID_DESA":"34.04.07.2003","DESA":"CONDONGCATUR","LONGITUDE":110.3994687,"LATITUDE":-7.757977,"STATUS":"BUKA","TANGGAL PENGUMPULAN":"Q1 2024","TANGGAL UPDATE":"28/02/2025"}},{"type":"Feature","geometry":{"coordinates":[110.3991975,-7.7273418],"type":"Point"},"properties":{"NAMA":"TO YOUR SKIN BEAUTY","TIPE_1":"KESEHATAN DAN PENGOBATAN","TIPE_2":"KLINIK","TIPE_3":"KLINIK KECANTIKAN","TELEPON":"0811-2620-040","ALAMAT":"RUKO PESONA MENTARI, RUKO B JALAN KALIURANG KM 9,3 SINDUHARJO KEC. NGAGLIK, KEC. SLEMAN, KABUPATEN SLEMAN, DAERAH ISTIMEWA YOGYAKARTA 55581","ID_PROV":"34","PROVINSI":"DAERAH ISTIMEWA YOGYAKARTA","ID_KABKOT":"34.04","KABKOT":"SLEMAN","ID_KEC":"34.04.12","KECAMATAN":"NGAGLIK","ID_DESA":"34.04.12.2003","DESA":"SINDUHARJO","LONGITUDE":110.3991975,"LATITUDE":-7.7273418,"STATUS":"BUKA","TANGGAL PENGUMPULAN":"Q1 2024","TANGGAL UPDATE":"28/02/2025"}},{"type":"Feature","geometry":{"coordinates":[110.3930392,-7.7783628],"type":"Point"},"properties":{"NAMA":"NINDIA CLINIC CABANG DEMANGAN BARU","TIPE_1":"KESEHATAN DAN PENGOBATAN","TIPE_2":"KLINIK","TIPE_3":"KLINIK KECANTIKAN","TELEPON":"0821-3548-7070","ALAMAT":"JL. KENARI, DEMANGAN BARU, CATURTUNGGAL, KEC. DEPOK, KABUPATEN SLEMAN, DAERAH ISTIMEWA YOGYAKARTA 55281","ID_PROV":"34","PROVINSI":"DAERAH ISTIMEWA YOGYAKARTA","ID_KABKOT":"34.04","KABKOT":"SLEMAN","ID_KEC":"34.04.07","KECAMATAN":"DEPOK","ID_DESA":"34.04.07.2001","DESA":"CATURTUNGGAL","LONGITUDE":110.3930392,"LATITUDE":-7.7783628,"STATUS":"BUKA","TANGGAL PENGUMPULAN":"Q1 2024","TANGGAL UPDATE":"28/02/2025"}},{"type":"Feature","geometry":{"coordinates":[110.3605267,-7.7534179],"type":"Point"},"properties":{"NAMA":"LBC JOGJA CITY MALL","TIPE_1":"KESEHATAN DAN PENGOBATAN","TIPE_2":"KLINIK","TIPE_3":"KLINIK KECANTIKAN","TELEPON":"(0274) 5304888","ALAMAT":"JOGJA CITY MALL, LANTAI GF, JL. MAGELANG NO.18 KM.6, KUTU PATRAN, SINDUADI, KEC. MLATI, KABUPATEN SLEMAN, DAERAH ISTIMEWA YOGYAKARTA 55284","ID_PROV":"34","PROVINSI":"DAERAH ISTIMEWA YOGYAKARTA","ID_KABKOT":"34.04","KABKOT":"SLEMAN","ID_KEC":"34.04.06","KECAMATAN":"MLATI","ID_DESA":"34.04.06.2001","DESA":"SINDUADI","LONGITUDE":110.3605267,"LATITUDE":-7.7534179,"STATUS":"BUKA","TANGGAL PENGUMPULAN":"Q1 2024","TANGGAL UPDATE":"28/02/2025"}},{"type":"Feature","geometry":{"coordinates":[110.4082888,-7.7822724],"type":"Point"},"properties":{"NAMA":"CREAM PEMUTIH WAJAH ROYALTY COSMETIC","TIPE_1":"KESEHATAN DAN PENGOBATAN","TIPE_2":"KLINIK","TIPE_3":"KLINIK KECANTIKAN","TELEPON":"0838-6659-0605","ALAMAT":"JL. RAYA KLEDOKAN D NO.7, NGENTAK, CATURTUNGGAL, KEC. DEPOK, KABUPATEN SLEMAN, DAERAH ISTIMEWA YOGYAKARTA 55281","ID_PROV":"34","PROVINSI":"DAERAH ISTIMEWA YOGYAKARTA","ID_KABKOT":"34.04","KABKOT":"SLEMAN","ID_KEC":"34.04.07","KECAMATAN":"DEPOK","ID_DESA":"34.04.07.2001","DESA":"CATURTUNGGAL","LONGITUDE":110.4082888,"LATITUDE":-7.7822724,"STATUS":"BUKA","TANGGAL PENGUMPULAN":"Q1 2024","TANGGAL UPDATE":"28/02/2025"}},{"type":"Feature","geometry":{"coordinates":[110.403454,-7.6992825],"type":"Point"},"properties":{"NAMA":"SR12 JOGJA","TIPE_1":"KESEHATAN DAN PENGOBATAN","TIPE_2":"KLINIK","TIPE_3":"KLINIK KECANTIKAN","TELEPON":"0852-6722-2452","ALAMAT":"JL. PANDANARAN, TUREN, SARDONOHARJO, KEC. NGAGLIK, KABUPATEN SLEMAN, DAERAH ISTIMEWA YOGYAKARTA 55581","ID_PROV":"34","PROVINSI":"DAERAH ISTIMEWA YOGYAKARTA","ID_KABKOT":"34.04","KABKOT":"SLEMAN","ID_KEC":"34.04.12","KECAMATAN":"NGAGLIK","ID_DESA":"34.04.12.2005","DESA":"SARDONOHARJO","LONGITUDE":110.403454,"LATITUDE":-7.6992825,"STATUS":"BUKA","TANGGAL PENGUMPULAN":"Q1 2024","TANGGAL UPDATE":"28/02/2025"}},{"type":"Feature","geometry":{"coordinates":[110.3623635,-7.7562638],"type":"Point"},"properties":{"NAMA":"ZAP CLINIC YOGYAKARTA JALAN MAGELANG","TIPE_1":"KESEHATAN DAN PENGOBATAN","TIPE_2":"KLINIK","TIPE_3":"KLINIK KECANTIKAN","TELEPON":"(0274) 5059026","ALAMAT":"JL. MAGELANG NO.5 KM 5, KUTU TEGAL, SINDUADI, KEC. MLATI, KABUPATEN SLEMAN, DAERAH ISTIMEWA YOGYAKARTA 55284","ID_PROV":"34","PROVINSI":"DAERAH ISTIMEWA YOGYAKARTA","ID_KABKOT":"34.04","KABKOT":"SLEMAN","ID_KEC":"34.04.06","KECAMATAN":"MLATI","ID_DESA":"34.04.06.2001","DESA":"SINDUADI","LONGITUDE":110.3623635,"LATITUDE":-7.7562638,"STATUS":"BUKA","TANGGAL PENGUMPULAN":"Q1 2024","TANGGAL UPDATE":"28/02/2025"}},{"type":"Feature","geometry":{"coordinates":[110.4051691,-7.7698413],"type":"Point"},"properties":{"NAMA":"NABB CLINIC D/H NABILA CLINIC SKINCARE, SPA AND SLIMMING","TIPE_1":"KESEHATAN DAN PENGOBATAN","TIPE_2":"KLINIK","TIPE_3":"KLINIK KECANTIKAN","TELEPON":"0811-2656-698","ALAMAT":"DABAG, CONDONGCATUR, KEC. DEPOK, KABUPATEN SLEMAN, DAERAH ISTIMEWA YOGYAKARTA 55281","ID_PROV":"34","PROVINSI":"DAERAH ISTIMEWA YOGYAKARTA","ID_KABKOT":"34.04","KABKOT":"SLEMAN","ID_KEC":"34.04.07","KECAMATAN":"DEPOK","ID_DESA":"34.04.07.2003","DESA":"CONDONGCATUR","LONGITUDE":110.4051691,"LATITUDE":-7.7698413,"STATUS":"BUKA","TANGGAL PENGUMPULAN":"Q1 2024","TANGGAL UPDATE":"28/02/2025"}},{"type":"Feature","geometry":{"coordinates":[110.3491779,-7.6986574],"type":"Point"},"properties":{"NAMA":"DRW SKINCARE SLEMAN RUMAH CANTIK DIANDRA","TIPE_1":"KESEHATAN DAN PENGOBATAN","TIPE_2":"KLINIK","TIPE_3":"KLINIK KECANTIKAN","TELEPON":"0822-2046-5002","ALAMAT":"JLN.MAGELANG KM.12 WADAS, RT.05/RW.02, TRIDADI, KEC. SLEMAN, YOGYAKARTA, DAERAH ISTIMEWA YOGYAKARTA 55511","ID_PROV":"34","PROVINSI":"DAERAH ISTIMEWA YOGYAKARTA","ID_KABKOT":"34.04","KABKOT":"SLEMAN","ID_KEC":"34.04.13","KECAMATAN":"SLEMAN","ID_DESA":"34.04.13.2003","DESA":"TRIDADI","LONGITUDE":110.3491779,"LATITUDE":-7.6986574,"STATUS":"BUKA","TANGGAL PENGUMPULAN":"Q1 2024","TANGGAL UPDATE":"28/02/2025"}},{"type":"Feature","geometry":{"coordinates":[110.3539708,-7.6857237],"type":"Point"},"properties":{"NAMA":"ANITA JAFRA SLEMAN","TIPE_1":"KESEHATAN DAN PENGOBATAN","TIPE_2":"KLINIK","TIPE_3":"KLINIK KECANTIKAN","TELEPON":"0858-6886-9444","ALAMAT":"JOGOKERTEN, RT02, RW.13, YOGOKERTEN, TRIMULYO, KEC. SLEMAN, KABUPATEN SLEMAN, DAERAH ISTIMEWA YOGYAKARTA 55513","ID_PROV":"34","PROVINSI":"DAERAH ISTIMEWA YOGYAKARTA","ID_KABKOT":"34.04","KABKOT":"SLEMAN","ID_KEC":"34.04.13","KECAMATAN":"SLEMAN","ID_DESA":"34.04.13.2005","DESA":"TRIMULYO","LONGITUDE":110.3539708,"LATITUDE":-7.6857237,"STATUS":"BUKA","TANGGAL PENGUMPULAN":"Q1 2024","TANGGAL UPDATE":"28/02/2025"}},{"type":"Feature","geometry":{"coordinates":[110.3736845,-7.7676827],"type":"Point"},"properties":{"NAMA":"PUSAT KECANTIKAN DAN KEINDAHAN SARDJITO","TIPE_1":"KESEHATAN DAN PENGOBATAN","TIPE_2":"KLINIK","TIPE_3":"KLINIK KECANTIKAN","TELEPON":"","ALAMAT":"SENDOWO, SINDUADI, KEC. MLATI, KABUPATEN SLEMAN, DAERAH ISTIMEWA YOGYAKARTA 55281","ID_PROV":"34","PROVINSI":"DAERAH ISTIMEWA YOGYAKARTA","ID_KABKOT":"34.04","KABKOT":"SLEMAN","ID_KEC":"34.04.06","KECAMATAN":"MLATI","ID_DESA":"34.04.06.2001","DESA":"SINDUADI","LONGITUDE":110.3736845,"LATITUDE":-7.7676827,"STATUS":"BUKA","TANGGAL PENGUMPULAN":"Q1 2024","TANGGAL UPDATE":"28/02/2025"}},{"type":"Feature","geometry":{"coordinates":[110.378731,-7.7490788],"type":"Point"},"properties":{"NAMA":"KLINIK DST SKIN & SLIMMING CARE","TIPE_1":"KESEHATAN DAN PENGOBATAN","TIPE_2":"KLINIK","TIPE_3":"KLINIK KECANTIKAN","TELEPON":"0878-3881-5945","ALAMAT":"JL. PLEMBURAN NO.18A, SEDAN, SARIHARJO, KEC. NGAGLIK, KABUPATEN SLEMAN, DAERAH ISTIMEWA YOGYAKARTA 55284","ID_PROV":"34","PROVINSI":"DAERAH ISTIMEWA YOGYAKARTA","ID_KABKOT":"34.04","KABKOT":"SLEMAN","ID_KEC":"34.04.12","KECAMATAN":"NGAGLIK","ID_DESA":"34.04.12.2001","DESA":"SARIHARJO","LONGITUDE":110.378731,"LATITUDE":-7.7490788,"STATUS":"BUKA","TANGGAL PENGUMPULAN":"Q1 2024","TANGGAL UPDATE":"28/02/2025"}},{"type":"Feature","geometry":{"coordinates":[110.4092275,-7.7719777],"type":"Point"},"properties":{"NAMA":"ANGEL AESTHETIC CLINIC YOGYAKARTA","TIPE_1":"KESEHATAN DAN PENGOBATAN","TIPE_2":"KLINIK","TIPE_3":"KLINIK KECANTIKAN","TELEPON":"0857-0224-4999","ALAMAT":"JL. SETURAN RAYA, KLEDOKAN, CATURTUNGGAL, KEC. DEPOK, KABUPATEN SLEMAN, DAERAH ISTIMEWA YOGYAKARTA 55281","ID_PROV":"34","PROVINSI":"DAERAH ISTIMEWA YOGYAKARTA","ID_KABKOT":"34.04","KABKOT":"SLEMAN","ID_KEC":"34.04.07","KECAMATAN":"DEPOK","ID_DESA":"34.04.07.2001","DESA":"CATURTUNGGAL","LONGITUDE":110.4092275,"LATITUDE":-7.7719777,"STATUS":"BUKA","TANGGAL PENGUMPULAN":"Q1 2024","TANGGAL UPDATE":"28/02/2025"}},{"type":"Feature","geometry":{"coordinates":[110.3992758,-7.7452766],"type":"Point"},"properties":{"NAMA":"RUMAH CANTIK DRW SKINCARE RAJAWALI","TIPE_1":"KESEHATAN DAN PENGOBATAN","TIPE_2":"KLINIK","TIPE_3":"KLINIK KECANTIKAN","TELEPON":"","ALAMAT":"JL. RAJAWALI RAYA NO.86, MANUKAN, CONDONGCATUR, KEC. DEPOK, KABUPATEN SLEMAN, DAERAH ISTIMEWA YOGYAKARTA 55281","ID_PROV":"34","PROVINSI":"DAERAH ISTIMEWA YOGYAKARTA","ID_KABKOT":"34.04","KABKOT":"SLEMAN","ID_KEC":"34.04.07","KECAMATAN":"DEPOK","ID_DESA":"34.04.07.2003","DESA":"CONDONGCATUR","LONGITUDE":110.3992758,"LATITUDE":-7.7452766,"STATUS":"BUKA","TANGGAL PENGUMPULAN":"Q1 2024","TANGGAL UPDATE":"28/02/2025"}},{"type":"Feature","geometry":{"coordinates":[110.3991945,-7.75937],"type":"Point"},"properties":{"NAMA":"ERHA APOTHECARY HARTONO MALL YOGYAKARTA","TIPE_1":"KESEHATAN DAN PENGOBATAN","TIPE_2":"KLINIK","TIPE_3":"KLINIK KECANTIKAN","TELEPON":"(0274) 2924079","ALAMAT":"PAKUWON MALL JOGJA, LANTAI 1, KALIWARU, CONDONGCATUR, KEC. DEPOK, KABUPATEN SLEMAN, DAERAH ISTIMEWA YOGYAKARTA 55281","ID_PROV":"34","PROVINSI":"DAERAH ISTIMEWA YOGYAKARTA","ID_KABKOT":"34.04","KABKOT":"SLEMAN","ID_KEC":"34.04.07","KECAMATAN":"DEPOK","ID_DESA":"34.04.07.2003","DESA":"CONDONGCATUR","LONGITUDE":110.3991945,"LATITUDE":-7.75937,"STATUS":"BUKA","TANGGAL PENGUMPULAN":"Q1 2024","TANGGAL UPDATE":"28/02/2025"}},{"type":"Feature","geometry":{"coordinates":[110.3927746,-7.7783174],"type":"Point"},"properties":{"NAMA":"QEZA AESTHETIC CLINIC","TIPE_1":"KESEHATAN DAN PENGOBATAN","TIPE_2":"KLINIK","TIPE_3":"KLINIK KECANTIKAN","TELEPON":"0823-2761-0034","ALAMAT":"JL. DEMANGAN BARU NO.14, RT.19/RW.3, DEMANGAN BARU, CATURTUNGGAL, KEC. DEPOK, KABUPATEN SLEMAN, DAERAH ISTIMEWA YOGYAKARTA 55281","ID_PROV":"34","PROVINSI":"DAERAH ISTIMEWA YOGYAKARTA","ID_KABKOT":"34.04","KABKOT":"SLEMAN","ID_KEC":"34.04.07","KECAMATAN":"DEPOK","ID_DESA":"34.04.07.2001","DESA":"CATURTUNGGAL","LONGITUDE":110.3927746,"LATITUDE":-7.7783174,"STATUS":"BUKA","TANGGAL PENGUMPULAN":"Q1 2024","TANGGAL UPDATE":"28/02/2025"}},{"type":"Feature","geometry":{"coordinates":[110.4109353,-7.7612662],"type":"Point"},"properties":{"NAMA":"WISNU CLINIC","TIPE_1":"KESEHATAN DAN PENGOBATAN","TIPE_2":"KLINIK","TIPE_3":"KLINIK KECANTIKAN","TELEPON":"","ALAMAT":"NGRINGIN, CONDONGCATUR, KEC. DEPOK, KABUPATEN SLEMAN, DAERAH ISTIMEWA YOGYAKARTA 55281","ID_PROV":"34","PROVINSI":"DAERAH ISTIMEWA YOGYAKARTA","ID_KABKOT":"34.04","KABKOT":"SLEMAN","ID_KEC":"34.04.07","KECAMATAN":"DEPOK","ID_DESA":"34.04.07.2003","DESA":"CONDONGCATUR","LONGITUDE":110.4109353,"LATITUDE":-7.7612662,"STATUS":"BUKA","TANGGAL PENGUMPULAN":"Q1 2024","TANGGAL UPDATE":"28/02/2025"}},{"type":"Feature","geometry":{"coordinates":[110.3993317,-7.7589776],"type":"Point"},"properties":{"NAMA":"ZAP PAKUWON MALL JOGJA","TIPE_1":"KESEHATAN DAN PENGOBATAN","TIPE_2":"KLINIK","TIPE_3":"KLINIK KECANTIKAN","TELEPON":"0812-2675-6044","ALAMAT":"PAKUWON MALL JOGJA, JL. RING ROAD UTARA, KALIWARU, CONDONGCATUR, DEPOK, YOGYAKARTA, SPECIAL REGION OF YOGYAKARTA 55283","ID_PROV":"34","PROVINSI":"DAERAH ISTIMEWA YOGYAKARTA","ID_KABKOT":"34.04","KABKOT":"SLEMAN","ID_KEC":"34.04.07","KECAMATAN":"DEPOK","ID_DESA":"34.04.07.2003","DESA":"CONDONGCATUR","LONGITUDE":110.3993317,"LATITUDE":-7.7589776,"STATUS":"BUKA","TANGGAL PENGUMPULAN":"Q1 2024","TANGGAL UPDATE":"28/02/2025"}},{"type":"Feature","geometry":{"coordinates":[110.3619577,-7.7526657],"type":"Point"},"properties":{"NAMA":"LARISSA AESTHETIC CENTER JALAN MAGELANG","TIPE_1":"KESEHATAN DAN PENGOBATAN","TIPE_2":"KLINIK","TIPE_3":"KLINIK KECANTIKAN","TELEPON":"(0274) 623170","ALAMAT":"JL. MAGELANG NO.44, KUTU PATRAN, SINDUADI, KEC. MLATI, KABUPATEN SLEMAN, DAERAH ISTIMEWA YOGYAKARTA 55284","ID_PROV":"34","PROVINSI":"DAERAH ISTIMEWA YOGYAKARTA","ID_KABKOT":"34.04","KABKOT":"SLEMAN","ID_KEC":"34.04.06","KECAMATAN":"MLATI","ID_DESA":"34.04.06.2001","DESA":"SINDUADI","LONGITUDE":110.3619577,"LATITUDE":-7.7526657,"STATUS":"BUKA","TANGGAL PENGUMPULAN":"Q1 2024","TANGGAL UPDATE":"28/02/2025"}},{"type":"Feature","geometry":{"coordinates":[110.3991777,-7.7594626],"type":"Point"},"properties":{"NAMA":"BEAUTY FIRST CLINIC - PAKUWON MALL JOGJA","TIPE_1":"KESEHATAN DAN PENGOBATAN","TIPE_2":"KLINIK","TIPE_3":"KLINIK KECANTIKAN","TELEPON":"0812-7971-709","ALAMAT":"PAKUWON MALL, JL. RING ROAD UTARA, KALIWARU, CONDONGCATUR, KEC. DEPOK, KABUPATEN SLEMAN, DAERAH ISTIMEWA YOGYAKARTA 55281","ID_PROV":"34","PROVINSI":"DAERAH ISTIMEWA YOGYAKARTA","ID_KABKOT":"34.04","KABKOT":"SLEMAN","ID_KEC":"34.04.07","KECAMATAN":"DEPOK","ID_DESA":"34.04.07.2003","DESA":"CONDONGCATUR","LONGITUDE":110.3991777,"LATITUDE":-7.7594626,"STATUS":"BUKA","TANGGAL PENGUMPULAN":"Q1 2024","TANGGAL UPDATE":"28/02/2025"}},{"type":"Feature","geometry":{"coordinates":[110.3702262,-7.7542897],"type":"Point"},"properties":{"NAMA":"4U SLIM & BEAUTY","TIPE_1":"KESEHATAN DAN PENGOBATAN","TIPE_2":"KLINIK","TIPE_3":"KLINIK KECANTIKAN","TELEPON":"(0274) 625498","ALAMAT":"JL. MONJALI NO.39, GEMAWANG, SINDUADI, KEC. MLATI, KABUPATEN SLEMAN, DAERAH ISTIMEWA YOGYAKARTA 55581","ID_PROV":"34","PROVINSI":"DAERAH ISTIMEWA YOGYAKARTA","ID_KABKOT":"34.04","KABKOT":"SLEMAN","ID_KEC":"34.04.06","KECAMATAN":"MLATI","ID_DESA":"34.04.06.2001","DESA":"SINDUADI","LONGITUDE":110.3702262,"LATITUDE":-7.7542897,"STATUS":"BUKA","TANGGAL PENGUMPULAN":"Q1 2024","TANGGAL UPDATE":"28/02/2025"}},{"type":"Feature","geometry":{"coordinates":[110.400287,-7.7794178],"type":"Point"},"properties":{"NAMA":"THE ELSHE CLINIC","TIPE_1":"KESEHATAN DAN PENGOBATAN","TIPE_2":"KLINIK","TIPE_3":"KLINIK KECANTIKAN","TELEPON":"(0274) 2801406","ALAMAT":"JL. JOGJA TOWN HOUSE 1 JL. NOLOGATEN, TEMPEL, CATURTUNGGAL, KEC. DEPOK, KABUPATEN SLEMAN, DAERAH ISTIMEWA YOGYAKARTA 55281","ID_PROV":"34","PROVINSI":"DAERAH ISTIMEWA YOGYAKARTA","ID_KABKOT":"34.04","KABKOT":"SLEMAN","ID_KEC":"34.04.07","KECAMATAN":"DEPOK","ID_DESA":"34.04.07.2001","DESA":"CATURTUNGGAL","LONGITUDE":110.400287,"LATITUDE":-7.7794178,"STATUS":"BUKA","TANGGAL PENGUMPULAN":"Q1 2024","TANGGAL UPDATE":"28/02/2025"}},{"type":"Feature","geometry":{"coordinates":[110.4087966,-7.7795364],"type":"Point"},"properties":{"NAMA":"THE CLINIC BEAUTYLOSOPHY","TIPE_1":"KESEHATAN DAN PENGOBATAN","TIPE_2":"KLINIK","TIPE_3":"KLINIK KECANTIKAN","TELEPON":"(0274) 8260001","ALAMAT":"JL. RAYA KLEDOKAN 55281, TEMPEL, CATURTUNGGAL, KEC. DEPOK, KABUPATEN SLEMAN, DAERAH ISTIMEWA YOGYAKARTA 55281","ID_PROV":"34","PROVINSI":"DAERAH ISTIMEWA YOGYAKARTA","ID_KABKOT":"34.04","KABKOT":"SLEMAN","ID_KEC":"34.04.07","KECAMATAN":"DEPOK","ID_DESA":"34.04.07.2001","DESA":"CATURTUNGGAL","LONGITUDE":110.4087966,"LATITUDE":-7.7795364,"STATUS":"BUKA","TANGGAL PENGUMPULAN":"Q1 2024","TANGGAL UPDATE":"28/02/2025"}},{"type":"Feature","geometry":{"coordinates":[110.4094326,-7.7721606],"type":"Point"},"properties":{"NAMA":"SUPERGLOW CLINIC - SETURAN","TIPE_1":"KESEHATAN DAN PENGOBATAN","TIPE_2":"KLINIK","TIPE_3":"KLINIK KECANTIKAN","TELEPON":"0811-2953-509","ALAMAT":"RUKO SETURAN SUARE, JL. SETURAN RAYA NO.7, KLEDOKAN, CATURTUNGGAL, DEPOK, SLEMAN REGENCY, SPECIAL REGION OF YOGYAKARTA 55281","ID_PROV":"34","PROVINSI":"DAERAH ISTIMEWA YOGYAKARTA","ID_KABKOT":"34.04","KABKOT":"SLEMAN","ID_KEC":"34.04.07","KECAMATAN":"DEPOK","ID_DESA":"34.04.07.2001","DESA":"CATURTUNGGAL","LONGITUDE":110.4094326,"LATITUDE":-7.7721606,"STATUS":"BUKA","TANGGAL PENGUMPULAN":"Q1 2024","TANGGAL UPDATE":"28/02/2025"}},{"type":"Feature","geometry":{"coordinates":[110.4013552,-7.7821188],"type":"Point"},"properties":{"NAMA":"NATASHA SKIN CLINIC CENTER PLAZA AMBARUKMO","TIPE_1":"KESEHATAN DAN PENGOBATAN","TIPE_2":"KLINIK","TIPE_3":"KLINIK KECANTIKAN","TELEPON":"(0274) 4331140","ALAMAT":"PLAZA AMBARRUKMO, JL. LAKSDA ADISUCIPTO LT.1 BLOK B4-6, AMBARUKMO, CATURTUNGGAL, KEC. DEPOK, KABUPATEN SLEMAN, DAERAH ISTIMEWA YOGYAKARTA 55281","ID_PROV":"34","PROVINSI":"DAERAH ISTIMEWA YOGYAKARTA","ID_KABKOT":"34.04","KABKOT":"SLEMAN","ID_KEC":"34.04.07","KECAMATAN":"DEPOK","ID_DESA":"34.04.07.2001","DESA":"CATURTUNGGAL","LONGITUDE":110.4013552,"LATITUDE":-7.7821188,"STATUS":"BUKA","TANGGAL PENGUMPULAN":"Q1 2024","TANGGAL UPDATE":"28/02/2025"}},{"type":"Feature","geometry":{"coordinates":[110.382644,-7.7204907],"type":"Point"},"properties":{"NAMA":"JELITA","TIPE_1":"KESEHATAN DAN PENGOBATAN","TIPE_2":"KLINIK","TIPE_3":"KLINIK KECANTIKAN","TELEPON":"(0274) 9524045","ALAMAT":"JL. GITO GATI, REJODANI 2, SARIHARJO, KEC. NGAGLIK, KABUPATEN SLEMAN, DAERAH ISTIMEWA YOGYAKARTA 55581","ID_PROV":"34","PROVINSI":"DAERAH ISTIMEWA YOGYAKARTA","ID_KABKOT":"34.04","KABKOT":"SLEMAN","ID_KEC":"34.04.12","KECAMATAN":"NGAGLIK","ID_DESA":"34.04.12.2001","DESA":"SARIHARJO","LONGITUDE":110.382644,"LATITUDE":-7.7204907,"STATUS":"BUKA","TANGGAL PENGUMPULAN":"Q1 2024","TANGGAL UPDATE":"28/02/2025"}},{"type":"Feature","geometry":{"coordinates":[110.3912375,-7.7685985],"type":"Point"},"properties":{"NAMA":"CUTANE SKIN CARE & CLINIC","TIPE_1":"KESEHATAN DAN PENGOBATAN","TIPE_2":"KLINIK","TIPE_3":"KLINIK KECANTIKAN","TELEPON":"","ALAMAT":"JL. AFFANDI, SANTREN, CATURTUNGGAL, KEC. DEPOK, KABUPATEN SLEMAN, DAERAH ISTIMEWA YOGYAKARTA 55281","ID_PROV":"34","PROVINSI":"DAERAH ISTIMEWA YOGYAKARTA","ID_KABKOT":"34.04","KABKOT":"SLEMAN","ID_KEC":"34.04.07","KECAMATAN":"DEPOK","ID_DESA":"34.04.07.2001","DESA":"CATURTUNGGAL","LONGITUDE":110.3912375,"LATITUDE":-7.7685985,"STATUS":"BUKA","TANGGAL PENGUMPULAN":"Q1 2024","TANGGAL UPDATE":"28/02/2025"}},{"type":"Feature","geometry":{"coordinates":[110.3934355,-7.7097413],"type":"Point"},"properties":{"NAMA":"ZIGG_Q SKIN CARE YKA","TIPE_1":"KESEHATAN DAN PENGOBATAN","TIPE_2":"KLINIK","TIPE_3":"KLINIK KECANTIKAN","TELEPON":"0852-2605-8004","ALAMAT":"JL. PLUMBON RAYA, PLUMBON, SARDONOHARJO, KEC. NGAGLIK, KABUPATEN SLEMAN, DAERAH ISTIMEWA YOGYAKARTA 55581","ID_PROV":"34","PROVINSI":"DAERAH ISTIMEWA YOGYAKARTA","ID_KABKOT":"34.04","KABKOT":"SLEMAN","ID_KEC":"34.04.12","KECAMATAN":"NGAGLIK","ID_DESA":"34.04.12.2005","DESA":"SARDONOHARJO","LONGITUDE":110.3934355,"LATITUDE":-7.7097413,"STATUS":"BUKA","TANGGAL PENGUMPULAN":"Q1 2024","TANGGAL UPDATE":"28/02/2025"}},{"type":"Feature","geometry":{"coordinates":[110.4028472,-7.7655878],"type":"Point"},"properties":{"NAMA":"BEAUTY EXPRESS BY 4U SLIM AND BEAUTY KLINIK WAHID HASYIM SETURAN","TIPE_1":"KESEHATAN DAN PENGOBATAN","TIPE_2":"KLINIK","TIPE_3":"KLINIK KECANTIKAN","TELEPON":"0877-1914-7650","ALAMAT":"JL. WAHID HASYIM NO.29, DABAG, CONDONGCATUR, KEC. DEPOK, KABUPATEN SLEMAN, DAERAH ISTIMEWA YOGYAKARTA 55281","ID_PROV":"34","PROVINSI":"DAERAH ISTIMEWA YOGYAKARTA","ID_KABKOT":"34.04","KABKOT":"SLEMAN","ID_KEC":"34.04.07","KECAMATAN":"DEPOK","ID_DESA":"34.04.07.2003","DESA":"CONDONGCATUR","LONGITUDE":110.4028472,"LATITUDE":-7.7655878,"STATUS":"BUKA","TANGGAL PENGUMPULAN":"Q1 2024","TANGGAL UPDATE":"28/02/2025"}},{"type":"Feature","geometry":{"coordinates":[110.4330678,-7.759878],"type":"Point"},"properties":{"NAMA":"MATAHARI SKIN CARE","TIPE_1":"KESEHATAN DAN PENGOBATAN","TIPE_2":"KLINIK","TIPE_3":"KLINIK KECANTIKAN","TELEPON":"","ALAMAT":"JL. RAYA TAJEM NO.20-33, DENOKAN, MAGUWOHARJO, KEC. DEPOK, KABUPATEN SLEMAN, DAERAH ISTIMEWA YOGYAKARTA 55281","ID_PROV":"34","PROVINSI":"DAERAH ISTIMEWA YOGYAKARTA","ID_KABKOT":"34.04","KABKOT":"SLEMAN","ID_KEC":"34.04.07","KECAMATAN":"DEPOK","ID_DESA":"34.04.07.2002","DESA":"MAGUWOHARJO","LONGITUDE":110.4330678,"LATITUDE":-7.759878,"STATUS":"BUKA","TANGGAL PENGUMPULAN":"Q1 2024","TANGGAL UPDATE":"28/02/2025"}},{"type":"Feature","geometry":{"coordinates":[110.2931988,-7.7531125],"type":"Point"},"properties":{"NAMA":"THE FERIHANA BEAUTY HOUSE GODEAN","TIPE_1":"KESEHATAN DAN PENGOBATAN","TIPE_2":"KLINIK","TIPE_3":"KLINIK KECANTIKAN","TELEPON":"0896-6044-4044","ALAMAT":"JL. GODEAN - SEYEGAN NO.1, KLACI I, MARGOLUWIH, SEYEGAN, SLEMAN REGENCY, SPECIAL REGION OF YOGYAKARTA 55561","ID_PROV":"34","PROVINSI":"DAERAH ISTIMEWA YOGYAKARTA","ID_KABKOT":"34.04","KABKOT":"SLEMAN","ID_KEC":"34.04.05","KECAMATAN":"SEYEGAN","ID_DESA":"34.04.05.2001","DESA":"MARGOLUWIH","LONGITUDE":110.2931988,"LATITUDE":-7.7531125,"STATUS":"BUKA","TANGGAL PENGUMPULAN":"Q1 2024","TANGGAL UPDATE":"28/02/2025"}},{"type":"Feature","geometry":{"coordinates":[110.4170909,-7.7749401],"type":"Point"},"properties":{"NAMA":"GIENKA AESTHETIC","TIPE_1":"KESEHATAN DAN PENGOBATAN","TIPE_2":"KLINIK","TIPE_3":"KLINIK KECANTIKAN","TELEPON":"0812-2766-0008","ALAMAT":"JL. BALADEWA, TAMBAK BAYAN, CATURTUNGGAL, KEC. DEPOK, KABUPATEN SLEMAN, DAERAH ISTIMEWA YOGYAKARTA 55281","ID_PROV":"34","PROVINSI":"DAERAH ISTIMEWA YOGYAKARTA","ID_KABKOT":"34.04","KABKOT":"SLEMAN","ID_KEC":"34.04.07","KECAMATAN":"DEPOK","ID_DESA":"34.04.07.2001","DESA":"CATURTUNGGAL","LONGITUDE":110.4170909,"LATITUDE":-7.7749401,"STATUS":"BUKA","TANGGAL PENGUMPULAN":"Q1 2024","TANGGAL UPDATE":"28/02/2025"}},{"type":"Feature","geometry":{"coordinates":[110.3989481,-7.7596579],"type":"Point"},"properties":{"NAMA":"LARISSA AESTHETIC CENTER HARTONO MALL","TIPE_1":"KESEHATAN DAN PENGOBATAN","TIPE_2":"KLINIK","TIPE_3":"KLINIK KECANTIKAN","TELEPON":"","ALAMAT":"HARTONO MALL, JL. RING ROAD UTARA, KALIWARU, CONDONGCATUR, KEC. DEPOK, KABUPATEN SLEMAN, DAERAH ISTIMEWA YOGYAKARTA 55283","ID_PROV":"34","PROVINSI":"DAERAH ISTIMEWA YOGYAKARTA","ID_KABKOT":"34.04","KABKOT":"SLEMAN","ID_KEC":"34.04.07","KECAMATAN":"DEPOK","ID_DESA":"34.04.07.2003","DESA":"CONDONGCATUR","LONGITUDE":110.3989481,"LATITUDE":-7.7596579,"STATUS":"BUKA","TANGGAL PENGUMPULAN":"Q1 2024","TANGGAL UPDATE":"28/02/2025"}},{"type":"Feature","geometry":{"coordinates":[110.4122605,-7.7743195],"type":"Point"},"properties":{"NAMA":"KLINIK KECANTIKAN DMR SOROWAJAN","TIPE_1":"KESEHATAN DAN PENGOBATAN","TIPE_2":"KLINIK","TIPE_3":"KLINIK KECANTIKAN","TELEPON":"","ALAMAT":"RUKO RAFLESIA SQUARE, JL. KLEDOKAN BABARSARI, KLEDOKAN, CATURTUNGGAL, KEC. DEPOK, KABUPATEN SLEMAN, DAERAH ISTIMEWA YOGYAKARTA 55281","ID_PROV":"34","PROVINSI":"DAERAH ISTIMEWA YOGYAKARTA","ID_KABKOT":"34.04","KABKOT":"SLEMAN","ID_KEC":"34.04.07","KECAMATAN":"DEPOK","ID_DESA":"34.04.07.2001","DESA":"CATURTUNGGAL","LONGITUDE":110.4122605,"LATITUDE":-7.7743195,"STATUS":"BUKA","TANGGAL PENGUMPULAN":"Q1 2024","TANGGAL UPDATE":"28/02/2025"}},{"type":"Feature","geometry":{"coordinates":[110.3933971,-7.764096],"type":"Point"},"properties":{"NAMA":"WHITE LILY CLINIC","TIPE_1":"KESEHATAN DAN PENGOBATAN","TIPE_2":"KLINIK","TIPE_3":"KLINIK KECANTIKAN","TELEPON":"(0274) 564433","ALAMAT":"NO.18, JL. AFFANDI, SANTREN, CATURTUNGGAL, KEC. DEPOK, KABUPATEN SLEMAN, DAERAH ISTIMEWA YOGYAKARTA 55281","ID_PROV":"34","PROVINSI":"DAERAH ISTIMEWA YOGYAKARTA","ID_KABKOT":"34.04","KABKOT":"SLEMAN","ID_KEC":"34.04.07","KECAMATAN":"DEPOK","ID_DESA":"34.04.07.2001","DESA":"CATURTUNGGAL","LONGITUDE":110.3933971,"LATITUDE":-7.764096,"STATUS":"BUKA","TANGGAL PENGUMPULAN":"Q1 2024","TANGGAL UPDATE":"28/02/2025"}},{"type":"Feature","geometry":{"coordinates":[110.352526,-7.7398016],"type":"Point"},"properties":{"NAMA":"RCNSKIN CLINIC","TIPE_1":"KESEHATAN DAN PENGOBATAN","TIPE_2":"KLINIK","TIPE_3":"KLINIK KECANTIKAN","TELEPON":"0812-3334-3478","ALAMAT":"JL. KEBON AGUNG, KRONGGAHAN II RW 06 NO.31, TRIHANGGO, KEC. GAMPING, KABUPATEN SLEMAN, DAERAH ISTIMEWA YOGYAKARTA 55291","ID_PROV":"34","PROVINSI":"DAERAH ISTIMEWA YOGYAKARTA","ID_KABKOT":"34.04","KABKOT":"SLEMAN","ID_KEC":"34.04.01","KECAMATAN":"GAMPING","ID_DESA":"34.04.01.2005","DESA":"TRIHANGGO","LONGITUDE":110.352526,"LATITUDE":-7.7398016,"STATUS":"BUKA","TANGGAL PENGUMPULAN":"Q1 2024","TANGGAL UPDATE":"28/02/2025"}},{"type":"Feature","geometry":{"coordinates":[110.3623667,-7.7522611],"type":"Point"},"properties":{"NAMA":"BEAUTY LUX PRIME - JALAN MAGELANG","TIPE_1":"KESEHATAN DAN PENGOBATAN","TIPE_2":"KLINIK","TIPE_3":"KLINIK KECANTIKAN","TELEPON":"0811-251-909","ALAMAT":"MAGELANG ST, KUTU TEGAL, SINDUADI, MLATI, SLEMAN REGENCY, SPECIAL REGION OF YOGYAKARTA 55284","ID_PROV":"34","PROVINSI":"DAERAH ISTIMEWA YOGYAKARTA","ID_KABKOT":"34.04","KABKOT":"SLEMAN","ID_KEC":"34.04.06","KECAMATAN":"MLATI","ID_DESA":"34.04.06.2001","DESA":"SINDUADI","LONGITUDE":110.3623667,"LATITUDE":-7.7522611,"STATUS":"BUKA","TANGGAL PENGUMPULAN":"Q1 2024","TANGGAL UPDATE":"28/02/2025"}},{"type":"Feature","geometry":{"coordinates":[110.395055,-7.7807041],"type":"Point"},"properties":{"NAMA":"BEAUTYBAR_STUDIO","TIPE_1":"KESEHATAN DAN PENGOBATAN","TIPE_2":"KLINIK","TIPE_3":"KLINIK KECANTIKAN","TELEPON":"0812-7299-2373","ALAMAT":"JL. AMPEL NO.11, DEMANGAN BARU, CATURTUNGGAL, KEC. DEPOK, KABUPATEN SLEMAN, DAERAH ISTIMEWA YOGYAKARTA 55281","ID_PROV":"34","PROVINSI":"DAERAH ISTIMEWA YOGYAKARTA","ID_KABKOT":"34.04","KABKOT":"SLEMAN","ID_KEC":"34.04.07","KECAMATAN":"DEPOK","ID_DESA":"34.04.07.2001","DESA":"CATURTUNGGAL","LONGITUDE":110.395055,"LATITUDE":-7.7807041,"STATUS":"BUKA","TANGGAL PENGUMPULAN":"Q1 2024","TANGGAL UPDATE":"28/02/2025"}},{"type":"Feature","geometry":{"coordinates":[110.3922756,-7.7398416],"type":"Point"},"properties":{"NAMA":"BEAUTY LUX SKIN CARE - JAKAL","TIPE_1":"KESEHATAN DAN PENGOBATAN","TIPE_2":"KLINIK","TIPE_3":"KLINIK KECANTIKAN","TELEPON":"0811-2652-399","ALAMAT":"JL. KALIURANG NO.KM. 7,8, NGABEAN KULON, SINDUHARJO, KEC. NGAGLIK, KABUPATEN SLEMAN, DAERAH ISTIMEWA YOGYAKARTA 55283","ID_PROV":"34","PROVINSI":"DAERAH ISTIMEWA YOGYAKARTA","ID_KABKOT":"34.04","KABKOT":"SLEMAN","ID_KEC":"34.04.12","KECAMATAN":"NGAGLIK","ID_DESA":"34.04.12.2003","DESA":"SINDUHARJO","LONGITUDE":110.3922756,"LATITUDE":-7.7398416,"STATUS":"BUKA","TANGGAL PENGUMPULAN":"Q1 2024","TANGGAL UPDATE":"28/02/2025"}},{"type":"Feature","geometry":{"coordinates":[110.434679,-7.749665],"type":"Point"},"properties":{"NAMA":"SHEE LUXE SKIN","TIPE_1":"KESEHATAN DAN PENGOBATAN","TIPE_2":"KLINIK","TIPE_3":"KLINIK KECANTIKAN","TELEPON":"0812-9211-1174","ALAMAT":"JL. RAYA TAJEM, TAJEM, MAGUWOHARJO, KEC. DEPOK, KABUPATEN SLEMAN, DAERAH ISTIMEWA YOGYAKARTA 55281","ID_PROV":"34","PROVINSI":"DAERAH ISTIMEWA YOGYAKARTA","ID_KABKOT":"34.04","KABKOT":"SLEMAN","ID_KEC":"34.04.07","KECAMATAN":"DEPOK","ID_DESA":"34.04.07.2002","DESA":"MAGUWOHARJO","LONGITUDE":110.434679,"LATITUDE":-7.749665,"STATUS":"BUKA","TANGGAL PENGUMPULAN":"Q1 2024","TANGGAL UPDATE":"28/02/2025"}},{"type":"Feature","geometry":{"coordinates":[110.3909861,-7.7692583],"type":"Point"},"properties":{"NAMA":"SUPERGLOW CLINIC - GEJAYAN","TIPE_1":"KESEHATAN DAN PENGOBATAN","TIPE_2":"KLINIK","TIPE_3":"KLINIK KECANTIKAN","TELEPON":"0811-369-609","ALAMAT":"JL. AFFANDI NO.14, SANTREN, CATURTUNGGAL, KEC. DEPOK, KABUPATEN SLEMAN, DAERAH ISTIMEWA YOGYAKARTA 55222","ID_PROV":"34","PROVINSI":"DAERAH ISTIMEWA YOGYAKARTA","ID_KABKOT":"34.04","KABKOT":"SLEMAN","ID_KEC":"34.04.07","KECAMATAN":"DEPOK","ID_DESA":"34.04.07.2001","DESA":"CATURTUNGGAL","LONGITUDE":110.3909861,"LATITUDE":-7.7692583,"STATUS":"BUKA","TANGGAL PENGUMPULAN":"Q1 2024","TANGGAL UPDATE":"28/02/2025"}},{"type":"Feature","geometry":{"coordinates":[110.4139419,-7.72086],"type":"Point"},"properties":{"NAMA":"STOKIS DRW SKINCARE JOGJA","TIPE_1":"KESEHATAN DAN PENGOBATAN","TIPE_2":"KLINIK","TIPE_3":"KLINIK KECANTIKAN","TELEPON":"0812-8797-6795","ALAMAT":"JL. YUDISTIRO, KRANDON, SINDUHARJO, NGAGLIK, SLEMAN REGENCY, SPECIAL REGION OF YOGYAKARTA 55584","ID_PROV":"34","PROVINSI":"DAERAH ISTIMEWA YOGYAKARTA","ID_KABKOT":"34.04","KABKOT":"SLEMAN","ID_KEC":"34.04.11","KECAMATAN":"NGEMPLAK","ID_DESA":"34.04.11.2004","DESA":"WEDOMARTANI","LONGITUDE":110.4139419,"LATITUDE":-7.72086,"STATUS":"BUKA","TANGGAL PENGUMPULAN":"Q1 2024","TANGGAL UPDATE":"28/02/2025"}},{"type":"Feature","geometry":{"coordinates":[110.4431949,-7.7817845],"type":"Point"},"properties":{"NAMA":"NDALEM PERAWATAN CANTIK","TIPE_1":"KESEHATAN DAN PENGOBATAN","TIPE_2":"KLINIK","TIPE_3":"KLINIK KECANTIKAN","TELEPON":"(0274) 2850278","ALAMAT":"JL. CANDI SAMBISARI NO.132, JUWANGEN, PURWOMARTANI, KEC. KALASAN, KABUPATEN SLEMAN, DAERAH ISTIMEWA YOGYAKARTA 55571","ID_PROV":"34","PROVINSI":"DAERAH ISTIMEWA YOGYAKARTA","ID_KABKOT":"34.04","KABKOT":"SLEMAN","ID_KEC":"34.04.10","KECAMATAN":"KALASAN","ID_DESA":"34.04.10.2001","DESA":"PURWOMARTANI","LONGITUDE":110.4431949,"LATITUDE":-7.7817845,"STATUS":"BUKA","TANGGAL PENGUMPULAN":"Q1 2024","TANGGAL UPDATE":"28/02/2025"}},{"type":"Feature","geometry":{"coordinates":[110.3557342,-7.7396022],"type":"Point"},"properties":{"NAMA":"NINDIA CLINIC PUSAT","TIPE_1":"KESEHATAN DAN PENGOBATAN","TIPE_2":"KLINIK","TIPE_3":"KLINIK KECANTIKAN","TELEPON":"0821-3548-7070","ALAMAT":"KARANG, JL. KEBON AGUNG NO.277, KARANG GENENG, SENDANGADI, KEC. GENENG, KABUPATEN SLEMAN, DAERAH ISTIMEWA YOGYAKARTA 55285","ID_PROV":"34","PROVINSI":"DAERAH ISTIMEWA YOGYAKARTA","ID_KABKOT":"34.04","KABKOT":"SLEMAN","ID_KEC":"34.04.06","KECAMATAN":"MLATI","ID_DESA":"34.04.06.2002","DESA":"SENDANGADI","LONGITUDE":110.3557342,"LATITUDE":-7.7396022,"STATUS":"BUKA","TANGGAL PENGUMPULAN":"Q1 2024","TANGGAL UPDATE":"28/02/2025"}},{"type":"Feature","geometry":{"coordinates":[110.4229315,-7.7828049],"type":"Point"},"properties":{"NAMA":"BEAUTHENICA SKIN CENTER","TIPE_1":"KESEHATAN DAN PENGOBATAN","TIPE_2":"KLINIK","TIPE_3":"KLINIK KECANTIKAN","TELEPON":"0812-3078-5954","ALAMAT":"JL. K.H. MUHDI NO.140A, NAYAN, MAGUWOHARJO, KEC. DEPOK, KABUPATEN SLEMAN, DAERAH ISTIMEWA YOGYAKARTA 55281","ID_PROV":"34","PROVINSI":"DAERAH ISTIMEWA YOGYAKARTA","ID_KABKOT":"34.04","KABKOT":"SLEMAN","ID_KEC":"34.04.07","KECAMATAN":"DEPOK","ID_DESA":"34.04.07.2002","DESA":"MAGUWOHARJO","LONGITUDE":110.4229315,"LATITUDE":-7.7828049,"STATUS":"BUKA","TANGGAL PENGUMPULAN":"Q1 2024","TANGGAL UPDATE":"28/02/2025"}},{"type":"Feature","geometry":{"coordinates":[110.3864461,-7.7512874],"type":"Point"},"properties":{"NAMA":"KLINIK KECANTIKAN COMFIDERMA AESTHETIC","TIPE_1":"KESEHATAN DAN PENGOBATAN","TIPE_2":"KLINIK","TIPE_3":"KLINIK KECANTIKAN","TELEPON":"0817-7923-1367","ALAMAT":"GG. ANJASMORO NO.38, KENTUNGAN, CONDONGCATUR, KEC. DEPOK, KABUPATEN SLEMAN, DAERAH ISTIMEWA YOGYAKARTA 55281","ID_PROV":"34","PROVINSI":"DAERAH ISTIMEWA YOGYAKARTA","ID_KABKOT":"34.04","KABKOT":"SLEMAN","ID_KEC":"34.04.07","KECAMATAN":"DEPOK","ID_DESA":"34.04.07.2003","DESA":"CONDONGCATUR","LONGITUDE":110.3864461,"LATITUDE":-7.7512874,"STATUS":"BUKA","TANGGAL PENGUMPULAN":"Q1 2024","TANGGAL UPDATE":"28/02/2025"}},{"type":"Feature","geometry":{"coordinates":[110.3620015,-7.7233728],"type":"Point"},"properties":{"NAMA":"NAAVAGREEN NATURAL SKIN CARE SLEMAN","TIPE_1":"KESEHATAN DAN PENGOBATAN","TIPE_2":"KLINIK","TIPE_3":"KLINIK KECANTIKAN","TELEPON":"0811-2640-106","ALAMAT":"JL MAGELANG KM 9,5 DENGGUNG, TRIDADI, KECAMATAN SLEMAN, TRIDADI, KECAMATAN SLEMAN, PENGGUNG, TRIDADI, KEC. SLEMAN, KABUPATEN SLEMAN, DAERAH ISTIMEWA YOGYAKARTA 55511","ID_PROV":"34","PROVINSI":"DAERAH ISTIMEWA YOGYAKARTA","ID_KABKOT":"34.04","KABKOT":"SLEMAN","ID_KEC":"34.04.13","KECAMATAN":"SLEMAN","ID_DESA":"34.04.13.2003","DESA":"TRIDADI","LONGITUDE":110.3620015,"LATITUDE":-7.7233728,"STATUS":"BUKA","TANGGAL PENGUMPULAN":"Q1 2024","TANGGAL UPDATE":"28/02/2025"}},{"type":"Feature","geometry":{"coordinates":[110.3439267,-7.779994],"type":"Point"},"properties":{"NAMA":"ELLA SKIN CARE JOGJA : KLINIK KECANTIKAN & PERAWATAN KULIT, SKINCARE BPOM","TIPE_1":"KESEHATAN DAN PENGOBATAN","TIPE_2":"KLINIK","TIPE_3":"KLINIK KECANTIKAN","TELEPON":"(0274) 5023801","ALAMAT":"JL. GODEAN NO.KM 4, KWARASAN, NOGOTIRTO, KEC. GAMPING, KABUPATEN SLEMAN, DAERAH ISTIMEWA YOGYAKARTA 55292","ID_PROV":"34","PROVINSI":"DAERAH ISTIMEWA YOGYAKARTA","ID_KABKOT":"34.04","KABKOT":"SLEMAN","ID_KEC":"34.04.01","KECAMATAN":"GAMPING","ID_DESA":"34.04.01.2004","DESA":"NOGOTIRTO","LONGITUDE":110.3439267,"LATITUDE":-7.779994,"STATUS":"BUKA","TANGGAL PENGUMPULAN":"Q1 2024","TANGGAL UPDATE":"28/02/2025"}},{"type":"Feature","geometry":{"coordinates":[110.3887055,-7.7459905],"type":"Point"},"properties":{"NAMA":"RETA BEAUTY CLINIC YOGYAKARTA","TIPE_1":"KESEHATAN DAN PENGOBATAN","TIPE_2":"KLINIK","TIPE_3":"KLINIK KECANTIKAN","TELEPON":"0819-0246-9090","ALAMAT":"JL. KALIURANG NO.KM. 7, KAYEN, CONDONGCATUR, KEC. DEPOK, KABUPATEN SLEMAN, DAERAH ISTIMEWA YOGYAKARTA 55581","ID_PROV":"34","PROVINSI":"DAERAH ISTIMEWA YOGYAKARTA","ID_KABKOT":"34.04","KABKOT":"SLEMAN","ID_KEC":"34.04.07","KECAMATAN":"DEPOK","ID_DESA":"34.04.07.2003","DESA":"CONDONGCATUR","LONGITUDE":110.3887055,"LATITUDE":-7.7459905,"STATUS":"BUKA","TANGGAL PENGUMPULAN":"Q1 2024","TANGGAL UPDATE":"28/02/2025"}},{"type":"Feature","geometry":{"coordinates":[110.3614385,-7.7666598],"type":"Point"},"properties":{"NAMA":"SKINTOPIA AESTHETIC CLINIC","TIPE_1":"KESEHATAN DAN PENGOBATAN","TIPE_2":"KLINIK","TIPE_3":"KLINIK KECANTIKAN","TELEPON":"0813-5990-8880","ALAMAT":"JL. MAGELANG KM. 4,5 NO. 52B, ROGOYUDAN, SINDUADI, KEC. MLATI, KABUPATEN SLEMAN, DAERAH ISTIMEWA YOGYAKARTA 55284","ID_PROV":"34","PROVINSI":"DAERAH ISTIMEWA YOGYAKARTA","ID_KABKOT":"34.04","KABKOT":"SLEMAN","ID_KEC":"34.04.06","KECAMATAN":"MLATI","ID_DESA":"34.04.06.2001","DESA":"SINDUADI","LONGITUDE":110.3614385,"LATITUDE":-7.7666598,"STATUS":"BUKA","TANGGAL PENGUMPULAN":"Q1 2024","TANGGAL UPDATE":"28/02/2025"}},{"type":"Feature","geometry":{"coordinates":[110.4066617,-7.7499263],"type":"Point"},"properties":{"NAMA":"QEELA SKIN CARE SLEMAN","TIPE_1":"KESEHATAN DAN PENGOBATAN","TIPE_2":"KLINIK","TIPE_3":"KLINIK KECANTIKAN","TELEPON":"0822-2333-8672","ALAMAT":"JL. PERSATUAN, GEMPOL, CONDONGCATUR, KEC. DEPOK, KABUPATEN SLEMAN, DAERAH ISTIMEWA YOGYAKARTA 55283","ID_PROV":"34","PROVINSI":"DAERAH ISTIMEWA YOGYAKARTA","ID_KABKOT":"34.04","KABKOT":"SLEMAN","ID_KEC":"34.04.07","KECAMATAN":"DEPOK","ID_DESA":"34.04.07.2003","DESA":"CONDONGCATUR","LONGITUDE":110.4066617,"LATITUDE":-7.7499263,"STATUS":"BUKA","TANGGAL PENGUMPULAN":"Q1 2024","TANGGAL UPDATE":"28/02/2025"}},{"type":"Feature","geometry":{"coordinates":[110.3776683,-7.7346672],"type":"Point"},"properties":{"NAMA":"SUPERGLOW CLINIC Â€“ PALAGAN","TIPE_1":"KESEHATAN DAN PENGOBATAN","TIPE_2":"KLINIK","TIPE_3":"KLINIK KECANTIKAN","TELEPON":"0811-339-609","ALAMAT":"JL. PALAGAN TENTARA PELAJAR NO.KM 7 5, RW.5, MUDAL, SARIHARJO, KEC. NGAGLIK, KABUPATEN SLEMAN, DAERAH ISTIMEWA YOGYAKARTA 55581","ID_PROV":"34","PROVINSI":"DAERAH ISTIMEWA YOGYAKARTA","ID_KABKOT":"34.04","KABKOT":"SLEMAN","ID_KEC":"34.04.12","KECAMATAN":"NGAGLIK","ID_DESA":"34.04.12.2001","DESA":"SARIHARJO","LONGITUDE":110.3776683,"LATITUDE":-7.7346672,"STATUS":"BUKA","TANGGAL PENGUMPULAN":"Q1 2024","TANGGAL UPDATE":"28/02/2025"}},{"type":"Feature","geometry":{"coordinates":[110.3397241,-7.7790133],"type":"Point"},"properties":{"NAMA":"LARISSA AESTHETIC CENTER GODEAN","TIPE_1":"KESEHATAN DAN PENGOBATAN","TIPE_2":"KLINIK","TIPE_3":"KLINIK KECANTIKAN","TELEPON":"(0274) 2920202","ALAMAT":"JL. NGAPAK - KENTHENG NO.KM. 5, PATRAN, BANYURADEN, KEC. GAMPING, KABUPATEN SLEMAN, DAERAH ISTIMEWA YOGYAKARTA 55293","ID_PROV":"34","PROVINSI":"DAERAH ISTIMEWA YOGYAKARTA","ID_KABKOT":"34.04","KABKOT":"SLEMAN","ID_KEC":"34.04.01","KECAMATAN":"GAMPING","ID_DESA":"34.04.01.2003","DESA":"BANYURADEN","LONGITUDE":110.3397241,"LATITUDE":-7.7790133,"STATUS":"BUKA","TANGGAL PENGUMPULAN":"Q1 2024","TANGGAL UPDATE":"28/02/2025"}},{"type":"Feature","geometry":{"coordinates":[110.4149466,-7.7008371],"type":"Point"},"properties":{"NAMA":"DR. FERIHANA BEAUTY HOUSE","TIPE_1":"KESEHATAN DAN PENGOBATAN","TIPE_2":"KLINIK","TIPE_3":"KLINIK KECANTIKAN","TELEPON":"0878-4333-3235","ALAMAT":"JL. KALIURANG NO.23, CANDI KARANG, SARDONOHARJO, KEC. NGAGLIK, KABUPATEN SLEMAN, DAERAH ISTIMEWA YOGYAKARTA 55581","ID_PROV":"34","PROVINSI":"DAERAH ISTIMEWA YOGYAKARTA","ID_KABKOT":"34.04","KABKOT":"SLEMAN","ID_KEC":"34.04.12","KECAMATAN":"NGAGLIK","ID_DESA":"34.04.12.2005","DESA":"SARDONOHARJO","LONGITUDE":110.4149466,"LATITUDE":-7.7008371,"STATUS":"BUKA","TANGGAL PENGUMPULAN":"Q1 2024","TANGGAL UPDATE":"28/02/2025"}},{"type":"Feature","geometry":{"coordinates":[110.4364476,-7.7749521],"type":"Point"},"properties":{"NAMA":"AGELESS BEAUTY","TIPE_1":"KESEHATAN DAN PENGOBATAN","TIPE_2":"KLINIK","TIPE_3":"KLINIK KECANTIKAN","TELEPON":"0889-9525-1900","ALAMAT":"GG. KOTES NO.190C, SAMBILEGI LOR, MAGUWOHARJO, KEC. DEPOK, KABUPATEN SLEMAN, DAERAH ISTIMEWA YOGYAKARTA 55282","ID_PROV":"34","PROVINSI":"DAERAH ISTIMEWA YOGYAKARTA","ID_KABKOT":"34.04","KABKOT":"SLEMAN","ID_KEC":"34.04.07","KECAMATAN":"DEPOK","ID_DESA":"34.04.07.2002","DESA":"MAGUWOHARJO","LONGITUDE":110.4364476,"LATITUDE":-7.7749521,"STATUS":"BUKA","TANGGAL PENGUMPULAN":"Q1 2024","TANGGAL UPDATE":"28/02/2025"}},{"type":"Feature","geometry":{"coordinates":[110.4331949,-7.7588339],"type":"Point"},"properties":{"NAMA":"EMILA AESTHETIC SOLUTION","TIPE_1":"KESEHATAN DAN PENGOBATAN","TIPE_2":"KLINIK","TIPE_3":"KLINIK KECANTIKAN","TELEPON":"","ALAMAT":"JL. RAYA TAJEM NO.17, DENOKAN, MAGUWOHARJO, KEC. DEPOK, KABUPATEN SLEMAN, DAERAH ISTIMEWA YOGYAKARTA 55281","ID_PROV":"34","PROVINSI":"DAERAH ISTIMEWA YOGYAKARTA","ID_KABKOT":"34.04","KABKOT":"SLEMAN","ID_KEC":"34.04.07","KECAMATAN":"DEPOK","ID_DESA":"34.04.07.2002","DESA":"MAGUWOHARJO","LONGITUDE":110.4331949,"LATITUDE":-7.7588339,"STATUS":"BUKA","TANGGAL PENGUMPULAN":"Q1 2024","TANGGAL UPDATE":"28/02/2025"}},{"type":"Feature","geometry":{"coordinates":[110.3226773,-7.7806718],"type":"Point"},"properties":{"NAMA":"KLINIK KECANTIKAN ARASTI","TIPE_1":"KESEHATAN DAN PENGOBATAN","TIPE_2":"KLINIK","TIPE_3":"KLINIK KECANTIKAN","TELEPON":"","ALAMAT":"KRAMAT, SIDOARUM, KEC. GODEAN, KABUPATEN SLEMAN, DAERAH ISTIMEWA YOGYAKARTA 55264","ID_PROV":"34","PROVINSI":"DAERAH ISTIMEWA YOGYAKARTA","ID_KABKOT":"34.04","KABKOT":"SLEMAN","ID_KEC":"34.04.02","KECAMATAN":"GODEAN","ID_DESA":"34.04.02.2006","DESA":"SIDOARUM","LONGITUDE":110.3226773,"LATITUDE":-7.7806718,"STATUS":"BUKA","TANGGAL PENGUMPULAN":"Q1 2024","TANGGAL UPDATE":"28/02/2025"}},{"type":"Feature","geometry":{"coordinates":[110.405517,-7.766985],"type":"Point"},"properties":{"NAMA":"THOMPSON BEAUTY CARE","TIPE_1":"KESEHATAN DAN PENGOBATAN","TIPE_2":"KLINIK","TIPE_3":"KLINIK KECANTIKAN","TELEPON":"(0274) 486502","ALAMAT":"JL PERUMNAS B8,CONDONGSARI,CONDONGCATUR(SETURAN),DEPOK,SLEMAN,YOGYAKARTA, DABAG, CONDONGCATUR, KEC. DEPOK, KABUPATEN SLEMAN, DAERAH ISTIMEWA YOGYAKARTA 55282","ID_PROV":"34","PROVINSI":"DAERAH ISTIMEWA YOGYAKARTA","ID_KABKOT":"34.04","KABKOT":"SLEMAN","ID_KEC":"34.04.07","KECAMATAN":"DEPOK","ID_DESA":"34.04.07.2003","DESA":"CONDONGCATUR","LONGITUDE":110.405517,"LATITUDE":-7.766985,"STATUS":"BUKA","TANGGAL PENGUMPULAN":"Q1 2024","TANGGAL UPDATE":"28/02/2025"}},{"type":"Feature","geometry":{"coordinates":[110.416002,-7.6836478],"type":"Point"},"properties":{"NAMA":"KLINIK KECANTIKAN DR. FERIHANA","TIPE_1":"KESEHATAN DAN PENGOBATAN","TIPE_2":"KLINIK","TIPE_3":"KLINIK KECANTIKAN","TELEPON":"","ALAMAT":"NGEMPLAK, UMBULMARTANI, KEC. NGEMPLAK, KABUPATEN SLEMAN, DAERAH ISTIMEWA YOGYAKARTA 55584","ID_PROV":"34","PROVINSI":"DAERAH ISTIMEWA YOGYAKARTA","ID_KABKOT":"34.04","KABKOT":"SLEMAN","ID_KEC":"34.04.11","KECAMATAN":"NGEMPLAK","ID_DESA":"34.04.11.2005","DESA":"UMBULMARTANI","LONGITUDE":110.416002,"LATITUDE":-7.6836478,"STATUS":"BUKA","TANGGAL PENGUMPULAN":"Q1 2024","TANGGAL UPDATE":"28/02/2025"}},{"type":"Feature","geometry":{"coordinates":[110.3907723,-7.7557957],"type":"Point"},"properties":{"NAMA":"RI-U SKIN CENTER","TIPE_1":"KESEHATAN DAN PENGOBATAN","TIPE_2":"KLINIK","TIPE_3":"KLINIK KECANTIKAN","TELEPON":"0895-1325-1052","ALAMAT":"JL. GONDANG RAYA NO.12 A, KENTUNGAN, CONDONGCATUR, DEPOK, SLEMAN REGENCY, SPECIAL REGION OF YOGYAKARTA 55281","ID_PROV":"34","PROVINSI":"DAERAH ISTIMEWA YOGYAKARTA","ID_KABKOT":"34.04","KABKOT":"SLEMAN","ID_KEC":"34.04.07","KECAMATAN":"DEPOK","ID_DESA":"34.04.07.2003","DESA":"CONDONGCATUR","LONGITUDE":110.3907723,"LATITUDE":-7.7557957,"STATUS":"BUKA","TANGGAL PENGUMPULAN":"Q1 2024","TANGGAL UPDATE":"28/02/2025"}},{"type":"Feature","geometry":{"coordinates":[110.3734457,-7.7689118],"type":"Point"},"properties":{"NAMA":"POLIKLINIK BEDAH MULUT","TIPE_1":"KESEHATAN DAN PENGOBATAN","TIPE_2":"RUMAH SAKIT","TIPE_3":"RUMAH SAKIT GIGI","TELEPON":"","ALAMAT":"SENDOWO, SINDUADI, KEC. MLATI, KABUPATEN SLEMAN, DAERAH ISTIMEWA YOGYAKARTA 55281","ID_PROV":"34","PROVINSI":"DAERAH ISTIMEWA YOGYAKARTA","ID_KABKOT":"34.04","KABKOT":"SLEMAN","ID_KEC":"34.04.06","KECAMATAN":"MLATI","ID_DESA":"34.04.06.2001","DESA":"SINDUADI","LONGITUDE":110.3734457,"LATITUDE":-7.7689118,"STATUS":"BUKA","TANGGAL PENGUMPULAN":"Q1 2024","TANGGAL UPDATE":"28/02/2025"}},{"type":"Feature","geometry":{"coordinates":[110.3737601,-7.7701394],"type":"Point"},"properties":{"NAMA":"RS GIGI DAN MULUT UGM PROF. SOEDOMO","TIPE_1":"KESEHATAN DAN PENGOBATAN","TIPE_2":"RUMAH SAKIT","TIPE_3":"RUMAH SAKIT GIGI","TELEPON":"","ALAMAT":"JL. DENTA SEKIP UTARA NO.1, SENDOWO, SINDUADI, KEC. MLATI, KABUPATEN SLEMAN, DAERAH ISTIMEWA YOGYAKARTA 55281","ID_PROV":"34","PROVINSI":"DAERAH ISTIMEWA YOGYAKARTA","ID_KABKOT":"34.04","KABKOT":"SLEMAN","ID_KEC":"34.04.06","KECAMATAN":"MLATI","ID_DESA":"34.04.06.2001","DESA":"SINDUADI","LONGITUDE":110.3737601,"LATITUDE":-7.7701394,"STATUS":"BUKA","TANGGAL PENGUMPULAN":"Q1 2024","TANGGAL UPDATE":"28/02/2025"}},{"type":"Feature","geometry":{"coordinates":[110.3737606,-7.7704645],"type":"Point"},"properties":{"NAMA":"RSGM PROF SOEDOMO KLINIK ALAMANDA","TIPE_1":"KESEHATAN DAN PENGOBATAN","TIPE_2":"RUMAH SAKIT","TIPE_3":"RUMAH SAKIT GIGI","TELEPON":"0822-2071-4111","ALAMAT":"RSUP DR.SARDJITO, JALAN KESEHATAN NO.1, SINDUADI, MLATI, SENDOWO, SINDUADI, KEC. MLATI, KABUPATEN SLEMAN, DAERAH ISTIMEWA YOGYAKARTA 55281","ID_PROV":"34","PROVINSI":"DAERAH ISTIMEWA YOGYAKARTA","ID_KABKOT":"34.04","KABKOT":"SLEMAN","ID_KEC":"34.04.06","KECAMATAN":"MLATI","ID_DESA":"34.04.06.2001","DESA":"SINDUADI","LONGITUDE":110.3737606,"LATITUDE":-7.7704645,"STATUS":"BUKA","TANGGAL PENGUMPULAN":"Q1 2024","TANGGAL UPDATE":"28/02/2025"}},{"type":"Feature","geometry":{"coordinates":[110.3740865,-7.7707758],"type":"Point"},"properties":{"NAMA":"RSGM PROF. SOEDOMO FKG UGM","TIPE_1":"KESEHATAN DAN PENGOBATAN","TIPE_2":"RUMAH SAKIT","TIPE_3":"RUMAH SAKIT GIGI","TELEPON":"","ALAMAT":"JL. DENTA NO.1, SENDOWO, SINDUADI, KEC. MLATI, KABUPATEN SLEMAN, DAERAH ISTIMEWA YOGYAKARTA 55281","ID_PROV":"34","PROVINSI":"DAERAH ISTIMEWA YOGYAKARTA","ID_KABKOT":"34.04","KABKOT":"SLEMAN","ID_KEC":"34.04.06","KECAMATAN":"MLATI","ID_DESA":"34.04.06.2001","DESA":"SINDUADI","LONGITUDE":110.3740865,"LATITUDE":-7.7707758,"STATUS":"BUKA","TANGGAL PENGUMPULAN":"Q1 2024","TANGGAL UPDATE":"28/02/2025"}},{"type":"Feature","geometry":{"coordinates":[110.4157897,-7.7709612],"type":"Point"},"properties":{"NAMA":"RSKIA SADEWA","TIPE_1":"KESEHATAN DAN PENGOBATAN","TIPE_2":"RUMAH SAKIT","TIPE_3":"RUMAH SAKIT BERSALIN/IBU DAN ANAK","TELEPON":"(0274) 489118","ALAMAT":"JALAN BABARSARI BLOK TB 16 NO.13B, TAMBAK BAYAN, CATURTUNGGAL, KEC. DEPOK, KABUPATEN SLEMAN, DAERAH ISTIMEWA YOGYAKARTA 55281","ID_PROV":"34","PROVINSI":"DAERAH ISTIMEWA YOGYAKARTA","ID_KABKOT":"34.04","KABKOT":"SLEMAN","ID_KEC":"34.04.07","KECAMATAN":"DEPOK","ID_DESA":"34.04.07.2001","DESA":"CATURTUNGGAL","LONGITUDE":110.4157897,"LATITUDE":-7.7709612,"STATUS":"BUKA","TANGGAL PENGUMPULAN":"Q1 2024","TANGGAL UPDATE":"28/02/2025"}},{"type":"Feature","geometry":{"coordinates":[110.3860359,-7.7782927],"type":"Point"},"properties":{"NAMA":"RUMAH SAKIT BERSALIN PURA IBUNDA","TIPE_1":"KESEHATAN DAN PENGOBATAN","TIPE_2":"RUMAH SAKIT","TIPE_3":"RUMAH SAKIT BERSALIN/IBU DAN ANAK","TELEPON":"(0274) 587349","ALAMAT":"JALAN SAMIRONO BARU NO.16, CATURTUNGGAL, GONDOKUSUMAN, SAMIRONO, CATURTUNGGAL, KEC. DEPOK, KABUPATEN SLEMAN, DAERAH ISTIMEWA YOGYAKARTA 55222","ID_PROV":"34","PROVINSI":"DAERAH ISTIMEWA YOGYAKARTA","ID_KABKOT":"34.04","KABKOT":"SLEMAN","ID_KEC":"34.04.07","KECAMATAN":"DEPOK","ID_DESA":"34.04.07.2001","DESA":"CATURTUNGGAL","LONGITUDE":110.3860359,"LATITUDE":-7.7782927,"STATUS":"BUKA","TANGGAL PENGUMPULAN":"Q1 2024","TANGGAL UPDATE":"28/02/2025"}},{"type":"Feature","geometry":{"coordinates":[110.43449,-7.7627352],"type":"Point"},"properties":{"NAMA":"RUMAH SAKIT KHUSUS IBU DAN ANAK ARVITA BUNDA","TIPE_1":"KESEHATAN DAN PENGOBATAN","TIPE_2":"RUMAH SAKIT","TIPE_3":"RUMAH SAKIT BERSALIN/IBU DAN ANAK","TELEPON":"","ALAMAT":"JALAN PASAR STAN RT.04/RW.44 STAN, SEFAN, MAGUWOHARJO, KEC. DEPOK, KABUPATEN SLEMAN, DAERAH ISTIMEWA YOGYAKARTA 55282","ID_PROV":"34","PROVINSI":"DAERAH ISTIMEWA YOGYAKARTA","ID_KABKOT":"34.04","KABKOT":"SLEMAN","ID_KEC":"34.04.07","KECAMATAN":"DEPOK","ID_DESA":"34.04.07.2002","DESA":"MAGUWOHARJO","LONGITUDE":110.43449,"LATITUDE":-7.7627352,"STATUS":"BUKA","TANGGAL PENGUMPULAN":"Q1 2024","TANGGAL UPDATE":"28/02/2025"}},{"type":"Feature","geometry":{"coordinates":[110.3712957,-7.7697005],"type":"Point"},"properties":{"NAMA":"PUSAT JANTUNG TERPADU RSUP DR SARDJITO","TIPE_1":"KESEHATAN DAN PENGOBATAN","TIPE_2":"RUMAH SAKIT","TIPE_3":"RUMAH SAKIT JANTUNG","TELEPON":"(0274) 587333","ALAMAT":"JALAN KESEHATAN SEKIP, JL. KESEHATAN SENDOWO NO.1, SENDOWO, SINDUADI, MLATI, SLEMAN REGENCY, SPECIAL REGION OF YOGYAKARTA 55281","ID_PROV":"34","PROVINSI":"DAERAH ISTIMEWA YOGYAKARTA","ID_KABKOT":"34.04","KABKOT":"SLEMAN","ID_KEC":"34.04.06","KECAMATAN":"MLATI","ID_DESA":"34.04.06.2001","DESA":"SINDUADI","LONGITUDE":110.3712957,"LATITUDE":-7.7697005,"STATUS":"BUKA","TANGGAL PENGUMPULAN":"Q1 2024","TANGGAL UPDATE":"28/02/2025"}},{"type":"Feature","geometry":{"coordinates":[110.3417501,-7.6867328],"type":"Point"},"properties":{"NAMA":"POLIKLINIK JANTUNG DAN PEMBULUH DARAH RSUD SLEMAN","TIPE_1":"KESEHATAN DAN PENGOBATAN","TIPE_2":"RUMAH SAKIT","TIPE_3":"RUMAH SAKIT JANTUNG","TELEPON":"","ALAMAT":"TEMULAWAK, TRIHARJO, SLEMAN, SLEMAN REGENCY, SPECIAL REGION OF YOGYAKARTA 55514","ID_PROV":"34","PROVINSI":"DAERAH ISTIMEWA YOGYAKARTA","ID_KABKOT":"34.04","KABKOT":"SLEMAN","ID_KEC":"34.04.13","KECAMATAN":"SLEMAN","ID_DESA":"34.04.13.2002","DESA":"TRIHARJO","LONGITUDE":110.3417501,"LATITUDE":-7.6867328,"STATUS":"BUKA","TANGGAL PENGUMPULAN":"Q1 2024","TANGGAL UPDATE":"28/02/2025"}},{"type":"Feature","geometry":{"coordinates":[110.3249335,-7.7929473],"type":"Point"},"properties":{"NAMA":"INSTALASI LAYANAN JANTUNG TERPADU","TIPE_1":"KESEHATAN DAN PENGOBATAN","TIPE_2":"RUMAH SAKIT","TIPE_3":"RUMAH SAKIT JANTUNG","TELEPON":"","ALAMAT":"RSU PKU MUHAMMADIYAH, GAMPING LOR, AMBARKETAWANG, KEC. GAMPING, KABUPATEN SLEMAN, DAERAH ISTIMEWA YOGYAKARTA 55294","ID_PROV":"34","PROVINSI":"DAERAH ISTIMEWA YOGYAKARTA","ID_KABKOT":"34.04","KABKOT":"SLEMAN","ID_KEC":"34.04.01","KECAMATAN":"GAMPING","ID_DESA":"34.04.01.2002","DESA":"AMBARKETAWANG","LONGITUDE":110.3249335,"LATITUDE":-7.7929473,"STATUS":"BUKA","TANGGAL PENGUMPULAN":"Q1 2024","TANGGAL UPDATE":"28/02/2025"}},{"type":"Feature","geometry":{"coordinates":[110.3178516,-7.8003363],"type":"Point"},"properties":{"NAMA":"PELAYANAN JANTUNG TERPADU PKU GAMPING","TIPE_1":"KESEHATAN DAN PENGOBATAN","TIPE_2":"RUMAH SAKIT","TIPE_3":"RUMAH SAKIT JANTUNG","TELEPON":"(0274) 6499704","ALAMAT":"BODEH, AMBARKETAWANG, KEC. GAMPING, KABUPATEN SLEMAN, DAERAH ISTIMEWA YOGYAKARTA 55294","ID_PROV":"34","PROVINSI":"DAERAH ISTIMEWA YOGYAKARTA","ID_KABKOT":"34.04","KABKOT":"SLEMAN","ID_KEC":"34.04.01","KECAMATAN":"GAMPING","ID_DESA":"34.04.01.2002","DESA":"AMBARKETAWANG","LONGITUDE":110.3178516,"LATITUDE":-7.8003363,"STATUS":"BUKA","TANGGAL PENGUMPULAN":"Q1 2024","TANGGAL UPDATE":"28/02/2025"}},{"type":"Feature","geometry":{"coordinates":[110.3734457,-7.7689118],"type":"Point"},"properties":{"NAMA":"POLIKLINIK JANTUNG","TIPE_1":"KESEHATAN DAN PENGOBATAN","TIPE_2":"RUMAH SAKIT","TIPE_3":"RUMAH SAKIT JANTUNG","TELEPON":"","ALAMAT":"SENDOWO, SINDUADI, KEC. MLATI, KABUPATEN SLEMAN, DAERAH ISTIMEWA YOGYAKARTA 55281","ID_PROV":"34","PROVINSI":"DAERAH ISTIMEWA YOGYAKARTA","ID_KABKOT":"34.04","KABKOT":"SLEMAN","ID_KEC":"34.04.06","KECAMATAN":"MLATI","ID_DESA":"34.04.06.2001","DESA":"SINDUADI","LONGITUDE":110.3734457,"LATITUDE":-7.7689118,"STATUS":"BUKA","TANGGAL PENGUMPULAN":"Q1 2024","TANGGAL UPDATE":"28/02/2025"}},{"type":"Feature","geometry":{"coordinates":[110.3717533,-7.7696108],"type":"Point"},"properties":{"NAMA":"GEDUNG PUSAT JANTUNG TERPADU","TIPE_1":"KESEHATAN DAN PENGOBATAN","TIPE_2":"RUMAH SAKIT","TIPE_3":"RUMAH SAKIT JANTUNG","TELEPON":"","ALAMAT":"JL. SENDOWO E-F NO.129, SENDOWO, SINDUADI, KEC. MLATI, KABUPATEN SLEMAN, DAERAH ISTIMEWA YOGYAKARTA 55281","ID_PROV":"34","PROVINSI":"DAERAH ISTIMEWA YOGYAKARTA","ID_KABKOT":"34.04","KABKOT":"SLEMAN","ID_KEC":"34.04.06","KECAMATAN":"MLATI","ID_DESA":"34.04.06.2001","DESA":"SINDUADI","LONGITUDE":110.3717533,"LATITUDE":-7.7696108,"STATUS":"BUKA","TANGGAL PENGUMPULAN":"Q1 2024","TANGGAL UPDATE":"28/02/2025"}},{"type":"Feature","geometry":{"coordinates":[110.3734457,-7.7689118],"type":"Point"},"properties":{"NAMA":"POLIKLINIK MATA RSUP DR. SARDJITO","TIPE_1":"KESEHATAN DAN PENGOBATAN","TIPE_2":"RUMAH SAKIT","TIPE_3":"RUMAH SAKIT MATA","TELEPON":"","ALAMAT":"SENDOWO, SINDUADI, KEC. MLATI, KABUPATEN SLEMAN, DAERAH ISTIMEWA YOGYAKARTA 55281","ID_PROV":"34","PROVINSI":"DAERAH ISTIMEWA YOGYAKARTA","ID_KABKOT":"34.04","KABKOT":"SLEMAN","ID_KEC":"34.04.06","KECAMATAN":"MLATI","ID_DESA":"34.04.06.2001","DESA":"SINDUADI","LONGITUDE":110.3734457,"LATITUDE":-7.7689118,"STATUS":"BUKA","TANGGAL PENGUMPULAN":"Q1 2024","TANGGAL UPDATE":"28/02/2025"}},{"type":"Feature","geometry":{"coordinates":[110.3734847,-7.7677538],"type":"Point"},"properties":{"NAMA":"POLIKLINIK ORTHOPAEDI & TRAUMATOLOGI","TIPE_1":"KESEHATAN DAN PENGOBATAN","TIPE_2":"RUMAH SAKIT","TIPE_3":"RUMAH SAKIT TULANG","TELEPON":"(0274) 631190","ALAMAT":"SENDOWO, SINDUADI, MLATI, SLEMAN REGENCY, SPECIAL REGION OF YOGYAKARTA 55281","ID_PROV":"34","PROVINSI":"DAERAH ISTIMEWA YOGYAKARTA","ID_KABKOT":"34.04","KABKOT":"SLEMAN","ID_KEC":"34.04.06","KECAMATAN":"MLATI","ID_DESA":"34.04.06.2001","DESA":"SINDUADI","LONGITUDE":110.3734847,"LATITUDE":-7.7677538,"STATUS":"BUKA","TANGGAL PENGUMPULAN":"Q1 2024","TANGGAL UPDATE":"28/02/2025"}},{"type":"Feature","geometry":{"coordinates":[110.35065,-7.7429448],"type":"Point"},"properties":{"NAMA":"GADJAH MADA ORTHOPEDIC CENTER (GMOC)","TIPE_1":"KESEHATAN DAN PENGOBATAN","TIPE_2":"RUMAH SAKIT","TIPE_3":"RUMAH SAKIT TULANG","TELEPON":"0878-8659-4465","ALAMAT":"JL. KABUPATEN, KRANGGAHAN I, TRIHANGGO, GAMPING, SLEMAN REGENCY, SPECIAL REGION OF YOGYAKARTA 55291","ID_PROV":"34","PROVINSI":"DAERAH ISTIMEWA YOGYAKARTA","ID_KABKOT":"34.04","KABKOT":"SLEMAN","ID_KEC":"34.04.01","KECAMATAN":"GAMPING","ID_DESA":"34.04.01.2005","DESA":"TRIHANGGO","LONGITUDE":110.35065,"LATITUDE":-7.7429448,"STATUS":"BUKA","TANGGAL PENGUMPULAN":"Q1 2024","TANGGAL UPDATE":"28/02/2025"}},{"type":"Feature","geometry":{"coordinates":[110.4481403,-7.7142369],"type":"Point"},"properties":{"NAMA":"RUMAH SAKIT MITRA PARAMEDIKA","TIPE_1":"KESEHATAN DAN PENGOBATAN","TIPE_2":"RUMAH SAKIT","TIPE_3":"RUMAH SAKIT UMUM SWASTA","TELEPON":"(0274) 4461098","ALAMAT":"JL. RAYA NGEMPLAK, AREA SAWAH, WIDODOMARTANI, KEC. NGEMPLAK, KABUPATEN SLEMAN, DAERAH ISTIMEWA YOGYAKARTA 55571","ID_PROV":"34","PROVINSI":"DAERAH ISTIMEWA YOGYAKARTA","ID_KABKOT":"34.04","KABKOT":"SLEMAN","ID_KEC":"34.04.11","KECAMATAN":"NGEMPLAK","ID_DESA":"34.04.11.2003","DESA":"WIDODOMARTANI","LONGITUDE":110.4481403,"LATITUDE":-7.7142369,"STATUS":"BUKA","TANGGAL PENGUMPULAN":"Q1 2024","TANGGAL UPDATE":"28/02/2025"}},{"type":"Feature","geometry":{"coordinates":[110.3178413,-7.7193146],"type":"Point"},"properties":{"NAMA":"RS SLEMAN","TIPE_1":"KESEHATAN DAN PENGOBATAN","TIPE_2":"RUMAH SAKIT","TIPE_3":"RUMAH SAKIT UMUM DAERAH/NEGERI","TELEPON":"","ALAMAT":"UNNAMED ROAD, KOMAL, MARGOMULYO, KEC. SEYEGAN, KABUPATEN SLEMAN, DAERAH ISTIMEWA YOGYAKARTA 55561","ID_PROV":"34","PROVINSI":"DAERAH ISTIMEWA YOGYAKARTA","ID_KABKOT":"34.04","KABKOT":"SLEMAN","ID_KEC":"34.04.05","KECAMATAN":"SEYEGAN","ID_DESA":"34.04.05.2004","DESA":"MARGOMULYO","LONGITUDE":110.3178413,"LATITUDE":-7.7193146,"STATUS":"BUKA","TANGGAL PENGUMPULAN":"Q1 2024","TANGGAL UPDATE":"28/02/2025"}},{"type":"Feature","geometry":{"coordinates":[110.4667587,-7.7721601],"type":"Point"},"properties":{"NAMA":"RUMAH SAKIT PANTI RINI","TIPE_1":"KESEHATAN DAN PENGOBATAN","TIPE_2":"RUMAH SAKIT","TIPE_3":"RUMAH SAKIT UMUM SWASTA","TELEPON":"(0274) 496022","ALAMAT":"JL. RAYA SOLO - YOGYAKARTA KM.13,2, KRINGINAN, TIRTOMARTANI, KEC. KALASAN, KABUPATEN SLEMAN, DAERAH ISTIMEWA YOGYAKARTA 55571","ID_PROV":"34","PROVINSI":"DAERAH ISTIMEWA YOGYAKARTA","ID_KABKOT":"34.04","KABKOT":"SLEMAN","ID_KEC":"34.04.10","KECAMATAN":"KALASAN","ID_DESA":"34.04.10.2002","DESA":"TIRTOMARTANI","LONGITUDE":110.4667587,"LATITUDE":-7.7721601,"STATUS":"BUKA","TANGGAL PENGUMPULAN":"Q1 2024","TANGGAL UPDATE":"28/02/2025"}},{"type":"Feature","geometry":{"coordinates":[110.4171783,-7.6687811],"type":"Point"},"properties":{"NAMA":"RUMAH SAKIT PANTI NUGROHO","TIPE_1":"KESEHATAN DAN PENGOBATAN","TIPE_2":"RUMAH SAKIT","TIPE_3":"RUMAH SAKIT UMUM SWASTA","TELEPON":"(0274) 895186","ALAMAT":"JL. KALIURANG NO.KM.17, SUKANAN, PAKEMBINANGUN, KEC. PAKEM, KABUPATEN SLEMAN, DAERAH ISTIMEWA YOGYAKARTA 55584","ID_PROV":"34","PROVINSI":"DAERAH ISTIMEWA YOGYAKARTA","ID_KABKOT":"34.04","KABKOT":"SLEMAN","ID_KEC":"34.04.16","KECAMATAN":"PAKEM","ID_DESA":"34.04.16.2004","DESA":"PAKEMBINANGUN","LONGITUDE":110.4171783,"LATITUDE":-7.6687811,"STATUS":"BUKA","TANGGAL PENGUMPULAN":"Q1 2024","TANGGAL UPDATE":"28/02/2025"}},{"type":"Feature","geometry":{"coordinates":[110.4327726,-7.7702542],"type":"Point"},"properties":{"NAMA":"RUMAH SAKIT HERMINA YOGYA","TIPE_1":"KESEHATAN DAN PENGOBATAN","TIPE_2":"RUMAH SAKIT","TIPE_3":"RUMAH SAKIT UMUM SWASTA","TELEPON":"(0274) 2800808","ALAMAT":"JL. SELOKAN MATARAM, RT.06/RW.50, MEGUWO, MAGUWOHARJO, KEC. DEPOK, KABUPATEN SLEMAN, DAERAH ISTIMEWA YOGYAKARTA 55282","ID_PROV":"34","PROVINSI":"DAERAH ISTIMEWA YOGYAKARTA","ID_KABKOT":"34.04","KABKOT":"SLEMAN","ID_KEC":"34.04.07","KECAMATAN":"DEPOK","ID_DESA":"34.04.07.2002","DESA":"MAGUWOHARJO","LONGITUDE":110.4327726,"LATITUDE":-7.7702542,"STATUS":"BUKA","TANGGAL PENGUMPULAN":"Q1 2024","TANGGAL UPDATE":"28/02/2025"}},{"type":"Feature","geometry":{"coordinates":[110.4035724,-7.7575571],"type":"Point"},"properties":{"NAMA":"RUMAH SAKIT JIH","TIPE_1":"KESEHATAN DAN PENGOBATAN","TIPE_2":"RUMAH SAKIT","TIPE_3":"RUMAH SAKIT UMUM SWASTA","TELEPON":"(0274) 4463535","ALAMAT":"JL. RING ROAD UTARA NO.160, PERUMNAS CONDONG CATUR, CONDONGCATUR, KEC. DEPOK, KABUPATEN SLEMAN, DAERAH ISTIMEWA YOGYAKARTA 55283","ID_PROV":"34","PROVINSI":"DAERAH ISTIMEWA YOGYAKARTA","ID_KABKOT":"34.04","KABKOT":"SLEMAN","ID_KEC":"34.04.07","KECAMATAN":"DEPOK","ID_DESA":"34.04.07.2003","DESA":"CONDONGCATUR","LONGITUDE":110.4035724,"LATITUDE":-7.7575571,"STATUS":"BUKA","TANGGAL PENGUMPULAN":"Q1 2024","TANGGAL UPDATE":"28/02/2025"}},{"type":"Feature","geometry":{"coordinates":[110.2568067,-7.7442683],"type":"Point"},"properties":{"NAMA":"RUMAH SAKIT D LAVALET PASURUHAN","TIPE_1":"KESEHATAN DAN PENGOBATAN","TIPE_2":"RUMAH SAKIT","TIPE_3":"RUMAH SAKIT UMUM SWASTA","TELEPON":"","ALAMAT":"JL. DARATAN 3, DARATAN III, SENDANGARUM, KEC. MINGGIR, KABUPATEN SLEMAN, DAERAH ISTIMEWA YOGYAKARTA 55562","ID_PROV":"34","PROVINSI":"DAERAH ISTIMEWA YOGYAKARTA","ID_KABKOT":"34.04","KABKOT":"SLEMAN","ID_KEC":"34.04.04","KECAMATAN":"MINGGIR","ID_DESA":"34.04.04.2001","DESA":"SENDANGARUM","LONGITUDE":110.2568067,"LATITUDE":-7.7442683,"STATUS":"BUKA","TANGGAL PENGUMPULAN":"Q1 2024","TANGGAL UPDATE":"28/02/2025"}},{"type":"Feature","geometry":{"coordinates":[110.4170132,-7.701179],"type":"Point"},"properties":{"NAMA":"RSU GRAMEDIKA 10","TIPE_1":"KESEHATAN DAN PENGOBATAN","TIPE_2":"RUMAH SAKIT","TIPE_3":"RUMAH SAKIT UMUM SWASTA","TELEPON":"(0274) 898501","ALAMAT":"JL. BESI JANGKANG NO.20, CANDI KARANG, SARDONOHARJO, KEC. NGAGLIK, KABUPATEN SLEMAN, DAERAH ISTIMEWA YOGYAKARTA 55581","ID_PROV":"34","PROVINSI":"DAERAH ISTIMEWA YOGYAKARTA","ID_KABKOT":"34.04","KABKOT":"SLEMAN","ID_KEC":"34.04.12","KECAMATAN":"NGAGLIK","ID_DESA":"34.04.12.2005","DESA":"SARDONOHARJO","LONGITUDE":110.4170132,"LATITUDE":-7.701179,"STATUS":"BUKA","TANGGAL PENGUMPULAN":"Q1 2024","TANGGAL UPDATE":"28/02/2025"}},{"type":"Feature","geometry":{"coordinates":[110.4292016,-7.7848175],"type":"Point"},"properties":{"NAMA":"RSU BUNGA BANGSA MEDIKA","TIPE_1":"KESEHATAN DAN PENGOBATAN","TIPE_2":"RUMAH SAKIT","TIPE_3":"RUMAH SAKIT UMUM SWASTA","TELEPON":"(0274) 2803000","ALAMAT":"JL. LILI, KEMBANG, MAGUWOHARJO, KEC. DEPOK, KABUPATEN SLEMAN, DAERAH ISTIMEWA YOGYAKARTA 55281","ID_PROV":"34","PROVINSI":"DAERAH ISTIMEWA YOGYAKARTA","ID_KABKOT":"34.04","KABKOT":"SLEMAN","ID_KEC":"34.04.07","KECAMATAN":"DEPOK","ID_DESA":"34.04.07.2002","DESA":"MAGUWOHARJO","LONGITUDE":110.4292016,"LATITUDE":-7.7848175,"STATUS":"BUKA","TANGGAL PENGUMPULAN":"Q1 2024","TANGGAL UPDATE":"28/02/2025"}},{"type":"Feature","geometry":{"coordinates":[110.3737601,-7.7701394],"type":"Point"},"properties":{"NAMA":"RS GIGI DAN MULUT UGM PROF. SOEDOMO","TIPE_1":"KESEHATAN DAN PENGOBATAN","TIPE_2":"RUMAH SAKIT","TIPE_3":"RUMAH SAKIT GIGI","TELEPON":"","ALAMAT":"JL. DENTA SEKIP UTARA NO.1, SENDOWO, SINDUADI, KEC. MLATI, KABUPATEN SLEMAN, DAERAH ISTIMEWA YOGYAKARTA 55281","ID_PROV":"34","PROVINSI":"DAERAH ISTIMEWA YOGYAKARTA","ID_KABKOT":"34.04","KABKOT":"SLEMAN","ID_KEC":"34.04.06","KECAMATAN":"MLATI","ID_DESA":"34.04.06.2001","DESA":"SINDUADI","LONGITUDE":110.3737601,"LATITUDE":-7.7701394,"STATUS":"BUKA","TANGGAL PENGUMPULAN":"Q1 2024","TANGGAL UPDATE":"28/02/2025"}},{"type":"Feature","geometry":{"coordinates":[110.3502859,-7.7438247],"type":"Point"},"properties":{"NAMA":"RUMAH SAKIT AKADEMIK UGM YOGYAKARTA","TIPE_1":"KESEHATAN DAN PENGOBATAN","TIPE_2":"RUMAH SAKIT","TIPE_3":"RUMAH SAKIT UMUM SWASTA","TELEPON":"(0274) 4530404","ALAMAT":"JL. KABUPATEN, KRANGGAHAN I, TRIHANGGO, KEC. GAMPING, KABUPATEN SLEMAN, DAERAH ISTIMEWA YOGYAKARTA 55291","ID_PROV":"34","PROVINSI":"DAERAH ISTIMEWA YOGYAKARTA","ID_KABKOT":"34.04","KABKOT":"SLEMAN","ID_KEC":"34.04.01","KECAMATAN":"GAMPING","ID_DESA":"34.04.01.2005","DESA":"TRIHANGGO","LONGITUDE":110.3502859,"LATITUDE":-7.7438247,"STATUS":"BUKA","TANGGAL PENGUMPULAN":"Q1 2024","TANGGAL UPDATE":"28/02/2025"}},{"type":"Feature","geometry":{"coordinates":[110.4718237,-7.7662119],"type":"Point"},"properties":{"NAMA":"RS BHAYANGKARA POLDA DIY","TIPE_1":"KESEHATAN DAN PENGOBATAN","TIPE_2":"RUMAH SAKIT","TIPE_3":"RUMAH SAKIT UMUM DAERAH/NEGERI","TELEPON":"(0274) 498278","ALAMAT":"JL. RAYA SOLO - YOGYAKARTA KM.14, GLONDONG, TIRTOMARTANI, KEC. KALASAN, KABUPATEN SLEMAN, DAERAH ISTIMEWA YOGYAKARTA 55571","ID_PROV":"34","PROVINSI":"DAERAH ISTIMEWA YOGYAKARTA","ID_KABKOT":"34.04","KABKOT":"SLEMAN","ID_KEC":"34.04.10","KECAMATAN":"KALASAN","ID_DESA":"34.04.10.2002","DESA":"TIRTOMARTANI","LONGITUDE":110.4718237,"LATITUDE":-7.7662119,"STATUS":"BUKA","TANGGAL PENGUMPULAN":"Q1 2024","TANGGAL UPDATE":"28/02/2025"}},{"type":"Feature","geometry":{"coordinates":[110.459023,-7.7766507],"type":"Point"},"properties":{"NAMA":"RS ISLAM YOGYAKARTA PDHI","TIPE_1":"KESEHATAN DAN PENGOBATAN","TIPE_2":"RUMAH SAKIT","TIPE_3":"RUMAH SAKIT UMUM SWASTA","TELEPON":"(0274) 498000","ALAMAT":"JL. JOGJA - SOLO NO.KM.12,5, KRINGINAN, TIRTOMARTANI, KEC. KALASAN, KABUPATEN SLEMAN, DAERAH ISTIMEWA YOGYAKARTA 55571","ID_PROV":"34","PROVINSI":"DAERAH ISTIMEWA YOGYAKARTA","ID_KABKOT":"34.04","KABKOT":"SLEMAN","ID_KEC":"34.04.10","KECAMATAN":"KALASAN","ID_DESA":"34.04.10.2002","DESA":"TIRTOMARTANI","LONGITUDE":110.459023,"LATITUDE":-7.7766507,"STATUS":"BUKA","TANGGAL PENGUMPULAN":"Q1 2024","TANGGAL UPDATE":"28/02/2025"}},{"type":"Feature","geometry":{"coordinates":[110.4343333,-7.7484646],"type":"Point"},"properties":{"NAMA":"RS MEDIKA RESPATI YOGYAKARTA","TIPE_1":"KESEHATAN DAN PENGOBATAN","TIPE_2":"RUMAH SAKIT","TIPE_3":"RUMAH SAKIT UMUM SWASTA","TELEPON":"","ALAMAT":"TAJEM, MAGUWOHARJO, KEC. DEPOK, KABUPATEN SLEMAN, DAERAH ISTIMEWA YOGYAKARTA 55281","ID_PROV":"34","PROVINSI":"DAERAH ISTIMEWA YOGYAKARTA","ID_KABKOT":"34.04","KABKOT":"SLEMAN","ID_KEC":"34.04.07","KECAMATAN":"DEPOK","ID_DESA":"34.04.07.2002","DESA":"MAGUWOHARJO","LONGITUDE":110.4343333,"LATITUDE":-7.7484646,"STATUS":"BUKA","TANGGAL PENGUMPULAN":"Q1 2024","TANGGAL UPDATE":"28/02/2025"}},{"type":"Feature","geometry":{"coordinates":[110.3177104,-7.8004059],"type":"Point"},"properties":{"NAMA":"RS PKU MUHAMMADIYAH GAMPING","TIPE_1":"KESEHATAN DAN PENGOBATAN","TIPE_2":"RUMAH SAKIT","TIPE_3":"RUMAH SAKIT UMUM SWASTA","TELEPON":"(0274) 6499704","ALAMAT":"JL. WATES, JL. NASIONAL III KM.5,5, BODEH, AMBARKETAWANG, KEC. GAMPING, KABUPATEN SLEMAN, DAERAH ISTIMEWA YOGYAKARTA 55294","ID_PROV":"34","PROVINSI":"DAERAH ISTIMEWA YOGYAKARTA","ID_KABKOT":"34.04","KABKOT":"SLEMAN","ID_KEC":"34.04.01","KECAMATAN":"GAMPING","ID_DESA":"34.04.01.2002","DESA":"AMBARKETAWANG","LONGITUDE":110.3177104,"LATITUDE":-7.8004059,"STATUS":"BUKA","TANGGAL PENGUMPULAN":"Q1 2024","TANGGAL UPDATE":"28/02/2025"}},{"type":"Feature","geometry":{"coordinates":[110.3863404,-7.705914],"type":"Point"},"properties":{"NAMA":"RS PURI HUSADA","TIPE_1":"KESEHATAN DAN PENGOBATAN","TIPE_2":"RUMAH SAKIT","TIPE_3":"RUMAH SAKIT UMUM SWASTA","TELEPON":"(0274) 867270","ALAMAT":"KM.11, JL. PALAGAN TENTARA PELAJAR NO.67, NGETIRAN, SARIHARJO, NGAGLIK, SLEMAN REGENCY, SPECIAL REGION OF YOGYAKARTA 55581","ID_PROV":"34","PROVINSI":"DAERAH ISTIMEWA YOGYAKARTA","ID_KABKOT":"34.04","KABKOT":"SLEMAN","ID_KEC":"34.04.12","KECAMATAN":"NGAGLIK","ID_DESA":"34.04.12.2001","DESA":"SARIHARJO","LONGITUDE":110.3863404,"LATITUDE":-7.705914,"STATUS":"BUKA","TANGGAL PENGUMPULAN":"Q1 2024","TANGGAL UPDATE":"28/02/2025"}},{"type":"Feature","geometry":{"coordinates":[110.2935862,-7.7504273],"type":"Point"},"properties":{"NAMA":"RS AT-TUROTS AL ISLAMY","TIPE_1":"KESEHATAN DAN PENGOBATAN","TIPE_2":"RUMAH SAKIT","TIPE_3":"RUMAH SAKIT UMUM SWASTA","TELEPON":"(0274) 6496677","ALAMAT":"JL. GODEAN - SEYEGAN, KLACI I, MARGOLUWIH, KEC. SEYEGAN, KABUPATEN SLEMAN, DAERAH ISTIMEWA YOGYAKARTA 55561","ID_PROV":"34","PROVINSI":"DAERAH ISTIMEWA YOGYAKARTA","ID_KABKOT":"34.04","KABKOT":"SLEMAN","ID_KEC":"34.04.05","KECAMATAN":"SEYEGAN","ID_DESA":"34.04.05.2001","DESA":"MARGOLUWIH","LONGITUDE":110.2935862,"LATITUDE":-7.7504273,"STATUS":"BUKA","TANGGAL PENGUMPULAN":"Q1 2024","TANGGAL UPDATE":"28/02/2025"}},{"type":"Feature","geometry":{"coordinates":[110.2426167,-7.7547752],"type":"Point"},"properties":{"NAMA":"CHARITAS HOSPITAL KLEPU","TIPE_1":"KESEHATAN DAN PENGOBATAN","TIPE_2":"RUMAH SAKIT","TIPE_3":"RUMAH SAKIT UMUM SWASTA","TELEPON":"(0274) 6497209","ALAMAT":"KROMPAKAN, KLEPU, SENDANGMULYO, KEC. MINGGIR, KABUPATEN SLEMAN, DAERAH ISTIMEWA YOGYAKARTA 55562","ID_PROV":"34","PROVINSI":"DAERAH ISTIMEWA YOGYAKARTA","ID_KABKOT":"34.04","KABKOT":"SLEMAN","ID_KEC":"34.04.04","KECAMATAN":"MINGGIR","ID_DESA":"34.04.04.2002","DESA":"SENDANGMULYO","LONGITUDE":110.2426167,"LATITUDE":-7.7547752,"STATUS":"BUKA","TANGGAL PENGUMPULAN":"Q1 2024","TANGGAL UPDATE":"28/02/2025"}},{"type":"Feature","geometry":{"coordinates":[110.3734742,-7.7686163],"type":"Point"},"properties":{"NAMA":"RUMAH SAKIT UMUM PUSAT (RSUP) DR. SARDJITO","TIPE_1":"KESEHATAN DAN PENGOBATAN","TIPE_2":"RUMAH SAKIT","TIPE_3":"RUMAH SAKIT UMUM DAERAH/NEGERI","TELEPON":"(0274) 631190","ALAMAT":"JL. KESEHATAN JL. KESEHATAN SENDOWO NO.1, SENDOWO, SINDUADI, KEC. MLATI, KABUPATEN SLEMAN, DAERAH ISTIMEWA YOGYAKARTA 55281","ID_PROV":"34","PROVINSI":"DAERAH ISTIMEWA YOGYAKARTA","ID_KABKOT":"34.04","KABKOT":"SLEMAN","ID_KEC":"34.04.06","KECAMATAN":"MLATI","ID_DESA":"34.04.06.2001","DESA":"SINDUADI","LONGITUDE":110.3734742,"LATITUDE":-7.7686163,"STATUS":"BUKA","TANGGAL PENGUMPULAN":"Q1 2024","TANGGAL UPDATE":"28/02/2025"}},{"type":"Feature","geometry":{"coordinates":[110.3775254,-7.7768055],"type":"Point"},"properties":{"NAMA":"CAROLUS 602 RS PANTI RAPIH","TIPE_1":"KESEHATAN DAN PENGOBATAN","TIPE_2":"RUMAH SAKIT","TIPE_3":"RUMAH SAKIT UMUM SWASTA","TELEPON":"","ALAMAT":"JL. COLOMBO YOGYAKARTA NO.3, SAMIRONO, CATURTUNGGAL, KEC. DEPOK, KABUPATEN SLEMAN, DAERAH ISTIMEWA YOGYAKARTA 55281","ID_PROV":"34","PROVINSI":"DAERAH ISTIMEWA YOGYAKARTA","ID_KABKOT":"34.04","KABKOT":"SLEMAN","ID_KEC":"34.04.07","KECAMATAN":"DEPOK","ID_DESA":"34.04.07.2001","DESA":"CATURTUNGGAL","LONGITUDE":110.3775254,"LATITUDE":-7.7768055,"STATUS":"BUKA","TANGGAL PENGUMPULAN":"Q1 2024","TANGGAL UPDATE":"28/02/2025"}},{"type":"Feature","geometry":{"coordinates":[110.4831528,-7.8046403],"type":"Point"},"properties":{"NAMA":"RUMAH SAKIT UMUM DAERAH PRAMBANAN","TIPE_1":"KESEHATAN DAN PENGOBATAN","TIPE_2":"RUMAH SAKIT","TIPE_3":"RUMAH SAKIT UMUM DAERAH/NEGERI","TELEPON":"(0274) 4398357","ALAMAT":"JL. RAYA PIYUNGAN - PRAMBANAN NO.KM. 7, DELEGAN, SUMBERHARJO, KEC. PRAMBANAN, KABUPATEN SLEMAN, DAERAH ISTIMEWA YOGYAKARTA 55572","ID_PROV":"34","PROVINSI":"DAERAH ISTIMEWA YOGYAKARTA","ID_KABKOT":"34.04","KABKOT":"SLEMAN","ID_KEC":"34.04.09","KECAMATAN":"PRAMBANAN","ID_DESA":"34.04.09.2001","DESA":"SUMBERHARJO","LONGITUDE":110.4831528,"LATITUDE":-7.8046403,"STATUS":"BUKA","TANGGAL PENGUMPULAN":"Q1 2024","TANGGAL UPDATE":"28/02/2025"}},{"type":"Feature","geometry":{"coordinates":[110.3418979,-7.6868787],"type":"Point"},"properties":{"NAMA":"RSUD SLEMAN","TIPE_1":"KESEHATAN DAN PENGOBATAN","TIPE_2":"RUMAH SAKIT","TIPE_3":"RUMAH SAKIT UMUM DAERAH/NEGERI","TELEPON":"(0274) 868437","ALAMAT":"JL. BHAYANGKARA NO.48, TEMULAWAK, TRIHARJO, KEC. SLEMAN, KABUPATEN SLEMAN, DAERAH ISTIMEWA YOGYAKARTA 55514","ID_PROV":"34","PROVINSI":"DAERAH ISTIMEWA YOGYAKARTA","ID_KABKOT":"34.04","KABKOT":"SLEMAN","ID_KEC":"34.04.13","KECAMATAN":"SLEMAN","ID_DESA":"34.04.13.2002","DESA":"TRIHARJO","LONGITUDE":110.3418979,"LATITUDE":-7.6868787,"STATUS":"BUKA","TANGGAL PENGUMPULAN":"Q1 2024","TANGGAL UPDATE":"28/02/2025"}},{"type":"Feature","geometry":{"coordinates":[110.4057454,-7.7544329],"type":"Point"},"properties":{"NAMA":"RS CONDONG CATUR","TIPE_1":"KESEHATAN DAN PENGOBATAN","TIPE_2":"RUMAH SAKIT","TIPE_3":"RUMAH SAKIT UMUM SWASTA","TELEPON":"(0274) 887494","ALAMAT":"JL. MANGGIS NO.6, GEMPOL, CONDONGCATUR, KEC. DEPOK, KABUPATEN SLEMAN, DAERAH ISTIMEWA YOGYAKARTA 55581","ID_PROV":"34","PROVINSI":"DAERAH ISTIMEWA YOGYAKARTA","ID_KABKOT":"34.04","KABKOT":"SLEMAN","ID_KEC":"34.04.07","KECAMATAN":"DEPOK","ID_DESA":"34.04.07.2003","DESA":"CONDONGCATUR","LONGITUDE":110.4057454,"LATITUDE":-7.7544329,"STATUS":"BUKA","TANGGAL PENGUMPULAN":"Q1 2024","TANGGAL UPDATE":"28/02/2025"}},{"type":"Feature","geometry":{"coordinates":[110.3367603,-7.7625839],"type":"Point"},"properties":{"NAMA":"RUMAH SAKIT UMUM QUEEN LATIFA","TIPE_1":"KESEHATAN DAN PENGOBATAN","TIPE_2":"RUMAH SAKIT","TIPE_3":"RUMAH SAKIT UMUM SWASTA","TELEPON":"(0274) 581402","ALAMAT":"JL. RINGROAD BARAT NO.118, MLANGI, NOGOTIRTO, KEC. GAMPING, KABUPATEN SLEMAN, DAERAH ISTIMEWA YOGYAKARTA 55294","ID_PROV":"34","PROVINSI":"DAERAH ISTIMEWA YOGYAKARTA","ID_KABKOT":"34.04","KABKOT":"SLEMAN","ID_KEC":"34.04.01","KECAMATAN":"GAMPING","ID_DESA":"34.04.01.2004","DESA":"NOGOTIRTO","LONGITUDE":110.3367603,"LATITUDE":-7.7625839,"STATUS":"BUKA","TANGGAL PENGUMPULAN":"Q1 2024","TANGGAL UPDATE":"28/02/2025"}},{"type":"Feature","geometry":{"coordinates":[110.3679718,-7.7673141],"type":"Point"},"properties":{"NAMA":"RSU SAKINA IDAMAN","TIPE_1":"KESEHATAN DAN PENGOBATAN","TIPE_2":"RUMAH SAKIT","TIPE_3":"RUMAH SAKIT UMUM SWASTA","TELEPON":"(0274) 5018221","ALAMAT":"CONDRO LOEKITO, JL. NYI TJONDROLUKITO JL. BLUNYAH GEDE NO.60, KUTU DUKUH, SINDUADI, KEC. MLATI, KABUPATEN SLEMAN, DAERAH ISTIMEWA YOGYAKARTA 55284","ID_PROV":"34","PROVINSI":"DAERAH ISTIMEWA YOGYAKARTA","ID_KABKOT":"34.04","KABKOT":"SLEMAN","ID_KEC":"34.04.06","KECAMATAN":"MLATI","ID_DESA":"34.04.06.2001","DESA":"SINDUADI","LONGITUDE":110.3679718,"LATITUDE":-7.7673141,"STATUS":"BUKA","TANGGAL PENGUMPULAN":"Q1 2024","TANGGAL UPDATE":"28/02/2025"}},{"type":"Feature","geometry":{"coordinates":[110.4250751,-7.7471318],"type":"Point"},"properties":{"NAMA":"RUMAH SAKIT UAD","TIPE_1":"KESEHATAN DAN PENGOBATAN","TIPE_2":"RUMAH SAKIT","TIPE_3":"RUMAH SAKIT UMUM DAERAH/NEGERI","TELEPON":"(0274) 4477068","ALAMAT":"JL. CINDELARAS RAYA NO.33, KARANGSARI, WEDOMARTANI, KEC. NGEMPLAK, KABUPATEN SLEMAN, DAERAH ISTIMEWA YOGYAKARTA 55584","ID_PROV":"34","PROVINSI":"DAERAH ISTIMEWA YOGYAKARTA","ID_KABKOT":"34.04","KABKOT":"SLEMAN","ID_KEC":"34.04.11","KECAMATAN":"NGEMPLAK","ID_DESA":"34.04.11.2004","DESA":"WEDOMARTANI","LONGITUDE":110.4250751,"LATITUDE":-7.7471318,"STATUS":"BUKA","TANGGAL PENGUMPULAN":"Q1 2024","TANGGAL UPDATE":"28/02/2025"}},{"type":"Feature","geometry":{"coordinates":[110.2882092,-7.8082767],"type":"Point"},"properties":{"NAMA":"RSU MITRA SEHAT","TIPE_1":"KESEHATAN DAN PENGOBATAN","TIPE_2":"RUMAH SAKIT","TIPE_3":"RUMAH SAKIT UMUM SWASTA","TELEPON":"(0274) 6498555","ALAMAT":"NO.KM. 9, JL. WATES, NGEMPLAK, BALECATUR, KEC. GAMPING, KABUPATEN SLEMAN, DAERAH ISTIMEWA YOGYAKARTA 55295","ID_PROV":"34","PROVINSI":"DAERAH ISTIMEWA YOGYAKARTA","ID_KABKOT":"34.04","KABKOT":"SLEMAN","ID_KEC":"34.04.01","KECAMATAN":"GAMPING","ID_DESA":"34.04.01.2001","DESA":"BALECATUR","LONGITUDE":110.2882092,"LATITUDE":-7.8082767,"STATUS":"BUKA","TANGGAL PENGUMPULAN":"Q1 2024","TANGGAL UPDATE":"28/02/2025"}},{"type":"Feature","geometry":{"coordinates":[110.2900169,-7.7798897],"type":"Point"},"properties":{"NAMA":"DUKUH POSYANDU","TIPE_1":"KESEHATAN DAN PENGOBATAN","TIPE_2":"LAYANAN MASYARAKAT","TIPE_3":"POSYANDU","TELEPON":"","ALAMAT":"JL. MULYO SARI, BRONGKOL, SIDOMULYO, KEC. GODEAN, KABUPATEN SLEMAN, DAERAH ISTIMEWA YOGYAKARTA 55264","ID_PROV":"34","PROVINSI":"DAERAH ISTIMEWA YOGYAKARTA","ID_KABKOT":"34.04","KABKOT":"SLEMAN","ID_KEC":"34.04.02","KECAMATAN":"GODEAN","ID_DESA":"34.04.02.2003","DESA":"SIDOMULYO","LONGITUDE":110.2900169,"LATITUDE":-7.7798897,"STATUS":"BUKA","TANGGAL PENGUMPULAN":"Q1 2024","TANGGAL UPDATE":"28/02/2025"}},{"type":"Feature","geometry":{"coordinates":[110.2861574,-7.8103081],"type":"Point"},"properties":{"NAMA":"POSYANDU LANSIA \"NGUDI SARAS\"","TIPE_1":"KESEHATAN DAN PENGOBATAN","TIPE_2":"LAYANAN MASYARAKAT","TIPE_3":"POSYANDU","TELEPON":"","ALAMAT":"JL. SALSABILA, JATIPERENG, BALECATUR, KEC. GAMPING, KABUPATEN SLEMAN, DAERAH ISTIMEWA YOGYAKARTA 55295","ID_PROV":"34","PROVINSI":"DAERAH ISTIMEWA YOGYAKARTA","ID_KABKOT":"34.04","KABKOT":"SLEMAN","ID_KEC":"34.04.01","KECAMATAN":"GAMPING","ID_DESA":"34.04.01.2001","DESA":"BALECATUR","LONGITUDE":110.2861574,"LATITUDE":-7.8103081,"STATUS":"BUKA","TANGGAL PENGUMPULAN":"Q1 2024","TANGGAL UPDATE":"28/02/2025"}},{"type":"Feature","geometry":{"coordinates":[110.3146879,-7.7990487],"type":"Point"},"properties":{"NAMA":"POSYANDU LANSIA ”NGUDI WARAS”","TIPE_1":"KESEHATAN DAN PENGOBATAN","TIPE_2":"LAYANAN MASYARAKAT","TIPE_3":"POSYANDU","TELEPON":"","ALAMAT":"BODEH, AMBARKETAWANG, KEC. GAMPING, KABUPATEN SLEMAN, DAERAH ISTIMEWA YOGYAKARTA","ID_PROV":"34","PROVINSI":"DAERAH ISTIMEWA YOGYAKARTA","ID_KABKOT":"34.04","KABKOT":"SLEMAN","ID_KEC":"34.04.01","KECAMATAN":"GAMPING","ID_DESA":"34.04.01.2002","DESA":"AMBARKETAWANG","LONGITUDE":110.3146879,"LATITUDE":-7.7990487,"STATUS":"BUKA","TANGGAL PENGUMPULAN":"Q1 2024","TANGGAL UPDATE":"28/02/2025"}},{"type":"Feature","geometry":{"coordinates":[110.3286368,-7.7124809],"type":"Point"},"properties":{"NAMA":"POSYANDU SIRSAK","TIPE_1":"KESEHATAN DAN PENGOBATAN","TIPE_2":"LAYANAN MASYARAKAT","TIPE_3":"POSYANDU","TELEPON":"","ALAMAT":"UNNAMED ROAD, JUMENENG KIDUL, JUMENENG KIDUL, SUMBERADI, MLATI, SLEMAN REGENCY, SPECIAL REGION OF YOGYAKARTA 55288","ID_PROV":"34","PROVINSI":"DAERAH ISTIMEWA YOGYAKARTA","ID_KABKOT":"34.04","KABKOT":"SLEMAN","ID_KEC":"34.04.06","KECAMATAN":"MLATI","ID_DESA":"34.04.06.2005","DESA":"SUMBERADI","LONGITUDE":110.3286368,"LATITUDE":-7.7124809,"STATUS":"BUKA","TANGGAL PENGUMPULAN":"Q1 2024","TANGGAL UPDATE":"28/02/2025"}},{"type":"Feature","geometry":{"coordinates":[110.3247945,-7.7988734],"type":"Point"},"properties":{"NAMA":"POSYANDU BALITA DAN LANSIA RW 15","TIPE_1":"KESEHATAN DAN PENGOBATAN","TIPE_2":"LAYANAN MASYARAKAT","TIPE_3":"POSYANDU","TELEPON":"","ALAMAT":"RT.4/RW.15, GAMPING TENGAH, AMBARKETAWANG, KEC. GAMPING, KABUPATEN SLEMAN, DAERAH ISTIMEWA YOGYAKARTA","ID_PROV":"34","PROVINSI":"DAERAH ISTIMEWA YOGYAKARTA","ID_KABKOT":"34.04","KABKOT":"SLEMAN","ID_KEC":"34.04.01","KECAMATAN":"GAMPING","ID_DESA":"34.04.01.2002","DESA":"AMBARKETAWANG","LONGITUDE":110.3247945,"LATITUDE":-7.7988734,"STATUS":"BUKA","TANGGAL PENGUMPULAN":"Q1 2024","TANGGAL UPDATE":"28/02/2025"}},{"type":"Feature","geometry":{"coordinates":[110.4000664,-7.7565479],"type":"Point"},"properties":{"NAMA":"POSYANDU BOUGENVILLE","TIPE_1":"KESEHATAN DAN PENGOBATAN","TIPE_2":"LAYANAN MASYARAKAT","TIPE_3":"POSYANDU","TELEPON":"","ALAMAT":"JL. SUKUN NO.134, RT.005/RW.009, SANGGRAHAN, CONDONGCATUR, KEC. DEPOK, KABUPATEN SLEMAN, DAERAH ISTIMEWA YOGYAKARTA 55281","ID_PROV":"34","PROVINSI":"DAERAH ISTIMEWA YOGYAKARTA","ID_KABKOT":"34.04","KABKOT":"SLEMAN","ID_KEC":"34.04.07","KECAMATAN":"DEPOK","ID_DESA":"34.04.07.2003","DESA":"CONDONGCATUR","LONGITUDE":110.4000664,"LATITUDE":-7.7565479,"STATUS":"BUKA","TANGGAL PENGUMPULAN":"Q1 2024","TANGGAL UPDATE":"28/02/2025"}},{"type":"Feature","geometry":{"coordinates":[110.2954518,-7.7594457],"type":"Point"},"properties":{"NAMA":"POSYANDU DAHLIA","TIPE_1":"KESEHATAN DAN PENGOBATAN","TIPE_2":"LAYANAN MASYARAKAT","TIPE_3":"POSYANDU","TELEPON":"","ALAMAT":"SEMBUNGAN, SIDOAGUNG, KEC. GODEAN, KABUPATEN SLEMAN, DAERAH ISTIMEWA YOGYAKARTA 55264","ID_PROV":"34","PROVINSI":"DAERAH ISTIMEWA YOGYAKARTA","ID_KABKOT":"34.04","KABKOT":"SLEMAN","ID_KEC":"34.04.02","KECAMATAN":"GODEAN","ID_DESA":"34.04.02.2004","DESA":"SIDOAGUNG","LONGITUDE":110.2954518,"LATITUDE":-7.7594457,"STATUS":"BUKA","TANGGAL PENGUMPULAN":"Q1 2024","TANGGAL UPDATE":"28/02/2025"}},{"type":"Feature","geometry":{"coordinates":[110.2263482,-7.7306266],"type":"Point"},"properties":{"NAMA":"POSYANDU TENGAHAN XII","TIPE_1":"KESEHATAN DAN PENGOBATAN","TIPE_2":"LAYANAN MASYARAKAT","TIPE_3":"POSYANDU","TELEPON":"","ALAMAT":"DUKUHAN, SENDANGAGUNG, KEC. MINGGIR, KABUPATEN SLEMAN, DAERAH ISTIMEWA YOGYAKARTA","ID_PROV":"34","PROVINSI":"DAERAH ISTIMEWA YOGYAKARTA","ID_KABKOT":"34.04","KABKOT":"SLEMAN","ID_KEC":"34.04.04","KECAMATAN":"MINGGIR","ID_DESA":"34.04.04.2003","DESA":"SENDANGAGUNG","LONGITUDE":110.2263482,"LATITUDE":-7.7306266,"STATUS":"BUKA","TANGGAL PENGUMPULAN":"Q1 2024","TANGGAL UPDATE":"28/02/2025"}},{"type":"Feature","geometry":{"coordinates":[110.3889189,-7.7606295],"type":"Point"},"properties":{"NAMA":"POSYANDU SEDAP MALAM","TIPE_1":"KESEHATAN DAN PENGOBATAN","TIPE_2":"LAYANAN MASYARAKAT","TIPE_3":"POSYANDU","TELEPON":"","ALAMAT":"GG. RATIH NO.10, CANDOK, CONDONGCATUR, KEC. DEPOK, KABUPATEN SLEMAN, DAERAH ISTIMEWA YOGYAKARTA 55281","ID_PROV":"34","PROVINSI":"DAERAH ISTIMEWA YOGYAKARTA","ID_KABKOT":"34.04","KABKOT":"SLEMAN","ID_KEC":"34.04.07","KECAMATAN":"DEPOK","ID_DESA":"34.04.07.2003","DESA":"CONDONGCATUR","LONGITUDE":110.3889189,"LATITUDE":-7.7606295,"STATUS":"BUKA","TANGGAL PENGUMPULAN":"Q1 2024","TANGGAL UPDATE":"28/02/2025"}},{"type":"Feature","geometry":{"coordinates":[110.3338843,-7.7711128],"type":"Point"},"properties":{"NAMA":"POSYANDU KUNCUP MEKAR","TIPE_1":"KESEHATAN DAN PENGOBATAN","TIPE_2":"LAYANAN MASYARAKAT","TIPE_3":"POSYANDU","TELEPON":"","ALAMAT":"JL. RINGROAD BARAT, NOGOSAREN, NOGOTIRTO, KEC. GAMPING, KABUPATEN SLEMAN, DAERAH ISTIMEWA YOGYAKARTA 55592","ID_PROV":"34","PROVINSI":"DAERAH ISTIMEWA YOGYAKARTA","ID_KABKOT":"34.04","KABKOT":"SLEMAN","ID_KEC":"34.04.01","KECAMATAN":"GAMPING","ID_DESA":"34.04.01.2004","DESA":"NOGOTIRTO","LONGITUDE":110.3338843,"LATITUDE":-7.7711128,"STATUS":"BUKA","TANGGAL PENGUMPULAN":"Q1 2024","TANGGAL UPDATE":"28/02/2025"}},{"type":"Feature","geometry":{"coordinates":[110.3356303,-7.7898313],"type":"Point"},"properties":{"NAMA":"POSYANDU MAWAR 1 TEGALYOSO","TIPE_1":"KESEHATAN DAN PENGOBATAN","TIPE_2":"LAYANAN MASYARAKAT","TIPE_3":"POSYANDU","TELEPON":"0857-4342-6330","ALAMAT":"AREA SAWAH, BANYURADEN, KEC. GAMPING, KABUPATEN SLEMAN, DAERAH ISTIMEWA YOGYAKARTA 55293","ID_PROV":"34","PROVINSI":"DAERAH ISTIMEWA YOGYAKARTA","ID_KABKOT":"34.04","KABKOT":"SLEMAN","ID_KEC":"34.04.01","KECAMATAN":"GAMPING","ID_DESA":"34.04.01.2003","DESA":"BANYURADEN","LONGITUDE":110.3356303,"LATITUDE":-7.7898313,"STATUS":"BUKA","TANGGAL PENGUMPULAN":"Q1 2024","TANGGAL UPDATE":"28/02/2025"}},{"type":"Feature","geometry":{"coordinates":[110.3311112,-7.763976],"type":"Point"},"properties":{"NAMA":"POSYANDU SAWAHAN ATAS","TIPE_1":"KESEHATAN DAN PENGOBATAN","TIPE_2":"LAYANAN MASYARAKAT","TIPE_3":"POSYANDU","TELEPON":"","ALAMAT":"AREA SAWAH, NOGOTIRTO, KEC. GAMPING, KABUPATEN SLEMAN, DAERAH ISTIMEWA YOGYAKARTA 55592","ID_PROV":"34","PROVINSI":"DAERAH ISTIMEWA YOGYAKARTA","ID_KABKOT":"34.04","KABKOT":"SLEMAN","ID_KEC":"34.04.01","KECAMATAN":"GAMPING","ID_DESA":"34.04.01.2004","DESA":"NOGOTIRTO","LONGITUDE":110.3311112,"LATITUDE":-7.763976,"STATUS":"BUKA","TANGGAL PENGUMPULAN":"Q1 2024","TANGGAL UPDATE":"28/02/2025"}},{"type":"Feature","geometry":{"coordinates":[110.3820298,-7.7523641],"type":"Point"},"properties":{"NAMA":"POSYANDU BALITA MANGGA 2","TIPE_1":"KESEHATAN DAN PENGOBATAN","TIPE_2":"LAYANAN MASYARAKAT","TIPE_3":"POSYANDU","TELEPON":"","ALAMAT":"JL. AMBALAT, PURWOSARI, SINDUADI, KEC. MLATI, KABUPATEN SLEMAN, DAERAH ISTIMEWA YOGYAKARTA 55281","ID_PROV":"34","PROVINSI":"DAERAH ISTIMEWA YOGYAKARTA","ID_KABKOT":"34.04","KABKOT":"SLEMAN","ID_KEC":"34.04.06","KECAMATAN":"MLATI","ID_DESA":"34.04.06.2001","DESA":"SINDUADI","LONGITUDE":110.3820298,"LATITUDE":-7.7523641,"STATUS":"BUKA","TANGGAL PENGUMPULAN":"Q1 2024","TANGGAL UPDATE":"28/02/2025"}},{"type":"Feature","geometry":{"coordinates":[110.3350966,-7.7938426],"type":"Point"},"properties":{"NAMA":"POSYANDU MAWAR 2","TIPE_1":"KESEHATAN DAN PENGOBATAN","TIPE_2":"LAYANAN MASYARAKAT","TIPE_3":"POSYANDU","TELEPON":"","ALAMAT":"JL. NAKULA, DUKUH, BANYURADEN, KEC. GAMPING, KABUPATEN SLEMAN, DAERAH ISTIMEWA YOGYAKARTA 55293","ID_PROV":"34","PROVINSI":"DAERAH ISTIMEWA YOGYAKARTA","ID_KABKOT":"34.04","KABKOT":"SLEMAN","ID_KEC":"34.04.01","KECAMATAN":"GAMPING","ID_DESA":"34.04.01.2003","DESA":"BANYURADEN","LONGITUDE":110.3350966,"LATITUDE":-7.7938426,"STATUS":"BUKA","TANGGAL PENGUMPULAN":"Q1 2024","TANGGAL UPDATE":"28/02/2025"}},{"type":"Feature","geometry":{"coordinates":[110.3217876,-7.8014487],"type":"Point"},"properties":{"NAMA":"POSYANDU WJRASTRJ","TIPE_1":"KESEHATAN DAN PENGOBATAN","TIPE_2":"LAYANAN MASYARAKAT","TIPE_3":"POSYANDU","TELEPON":"","ALAMAT":"PATUKAN, AMBARKETAWANG, KEC. GAMPING, KABUPATEN SLEMAN, DAERAH ISTIMEWA YOGYAKARTA","ID_PROV":"34","PROVINSI":"DAERAH ISTIMEWA YOGYAKARTA","ID_KABKOT":"34.04","KABKOT":"SLEMAN","ID_KEC":"34.04.01","KECAMATAN":"GAMPING","ID_DESA":"34.04.01.2002","DESA":"AMBARKETAWANG","LONGITUDE":110.3217876,"LATITUDE":-7.8014487,"STATUS":"BUKA","TANGGAL PENGUMPULAN":"Q1 2024","TANGGAL UPDATE":"28/02/2025"}},{"type":"Feature","geometry":{"coordinates":[110.4658878,-7.6212001],"type":"Point"},"properties":{"NAMA":"POSYANDU ARIMBI","TIPE_1":"KESEHATAN DAN PENGOBATAN","TIPE_2":"LAYANAN MASYARAKAT","TIPE_3":"POSYANDU","TELEPON":"","ALAMAT":"GADING, GLAGAHARJO, KEC. CANGKRINGAN, KABUPATEN SLEMAN, DAERAH ISTIMEWA YOGYAKARTA 55583","ID_PROV":"34","PROVINSI":"DAERAH ISTIMEWA YOGYAKARTA","ID_KABKOT":"34.04","KABKOT":"SLEMAN","ID_KEC":"34.04.17","KECAMATAN":"CANGKRINGAN","ID_DESA":"34.04.17.2003","DESA":"GLAGAHARJO","LONGITUDE":110.4658878,"LATITUDE":-7.6212001,"STATUS":"BUKA","TANGGAL PENGUMPULAN":"Q1 2024","TANGGAL UPDATE":"28/02/2025"}},{"type":"Feature","geometry":{"coordinates":[110.428772,-7.765921],"type":"Point"},"properties":{"NAMA":"POSYANDU JAMBU BANGKOK I","TIPE_1":"KESEHATAN DAN PENGOBATAN","TIPE_2":"LAYANAN MASYARAKAT","TIPE_3":"POSYANDU","TELEPON":"","ALAMAT":"JL. RING ROAD UTARA, SANGGRAHAN, MAGUWOHARJO, KEC. DEPOK, KABUPATEN SLEMAN, DAERAH ISTIMEWA YOGYAKARTA 55282","ID_PROV":"34","PROVINSI":"DAERAH ISTIMEWA YOGYAKARTA","ID_KABKOT":"34.04","KABKOT":"SLEMAN","ID_KEC":"34.04.07","KECAMATAN":"DEPOK","ID_DESA":"34.04.07.2002","DESA":"MAGUWOHARJO","LONGITUDE":110.428772,"LATITUDE":-7.765921,"STATUS":"BUKA","TANGGAL PENGUMPULAN":"Q1 2024","TANGGAL UPDATE":"28/02/2025"}},{"type":"Feature","geometry":{"coordinates":[110.3432681,-7.662017],"type":"Point"},"properties":{"NAMA":"POSYANDU NGAMBOH","TIPE_1":"KESEHATAN DAN PENGOBATAN","TIPE_2":"LAYANAN MASYARAKAT","TIPE_3":"POSYANDU","TELEPON":"","ALAMAT":"JL. KADIROJO, KADILUWIH, MARGOREJO, KEC. TEMPEL, KABUPATEN SLEMAN, DAERAH ISTIMEWA YOGYAKARTA 55552","ID_PROV":"34","PROVINSI":"DAERAH ISTIMEWA YOGYAKARTA","ID_KABKOT":"34.04","KABKOT":"SLEMAN","ID_KEC":"34.04.14","KECAMATAN":"TEMPEL","ID_DESA":"34.04.14.2006","DESA":"MARGOREJO","LONGITUDE":110.3432681,"LATITUDE":-7.662017,"STATUS":"BUKA","TANGGAL PENGUMPULAN":"Q1 2024","TANGGAL UPDATE":"28/02/2025"}},{"type":"Feature","geometry":{"coordinates":[110.4415722,-7.8088425],"type":"Point"},"properties":{"NAMA":"BU MURTINAH POSYANDU KADISONO","TIPE_1":"KESEHATAN DAN PENGOBATAN","TIPE_2":"LAYANAN MASYARAKAT","TIPE_3":"POSYANDU","TELEPON":"","ALAMAT":"KADISONO, TEGALTIRTO, KEC. BERBAH, KABUPATEN SLEMAN, DAERAH ISTIMEWA YOGYAKARTA 55573","ID_PROV":"34","PROVINSI":"DAERAH ISTIMEWA YOGYAKARTA","ID_KABKOT":"34.04","KABKOT":"SLEMAN","ID_KEC":"34.04.08","KECAMATAN":"BERBAH","ID_DESA":"34.04.08.2002","DESA":"TEGALTIRTO","LONGITUDE":110.4415722,"LATITUDE":-7.8088425,"STATUS":"BUKA","TANGGAL PENGUMPULAN":"Q1 2024","TANGGAL UPDATE":"28/02/2025"}},{"type":"Feature","geometry":{"coordinates":[110.4289984,-7.7009405],"type":"Point"},"properties":{"NAMA":"POSYANDU MELATI","TIPE_1":"KESEHATAN DAN PENGOBATAN","TIPE_2":"LAYANAN MASYARAKAT","TIPE_3":"POSYANDU","TELEPON":"","ALAMAT":"JL. MELATI NO.26, RT.01/RW.13, YOPAH, SUKOHARJO, NGAGLIK, SLEMAN REGENCY, SPECIAL REGION OF YOGYAKARTA 55581","ID_PROV":"34","PROVINSI":"DAERAH ISTIMEWA YOGYAKARTA","ID_KABKOT":"34.04","KABKOT":"SLEMAN","ID_KEC":"34.04.12","KECAMATAN":"NGAGLIK","ID_DESA":"34.04.12.2004","DESA":"SUKOHARJO","LONGITUDE":110.4289984,"LATITUDE":-7.7009405,"STATUS":"BUKA","TANGGAL PENGUMPULAN":"Q1 2024","TANGGAL UPDATE":"28/02/2025"}},{"type":"Feature","geometry":{"coordinates":[110.3919493,-7.698352],"type":"Point"},"properties":{"NAMA":"POSYANDU TUNAS HARAPAN","TIPE_1":"KESEHATAN DAN PENGOBATAN","TIPE_2":"LAYANAN MASYARAKAT","TIPE_3":"POSYANDU","TELEPON":"","ALAMAT":"PADUKUHAN BLEKIK, BLEKIK, SARDONOHARJO, KEC. NGAGLIK, KABUPATEN SLEMAN, DAERAH ISTIMEWA YOGYAKARTA 55581","ID_PROV":"34","PROVINSI":"DAERAH ISTIMEWA YOGYAKARTA","ID_KABKOT":"34.04","KABKOT":"SLEMAN","ID_KEC":"34.04.12","KECAMATAN":"NGAGLIK","ID_DESA":"34.04.12.2005","DESA":"SARDONOHARJO","LONGITUDE":110.3919493,"LATITUDE":-7.698352,"STATUS":"BUKA","TANGGAL PENGUMPULAN":"Q1 2024","TANGGAL UPDATE":"28/02/2025"}},{"type":"Feature","geometry":{"coordinates":[110.4330958,-7.6919619],"type":"Point"},"properties":{"NAMA":"POSYANDU AMANAH","TIPE_1":"KESEHATAN DAN PENGOBATAN","TIPE_2":"LAYANAN MASYARAKAT","TIPE_3":"POSYANDU","TELEPON":"","ALAMAT":"KOMPLEK PERUMAHAN KCVRI, KENCURAN SUKOHARJO, TANJUNGSARI, SUKOHARJO, KEC. NGAGLIK, KABUPATEN SLEMAN, DAERAH ISTIMEWA YOGYAKARTA 55581","ID_PROV":"34","PROVINSI":"DAERAH ISTIMEWA YOGYAKARTA","ID_KABKOT":"34.04","KABKOT":"SLEMAN","ID_KEC":"34.04.12","KECAMATAN":"NGAGLIK","ID_DESA":"34.04.12.2004","DESA":"SUKOHARJO","LONGITUDE":110.4330958,"LATITUDE":-7.6919619,"STATUS":"BUKA","TANGGAL PENGUMPULAN":"Q1 2024","TANGGAL UPDATE":"28/02/2025"}},{"type":"Feature","geometry":{"coordinates":[110.294659,-7.7674612],"type":"Point"},"properties":{"NAMA":"POSYANDU \"MELATI\" SENTUL GENENG","TIPE_1":"KESEHATAN DAN PENGOBATAN","TIPE_2":"LAYANAN MASYARAKAT","TIPE_3":"POSYANDU","TELEPON":"","ALAMAT":"GENENG, SIDOAGUNG, KEC. GODEAN, KABUPATEN SLEMAN, DAERAH ISTIMEWA YOGYAKARTA 55264","ID_PROV":"34","PROVINSI":"DAERAH ISTIMEWA YOGYAKARTA","ID_KABKOT":"34.04","KABKOT":"SLEMAN","ID_KEC":"34.04.02","KECAMATAN":"GODEAN","ID_DESA":"34.04.02.2004","DESA":"SIDOAGUNG","LONGITUDE":110.294659,"LATITUDE":-7.7674612,"STATUS":"BUKA","TANGGAL PENGUMPULAN":"Q1 2024","TANGGAL UPDATE":"28/02/2025"}},{"type":"Feature","geometry":{"coordinates":[110.3451664,-7.6866893],"type":"Point"},"properties":{"NAMA":"POSYANDU DAN POS PAUD MANDIRI","TIPE_1":"KESEHATAN DAN PENGOBATAN","TIPE_2":"LAYANAN MASYARAKAT","TIPE_3":"POSYANDU","TELEPON":"","ALAMAT":"JL. AGROWISATA NO.56, PANGGERAN 8, TRIHARJO, KEC. SLEMAN, KABUPATEN SLEMAN, DAERAH ISTIMEWA YOGYAKARTA 55514","ID_PROV":"34","PROVINSI":"DAERAH ISTIMEWA YOGYAKARTA","ID_KABKOT":"34.04","KABKOT":"SLEMAN","ID_KEC":"34.04.13","KECAMATAN":"SLEMAN","ID_DESA":"34.04.13.2002","DESA":"TRIHARJO","LONGITUDE":110.3451664,"LATITUDE":-7.6866893,"STATUS":"BUKA","TANGGAL PENGUMPULAN":"Q1 2024","TANGGAL UPDATE":"28/02/2025"}},{"type":"Feature","geometry":{"coordinates":[110.3266862,-7.8039065],"type":"Point"},"properties":{"NAMA":"POSYANDU HATI MURNI","TIPE_1":"KESEHATAN DAN PENGOBATAN","TIPE_2":"LAYANAN MASYARAKAT","TIPE_3":"POSYANDU","TELEPON":"","ALAMAT":"GAMPING KIDUL NO.RT 1/18, GAMPING KIDUL, AMBARKETAWANG, GAMPING, SLEMAN REGENCY, SPECIAL REGION OF YOGYAKARTA 55294","ID_PROV":"34","PROVINSI":"DAERAH ISTIMEWA YOGYAKARTA","ID_KABKOT":"34.04","KABKOT":"SLEMAN","ID_KEC":"34.04.01","KECAMATAN":"GAMPING","ID_DESA":"34.04.01.2002","DESA":"AMBARKETAWANG","LONGITUDE":110.3266862,"LATITUDE":-7.8039065,"STATUS":"BUKA","TANGGAL PENGUMPULAN":"Q1 2024","TANGGAL UPDATE":"28/02/2025"}},{"type":"Feature","geometry":{"coordinates":[110.3732299,-7.7624804],"type":"Point"},"properties":{"NAMA":"POSYANDU SEKAR MELATI","TIPE_1":"KESEHATAN DAN PENGOBATAN","TIPE_2":"LAYANAN MASYARAKAT","TIPE_3":"POSYANDU","TELEPON":"","ALAMAT":"POGUNG KIDUL, SINDUADI, KEC. MLATI, KABUPATEN SLEMAN, DAERAH ISTIMEWA YOGYAKARTA 55284","ID_PROV":"34","PROVINSI":"DAERAH ISTIMEWA YOGYAKARTA","ID_KABKOT":"34.04","KABKOT":"SLEMAN","ID_KEC":"34.04.06","KECAMATAN":"MLATI","ID_DESA":"34.04.06.2001","DESA":"SINDUADI","LONGITUDE":110.3732299,"LATITUDE":-7.7624804,"STATUS":"BUKA","TANGGAL PENGUMPULAN":"Q1 2024","TANGGAL UPDATE":"28/02/2025"}},{"type":"Feature","geometry":{"coordinates":[110.4096499,-7.7556711],"type":"Point"},"properties":{"NAMA":"POSYANDU BUNGA ANYELIR","TIPE_1":"KESEHATAN DAN PENGOBATAN","TIPE_2":"LAYANAN MASYARAKAT","TIPE_3":"POSYANDU","TELEPON":"0813-7401-1989","ALAMAT":"PERUMNAS CONDONG CATUR, JALAN NUSA INDAH 2 BLOK 2, DEPOK, DERO, CONDONGCATUR, SLEMAN, KABUPATEN SLEMAN, DAERAH ISTIMEWA YOGYAKARTA 55281","ID_PROV":"34","PROVINSI":"DAERAH ISTIMEWA YOGYAKARTA","ID_KABKOT":"34.04","KABKOT":"SLEMAN","ID_KEC":"34.04.07","KECAMATAN":"DEPOK","ID_DESA":"34.04.07.2003","DESA":"CONDONGCATUR","LONGITUDE":110.4096499,"LATITUDE":-7.7556711,"STATUS":"BUKA","TANGGAL PENGUMPULAN":"Q1 2024","TANGGAL UPDATE":"28/02/2025"}},{"type":"Feature","geometry":{"coordinates":[110.4046838,-7.6248339],"type":"Point"},"properties":{"NAMA":"POSYANDU PURWO KUSUMA IV","TIPE_1":"KESEHATAN DAN PENGOBATAN","TIPE_2":"LAYANAN MASYARAKAT","TIPE_3":"POSYANDU","TELEPON":"","ALAMAT":"UNNAMED ROAD, NGELOSARI, PURWOBINANGUN, KEC. PAKEM, KABUPATEN SLEMAN, DAERAH ISTIMEWA YOGYAKARTA 55582","ID_PROV":"34","PROVINSI":"DAERAH ISTIMEWA YOGYAKARTA","ID_KABKOT":"34.04","KABKOT":"SLEMAN","ID_KEC":"34.04.16","KECAMATAN":"PAKEM","ID_DESA":"34.04.16.2001","DESA":"PURWOBINANGUN","LONGITUDE":110.4046838,"LATITUDE":-7.6248339,"STATUS":"BUKA","TANGGAL PENGUMPULAN":"Q1 2024","TANGGAL UPDATE":"28/02/2025"}},{"type":"Feature","geometry":{"coordinates":[110.402468,-7.776463],"type":"Point"},"properties":{"NAMA":"POSYANDU LANSIA \"WREDHA SUMBAGA\"","TIPE_1":"KESEHATAN DAN PENGOBATAN","TIPE_2":"LAYANAN MASYARAKAT","TIPE_3":"POSYANDU","TELEPON":"","ALAMAT":"JL. KEDAWUNG, NOLOGATEN, CATURTUNGGAL, KEC. DEPOK, KABUPATEN SLEMAN, DAERAH ISTIMEWA YOGYAKARTA 55281","ID_PROV":"34","PROVINSI":"DAERAH ISTIMEWA YOGYAKARTA","ID_KABKOT":"34.04","KABKOT":"SLEMAN","ID_KEC":"34.04.07","KECAMATAN":"DEPOK","ID_DESA":"34.04.07.2001","DESA":"CATURTUNGGAL","LONGITUDE":110.402468,"LATITUDE":-7.776463,"STATUS":"BUKA","TANGGAL PENGUMPULAN":"Q1 2024","TANGGAL UPDATE":"28/02/2025"}},{"type":"Feature","geometry":{"coordinates":[110.402408,-7.776543],"type":"Point"},"properties":{"NAMA":"POSYANDU BALITA \"GATI RINI\"","TIPE_1":"KESEHATAN DAN PENGOBATAN","TIPE_2":"LAYANAN MASYARAKAT","TIPE_3":"POSYANDU","TELEPON":"","ALAMAT":"BALAI DUSUN NOLOGATEN, NOLOGATEN, CATURTUNGGAL, KEC. DEPOK, KABUPATEN SLEMAN, DAERAH ISTIMEWA YOGYAKARTA 55281","ID_PROV":"34","PROVINSI":"DAERAH ISTIMEWA YOGYAKARTA","ID_KABKOT":"34.04","KABKOT":"SLEMAN","ID_KEC":"34.04.07","KECAMATAN":"DEPOK","ID_DESA":"34.04.07.2001","DESA":"CATURTUNGGAL","LONGITUDE":110.402408,"LATITUDE":-7.776543,"STATUS":"BUKA","TANGGAL PENGUMPULAN":"Q1 2024","TANGGAL UPDATE":"28/02/2025"}},{"type":"Feature","geometry":{"coordinates":[110.4297246,-7.7781668],"type":"Point"},"properties":{"NAMA":"POSYANDU DURIAN 1 NANGGULAN RW17 MAGUWO","TIPE_1":"KESEHATAN DAN PENGOBATAN","TIPE_2":"LAYANAN MASYARAKAT","TIPE_3":"POSYANDU","TELEPON":"","ALAMAT":"NAYAN, MAGUWOHARJO, KEC. DEPOK, KABUPATEN SLEMAN, DAERAH ISTIMEWA YOGYAKARTA 55281","ID_PROV":"34","PROVINSI":"DAERAH ISTIMEWA YOGYAKARTA","ID_KABKOT":"34.04","KABKOT":"SLEMAN","ID_KEC":"34.04.07","KECAMATAN":"DEPOK","ID_DESA":"34.04.07.2002","DESA":"MAGUWOHARJO","LONGITUDE":110.4297246,"LATITUDE":-7.7781668,"STATUS":"BUKA","TANGGAL PENGUMPULAN":"Q1 2024","TANGGAL UPDATE":"28/02/2025"}},{"type":"Feature","geometry":{"coordinates":[110.4374376,-7.7751594],"type":"Point"},"properties":{"NAMA":"POSYANDU RAMBUTAN SAMBILEGI LOR","TIPE_1":"KESEHATAN DAN PENGOBATAN","TIPE_2":"LAYANAN MASYARAKAT","TIPE_3":"POSYANDU","TELEPON":"","ALAMAT":"RT7 RW 55, SAMBILEGI LOR, MAGUWOHARJO, KEC. DEPOK, KABUPATEN SLEMAN, DAERAH ISTIMEWA YOGYAKARTA","ID_PROV":"34","PROVINSI":"DAERAH ISTIMEWA YOGYAKARTA","ID_KABKOT":"34.04","KABKOT":"SLEMAN","ID_KEC":"34.04.07","KECAMATAN":"DEPOK","ID_DESA":"34.04.07.2002","DESA":"MAGUWOHARJO","LONGITUDE":110.4374376,"LATITUDE":-7.7751594,"STATUS":"BUKA","TANGGAL PENGUMPULAN":"Q1 2024","TANGGAL UPDATE":"28/02/2025"}},{"type":"Feature","geometry":{"coordinates":[110.432835,-7.77815],"type":"Point"},"properties":{"NAMA":"POSYANDU SALAK PONDOH SAMBILEGI KIDUL","TIPE_1":"KESEHATAN DAN PENGOBATAN","TIPE_2":"LAYANAN MASYARAKAT","TIPE_3":"POSYANDU","TELEPON":"","ALAMAT":"JL. KENANGA, NANGGULAN, MAGUWOHARJO, KEC. DEPOK, KABUPATEN SLEMAN, DAERAH ISTIMEWA YOGYAKARTA 55281","ID_PROV":"34","PROVINSI":"DAERAH ISTIMEWA YOGYAKARTA","ID_KABKOT":"34.04","KABKOT":"SLEMAN","ID_KEC":"34.04.07","KECAMATAN":"DEPOK","ID_DESA":"34.04.07.2002","DESA":"MAGUWOHARJO","LONGITUDE":110.432835,"LATITUDE":-7.77815,"STATUS":"BUKA","TANGGAL PENGUMPULAN":"Q1 2024","TANGGAL UPDATE":"28/02/2025"}},{"type":"Feature","geometry":{"coordinates":[110.3294035,-7.7627402],"type":"Point"},"properties":{"NAMA":"POSYANDU \"QOLBUN SALIM\"","TIPE_1":"KESEHATAN DAN PENGOBATAN","TIPE_2":"LAYANAN MASYARAKAT","TIPE_3":"POSYANDU","TELEPON":"","ALAMAT":"MLANGI, NOGOTIRTO, KEC. GAMPING, KABUPATEN SLEMAN, DAERAH ISTIMEWA YOGYAKARTA","ID_PROV":"34","PROVINSI":"DAERAH ISTIMEWA YOGYAKARTA","ID_KABKOT":"34.04","KABKOT":"SLEMAN","ID_KEC":"34.04.01","KECAMATAN":"GAMPING","ID_DESA":"34.04.01.2004","DESA":"NOGOTIRTO","LONGITUDE":110.3294035,"LATITUDE":-7.7627402,"STATUS":"BUKA","TANGGAL PENGUMPULAN":"Q1 2024","TANGGAL UPDATE":"28/02/2025"}},{"type":"Feature","geometry":{"coordinates":[110.4174514,-7.730376],"type":"Point"},"properties":{"NAMA":"POSYANDU CEMPAKA","TIPE_1":"KESEHATAN DAN PENGOBATAN","TIPE_2":"LAYANAN MASYARAKAT","TIPE_3":"POSYANDU","TELEPON":"","ALAMAT":"CEPER, RT.03/RW.49, BAKUNGAN, WEDOMARTANI, KEC. NGEMPLAK, KABUPATEN SLEMAN, DAERAH ISTIMEWA YOGYAKARTA 55584","ID_PROV":"34","PROVINSI":"DAERAH ISTIMEWA YOGYAKARTA","ID_KABKOT":"34.04","KABKOT":"SLEMAN","ID_KEC":"34.04.11","KECAMATAN":"NGEMPLAK","ID_DESA":"34.04.11.2004","DESA":"WEDOMARTANI","LONGITUDE":110.4174514,"LATITUDE":-7.730376,"STATUS":"BUKA","TANGGAL PENGUMPULAN":"Q1 2024","TANGGAL UPDATE":"28/02/2025"}},{"type":"Feature","geometry":{"coordinates":[110.2972669,-7.7599674],"type":"Point"},"properties":{"NAMA":"DINAS KESEHATAN KAB. SLEMAN PUSKESMAS GODEAN I SIDOAGUNG","TIPE_1":"KESEHATAN DAN PENGOBATAN","TIPE_2":"LAYANAN MASYARAKAT","TIPE_3":"PUSKESMAS","TELEPON":"","ALAMAT":"KOWANAN, SIDOAGUNG, KEC. GODEAN, KABUPATEN SLEMAN, DAERAH ISTIMEWA YOGYAKARTA","ID_PROV":"34","PROVINSI":"DAERAH ISTIMEWA YOGYAKARTA","ID_KABKOT":"34.04","KABKOT":"SLEMAN","ID_KEC":"34.04.02","KECAMATAN":"GODEAN","ID_DESA":"34.04.02.2004","DESA":"SIDOAGUNG","LONGITUDE":110.2972669,"LATITUDE":-7.7599674,"STATUS":"BUKA","TANGGAL PENGUMPULAN":"Q1 2024","TANGGAL UPDATE":"28/02/2025"}},{"type":"Feature","geometry":{"coordinates":[110.5207021,-7.8193573],"type":"Point"},"properties":{"NAMA":"PUSKESMAS PEMBANTU WUKIRHARJO, PRAMBANAN, SLEMAN","TIPE_1":"KESEHATAN DAN PENGOBATAN","TIPE_2":"LAYANAN MASYARAKAT","TIPE_3":"PUSKESMAS","TELEPON":"","ALAMAT":"CANDISARI, WUKIRHARJO, KEC. PRAMBANAN, KABUPATEN SLEMAN, DAERAH ISTIMEWA YOGYAKARTA 55572","ID_PROV":"34","PROVINSI":"DAERAH ISTIMEWA YOGYAKARTA","ID_KABKOT":"34.04","KABKOT":"SLEMAN","ID_KEC":"34.04.09","KECAMATAN":"PRAMBANAN","ID_DESA":"34.04.09.2002","DESA":"WUKIRHARJO","LONGITUDE":110.5207021,"LATITUDE":-7.8193573,"STATUS":"BUKA","TANGGAL PENGUMPULAN":"Q1 2024","TANGGAL UPDATE":"28/02/2025"}},{"type":"Feature","geometry":{"coordinates":[110.4274607,-7.6003346],"type":"Point"},"properties":{"NAMA":"PUSKESMAS PEMBANTU HARGOBINANGUN PAKEM","TIPE_1":"KESEHATAN DAN PENGOBATAN","TIPE_2":"LAYANAN MASYARAKAT","TIPE_3":"PUSKESMAS","TELEPON":"","ALAMAT":"JL. PELAJAR, KALIURANG, HARGOBINANGUN, KEC. PAKEM, KABUPATEN SLEMAN, DAERAH ISTIMEWA YOGYAKARTA 55582","ID_PROV":"34","PROVINSI":"DAERAH ISTIMEWA YOGYAKARTA","ID_KABKOT":"34.04","KABKOT":"SLEMAN","ID_KEC":"34.04.16","KECAMATAN":"PAKEM","ID_DESA":"34.04.16.2005","DESA":"HARGOBINANGUN","LONGITUDE":110.4274607,"LATITUDE":-7.6003346,"STATUS":"BUKA","TANGGAL PENGUMPULAN":"Q1 2024","TANGGAL UPDATE":"28/02/2025"}},{"type":"Feature","geometry":{"coordinates":[110.4477612,-7.7880585],"type":"Point"},"properties":{"NAMA":"PUSKESMAS PEMBANTU JAGALAN","TIPE_1":"KESEHATAN DAN PENGOBATAN","TIPE_2":"LAYANAN MASYARAKAT","TIPE_3":"PUSKESMAS","TELEPON":"","ALAMAT":"SRIBIT, JL. SEKARSULI - BERBAH, SENDANGTIRTO, KEC. BERBAH, KABUPATEN SLEMAN, DAERAH ISTIMEWA YOGYAKARTA 55573","ID_PROV":"34","PROVINSI":"DAERAH ISTIMEWA YOGYAKARTA","ID_KABKOT":"34.04","KABKOT":"SLEMAN","ID_KEC":"34.04.08","KECAMATAN":"BERBAH","ID_DESA":"34.04.08.2003","DESA":"KALITIRTO","LONGITUDE":110.4477612,"LATITUDE":-7.7880585,"STATUS":"BUKA","TANGGAL PENGUMPULAN":"Q1 2024","TANGGAL UPDATE":"28/02/2025"}},{"type":"Feature","geometry":{"coordinates":[110.3072247,-7.664958],"type":"Point"},"properties":{"NAMA":"PUSKESMAS PONDOKREJO","TIPE_1":"KESEHATAN DAN PENGOBATAN","TIPE_2":"LAYANAN MASYARAKAT","TIPE_3":"PUSKESMAS","TELEPON":"","ALAMAT":"JL. BANJARHARJO, BANJARHARJO, PONDOKREJO, KEC. TEMPEL, KABUPATEN SLEMAN, DAERAH ISTIMEWA YOGYAKARTA 55552","ID_PROV":"34","PROVINSI":"DAERAH ISTIMEWA YOGYAKARTA","ID_KABKOT":"34.04","KABKOT":"SLEMAN","ID_KEC":"34.04.14","KECAMATAN":"TEMPEL","ID_DESA":"34.04.14.2004","DESA":"PONDOKREJO","LONGITUDE":110.3072247,"LATITUDE":-7.664958,"STATUS":"BUKA","TANGGAL PENGUMPULAN":"Q1 2024","TANGGAL UPDATE":"28/02/2025"}},{"type":"Feature","geometry":{"coordinates":[110.4514887,-7.624225],"type":"Point"},"properties":{"NAMA":"PUSKESMAS","TIPE_1":"KESEHATAN DAN PENGOBATAN","TIPE_2":"LAYANAN MASYARAKAT","TIPE_3":"PUSKESMAS","TELEPON":"","ALAMAT":"GLAGAREJO, PAGER JURANG, GLAGAHARJO, KEC. CANGKRINGAN, KABUPATEN SLEMAN, DAERAH ISTIMEWA YOGYAKARTA 55583","ID_PROV":"34","PROVINSI":"DAERAH ISTIMEWA YOGYAKARTA","ID_KABKOT":"34.04","KABKOT":"SLEMAN","ID_KEC":"34.04.17","KECAMATAN":"CANGKRINGAN","ID_DESA":"34.04.17.2004","DESA":"KEPUHARJO","LONGITUDE":110.4514887,"LATITUDE":-7.624225,"STATUS":"BUKA","TANGGAL PENGUMPULAN":"Q1 2024","TANGGAL UPDATE":"28/02/2025"}},{"type":"Feature","geometry":{"coordinates":[110.3310172,-7.7081397],"type":"Point"},"properties":{"NAMA":"PUSKESMAS PEMBANTU","TIPE_1":"KESEHATAN DAN PENGOBATAN","TIPE_2":"LAYANAN MASYARAKAT","TIPE_3":"PUSKESMAS","TELEPON":"","ALAMAT":"JONGGRANGAN, SUMBERADI, KEC. MLATI, KABUPATEN SLEMAN, DAERAH ISTIMEWA YOGYAKARTA","ID_PROV":"34","PROVINSI":"DAERAH ISTIMEWA YOGYAKARTA","ID_KABKOT":"34.04","KABKOT":"SLEMAN","ID_KEC":"34.04.06","KECAMATAN":"MLATI","ID_DESA":"34.04.06.2005","DESA":"SUMBERADI","LONGITUDE":110.3310172,"LATITUDE":-7.7081397,"STATUS":"BUKA","TANGGAL PENGUMPULAN":"Q1 2024","TANGGAL UPDATE":"28/02/2025"}},{"type":"Feature","geometry":{"coordinates":[110.3011606,-7.8088572],"type":"Point"},"properties":{"NAMA":"PUSKESMAS PEMBANTU GEJAWAN","TIPE_1":"KESEHATAN DAN PENGOBATAN","TIPE_2":"LAYANAN MASYARAKAT","TIPE_3":"PUSKESMAS","TELEPON":"","ALAMAT":"GG. PELANGI, GEJAWAN KULON, BALECATUR, GAMPING, SLEMAN REGENCY, SPECIAL REGION OF YOGYAKARTA 55295","ID_PROV":"34","PROVINSI":"DAERAH ISTIMEWA YOGYAKARTA","ID_KABKOT":"34.04","KABKOT":"SLEMAN","ID_KEC":"34.04.01","KECAMATAN":"GAMPING","ID_DESA":"34.04.01.2001","DESA":"BALECATUR","LONGITUDE":110.3011606,"LATITUDE":-7.8088572,"STATUS":"BUKA","TANGGAL PENGUMPULAN":"Q1 2024","TANGGAL UPDATE":"28/02/2025"}},{"type":"Feature","geometry":{"coordinates":[110.3962574,-7.7556319],"type":"Point"},"properties":{"NAMA":"PUSKESMAS PEMBANTU DEPOK II","TIPE_1":"KESEHATAN DAN PENGOBATAN","TIPE_2":"LAYANAN MASYARAKAT","TIPE_3":"PUSKESMAS","TELEPON":"","ALAMAT":"GEJAYAN, CONDONGCATUR, KEC. DEPOK, KABUPATEN SLEMAN, DAERAH ISTIMEWA YOGYAKARTA 55283","ID_PROV":"34","PROVINSI":"DAERAH ISTIMEWA YOGYAKARTA","ID_KABKOT":"34.04","KABKOT":"SLEMAN","ID_KEC":"34.04.07","KECAMATAN":"DEPOK","ID_DESA":"34.04.07.2003","DESA":"CONDONGCATUR","LONGITUDE":110.3962574,"LATITUDE":-7.7556319,"STATUS":"BUKA","TANGGAL PENGUMPULAN":"Q1 2024","TANGGAL UPDATE":"28/02/2025"}},{"type":"Feature","geometry":{"coordinates":[110.3845018,-7.6255494],"type":"Point"},"properties":{"NAMA":"PUSKESMAS","TIPE_1":"KESEHATAN DAN PENGOBATAN","TIPE_2":"LAYANAN MASYARAKAT","TIPE_3":"PUSKESMAS","TELEPON":"","ALAMAT":"99GR+48CBANGUNMULYO, GIRIKERTOKEC, KEC. TURI, KABUPATEN SLEMAN, DAERAH ISTIMEWA YOGYAKARTA 55551","ID_PROV":"34","PROVINSI":"DAERAH ISTIMEWA YOGYAKARTA","ID_KABKOT":"34.04","KABKOT":"SLEMAN","ID_KEC":"34.04.15","KECAMATAN":"TURI","ID_DESA":"34.04.15.2004","DESA":"WONOKERTO","LONGITUDE":110.3845018,"LATITUDE":-7.6255494,"STATUS":"BUKA","TANGGAL PENGUMPULAN":"Q1 2024","TANGGAL UPDATE":"28/02/2025"}},{"type":"Feature","geometry":{"coordinates":[110.3349047,-7.774464],"type":"Point"},"properties":{"NAMA":"PUSTU (PUSKESMAS PEMBANTU) NOGOTIRTO","TIPE_1":"KESEHATAN DAN PENGOBATAN","TIPE_2":"LAYANAN MASYARAKAT","TIPE_3":"PUSKESMAS","TELEPON":"","ALAMAT":"NOGOSAREN, NOGOTIRTO, KEC. GAMPING, KABUPATEN SLEMAN, DAERAH ISTIMEWA YOGYAKARTA 55592","ID_PROV":"34","PROVINSI":"DAERAH ISTIMEWA YOGYAKARTA","ID_KABKOT":"34.04","KABKOT":"SLEMAN","ID_KEC":"34.04.01","KECAMATAN":"GAMPING","ID_DESA":"34.04.01.2004","DESA":"NOGOTIRTO","LONGITUDE":110.3349047,"LATITUDE":-7.774464,"STATUS":"BUKA","TANGGAL PENGUMPULAN":"Q1 2024","TANGGAL UPDATE":"28/02/2025"}},{"type":"Feature","geometry":{"coordinates":[110.3015086,-7.7551777],"type":"Point"},"properties":{"NAMA":"PUSKESMAS PEMBANTU SEYEGAN","TIPE_1":"KESEHATAN DAN PENGOBATAN","TIPE_2":"LAYANAN MASYARAKAT","TIPE_3":"PUSKESMAS","TELEPON":"","ALAMAT":"MANDUNGAN I, MARGOLUWIH, KEC. SEYEGAN, KABUPATEN SLEMAN, DAERAH ISTIMEWA YOGYAKARTA 55561","ID_PROV":"34","PROVINSI":"DAERAH ISTIMEWA YOGYAKARTA","ID_KABKOT":"34.04","KABKOT":"SLEMAN","ID_KEC":"34.04.05","KECAMATAN":"SEYEGAN","ID_DESA":"34.04.05.2001","DESA":"MARGOLUWIH","LONGITUDE":110.3015086,"LATITUDE":-7.7551777,"STATUS":"BUKA","TANGGAL PENGUMPULAN":"Q1 2024","TANGGAL UPDATE":"28/02/2025"}},{"type":"Feature","geometry":{"coordinates":[110.4670889,-7.7698918],"type":"Point"},"properties":{"NAMA":"PUKESMAS PEMBANTU UPTD PUKESMAS KALASAN","TIPE_1":"KESEHATAN DAN PENGOBATAN","TIPE_2":"LAYANAN MASYARAKAT","TIPE_3":"PUSKESMAS","TELEPON":"(0274) 496144","ALAMAT":"JALAN KRAJAN, KARANG KALASAN, TIRTOMARTANI, KEC. KALASAN, KABUPATEN SLEMAN, DAERAH ISTIMEWA YOGYAKARTA 55571","ID_PROV":"34","PROVINSI":"DAERAH ISTIMEWA YOGYAKARTA","ID_KABKOT":"34.04","KABKOT":"SLEMAN","ID_KEC":"34.04.10","KECAMATAN":"KALASAN","ID_DESA":"34.04.10.2002","DESA":"TIRTOMARTANI","LONGITUDE":110.4670889,"LATITUDE":-7.7698918,"STATUS":"BUKA","TANGGAL PENGUMPULAN":"Q1 2024","TANGGAL UPDATE":"28/02/2025"}},{"type":"Feature","geometry":{"coordinates":[110.2463238,-7.757116],"type":"Point"},"properties":{"NAMA":"PUSKESMAS SUMBERAGUNG","TIPE_1":"KESEHATAN DAN PENGOBATAN","TIPE_2":"LAYANAN MASYARAKAT","TIPE_3":"PUSKESMAS","TELEPON":"","ALAMAT":"TURGENEN, SUMBERAGUNG, KEC. MOYUDAN, KABUPATEN SLEMAN, DAERAH ISTIMEWA YOGYAKARTA 55563","ID_PROV":"34","PROVINSI":"DAERAH ISTIMEWA YOGYAKARTA","ID_KABKOT":"34.04","KABKOT":"SLEMAN","ID_KEC":"34.04.03","KECAMATAN":"MOYUDAN","ID_DESA":"34.04.03.2003","DESA":"SUMBERAGUNG","LONGITUDE":110.2463238,"LATITUDE":-7.757116,"STATUS":"BUKA","TANGGAL PENGUMPULAN":"Q1 2024","TANGGAL UPDATE":"28/02/2025"}},{"type":"Feature","geometry":{"coordinates":[110.4327223,-7.7648553],"type":"Point"},"properties":{"NAMA":"PUSTU DEPOK 1 MAGUWOHARDJO","TIPE_1":"KESEHATAN DAN PENGOBATAN","TIPE_2":"LAYANAN MASYARAKAT","TIPE_3":"PUSKESMAS","TELEPON":"","ALAMAT":"MEGUWO, MAGUWOHARJO, KEC. DEPOK, KABUPATEN SLEMAN, DAERAH ISTIMEWA YOGYAKARTA 55281","ID_PROV":"34","PROVINSI":"DAERAH ISTIMEWA YOGYAKARTA","ID_KABKOT":"34.04","KABKOT":"SLEMAN","ID_KEC":"34.04.07","KECAMATAN":"DEPOK","ID_DESA":"34.04.07.2002","DESA":"MAGUWOHARJO","LONGITUDE":110.4327223,"LATITUDE":-7.7648553,"STATUS":"BUKA","TANGGAL PENGUMPULAN":"Q1 2024","TANGGAL UPDATE":"28/02/2025"}},{"type":"Feature","geometry":{"coordinates":[110.3099488,-7.7035645],"type":"Point"},"properties":{"NAMA":"PUSKESMAS PEMBANTU MARGOAGUNG","TIPE_1":"KESEHATAN DAN PENGOBATAN","TIPE_2":"LAYANAN MASYARAKAT","TIPE_3":"PUSKESMAS","TELEPON":"","ALAMAT":"DUKUH, MARGOAGUNG, KEC. SEYEGAN, KABUPATEN SLEMAN, DAERAH ISTIMEWA YOGYAKARTA","ID_PROV":"34","PROVINSI":"DAERAH ISTIMEWA YOGYAKARTA","ID_KABKOT":"34.04","KABKOT":"SLEMAN","ID_KEC":"34.04.05","KECAMATAN":"SEYEGAN","ID_DESA":"34.04.05.2005","DESA":"MARGOAGUNG","LONGITUDE":110.3099488,"LATITUDE":-7.7035645,"STATUS":"BUKA","TANGGAL PENGUMPULAN":"Q1 2024","TANGGAL UPDATE":"28/02/2025"}},{"type":"Feature","geometry":{"coordinates":[110.4326794,-7.764869],"type":"Point"},"properties":{"NAMA":"PUSKESMAS PEMBANTU DEPOK 1","TIPE_1":"KESEHATAN DAN PENGOBATAN","TIPE_2":"LAYANAN MASYARAKAT","TIPE_3":"PUSKESMAS","TELEPON":"","ALAMAT":"MEGUWO, MAGUWOHARJO, KEC. DEPOK, KABUPATEN SLEMAN, DAERAH ISTIMEWA YOGYAKARTA 55281","ID_PROV":"34","PROVINSI":"DAERAH ISTIMEWA YOGYAKARTA","ID_KABKOT":"34.04","KABKOT":"SLEMAN","ID_KEC":"34.04.07","KECAMATAN":"DEPOK","ID_DESA":"34.04.07.2002","DESA":"MAGUWOHARJO","LONGITUDE":110.4326794,"LATITUDE":-7.764869,"STATUS":"BUKA","TANGGAL PENGUMPULAN":"Q1 2024","TANGGAL UPDATE":"28/02/2025"}},{"type":"Feature","geometry":{"coordinates":[110.4081613,-7.7566492],"type":"Point"},"properties":{"NAMA":"PUSKESMAS DEPOK II","TIPE_1":"KESEHATAN DAN PENGOBATAN","TIPE_2":"LAYANAN MASYARAKAT","TIPE_3":"PUSKESMAS","TELEPON":"(0274) 887797","ALAMAT":"JL. LELY III, PERUMNAS CONDONG CATUR, CONDONGCATUR, KEC. DEPOK, KABUPATEN SLEMAN, DAERAH ISTIMEWA YOGYAKARTA 55283","ID_PROV":"34","PROVINSI":"DAERAH ISTIMEWA YOGYAKARTA","ID_KABKOT":"34.04","KABKOT":"SLEMAN","ID_KEC":"34.04.07","KECAMATAN":"DEPOK","ID_DESA":"34.04.07.2003","DESA":"CONDONGCATUR","LONGITUDE":110.4081613,"LATITUDE":-7.7566492,"STATUS":"BUKA","TANGGAL PENGUMPULAN":"Q1 2024","TANGGAL UPDATE":"28/02/2025"}},{"type":"Feature","geometry":{"coordinates":[110.456484,-7.6648524],"type":"Point"},"properties":{"NAMA":"PUSKESMAS CANGKRINGAN","TIPE_1":"KESEHATAN DAN PENGOBATAN","TIPE_2":"LAYANAN MASYARAKAT","TIPE_3":"PUSKESMAS","TELEPON":"(0274) 2860007","ALAMAT":"PANGGUNG, DS. ARGOMULYO, KEC. CANGKRINGAN, 5583, JARANAN, ARGOMULYO, SLEMAN, KABUPATEN SLEMAN, DAERAH ISTIMEWA YOGYAKARTA 55583","ID_PROV":"34","PROVINSI":"DAERAH ISTIMEWA YOGYAKARTA","ID_KABKOT":"34.04","KABKOT":"SLEMAN","ID_KEC":"34.04.17","KECAMATAN":"CANGKRINGAN","ID_DESA":"34.04.17.2001","DESA":"ARGOMULYO","LONGITUDE":110.456484,"LATITUDE":-7.6648524,"STATUS":"BUKA","TANGGAL PENGUMPULAN":"Q1 2024","TANGGAL UPDATE":"28/02/2025"}},{"type":"Feature","geometry":{"coordinates":[110.4654452,-7.6996661],"type":"Point"},"properties":{"NAMA":"PUSKESMAS NGEMPLAK I","TIPE_1":"KESEHATAN DAN PENGOBATAN","TIPE_2":"LAYANAN MASYARAKAT","TIPE_3":"PUSKESMAS","TELEPON":"","ALAMAT":"JL. KOROULON, AREA SAWAH, BIMOMARTANI, KEC. NGEMPLAK, KABUPATEN SLEMAN, DAERAH ISTIMEWA YOGYAKARTA 55584","ID_PROV":"34","PROVINSI":"DAERAH ISTIMEWA YOGYAKARTA","ID_KABKOT":"34.04","KABKOT":"SLEMAN","ID_KEC":"34.04.11","KECAMATAN":"NGEMPLAK","ID_DESA":"34.04.11.2002","DESA":"BIMOMARTANI","LONGITUDE":110.4654452,"LATITUDE":-7.6996661,"STATUS":"BUKA","TANGGAL PENGUMPULAN":"Q1 2024","TANGGAL UPDATE":"28/02/2025"}},{"type":"Feature","geometry":{"coordinates":[110.4445864,-7.7031577],"type":"Point"},"properties":{"NAMA":"PUSKESMAS NGEMPLAK 2","TIPE_1":"KESEHATAN DAN PENGOBATAN","TIPE_2":"LAYANAN MASYARAKAT","TIPE_3":"PUSKESMAS","TELEPON":"(0274) 4461277","ALAMAT":"JALAN BESI JANGKANG KM. 3, WIDODOMARTANI, NGEMPLAK, AREA SAWAH, MAGUWOHARJO, KEC. DEPOK, KABUPATEN SLEMAN, DAERAH ISTIMEWA YOGYAKARTA 55584","ID_PROV":"34","PROVINSI":"DAERAH ISTIMEWA YOGYAKARTA","ID_KABKOT":"34.04","KABKOT":"SLEMAN","ID_KEC":"34.04.11","KECAMATAN":"NGEMPLAK","ID_DESA":"34.04.11.2003","DESA":"WIDODOMARTANI","LONGITUDE":110.4445864,"LATITUDE":-7.7031577,"STATUS":"BUKA","TANGGAL PENGUMPULAN":"Q1 2024","TANGGAL UPDATE":"28/02/2025"}},{"type":"Feature","geometry":{"coordinates":[110.3283293,-7.7327484],"type":"Point"},"properties":{"NAMA":"PUSKESMAS MLATI 2","TIPE_1":"KESEHATAN DAN PENGOBATAN","TIPE_2":"LAYANAN MASYARAKAT","TIPE_3":"PUSKESMAS","TELEPON":"(0274) 865909","ALAMAT":"JL. KEBON AGUNG, CABAKAN, SUMBERADI, KEC. MLATI, KABUPATEN SLEMAN, DAERAH ISTIMEWA YOGYAKARTA 55286","ID_PROV":"34","PROVINSI":"DAERAH ISTIMEWA YOGYAKARTA","ID_KABKOT":"34.04","KABKOT":"SLEMAN","ID_KEC":"34.04.06","KECAMATAN":"MLATI","ID_DESA":"34.04.06.2005","DESA":"SUMBERADI","LONGITUDE":110.3283293,"LATITUDE":-7.7327484,"STATUS":"BUKA","TANGGAL PENGUMPULAN":"Q1 2024","TANGGAL UPDATE":"28/02/2025"}},{"type":"Feature","geometry":{"coordinates":[110.4088335,-7.7779014],"type":"Point"},"properties":{"NAMA":"KLINIK MEI MUHARTATI. S SIT","TIPE_1":"KESEHATAN DAN PENGOBATAN","TIPE_2":"KLINIK","TIPE_3":"KLINIK UMUM","TELEPON":"0812-2950-562","ALAMAT":"JL. RAYA KLEDOKAN NO.202 BLOK D, TEMPEL, CATURTUNGGAL, KEC. DEPOK, KABUPATEN SLEMAN, DAERAH ISTIMEWA YOGYAKARTA 55281","ID_PROV":"34","PROVINSI":"DAERAH ISTIMEWA YOGYAKARTA","ID_KABKOT":"34.04","KABKOT":"SLEMAN","ID_KEC":"34.04.07","KECAMATAN":"DEPOK","ID_DESA":"34.04.07.2001","DESA":"CATURTUNGGAL","LONGITUDE":110.4088335,"LATITUDE":-7.7779014,"STATUS":"BUKA","TANGGAL PENGUMPULAN":"Q1 2024","TANGGAL UPDATE":"28/02/2025"}},{"type":"Feature","geometry":{"coordinates":[110.3785885,-7.7321904],"type":"Point"},"properties":{"NAMA":"DOKTER UMUM DR.ANNISA MAHARANI","TIPE_1":"KESEHATAN DAN PENGOBATAN","TIPE_2":"KLINIK","TIPE_3":"KLINIK UMUM","TELEPON":"0858-6950-7542","ALAMAT":"JL. PALAGAN TENTARA PELAJAR NO.8, RW.21, MUDAL, SARIHARJO, KEC. NGAGLIK, KABUPATEN SLEMAN, DAERAH ISTIMEWA YOGYAKARTA 55581","ID_PROV":"34","PROVINSI":"DAERAH ISTIMEWA YOGYAKARTA","ID_KABKOT":"34.04","KABKOT":"SLEMAN","ID_KEC":"34.04.12","KECAMATAN":"NGAGLIK","ID_DESA":"34.04.12.2001","DESA":"SARIHARJO","LONGITUDE":110.3785885,"LATITUDE":-7.7321904,"STATUS":"BUKA","TANGGAL PENGUMPULAN":"Q1 2024","TANGGAL UPDATE":"28/02/2025"}},{"type":"Feature","geometry":{"coordinates":[110.4310287,-7.7828038],"type":"Point"},"properties":{"NAMA":"KLINIK ANI NURHAYATI. AMD KEB","TIPE_1":"KESEHATAN DAN PENGOBATAN","TIPE_2":"KLINIK","TIPE_3":"KLINIK UMUM","TELEPON":"0815-6861-135","ALAMAT":"NGLAREN, RT.03 / RW.24, CONDONGCATUR, DEPOK, KEMBANG, MAGUWOHARJO, KEC. DEPOK, KABUPATEN SLEMAN, DAERAH ISTIMEWA YOGYAKARTA 55281","ID_PROV":"34","PROVINSI":"DAERAH ISTIMEWA YOGYAKARTA","ID_KABKOT":"34.04","KABKOT":"SLEMAN","ID_KEC":"34.04.07","KECAMATAN":"DEPOK","ID_DESA":"34.04.07.2002","DESA":"MAGUWOHARJO","LONGITUDE":110.4310287,"LATITUDE":-7.7828038,"STATUS":"BUKA","TANGGAL PENGUMPULAN":"Q1 2024","TANGGAL UPDATE":"28/02/2025"}},{"type":"Feature","geometry":{"coordinates":[110.3768222,-7.769501],"type":"Point"},"properties":{"NAMA":"DOKTER SOEBAGIO LOEHOERI","TIPE_1":"KESEHATAN DAN PENGOBATAN","TIPE_2":"KLINIK","TIPE_3":"KLINIK UMUM","TELEPON":"(0274) 561987","ALAMAT":"JL. KALIURANG KM 5, 7, SENDOWO, SINDUADI, KEC. MLATI, KABUPATEN SLEMAN, DAERAH ISTIMEWA YOGYAKARTA 55582","ID_PROV":"34","PROVINSI":"DAERAH ISTIMEWA YOGYAKARTA","ID_KABKOT":"34.04","KABKOT":"SLEMAN","ID_KEC":"34.04.06","KECAMATAN":"MLATI","ID_DESA":"34.04.06.2001","DESA":"SINDUADI","LONGITUDE":110.3768222,"LATITUDE":-7.769501,"STATUS":"BUKA","TANGGAL PENGUMPULAN":"Q1 2024","TANGGAL UPDATE":"28/02/2025"}},{"type":"Feature","geometry":{"coordinates":[110.3842658,-7.7530484],"type":"Point"},"properties":{"NAMA":"KLINIK 24 JAM KIMIA FARMA","TIPE_1":"KESEHATAN DAN PENGOBATAN","TIPE_2":"KLINIK","TIPE_3":"KLINIK UMUM","TELEPON":"","ALAMAT":"JALAN KALIURANG NO.48, CATURTUNGGAL, MLATI, PURWOSARI, SINDUADI, KEC. MLATI, KABUPATEN SLEMAN, DAERAH ISTIMEWA YOGYAKARTA 55281","ID_PROV":"34","PROVINSI":"DAERAH ISTIMEWA YOGYAKARTA","ID_KABKOT":"34.04","KABKOT":"SLEMAN","ID_KEC":"34.04.07","KECAMATAN":"DEPOK","ID_DESA":"34.04.07.2001","DESA":"CATURTUNGGAL","LONGITUDE":110.3842658,"LATITUDE":-7.7530484,"STATUS":"BUKA","TANGGAL PENGUMPULAN":"Q1 2024","TANGGAL UPDATE":"28/02/2025"}},{"type":"Feature","geometry":{"coordinates":[110.4069442,-7.7160554],"type":"Point"},"properties":{"NAMA":"KLINIK PRATAMA SATRIA GADINGAN","TIPE_1":"KESEHATAN DAN PENGOBATAN","TIPE_2":"KLINIK","TIPE_3":"KLINIK UMUM","TELEPON":"0851-0040-1890","ALAMAT":"JL. KALIURANG NO.9 NO.KM.10, GADINGAN, SINDUHARJO, KEC. NGAGLIK, KABUPATEN SLEMAN, DAERAH ISTIMEWA YOGYAKARTA 55581","ID_PROV":"34","PROVINSI":"DAERAH ISTIMEWA YOGYAKARTA","ID_KABKOT":"34.04","KABKOT":"SLEMAN","ID_KEC":"34.04.12","KECAMATAN":"NGAGLIK","ID_DESA":"34.04.12.2003","DESA":"SINDUHARJO","LONGITUDE":110.4069442,"LATITUDE":-7.7160554,"STATUS":"BUKA","TANGGAL PENGUMPULAN":"Q1 2024","TANGGAL UPDATE":"28/02/2025"}},{"type":"Feature","geometry":{"coordinates":[110.4106983,-7.766197],"type":"Point"},"properties":{"NAMA":"PRAKTEK DOKTER DR. FRISKA W. YANONG","TIPE_1":"KESEHATAN DAN PENGOBATAN","TIPE_2":"KLINIK","TIPE_3":"KLINIK UMUM","TELEPON":"(0274) 486617","ALAMAT":"JL. SETURAN RAYA, KLEDOKAN, CATURTUNGGAL, KEC. DEPOK, KABUPATEN SLEMAN, DAERAH ISTIMEWA YOGYAKARTA 55281","ID_PROV":"34","PROVINSI":"DAERAH ISTIMEWA YOGYAKARTA","ID_KABKOT":"34.04","KABKOT":"SLEMAN","ID_KEC":"34.04.07","KECAMATAN":"DEPOK","ID_DESA":"34.04.07.2001","DESA":"CATURTUNGGAL","LONGITUDE":110.4106983,"LATITUDE":-7.766197,"STATUS":"BUKA","TANGGAL PENGUMPULAN":"Q1 2024","TANGGAL UPDATE":"28/02/2025"}},{"type":"Feature","geometry":{"coordinates":[110.3547324,-7.7440516],"type":"Point"},"properties":{"NAMA":"INDARWATI S HJ DR","TIPE_1":"KESEHATAN DAN PENGOBATAN","TIPE_2":"KLINIK","TIPE_3":"KLINIK UMUM","TELEPON":"(0274) 4362268","ALAMAT":"NGEMPLAK NGANTI, SENDANGADI, MLATI, PERUM CASADEL ESPANA KAV 14, MLATI KRAJAN, SENDANGADI, KEC. SLEMAN, KABUPATEN SLEMAN, DAERAH ISTIMEWA YOGYAKARTA 55285","ID_PROV":"34","PROVINSI":"DAERAH ISTIMEWA YOGYAKARTA","ID_KABKOT":"34.04","KABKOT":"SLEMAN","ID_KEC":"34.04.06","KECAMATAN":"MLATI","ID_DESA":"34.04.06.2002","DESA":"SENDANGADI","LONGITUDE":110.3547324,"LATITUDE":-7.7440516,"STATUS":"BUKA","TANGGAL PENGUMPULAN":"Q1 2024","TANGGAL UPDATE":"28/02/2025"}},{"type":"Feature","geometry":{"coordinates":[110.4406968,-7.7804462],"type":"Point"},"properties":{"NAMA":"SOROGENEN MEDICAL CENTER ( PRAKTIK DOKTER YALTAFIT ABROR JEEM)","TIPE_1":"KESEHATAN DAN PENGOBATAN","TIPE_2":"KLINIK","TIPE_3":"KLINIK UMUM","TELEPON":"0856-4366-1294","ALAMAT":"JL. SOROGENEN II GG. BEO NO.93, SOROGENAN II, PURWOMARTANI, KEC. KALASAN, KABUPATEN SLEMAN, DAERAH ISTIMEWA YOGYAKARTA 55571","ID_PROV":"34","PROVINSI":"DAERAH ISTIMEWA YOGYAKARTA","ID_KABKOT":"34.04","KABKOT":"SLEMAN","ID_KEC":"34.04.10","KECAMATAN":"KALASAN","ID_DESA":"34.04.10.2001","DESA":"PURWOMARTANI","LONGITUDE":110.4406968,"LATITUDE":-7.7804462,"STATUS":"BUKA","TANGGAL PENGUMPULAN":"Q1 2024","TANGGAL UPDATE":"28/02/2025"}},{"type":"Feature","geometry":{"coordinates":[110.4616038,-7.7986152],"type":"Point"},"properties":{"NAMA":"KLINIK ELEKTRO","TIPE_1":"KESEHATAN DAN PENGOBATAN","TIPE_2":"KLINIK","TIPE_3":"KLINIK UMUM","TELEPON":"0822-2710-2575","ALAMAT":"PERUMAHAN DIRGANTARA ASRI, BLOK J3, JRAGUNG, JOGOTIRTO, KEC. BERBAH, KABUPATEN SLEMAN, DAERAH ISTIMEWA YOGYAKARTA 55573","ID_PROV":"34","PROVINSI":"DAERAH ISTIMEWA YOGYAKARTA","ID_KABKOT":"34.04","KABKOT":"SLEMAN","ID_KEC":"34.04.08","KECAMATAN":"BERBAH","ID_DESA":"34.04.08.2004","DESA":"JOGOTIRTO","LONGITUDE":110.4616038,"LATITUDE":-7.7986152,"STATUS":"BUKA","TANGGAL PENGUMPULAN":"Q1 2024","TANGGAL UPDATE":"28/02/2025"}},{"type":"Feature","geometry":{"coordinates":[110.4787496,-7.736097],"type":"Point"},"properties":{"NAMA":"KLINIK RH MEDIKA KALASAN (UMUM DAN BPJS)","TIPE_1":"KESEHATAN DAN PENGOBATAN","TIPE_2":"KLINIK","TIPE_3":"KLINIK UMUM","TELEPON":"0813-2888-3225","ALAMAT":"JL. TULUNG TAMANMARTANI NO.1, RINGIN SARI, TAMANMARTANI, KEC. KALASAN, KABUPATEN SLEMAN, DAERAH ISTIMEWA YOGYAKARTA 55571","ID_PROV":"34","PROVINSI":"DAERAH ISTIMEWA YOGYAKARTA","ID_KABKOT":"34.04","KABKOT":"SLEMAN","ID_KEC":"34.04.10","KECAMATAN":"KALASAN","ID_DESA":"34.04.10.2003","DESA":"TAMANMARTANI","LONGITUDE":110.4787496,"LATITUDE":-7.736097,"STATUS":"BUKA","TANGGAL PENGUMPULAN":"Q1 2024","TANGGAL UPDATE":"28/02/2025"}},{"type":"Feature","geometry":{"coordinates":[110.3908148,-7.7515308],"type":"Point"},"properties":{"NAMA":"KLINIK PRATAMA YONIF 403","TIPE_1":"KESEHATAN DAN PENGOBATAN","TIPE_2":"KLINIK","TIPE_3":"KLINIK UMUM","TELEPON":"","ALAMAT":"KENTUNGAN, CONDONGCATUR, KEC. DEPOK, KABUPATEN SLEMAN, DAERAH ISTIMEWA YOGYAKARTA 55281","ID_PROV":"34","PROVINSI":"DAERAH ISTIMEWA YOGYAKARTA","ID_KABKOT":"34.04","KABKOT":"SLEMAN","ID_KEC":"34.04.07","KECAMATAN":"DEPOK","ID_DESA":"34.04.07.2003","DESA":"CONDONGCATUR","LONGITUDE":110.3908148,"LATITUDE":-7.7515308,"STATUS":"BUKA","TANGGAL PENGUMPULAN":"Q1 2024","TANGGAL UPDATE":"28/02/2025"}},{"type":"Feature","geometry":{"coordinates":[110.4461981,-7.7851177],"type":"Point"},"properties":{"NAMA":"KLINIK HERBAL","TIPE_1":"KESEHATAN DAN PENGOBATAN","TIPE_2":"KLINIK","TIPE_3":"KLINIK UMUM","TELEPON":"","ALAMAT":"JAGALAN, TEGALTIRTO, KEC. BERBAH, KABUPATEN SLEMAN, DAERAH ISTIMEWA YOGYAKARTA","ID_PROV":"34","PROVINSI":"DAERAH ISTIMEWA YOGYAKARTA","ID_KABKOT":"34.04","KABKOT":"SLEMAN","ID_KEC":"34.04.08","KECAMATAN":"BERBAH","ID_DESA":"34.04.08.2002","DESA":"TEGALTIRTO","LONGITUDE":110.4461981,"LATITUDE":-7.7851177,"STATUS":"BUKA","TANGGAL PENGUMPULAN":"Q1 2024","TANGGAL UPDATE":"28/02/2025"}},{"type":"Feature","geometry":{"coordinates":[110.3774705,-7.7427605],"type":"Point"},"properties":{"NAMA":"DR. YO SKIN CURE","TIPE_1":"KESEHATAN DAN PENGOBATAN","TIPE_2":"KLINIK","TIPE_3":"KLINIK KECANTIKAN","TELEPON":"0852-9256-2232","ALAMAT":"9A NO.126, JL. NGLEMPONG SARI JL. LEMPONGSARI RAYA, RANDUGUANG, SARIHARJO, NGAGLIK, SLEMAN REGENCY, SPECIAL REGION OF YOGYAKARTA 55581","ID_PROV":"34","PROVINSI":"DAERAH ISTIMEWA YOGYAKARTA","ID_KABKOT":"34.04","KABKOT":"SLEMAN","ID_KEC":"34.04.12","KECAMATAN":"NGAGLIK","ID_DESA":"34.04.12.2001","DESA":"SARIHARJO","LONGITUDE":110.3774705,"LATITUDE":-7.7427605,"STATUS":"BUKA","TANGGAL PENGUMPULAN":"Q1 2024","TANGGAL UPDATE":"28/02/2025"}},{"type":"Feature","geometry":{"coordinates":[110.3817212,-7.7578925],"type":"Point"},"properties":{"NAMA":"NATASHA SKIN CLINIC CENTER","TIPE_1":"KESEHATAN DAN PENGOBATAN","TIPE_2":"KLINIK","TIPE_3":"KLINIK KECANTIKAN","TELEPON":"(0274) 542040","ALAMAT":"KM.5 NO, JL. KALIURANG KM.5 NO.53 2ND FLOOR, MANGGUNG, CATURTUNGGAL, KEC. DEPOK, KABUPATEN SLEMAN, DAERAH ISTIMEWA YOGYAKARTA 55281","ID_PROV":"34","PROVINSI":"DAERAH ISTIMEWA YOGYAKARTA","ID_KABKOT":"34.04","KABKOT":"SLEMAN","ID_KEC":"34.04.07","KECAMATAN":"DEPOK","ID_DESA":"34.04.07.2001","DESA":"CATURTUNGGAL","LONGITUDE":110.3817212,"LATITUDE":-7.7578925,"STATUS":"BUKA","TANGGAL PENGUMPULAN":"Q1 2024","TANGGAL UPDATE":"28/02/2025"}},{"type":"Feature","geometry":{"coordinates":[110.443556,-7.7816853],"type":"Point"},"properties":{"NAMA":"KLINIK BPM R. WIDYAWATI","TIPE_1":"KESEHATAN DAN PENGOBATAN","TIPE_2":"KLINIK","TIPE_3":"KLINIK SPESIALIS LAINNYA","TELEPON":"0812-2611-1284","ALAMAT":"JALAN CANDI SAMBISARI #127 JUWANGEN KALASAN PURWOMARTANI SLEMAN, JUWANGEN, PURWOMARTANI, KEC. KALASAN, KABUPATEN SLEMAN, DAERAH ISTIMEWA YOGYAKARTA 55571","ID_PROV":"34","PROVINSI":"DAERAH ISTIMEWA YOGYAKARTA","ID_KABKOT":"34.04","KABKOT":"SLEMAN","ID_KEC":"34.04.10","KECAMATAN":"KALASAN","ID_DESA":"34.04.10.2001","DESA":"PURWOMARTANI","LONGITUDE":110.443556,"LATITUDE":-7.7816853,"STATUS":"BUKA","TANGGAL PENGUMPULAN":"Q1 2024","TANGGAL UPDATE":"28/02/2025"}},{"type":"Feature","geometry":{"coordinates":[110.4302141,-7.7844582],"type":"Point"},"properties":{"NAMA":"PRAKTEK DR PARYONO SPS(K)","TIPE_1":"KESEHATAN DAN PENGOBATAN","TIPE_2":"KLINIK","TIPE_3":"KLINIK SPESIALIS LAINNYA","TELEPON":"0858-6633-3988","ALAMAT":"JL. MANGGA NO.8, KEMBANG, MAGUWOHARJO, KEC. DEPOK, KABUPATEN SLEMAN, DAERAH ISTIMEWA YOGYAKARTA 55281","ID_PROV":"34","PROVINSI":"DAERAH ISTIMEWA YOGYAKARTA","ID_KABKOT":"34.04","KABKOT":"SLEMAN","ID_KEC":"34.04.07","KECAMATAN":"DEPOK","ID_DESA":"34.04.07.2002","DESA":"MAGUWOHARJO","LONGITUDE":110.4302141,"LATITUDE":-7.7844582,"STATUS":"BUKA","TANGGAL PENGUMPULAN":"Q1 2024","TANGGAL UPDATE":"28/02/2025"}},{"type":"Feature","geometry":{"coordinates":[110.3736829,-7.7444533],"type":"Point"},"properties":{"NAMA":"FOID - SPESIALIS PERAWATAN LUKA DIABETES","TIPE_1":"KESEHATAN DAN PENGOBATAN","TIPE_2":"KLINIK","TIPE_3":"KLINIK SPESIALIS LAINNYA","TELEPON":"0813-2923-6141","ALAMAT":"JL. PALAGAN TENTARA PELAJAR NO.72, PANGGUNG SARI, SARIHARJO, KEC. NGAGLIK, KABUPATEN SLEMAN, DAERAH ISTIMEWA YOGYAKARTA 55581","ID_PROV":"34","PROVINSI":"DAERAH ISTIMEWA YOGYAKARTA","ID_KABKOT":"34.04","KABKOT":"SLEMAN","ID_KEC":"34.04.12","KECAMATAN":"NGAGLIK","ID_DESA":"34.04.12.2001","DESA":"SARIHARJO","LONGITUDE":110.3736829,"LATITUDE":-7.7444533,"STATUS":"BUKA","TANGGAL PENGUMPULAN":"Q1 2024","TANGGAL UPDATE":"28/02/2025"}},{"type":"Feature","geometry":{"coordinates":[110.4193058,-7.6853217],"type":"Point"},"properties":{"NAMA":"OPTIK SINAR DUNIA","TIPE_1":"KESEHATAN DAN PENGOBATAN","TIPE_2":"KLINIK","TIPE_3":"KLINIK MATA","TELEPON":"0812-2757-349","ALAMAT":"JALAN KALIURANG KM.14,5 KOMPLEKS PASAR DEGOLAN NO.13 UMBULMARTANI NGEMPLAK, NGEMPLAK, UMBULMARTANI, KEC. NGEMPLAK, KABUPATEN SLEMAN, DAERAH ISTIMEWA YOGYAKARTA 55584","ID_PROV":"34","PROVINSI":"DAERAH ISTIMEWA YOGYAKARTA","ID_KABKOT":"34.04","KABKOT":"SLEMAN","ID_KEC":"34.04.11","KECAMATAN":"NGEMPLAK","ID_DESA":"34.04.11.2005","DESA":"UMBULMARTANI","LONGITUDE":110.4193058,"LATITUDE":-7.6853217,"STATUS":"BUKA","TANGGAL PENGUMPULAN":"Q1 2024","TANGGAL UPDATE":"28/02/2025"}},{"type":"Feature","geometry":{"coordinates":[110.422374,-7.7821247],"type":"Point"},"properties":{"NAMA":"KLINIK AMBEIEN HAUZHEN","TIPE_1":"KESEHATAN DAN PENGOBATAN","TIPE_2":"KLINIK","TIPE_3":"KLINIK SPESIALIS LAINNYA","TELEPON":"","ALAMAT":"NAYAN, MAGUWOHARJO, KEC. DEPOK, KABUPATEN SLEMAN, DAERAH ISTIMEWA YOGYAKARTA 55281","ID_PROV":"34","PROVINSI":"DAERAH ISTIMEWA YOGYAKARTA","ID_KABKOT":"34.04","KABKOT":"SLEMAN","ID_KEC":"34.04.07","KECAMATAN":"DEPOK","ID_DESA":"34.04.07.2002","DESA":"MAGUWOHARJO","LONGITUDE":110.422374,"LATITUDE":-7.7821247,"STATUS":"BUKA","TANGGAL PENGUMPULAN":"Q1 2024","TANGGAL UPDATE":"28/02/2025"}},{"type":"Feature","geometry":{"coordinates":[110.3320758,-7.7998896],"type":"Point"},"properties":{"NAMA":"RUMAT GAMPING - SPESIALIS PERAWATAN LUKA DIABETES","TIPE_1":"KESEHATAN DAN PENGOBATAN","TIPE_2":"KLINIK","TIPE_3":"KLINIK SPESIALIS LAINNYA","TELEPON":"0811-1340-7300","ALAMAT":"WATES ST NO.KM 4, PELEMGURIH, BANYURADEN, GAMPING, SLEMAN REGENCY, SPECIAL REGION OF YOGYAKARTA 55293","ID_PROV":"34","PROVINSI":"DAERAH ISTIMEWA YOGYAKARTA","ID_KABKOT":"34.04","KABKOT":"SLEMAN","ID_KEC":"34.04.01","KECAMATAN":"GAMPING","ID_DESA":"34.04.01.2003","DESA":"BANYURADEN","LONGITUDE":110.3320758,"LATITUDE":-7.7998896,"STATUS":"BUKA","TANGGAL PENGUMPULAN":"Q1 2024","TANGGAL UPDATE":"28/02/2025"}},{"type":"Feature","geometry":{"coordinates":[110.4584415,-7.7768085],"type":"Point"},"properties":{"NAMA":"KHITAN DOKTER SPESIALIS DI JOGJA","TIPE_1":"KESEHATAN DAN PENGOBATAN","TIPE_2":"KLINIK","TIPE_3":"KLINIK SPESIALIS LAINNYA","TELEPON":"0852-8000-2010","ALAMAT":"JL. RAYA SOLO - YOGYAKARTA NO.125, TEMANGGAL II, TIRTOMARTANI, KALASAN, SLEMAN REGENCY, SPECIAL REGION OF YOGYAKARTA 55571","ID_PROV":"34","PROVINSI":"DAERAH ISTIMEWA YOGYAKARTA","ID_KABKOT":"34.04","KABKOT":"SLEMAN","ID_KEC":"34.04.10","KECAMATAN":"KALASAN","ID_DESA":"34.04.10.2002","DESA":"TIRTOMARTANI","LONGITUDE":110.4584415,"LATITUDE":-7.7768085,"STATUS":"BUKA","TANGGAL PENGUMPULAN":"Q1 2024","TANGGAL UPDATE":"28/02/2025"}},{"type":"Feature","geometry":{"coordinates":[110.3951023,-7.7559798],"type":"Point"},"properties":{"NAMA":"MYDERVIA","TIPE_1":"KESEHATAN DAN PENGOBATAN","TIPE_2":"KLINIK","TIPE_3":"KLINIK SPESIALIS LAINNYA","TELEPON":"0813-1313-4433","ALAMAT":"JL. WIRA JAYA NO.315, GEJAYAN, CONDONGCATUR, KEC. DEPOK, KABUPATEN SLEMAN, DAERAH ISTIMEWA YOGYAKARTA 55283","ID_PROV":"34","PROVINSI":"DAERAH ISTIMEWA YOGYAKARTA","ID_KABKOT":"34.04","KABKOT":"SLEMAN","ID_KEC":"34.04.07","KECAMATAN":"DEPOK","ID_DESA":"34.04.07.2003","DESA":"CONDONGCATUR","LONGITUDE":110.3951023,"LATITUDE":-7.7559798,"STATUS":"BUKA","TANGGAL PENGUMPULAN":"Q1 2024","TANGGAL UPDATE":"28/02/2025"}},{"type":"Feature","geometry":{"coordinates":[110.4396665,-7.7635564],"type":"Point"},"properties":{"NAMA":"FABLOOPS BEAUTY CENTER","TIPE_1":"KESEHATAN DAN PENGOBATAN","TIPE_2":"KLINIK","TIPE_3":"KLINIK KECANTIKAN","TELEPON":"0819-5272-1199","ALAMAT":"JL. P. DIPONEGORO NO.22, SEMBEGO, MAGUWOHARJO, KEC. DEPOK, KABUPATEN SLEMAN, DAERAH ISTIMEWA YOGYAKARTA 55281","ID_PROV":"34","PROVINSI":"DAERAH ISTIMEWA YOGYAKARTA","ID_KABKOT":"34.04","KABKOT":"SLEMAN","ID_KEC":"34.04.07","KECAMATAN":"DEPOK","ID_DESA":"34.04.07.2002","DESA":"MAGUWOHARJO","LONGITUDE":110.4396665,"LATITUDE":-7.7635564,"STATUS":"BUKA","TANGGAL PENGUMPULAN":"Q1 2024","TANGGAL UPDATE":"28/02/2025"}},{"type":"Feature","geometry":{"coordinates":[110.4142346,-7.781615],"type":"Point"},"properties":{"NAMA":"KLINIK GIGI MAX+ DENTAL CARE BABARSARI","TIPE_1":"KESEHATAN DAN PENGOBATAN","TIPE_2":"KLINIK","TIPE_3":"KLINIK DAN DOKTER GIGI","TELEPON":"0878-8089-0892","ALAMAT":"JL. BABARSARI NO.11, JANTI, CATURTUNGGAL, KEC. DEPOK, KABUPATEN SLEMAN, DAERAH ISTIMEWA YOGYAKARTA 55281","ID_PROV":"34","PROVINSI":"DAERAH ISTIMEWA YOGYAKARTA","ID_KABKOT":"34.04","KABKOT":"SLEMAN","ID_KEC":"34.04.07","KECAMATAN":"DEPOK","ID_DESA":"34.04.07.2001","DESA":"CATURTUNGGAL","LONGITUDE":110.4142346,"LATITUDE":-7.781615,"STATUS":"BUKA","TANGGAL PENGUMPULAN":"Q1 2024","TANGGAL UPDATE":"28/02/2025"}},{"type":"Feature","geometry":{"coordinates":[110.4819429,-7.8147251],"type":"Point"},"properties":{"NAMA":"KLINIK NARANDA","TIPE_1":"KESEHATAN DAN PENGOBATAN","TIPE_2":"KLINIK","TIPE_3":"KLINIK DAN DOKTER GIGI","TELEPON":"0813-5049-0509","ALAMAT":"55573, BULU, JOGOTIRTO, KEC. BERBAH, KABUPATEN SLEMAN, DAERAH ISTIMEWA YOGYAKARTA 55573","ID_PROV":"34","PROVINSI":"DAERAH ISTIMEWA YOGYAKARTA","ID_KABKOT":"34.04","KABKOT":"SLEMAN","ID_KEC":"34.04.08","KECAMATAN":"BERBAH","ID_DESA":"34.04.08.2004","DESA":"JOGOTIRTO","LONGITUDE":110.4819429,"LATITUDE":-7.8147251,"STATUS":"BUKA","TANGGAL PENGUMPULAN":"Q1 2024","TANGGAL UPDATE":"28/02/2025"}},{"type":"Feature","geometry":{"coordinates":[110.4494727,-7.7921106],"type":"Point"},"properties":{"NAMA":"DENTAL QUEEN","TIPE_1":"KESEHATAN DAN PENGOBATAN","TIPE_2":"KLINIK","TIPE_3":"KLINIK DAN DOKTER GIGI","TELEPON":"0882-2866-0612","ALAMAT":"RT.001/RW.07, BEDILAN, KALITIRTO, KEC. BERBAH, KABUPATEN SLEMAN, DAERAH ISTIMEWA YOGYAKARTA 55573","ID_PROV":"34","PROVINSI":"DAERAH ISTIMEWA YOGYAKARTA","ID_KABKOT":"34.04","KABKOT":"SLEMAN","ID_KEC":"34.04.08","KECAMATAN":"BERBAH","ID_DESA":"34.04.08.2003","DESA":"KALITIRTO","LONGITUDE":110.4494727,"LATITUDE":-7.7921106,"STATUS":"BUKA","TANGGAL PENGUMPULAN":"Q1 2024","TANGGAL UPDATE":"28/02/2025"}},{"type":"Feature","geometry":{"coordinates":[110.4462678,-7.8048442],"type":"Point"},"properties":{"NAMA":"BINTANG DENTAL","TIPE_1":"KESEHATAN DAN PENGOBATAN","TIPE_2":"KLINIK","TIPE_3":"KLINIK DAN DOKTER GIGI","TELEPON":"","ALAMAT":"JL. RAYA BERBAH NO.4, SUMBER KIDUL, KALITIRTO, KEC. BERBAH, KABUPATEN SLEMAN, DAERAH ISTIMEWA YOGYAKARTA 55573","ID_PROV":"34","PROVINSI":"DAERAH ISTIMEWA YOGYAKARTA","ID_KABKOT":"34.04","KABKOT":"SLEMAN","ID_KEC":"34.04.08","KECAMATAN":"BERBAH","ID_DESA":"34.04.08.2003","DESA":"KALITIRTO","LONGITUDE":110.4462678,"LATITUDE":-7.8048442,"STATUS":"BUKA","TANGGAL PENGUMPULAN":"Q1 2024","TANGGAL UPDATE":"28/02/2025"}},{"type":"Feature","geometry":{"coordinates":[110.3815597,-7.7582405],"type":"Point"},"properties":{"NAMA":"KLINIK GIGI JOGJA - FDC KALIURANG","TIPE_1":"KESEHATAN DAN PENGOBATAN","TIPE_2":"KLINIK","TIPE_3":"KLINIK DAN DOKTER GIGI","TELEPON":"0811-1220-5810","ALAMAT":"JL. KALIURANG NO.68, MANGGUNG, CATURTUNGGAL, KEC. DEPOK, KABUPATEN SLEMAN, DAERAH ISTIMEWA YOGYAKARTA 55281","ID_PROV":"34","PROVINSI":"DAERAH ISTIMEWA YOGYAKARTA","ID_KABKOT":"34.04","KABKOT":"SLEMAN","ID_KEC":"34.04.07","KECAMATAN":"DEPOK","ID_DESA":"34.04.07.2001","DESA":"CATURTUNGGAL","LONGITUDE":110.3815597,"LATITUDE":-7.7582405,"STATUS":"BUKA","TANGGAL PENGUMPULAN":"Q1 2024","TANGGAL UPDATE":"28/02/2025"}},{"type":"Feature","geometry":{"coordinates":[110.4826179,-7.7877161],"type":"Point"},"properties":{"NAMA":"KLINIK GIGI YEZIO","TIPE_1":"KESEHATAN DAN PENGOBATAN","TIPE_2":"KLINIK","TIPE_3":"KLINIK DAN DOKTER GIGI","TELEPON":"","ALAMAT":"JL. RAYA PIYUNGAN - PRAMBANAN, POTROJAYAN, MADUREJO, KEC. PRAMBANAN, KABUPATEN SLEMAN, DAERAH ISTIMEWA YOGYAKARTA 55572","ID_PROV":"34","PROVINSI":"DAERAH ISTIMEWA YOGYAKARTA","ID_KABKOT":"34.04","KABKOT":"SLEMAN","ID_KEC":"34.04.09","KECAMATAN":"PRAMBANAN","ID_DESA":"34.04.09.2005","DESA":"MADUREJO","LONGITUDE":110.4826179,"LATITUDE":-7.7877161,"STATUS":"BUKA","TANGGAL PENGUMPULAN":"Q1 2024","TANGGAL UPDATE":"28/02/2025"}},{"type":"Feature","geometry":{"coordinates":[110.3442156,-7.6708225],"type":"Point"},"properties":{"NAMA":"KLINIK GIGI KALIRASE","TIPE_1":"KESEHATAN DAN PENGOBATAN","TIPE_2":"KLINIK","TIPE_3":"KLINIK DAN DOKTER GIGI","TELEPON":"","ALAMAT":"KOLISASIH, TRIMULYO, KEC. SLEMAN, KABUPATEN SLEMAN, DAERAH ISTIMEWA YOGYAKARTA 55513","ID_PROV":"34","PROVINSI":"DAERAH ISTIMEWA YOGYAKARTA","ID_KABKOT":"34.04","KABKOT":"SLEMAN","ID_KEC":"34.04.13","KECAMATAN":"SLEMAN","ID_DESA":"34.04.13.2005","DESA":"TRIMULYO","LONGITUDE":110.3442156,"LATITUDE":-7.6708225,"STATUS":"BUKA","TANGGAL PENGUMPULAN":"Q1 2024","TANGGAL UPDATE":"28/02/2025"}},{"type":"Feature","geometry":{"coordinates":[110.3880708,-7.7470185],"type":"Point"},"properties":{"NAMA":"KLINIK GIGI DENTES JL. KALIURANG (JAKAL)","TIPE_1":"KESEHATAN DAN PENGOBATAN","TIPE_2":"KLINIK","TIPE_3":"KLINIK DAN DOKTER GIGI","TELEPON":"0851-0081-1044","ALAMAT":"JL. KALIURANG KM. 7 NO. 12B, KAYEN, CONDONGCATUR, DEPOK, SLEMAN REGENCY, SPECIAL REGION OF YOGYAKARTA 55281","ID_PROV":"34","PROVINSI":"DAERAH ISTIMEWA YOGYAKARTA","ID_KABKOT":"34.04","KABKOT":"SLEMAN","ID_KEC":"34.04.07","KECAMATAN":"DEPOK","ID_DESA":"34.04.07.2003","DESA":"CONDONGCATUR","LONGITUDE":110.3880708,"LATITUDE":-7.7470185,"STATUS":"BUKA","TANGGAL PENGUMPULAN":"Q1 2024","TANGGAL UPDATE":"28/02/2025"}},{"type":"Feature","geometry":{"coordinates":[110.3803956,-7.7610118],"type":"Point"},"properties":{"NAMA":"KLINIK GIGI JOY DENTAL KALIURANG","TIPE_1":"KESEHATAN DAN PENGOBATAN","TIPE_2":"KLINIK","TIPE_3":"KLINIK DAN DOKTER GIGI","TELEPON":"0877-0001-6357","ALAMAT":"JL. KALIURANG KM.5 NO.21, KARANG WUNI, CATURTUNGGAL, KEC. DEPOK, KABUPATEN SLEMAN, DAERAH ISTIMEWA YOGYAKARTA 55281","ID_PROV":"34","PROVINSI":"DAERAH ISTIMEWA YOGYAKARTA","ID_KABKOT":"34.04","KABKOT":"SLEMAN","ID_KEC":"34.04.07","KECAMATAN":"DEPOK","ID_DESA":"34.04.07.2001","DESA":"CATURTUNGGAL","LONGITUDE":110.3803956,"LATITUDE":-7.7610118,"STATUS":"BUKA","TANGGAL PENGUMPULAN":"Q1 2024","TANGGAL UPDATE":"28/02/2025"}},{"type":"Feature","geometry":{"coordinates":[110.4183114,-7.66738],"type":"Point"},"properties":{"NAMA":"HEY DENTAL YOGYAKARTA","TIPE_1":"KESEHATAN DAN PENGOBATAN","TIPE_2":"KLINIK","TIPE_3":"KLINIK DAN DOKTER GIGI","TELEPON":"0852-1177-9393","ALAMAT":"JL. KALIURANG NO.KM 17, SUKANAN, PAKEMBINANGUN, KEC. PAKEM, KABUPATEN SLEMAN, DAERAH ISTIMEWA YOGYAKARTA 55582","ID_PROV":"34","PROVINSI":"DAERAH ISTIMEWA YOGYAKARTA","ID_KABKOT":"34.04","KABKOT":"SLEMAN","ID_KEC":"34.04.16","KECAMATAN":"PAKEM","ID_DESA":"34.04.16.2004","DESA":"PAKEMBINANGUN","LONGITUDE":110.4183114,"LATITUDE":-7.66738,"STATUS":"BUKA","TANGGAL PENGUMPULAN":"Q1 2024","TANGGAL UPDATE":"28/02/2025"}},{"type":"Feature","geometry":{"coordinates":[110.4162513,-7.6990079],"type":"Point"},"properties":{"NAMA":"DENTIST CARE KALIURANG","TIPE_1":"KESEHATAN DAN PENGOBATAN","TIPE_2":"KLINIK","TIPE_3":"KLINIK DAN DOKTER GIGI","TELEPON":"0813-9191-0038","ALAMAT":"JL. KALIURANG NO.23, CANDIREJO, KEC. NGAGLIK, KABUPATEN SLEMAN, DAERAH ISTIMEWA YOGYAKARTA 55581","ID_PROV":"34","PROVINSI":"DAERAH ISTIMEWA YOGYAKARTA","ID_KABKOT":"34.04","KABKOT":"SLEMAN","ID_KEC":"34.04.12","KECAMATAN":"NGAGLIK","ID_DESA":"34.04.12.2005","DESA":"SARDONOHARJO","LONGITUDE":110.4162513,"LATITUDE":-7.6990079,"STATUS":"BUKA","TANGGAL PENGUMPULAN":"Q1 2024","TANGGAL UPDATE":"28/02/2025"}},{"type":"Feature","geometry":{"coordinates":[110.4045016,-7.718076],"type":"Point"},"properties":{"NAMA":"KAL DENTAL","TIPE_1":"KESEHATAN DAN PENGOBATAN","TIPE_2":"KLINIK","TIPE_3":"KLINIK DAN DOKTER GIGI","TELEPON":"0822-2330-9191","ALAMAT":"RUKO TRIMUKTI SQUARE NO. 6, JL. KALIURANG NO.KM.10, DENTAN, SINDUHARJO, KEC. NGAGLIK, KABUPATEN SLEMAN, DAERAH ISTIMEWA YOGYAKARTA 55581","ID_PROV":"34","PROVINSI":"DAERAH ISTIMEWA YOGYAKARTA","ID_KABKOT":"34.04","KABKOT":"SLEMAN","ID_KEC":"34.04.12","KECAMATAN":"NGAGLIK","ID_DESA":"34.04.12.2005","DESA":"SARDONOHARJO","LONGITUDE":110.4045016,"LATITUDE":-7.718076,"STATUS":"BUKA","TANGGAL PENGUMPULAN":"Q1 2024","TANGGAL UPDATE":"28/02/2025"}},{"type":"Feature","geometry":{"coordinates":[110.3723454,-7.7480213],"type":"Point"},"properties":{"NAMA":"KLINIK GIGI 101 DENTAL","TIPE_1":"KESEHATAN DAN PENGOBATAN","TIPE_2":"KLINIK","TIPE_3":"KLINIK DAN DOKTER GIGI","TELEPON":"0811-2634-554","ALAMAT":"JL. PALAGAN TENTARA PELAJAR NO.118, WARAS, SARIHARJO, KEC. NGAGLIK, KABUPATEN SLEMAN, DAERAH ISTIMEWA YOGYAKARTA 55581","ID_PROV":"34","PROVINSI":"DAERAH ISTIMEWA YOGYAKARTA","ID_KABKOT":"34.04","KABKOT":"SLEMAN","ID_KEC":"34.04.12","KECAMATAN":"NGAGLIK","ID_DESA":"34.04.12.2001","DESA":"SARIHARJO","LONGITUDE":110.3723454,"LATITUDE":-7.7480213,"STATUS":"BUKA","TANGGAL PENGUMPULAN":"Q1 2024","TANGGAL UPDATE":"28/02/2025"}},{"type":"Feature","geometry":{"coordinates":[110.4161466,-7.7000041],"type":"Point"},"properties":{"NAMA":"KLINIK GIGIKU","TIPE_1":"KESEHATAN DAN PENGOBATAN","TIPE_2":"KLINIK","TIPE_3":"KLINIK DAN DOKTER GIGI","TELEPON":"(0274) 897755","ALAMAT":"JL. KALIURANG KM.13, CANDISARI, GG. KENANGA NO.45, RT.06/RW.10, KABUPATEN SLEMAN, DAERAH ISTIMEWA YOGYAKARTA 55581","ID_PROV":"34","PROVINSI":"DAERAH ISTIMEWA YOGYAKARTA","ID_KABKOT":"34.04","KABKOT":"SLEMAN","ID_KEC":"34.04.12","KECAMATAN":"NGAGLIK","ID_DESA":"34.04.12.2005","DESA":"SARDONOHARJO","LONGITUDE":110.4161466,"LATITUDE":-7.7000041,"STATUS":"BUKA","TANGGAL PENGUMPULAN":"Q1 2024","TANGGAL UPDATE":"28/02/2025"}},{"type":"Feature","geometry":{"coordinates":[110.3617917,-7.6698086],"type":"Point"},"properties":{"NAMA":"PEMERIKSAAN GIGI TERDEKAT SLEMAN : KLINIK PRATAMA SWA","TIPE_1":"KESEHATAN DAN PENGOBATAN","TIPE_2":"KLINIK","TIPE_3":"KLINIK DAN DOKTER GIGI","TELEPON":"0821-3545-6784","ALAMAT":"JL. SALAK NO.KM 04, KADISOBO, TRIMULYO, KEC. SLEMAN, KABUPATEN SLEMAN, DAERAH ISTIMEWA YOGYAKARTA 55513","ID_PROV":"34","PROVINSI":"DAERAH ISTIMEWA YOGYAKARTA","ID_KABKOT":"34.04","KABKOT":"SLEMAN","ID_KEC":"34.04.13","KECAMATAN":"SLEMAN","ID_DESA":"34.04.13.2005","DESA":"TRIMULYO","LONGITUDE":110.3617917,"LATITUDE":-7.6698086,"STATUS":"BUKA","TANGGAL PENGUMPULAN":"Q1 2024","TANGGAL UPDATE":"28/02/2025"}},{"type":"Feature","geometry":{"coordinates":[110.461693,-7.6644701],"type":"Point"},"properties":{"NAMA":"DR. MARYAM FADILLA","TIPE_1":"KESEHATAN DAN PENGOBATAN","TIPE_2":"PRAKTIK DOKTER SPESIALIS","TIPE_3":"DOKTER GIGI","TELEPON":"(0274) 2860010","ALAMAT":"JL. CANGKRINGAN NO.16, SURUH, ARGOMULYO, KEC. CANGKRINGAN, KABUPATEN SLEMAN, DAERAH ISTIMEWA YOGYAKARTA 55583","ID_PROV":"34","PROVINSI":"DAERAH ISTIMEWA YOGYAKARTA","ID_KABKOT":"34.04","KABKOT":"SLEMAN","ID_KEC":"34.04.17","KECAMATAN":"CANGKRINGAN","ID_DESA":"34.04.17.2001","DESA":"ARGOMULYO","LONGITUDE":110.461693,"LATITUDE":-7.6644701,"STATUS":"BUKA","TANGGAL PENGUMPULAN":"Q1 2024","TANGGAL UPDATE":"28/02/2025"}},{"type":"Feature","geometry":{"coordinates":[110.433613,-7.7562064],"type":"Point"},"properties":{"NAMA":"KLINIK GIGI OKTAVIE DENTA","TIPE_1":"KESEHATAN DAN PENGOBATAN","TIPE_2":"KLINIK","TIPE_3":"KLINIK DAN DOKTER GIGI","TELEPON":"0895-0771-7127","ALAMAT":"JL. RAYA TAJEM JL. TAPANREJO NO.24, DENOKAN, MAGUWOHARJO, KEC. DEPOK, KABUPATEN SLEMAN, DAERAH ISTIMEWA YOGYAKARTA 55281","ID_PROV":"34","PROVINSI":"DAERAH ISTIMEWA YOGYAKARTA","ID_KABKOT":"34.04","KABKOT":"SLEMAN","ID_KEC":"34.04.07","KECAMATAN":"DEPOK","ID_DESA":"34.04.07.2002","DESA":"MAGUWOHARJO","LONGITUDE":110.433613,"LATITUDE":-7.7562064,"STATUS":"BUKA","TANGGAL PENGUMPULAN":"Q1 2024","TANGGAL UPDATE":"28/02/2025"}},{"type":"Feature","geometry":{"coordinates":[110.3227304,-7.7812999],"type":"Point"},"properties":{"NAMA":"KHALIFA DENTAL","TIPE_1":"KESEHATAN DAN PENGOBATAN","TIPE_2":"KLINIK","TIPE_3":"KLINIK DAN DOKTER GIGI","TELEPON":"0881-2662-917","ALAMAT":"JL. KRAMAT, KRAMAT, SIDOARUM, KEC. GODEAN, KABUPATEN SLEMAN, DAERAH ISTIMEWA YOGYAKARTA 55264","ID_PROV":"34","PROVINSI":"DAERAH ISTIMEWA YOGYAKARTA","ID_KABKOT":"34.04","KABKOT":"SLEMAN","ID_KEC":"34.04.02","KECAMATAN":"GODEAN","ID_DESA":"34.04.02.2006","DESA":"SIDOARUM","LONGITUDE":110.3227304,"LATITUDE":-7.7812999,"STATUS":"BUKA","TANGGAL PENGUMPULAN":"Q1 2024","TANGGAL UPDATE":"28/02/2025"}},{"type":"Feature","geometry":{"coordinates":[110.4090171,-7.7720369],"type":"Point"},"properties":{"NAMA":"KLINIK GIGI DENTES SETURAN","TIPE_1":"KESEHATAN DAN PENGOBATAN","TIPE_2":"KLINIK","TIPE_3":"KLINIK DAN DOKTER GIGI","TELEPON":"0821-2211-0303","ALAMAT":"JALAN SETURAN RAYA JALAN SELOKAN MATARAM PLAZA SETURAN.A3, KLEDOKAN, CATURTUNGGAL, KEC. DEPOK, KABUPATEN SLEMAN, DAERAH ISTIMEWA YOGYAKARTA 55281","ID_PROV":"34","PROVINSI":"DAERAH ISTIMEWA YOGYAKARTA","ID_KABKOT":"34.04","KABKOT":"SLEMAN","ID_KEC":"34.04.07","KECAMATAN":"DEPOK","ID_DESA":"34.04.07.2001","DESA":"CATURTUNGGAL","LONGITUDE":110.4090171,"LATITUDE":-7.7720369,"STATUS":"BUKA","TANGGAL PENGUMPULAN":"Q1 2024","TANGGAL UPDATE":"28/02/2025"}},{"type":"Feature","geometry":{"coordinates":[110.4341542,-7.7424949],"type":"Point"},"properties":{"NAMA":"YENOVIA DENTAL CARE","TIPE_1":"KESEHATAN DAN PENGOBATAN","TIPE_2":"KLINIK","TIPE_3":"KLINIK DAN DOKTER GIGI","TELEPON":"0859-7485-1100","ALAMAT":"JL. RAYA TAJEM, TAJEM, MAGUWOHARJO, KEC. DEPOK, KABUPATEN SLEMAN, DAERAH ISTIMEWA YOGYAKARTA 55281","ID_PROV":"34","PROVINSI":"DAERAH ISTIMEWA YOGYAKARTA","ID_KABKOT":"34.04","KABKOT":"SLEMAN","ID_KEC":"34.04.11","KECAMATAN":"NGEMPLAK","ID_DESA":"34.04.11.2004","DESA":"WEDOMARTANI","LONGITUDE":110.4341542,"LATITUDE":-7.7424949,"STATUS":"BUKA","TANGGAL PENGUMPULAN":"Q1 2024","TANGGAL UPDATE":"28/02/2025"}},{"type":"Feature","geometry":{"coordinates":[110.4192527,-7.6852038],"type":"Point"},"properties":{"NAMA":"KLINIK GIGI DENTES CABANG PAKEM","TIPE_1":"KESEHATAN DAN PENGOBATAN","TIPE_2":"KLINIK","TIPE_3":"KLINIK DAN DOKTER GIGI","TELEPON":"0853-2619-1616","ALAMAT":"RUKO, JL. DEGOLAN NO.14, NGEMPLAK, UMBULMARTANI, NGEMPLAK, SLEMAN REGENCY, SPECIAL REGION OF YOGYAKARTA 55584","ID_PROV":"34","PROVINSI":"DAERAH ISTIMEWA YOGYAKARTA","ID_KABKOT":"34.04","KABKOT":"SLEMAN","ID_KEC":"34.04.11","KECAMATAN":"NGEMPLAK","ID_DESA":"34.04.11.2005","DESA":"UMBULMARTANI","LONGITUDE":110.4192527,"LATITUDE":-7.6852038,"STATUS":"BUKA","TANGGAL PENGUMPULAN":"Q1 2024","TANGGAL UPDATE":"28/02/2025"}},{"type":"Feature","geometry":{"coordinates":[110.4165259,-7.6981984],"type":"Point"},"properties":{"NAMA":"NATURAL DENTAL CARE","TIPE_1":"KESEHATAN DAN PENGOBATAN","TIPE_2":"KLINIK","TIPE_3":"KLINIK DAN DOKTER GIGI","TELEPON":"0812-2059-0076","ALAMAT":"KALIURANG ST KM 13,1, CANDIREJO, SARDONOHARJO, NGAGLIK, BESI, SPECIAL REGION OF YOGYAKARTA 55581","ID_PROV":"34","PROVINSI":"DAERAH ISTIMEWA YOGYAKARTA","ID_KABKOT":"34.04","KABKOT":"SLEMAN","ID_KEC":"34.04.12","KECAMATAN":"NGAGLIK","ID_DESA":"34.04.12.2004","DESA":"SUKOHARJO","LONGITUDE":110.4165259,"LATITUDE":-7.6981984,"STATUS":"BUKA","TANGGAL PENGUMPULAN":"Q1 2024","TANGGAL UPDATE":"28/02/2025"}},{"type":"Feature","geometry":{"coordinates":[110.3796387,-7.7635318],"type":"Point"},"properties":{"NAMA":"KLINIK GIGI DHEA","TIPE_1":"KESEHATAN DAN PENGOBATAN","TIPE_2":"KLINIK","TIPE_3":"KLINIK DAN DOKTER GIGI","TELEPON":"0858-7827-6161","ALAMAT":"JALAN KALIURANG KM 5 NO 81, KOCORAN, CATURTUNGGAL, KEC. DEPOK, KABUPATEN SLEMAN, DAERAH ISTIMEWA YOGYAKARTA 55281","ID_PROV":"34","PROVINSI":"DAERAH ISTIMEWA YOGYAKARTA","ID_KABKOT":"34.04","KABKOT":"SLEMAN","ID_KEC":"34.04.06","KECAMATAN":"MLATI","ID_DESA":"34.04.06.2001","DESA":"SINDUADI","LONGITUDE":110.3796387,"LATITUDE":-7.7635318,"STATUS":"BUKA","TANGGAL PENGUMPULAN":"Q1 2024","TANGGAL UPDATE":"28/02/2025"}},{"type":"Feature","geometry":{"coordinates":[110.4560006,-7.7041738],"type":"Point"},"properties":{"NAMA":"JUN GIGI","TIPE_1":"KESEHATAN DAN PENGOBATAN","TIPE_2":"KLINIK","TIPE_3":"TUKANG GIGI","TELEPON":"0815-7816-4456","ALAMAT":"KARANGANYAR, WIDODOMARTANI, KEC. NGEMPLAK, KABUPATEN SLEMAN, DAERAH ISTIMEWA YOGYAKARTA 55584","ID_PROV":"34","PROVINSI":"DAERAH ISTIMEWA YOGYAKARTA","ID_KABKOT":"34.04","KABKOT":"SLEMAN","ID_KEC":"34.04.11","KECAMATAN":"NGEMPLAK","ID_DESA":"34.04.11.2003","DESA":"WIDODOMARTANI","LONGITUDE":110.4560006,"LATITUDE":-7.7041738,"STATUS":"BUKA","TANGGAL PENGUMPULAN":"Q1 2024","TANGGAL UPDATE":"28/02/2025"}},{"type":"Feature","geometry":{"coordinates":[110.3843356,-7.7533912],"type":"Point"},"properties":{"NAMA":"OMMI DENTAL CLINIC KENTUNGAN","TIPE_1":"KESEHATAN DAN PENGOBATAN","TIPE_2":"KLINIK","TIPE_3":"KLINIK DAN DOKTER GIGI","TELEPON":"0812-9871-9191","ALAMAT":"SAMPING BANK PERMATA DAN BARCA CELL, JL. KALIURANG NO.45, PURWOSARI, SINDUADI, KEC. MLATI, KABUPATEN SLEMAN, DAERAH ISTIMEWA YOGYAKARTA 55281","ID_PROV":"34","PROVINSI":"DAERAH ISTIMEWA YOGYAKARTA","ID_KABKOT":"34.04","KABKOT":"SLEMAN","ID_KEC":"34.04.07","KECAMATAN":"DEPOK","ID_DESA":"34.04.07.2001","DESA":"CATURTUNGGAL","LONGITUDE":110.3843356,"LATITUDE":-7.7533912,"STATUS":"BUKA","TANGGAL PENGUMPULAN":"Q1 2024","TANGGAL UPDATE":"28/02/2025"}},{"type":"Feature","geometry":{"coordinates":[110.4139944,-7.7740456],"type":"Point"},"properties":{"NAMA":"HENNI & FRIENDS DENTAL CLINIC","TIPE_1":"KESEHATAN DAN PENGOBATAN","TIPE_2":"KLINIK","TIPE_3":"KLINIK DAN DOKTER GIGI","TELEPON":"(0274) 484500","ALAMAT":"APOTEK SRIKANDI, JL BABARSARI RUKO PERMATA NO R3A, TAMBAK BAYAN, CATURTUNGGAL, KEC. DEPOK, KABUPATEN SLEMAN, DAERAH ISTIMEWA YOGYAKARTA 55281","ID_PROV":"34","PROVINSI":"DAERAH ISTIMEWA YOGYAKARTA","ID_KABKOT":"34.04","KABKOT":"SLEMAN","ID_KEC":"34.04.07","KECAMATAN":"DEPOK","ID_DESA":"34.04.07.2001","DESA":"CATURTUNGGAL","LONGITUDE":110.4139944,"LATITUDE":-7.7740456,"STATUS":"BUKA","TANGGAL PENGUMPULAN":"Q1 2024","TANGGAL UPDATE":"28/02/2025"}},{"type":"Feature","geometry":{"coordinates":[110.3820577,-7.7570632],"type":"Point"},"properties":{"NAMA":"GIO DENTAL CARE & CLINIC KALIURANG","TIPE_1":"KESEHATAN DAN PENGOBATAN","TIPE_2":"KLINIK","TIPE_3":"KLINIK DAN DOKTER GIGI","TELEPON":"0812-9988-0979","ALAMAT":"JALAN KALIURANG KM 5,6 NOMOR 8 SEBERANG RM PADANG SEDERHANA KALIURANG, MANGGUNG, CATURTUNGGAL, DEPOK, SLEMAN REGENCY, SPECIAL REGION OF YOGYAKARTA 55281","ID_PROV":"34","PROVINSI":"DAERAH ISTIMEWA YOGYAKARTA","ID_KABKOT":"34.04","KABKOT":"SLEMAN","ID_KEC":"34.04.07","KECAMATAN":"DEPOK","ID_DESA":"34.04.07.2001","DESA":"CATURTUNGGAL","LONGITUDE":110.3820577,"LATITUDE":-7.7570632,"STATUS":"BUKA","TANGGAL PENGUMPULAN":"Q1 2024","TANGGAL UPDATE":"28/02/2025"}},{"type":"Feature","geometry":{"coordinates":[110.3439526,-7.6707696],"type":"Point"},"properties":{"NAMA":"KLINIK GIGI PAK SUNARYO","TIPE_1":"KESEHATAN DAN PENGOBATAN","TIPE_2":"KLINIK","TIPE_3":"KLINIK DAN DOKTER GIGI","TELEPON":"0816-4262-187","ALAMAT":"KOLISASIH, TRIMULYO, KEC. SLEMAN, KABUPATEN SLEMAN, DAERAH ISTIMEWA YOGYAKARTA 55513","ID_PROV":"34","PROVINSI":"DAERAH ISTIMEWA YOGYAKARTA","ID_KABKOT":"34.04","KABKOT":"SLEMAN","ID_KEC":"34.04.13","KECAMATAN":"SLEMAN","ID_DESA":"34.04.13.2005","DESA":"TRIMULYO","LONGITUDE":110.3439526,"LATITUDE":-7.6707696,"STATUS":"BUKA","TANGGAL PENGUMPULAN":"Q1 2024","TANGGAL UPDATE":"28/02/2025"}},{"type":"Feature","geometry":{"coordinates":[110.3213202,-7.721807],"type":"Point"},"properties":{"NAMA":"ABDUR GIGI","TIPE_1":"KESEHATAN DAN PENGOBATAN","TIPE_2":"KLINIK","TIPE_3":"TUKANG GIGI","TELEPON":"0819-1078-0407","ALAMAT":"MANGSEL, SLEMAN, NYANGKRINGAN, MARGOMULYO, KEC. SEYEGAN, KABUPATEN SLEMAN, DAERAH ISTIMEWA YOGYAKARTA 55561","ID_PROV":"34","PROVINSI":"DAERAH ISTIMEWA YOGYAKARTA","ID_KABKOT":"34.04","KABKOT":"SLEMAN","ID_KEC":"34.04.05","KECAMATAN":"SEYEGAN","ID_DESA":"34.04.05.2004","DESA":"MARGOMULYO","LONGITUDE":110.3213202,"LATITUDE":-7.721807,"STATUS":"BUKA","TANGGAL PENGUMPULAN":"Q1 2024","TANGGAL UPDATE":"28/02/2025"}},{"type":"Feature","geometry":{"coordinates":[110.3345988,-7.7300954],"type":"Point"},"properties":{"NAMA":"PASANG GIGI GALAXY CEBONGAN","TIPE_1":"KESEHATAN DAN PENGOBATAN","TIPE_2":"KLINIK","TIPE_3":"TUKANG GIGI","TELEPON":"0857-4921-2307","ALAMAT":"GABAHAN V NO.RT06, RW.12, GABAHAN, SUMBERADI, KEC. MLATI, KABUPATEN SLEMAN, DAERAH ISTIMEWA YOGYAKARTA 55288","ID_PROV":"34","PROVINSI":"DAERAH ISTIMEWA YOGYAKARTA","ID_KABKOT":"34.04","KABKOT":"SLEMAN","ID_KEC":"34.04.06","KECAMATAN":"MLATI","ID_DESA":"34.04.06.2005","DESA":"SUMBERADI","LONGITUDE":110.3345988,"LATITUDE":-7.7300954,"STATUS":"BUKA","TANGGAL PENGUMPULAN":"Q1 2024","TANGGAL UPDATE":"28/02/2025"}},{"type":"Feature","geometry":{"coordinates":[110.2589281,-7.7598727],"type":"Point"},"properties":{"NAMA":"KLINIK PKU AISYIAH MOYUDAN","TIPE_1":"KESEHATAN DAN PENGOBATAN","TIPE_2":"KLINIK","TIPE_3":"KLINIK DAN DOKTER GIGI","TELEPON":"(0274) 6497088","ALAMAT":"GEDONGAN, SUMBERAGUNG, KEC. MOYUDAN, KABUPATEN SLEMAN, DAERAH ISTIMEWA YOGYAKARTA 55563","ID_PROV":"34","PROVINSI":"DAERAH ISTIMEWA YOGYAKARTA","ID_KABKOT":"34.04","KABKOT":"SLEMAN","ID_KEC":"34.04.03","KECAMATAN":"MOYUDAN","ID_DESA":"34.04.03.2003","DESA":"SUMBERAGUNG","LONGITUDE":110.2589281,"LATITUDE":-7.7598727,"STATUS":"BUKA","TANGGAL PENGUMPULAN":"Q1 2024","TANGGAL UPDATE":"28/02/2025"}},{"type":"Feature","geometry":{"coordinates":[110.2467083,-7.7553081],"type":"Point"},"properties":{"NAMA":"DENTOLOGY","TIPE_1":"KESEHATAN DAN PENGOBATAN","TIPE_2":"KLINIK","TIPE_3":"TUKANG GIGI","TELEPON":"0898-9286-281","ALAMAT":"SANAN, SENDANGARUM, KEC. MINGGIR, KABUPATEN SLEMAN, DAERAH ISTIMEWA YOGYAKARTA 55562","ID_PROV":"34","PROVINSI":"DAERAH ISTIMEWA YOGYAKARTA","ID_KABKOT":"34.04","KABKOT":"SLEMAN","ID_KEC":"34.04.04","KECAMATAN":"MINGGIR","ID_DESA":"34.04.04.2001","DESA":"SENDANGARUM","LONGITUDE":110.2467083,"LATITUDE":-7.7553081,"STATUS":"BUKA","TANGGAL PENGUMPULAN":"Q1 2024","TANGGAL UPDATE":"28/02/2025"}},{"type":"Feature","geometry":{"coordinates":[110.3301583,-7.7309631],"type":"Point"},"properties":{"NAMA":"KLINIK GIGI KANINA CEBONGAN","TIPE_1":"KESEHATAN DAN PENGOBATAN","TIPE_2":"KLINIK","TIPE_3":"KLINIK DAN DOKTER GIGI","TELEPON":"0852-1858-1993","ALAMAT":"JL. KEBON AGUNG JL. CEBONGAN NO.KM 4 5, AREA SAWAH, TLOGOADI, KEC. MLATI, KABUPATEN SLEMAN, DAERAH ISTIMEWA YOGYAKARTA 55286","ID_PROV":"34","PROVINSI":"DAERAH ISTIMEWA YOGYAKARTA","ID_KABKOT":"34.04","KABKOT":"SLEMAN","ID_KEC":"34.04.06","KECAMATAN":"MLATI","ID_DESA":"34.04.06.2003","DESA":"TLOGOADI","LONGITUDE":110.3301583,"LATITUDE":-7.7309631,"STATUS":"BUKA","TANGGAL PENGUMPULAN":"Q1 2024","TANGGAL UPDATE":"28/02/2025"}},{"type":"Feature","geometry":{"coordinates":[110.4624087,-7.6672511],"type":"Point"},"properties":{"NAMA":"KLINIK PRATAMA RAWAT INAP PKU MUHAMMADIYAH CANGKRINGAN","TIPE_1":"KESEHATAN DAN PENGOBATAN","TIPE_2":"KLINIK","TIPE_3":"KLINIK DAN DOKTER GIGI","TELEPON":"0851-6367-3907","ALAMAT":"JL. CANGKRINGAN, JETIS, ARGOMULYO, KEC. CANGKRINGAN, KABUPATEN SLEMAN, DAERAH ISTIMEWA YOGYAKARTA 55583","ID_PROV":"34","PROVINSI":"DAERAH ISTIMEWA YOGYAKARTA","ID_KABKOT":"34.04","KABKOT":"SLEMAN","ID_KEC":"34.04.17","KECAMATAN":"CANGKRINGAN","ID_DESA":"34.04.17.2001","DESA":"ARGOMULYO","LONGITUDE":110.4624087,"LATITUDE":-7.6672511,"STATUS":"BUKA","TANGGAL PENGUMPULAN":"Q1 2024","TANGGAL UPDATE":"28/02/2025"}},{"type":"Feature","geometry":{"coordinates":[110.3698375,-7.7169262],"type":"Point"},"properties":{"NAMA":"PRAMESTYA DENTAL","TIPE_1":"KESEHATAN DAN PENGOBATAN","TIPE_2":"KLINIK","TIPE_3":"KLINIK DAN DOKTER GIGI","TELEPON":"0812-2543-7852","ALAMAT":"TLACAP, GROJOGAN, PANDOWOHARJO, KEC. SLEMAN, KABUPATEN SLEMAN, DAERAH ISTIMEWA YOGYAKARTA 55512","ID_PROV":"34","PROVINSI":"DAERAH ISTIMEWA YOGYAKARTA","ID_KABKOT":"34.04","KABKOT":"SLEMAN","ID_KEC":"34.04.13","KECAMATAN":"SLEMAN","ID_DESA":"34.04.13.2004","DESA":"PANDOWOHARJO","LONGITUDE":110.3698375,"LATITUDE":-7.7169262,"STATUS":"BUKA","TANGGAL PENGUMPULAN":"Q1 2024","TANGGAL UPDATE":"28/02/2025"}},{"type":"Feature","geometry":{"coordinates":[110.3735309,-7.7448447],"type":"Point"},"properties":{"NAMA":"R PLUS KLINIK GIGI","TIPE_1":"KESEHATAN DAN PENGOBATAN","TIPE_2":"KLINIK","TIPE_3":"KLINIK DAN DOKTER GIGI","TELEPON":"(0274) 2538250","ALAMAT":"JL. MONUMEN JOGJA KEMBALI NO.12, PANGGUNG SARI, SARIHARJO, KEC. NGAGLIK, KABUPATEN SLEMAN, DAERAH ISTIMEWA YOGYAKARTA 55284","ID_PROV":"34","PROVINSI":"DAERAH ISTIMEWA YOGYAKARTA","ID_KABKOT":"34.04","KABKOT":"SLEMAN","ID_KEC":"34.04.12","KECAMATAN":"NGAGLIK","ID_DESA":"34.04.12.2001","DESA":"SARIHARJO","LONGITUDE":110.3735309,"LATITUDE":-7.7448447,"STATUS":"BUKA","TANGGAL PENGUMPULAN":"Q1 2024","TANGGAL UPDATE":"28/02/2025"}},{"type":"Feature","geometry":{"coordinates":[110.3438744,-7.7797249],"type":"Point"},"properties":{"NAMA":"GIO DENTAL CARE & CLINIC GODEAN","TIPE_1":"KESEHATAN DAN PENGOBATAN","TIPE_2":"KLINIK","TIPE_3":"KLINIK DAN DOKTER GIGI","TELEPON":"0853-2111-3588","ALAMAT":"JL. NGAPAK - KENTHENG NO.36 KM.4, KWARASAN, NOGOTIRTO, KEC. GAMPING, KABUPATEN SLEMAN, DAERAH ISTIMEWA YOGYAKARTA 55293","ID_PROV":"34","PROVINSI":"DAERAH ISTIMEWA YOGYAKARTA","ID_KABKOT":"34.04","KABKOT":"SLEMAN","ID_KEC":"34.04.01","KECAMATAN":"GAMPING","ID_DESA":"34.04.01.2004","DESA":"NOGOTIRTO","LONGITUDE":110.3438744,"LATITUDE":-7.7797249,"STATUS":"BUKA","TANGGAL PENGUMPULAN":"Q1 2024","TANGGAL UPDATE":"28/02/2025"}},{"type":"Feature","geometry":{"coordinates":[110.3324516,-7.7741213],"type":"Point"},"properties":{"NAMA":"KLINIK GIGI SAHABAT","TIPE_1":"KESEHATAN DAN PENGOBATAN","TIPE_2":"KLINIK","TIPE_3":"KLINIK DAN DOKTER GIGI","TELEPON":"(0274) 622578","ALAMAT":"JL. RINGROAD BARAT, RUKO DEMAK IJO NO. 88A, NOGOSAREN, NOGOTIRTO, KEC. GAMPING, KABUPATEN SLEMAN, DAERAH ISTIMEWA YOGYAKARTA 55184","ID_PROV":"34","PROVINSI":"DAERAH ISTIMEWA YOGYAKARTA","ID_KABKOT":"34.04","KABKOT":"SLEMAN","ID_KEC":"34.04.01","KECAMATAN":"GAMPING","ID_DESA":"34.04.01.2004","DESA":"NOGOTIRTO","LONGITUDE":110.3324516,"LATITUDE":-7.7741213,"STATUS":"BUKA","TANGGAL PENGUMPULAN":"Q1 2024","TANGGAL UPDATE":"28/02/2025"}},{"type":"Feature","geometry":{"coordinates":[110.3646455,-7.7203428],"type":"Point"},"properties":{"NAMA":"KLINIK GIGI EL DENTAL","TIPE_1":"KESEHATAN DAN PENGOBATAN","TIPE_2":"KLINIK","TIPE_3":"KLINIK DAN DOKTER GIGI","TELEPON":"0813-9209-8292","ALAMAT":"DN JETIS DENGGUNG RT 4/36 TRIDADI SLEMAN ( RUKO KAVLING A, KABUPATEN SLEMAN, DAERAH ISTIMEWA YOGYAKARTA 55511","ID_PROV":"34","PROVINSI":"DAERAH ISTIMEWA YOGYAKARTA","ID_KABKOT":"34.04","KABKOT":"SLEMAN","ID_KEC":"34.04.13","KECAMATAN":"SLEMAN","ID_DESA":"34.04.13.2003","DESA":"TRIDADI","LONGITUDE":110.3646455,"LATITUDE":-7.7203428,"STATUS":"BUKA","TANGGAL PENGUMPULAN":"Q1 2024","TANGGAL UPDATE":"28/02/2025"}},{"type":"Feature","geometry":{"coordinates":[110.3249812,-7.8011751],"type":"Point"},"properties":{"NAMA":"KLINIK GIGI JOY DENTAL GAMPING","TIPE_1":"KESEHATAN DAN PENGOBATAN","TIPE_2":"KLINIK","TIPE_3":"KLINIK DAN DOKTER GIGI","TELEPON":"0812-1540-8887","ALAMAT":"JL. RINGROAD BARAT JL. BRAWIJAYA, GAMPING TENGAH, AMBARKETAWANG, KEC. GAMPING, KABUPATEN SLEMAN, DAERAH ISTIMEWA YOGYAKARTA 55294","ID_PROV":"34","PROVINSI":"DAERAH ISTIMEWA YOGYAKARTA","ID_KABKOT":"34.04","KABKOT":"SLEMAN","ID_KEC":"34.04.01","KECAMATAN":"GAMPING","ID_DESA":"34.04.01.2002","DESA":"AMBARKETAWANG","LONGITUDE":110.3249812,"LATITUDE":-7.8011751,"STATUS":"BUKA","TANGGAL PENGUMPULAN":"Q1 2024","TANGGAL UPDATE":"28/02/2025"}},{"type":"Feature","geometry":{"coordinates":[110.3917914,-7.7803128],"type":"Point"},"properties":{"NAMA":"KLINIK GIGI OPAL DENTAL DEMANGAN","TIPE_1":"KESEHATAN DAN PENGOBATAN","TIPE_2":"KLINIK","TIPE_3":"KLINIK DAN DOKTER GIGI","TELEPON":"0822-1101-9191","ALAMAT":"JL. CENDERAWASIH NO.1B, RW.02, DEMANGAN BARU, CATURTUNGGAL, KEC. DEPOK, KABUPATEN SLEMAN, DAERAH ISTIMEWA YOGYAKARTA 55281","ID_PROV":"34","PROVINSI":"DAERAH ISTIMEWA YOGYAKARTA","ID_KABKOT":"34.04","KABKOT":"SLEMAN","ID_KEC":"34.04.07","KECAMATAN":"DEPOK","ID_DESA":"34.04.07.2001","DESA":"CATURTUNGGAL","LONGITUDE":110.3917914,"LATITUDE":-7.7803128,"STATUS":"BUKA","TANGGAL PENGUMPULAN":"Q1 2024","TANGGAL UPDATE":"28/02/2025"}},{"type":"Feature","geometry":{"coordinates":[110.3915067,-7.775853],"type":"Point"},"properties":{"NAMA":"LOVELY BEHEL GALLERY","TIPE_1":"KESEHATAN DAN PENGOBATAN","TIPE_2":"KLINIK","TIPE_3":"TUKANG GIGI","TELEPON":"0878-3446-4225","ALAMAT":"JL. MOSES GATOTKACA, MRICAN, CATURTUNGGAL, KEC. DEPOK, KABUPATEN SLEMAN, DAERAH ISTIMEWA YOGYAKARTA 55281","ID_PROV":"34","PROVINSI":"DAERAH ISTIMEWA YOGYAKARTA","ID_KABKOT":"34.04","KABKOT":"SLEMAN","ID_KEC":"34.04.07","KECAMATAN":"DEPOK","ID_DESA":"34.04.07.2001","DESA":"CATURTUNGGAL","LONGITUDE":110.3915067,"LATITUDE":-7.775853,"STATUS":"BUKA","TANGGAL PENGUMPULAN":"Q1 2024","TANGGAL UPDATE":"28/02/2025"}},{"type":"Feature","geometry":{"coordinates":[110.4196894,-7.7422946],"type":"Point"},"properties":{"NAMA":"DENTES WEDOMARTANI","TIPE_1":"KESEHATAN DAN PENGOBATAN","TIPE_2":"KLINIK","TIPE_3":"TUKANG GIGI","TELEPON":"","ALAMAT":"MALANGREJO, WEDOMARTANI, NGEMPLAK, SLEMAN REGENCY, SPECIAL REGION OF YOGYAKARTA","ID_PROV":"34","PROVINSI":"DAERAH ISTIMEWA YOGYAKARTA","ID_KABKOT":"34.04","KABKOT":"SLEMAN","ID_KEC":"34.04.11","KECAMATAN":"NGEMPLAK","ID_DESA":"34.04.11.2004","DESA":"WEDOMARTANI","LONGITUDE":110.4196894,"LATITUDE":-7.7422946,"STATUS":"BUKA","TANGGAL PENGUMPULAN":"Q1 2024","TANGGAL UPDATE":"28/02/2025"}},{"type":"Feature","geometry":{"coordinates":[110.3786795,-7.763489],"type":"Point"},"properties":{"NAMA":"KLINIK GIGI 2000 TIGA JOGJA","TIPE_1":"KESEHATAN DAN PENGOBATAN","TIPE_2":"KLINIK","TIPE_3":"KLINIK DAN DOKTER GIGI","TELEPON":"0812-2771-105","ALAMAT":"GG. KINANTI, KOCORAN, CATURTUNGGAL, KEC. DEPOK, KABUPATEN SLEMAN, DAERAH ISTIMEWA YOGYAKARTA 55281","ID_PROV":"34","PROVINSI":"DAERAH ISTIMEWA YOGYAKARTA","ID_KABKOT":"34.04","KABKOT":"SLEMAN","ID_KEC":"34.04.06","KECAMATAN":"MLATI","ID_DESA":"34.04.06.2001","DESA":"SINDUADI","LONGITUDE":110.3786795,"LATITUDE":-7.763489,"STATUS":"BUKA","TANGGAL PENGUMPULAN":"Q1 2024","TANGGAL UPDATE":"28/02/2025"}},{"type":"Feature","geometry":{"coordinates":[110.3697434,-7.7599102],"type":"Point"},"properties":{"NAMA":"KLINIK GIGI DENTES MONJALI 2","TIPE_1":"KESEHATAN DAN PENGOBATAN","TIPE_2":"KLINIK","TIPE_3":"KLINIK DAN DOKTER GIGI","TELEPON":"0878-3776-6677","ALAMAT":"JL. MONJALI NO.103, GEMAWANG, SINDUADI, KEC. MLATI, KABUPATEN SLEMAN, DAERAH ISTIMEWA YOGYAKARTA 55284","ID_PROV":"34","PROVINSI":"DAERAH ISTIMEWA YOGYAKARTA","ID_KABKOT":"34.04","KABKOT":"SLEMAN","ID_KEC":"34.04.06","KECAMATAN":"MLATI","ID_DESA":"34.04.06.2001","DESA":"SINDUADI","LONGITUDE":110.3697434,"LATITUDE":-7.7599102,"STATUS":"BUKA","TANGGAL PENGUMPULAN":"Q1 2024","TANGGAL UPDATE":"28/02/2025"}},{"type":"Feature","geometry":{"coordinates":[110.3697336,-7.7591275],"type":"Point"},"properties":{"NAMA":"DENTES DENTAL CLINIC MONJALI","TIPE_1":"KESEHATAN DAN PENGOBATAN","TIPE_2":"KLINIK","TIPE_3":"KLINIK DAN DOKTER GIGI","TELEPON":"0851-0050-0101","ALAMAT":"MONJALI ST NO.91A LANTAI.2, GEMAWANG, SINDUADI, MLATI, SLEMAN REGENCY, SPECIAL REGION OF YOGYAKARTA 55284","ID_PROV":"34","PROVINSI":"DAERAH ISTIMEWA YOGYAKARTA","ID_KABKOT":"34.04","KABKOT":"SLEMAN","ID_KEC":"34.04.06","KECAMATAN":"MLATI","ID_DESA":"34.04.06.2001","DESA":"SINDUADI","LONGITUDE":110.3697336,"LATITUDE":-7.7591275,"STATUS":"BUKA","TANGGAL PENGUMPULAN":"Q1 2024","TANGGAL UPDATE":"28/02/2025"}},{"type":"Feature","geometry":{"coordinates":[110.3799021,-7.777189],"type":"Point"},"properties":{"NAMA":"KLINIK GIGI IDENT.STUDIO","TIPE_1":"KESEHATAN DAN PENGOBATAN","TIPE_2":"KLINIK","TIPE_3":"KLINIK DAN DOKTER GIGI","TELEPON":"","ALAMAT":"JL. PROF. HERMAN YOHANES YOHANNES CT V NO.90, SAGAN, CATURTUNGGAL, DEPOK, SLEMAN REGENCY, SPECIAL REGION OF YOGYAKARTA 55281","ID_PROV":"34","PROVINSI":"DAERAH ISTIMEWA YOGYAKARTA","ID_KABKOT":"34.04","KABKOT":"SLEMAN","ID_KEC":"34.04.07","KECAMATAN":"DEPOK","ID_DESA":"34.04.07.2001","DESA":"CATURTUNGGAL","LONGITUDE":110.3799021,"LATITUDE":-7.777189,"STATUS":"BUKA","TANGGAL PENGUMPULAN":"Q1 2024","TANGGAL UPDATE":"28/02/2025"}},{"type":"Feature","geometry":{"coordinates":[110.400126,-7.728442],"type":"Point"},"properties":{"NAMA":"KLINIK KELUARGA SEMBADA","TIPE_1":"KESEHATAN DAN PENGOBATAN","TIPE_2":"KLINIK","TIPE_3":"KLINIK DAN DOKTER GIGI","TELEPON":"0811-2544-664","ALAMAT":"JL. GANDHOK TAMBAKAN, TAMBAKAN, SINDUHARJO, KEC. NGAGLIK, KABUPATEN SLEMAN, DAERAH ISTIMEWA YOGYAKARTA 55581","ID_PROV":"34","PROVINSI":"DAERAH ISTIMEWA YOGYAKARTA","ID_KABKOT":"34.04","KABKOT":"SLEMAN","ID_KEC":"34.04.12","KECAMATAN":"NGAGLIK","ID_DESA":"34.04.12.2003","DESA":"SINDUHARJO","LONGITUDE":110.400126,"LATITUDE":-7.728442,"STATUS":"BUKA","TANGGAL PENGUMPULAN":"Q1 2024","TANGGAL UPDATE":"28/02/2025"}},{"type":"Feature","geometry":{"coordinates":[110.392444,-7.76578],"type":"Point"},"properties":{"NAMA":"WAYAN DENTAL CARE","TIPE_1":"KESEHATAN DAN PENGOBATAN","TIPE_2":"KLINIK","TIPE_3":"KLINIK DAN DOKTER GIGI","TELEPON":"0857-0099-6615","ALAMAT":"JL. AFFANDI NO.28 A, KARANG GAYAM, CATURTUNGGAL, KEC. DEPOK, KABUPATEN SLEMAN, DAERAH ISTIMEWA YOGYAKARTA 55281","ID_PROV":"34","PROVINSI":"DAERAH ISTIMEWA YOGYAKARTA","ID_KABKOT":"34.04","KABKOT":"SLEMAN","ID_KEC":"34.04.07","KECAMATAN":"DEPOK","ID_DESA":"34.04.07.2001","DESA":"CATURTUNGGAL","LONGITUDE":110.392444,"LATITUDE":-7.76578,"STATUS":"BUKA","TANGGAL PENGUMPULAN":"Q1 2024","TANGGAL UPDATE":"28/02/2025"}},{"type":"Feature","geometry":{"coordinates":[110.3734633,-7.7450374],"type":"Point"},"properties":{"NAMA":"TAWA DENTAL CLINIC","TIPE_1":"KESEHATAN DAN PENGOBATAN","TIPE_2":"KLINIK","TIPE_3":"KLINIK DAN DOKTER GIGI","TELEPON":"0877-0501-1555","ALAMAT":"RUKO PALAGAN JL. PALAGAN TENTARA PELAJAR, PANGGUNG SARI, SARIHARJO, KEC. NGAGLIK, KABUPATEN SLEMAN, DAERAH ISTIMEWA YOGYAKARTA 55581","ID_PROV":"34","PROVINSI":"DAERAH ISTIMEWA YOGYAKARTA","ID_KABKOT":"34.04","KABKOT":"SLEMAN","ID_KEC":"34.04.12","KECAMATAN":"NGAGLIK","ID_DESA":"34.04.12.2001","DESA":"SARIHARJO","LONGITUDE":110.3734633,"LATITUDE":-7.7450374,"STATUS":"BUKA","TANGGAL PENGUMPULAN":"Q1 2024","TANGGAL UPDATE":"28/02/2025"}},{"type":"Feature","geometry":{"coordinates":[110.371852,-7.749439],"type":"Point"},"properties":{"NAMA":"KLINIK GIGI BRIGHT DENTAL PALAGAN YOGYAKARTA ( DENTIST)","TIPE_1":"KESEHATAN DAN PENGOBATAN","TIPE_2":"KLINIK","TIPE_3":"KLINIK DAN DOKTER GIGI","TELEPON":"0856-4358-6548","ALAMAT":"JL. PALAGAN TENTARA PELAJAR NO.127, SUMBERAN, SARIHARJO, KEC. NGAGLIK, KABUPATEN SLEMAN, DAERAH ISTIMEWA YOGYAKARTA 55581","ID_PROV":"34","PROVINSI":"DAERAH ISTIMEWA YOGYAKARTA","ID_KABKOT":"34.04","KABKOT":"SLEMAN","ID_KEC":"34.04.12","KECAMATAN":"NGAGLIK","ID_DESA":"34.04.12.2001","DESA":"SARIHARJO","LONGITUDE":110.371852,"LATITUDE":-7.749439,"STATUS":"BUKA","TANGGAL PENGUMPULAN":"Q1 2024","TANGGAL UPDATE":"28/02/2025"}},{"type":"Feature","geometry":{"coordinates":[110.401075,-7.781667],"type":"Point"},"properties":{"NAMA":"O SMILE DENTAL CENTRE PLAZA AMBARUKMO","TIPE_1":"KESEHATAN DAN PENGOBATAN","TIPE_2":"KLINIK","TIPE_3":"KLINIK DAN DOKTER GIGI","TELEPON":"(0274) 4331243","ALAMAT":"PLAZA AMBARUKMO, JL. LAKSDA ADISUCIPTO BLOK B NO.7 LANTAI 1, AMBARUKMO, CATURTUNGGAL, KEC. DEPOK, KABUPATEN SLEMAN, DAERAH ISTIMEWA YOGYAKARTA 55281","ID_PROV":"34","PROVINSI":"DAERAH ISTIMEWA YOGYAKARTA","ID_KABKOT":"34.04","KABKOT":"SLEMAN","ID_KEC":"34.04.07","KECAMATAN":"DEPOK","ID_DESA":"34.04.07.2001","DESA":"CATURTUNGGAL","LONGITUDE":110.401075,"LATITUDE":-7.781667,"STATUS":"BUKA","TANGGAL PENGUMPULAN":"Q1 2024","TANGGAL UPDATE":"28/02/2025"}},{"type":"Feature","geometry":{"coordinates":[110.3820409,-7.7226803],"type":"Point"},"properties":{"NAMA":"FAMILY DENTAL CARE PALAGAN","TIPE_1":"KESEHATAN DAN PENGOBATAN","TIPE_2":"KLINIK","TIPE_3":"KLINIK DAN DOKTER GIGI","TELEPON":"0851-0065-3006","ALAMAT":"KM 9 NO, JL. PALAGAN TENTARA PELAJAR NO.86, TEGAL REJO, SARIHARJO, KEC. NGAGLIK, KABUPATEN SLEMAN, DAERAH ISTIMEWA YOGYAKARTA 55581","ID_PROV":"34","PROVINSI":"DAERAH ISTIMEWA YOGYAKARTA","ID_KABKOT":"34.04","KABKOT":"SLEMAN","ID_KEC":"34.04.12","KECAMATAN":"NGAGLIK","ID_DESA":"34.04.12.2001","DESA":"SARIHARJO","LONGITUDE":110.3820409,"LATITUDE":-7.7226803,"STATUS":"BUKA","TANGGAL PENGUMPULAN":"Q1 2024","TANGGAL UPDATE":"28/02/2025"}},{"type":"Feature","geometry":{"coordinates":[110.3920151,-7.763673],"type":"Point"},"properties":{"NAMA":"KLINIK PRATAMA ANDAMARI","TIPE_1":"KESEHATAN DAN PENGOBATAN","TIPE_2":"KLINIK","TIPE_3":"KLINIK DAN DOKTER GIGI","TELEPON":"0812-2941-585","ALAMAT":"GANG BAKUNG NO. 14 SANTREN, KARANG GAYAM, CATURTUNGGAL, KEC. DEPOK, KABUPATEN SLEMAN, DAERAH ISTIMEWA YOGYAKARTA 55281","ID_PROV":"34","PROVINSI":"DAERAH ISTIMEWA YOGYAKARTA","ID_KABKOT":"34.04","KABKOT":"SLEMAN","ID_KEC":"34.04.07","KECAMATAN":"DEPOK","ID_DESA":"34.04.07.2001","DESA":"CATURTUNGGAL","LONGITUDE":110.3920151,"LATITUDE":-7.763673,"STATUS":"BUKA","TANGGAL PENGUMPULAN":"Q1 2024","TANGGAL UPDATE":"28/02/2025"}},{"type":"Feature","geometry":{"coordinates":[110.3526451,-7.761511],"type":"Point"},"properties":{"NAMA":"KLINIK YANI GIGI","TIPE_1":"KESEHATAN DAN PENGOBATAN","TIPE_2":"KLINIK","TIPE_3":"KLINIK DAN DOKTER GIGI","TELEPON":"0815-6874-619","ALAMAT":"UNNAMED RD, KAB., GEDONGAN, SINDUADI, KEC. MLATI, KABUPATEN SLEMAN, DAERAH ISTIMEWA YOGYAKARTA 55284","ID_PROV":"34","PROVINSI":"DAERAH ISTIMEWA YOGYAKARTA","ID_KABKOT":"34.04","KABKOT":"SLEMAN","ID_KEC":"34.04.06","KECAMATAN":"MLATI","ID_DESA":"34.04.06.2001","DESA":"SINDUADI","LONGITUDE":110.3526451,"LATITUDE":-7.761511,"STATUS":"BUKA","TANGGAL PENGUMPULAN":"Q1 2024","TANGGAL UPDATE":"28/02/2025"}},{"type":"Feature","geometry":{"coordinates":[110.3438226,-7.7799486],"type":"Point"},"properties":{"NAMA":"KLINIK GIGI DENTES (GODEAN)","TIPE_1":"KESEHATAN DAN PENGOBATAN","TIPE_2":"KLINIK","TIPE_3":"KLINIK DAN DOKTER GIGI","TELEPON":"0851-0050-0202","ALAMAT":"RUKAN GADING MAS, JL. GODEAN NO.KM. 4, AREA SAWAH, BANYURADEN, KEC. GAMPING, KABUPATEN SLEMAN, DAERAH ISTIMEWA YOGYAKARTA 55293","ID_PROV":"34","PROVINSI":"DAERAH ISTIMEWA YOGYAKARTA","ID_KABKOT":"34.04","KABKOT":"SLEMAN","ID_KEC":"34.04.01","KECAMATAN":"GAMPING","ID_DESA":"34.04.01.2003","DESA":"BANYURADEN","LONGITUDE":110.3438226,"LATITUDE":-7.7799486,"STATUS":"BUKA","TANGGAL PENGUMPULAN":"Q1 2024","TANGGAL UPDATE":"28/02/2025"}},{"type":"Feature","geometry":{"coordinates":[110.4192378,-7.6852126],"type":"Point"},"properties":{"NAMA":"KLINIK GIGI DENTES PAKEM","TIPE_1":"KESEHATAN DAN PENGOBATAN","TIPE_2":"KLINIK","TIPE_3":"KLINIK DAN DOKTER GIGI","TELEPON":"0878-8282-9978","ALAMAT":"KIOS, JL. DEGOLAN JL. KALIURANG NO.KM 14, RW.5, NGEMPLAK, UMBULMARTANI, KABUPATEN SLEMAN, DAERAH ISTIMEWA YOGYAKARTA 55584","ID_PROV":"34","PROVINSI":"DAERAH ISTIMEWA YOGYAKARTA","ID_KABKOT":"34.04","KABKOT":"SLEMAN","ID_KEC":"34.04.11","KECAMATAN":"NGEMPLAK","ID_DESA":"34.04.11.2005","DESA":"UMBULMARTANI","LONGITUDE":110.4192378,"LATITUDE":-7.6852126,"STATUS":"BUKA","TANGGAL PENGUMPULAN":"Q1 2024","TANGGAL UPDATE":"28/02/2025"}},{"type":"Feature","geometry":{"coordinates":[110.3924836,-7.734371],"type":"Point"},"properties":{"NAMA":"DENTAL RESIDENCE","TIPE_1":"KESEHATAN DAN PENGOBATAN","TIPE_2":"KLINIK","TIPE_3":"KLINIK DAN DOKTER GIGI","TELEPON":"0857-6667-7718","ALAMAT":"JL. DAMAI NO.10A, TAMBAKAN, SINDUHARJO, KEC. NGAGLIK, KABUPATEN SLEMAN, DAERAH ISTIMEWA YOGYAKARTA 55581","ID_PROV":"34","PROVINSI":"DAERAH ISTIMEWA YOGYAKARTA","ID_KABKOT":"34.04","KABKOT":"SLEMAN","ID_KEC":"34.04.12","KECAMATAN":"NGAGLIK","ID_DESA":"34.04.12.2003","DESA":"SINDUHARJO","LONGITUDE":110.3924836,"LATITUDE":-7.734371,"STATUS":"BUKA","TANGGAL PENGUMPULAN":"Q1 2024","TANGGAL UPDATE":"28/02/2025"}},{"type":"Feature","geometry":{"coordinates":[110.3967944,-7.751493],"type":"Point"},"properties":{"NAMA":"KLINIK GIGI HIKARI (HIKARI DENTAL CLINIC)","TIPE_1":"KESEHATAN DAN PENGOBATAN","TIPE_2":"KLINIK","TIPE_3":"KLINIK DAN DOKTER GIGI","TELEPON":"0889-8988-1900","ALAMAT":"JL. MUNGGUR, NGABEAN WETAN, SINDUHARJO, KEC. NGAGLIK, KABUPATEN SLEMAN, DAERAH ISTIMEWA YOGYAKARTA 55281","ID_PROV":"34","PROVINSI":"DAERAH ISTIMEWA YOGYAKARTA","ID_KABKOT":"34.04","KABKOT":"SLEMAN","ID_KEC":"34.04.07","KECAMATAN":"DEPOK","ID_DESA":"34.04.07.2003","DESA":"CONDONGCATUR","LONGITUDE":110.3967944,"LATITUDE":-7.751493,"STATUS":"BUKA","TANGGAL PENGUMPULAN":"Q1 2024","TANGGAL UPDATE":"28/02/2025"}},{"type":"Feature","geometry":{"coordinates":[110.4268164,-7.7652736],"type":"Point"},"properties":{"NAMA":"KLINIK DK ~ KLINIK VAKSINASI INTERNASIONAL","TIPE_1":"KESEHATAN DAN PENGOBATAN","TIPE_2":"KLINIK","TIPE_3":"KLINIK DAN DOKTER GIGI","TELEPON":"0821-3442-3542","ALAMAT":"JL. RING ROAD UTARA NO.17A, RT.7/RW.13, SANGGRAHAN, MAGUWOHARJO, KEC. DEPOK, KABUPATEN SLEMAN, DAERAH ISTIMEWA YOGYAKARTA 55281","ID_PROV":"34","PROVINSI":"DAERAH ISTIMEWA YOGYAKARTA","ID_KABKOT":"34.04","KABKOT":"SLEMAN","ID_KEC":"34.04.07","KECAMATAN":"DEPOK","ID_DESA":"34.04.07.2002","DESA":"MAGUWOHARJO","LONGITUDE":110.4268164,"LATITUDE":-7.7652736,"STATUS":"BUKA","TANGGAL PENGUMPULAN":"Q1 2024","TANGGAL UPDATE":"28/02/2025"}},{"type":"Feature","geometry":{"coordinates":[110.3817313,-7.7573862],"type":"Point"},"properties":{"NAMA":"KLINIK FRESH DENTAL","TIPE_1":"KESEHATAN DAN PENGOBATAN","TIPE_2":"KLINIK","TIPE_3":"KLINIK DAN DOKTER GIGI","TELEPON":"(0274) 551805","ALAMAT":"JL. KALIURANG KM. 5.2, NO. 27, SLEMAN, DEPOK, MANGGUNG, CATURTUNGGAL, KEC. DEPOK, KABUPATEN SLEMAN, DAERAH ISTIMEWA YOGYAKARTA 55281","ID_PROV":"34","PROVINSI":"DAERAH ISTIMEWA YOGYAKARTA","ID_KABKOT":"34.04","KABKOT":"SLEMAN","ID_KEC":"34.04.07","KECAMATAN":"DEPOK","ID_DESA":"34.04.07.2001","DESA":"CATURTUNGGAL","LONGITUDE":110.3817313,"LATITUDE":-7.7573862,"STATUS":"BUKA","TANGGAL PENGUMPULAN":"Q1 2024","TANGGAL UPDATE":"28/02/2025"}},{"type":"Feature","geometry":{"coordinates":[110.4068282,-7.7613576],"type":"Point"},"properties":{"NAMA":"KLINIK BANGUN HUSADA","TIPE_1":"KESEHATAN DAN PENGOBATAN","TIPE_2":"KLINIK","TIPE_3":"KLINIK DAN DOKTER GIGI","TELEPON":"(0274) 488314","ALAMAT":"RUKO GORONGAN, NO.206, JL. PERUMNAS, NGROPOH, CONDONGCATUR, DEPOK, SLEMAN REGENCY, SPECIAL REGION OF YOGYAKARTA 55281","ID_PROV":"34","PROVINSI":"DAERAH ISTIMEWA YOGYAKARTA","ID_KABKOT":"34.04","KABKOT":"SLEMAN","ID_KEC":"34.04.07","KECAMATAN":"DEPOK","ID_DESA":"34.04.07.2003","DESA":"CONDONGCATUR","LONGITUDE":110.4068282,"LATITUDE":-7.7613576,"STATUS":"BUKA","TANGGAL PENGUMPULAN":"Q1 2024","TANGGAL UPDATE":"28/02/2025"}},{"type":"Feature","geometry":{"coordinates":[110.4196453,-7.7423072],"type":"Point"},"properties":{"NAMA":"KLINIK GIGI DENTES WEDOMARTANI","TIPE_1":"KESEHATAN DAN PENGOBATAN","TIPE_2":"KLINIK","TIPE_3":"KLINIK DAN DOKTER GIGI","TELEPON":"0838-1818-6567","ALAMAT":"JL. AMARTA NO.B28, MALANGREJO, WEDOMARTANI, NGEMPLAK, SLEMAN REGENCY, SPECIAL REGION OF YOGYAKARTA 55584","ID_PROV":"34","PROVINSI":"DAERAH ISTIMEWA YOGYAKARTA","ID_KABKOT":"34.04","KABKOT":"SLEMAN","ID_KEC":"34.04.11","KECAMATAN":"NGEMPLAK","ID_DESA":"34.04.11.2004","DESA":"WEDOMARTANI","LONGITUDE":110.4196453,"LATITUDE":-7.7423072,"STATUS":"BUKA","TANGGAL PENGUMPULAN":"Q1 2024","TANGGAL UPDATE":"28/02/2025"}},{"type":"Feature","geometry":{"coordinates":[110.4356469,-7.7517929],"type":"Point"},"properties":{"NAMA":"MY DENTIST DENTAL CARE","TIPE_1":"KESEHATAN DAN PENGOBATAN","TIPE_2":"KLINIK","TIPE_3":"KLINIK DAN DOKTER GIGI","TELEPON":"0878-1200-1662","ALAMAT":"JL. KADISOKA, TAJEM, MAGUWOHARJO, DEPOK, SLEMAN REGENCY, SPECIAL REGION OF YOGYAKARTA 55281","ID_PROV":"34","PROVINSI":"DAERAH ISTIMEWA YOGYAKARTA","ID_KABKOT":"34.04","KABKOT":"SLEMAN","ID_KEC":"34.04.07","KECAMATAN":"DEPOK","ID_DESA":"34.04.07.2002","DESA":"MAGUWOHARJO","LONGITUDE":110.4356469,"LATITUDE":-7.7517929,"STATUS":"BUKA","TANGGAL PENGUMPULAN":"Q1 2024","TANGGAL UPDATE":"28/02/2025"}},{"type":"Feature","geometry":{"coordinates":[110.3901292,-7.7701137],"type":"Point"},"properties":{"NAMA":"KLINIK GIGI ALAMANDA","TIPE_1":"KESEHATAN DAN PENGOBATAN","TIPE_2":"KLINIK","TIPE_3":"KLINIK DAN DOKTER GIGI","TELEPON":"","ALAMAT":"JL. AFFANDI, KARANG GAYAM, CATURTUNGGAL, KEC. DEPOK, KABUPATEN SLEMAN, DAERAH ISTIMEWA YOGYAKARTA 55281","ID_PROV":"34","PROVINSI":"DAERAH ISTIMEWA YOGYAKARTA","ID_KABKOT":"34.04","KABKOT":"SLEMAN","ID_KEC":"34.04.07","KECAMATAN":"DEPOK","ID_DESA":"34.04.07.2001","DESA":"CATURTUNGGAL","LONGITUDE":110.3901292,"LATITUDE":-7.7701137,"STATUS":"BUKA","TANGGAL PENGUMPULAN":"Q1 2024","TANGGAL UPDATE":"28/02/2025"}},{"type":"Feature","geometry":{"coordinates":[110.4117946,-7.7632335],"type":"Point"},"properties":{"NAMA":"GIO DENTAL CARE SETURAN","TIPE_1":"KESEHATAN DAN PENGOBATAN","TIPE_2":"KLINIK","TIPE_3":"KLINIK DAN DOKTER GIGI","TELEPON":"0822-1885-5597","ALAMAT":"JL. SETURAN RAYA NO.406 BLOK C NO, NGROPOH, CONDONGCATUR, DEPOK, SLEMAN REGENCY, SPECIAL REGION OF YOGYAKARTA 55283","ID_PROV":"34","PROVINSI":"DAERAH ISTIMEWA YOGYAKARTA","ID_KABKOT":"34.04","KABKOT":"SLEMAN","ID_KEC":"34.04.07","KECAMATAN":"DEPOK","ID_DESA":"34.04.07.2001","DESA":"CATURTUNGGAL","LONGITUDE":110.4117946,"LATITUDE":-7.7632335,"STATUS":"BUKA","TANGGAL PENGUMPULAN":"Q1 2024","TANGGAL UPDATE":"28/02/2025"}},{"type":"Feature","geometry":{"coordinates":[110.3910374,-7.7763178],"type":"Point"},"properties":{"NAMA":"KLINIK GIGI DENTES MRICAN","TIPE_1":"KESEHATAN DAN PENGOBATAN","TIPE_2":"KLINIK","TIPE_3":"KLINIK DAN DOKTER GIGI","TELEPON":"0877-8979-9191","ALAMAT":"JL. MOSES GATOTKACA NO.1D, MRICAN, CATURTUNGGAL, KEC. DEPOK, KABUPATEN SLEMAN, DAERAH ISTIMEWA YOGYAKARTA 55281","ID_PROV":"34","PROVINSI":"DAERAH ISTIMEWA YOGYAKARTA","ID_KABKOT":"34.04","KABKOT":"SLEMAN","ID_KEC":"34.04.07","KECAMATAN":"DEPOK","ID_DESA":"34.04.07.2001","DESA":"CATURTUNGGAL","LONGITUDE":110.3910374,"LATITUDE":-7.7763178,"STATUS":"BUKA","TANGGAL PENGUMPULAN":"Q1 2024","TANGGAL UPDATE":"28/02/2025"}},{"type":"Feature","geometry":{"coordinates":[110.3946104,-7.7567744],"type":"Point"},"properties":{"NAMA":"KLINIK GIGI WHITE DENTAL CONCAT","TIPE_1":"KESEHATAN DAN PENGOBATAN","TIPE_2":"KLINIK","TIPE_3":"KLINIK DAN DOKTER GIGI","TELEPON":"0811-2959-519","ALAMAT":"JL. ANGGAJAYA III NO.8, GEJAYAN, CONDONGCATUR, DEPOK, SLEMAN REGENCY, SPECIAL REGION OF YOGYAKARTA","ID_PROV":"34","PROVINSI":"DAERAH ISTIMEWA YOGYAKARTA","ID_KABKOT":"34.04","KABKOT":"SLEMAN","ID_KEC":"34.04.07","KECAMATAN":"DEPOK","ID_DESA":"34.04.07.2003","DESA":"CONDONGCATUR","LONGITUDE":110.3946104,"LATITUDE":-7.7567744,"STATUS":"BUKA","TANGGAL PENGUMPULAN":"Q1 2024","TANGGAL UPDATE":"28/02/2025"}},{"type":"Feature","geometry":{"coordinates":[110.4111784,-7.7612778],"type":"Point"},"properties":{"NAMA":"KLINIK GIGI DENTES","TIPE_1":"KESEHATAN DAN PENGOBATAN","TIPE_2":"KLINIK","TIPE_3":"KLINIK DAN DOKTER GIGI","TELEPON":"0878-6060-4700","ALAMAT":"RUKO PANCASAN, JL. RING ROAD UTARA NO.5, NGRINGIN, CONDONGCATUR, KEC. DEPOK, KABUPATEN SLEMAN, DAERAH ISTIMEWA YOGYAKARTA 55283","ID_PROV":"34","PROVINSI":"DAERAH ISTIMEWA YOGYAKARTA","ID_KABKOT":"34.04","KABKOT":"SLEMAN","ID_KEC":"34.04.07","KECAMATAN":"DEPOK","ID_DESA":"34.04.07.2003","DESA":"CONDONGCATUR","LONGITUDE":110.4111784,"LATITUDE":-7.7612778,"STATUS":"BUKA","TANGGAL PENGUMPULAN":"Q1 2024","TANGGAL UPDATE":"28/02/2025"}},{"type":"Feature","geometry":{"coordinates":[110.4159025,-7.7748847],"type":"Point"},"properties":{"NAMA":"GIO DENTAL CARE & CLINIC BABARSARI","TIPE_1":"KESEHATAN DAN PENGOBATAN","TIPE_2":"KLINIK","TIPE_3":"KLINIK DAN DOKTER GIGI","TELEPON":"0822-4365-6578","ALAMAT":"JL. BABARSARI RUKO BABARSARI PERMAI R1 NO.26 R1, TAMBAK BAYAN, CATURTUNGGAL, DEPOK, SLEMAN REGENCY, SPECIAL REGION OF YOGYAKARTA 55281","ID_PROV":"34","PROVINSI":"DAERAH ISTIMEWA YOGYAKARTA","ID_KABKOT":"34.04","KABKOT":"SLEMAN","ID_KEC":"34.04.07","KECAMATAN":"DEPOK","ID_DESA":"34.04.07.2001","DESA":"CATURTUNGGAL","LONGITUDE":110.4159025,"LATITUDE":-7.7748847,"STATUS":"BUKA","TANGGAL PENGUMPULAN":"Q1 2024","TANGGAL UPDATE":"28/02/2025"}},{"type":"Feature","geometry":{"coordinates":[110.3865518,-7.7657547],"type":"Point"},"properties":{"NAMA":"ELZA DENTAL CARE KLEBENGAN","TIPE_1":"KESEHATAN DAN PENGOBATAN","TIPE_2":"KLINIK","TIPE_3":"KLINIK DAN DOKTER GIGI","TELEPON":"0812-2808-8811","ALAMAT":"JALAN MANGGIS, KLEBENGAN, RT.8/RW.2, DEPOK SLEMAN, KABUPATEN SLEMAN, DAERAH ISTIMEWA YOGYAKARTA 55281","ID_PROV":"34","PROVINSI":"DAERAH ISTIMEWA YOGYAKARTA","ID_KABKOT":"34.04","KABKOT":"SLEMAN","ID_KEC":"34.04.07","KECAMATAN":"DEPOK","ID_DESA":"34.04.07.2001","DESA":"CATURTUNGGAL","LONGITUDE":110.3865518,"LATITUDE":-7.7657547,"STATUS":"BUKA","TANGGAL PENGUMPULAN":"Q1 2024","TANGGAL UPDATE":"28/02/2025"}},{"type":"Feature","geometry":{"coordinates":[110.4098092,-7.7721066],"type":"Point"},"properties":{"NAMA":"KLINIK GIGI JOY DENTAL SETURAN","TIPE_1":"KESEHATAN DAN PENGOBATAN","TIPE_2":"KLINIK","TIPE_3":"KLINIK DAN DOKTER GIGI","TELEPON":"0851-0755-6699","ALAMAT":"JL. SETURAN RAYA NO.1 KAVLING 9, KLEDOKAN, CATURTUNGGAL, DEPOK, SLEMAN REGENCY, SPECIAL REGION OF YOGYAKARTA 55281","ID_PROV":"34","PROVINSI":"DAERAH ISTIMEWA YOGYAKARTA","ID_KABKOT":"34.04","KABKOT":"SLEMAN","ID_KEC":"34.04.07","KECAMATAN":"DEPOK","ID_DESA":"34.04.07.2001","DESA":"CATURTUNGGAL","LONGITUDE":110.4098092,"LATITUDE":-7.7721066,"STATUS":"BUKA","TANGGAL PENGUMPULAN":"Q1 2024","TANGGAL UPDATE":"28/02/2025"}},{"type":"Feature","geometry":{"coordinates":[110.3895709,-7.7735043],"type":"Point"},"properties":{"NAMA":"GIO DENTAL CARE & CLINIC GEJAYAN","TIPE_1":"KESEHATAN DAN PENGOBATAN","TIPE_2":"KLINIK","TIPE_3":"KLINIK DAN DOKTER GIGI","TELEPON":"0822-2000-7278","ALAMAT":"JL. AFFANDI NO.6, SANTREN, CATURTUNGGAL, KEC. DEPOK, KABUPATEN SLEMAN, DAERAH ISTIMEWA YOGYAKARTA 55281","ID_PROV":"34","PROVINSI":"DAERAH ISTIMEWA YOGYAKARTA","ID_KABKOT":"34.04","KABKOT":"SLEMAN","ID_KEC":"34.04.07","KECAMATAN":"DEPOK","ID_DESA":"34.04.07.2001","DESA":"CATURTUNGGAL","LONGITUDE":110.3895709,"LATITUDE":-7.7735043,"STATUS":"BUKA","TANGGAL PENGUMPULAN":"Q1 2024","TANGGAL UPDATE":"28/02/2025"}},{"type":"Feature","geometry":{"coordinates":[110.3223158,-7.7953397],"type":"Point"},"properties":{"NAMA":"MASYKUR DENTA MEDIKA","TIPE_1":"KESEHATAN DAN PENGOBATAN","TIPE_2":"KLINIK","TIPE_3":"KLINIK DAN DOKTER GIGI","TELEPON":"0812-4980-8122","ALAMAT":"JL. RAYA GAMPING NO.157, PATUKAN, AMBARKETAWANG, KEC. GAMPING, KABUPATEN SLEMAN, DAERAH ISTIMEWA YOGYAKARTA 55294","ID_PROV":"34","PROVINSI":"DAERAH ISTIMEWA YOGYAKARTA","ID_KABKOT":"34.04","KABKOT":"SLEMAN","ID_KEC":"34.04.01","KECAMATAN":"GAMPING","ID_DESA":"34.04.01.2002","DESA":"AMBARKETAWANG","LONGITUDE":110.3223158,"LATITUDE":-7.7953397,"STATUS":"BUKA","TANGGAL PENGUMPULAN":"Q1 2024","TANGGAL UPDATE":"28/02/2025"}},{"type":"Feature","geometry":{"coordinates":[110.3372561,-7.7782346],"type":"Point"},"properties":{"NAMA":"KRIS DENTAL CARE GODEAN","TIPE_1":"KESEHATAN DAN PENGOBATAN","TIPE_2":"KLINIK","TIPE_3":"KLINIK DAN DOKTER GIGI","TELEPON":"(0274) 5017754","ALAMAT":"JL. GODEAN NO.130, AREA SAWAH, BANYURADEN, KEC. GAMPING, KABUPATEN SLEMAN, DAERAH ISTIMEWA YOGYAKARTA 55293","ID_PROV":"34","PROVINSI":"DAERAH ISTIMEWA YOGYAKARTA","ID_KABKOT":"34.04","KABKOT":"SLEMAN","ID_KEC":"34.04.01","KECAMATAN":"GAMPING","ID_DESA":"34.04.01.2004","DESA":"NOGOTIRTO","LONGITUDE":110.3372561,"LATITUDE":-7.7782346,"STATUS":"BUKA","TANGGAL PENGUMPULAN":"Q1 2024","TANGGAL UPDATE":"28/02/2025"}},{"type":"Feature","geometry":{"coordinates":[110.4014627,-7.7833644],"type":"Point"},"properties":{"NAMA":"GIO DENTAL CARE & CLINIC AMBARUKMO","TIPE_1":"KESEHATAN DAN PENGOBATAN","TIPE_2":"KLINIK","TIPE_3":"KLINIK DAN DOKTER GIGI","TELEPON":"0822-4365-6587","ALAMAT":"FRONT OF PLAZA, SHOPPING MALL, AMBARUKMO, JL. LAKSDA ADISUCIPTO NO.62 /113, AMBARUKMO, CATURTUNGGAL, DEPOK, SPECIAL REGION OF YOGYAKARTA 55281","ID_PROV":"34","PROVINSI":"DAERAH ISTIMEWA YOGYAKARTA","ID_KABKOT":"34.04","KABKOT":"SLEMAN","ID_KEC":"34.04.07","KECAMATAN":"DEPOK","ID_DESA":"34.04.07.2001","DESA":"CATURTUNGGAL","LONGITUDE":110.4014627,"LATITUDE":-7.7833644,"STATUS":"BUKA","TANGGAL PENGUMPULAN":"Q1 2024","TANGGAL UPDATE":"28/02/2025"}},{"type":"Feature","geometry":{"coordinates":[110.3882808,-7.7335863],"type":"Point"},"properties":{"NAMA":"DAMAI DENTAL CARE","TIPE_1":"KESEHATAN DAN PENGOBATAN","TIPE_2":"KLINIK","TIPE_3":"KLINIK DAN DOKTER GIGI","TELEPON":"0812-1119-6161","ALAMAT":"JL. DAMAI NO.98, BANTENG, SINDUHARJO, KEC. NGAGLIK, KABUPATEN SLEMAN, DAERAH ISTIMEWA YOGYAKARTA 55581","ID_PROV":"34","PROVINSI":"DAERAH ISTIMEWA YOGYAKARTA","ID_KABKOT":"34.04","KABKOT":"SLEMAN","ID_KEC":"34.04.12","KECAMATAN":"NGAGLIK","ID_DESA":"34.04.12.2003","DESA":"SINDUHARJO","LONGITUDE":110.3882808,"LATITUDE":-7.7335863,"STATUS":"BUKA","TANGGAL PENGUMPULAN":"Q1 2024","TANGGAL UPDATE":"28/02/2025"}},{"type":"Feature","geometry":{"coordinates":[110.3357402,-7.7915184],"type":"Point"},"properties":{"NAMA":"INDHY BEHEL & AURORA STORE","TIPE_1":"KESEHATAN DAN PENGOBATAN","TIPE_2":"KLINIK","TIPE_3":"TUKANG GIGI","TELEPON":"0855-2630-5204","ALAMAT":"JL. KANOMAN, AREA SAWAH, BANYURADEN, KEC. GAMPING, KABUPATEN SLEMAN, DAERAH ISTIMEWA YOGYAKARTA 55293","ID_PROV":"34","PROVINSI":"DAERAH ISTIMEWA YOGYAKARTA","ID_KABKOT":"34.04","KABKOT":"SLEMAN","ID_KEC":"34.04.01","KECAMATAN":"GAMPING","ID_DESA":"34.04.01.2003","DESA":"BANYURADEN","LONGITUDE":110.3357402,"LATITUDE":-7.7915184,"STATUS":"BUKA","TANGGAL PENGUMPULAN":"Q1 2024","TANGGAL UPDATE":"28/02/2025"}},{"type":"Feature","geometry":{"coordinates":[110.3419007,-7.7850829],"type":"Point"},"properties":{"NAMA":"GUYU DENTAL HOUSE - GODEAN (KLINIK GIGI)","TIPE_1":"KESEHATAN DAN PENGOBATAN","TIPE_2":"KLINIK","TIPE_3":"KLINIK DAN DOKTER GIGI","TELEPON":"0812-2587-9191","ALAMAT":"JL. TATA BUMI SELATAN NO.RT 11, BANYUMENENG, BANYURADEN, GAMPING, SLEMAN REGENCY, SPECIAL REGION OF YOGYAKARTA","ID_PROV":"34","PROVINSI":"DAERAH ISTIMEWA YOGYAKARTA","ID_KABKOT":"34.04","KABKOT":"SLEMAN","ID_KEC":"34.04.01","KECAMATAN":"GAMPING","ID_DESA":"34.04.01.2003","DESA":"BANYURADEN","LONGITUDE":110.3419007,"LATITUDE":-7.7850829,"STATUS":"BUKA","TANGGAL PENGUMPULAN":"Q1 2024","TANGGAL UPDATE":"28/02/2025"}},{"type":"Feature","geometry":{"coordinates":[110.3502761,-7.7651892],"type":"Point"},"properties":{"NAMA":"MULIA DENTAL","TIPE_1":"KESEHATAN DAN PENGOBATAN","TIPE_2":"KLINIK","TIPE_3":"KLINIK DAN DOKTER GIGI","TELEPON":"0857-2067-1101","ALAMAT":"JL. JAMBON TRIHANGGO, RT.03/RW.19, BATURAN, TRIHANGGO, KEC. GAMPING, KABUPATEN SLEMAN, DAERAH ISTIMEWA YOGYAKARTA 55291","ID_PROV":"34","PROVINSI":"DAERAH ISTIMEWA YOGYAKARTA","ID_KABKOT":"34.04","KABKOT":"SLEMAN","ID_KEC":"34.04.01","KECAMATAN":"GAMPING","ID_DESA":"34.04.01.2005","DESA":"TRIHANGGO","LONGITUDE":110.3502761,"LATITUDE":-7.7651892,"STATUS":"BUKA","TANGGAL PENGUMPULAN":"Q1 2024","TANGGAL UPDATE":"28/02/2025"}},{"type":"Feature","geometry":{"coordinates":[110.4000496,-7.7846208],"type":"Point"},"properties":{"NAMA":"DOKTER GIGI AGUSTINUS MHT","TIPE_1":"KESEHATAN DAN PENGOBATAN","TIPE_2":"PRAKTIK DOKTER SPESIALIS","TIPE_3":"DOKTER GIGI","TELEPON":"0813-9233-2416","ALAMAT":"JL. NOGOPURO, AMBARUKMO, CATURTUNGGAL, KEC. DEPOK, KABUPATEN BANTUL, DAERAH ISTIMEWA YOGYAKARTA 55281","ID_PROV":"34","PROVINSI":"DAERAH ISTIMEWA YOGYAKARTA","ID_KABKOT":"34.04","KABKOT":"SLEMAN","ID_KEC":"34.04.07","KECAMATAN":"DEPOK","ID_DESA":"34.04.07.2001","DESA":"CATURTUNGGAL","LONGITUDE":110.4000496,"LATITUDE":-7.7846208,"STATUS":"BUKA","TANGGAL PENGUMPULAN":"Q1 2024","TANGGAL UPDATE":"28/02/2025"}},{"type":"Feature","geometry":{"coordinates":[110.2941829,-7.7227725],"type":"Point"},"properties":{"NAMA":"PASANG GIGI INDAH","TIPE_1":"KESEHATAN DAN PENGOBATAN","TIPE_2":"KLINIK","TIPE_3":"TUKANG GIGI","TELEPON":"0895-0271-4498","ALAMAT":"SONOHARJO,MARGOKATON,SEYEGAN, KEC. SLEMAN, KABUPATEN SLEMAN, DAERAH ISTIMEWA YOGYAKARTA 55561","ID_PROV":"34","PROVINSI":"DAERAH ISTIMEWA YOGYAKARTA","ID_KABKOT":"34.04","KABKOT":"SLEMAN","ID_KEC":"34.04.05","KECAMATAN":"SEYEGAN","ID_DESA":"34.04.05.2003","DESA":"MARGOKATON","LONGITUDE":110.2941829,"LATITUDE":-7.7227725,"STATUS":"BUKA","TANGGAL PENGUMPULAN":"Q1 2024","TANGGAL UPDATE":"28/02/2025"}},{"type":"Feature","geometry":{"coordinates":[110.278091,-7.7626532],"type":"Point"},"properties":{"NAMA":"DR GIGI BU ERNA","TIPE_1":"KESEHATAN DAN PENGOBATAN","TIPE_2":"PRAKTIK DOKTER SPESIALIS","TIPE_3":"DOKTER GIGI","TELEPON":"","ALAMAT":"KM 11, BERJO II, JL. NGAPAK - KENTHENG, BERJO KULON, SIDOLUHUR, KEC. GODEAN, KABUPATEN SLEMAN, DAERAH ISTIMEWA YOGYAKARTA 55264","ID_PROV":"34","PROVINSI":"DAERAH ISTIMEWA YOGYAKARTA","ID_KABKOT":"34.04","KABKOT":"SLEMAN","ID_KEC":"34.04.02","KECAMATAN":"GODEAN","ID_DESA":"34.04.02.2002","DESA":"SIDOLUHUR","LONGITUDE":110.278091,"LATITUDE":-7.7626532,"STATUS":"BUKA","TANGGAL PENGUMPULAN":"Q1 2024","TANGGAL UPDATE":"28/02/2025"}},{"type":"Feature","geometry":{"coordinates":[110.307384,-7.7710396],"type":"Point"},"properties":{"NAMA":"KLINIK PRATAMA SARODJA","TIPE_1":"KESEHATAN DAN PENGOBATAN","TIPE_2":"KLINIK","TIPE_3":"KLINIK DAN DOKTER GIGI","TELEPON":"(0274) 582586","ALAMAT":"JL. NGAPAK - KENTHENG NO.KM 8,5, KLAJURAN, SIDOKARTO, KEC. GODEAN, KABUPATEN SLEMAN, DAERAH ISTIMEWA YOGYAKARTA 55264","ID_PROV":"34","PROVINSI":"DAERAH ISTIMEWA YOGYAKARTA","ID_KABKOT":"34.04","KABKOT":"SLEMAN","ID_KEC":"34.04.02","KECAMATAN":"GODEAN","ID_DESA":"34.04.02.2005","DESA":"SIDOKARTO","LONGITUDE":110.307384,"LATITUDE":-7.7710396,"STATUS":"BUKA","TANGGAL PENGUMPULAN":"Q1 2024","TANGGAL UPDATE":"28/02/2025"}},{"type":"Feature","geometry":{"coordinates":[110.3230634,-7.7831459],"type":"Point"},"properties":{"NAMA":"SUTARMAN DENTAL CARE","TIPE_1":"KESEHATAN DAN PENGOBATAN","TIPE_2":"KLINIK","TIPE_3":"KLINIK DAN DOKTER GIGI","TELEPON":"0813-2568-6791","ALAMAT":"JL. SIDOARUM - BANTULAN NO.2, MEJING LOR, KRAMAT, KEC. GODEAN, KABUPATEN SLEMAN, DAERAH ISTIMEWA YOGYAKARTA 55294","ID_PROV":"34","PROVINSI":"DAERAH ISTIMEWA YOGYAKARTA","ID_KABKOT":"34.04","KABKOT":"SLEMAN","ID_KEC":"34.04.02","KECAMATAN":"GODEAN","ID_DESA":"34.04.02.2006","DESA":"SIDOARUM","LONGITUDE":110.3230634,"LATITUDE":-7.7831459,"STATUS":"BUKA","TANGGAL PENGUMPULAN":"Q1 2024","TANGGAL UPDATE":"28/02/2025"}},{"type":"Feature","geometry":{"coordinates":[110.2966417,-7.7685657],"type":"Point"},"properties":{"NAMA":"MINA DENTAL","TIPE_1":"KESEHATAN DAN PENGOBATAN","TIPE_2":"KLINIK","TIPE_3":"KLINIK DAN DOKTER GIGI","TELEPON":"0895-2910-4457","ALAMAT":"JL. NGAPAK - KENTHENG, AREA SAWAH, SIDOAGUNG, KEC. GODEAN, KABUPATEN SLEMAN, DAERAH ISTIMEWA YOGYAKARTA 55264","ID_PROV":"34","PROVINSI":"DAERAH ISTIMEWA YOGYAKARTA","ID_KABKOT":"34.04","KABKOT":"SLEMAN","ID_KEC":"34.04.02","KECAMATAN":"GODEAN","ID_DESA":"34.04.02.2004","DESA":"SIDOAGUNG","LONGITUDE":110.2966417,"LATITUDE":-7.7685657,"STATUS":"BUKA","TANGGAL PENGUMPULAN":"Q1 2024","TANGGAL UPDATE":"28/02/2025"}},{"type":"Feature","geometry":{"coordinates":[110.3206192,-7.7525],"type":"Point"},"properties":{"NAMA":"ENDAH WAHYU S","TIPE_1":"KESEHATAN DAN PENGOBATAN","TIPE_2":"KLINIK","TIPE_3":"TUKANG GIGI","TELEPON":"0857-8968-9691","ALAMAT":"JL. SIDOMOYO, AREA SAWAH, SIDOMOYO, KEC. GODEAN, KABUPATEN SLEMAN, DAERAH ISTIMEWA YOGYAKARTA 55264","ID_PROV":"34","PROVINSI":"DAERAH ISTIMEWA YOGYAKARTA","ID_KABKOT":"34.04","KABKOT":"SLEMAN","ID_KEC":"34.04.02","KECAMATAN":"GODEAN","ID_DESA":"34.04.02.2007","DESA":"SIDOMOYO","LONGITUDE":110.3206192,"LATITUDE":-7.7525,"STATUS":"BUKA","TANGGAL PENGUMPULAN":"Q1 2024","TANGGAL UPDATE":"28/02/2025"}},{"type":"Feature","geometry":{"coordinates":[110.2781031,-7.7626542],"type":"Point"},"properties":{"NAMA":"DENTAL CARE 86 YOGYAKARTA","TIPE_1":"KESEHATAN DAN PENGOBATAN","TIPE_2":"KLINIK","TIPE_3":"KLINIK DAN DOKTER GIGI","TELEPON":"0858-6651-4386","ALAMAT":"BERJO KULON, SIDOLUHUR, KEC. GODEAN, KABUPATEN SLEMAN, DAERAH ISTIMEWA YOGYAKARTA 55264","ID_PROV":"34","PROVINSI":"DAERAH ISTIMEWA YOGYAKARTA","ID_KABKOT":"34.04","KABKOT":"SLEMAN","ID_KEC":"34.04.02","KECAMATAN":"GODEAN","ID_DESA":"34.04.02.2002","DESA":"SIDOLUHUR","LONGITUDE":110.2781031,"LATITUDE":-7.7626542,"STATUS":"BUKA","TANGGAL PENGUMPULAN":"Q1 2024","TANGGAL UPDATE":"28/02/2025"}},{"type":"Feature","geometry":{"coordinates":[110.3618928,-7.669797],"type":"Point"},"properties":{"NAMA":"KLINIK SWA","TIPE_1":"KESEHATAN DAN PENGOBATAN","TIPE_2":"KLINIK","TIPE_3":"KLINIK DAN DOKTER GIGI","TELEPON":"0821-3545-6784","ALAMAT":"JALAN SALAK/TURI KM 4, KADISOBO, TRIMULYO, KEC. SLEMAN, KABUPATEN SLEMAN, DAERAH ISTIMEWA YOGYAKARTA 55513","ID_PROV":"34","PROVINSI":"DAERAH ISTIMEWA YOGYAKARTA","ID_KABKOT":"34.04","KABKOT":"SLEMAN","ID_KEC":"34.04.13","KECAMATAN":"SLEMAN","ID_DESA":"34.04.13.2005","DESA":"TRIMULYO","LONGITUDE":110.3618928,"LATITUDE":-7.669797,"STATUS":"BUKA","TANGGAL PENGUMPULAN":"Q1 2024","TANGGAL UPDATE":"28/02/2025"}},{"type":"Feature","geometry":{"coordinates":[110.3437,-7.7129605],"type":"Point"},"properties":{"NAMA":"KLINIK GIGI DENTES TRIDADI","TIPE_1":"KESEHATAN DAN PENGOBATAN","TIPE_2":"KLINIK","TIPE_3":"KLINIK DAN DOKTER GIGI","TELEPON":"0878-7889-6678","ALAMAT":"JL. KRT PRINGGODININGRAT, PATEN, TRIDADI, KEC. SLEMAN, KABUPATEN SLEMAN, DAERAH ISTIMEWA YOGYAKARTA 55511","ID_PROV":"34","PROVINSI":"DAERAH ISTIMEWA YOGYAKARTA","ID_KABKOT":"34.04","KABKOT":"SLEMAN","ID_KEC":"34.04.13","KECAMATAN":"SLEMAN","ID_DESA":"34.04.13.2003","DESA":"TRIDADI","LONGITUDE":110.3437,"LATITUDE":-7.7129605,"STATUS":"BUKA","TANGGAL PENGUMPULAN":"Q1 2024","TANGGAL UPDATE":"28/02/2025"}},{"type":"Feature","geometry":{"coordinates":[110.329319,-7.662132],"type":"Point"},"properties":{"NAMA":"PRAKTIK DOKTER SUWARDI","TIPE_1":"KESEHATAN DAN PENGOBATAN","TIPE_2":"PRAKTIK DOKTER SPESIALIS","TIPE_3":"DOKTER GIGI","TELEPON":"(0274) 868285","ALAMAT":"JL. MAGELANG NO.44, NGEBONG, MARGOREJO, KEC. TEMPEL, KABUPATEN SLEMAN, DAERAH ISTIMEWA YOGYAKARTA 55552","ID_PROV":"34","PROVINSI":"DAERAH ISTIMEWA YOGYAKARTA","ID_KABKOT":"34.04","KABKOT":"SLEMAN","ID_KEC":"34.04.14","KECAMATAN":"TEMPEL","ID_DESA":"34.04.14.2006","DESA":"MARGOREJO","LONGITUDE":110.329319,"LATITUDE":-7.662132,"STATUS":"BUKA","TANGGAL PENGUMPULAN":"Q1 2024","TANGGAL UPDATE":"28/02/2025"}},{"type":"Feature","geometry":{"coordinates":[110.3315123,-7.6424314],"type":"Point"},"properties":{"NAMA":"DRG. BAGUS ARIYANTO K.","TIPE_1":"KESEHATAN DAN PENGOBATAN","TIPE_2":"PRAKTIK DOKTER SPESIALIS","TIPE_3":"DOKTER GIGI","TELEPON":"0816-384-965","ALAMAT":"KOPEN, LUMBUNGREJO, KEC. TEMPEL, KABUPATEN SLEMAN, DAERAH ISTIMEWA YOGYAKARTA 55552","ID_PROV":"34","PROVINSI":"DAERAH ISTIMEWA YOGYAKARTA","ID_KABKOT":"34.04","KABKOT":"SLEMAN","ID_KEC":"34.04.14","KECAMATAN":"TEMPEL","ID_DESA":"34.04.14.2007","DESA":"LUMBUNGREJO","LONGITUDE":110.3315123,"LATITUDE":-7.6424314,"STATUS":"BUKA","TANGGAL PENGUMPULAN":"Q1 2024","TANGGAL UPDATE":"28/02/2025"}},{"type":"Feature","geometry":{"coordinates":[110.363014,-7.702709],"type":"Point"},"properties":{"NAMA":"PRAKTIK DRG. DEWI WIJAYANTI","TIPE_1":"KESEHATAN DAN PENGOBATAN","TIPE_2":"PRAKTIK DOKTER SPESIALIS","TIPE_3":"DOKTER GIGI","TELEPON":"0813-2865-2006","ALAMAT":"JL. PANDOWOHARJO NO.9, NIRON, PANDOWOHARJO, SLEMAN, SLEMAN REGENCY, SPECIAL REGION OF YOGYAKARTA 55512","ID_PROV":"34","PROVINSI":"DAERAH ISTIMEWA YOGYAKARTA","ID_KABKOT":"34.04","KABKOT":"SLEMAN","ID_KEC":"34.04.13","KECAMATAN":"SLEMAN","ID_DESA":"34.04.13.2004","DESA":"PANDOWOHARJO","LONGITUDE":110.363014,"LATITUDE":-7.702709,"STATUS":"BUKA","TANGGAL PENGUMPULAN":"Q1 2024","TANGGAL UPDATE":"28/02/2025"}},{"type":"Feature","geometry":{"coordinates":[110.3554874,-7.6829928],"type":"Point"},"properties":{"NAMA":"AHLI PASANG GIGI A. ARIFIN","TIPE_1":"KESEHATAN DAN PENGOBATAN","TIPE_2":"KLINIK","TIPE_3":"TUKANG GIGI","TELEPON":"(0274) 888454","ALAMAT":"JL. PANDANARAN (JAKAL KM 12, 5), SLEMAN, PENDENAN, TRIMULYO, KEC. SLEMAN, KABUPATEN SLEMAN, DAERAH ISTIMEWA YOGYAKARTA 55513","ID_PROV":"34","PROVINSI":"DAERAH ISTIMEWA YOGYAKARTA","ID_KABKOT":"34.04","KABKOT":"SLEMAN","ID_KEC":"34.04.13","KECAMATAN":"SLEMAN","ID_DESA":"34.04.13.2005","DESA":"TRIMULYO","LONGITUDE":110.3554874,"LATITUDE":-7.6829928,"STATUS":"BUKA","TANGGAL PENGUMPULAN":"Q1 2024","TANGGAL UPDATE":"28/02/2025"}},{"type":"Feature","geometry":{"coordinates":[110.3034086,-7.7200741],"type":"Point"},"properties":{"NAMA":"PRAKTEK DRG. MALINDA YULIANINGRUM","TIPE_1":"KESEHATAN DAN PENGOBATAN","TIPE_2":"PRAKTIK DOKTER SPESIALIS","TIPE_3":"DOKTER GIGI","TELEPON":"0823-3768-1212","ALAMAT":"PETE, MARGODADI, KEC. SEYEGAN, KABUPATEN SLEMAN, DAERAH ISTIMEWA YOGYAKARTA 55561","ID_PROV":"34","PROVINSI":"DAERAH ISTIMEWA YOGYAKARTA","ID_KABKOT":"34.04","KABKOT":"SLEMAN","ID_KEC":"34.04.05","KECAMATAN":"SEYEGAN","ID_DESA":"34.04.05.2002","DESA":"MARGODADI","LONGITUDE":110.3034086,"LATITUDE":-7.7200741,"STATUS":"BUKA","TANGGAL PENGUMPULAN":"Q1 2024","TANGGAL UPDATE":"28/02/2025"}},{"type":"Feature","geometry":{"coordinates":[110.3191962,-7.707947],"type":"Point"},"properties":{"NAMA":"AHLI GIGI MASTOWO","TIPE_1":"KESEHATAN DAN PENGOBATAN","TIPE_2":"KLINIK","TIPE_3":"TUKANG GIGI","TELEPON":"","ALAMAT":"GERJEN, MARGOMULYO, KEC. SEYEGAN, KABUPATEN SLEMAN, DAERAH ISTIMEWA YOGYAKARTA 55561","ID_PROV":"34","PROVINSI":"DAERAH ISTIMEWA YOGYAKARTA","ID_KABKOT":"34.04","KABKOT":"SLEMAN","ID_KEC":"34.04.05","KECAMATAN":"SEYEGAN","ID_DESA":"34.04.05.2004","DESA":"MARGOMULYO","LONGITUDE":110.3191962,"LATITUDE":-7.707947,"STATUS":"BUKA","TANGGAL PENGUMPULAN":"Q1 2024","TANGGAL UPDATE":"28/02/2025"}},{"type":"Feature","geometry":{"coordinates":[110.2991052,-7.7048247],"type":"Point"},"properties":{"NAMA":"DOKTER PRAKTEK UMUM AHMAD INDRA DAN BIDAN RISMAWATI","TIPE_1":"KESEHATAN DAN PENGOBATAN","TIPE_2":"PRAKTIK DOKTER SPESIALIS","TIPE_3":"DOKTER GIGI","TELEPON":"0812-2718-5025","ALAMAT":"JL SEYEGAN - TEMPEL BANYUURIP MARGOAGUNG SEYEGAN JETIS, JETIS, MARGOAGUNG, KEC. SEYEGAN, KABUPATEN SLEMAN, DAERAH ISTIMEWA YOGYAKARTA 55561","ID_PROV":"34","PROVINSI":"DAERAH ISTIMEWA YOGYAKARTA","ID_KABKOT":"34.04","KABKOT":"SLEMAN","ID_KEC":"34.04.05","KECAMATAN":"SEYEGAN","ID_DESA":"34.04.05.2005","DESA":"MARGOAGUNG","LONGITUDE":110.2991052,"LATITUDE":-7.7048247,"STATUS":"BUKA","TANGGAL PENGUMPULAN":"Q1 2024","TANGGAL UPDATE":"28/02/2025"}},{"type":"Feature","geometry":{"coordinates":[110.2996551,-7.8049601],"type":"Point"},"properties":{"NAMA":"DR NOEGROHO ISTI DONOJATI","TIPE_1":"KESEHATAN DAN PENGOBATAN","TIPE_2":"KLINIK","TIPE_3":"KLINIK UMUM","TELEPON":"(0274) 7497792","ALAMAT":"KAMPUNG PASEKAN LOR, RT 001 RW 03, BALECATUR, GAMPING, PASEKAN LOR, BALECATUR, KEC. GAMPING, KABUPATEN SLEMAN, DAERAH ISTIMEWA YOGYAKARTA 55295","ID_PROV":"34","PROVINSI":"DAERAH ISTIMEWA YOGYAKARTA","ID_KABKOT":"34.04","KABKOT":"SLEMAN","ID_KEC":"34.04.01","KECAMATAN":"GAMPING","ID_DESA":"34.04.01.2001","DESA":"BALECATUR","LONGITUDE":110.2996551,"LATITUDE":-7.8049601,"STATUS":"BUKA","TANGGAL PENGUMPULAN":"Q1 2024","TANGGAL UPDATE":"28/02/2025"}},{"type":"Feature","geometry":{"coordinates":[110.3380367,-7.7784181],"type":"Point"},"properties":{"NAMA":"DR. TRIANAWATI","TIPE_1":"KESEHATAN DAN PENGOBATAN","TIPE_2":"KLINIK","TIPE_3":"KLINIK UMUM","TELEPON":"(0274) 621791","ALAMAT":"APOTEK KIMIA FARMA, JL. NGAPAK - KENTHENG NO.5, MODINAN, BANYURADEN, KEC. GAMPING, KABUPATEN SLEMAN, DAERAH ISTIMEWA YOGYAKARTA 55293","ID_PROV":"34","PROVINSI":"DAERAH ISTIMEWA YOGYAKARTA","ID_KABKOT":"34.04","KABKOT":"SLEMAN","ID_KEC":"34.04.01","KECAMATAN":"GAMPING","ID_DESA":"34.04.01.2004","DESA":"NOGOTIRTO","LONGITUDE":110.3380367,"LATITUDE":-7.7784181,"STATUS":"BUKA","TANGGAL PENGUMPULAN":"Q1 2024","TANGGAL UPDATE":"28/02/2025"}},{"type":"Feature","geometry":{"coordinates":[110.2960981,-7.7964464],"type":"Point"},"properties":{"NAMA":"KLINIK PKU MUHAMMADIYAH BALECATUR","TIPE_1":"KESEHATAN DAN PENGOBATAN","TIPE_2":"KLINIK","TIPE_3":"KLINIK UMUM","TELEPON":"","ALAMAT":"SUMBER, BALECATUR, KEC. GAMPING, KABUPATEN SLEMAN, DAERAH ISTIMEWA YOGYAKARTA 55295","ID_PROV":"34","PROVINSI":"DAERAH ISTIMEWA YOGYAKARTA","ID_KABKOT":"34.04","KABKOT":"SLEMAN","ID_KEC":"34.04.01","KECAMATAN":"GAMPING","ID_DESA":"34.04.01.2001","DESA":"BALECATUR","LONGITUDE":110.2960981,"LATITUDE":-7.7964464,"STATUS":"BUKA","TANGGAL PENGUMPULAN":"Q1 2024","TANGGAL UPDATE":"28/02/2025"}},{"type":"Feature","geometry":{"coordinates":[110.3221918,-7.7939735],"type":"Point"},"properties":{"NAMA":"KLINIK PRATAMA SIDO WARAS","TIPE_1":"KESEHATAN DAN PENGOBATAN","TIPE_2":"KLINIK","TIPE_3":"KLINIK UMUM","TELEPON":"(0274) 797494","ALAMAT":"PATUKAN RT02, RW.20, PATUKAN, AMBARKETAWANG, KEC. GAMPING, KABUPATEN SLEMAN, DAERAH ISTIMEWA YOGYAKARTA 55294","ID_PROV":"34","PROVINSI":"DAERAH ISTIMEWA YOGYAKARTA","ID_KABKOT":"34.04","KABKOT":"SLEMAN","ID_KEC":"34.04.01","KECAMATAN":"GAMPING","ID_DESA":"34.04.01.2002","DESA":"AMBARKETAWANG","LONGITUDE":110.3221918,"LATITUDE":-7.7939735,"STATUS":"BUKA","TANGGAL PENGUMPULAN":"Q1 2024","TANGGAL UPDATE":"28/02/2025"}},{"type":"Feature","geometry":{"coordinates":[110.3369668,-7.7784015],"type":"Point"},"properties":{"NAMA":"DR. IKA SEPTI RUKMINI","TIPE_1":"KESEHATAN DAN PENGOBATAN","TIPE_2":"KLINIK","TIPE_3":"KLINIK UMUM","TELEPON":"(0274) 621791","ALAMAT":"APOTEK KIMIA FARMA TITIBUMI, JL. NGAPAK - KENTHENG NO.5, MODINAN, BANYURADEN, KEC. GAMPING, KABUPATEN SLEMAN, DAERAH ISTIMEWA YOGYAKARTA 55293","ID_PROV":"34","PROVINSI":"DAERAH ISTIMEWA YOGYAKARTA","ID_KABKOT":"34.04","KABKOT":"SLEMAN","ID_KEC":"34.04.01","KECAMATAN":"GAMPING","ID_DESA":"34.04.01.2003","DESA":"BANYURADEN","LONGITUDE":110.3369668,"LATITUDE":-7.7784015,"STATUS":"BUKA","TANGGAL PENGUMPULAN":"Q1 2024","TANGGAL UPDATE":"28/02/2025"}},{"type":"Feature","geometry":{"coordinates":[110.4504061,-7.7438094],"type":"Point"},"properties":{"NAMA":"DR. MUHAMMAD KHARISMA","TIPE_1":"KESEHATAN DAN PENGOBATAN","TIPE_2":"KLINIK","TIPE_3":"KLINIK UMUM","TELEPON":"0857-4328-2688","ALAMAT":"JL. PURWOMARTANI, BROMONILAN, PURWOMARTANI, KEC. KALASAN, KABUPATEN SLEMAN, DAERAH ISTIMEWA YOGYAKARTA 55571","ID_PROV":"34","PROVINSI":"DAERAH ISTIMEWA YOGYAKARTA","ID_KABKOT":"34.04","KABKOT":"SLEMAN","ID_KEC":"34.04.10","KECAMATAN":"KALASAN","ID_DESA":"34.04.10.2001","DESA":"PURWOMARTANI","LONGITUDE":110.4504061,"LATITUDE":-7.7438094,"STATUS":"BUKA","TANGGAL PENGUMPULAN":"Q1 2024","TANGGAL UPDATE":"28/02/2025"}},{"type":"Feature","geometry":{"coordinates":[110.4852685,-7.8121134],"type":"Point"},"properties":{"NAMA":"KLINIK SEHAT KELUARGA","TIPE_1":"KESEHATAN DAN PENGOBATAN","TIPE_2":"KLINIK","TIPE_3":"KLINIK UMUM","TELEPON":"","ALAMAT":"POLANGAN, SUMBERHARJO, KEC. PRAMBANAN, KABUPATEN SLEMAN, DAERAH ISTIMEWA YOGYAKARTA 55572","ID_PROV":"34","PROVINSI":"DAERAH ISTIMEWA YOGYAKARTA","ID_KABKOT":"34.04","KABKOT":"SLEMAN","ID_KEC":"34.04.09","KECAMATAN":"PRAMBANAN","ID_DESA":"34.04.09.2001","DESA":"SUMBERHARJO","LONGITUDE":110.4852685,"LATITUDE":-7.8121134,"STATUS":"BUKA","TANGGAL PENGUMPULAN":"Q1 2024","TANGGAL UPDATE":"28/02/2025"}},{"type":"Feature","geometry":{"coordinates":[110.4810403,-7.78314],"type":"Point"},"properties":{"NAMA":"KLINIK DOKTER OEMAR","TIPE_1":"KESEHATAN DAN PENGOBATAN","TIPE_2":"KLINIK","TIPE_3":"KLINIK UMUM","TELEPON":"","ALAMAT":"JIRAK, BOKOHARJO, KEC. PRAMBANAN, KABUPATEN SLEMAN, DAERAH ISTIMEWA YOGYAKARTA 55572","ID_PROV":"34","PROVINSI":"DAERAH ISTIMEWA YOGYAKARTA","ID_KABKOT":"34.04","KABKOT":"SLEMAN","ID_KEC":"34.04.09","KECAMATAN":"PRAMBANAN","ID_DESA":"34.04.09.2006","DESA":"BOKOHARJO","LONGITUDE":110.4810403,"LATITUDE":-7.78314,"STATUS":"BUKA","TANGGAL PENGUMPULAN":"Q1 2024","TANGGAL UPDATE":"28/02/2025"}},{"type":"Feature","geometry":{"coordinates":[110.4853278,-7.8120984],"type":"Point"},"properties":{"NAMA":"KLINIK SAYANG KELUARGA","TIPE_1":"KESEHATAN DAN PENGOBATAN","TIPE_2":"KLINIK","TIPE_3":"KLINIK UMUM","TELEPON":"0857-4028-2292","ALAMAT":"DALEMAN, SUMBERHARJO, KEC. PRAMBANAN, KABUPATEN SLEMAN, DAERAH ISTIMEWA YOGYAKARTA 55572","ID_PROV":"34","PROVINSI":"DAERAH ISTIMEWA YOGYAKARTA","ID_KABKOT":"34.04","KABKOT":"SLEMAN","ID_KEC":"34.04.09","KECAMATAN":"PRAMBANAN","ID_DESA":"34.04.09.2001","DESA":"SUMBERHARJO","LONGITUDE":110.4853278,"LATITUDE":-7.8120984,"STATUS":"BUKA","TANGGAL PENGUMPULAN":"Q1 2024","TANGGAL UPDATE":"28/02/2025"}},{"type":"Feature","geometry":{"coordinates":[110.4810703,-7.7830988],"type":"Point"},"properties":{"NAMA":"KLINIK DR. OMAR","TIPE_1":"KESEHATAN DAN PENGOBATAN","TIPE_2":"KLINIK","TIPE_3":"KLINIK UMUM","TELEPON":"","ALAMAT":"JIRAK, BOKOHARJO, KEC. PRAMBANAN, KABUPATEN SLEMAN, DAERAH ISTIMEWA YOGYAKARTA 55572","ID_PROV":"34","PROVINSI":"DAERAH ISTIMEWA YOGYAKARTA","ID_KABKOT":"34.04","KABKOT":"SLEMAN","ID_KEC":"34.04.09","KECAMATAN":"PRAMBANAN","ID_DESA":"34.04.09.2006","DESA":"BOKOHARJO","LONGITUDE":110.4810703,"LATITUDE":-7.7830988,"STATUS":"BUKA","TANGGAL PENGUMPULAN":"Q1 2024","TANGGAL UPDATE":"28/02/2025"}},{"type":"Feature","geometry":{"coordinates":[110.345809,-7.784153],"type":"Point"},"properties":{"NAMA":"DR. BAMBANG BASUKI, SP. OG","TIPE_1":"KESEHATAN DAN PENGOBATAN","TIPE_2":"KLINIK","TIPE_3":"KLINIK UMUM","TELEPON":"(0274) 798326","ALAMAT":"JL. MAWAR, NO. 3, GODEAN, GADINGAN, BANYURADEN, KEC. GAMPING, KABUPATEN SLEMAN, DAERAH ISTIMEWA YOGYAKARTA 55293","ID_PROV":"34","PROVINSI":"DAERAH ISTIMEWA YOGYAKARTA","ID_KABKOT":"34.04","KABKOT":"SLEMAN","ID_KEC":"34.04.01","KECAMATAN":"GAMPING","ID_DESA":"34.04.01.2003","DESA":"BANYURADEN","LONGITUDE":110.345809,"LATITUDE":-7.784153,"STATUS":"BUKA","TANGGAL PENGUMPULAN":"Q1 2024","TANGGAL UPDATE":"28/02/2025"}},{"type":"Feature","geometry":{"coordinates":[110.3456687,-7.7528155],"type":"Point"},"properties":{"NAMA":"DR. C. ESTRELIA D.","TIPE_1":"KESEHATAN DAN PENGOBATAN","TIPE_2":"KLINIK","TIPE_3":"KLINIK UMUM","TELEPON":"0821-3467-1822","ALAMAT":"MAYANGAN RT6/RW14, NGAWEAN, TRIHANGGO, KEC. GAMPING, KABUPATEN SLEMAN, DAERAH ISTIMEWA YOGYAKARTA 55291","ID_PROV":"34","PROVINSI":"DAERAH ISTIMEWA YOGYAKARTA","ID_KABKOT":"34.04","KABKOT":"SLEMAN","ID_KEC":"34.04.01","KECAMATAN":"GAMPING","ID_DESA":"34.04.01.2005","DESA":"TRIHANGGO","LONGITUDE":110.3456687,"LATITUDE":-7.7528155,"STATUS":"BUKA","TANGGAL PENGUMPULAN":"Q1 2024","TANGGAL UPDATE":"28/02/2025"}},{"type":"Feature","geometry":{"coordinates":[110.3790378,-7.7610856],"type":"Point"},"properties":{"NAMA":"DR. DR NYOMAN KERTIA, SPPD-KR","TIPE_1":"KESEHATAN DAN PENGOBATAN","TIPE_2":"KLINIK","TIPE_3":"KLINIK UMUM","TELEPON":"(0274) 885760","ALAMAT":"JL. KALIURANG, KOMPLEK PASAR KOLOMBO, KARANG WUNI, CATURTUNGGAL, KEC. DEPOK, KABUPATEN SLEMAN, DAERAH ISTIMEWA YOGYAKARTA 55223","ID_PROV":"34","PROVINSI":"DAERAH ISTIMEWA YOGYAKARTA","ID_KABKOT":"34.04","KABKOT":"SLEMAN","ID_KEC":"34.04.07","KECAMATAN":"DEPOK","ID_DESA":"34.04.07.2001","DESA":"CATURTUNGGAL","LONGITUDE":110.3790378,"LATITUDE":-7.7610856,"STATUS":"BUKA","TANGGAL PENGUMPULAN":"Q1 2024","TANGGAL UPDATE":"28/02/2025"}},{"type":"Feature","geometry":{"coordinates":[110.3606701,-7.7602976],"type":"Point"},"properties":{"NAMA":"KLINIK PATOLOGI KEDOKTERAN","TIPE_1":"KESEHATAN DAN PENGOBATAN","TIPE_2":"KLINIK","TIPE_3":"KLINIK UMUM","TELEPON":"(0274) 547148","ALAMAT":"JL. KESEHATAN NO.55284, KUTU ASEM, SINDUADI, KEC. MLATI, KABUPATEN SLEMAN, DAERAH ISTIMEWA YOGYAKARTA 55284","ID_PROV":"34","PROVINSI":"DAERAH ISTIMEWA YOGYAKARTA","ID_KABKOT":"34.04","KABKOT":"SLEMAN","ID_KEC":"34.04.06","KECAMATAN":"MLATI","ID_DESA":"34.04.06.2001","DESA":"SINDUADI","LONGITUDE":110.3606701,"LATITUDE":-7.7602976,"STATUS":"BUKA","TANGGAL PENGUMPULAN":"Q1 2024","TANGGAL UPDATE":"28/02/2025"}},{"type":"Feature","geometry":{"coordinates":[110.3736731,-7.768625],"type":"Point"},"properties":{"NAMA":"KLINIK VCT","TIPE_1":"KESEHATAN DAN PENGOBATAN","TIPE_2":"KLINIK","TIPE_3":"KLINIK UMUM","TELEPON":"","ALAMAT":"RUMAH SAKIT DR. SARDJITO # POLIKLINIK EDELWEIS, JL. KESEHATAN, NO. 1, SENDOWO, SINDUADI, KEC. MLATI, KABUPATEN SLEMAN, DAERAH ISTIMEWA YOGYAKARTA 55281","ID_PROV":"34","PROVINSI":"DAERAH ISTIMEWA YOGYAKARTA","ID_KABKOT":"34.04","KABKOT":"SLEMAN","ID_KEC":"34.04.06","KECAMATAN":"MLATI","ID_DESA":"34.04.06.2001","DESA":"SINDUADI","LONGITUDE":110.3736731,"LATITUDE":-7.768625,"STATUS":"BUKA","TANGGAL PENGUMPULAN":"Q1 2024","TANGGAL UPDATE":"28/02/2025"}},{"type":"Feature","geometry":{"coordinates":[110.297045,-7.782465],"type":"Point"},"properties":{"NAMA":"DR.SUPRAPTI HARTINI,M.KES","TIPE_1":"KESEHATAN DAN PENGOBATAN","TIPE_2":"KLINIK","TIPE_3":"KLINIK UMUM","TELEPON":"","ALAMAT":"LABORATORIUM KLINIK PRAPATAN, JALAN BIBIS GANCAHAN 8, SEMBUH WETAN, SIDOMULYO, KEC. GODEAN, KABUPATEN SLEMAN, DAERAH ISTIMEWA YOGYAKARTA 55264","ID_PROV":"34","PROVINSI":"DAERAH ISTIMEWA YOGYAKARTA","ID_KABKOT":"34.04","KABKOT":"SLEMAN","ID_KEC":"34.04.02","KECAMATAN":"GODEAN","ID_DESA":"34.04.02.2005","DESA":"SIDOKARTO","LONGITUDE":110.297045,"LATITUDE":-7.782465,"STATUS":"BUKA","TANGGAL PENGUMPULAN":"Q1 2024","TANGGAL UPDATE":"28/02/2025"}},{"type":"Feature","geometry":{"coordinates":[110.3447153,-7.7795138],"type":"Point"},"properties":{"NAMA":"KLINIK PRATAMA RAWAT INAP \"ANUGRAH\"","TIPE_1":"KESEHATAN DAN PENGOBATAN","TIPE_2":"KLINIK","TIPE_3":"KLINIK UMUM","TELEPON":"","ALAMAT":"JL. GODEAN NO.KM.4, AREA SAWAH, NOGOTIRTO, KEC. GAMPING, KABUPATEN SLEMAN, DAERAH ISTIMEWA YOGYAKARTA 55592","ID_PROV":"34","PROVINSI":"DAERAH ISTIMEWA YOGYAKARTA","ID_KABKOT":"34.04","KABKOT":"SLEMAN","ID_KEC":"34.04.01","KECAMATAN":"GAMPING","ID_DESA":"34.04.01.2004","DESA":"NOGOTIRTO","LONGITUDE":110.3447153,"LATITUDE":-7.7795138,"STATUS":"BUKA","TANGGAL PENGUMPULAN":"Q1 2024","TANGGAL UPDATE":"28/02/2025"}},{"type":"Feature","geometry":{"coordinates":[110.2990396,-7.737409],"type":"Point"},"properties":{"NAMA":"PRAKTIK DOKTER UMUM Ê§‹Ê¦¥Ê¦¿Ê¦Ê§€Ê¦ Ê¦¶Ê¦Ê§€Ê¦¢Ê¦ºÊ¦´Ê¦Ê§€Ê¦ Ê¦ºÊ¦‚Ê¦ˆÊ¦©Ê¦¸Ê¦©Ê§€","TIPE_1":"KESEHATAN DAN PENGOBATAN","TIPE_2":"KLINIK","TIPE_3":"KLINIK UMUM","TELEPON":"","ALAMAT":"JL. GODEAN - SEYEGAN, NGAMPON, MARGODADI, KEC. SEYEGAN, KABUPATEN SLEMAN, DAERAH ISTIMEWA YOGYAKARTA 55561","ID_PROV":"34","PROVINSI":"DAERAH ISTIMEWA YOGYAKARTA","ID_KABKOT":"34.04","KABKOT":"SLEMAN","ID_KEC":"34.04.05","KECAMATAN":"SEYEGAN","ID_DESA":"34.04.05.2002","DESA":"MARGODADI","LONGITUDE":110.2990396,"LATITUDE":-7.737409,"STATUS":"BUKA","TANGGAL PENGUMPULAN":"Q1 2024","TANGGAL UPDATE":"28/02/2025"}},{"type":"Feature","geometry":{"coordinates":[110.3148794,-7.7154424],"type":"Point"},"properties":{"NAMA":"PRAKTEK DOKTER MANDIRI","TIPE_1":"KESEHATAN DAN PENGOBATAN","TIPE_2":"KLINIK","TIPE_3":"KLINIK UMUM","TELEPON":"","ALAMAT":"UNNAMED ROAD, SOMPOKAN, MARGOMULYO, KEC. SEYEGAN, KABUPATEN SLEMAN, DAERAH ISTIMEWA YOGYAKARTA 55561","ID_PROV":"34","PROVINSI":"DAERAH ISTIMEWA YOGYAKARTA","ID_KABKOT":"34.04","KABKOT":"SLEMAN","ID_KEC":"34.04.05","KECAMATAN":"SEYEGAN","ID_DESA":"34.04.05.2004","DESA":"MARGOMULYO","LONGITUDE":110.3148794,"LATITUDE":-7.7154424,"STATUS":"BUKA","TANGGAL PENGUMPULAN":"Q1 2024","TANGGAL UPDATE":"28/02/2025"}},{"type":"Feature","geometry":{"coordinates":[110.308566,-7.7054822],"type":"Point"},"properties":{"NAMA":"DRWSKINCARE STOKIS","TIPE_1":"KESEHATAN DAN PENGOBATAN","TIPE_2":"KLINIK","TIPE_3":"KLINIK UMUM","TELEPON":"","ALAMAT":"JL. RAYA MARGOAGUNG, GENTON, MARGOAGUNG, KEC. SEYEGAN, KABUPATEN SLEMAN, DAERAH ISTIMEWA YOGYAKARTA 55561","ID_PROV":"34","PROVINSI":"DAERAH ISTIMEWA YOGYAKARTA","ID_KABKOT":"34.04","KABKOT":"SLEMAN","ID_KEC":"34.04.05","KECAMATAN":"SEYEGAN","ID_DESA":"34.04.05.2005","DESA":"MARGOAGUNG","LONGITUDE":110.308566,"LATITUDE":-7.7054822,"STATUS":"BUKA","TANGGAL PENGUMPULAN":"Q1 2024","TANGGAL UPDATE":"28/02/2025"}},{"type":"Feature","geometry":{"coordinates":[110.297046,-7.7041472],"type":"Point"},"properties":{"NAMA":"KLINIK SAHABAT INSANI","TIPE_1":"KESEHATAN DAN PENGOBATAN","TIPE_2":"KLINIK","TIPE_3":"KLINIK UMUM","TELEPON":"","ALAMAT":"RT.07/RW.09, BANYUURIP, MARGOAGUNG, KEC. SEYEGAN, KABUPATEN SLEMAN, DAERAH ISTIMEWA YOGYAKARTA 55561","ID_PROV":"34","PROVINSI":"DAERAH ISTIMEWA YOGYAKARTA","ID_KABKOT":"34.04","KABKOT":"SLEMAN","ID_KEC":"34.04.05","KECAMATAN":"SEYEGAN","ID_DESA":"34.04.05.2005","DESA":"MARGOAGUNG","LONGITUDE":110.297046,"LATITUDE":-7.7041472,"STATUS":"BUKA","TANGGAL PENGUMPULAN":"Q1 2024","TANGGAL UPDATE":"28/02/2025"}},{"type":"Feature","geometry":{"coordinates":[110.3053593,-7.7304508],"type":"Point"},"properties":{"NAMA":"DOKKEL DR. ELLYZA SINAGA","TIPE_1":"KESEHATAN DAN PENGOBATAN","TIPE_2":"KLINIK","TIPE_3":"KLINIK UMUM","TELEPON":"","ALAMAT":"TEGALWERU, NEPES, MARGODADI, SEYEGAN, SLEMAN REGENCY, SPECIAL REGION OF YOGYAKARTA 55561","ID_PROV":"34","PROVINSI":"DAERAH ISTIMEWA YOGYAKARTA","ID_KABKOT":"34.04","KABKOT":"SLEMAN","ID_KEC":"34.04.05","KECAMATAN":"SEYEGAN","ID_DESA":"34.04.05.2002","DESA":"MARGODADI","LONGITUDE":110.3053593,"LATITUDE":-7.7304508,"STATUS":"BUKA","TANGGAL PENGUMPULAN":"Q1 2024","TANGGAL UPDATE":"28/02/2025"}},{"type":"Feature","geometry":{"coordinates":[110.3146851,-7.7186593],"type":"Point"},"properties":{"NAMA":"DOKTER KELUARGA ELIZA SINAGA","TIPE_1":"KESEHATAN DAN PENGOBATAN","TIPE_2":"KLINIK","TIPE_3":"KLINIK UMUM","TELEPON":"","ALAMAT":"TEGAL SOMPOKAN, MARGOMULYO, KEC. SEYEGAN, KABUPATEN SLEMAN, DAERAH ISTIMEWA YOGYAKARTA 55561","ID_PROV":"34","PROVINSI":"DAERAH ISTIMEWA YOGYAKARTA","ID_KABKOT":"34.04","KABKOT":"SLEMAN","ID_KEC":"34.04.05","KECAMATAN":"SEYEGAN","ID_DESA":"34.04.05.2004","DESA":"MARGOMULYO","LONGITUDE":110.3146851,"LATITUDE":-7.7186593,"STATUS":"BUKA","TANGGAL PENGUMPULAN":"Q1 2024","TANGGAL UPDATE":"28/02/2025"}},{"type":"Feature","geometry":{"coordinates":[110.3021312,-7.7158231],"type":"Point"},"properties":{"NAMA":"DOKTER WAHONO","TIPE_1":"KESEHATAN DAN PENGOBATAN","TIPE_2":"KLINIK","TIPE_3":"KLINIK UMUM","TELEPON":"","ALAMAT":"NGOMPUNG, MARGOKATON, KEC. SEYEGAN, KABUPATEN SLEMAN, DAERAH ISTIMEWA YOGYAKARTA 55561","ID_PROV":"34","PROVINSI":"DAERAH ISTIMEWA YOGYAKARTA","ID_KABKOT":"34.04","KABKOT":"SLEMAN","ID_KEC":"34.04.05","KECAMATAN":"SEYEGAN","ID_DESA":"34.04.05.2003","DESA":"MARGOKATON","LONGITUDE":110.3021312,"LATITUDE":-7.7158231,"STATUS":"BUKA","TANGGAL PENGUMPULAN":"Q1 2024","TANGGAL UPDATE":"28/02/2025"}},{"type":"Feature","geometry":{"coordinates":[110.2935243,-7.7457307],"type":"Point"},"properties":{"NAMA":"DOKTER HEWAN SAMIYONO CHRISTIYAN","TIPE_1":"KESEHATAN DAN PENGOBATAN","TIPE_2":"KLINIK","TIPE_3":"KLINIK UMUM","TELEPON":"0856-4263-4624","ALAMAT":"JL. GODEAN - SEYEGAN NO.KM 25, KLANGKAPAN I, MARGOLUWIH, KEC. SEYEGAN, KABUPATEN SLEMAN, DAERAH ISTIMEWA YOGYAKARTA 55561","ID_PROV":"34","PROVINSI":"DAERAH ISTIMEWA YOGYAKARTA","ID_KABKOT":"34.04","KABKOT":"SLEMAN","ID_KEC":"34.04.05","KECAMATAN":"SEYEGAN","ID_DESA":"34.04.05.2001","DESA":"MARGOLUWIH","LONGITUDE":110.2935243,"LATITUDE":-7.7457307,"STATUS":"BUKA","TANGGAL PENGUMPULAN":"Q1 2024","TANGGAL UPDATE":"28/02/2025"}},{"type":"Feature","geometry":{"coordinates":[110.4350607,-7.728481],"type":"Point"},"properties":{"NAMA":"KLINIK ASSYIFA","TIPE_1":"KESEHATAN DAN PENGOBATAN","TIPE_2":"KLINIK","TIPE_3":"KLINIK UMUM","TELEPON":"","ALAMAT":"POKOH, WEDOMARTANI, KEC. NGEMPLAK, KABUPATEN SLEMAN, DAERAH ISTIMEWA YOGYAKARTA 55584","ID_PROV":"34","PROVINSI":"DAERAH ISTIMEWA YOGYAKARTA","ID_KABKOT":"34.04","KABKOT":"SLEMAN","ID_KEC":"34.04.11","KECAMATAN":"NGEMPLAK","ID_DESA":"34.04.11.2004","DESA":"WEDOMARTANI","LONGITUDE":110.4350607,"LATITUDE":-7.728481,"STATUS":"BUKA","TANGGAL PENGUMPULAN":"Q1 2024","TANGGAL UPDATE":"28/02/2025"}},{"type":"Feature","geometry":{"coordinates":[110.4115465,-7.7684688],"type":"Point"},"properties":{"NAMA":"KLINIK DRA (RAISHA VACCINE CORNER SETURAN)","TIPE_1":"KESEHATAN DAN PENGOBATAN","TIPE_2":"KLINIK","TIPE_3":"KLINIK UMUM","TELEPON":"0823-3829-5232","ALAMAT":"JL. LAWU 4 NO.11, RT.19/RW.02, KLEDOKAN, CATURTUNGGAL, KEC. DEPOK, YOGYAKARTA, DAERAH ISTIMEWA YOGYAKARTA 55281","ID_PROV":"34","PROVINSI":"DAERAH ISTIMEWA YOGYAKARTA","ID_KABKOT":"34.04","KABKOT":"SLEMAN","ID_KEC":"34.04.07","KECAMATAN":"DEPOK","ID_DESA":"34.04.07.2001","DESA":"CATURTUNGGAL","LONGITUDE":110.4115465,"LATITUDE":-7.7684688,"STATUS":"BUKA","TANGGAL PENGUMPULAN":"Q1 2024","TANGGAL UPDATE":"28/02/2025"}},{"type":"Feature","geometry":{"coordinates":[110.302929,-7.7827228],"type":"Point"},"properties":{"NAMA":"KLINIK DR. V. EVITA SETIANINGRUM","TIPE_1":"KESEHATAN DAN PENGOBATAN","TIPE_2":"KLINIK","TIPE_3":"KLINIK UMUM","TELEPON":"","ALAMAT":"REWULU WETAN, SIDOKARTO, KEC. GODEAN, KABUPATEN SLEMAN, DAERAH ISTIMEWA YOGYAKARTA 55264","ID_PROV":"34","PROVINSI":"DAERAH ISTIMEWA YOGYAKARTA","ID_KABKOT":"34.04","KABKOT":"SLEMAN","ID_KEC":"34.04.02","KECAMATAN":"GODEAN","ID_DESA":"34.04.02.2005","DESA":"SIDOKARTO","LONGITUDE":110.302929,"LATITUDE":-7.7827228,"STATUS":"BUKA","TANGGAL PENGUMPULAN":"Q1 2024","TANGGAL UPDATE":"28/02/2025"}},{"type":"Feature","geometry":{"coordinates":[110.2870148,-7.7654961],"type":"Point"},"properties":{"NAMA":"KLINIK FAMILIA GODEAN","TIPE_1":"KESEHATAN DAN PENGOBATAN","TIPE_2":"KLINIK","TIPE_3":"KLINIK UMUM","TELEPON":"0838-4050-9099","ALAMAT":"KLINIK FAMILIA, AREA SAWAH, SIDOLUHUR, KEC. GODEAN, KABUPATEN SLEMAN, DAERAH ISTIMEWA YOGYAKARTA 55264","ID_PROV":"34","PROVINSI":"DAERAH ISTIMEWA YOGYAKARTA","ID_KABKOT":"34.04","KABKOT":"SLEMAN","ID_KEC":"34.04.02","KECAMATAN":"GODEAN","ID_DESA":"34.04.02.2002","DESA":"SIDOLUHUR","LONGITUDE":110.2870148,"LATITUDE":-7.7654961,"STATUS":"BUKA","TANGGAL PENGUMPULAN":"Q1 2024","TANGGAL UPDATE":"28/02/2025"}},{"type":"Feature","geometry":{"coordinates":[110.2766489,-7.7893575],"type":"Point"},"properties":{"NAMA":"AROFAH MEDIKA","TIPE_1":"KESEHATAN DAN PENGOBATAN","TIPE_2":"KLINIK","TIPE_3":"KLINIK UMUM","TELEPON":"0815-7565-6650","ALAMAT":"MENULIS, SUMBERSARI, KEC. MOYUDAN, KABUPATEN SLEMAN, DAERAH ISTIMEWA YOGYAKARTA 55563","ID_PROV":"34","PROVINSI":"DAERAH ISTIMEWA YOGYAKARTA","ID_KABKOT":"34.04","KABKOT":"SLEMAN","ID_KEC":"34.04.03","KECAMATAN":"MOYUDAN","ID_DESA":"34.04.03.2002","DESA":"SUMBERSARI","LONGITUDE":110.2766489,"LATITUDE":-7.7893575,"STATUS":"BUKA","TANGGAL PENGUMPULAN":"Q1 2024","TANGGAL UPDATE":"28/02/2025"}},{"type":"Feature","geometry":{"coordinates":[110.301121,-7.773523],"type":"Point"},"properties":{"NAMA":"KLINIK IBNU SINA","TIPE_1":"KESEHATAN DAN PENGOBATAN","TIPE_2":"KLINIK","TIPE_3":"KLINIK UMUM","TELEPON":"(0274) 586022","ALAMAT":"JL. NGAPAK - KENTHENG NO.KM. 2, AREA SAWAH, SIDOAGUNG, KEC. GODEAN, KABUPATEN SLEMAN, DAERAH ISTIMEWA YOGYAKARTA 55264","ID_PROV":"34","PROVINSI":"DAERAH ISTIMEWA YOGYAKARTA","ID_KABKOT":"34.04","KABKOT":"SLEMAN","ID_KEC":"34.04.02","KECAMATAN":"GODEAN","ID_DESA":"34.04.02.2004","DESA":"SIDOAGUNG","LONGITUDE":110.301121,"LATITUDE":-7.773523,"STATUS":"BUKA","TANGGAL PENGUMPULAN":"Q1 2024","TANGGAL UPDATE":"28/02/2025"}},{"type":"Feature","geometry":{"coordinates":[110.375134,-7.772556],"type":"Point"},"properties":{"NAMA":"GADJAH MADA MEDICAL CENTER (GMC)","TIPE_1":"KESEHATAN DAN PENGOBATAN","TIPE_2":"KLINIK","TIPE_3":"KLINIK UMUM","TELEPON":"(0274) 551412","ALAMAT":"L 3 SEKIP, JL. KAYU PUTIH, SENDOWO, SINDUADI, KEC. MLATI, KABUPATEN SLEMAN, DAERAH ISTIMEWA YOGYAKARTA 55281","ID_PROV":"34","PROVINSI":"DAERAH ISTIMEWA YOGYAKARTA","ID_KABKOT":"34.04","KABKOT":"SLEMAN","ID_KEC":"34.04.06","KECAMATAN":"MLATI","ID_DESA":"34.04.06.2001","DESA":"SINDUADI","LONGITUDE":110.375134,"LATITUDE":-7.772556,"STATUS":"BUKA","TANGGAL PENGUMPULAN":"Q1 2024","TANGGAL UPDATE":"28/02/2025"}},{"type":"Feature","geometry":{"coordinates":[110.3945323,-7.7860599],"type":"Point"},"properties":{"NAMA":"KLINIK PRATAMA (POLIKLINIK) UIN SUNAN KALIJAGA YOGYAKARTA","TIPE_1":"KESEHATAN DAN PENGOBATAN","TIPE_2":"KLINIK","TIPE_3":"KLINIK UMUM","TELEPON":"(0274) 519675","ALAMAT":"JL. TIMOHO NO.153, PAPRINGAN, CATURTUNGGAL, KEC. DEPOK, KABUPATEN SLEMAN, DAERAH ISTIMEWA YOGYAKARTA 55281","ID_PROV":"34","PROVINSI":"DAERAH ISTIMEWA YOGYAKARTA","ID_KABKOT":"34.04","KABKOT":"SLEMAN","ID_KEC":"34.04.07","KECAMATAN":"DEPOK","ID_DESA":"34.04.07.2001","DESA":"CATURTUNGGAL","LONGITUDE":110.3945323,"LATITUDE":-7.7860599,"STATUS":"BUKA","TANGGAL PENGUMPULAN":"Q1 2024","TANGGAL UPDATE":"28/02/2025"}},{"type":"Feature","geometry":{"coordinates":[110.3203106,-7.763235],"type":"Point"},"properties":{"NAMA":"KLINIK SEHAT MUGI BAROKAH","TIPE_1":"KESEHATAN DAN PENGOBATAN","TIPE_2":"KLINIK","TIPE_3":"KLINIK UMUM","TELEPON":"0817-279-110","ALAMAT":"JALAN SIDOMOYO KM 1, KARAKAN, GODEAN, APESI, SIDOMOYO, KEC. GODEAN, KABUPATEN SLEMAN, DAERAH ISTIMEWA YOGYAKARTA 55264","ID_PROV":"34","PROVINSI":"DAERAH ISTIMEWA YOGYAKARTA","ID_KABKOT":"34.04","KABKOT":"SLEMAN","ID_KEC":"34.04.02","KECAMATAN":"GODEAN","ID_DESA":"34.04.02.2007","DESA":"SIDOMOYO","LONGITUDE":110.3203106,"LATITUDE":-7.763235,"STATUS":"BUKA","TANGGAL PENGUMPULAN":"Q1 2024","TANGGAL UPDATE":"28/02/2025"}},{"type":"Feature","geometry":{"coordinates":[110.287056,-7.765578],"type":"Point"},"properties":{"NAMA":"DR. DITA RIA, S, SPPD","TIPE_1":"KESEHATAN DAN PENGOBATAN","TIPE_2":"KLINIK","TIPE_3":"KLINIK UMUM","TELEPON":"(0274) 7471230","ALAMAT":"KLINIK FAMILIA, JL. NGAPAK - KENTHENG NO.11, AREA SAWAH, SIDOLUHUR, KEC. GODEAN, KABUPATEN SLEMAN, DAERAH ISTIMEWA YOGYAKARTA 55264","ID_PROV":"34","PROVINSI":"DAERAH ISTIMEWA YOGYAKARTA","ID_KABKOT":"34.04","KABKOT":"SLEMAN","ID_KEC":"34.04.02","KECAMATAN":"GODEAN","ID_DESA":"34.04.02.2002","DESA":"SIDOLUHUR","LONGITUDE":110.287056,"LATITUDE":-7.765578,"STATUS":"BUKA","TANGGAL PENGUMPULAN":"Q1 2024","TANGGAL UPDATE":"28/02/2025"}},{"type":"Feature","geometry":{"coordinates":[110.294,-7.76788],"type":"Point"},"properties":{"NAMA":"KLINIK BINA SEHAT GODEAN","TIPE_1":"KESEHATAN DAN PENGOBATAN","TIPE_2":"KLINIK","TIPE_3":"KLINIK UMUM","TELEPON":"(0274) 2826906","ALAMAT":"JL. GODEAN NO.25B, GENTINGAN, SIDOAGUNG, KEC. GODEAN, KABUPATEN SLEMAN, DAERAH ISTIMEWA YOGYAKARTA 55264","ID_PROV":"34","PROVINSI":"DAERAH ISTIMEWA YOGYAKARTA","ID_KABKOT":"34.04","KABKOT":"SLEMAN","ID_KEC":"34.04.02","KECAMATAN":"GODEAN","ID_DESA":"34.04.02.2004","DESA":"SIDOAGUNG","LONGITUDE":110.294,"LATITUDE":-7.76788,"STATUS":"BUKA","TANGGAL PENGUMPULAN":"Q1 2024","TANGGAL UPDATE":"28/02/2025"}},{"type":"Feature","geometry":{"coordinates":[110.286982,-7.765509],"type":"Point"},"properties":{"NAMA":"KLINIK UTAMA FAMILIA","TIPE_1":"KESEHATAN DAN PENGOBATAN","TIPE_2":"KLINIK","TIPE_3":"KLINIK UMUM","TELEPON":"(0274) 6497389","ALAMAT":"KLINIK FAMILIA, JL. NGAPAK - KENTHENG NO.11, AREA SAWAH, SIDOLUHUR, KEC. GODEAN, KABUPATEN SLEMAN, DAERAH ISTIMEWA YOGYAKARTA 55264","ID_PROV":"34","PROVINSI":"DAERAH ISTIMEWA YOGYAKARTA","ID_KABKOT":"34.04","KABKOT":"SLEMAN","ID_KEC":"34.04.02","KECAMATAN":"GODEAN","ID_DESA":"34.04.02.2002","DESA":"SIDOLUHUR","LONGITUDE":110.286982,"LATITUDE":-7.765509,"STATUS":"BUKA","TANGGAL PENGUMPULAN":"Q1 2024","TANGGAL UPDATE":"28/02/2025"}},{"type":"Feature","geometry":{"coordinates":[110.4026697,-7.7442714],"type":"Point"},"properties":{"NAMA":"KACA MATA KAMPUS","TIPE_1":"KESEHATAN DAN PENGOBATAN","TIPE_2":"KLINIK","TIPE_3":"KLINIK MATA","TELEPON":"0878-3496-5650","ALAMAT":"JL. PONDOK RAYA, PONDOK, CONDONGCATUR, KEC. DEPOK, KABUPATEN SLEMAN, DAERAH ISTIMEWA YOGYAKARTA 55581","ID_PROV":"34","PROVINSI":"DAERAH ISTIMEWA YOGYAKARTA","ID_KABKOT":"34.04","KABKOT":"SLEMAN","ID_KEC":"34.04.07","KECAMATAN":"DEPOK","ID_DESA":"34.04.07.2003","DESA":"CONDONGCATUR","LONGITUDE":110.4026697,"LATITUDE":-7.7442714,"STATUS":"BUKA","TANGGAL PENGUMPULAN":"Q1 2024","TANGGAL UPDATE":"28/02/2025"}},{"type":"Feature","geometry":{"coordinates":[110.301143,-7.773587],"type":"Point"},"properties":{"NAMA":"PUSAT KACA MATA AFITA","TIPE_1":"KESEHATAN DAN PENGOBATAN","TIPE_2":"KLINIK","TIPE_3":"KLINIK MATA","TELEPON":"(0274) 9192466","ALAMAT":"JL. NGAPAK - KENTHENG NO.KM. 3, AREA SAWAH, SIDOAGUNG, KEC. GODEAN, KABUPATEN SLEMAN, DAERAH ISTIMEWA YOGYAKARTA 55264","ID_PROV":"34","PROVINSI":"DAERAH ISTIMEWA YOGYAKARTA","ID_KABKOT":"34.04","KABKOT":"SLEMAN","ID_KEC":"34.04.02","KECAMATAN":"GODEAN","ID_DESA":"34.04.02.2004","DESA":"SIDOAGUNG","LONGITUDE":110.301143,"LATITUDE":-7.773587,"STATUS":"BUKA","TANGGAL PENGUMPULAN":"Q1 2024","TANGGAL UPDATE":"28/02/2025"}},{"type":"Feature","geometry":{"coordinates":[110.4201452,-7.78298],"type":"Point"},"properties":{"NAMA":"OPTIK MODERN","TIPE_1":"KESEHATAN DAN PENGOBATAN","TIPE_2":"KLINIK","TIPE_3":"KLINIK MATA","TELEPON":"(0274) 489398","ALAMAT":"JL LAKSDA ADISUCIPTO, RUKO TIMUR AMBARUKMO PLAZA, KALONGAN, MAGUWOHARJO, KEC. DEPOK, KABUPATEN SLEMAN, DAERAH ISTIMEWA YOGYAKARTA 55281","ID_PROV":"34","PROVINSI":"DAERAH ISTIMEWA YOGYAKARTA","ID_KABKOT":"34.04","KABKOT":"SLEMAN","ID_KEC":"34.04.07","KECAMATAN":"DEPOK","ID_DESA":"34.04.07.2002","DESA":"MAGUWOHARJO","LONGITUDE":110.4201452,"LATITUDE":-7.78298,"STATUS":"BUKA","TANGGAL PENGUMPULAN":"Q1 2024","TANGGAL UPDATE":"28/02/2025"}},{"type":"Feature","geometry":{"coordinates":[110.3575725,-7.7119283],"type":"Point"},"properties":{"NAMA":"PENGOBATAN MATA TANPA OPERASI MR. KHAN","TIPE_1":"KESEHATAN DAN PENGOBATAN","TIPE_2":"KLINIK","TIPE_3":"KLINIK MATA","TELEPON":"0812-1514-2686","ALAMAT":"JL. NASIONAL NO.14, BERAN LOR, TRIDADI, KEC. SLEMAN, KABUPATEN SLEMAN, DAERAH ISTIMEWA YOGYAKARTA 55511","ID_PROV":"34","PROVINSI":"DAERAH ISTIMEWA YOGYAKARTA","ID_KABKOT":"34.04","KABKOT":"SLEMAN","ID_KEC":"34.04.13","KECAMATAN":"SLEMAN","ID_DESA":"34.04.13.2003","DESA":"TRIDADI","LONGITUDE":110.3575725,"LATITUDE":-7.7119283,"STATUS":"BUKA","TANGGAL PENGUMPULAN":"Q1 2024","TANGGAL UPDATE":"28/02/2025"}},{"type":"Feature","geometry":{"coordinates":[110.383259,-7.777164],"type":"Point"},"properties":{"NAMA":"JACK KACAMATA","TIPE_1":"KESEHATAN DAN PENGOBATAN","TIPE_2":"KLINIK","TIPE_3":"KLINIK MATA","TELEPON":"0877-3418-3786","ALAMAT":"JL. COLOMBO, SAMIRONO, KARANG MALANG, CATURTUNGGAL, KEC. DEPOK, KABUPATEN SLEMAN, DAERAH ISTIMEWA YOGYAKARTA 55281","ID_PROV":"34","PROVINSI":"DAERAH ISTIMEWA YOGYAKARTA","ID_KABKOT":"34.04","KABKOT":"SLEMAN","ID_KEC":"34.04.07","KECAMATAN":"DEPOK","ID_DESA":"34.04.07.2001","DESA":"CATURTUNGGAL","LONGITUDE":110.383259,"LATITUDE":-7.777164,"STATUS":"BUKA","TANGGAL PENGUMPULAN":"Q1 2024","TANGGAL UPDATE":"28/02/2025"}},{"type":"Feature","geometry":{"coordinates":[110.4015045,-7.7718098],"type":"Point"},"properties":{"NAMA":"K-LINK JOGJA","TIPE_1":"KESEHATAN DAN PENGOBATAN","TIPE_2":"KLINIK","TIPE_3":"KLINIK MATA","TELEPON":"0812-2732-2727","ALAMAT":"JL. WAHID HASYIM NO.1, GATEN, CONDONGCATUR, KEC. DEPOK, KABUPATEN SLEMAN, DAERAH ISTIMEWA YOGYAKARTA 55283","ID_PROV":"34","PROVINSI":"DAERAH ISTIMEWA YOGYAKARTA","ID_KABKOT":"34.04","KABKOT":"SLEMAN","ID_KEC":"34.04.07","KECAMATAN":"DEPOK","ID_DESA":"34.04.07.2003","DESA":"CONDONGCATUR","LONGITUDE":110.4015045,"LATITUDE":-7.7718098,"STATUS":"BUKA","TANGGAL PENGUMPULAN":"Q1 2024","TANGGAL UPDATE":"28/02/2025"}},{"type":"Feature","geometry":{"coordinates":[110.3436793,-7.6914636],"type":"Point"},"properties":{"NAMA":"LOW VISION YOGYAKARTA PEMERIKSAAN MATA DAN PENYEDIA ALAT BANTU LOW VISION JOGJA","TIPE_1":"KESEHATAN DAN PENGOBATAN","TIPE_2":"KLINIK","TIPE_3":"KLINIK MATA","TELEPON":"0819-1555-0337","ALAMAT":"JL. MAGELANG JL. MURANGAN VII NO.KM 13 5, PANGGERAN 7, TRIHARJO, KEC. SLEMAN, KABUPATEN SLEMAN, DAERAH ISTIMEWA YOGYAKARTA 55514","ID_PROV":"34","PROVINSI":"DAERAH ISTIMEWA YOGYAKARTA","ID_KABKOT":"34.04","KABKOT":"SLEMAN","ID_KEC":"34.04.13","KECAMATAN":"SLEMAN","ID_DESA":"34.04.13.2002","DESA":"TRIHARJO","LONGITUDE":110.3436793,"LATITUDE":-7.6914636,"STATUS":"BUKA","TANGGAL PENGUMPULAN":"Q1 2024","TANGGAL UPDATE":"28/02/2025"}},{"type":"Feature","geometry":{"coordinates":[110.3734457,-7.7689118],"type":"Point"},"properties":{"NAMA":"POLIKLINIK MATA RSUP DR. SARDJITO","TIPE_1":"KESEHATAN DAN PENGOBATAN","TIPE_2":"KLINIK","TIPE_3":"KLINIK MATA","TELEPON":"","ALAMAT":"SENDOWO, SINDUADI, KEC. MLATI, KABUPATEN SLEMAN, DAERAH ISTIMEWA YOGYAKARTA 55281","ID_PROV":"34","PROVINSI":"DAERAH ISTIMEWA YOGYAKARTA","ID_KABKOT":"34.04","KABKOT":"SLEMAN","ID_KEC":"34.04.06","KECAMATAN":"MLATI","ID_DESA":"34.04.06.2001","DESA":"SINDUADI","LONGITUDE":110.3734457,"LATITUDE":-7.7689118,"STATUS":"BUKA","TANGGAL PENGUMPULAN":"Q1 2024","TANGGAL UPDATE":"28/02/2025"}},{"type":"Feature","geometry":{"coordinates":[110.274984,-7.7532615],"type":"Point"},"properties":{"NAMA":"GURAH MATA GODEAN","TIPE_1":"KESEHATAN DAN PENGOBATAN","TIPE_2":"KLINIK","TIPE_3":"KLINIK MATA","TELEPON":"","ALAMAT":"KLIWONAN, SIDOREJO, KEC. GODEAN, KABUPATEN SLEMAN, DAERAH ISTIMEWA YOGYAKARTA 55264","ID_PROV":"34","PROVINSI":"DAERAH ISTIMEWA YOGYAKARTA","ID_KABKOT":"34.04","KABKOT":"SLEMAN","ID_KEC":"34.04.02","KECAMATAN":"GODEAN","ID_DESA":"34.04.02.2001","DESA":"SIDOREJO","LONGITUDE":110.274984,"LATITUDE":-7.7532615,"STATUS":"BUKA","TANGGAL PENGUMPULAN":"Q1 2024","TANGGAL UPDATE":"28/02/2025"}},{"type":"Feature","geometry":{"coordinates":[110.3715746,-7.7697078],"type":"Point"},"properties":{"NAMA":"KAMAR OPERASI MATA","TIPE_1":"KESEHATAN DAN PENGOBATAN","TIPE_2":"KLINIK","TIPE_3":"KLINIK MATA","TELEPON":"","ALAMAT":"SENDOWO, SINDUADI, MLATI, SLEMAN REGENCY, SPECIAL REGION OF YOGYAKARTA","ID_PROV":"34","PROVINSI":"DAERAH ISTIMEWA YOGYAKARTA","ID_KABKOT":"34.04","KABKOT":"SLEMAN","ID_KEC":"34.04.06","KECAMATAN":"MLATI","ID_DESA":"34.04.06.2001","DESA":"SINDUADI","LONGITUDE":110.3715746,"LATITUDE":-7.7697078,"STATUS":"BUKA","TANGGAL PENGUMPULAN":"Q1 2024","TANGGAL UPDATE":"28/02/2025"}},{"type":"Feature","geometry":{"coordinates":[110.2905252,-7.7686186],"type":"Point"},"properties":{"NAMA":"PRAKTEK SPESIALIS MATA DR. ANTO","TIPE_1":"KESEHATAN DAN PENGOBATAN","TIPE_2":"KLINIK","TIPE_3":"KLINIK MATA","TELEPON":"(0274) 799124","ALAMAT":"JL. SUKIRJAN, JETIS, SIDOAGUNG, KEC. GODEAN, KABUPATEN SLEMAN, DAERAH ISTIMEWA YOGYAKARTA 55264","ID_PROV":"34","PROVINSI":"DAERAH ISTIMEWA YOGYAKARTA","ID_KABKOT":"34.04","KABKOT":"SLEMAN","ID_KEC":"34.04.02","KECAMATAN":"GODEAN","ID_DESA":"34.04.02.2004","DESA":"SIDOAGUNG","LONGITUDE":110.2905252,"LATITUDE":-7.7686186,"STATUS":"BUKA","TANGGAL PENGUMPULAN":"Q1 2024","TANGGAL UPDATE":"28/02/2025"}},{"type":"Feature","geometry":{"coordinates":[110.4070909,-7.7695474],"type":"Point"},"properties":{"NAMA":"PUSAT KAKI PALSU JOGJA","TIPE_1":"KESEHATAN DAN PENGOBATAN","TIPE_2":"KLINIK","TIPE_3":"KLINIK SPESIALIS LAINNYA","TELEPON":"0856-9792-2194","ALAMAT":"JL. SETURAN I JL. NANGKA NO.175, KLEDOKAN, CATURTUNGGAL, KEC. DEPOK, KABUPATEN SLEMAN, DAERAH ISTIMEWA YOGYAKARTA 55281","ID_PROV":"34","PROVINSI":"DAERAH ISTIMEWA YOGYAKARTA","ID_KABKOT":"34.04","KABKOT":"SLEMAN","ID_KEC":"34.04.07","KECAMATAN":"DEPOK","ID_DESA":"34.04.07.2001","DESA":"CATURTUNGGAL","LONGITUDE":110.4070909,"LATITUDE":-7.7695474,"STATUS":"BUKA","TANGGAL PENGUMPULAN":"Q1 2024","TANGGAL UPDATE":"28/02/2025"}},{"type":"Feature","geometry":{"coordinates":[110.2600443,-7.7316199],"type":"Point"},"properties":{"NAMA":"ALBA BABY AND MOMMY CARE","TIPE_1":"KESEHATAN DAN PENGOBATAN","TIPE_2":"KLINIK","TIPE_3":"KLINIK SPESIALIS LAINNYA","TELEPON":"0812-8340-806","ALAMAT":"JL. SUBOKASTOWO, JETIS DEPOK, SENDANGSARI, KEC. MINGGIR, KABUPATEN SLEMAN, DAERAH ISTIMEWA YOGYAKARTA 55562","ID_PROV":"34","PROVINSI":"DAERAH ISTIMEWA YOGYAKARTA","ID_KABKOT":"34.04","KABKOT":"SLEMAN","ID_KEC":"34.04.04","KECAMATAN":"MINGGIR","ID_DESA":"34.04.04.2005","DESA":"SENDANGREJO","LONGITUDE":110.2600443,"LATITUDE":-7.7316199,"STATUS":"BUKA","TANGGAL PENGUMPULAN":"Q1 2024","TANGGAL UPDATE":"28/02/2025"}},{"type":"Feature","geometry":{"coordinates":[110.4353825,-7.6522714],"type":"Point"},"properties":{"NAMA":"KLINIK BIDAN ARUM","TIPE_1":"KESEHATAN DAN PENGOBATAN","TIPE_2":"KLINIK","TIPE_3":"KLINIK SPESIALIS LAINNYA","TELEPON":"0813-3602-9151","ALAMAT":"TANJUNG, WUKIRSARI, KEC. CANGKRINGAN, KABUPATEN SLEMAN, DAERAH ISTIMEWA YOGYAKARTA 55583","ID_PROV":"34","PROVINSI":"DAERAH ISTIMEWA YOGYAKARTA","ID_KABKOT":"34.04","KABKOT":"SLEMAN","ID_KEC":"34.04.17","KECAMATAN":"CANGKRINGAN","ID_DESA":"34.04.17.2002","DESA":"WUKIRSARI","LONGITUDE":110.4353825,"LATITUDE":-7.6522714,"STATUS":"BUKA","TANGGAL PENGUMPULAN":"Q1 2024","TANGGAL UPDATE":"28/02/2025"}},{"type":"Feature","geometry":{"coordinates":[110.344578,-7.691483],"type":"Point"},"properties":{"NAMA":"DOKTER THT DR.TRI RIYANTO SP. THT","TIPE_1":"KESEHATAN DAN PENGOBATAN","TIPE_2":"KLINIK","TIPE_3":"KLINIK SPESIALIS LAINNYA","TELEPON":"0813-9208-3736","ALAMAT":"GG.GATOTKOCO JL. MURANGAN VII NO.5, PANGGERAN 7, TRIHARJO, KEC. SLEMAN, KABUPATEN SLEMAN, DAERAH ISTIMEWA YOGYAKARTA 55514","ID_PROV":"34","PROVINSI":"DAERAH ISTIMEWA YOGYAKARTA","ID_KABKOT":"34.04","KABKOT":"SLEMAN","ID_KEC":"34.04.13","KECAMATAN":"SLEMAN","ID_DESA":"34.04.13.2002","DESA":"TRIHARJO","LONGITUDE":110.344578,"LATITUDE":-7.691483,"STATUS":"BUKA","TANGGAL PENGUMPULAN":"Q1 2024","TANGGAL UPDATE":"28/02/2025"}},{"type":"Feature","geometry":{"coordinates":[110.3850904,-7.7388497],"type":"Point"},"properties":{"NAMA":"KLINIK KECANTIKAN KAYEN","TIPE_1":"KESEHATAN DAN PENGOBATAN","TIPE_2":"KLINIK","TIPE_3":"KLINIK SPESIALIS LAINNYA","TELEPON":"","ALAMAT":"KAYEN, CONDONGCATUR, KEC. DEPOK, KABUPATEN SLEMAN, DAERAH ISTIMEWA YOGYAKARTA 55281","ID_PROV":"34","PROVINSI":"DAERAH ISTIMEWA YOGYAKARTA","ID_KABKOT":"34.04","KABKOT":"SLEMAN","ID_KEC":"34.04.07","KECAMATAN":"DEPOK","ID_DESA":"34.04.07.2003","DESA":"CONDONGCATUR","LONGITUDE":110.3850904,"LATITUDE":-7.7388497,"STATUS":"BUKA","TANGGAL PENGUMPULAN":"Q1 2024","TANGGAL UPDATE":"28/02/2025"}},{"type":"Feature","geometry":{"coordinates":[110.3341525,-7.7769943],"type":"Point"},"properties":{"NAMA":"LOTUS CARE CENTER YOGYAKARTA-PERAWATAN LUKA MODERN & PALIATIF","TIPE_1":"KESEHATAN DAN PENGOBATAN","TIPE_2":"KLINIK","TIPE_3":"KLINIK SPESIALIS LAINNYA","TELEPON":"0811-2950-865","ALAMAT":"JL. NOGOSAREN BARU NO.9, NOGOSAREN, NOGOTIRTO, KEC. GAMPING, KABUPATEN SLEMAN, DAERAH ISTIMEWA YOGYAKARTA 55593","ID_PROV":"34","PROVINSI":"DAERAH ISTIMEWA YOGYAKARTA","ID_KABKOT":"34.04","KABKOT":"SLEMAN","ID_KEC":"34.04.01","KECAMATAN":"GAMPING","ID_DESA":"34.04.01.2003","DESA":"BANYURADEN","LONGITUDE":110.3341525,"LATITUDE":-7.7769943,"STATUS":"BUKA","TANGGAL PENGUMPULAN":"Q1 2024","TANGGAL UPDATE":"28/02/2025"}},{"type":"Feature","geometry":{"coordinates":[110.4848404,-7.7823174],"type":"Point"},"properties":{"NAMA":"PAK DAYAT FISIOTERAPI DAN AKUPUNTUR","TIPE_1":"KESEHATAN DAN PENGOBATAN","TIPE_2":"KLINIK","TIPE_3":"KLINIK SPESIALIS LAINNYA","TELEPON":"0813-9333-1192","ALAMAT":"NO.200, JL. CANDI IJO, GN. SARI, SAMBIREJO, KEC. PRAMBANAN, KABUPATEN SLEMAN, DAERAH ISTIMEWA YOGYAKARTA 55572","ID_PROV":"34","PROVINSI":"DAERAH ISTIMEWA YOGYAKARTA","ID_KABKOT":"34.04","KABKOT":"SLEMAN","ID_KEC":"34.04.09","KECAMATAN":"PRAMBANAN","ID_DESA":"34.04.09.2006","DESA":"BOKOHARJO","LONGITUDE":110.4848404,"LATITUDE":-7.7823174,"STATUS":"BUKA","TANGGAL PENGUMPULAN":"Q1 2024","TANGGAL UPDATE":"28/02/2025"}},{"type":"Feature","geometry":{"coordinates":[110.3776062,-7.7765051],"type":"Point"},"properties":{"NAMA":"RUMAH SAKIT PANTI RAPIH: UROLOGI","TIPE_1":"KESEHATAN DAN PENGOBATAN","TIPE_2":"KLINIK","TIPE_3":"KLINIK SPESIALIS LAINNYA","TELEPON":"(0274) 514014","ALAMAT":"UROLOGI, JALAN CIK DI TIRO NO.30, CATUR TUNGGAL, DEPOK, SAMIRONO, CATURTUNGGAL, KEC. DEPOK, KABUPATEN SLEMAN, DAERAH ISTIMEWA YOGYAKARTA 55223","ID_PROV":"34","PROVINSI":"DAERAH ISTIMEWA YOGYAKARTA","ID_KABKOT":"34.04","KABKOT":"SLEMAN","ID_KEC":"34.04.07","KECAMATAN":"DEPOK","ID_DESA":"34.04.07.2001","DESA":"CATURTUNGGAL","LONGITUDE":110.3776062,"LATITUDE":-7.7765051,"STATUS":"BUKA","TANGGAL PENGUMPULAN":"Q1 2024","TANGGAL UPDATE":"28/02/2025"}},{"type":"Feature","geometry":{"coordinates":[110.384225,-7.7529793],"type":"Point"},"properties":{"NAMA":"PRAKTEK DOKTER SPESIALIS KULIT (DR DYAH AYU MIRA OKTARINA, PH.D, SP.KK(K) )","TIPE_1":"KESEHATAN DAN PENGOBATAN","TIPE_2":"KLINIK","TIPE_3":"KLINIK SPESIALIS LAINNYA","TELEPON":"0811-1067-8326","ALAMAT":"JL. KALIURANG NO.48, MANGGUNG, CATURTUNGGAL, KEC. DEPOK, KABUPATEN SLEMAN, DAERAH ISTIMEWA YOGYAKARTA 55281","ID_PROV":"34","PROVINSI":"DAERAH ISTIMEWA YOGYAKARTA","ID_KABKOT":"34.04","KABKOT":"SLEMAN","ID_KEC":"34.04.07","KECAMATAN":"DEPOK","ID_DESA":"34.04.07.2001","DESA":"CATURTUNGGAL","LONGITUDE":110.384225,"LATITUDE":-7.7529793,"STATUS":"BUKA","TANGGAL PENGUMPULAN":"Q1 2024","TANGGAL UPDATE":"28/02/2025"}},{"type":"Feature","geometry":{"coordinates":[110.4332165,-7.7600176],"type":"Point"},"properties":{"NAMA":"RUMAT MAGUWO - SPESIALIS PERAWATAN LUKA DIABETES","TIPE_1":"KESEHATAN DAN PENGOBATAN","TIPE_2":"KLINIK","TIPE_3":"KLINIK SPESIALIS LAINNYA","TELEPON":"0811-1140-336","ALAMAT":"JL. RAYA TAJEM JL. DENOKAN, DENOKAN, MAGUWOHARJO, KEC. DEPOK, KABUPATEN SLEMAN, DAERAH ISTIMEWA YOGYAKARTA 55281","ID_PROV":"34","PROVINSI":"DAERAH ISTIMEWA YOGYAKARTA","ID_KABKOT":"34.04","KABKOT":"SLEMAN","ID_KEC":"34.04.07","KECAMATAN":"DEPOK","ID_DESA":"34.04.07.2002","DESA":"MAGUWOHARJO","LONGITUDE":110.4332165,"LATITUDE":-7.7600176,"STATUS":"BUKA","TANGGAL PENGUMPULAN":"Q1 2024","TANGGAL UPDATE":"28/02/2025"}},{"type":"Feature","geometry":{"coordinates":[110.4071095,-7.7694309],"type":"Point"},"properties":{"NAMA":"KLINIK PEDIOCARE","TIPE_1":"KESEHATAN DAN PENGOBATAN","TIPE_2":"KLINIK","TIPE_3":"KLINIK SPESIALIS LAINNYA","TELEPON":"0856-9792-2194","ALAMAT":"JL. SETURAN I JL. NANGKA NO.175, KLEDOKAN, CATURTUNGGAL, KEC. DEPOK, KABUPATEN SLEMAN, DAERAH ISTIMEWA YOGYAKARTA 57182","ID_PROV":"34","PROVINSI":"DAERAH ISTIMEWA YOGYAKARTA","ID_KABKOT":"34.04","KABKOT":"SLEMAN","ID_KEC":"34.04.07","KECAMATAN":"DEPOK","ID_DESA":"34.04.07.2001","DESA":"CATURTUNGGAL","LONGITUDE":110.4071095,"LATITUDE":-7.7694309,"STATUS":"BUKA","TANGGAL PENGUMPULAN":"Q1 2024","TANGGAL UPDATE":"28/02/2025"}},{"type":"Feature","geometry":{"coordinates":[110.3742829,-7.705801],"type":"Point"},"properties":{"NAMA":"KLINIK AAFIYAH MUSLIMAH","TIPE_1":"KESEHATAN DAN PENGOBATAN","TIPE_2":"KLINIK","TIPE_3":"KLINIK SPESIALIS LAINNYA","TELEPON":"0856-5221-8189","ALAMAT":"UNNAMED ROAD, SARAGON, PANDOWOHARJO, SLEMAN, SLEMAN REGENCY, SPECIAL REGION OF YOGYAKARTA 55512","ID_PROV":"34","PROVINSI":"DAERAH ISTIMEWA YOGYAKARTA","ID_KABKOT":"34.04","KABKOT":"SLEMAN","ID_KEC":"34.04.12","KECAMATAN":"NGAGLIK","ID_DESA":"34.04.12.2006","DESA":"DONOHARJO","LONGITUDE":110.3742829,"LATITUDE":-7.705801,"STATUS":"BUKA","TANGGAL PENGUMPULAN":"Q1 2024","TANGGAL UPDATE":"28/02/2025"}},{"type":"Feature","geometry":{"coordinates":[110.451371,-7.7277534],"type":"Point"},"properties":{"NAMA":"PRAKTEK MANDIRI BIDAN ANNISA","TIPE_1":"KESEHATAN DAN PENGOBATAN","TIPE_2":"KLINIK","TIPE_3":"KLINIK SPESIALIS LAINNYA","TELEPON":"0856-4345-2384","ALAMAT":"DEMANGAN, SELOMARTANI, KEC. KALASAN, KABUPATEN SLEMAN, DAERAH ISTIMEWA YOGYAKARTA 55571","ID_PROV":"34","PROVINSI":"DAERAH ISTIMEWA YOGYAKARTA","ID_KABKOT":"34.04","KABKOT":"SLEMAN","ID_KEC":"34.04.10","KECAMATAN":"KALASAN","ID_DESA":"34.04.10.2004","DESA":"SELOMARTANI","LONGITUDE":110.451371,"LATITUDE":-7.7277534,"STATUS":"BUKA","TANGGAL PENGUMPULAN":"Q1 2024","TANGGAL UPDATE":"28/02/2025"}},{"type":"Feature","geometry":{"coordinates":[110.3812751,-7.689718],"type":"Point"},"properties":{"NAMA":"KLINIK LAKTASI BIDAN MIRA","TIPE_1":"KESEHATAN DAN PENGOBATAN","TIPE_2":"KLINIK","TIPE_3":"KLINIK SPESIALIS LAINNYA","TELEPON":"0813-3148-1533","ALAMAT":"","ID_PROV":"34","PROVINSI":"DAERAH ISTIMEWA YOGYAKARTA","ID_KABKOT":"34.04","KABKOT":"SLEMAN","ID_KEC":"34.04.12","KECAMATAN":"NGAGLIK","ID_DESA":"34.04.12.2006","DESA":"DONOHARJO","LONGITUDE":110.3812751,"LATITUDE":-7.689718,"STATUS":"BUKA","TANGGAL PENGUMPULAN":"Q1 2024","TANGGAL UPDATE":"28/02/2025"}},{"type":"Feature","geometry":{"coordinates":[110.4469797,-7.7795009],"type":"Point"},"properties":{"NAMA":"PRAKTEK DOKTER MANDIRI DR. LOURY PRISKILA","TIPE_1":"KESEHATAN DAN PENGOBATAN","TIPE_2":"KLINIK","TIPE_3":"KLINIK UMUM","TELEPON":"0813-9070-9672","ALAMAT":"JUWANGEN, RT.13/RW.2, KABUPATEN SLEMAN, DAERAH ISTIMEWA YOGYAKARTA 55571","ID_PROV":"34","PROVINSI":"DAERAH ISTIMEWA YOGYAKARTA","ID_KABKOT":"34.04","KABKOT":"SLEMAN","ID_KEC":"34.04.10","KECAMATAN":"KALASAN","ID_DESA":"34.04.10.2001","DESA":"PURWOMARTANI","LONGITUDE":110.4469797,"LATITUDE":-7.7795009,"STATUS":"BUKA","TANGGAL PENGUMPULAN":"Q1 2024","TANGGAL UPDATE":"28/02/2025"}},{"type":"Feature","geometry":{"coordinates":[110.4118671,-7.7559851],"type":"Point"},"properties":{"NAMA":"PRAKTEK DR. WIDYA","TIPE_1":"KESEHATAN DAN PENGOBATAN","TIPE_2":"KLINIK","TIPE_3":"KLINIK UMUM","TELEPON":"0895-3283-21276","ALAMAT":"PERUMAHAN MATARAM BUMI SEJAHTERA JALAN TAMBAKBOYO RAYA NO 106, NGRINGIN, CONDONGCATUR, DEPOK, SLEMAN REGENCY, SPECIAL REGION OF YOGYAKARTA 55281","ID_PROV":"34","PROVINSI":"DAERAH ISTIMEWA YOGYAKARTA","ID_KABKOT":"34.04","KABKOT":"SLEMAN","ID_KEC":"34.04.07","KECAMATAN":"DEPOK","ID_DESA":"34.04.07.2003","DESA":"CONDONGCATUR","LONGITUDE":110.4118671,"LATITUDE":-7.7559851,"STATUS":"BUKA","TANGGAL PENGUMPULAN":"Q1 2024","TANGGAL UPDATE":"28/02/2025"}},{"type":"Feature","geometry":{"coordinates":[110.4092399,-7.7500897],"type":"Point"},"properties":{"NAMA":"KLINIK PRATAMA DELIMA","TIPE_1":"KESEHATAN DAN PENGOBATAN","TIPE_2":"KLINIK","TIPE_3":"KLINIK UMUM","TELEPON":"0812-3299-9200","ALAMAT":"JLN SWADAYA 1 KARANGASEM GEMPOL, RT.04/RW.12, CONDONGCATUR, 55283","ID_PROV":"34","PROVINSI":"DAERAH ISTIMEWA YOGYAKARTA","ID_KABKOT":"34.04","KABKOT":"SLEMAN","ID_KEC":"34.04.07","KECAMATAN":"DEPOK","ID_DESA":"34.04.07.2003","DESA":"CONDONGCATUR","LONGITUDE":110.4092399,"LATITUDE":-7.7500897,"STATUS":"BUKA","TANGGAL PENGUMPULAN":"Q1 2024","TANGGAL UPDATE":"28/02/2025"}},{"type":"Feature","geometry":{"coordinates":[110.469365,-7.8148793],"type":"Point"},"properties":{"NAMA":"BPS LENI INDRAWATI","TIPE_1":"KESEHATAN DAN PENGOBATAN","TIPE_2":"KLINIK","TIPE_3":"KLINIK UMUM","TELEPON":"","ALAMAT":"UNNAMED ROAD, REJOSARI, JOGOTIRTO, KEC. BERBAH, KABUPATEN SLEMAN, DAERAH ISTIMEWA YOGYAKARTA 55573","ID_PROV":"34","PROVINSI":"DAERAH ISTIMEWA YOGYAKARTA","ID_KABKOT":"34.04","KABKOT":"SLEMAN","ID_KEC":"34.04.08","KECAMATAN":"BERBAH","ID_DESA":"34.04.08.2004","DESA":"JOGOTIRTO","LONGITUDE":110.469365,"LATITUDE":-7.8148793,"STATUS":"BUKA","TANGGAL PENGUMPULAN":"Q1 2024","TANGGAL UPDATE":"28/02/2025"}},{"type":"Feature","geometry":{"coordinates":[110.3816673,-7.7584855],"type":"Point"},"properties":{"NAMA":"KLINIK YOGYAKARTA","TIPE_1":"KESEHATAN DAN PENGOBATAN","TIPE_2":"KLINIK","TIPE_3":"KLINIK UMUM","TELEPON":"(0274) 584000","ALAMAT":"HOTEL PLAZA CAKRA KEMBANG 2ND FLOOR, JL KALIURANG, KM. 5, 5 NO. 44, MANGGUNG, CATURTUNGGAL, YOGJAKARTA, KABUPATEN SLEMAN, DAERAH ISTIMEWA YOGYAKARTA 55284","ID_PROV":"34","PROVINSI":"DAERAH ISTIMEWA YOGYAKARTA","ID_KABKOT":"34.04","KABKOT":"SLEMAN","ID_KEC":"34.04.07","KECAMATAN":"DEPOK","ID_DESA":"34.04.07.2001","DESA":"CATURTUNGGAL","LONGITUDE":110.3816673,"LATITUDE":-7.7584855,"STATUS":"BUKA","TANGGAL PENGUMPULAN":"Q1 2024","TANGGAL UPDATE":"28/02/2025"}},{"type":"Feature","geometry":{"coordinates":[110.4828429,-7.809208],"type":"Point"},"properties":{"NAMA":"KLINIK SUMBER HUSADA","TIPE_1":"KESEHATAN DAN PENGOBATAN","TIPE_2":"KLINIK","TIPE_3":"KLINIK UMUM","TELEPON":"(0274) 4398341","ALAMAT":"JL PRAMBANAN - PIYUNGAN, KM. 6, SUMBERHARJO, PRAMBANAN, DALEMAN, SUMBERHARJO, KEC. PRAMBANAN, KABUPATEN SLEMAN, DAERAH ISTIMEWA YOGYAKARTA 55572","ID_PROV":"34","PROVINSI":"DAERAH ISTIMEWA YOGYAKARTA","ID_KABKOT":"34.04","KABKOT":"SLEMAN","ID_KEC":"34.04.09","KECAMATAN":"PRAMBANAN","ID_DESA":"34.04.09.2001","DESA":"SUMBERHARJO","LONGITUDE":110.4828429,"LATITUDE":-7.809208,"STATUS":"BUKA","TANGGAL PENGUMPULAN":"Q1 2024","TANGGAL UPDATE":"28/02/2025"}},{"type":"Feature","geometry":{"coordinates":[110.4826234,-7.7910805],"type":"Point"},"properties":{"NAMA":"PRAKTEK DR AHMAD REZA DAN DR LAILY","TIPE_1":"KESEHATAN DAN PENGOBATAN","TIPE_2":"KLINIK","TIPE_3":"KLINIK UMUM","TELEPON":"0856-4009-8010","ALAMAT":"POTROJAYAN, MADUREJO, KEC. PRAMBANAN, KABUPATEN SLEMAN, DAERAH ISTIMEWA YOGYAKARTA 55572","ID_PROV":"34","PROVINSI":"DAERAH ISTIMEWA YOGYAKARTA","ID_KABKOT":"34.04","KABKOT":"SLEMAN","ID_KEC":"34.04.09","KECAMATAN":"PRAMBANAN","ID_DESA":"34.04.09.2005","DESA":"MADUREJO","LONGITUDE":110.4826234,"LATITUDE":-7.7910805,"STATUS":"BUKA","TANGGAL PENGUMPULAN":"Q1 2024","TANGGAL UPDATE":"28/02/2025"}},{"type":"Feature","geometry":{"coordinates":[110.4453903,-7.7907281],"type":"Point"},"properties":{"NAMA":"PRAKTEK DR. EVY DIANA A","TIPE_1":"KESEHATAN DAN PENGOBATAN","TIPE_2":"KLINIK","TIPE_3":"KLINIK UMUM","TELEPON":"","ALAMAT":"PERUMAHAN TIARA GRIYA ADISUCIPTO, JL. TIARA ASRI BERBAH NO.A3, JAGALAN, TEGALTIRTO, BERBAH, SLEMAN REGENCY, SPECIAL REGION OF YOGYAKARTA 55573","ID_PROV":"34","PROVINSI":"DAERAH ISTIMEWA YOGYAKARTA","ID_KABKOT":"34.04","KABKOT":"SLEMAN","ID_KEC":"34.04.08","KECAMATAN":"BERBAH","ID_DESA":"34.04.08.2002","DESA":"TEGALTIRTO","LONGITUDE":110.4453903,"LATITUDE":-7.7907281,"STATUS":"BUKA","TANGGAL PENGUMPULAN":"Q1 2024","TANGGAL UPDATE":"28/02/2025"}},{"type":"Feature","geometry":{"coordinates":[110.4718955,-7.765964],"type":"Point"},"properties":{"NAMA":"POLI UMUM","TIPE_1":"KESEHATAN DAN PENGOBATAN","TIPE_2":"KLINIK","TIPE_3":"KLINIK UMUM","TELEPON":"(0274) 498278","ALAMAT":"RUMAH SAKIT BHAYANGKARA POLDA D. I. YOGYAKARTA, JL. SOLO, GLONDONG, TIRTOMARTANI, KEC. KALASAN, KABUPATEN SLEMAN, DAERAH ISTIMEWA YOGYAKARTA 55571","ID_PROV":"34","PROVINSI":"DAERAH ISTIMEWA YOGYAKARTA","ID_KABKOT":"34.04","KABKOT":"SLEMAN","ID_KEC":"34.04.10","KECAMATAN":"KALASAN","ID_DESA":"34.04.10.2002","DESA":"TIRTOMARTANI","LONGITUDE":110.4718955,"LATITUDE":-7.765964,"STATUS":"BUKA","TANGGAL PENGUMPULAN":"Q1 2024","TANGGAL UPDATE":"28/02/2025"}},{"type":"Feature","geometry":{"coordinates":[110.3837162,-7.7776176],"type":"Point"},"properties":{"NAMA":"KLINIK BINA USADA","TIPE_1":"KESEHATAN DAN PENGOBATAN","TIPE_2":"KLINIK","TIPE_3":"KLINIK UMUM","TELEPON":"(0274) 882619","ALAMAT":"JL NUSA INDAH 1 RT 009/17, YOGYAKARTA, 55283, KARANG MALANG, CATURTUNGGAL, DEPOK, SLEMAN REGENCY, SPECIAL REGION OF YOGYAKARTA 55281","ID_PROV":"34","PROVINSI":"DAERAH ISTIMEWA YOGYAKARTA","ID_KABKOT":"34.04","KABKOT":"SLEMAN","ID_KEC":"34.04.07","KECAMATAN":"DEPOK","ID_DESA":"34.04.07.2001","DESA":"CATURTUNGGAL","LONGITUDE":110.3837162,"LATITUDE":-7.7776176,"STATUS":"BUKA","TANGGAL PENGUMPULAN":"Q1 2024","TANGGAL UPDATE":"28/02/2025"}},{"type":"Feature","geometry":{"coordinates":[110.376545,-7.770037],"type":"Point"},"properties":{"NAMA":"DOKTER RUDIYANTO ATMAPRASAJA","TIPE_1":"KESEHATAN DAN PENGOBATAN","TIPE_2":"KLINIK","TIPE_3":"KLINIK UMUM","TELEPON":"(0274) 880486","ALAMAT":"JL. KALIURANG, KM 6, 4 BIOK A/3, SENDOWO, SINDUADI, YOGYAKARTA, KABUPATEN SLEMAN, DAERAH ISTIMEWA YOGYAKARTA 55581","ID_PROV":"34","PROVINSI":"DAERAH ISTIMEWA YOGYAKARTA","ID_KABKOT":"34.04","KABKOT":"SLEMAN","ID_KEC":"34.04.06","KECAMATAN":"MLATI","ID_DESA":"34.04.06.2001","DESA":"SINDUADI","LONGITUDE":110.376545,"LATITUDE":-7.770037,"STATUS":"BUKA","TANGGAL PENGUMPULAN":"Q1 2024","TANGGAL UPDATE":"28/02/2025"}},{"type":"Feature","geometry":{"coordinates":[110.3714174,-7.7687481],"type":"Point"},"properties":{"NAMA":"KLINIK PRINGGODANI","TIPE_1":"KESEHATAN DAN PENGOBATAN","TIPE_2":"KLINIK","TIPE_3":"KLINIK UMUM","TELEPON":"","ALAMAT":"BHINNEKA TUNGGAL IKA, JALAN, SENDOWO, SINDUADI, KEC. MLATI, KABUPATEN SLEMAN, DAERAH ISTIMEWA YOGYAKARTA 55281","ID_PROV":"34","PROVINSI":"DAERAH ISTIMEWA YOGYAKARTA","ID_KABKOT":"34.04","KABKOT":"SLEMAN","ID_KEC":"34.04.06","KECAMATAN":"MLATI","ID_DESA":"34.04.06.2001","DESA":"SINDUADI","LONGITUDE":110.3714174,"LATITUDE":-7.7687481,"STATUS":"BUKA","TANGGAL PENGUMPULAN":"Q1 2024","TANGGAL UPDATE":"28/02/2025"}},{"type":"Feature","geometry":{"coordinates":[110.3859382,-7.7541071],"type":"Point"},"properties":{"NAMA":"KLINIK PRATAMA YONIF 403/WP","TIPE_1":"KESEHATAN DAN PENGOBATAN","TIPE_2":"KLINIK","TIPE_3":"KLINIK UMUM","TELEPON":"","ALAMAT":"JL. PANDEGA SAKTI NO.11, RW.2, KENTUNGAN, CONDONGCATUR, KEC. DEPOK, KABUPATEN SLEMAN, DAERAH ISTIMEWA YOGYAKARTA 55281","ID_PROV":"34","PROVINSI":"DAERAH ISTIMEWA YOGYAKARTA","ID_KABKOT":"34.04","KABKOT":"SLEMAN","ID_KEC":"34.04.07","KECAMATAN":"DEPOK","ID_DESA":"34.04.07.2003","DESA":"CONDONGCATUR","LONGITUDE":110.3859382,"LATITUDE":-7.7541071,"STATUS":"BUKA","TANGGAL PENGUMPULAN":"Q1 2024","TANGGAL UPDATE":"28/02/2025"}},{"type":"Feature","geometry":{"coordinates":[110.4642247,-7.795204],"type":"Point"},"properties":{"NAMA":"DR. ULLYVIA HERLIANA","TIPE_1":"KESEHATAN DAN PENGOBATAN","TIPE_2":"KLINIK","TIPE_3":"KLINIK UMUM","TELEPON":"","ALAMAT":"UNNAMED ROAD, TANJUNG, KALITIRTO, KEC. BERBAH, KABUPATEN SLEMAN, DAERAH ISTIMEWA YOGYAKARTA 55573","ID_PROV":"34","PROVINSI":"DAERAH ISTIMEWA YOGYAKARTA","ID_KABKOT":"34.04","KABKOT":"SLEMAN","ID_KEC":"34.04.08","KECAMATAN":"BERBAH","ID_DESA":"34.04.08.2003","DESA":"KALITIRTO","LONGITUDE":110.4642247,"LATITUDE":-7.795204,"STATUS":"BUKA","TANGGAL PENGUMPULAN":"Q1 2024","TANGGAL UPDATE":"28/02/2025"}},{"type":"Feature","geometry":{"coordinates":[110.385095,-7.6393222],"type":"Point"},"properties":{"NAMA":"KLINIK DALEMAN","TIPE_1":"KESEHATAN DAN PENGOBATAN","TIPE_2":"KLINIK","TIPE_3":"KLINIK UMUM","TELEPON":"","ALAMAT":"DALEMAN, GIRIKERTO, KEC. TURI, KABUPATEN SLEMAN, DAERAH ISTIMEWA YOGYAKARTA 55551","ID_PROV":"34","PROVINSI":"DAERAH ISTIMEWA YOGYAKARTA","ID_KABKOT":"34.04","KABKOT":"SLEMAN","ID_KEC":"34.04.15","KECAMATAN":"TURI","ID_DESA":"34.04.15.2003","DESA":"GIRIKERTO","LONGITUDE":110.385095,"LATITUDE":-7.6393222,"STATUS":"BUKA","TANGGAL PENGUMPULAN":"Q1 2024","TANGGAL UPDATE":"28/02/2025"}},{"type":"Feature","geometry":{"coordinates":[110.3719692,-7.6604655],"type":"Point"},"properties":{"NAMA":"KLINIK GEMINI / DR.SULISTYOWATI","TIPE_1":"KESEHATAN DAN PENGOBATAN","TIPE_2":"KLINIK","TIPE_3":"KLINIK UMUM","TELEPON":"0856-0283-4899","ALAMAT":"KEMBANGARUM, DONOKERTO, KEC. TURI, KABUPATEN SLEMAN, DAERAH ISTIMEWA YOGYAKARTA","ID_PROV":"34","PROVINSI":"DAERAH ISTIMEWA YOGYAKARTA","ID_KABKOT":"34.04","KABKOT":"SLEMAN","ID_KEC":"34.04.15","KECAMATAN":"TURI","ID_DESA":"34.04.15.2002","DESA":"DONOKERTO","LONGITUDE":110.3719692,"LATITUDE":-7.6604655,"STATUS":"BUKA","TANGGAL PENGUMPULAN":"Q1 2024","TANGGAL UPDATE":"28/02/2025"}},{"type":"Feature","geometry":{"coordinates":[110.32585,-7.6616161],"type":"Point"},"properties":{"NAMA":"PRAKTEK DR. IMA","TIPE_1":"KESEHATAN DAN PENGOBATAN","TIPE_2":"KLINIK","TIPE_3":"KLINIK UMUM","TELEPON":"0858-6640-5053","ALAMAT":"JL. GUNDENGAN KIDUL, RT.06/RW.26, TEGAL DOMBAN, MARGOREJO, KEC. TEMPEL, KABUPATEN SLEMAN, DAERAH ISTIMEWA YOGYAKARTA 55552","ID_PROV":"34","PROVINSI":"DAERAH ISTIMEWA YOGYAKARTA","ID_KABKOT":"34.04","KABKOT":"SLEMAN","ID_KEC":"34.04.14","KECAMATAN":"TEMPEL","ID_DESA":"34.04.14.2006","DESA":"MARGOREJO","LONGITUDE":110.32585,"LATITUDE":-7.6616161,"STATUS":"BUKA","TANGGAL PENGUMPULAN":"Q1 2024","TANGGAL UPDATE":"28/02/2025"}},{"type":"Feature","geometry":{"coordinates":[110.328515,-7.6613676],"type":"Point"},"properties":{"NAMA":"DR SUTARIS","TIPE_1":"KESEHATAN DAN PENGOBATAN","TIPE_2":"KLINIK","TIPE_3":"KLINIK UMUM","TELEPON":"","ALAMAT":"JL. MAGELANG NO.44, TEGAL DOMBAN, MARGOREJO, TEMPEL, SLEMAN REGENCY, SPECIAL REGION OF YOGYAKARTA 55552","ID_PROV":"34","PROVINSI":"DAERAH ISTIMEWA YOGYAKARTA","ID_KABKOT":"34.04","KABKOT":"SLEMAN","ID_KEC":"34.04.14","KECAMATAN":"TEMPEL","ID_DESA":"34.04.14.2006","DESA":"MARGOREJO","LONGITUDE":110.328515,"LATITUDE":-7.6613676,"STATUS":"BUKA","TANGGAL PENGUMPULAN":"Q1 2024","TANGGAL UPDATE":"28/02/2025"}},{"type":"Feature","geometry":{"coordinates":[110.2954525,-7.6819352],"type":"Point"},"properties":{"NAMA":"KLINIK PAK AHMADI","TIPE_1":"KESEHATAN DAN PENGOBATAN","TIPE_2":"KLINIK","TIPE_3":"KLINIK UMUM","TELEPON":"","ALAMAT":"SEMAMPIR KULOM, TAMBAKREJO, KEC. TEMPEL, KABUPATEN SLEMAN, DAERAH ISTIMEWA YOGYAKARTA 55552","ID_PROV":"34","PROVINSI":"DAERAH ISTIMEWA YOGYAKARTA","ID_KABKOT":"34.04","KABKOT":"SLEMAN","ID_KEC":"34.04.14","KECAMATAN":"TEMPEL","ID_DESA":"34.04.14.2002","DESA":"TAMBAKREJO","LONGITUDE":110.2954525,"LATITUDE":-7.6819352,"STATUS":"BUKA","TANGGAL PENGUMPULAN":"Q1 2024","TANGGAL UPDATE":"28/02/2025"}},{"type":"Feature","geometry":{"coordinates":[110.3310522,-7.6865382],"type":"Point"},"properties":{"NAMA":"KLINIK FIA","TIPE_1":"KESEHATAN DAN PENGOBATAN","TIPE_2":"KLINIK","TIPE_3":"KLINIK UMUM","TELEPON":"","ALAMAT":"JL. MEDARI - CEMORO, MEDAN GEDE, CATURHARJO, KEC. TEMPEL, KABUPATEN SLEMAN, DAERAH ISTIMEWA YOGYAKARTA 55552","ID_PROV":"34","PROVINSI":"DAERAH ISTIMEWA YOGYAKARTA","ID_KABKOT":"34.04","KABKOT":"SLEMAN","ID_KEC":"34.04.13","KECAMATAN":"SLEMAN","ID_DESA":"34.04.13.2001","DESA":"CATURHARJO","LONGITUDE":110.3310522,"LATITUDE":-7.6865382,"STATUS":"BUKA","TANGGAL PENGUMPULAN":"Q1 2024","TANGGAL UPDATE":"28/02/2025"}},{"type":"Feature","geometry":{"coordinates":[110.3298299,-7.6629846],"type":"Point"},"properties":{"NAMA":"DR. MUHRODJI SPA SPESIALIS ANAK","TIPE_1":"KESEHATAN DAN PENGOBATAN","TIPE_2":"KLINIK","TIPE_3":"KLINIK UMUM","TELEPON":"0852-0191-0222","ALAMAT":"JL. MAGELANG - YOGYAKARTA, NGEBONG, MARGOREJO, KEC. TEMPEL, KABUPATEN SLEMAN, DAERAH ISTIMEWA YOGYAKARTA 55552","ID_PROV":"34","PROVINSI":"DAERAH ISTIMEWA YOGYAKARTA","ID_KABKOT":"34.04","KABKOT":"SLEMAN","ID_KEC":"34.04.14","KECAMATAN":"TEMPEL","ID_DESA":"34.04.14.2006","DESA":"MARGOREJO","LONGITUDE":110.3298299,"LATITUDE":-7.6629846,"STATUS":"BUKA","TANGGAL PENGUMPULAN":"Q1 2024","TANGGAL UPDATE":"28/02/2025"}},{"type":"Feature","geometry":{"coordinates":[110.4042386,-7.7830822],"type":"Point"},"properties":{"NAMA":"KLINIK HUSADA BIMA PERKASA","TIPE_1":"KESEHATAN DAN PENGOBATAN","TIPE_2":"KLINIK","TIPE_3":"KLINIK UMUM","TELEPON":"(0274) 489082","ALAMAT":"UNNAMED ROAD, AMBARUKMO, CATURTUNGGAL, KEC. DEPOK, KABUPATEN SLEMAN, DAERAH ISTIMEWA YOGYAKARTA 55281","ID_PROV":"34","PROVINSI":"DAERAH ISTIMEWA YOGYAKARTA","ID_KABKOT":"34.04","KABKOT":"SLEMAN","ID_KEC":"34.04.07","KECAMATAN":"DEPOK","ID_DESA":"34.04.07.2001","DESA":"CATURTUNGGAL","LONGITUDE":110.4042386,"LATITUDE":-7.7830822,"STATUS":"BUKA","TANGGAL PENGUMPULAN":"Q1 2024","TANGGAL UPDATE":"28/02/2025"}},{"type":"Feature","geometry":{"coordinates":[110.4085122,-7.7560566],"type":"Point"},"properties":{"NAMA":"KLINIK AMANAH HEALTH CARE PRAKTEK DOKTER DAN BIDAN (PERSALINAN 24 JAM)","TIPE_1":"KESEHATAN DAN PENGOBATAN","TIPE_2":"KLINIK","TIPE_3":"KLINIK UMUM","TELEPON":"0813-9245-6664","ALAMAT":"JL. ANYELIR 1 NO.243, PERUMNAS CONDONG CATUR, CONDONGCATUR, KEC. DEPOK, KABUPATEN SLEMAN, DAERAH ISTIMEWA YOGYAKARTA 55281","ID_PROV":"34","PROVINSI":"DAERAH ISTIMEWA YOGYAKARTA","ID_KABKOT":"34.04","KABKOT":"SLEMAN","ID_KEC":"34.04.07","KECAMATAN":"DEPOK","ID_DESA":"34.04.07.2003","DESA":"CONDONGCATUR","LONGITUDE":110.4085122,"LATITUDE":-7.7560566,"STATUS":"BUKA","TANGGAL PENGUMPULAN":"Q1 2024","TANGGAL UPDATE":"28/02/2025"}},{"type":"Feature","geometry":{"coordinates":[110.4321375,-7.8359495],"type":"Point"},"properties":{"NAMA":"KLINIK THT DR.HERMAWAN SURYA DHARMA, SP.THT-KL","TIPE_1":"KESEHATAN DAN PENGOBATAN","TIPE_2":"KLINIK","TIPE_3":"KLINIK SPESIALIS LAINNYA","TELEPON":"0813-2597-2068","ALAMAT":"JL. TIRTA BUANA, CEPOR, SENDANGTIRTO, KEC. BERBAH, KABUPATEN SLEMAN, DAERAH ISTIMEWA YOGYAKARTA 55573","ID_PROV":"34","PROVINSI":"DAERAH ISTIMEWA YOGYAKARTA","ID_KABKOT":"34.04","KABKOT":"SLEMAN","ID_KEC":"34.04.08","KECAMATAN":"BERBAH","ID_DESA":"34.04.08.2001","DESA":"SENDANGTIRTO","LONGITUDE":110.4321375,"LATITUDE":-7.8359495,"STATUS":"BUKA","TANGGAL PENGUMPULAN":"Q1 2024","TANGGAL UPDATE":"28/02/2025"}},{"type":"Feature","geometry":{"coordinates":[110.3912952,-7.7686421],"type":"Point"},"properties":{"NAMA":"DOKTER HARDYANTO SOEBONO","TIPE_1":"KESEHATAN DAN PENGOBATAN","TIPE_2":"KLINIK","TIPE_3":"KLINIK SPESIALIS LAINNYA","TELEPON":"(0274) 561771","ALAMAT":"JL. AFFANDI X NO.16, SANTREN, CATURTUNGGAL, KEC. DEPOK, KABUPATEN SLEMAN, DAERAH ISTIMEWA YOGYAKARTA 55281","ID_PROV":"34","PROVINSI":"DAERAH ISTIMEWA YOGYAKARTA","ID_KABKOT":"34.04","KABKOT":"SLEMAN","ID_KEC":"34.04.07","KECAMATAN":"DEPOK","ID_DESA":"34.04.07.2001","DESA":"CATURTUNGGAL","LONGITUDE":110.3912952,"LATITUDE":-7.7686421,"STATUS":"BUKA","TANGGAL PENGUMPULAN":"Q1 2024","TANGGAL UPDATE":"28/02/2025"}},{"type":"Feature","geometry":{"coordinates":[110.3800319,-7.7779766],"type":"Point"},"properties":{"NAMA":"KALISTA KLINIK (SPESIALIS KULIT DAN KELAMIN)","TIPE_1":"KESEHATAN DAN PENGOBATAN","TIPE_2":"KLINIK","TIPE_3":"KLINIK SPESIALIS LAINNYA","TELEPON":"0819-0375-1444","ALAMAT":"JL. PROF. HERMAN YOHANES NO.106, SAMIRONO, CATURTUNGGAL, KEC. DEPOK, KOTA YOGYAKARTA, DAERAH ISTIMEWA YOGYAKARTA 55223","ID_PROV":"34","PROVINSI":"DAERAH ISTIMEWA YOGYAKARTA","ID_KABKOT":"34.04","KABKOT":"SLEMAN","ID_KEC":"34.04.07","KECAMATAN":"DEPOK","ID_DESA":"34.04.07.2001","DESA":"CATURTUNGGAL","LONGITUDE":110.3800319,"LATITUDE":-7.7779766,"STATUS":"BUKA","TANGGAL PENGUMPULAN":"Q1 2024","TANGGAL UPDATE":"28/02/2025"}},{"type":"Feature","geometry":{"coordinates":[110.3735719,-7.768263],"type":"Point"},"properties":{"NAMA":"KLINIK PENYAKIT DALAM LT 4","TIPE_1":"KESEHATAN DAN PENGOBATAN","TIPE_2":"KLINIK","TIPE_3":"KLINIK SPESIALIS LAINNYA","TELEPON":"","ALAMAT":"RSUP SARDJITO, JL. SENDOWO B, SENDOWO, SINDUADI, MLATI, SLEMAN REGENCY, SPECIAL REGION OF YOGYAKARTA 55281","ID_PROV":"34","PROVINSI":"DAERAH ISTIMEWA YOGYAKARTA","ID_KABKOT":"34.04","KABKOT":"SLEMAN","ID_KEC":"34.04.06","KECAMATAN":"MLATI","ID_DESA":"34.04.06.2001","DESA":"SINDUADI","LONGITUDE":110.3735719,"LATITUDE":-7.768263,"STATUS":"BUKA","TANGGAL PENGUMPULAN":"Q1 2024","TANGGAL UPDATE":"28/02/2025"}},{"type":"Feature","geometry":{"coordinates":[110.4253572,-7.7839836],"type":"Point"},"properties":{"NAMA":"KLINIK SPESIALIS TULANG DAN SENDI OSTEOPOROSIS","TIPE_1":"KESEHATAN DAN PENGOBATAN","TIPE_2":"KLINIK","TIPE_3":"KLINIK SPESIALIS LAINNYA","TELEPON":"(0274) 8596668","ALAMAT":"RIVER CASTLE HOTEL, JL. LAKSDA ADISUCIPTO, KM. 8, 55281, KALONGAN, MAGUWOHARJO, KEC. DEPOK, KABUPATEN SLEMAN, DAERAH ISTIMEWA YOGYAKARTA 55281","ID_PROV":"34","PROVINSI":"DAERAH ISTIMEWA YOGYAKARTA","ID_KABKOT":"34.04","KABKOT":"SLEMAN","ID_KEC":"34.04.07","KECAMATAN":"DEPOK","ID_DESA":"34.04.07.2002","DESA":"MAGUWOHARJO","LONGITUDE":110.4253572,"LATITUDE":-7.7839836,"STATUS":"BUKA","TANGGAL PENGUMPULAN":"Q1 2024","TANGGAL UPDATE":"28/02/2025"}},{"type":"Feature","geometry":{"coordinates":[110.3749207,-7.7693175],"type":"Point"},"properties":{"NAMA":"PERHIMPUNAN DOKTER SPESIALIS KULIT DAN KELAMIN INDONESIA (PERDOSKI)","TIPE_1":"KESEHATAN DAN PENGOBATAN","TIPE_2":"KLINIK","TIPE_3":"KLINIK SPESIALIS LAINNYA","TELEPON":"(0274) 560700","ALAMAT":"RSUP DR. SARDJITO, JL. FARMAKO, SEKIP, YOGYAKARTA, SENDOWO, SINDUADI, MLATI, SLEMAN REGENCY, SPECIAL REGION OF YOGYAKARTA 55223","ID_PROV":"34","PROVINSI":"DAERAH ISTIMEWA YOGYAKARTA","ID_KABKOT":"34.04","KABKOT":"SLEMAN","ID_KEC":"34.04.06","KECAMATAN":"MLATI","ID_DESA":"34.04.06.2001","DESA":"SINDUADI","LONGITUDE":110.3749207,"LATITUDE":-7.7693175,"STATUS":"BUKA","TANGGAL PENGUMPULAN":"Q1 2024","TANGGAL UPDATE":"28/02/2025"}},{"type":"Feature","geometry":{"coordinates":[110.4097725,-7.7695447],"type":"Point"},"properties":{"NAMA":"PRAKTEK DR. GUNTUR ADI","TIPE_1":"KESEHATAN DAN PENGOBATAN","TIPE_2":"KLINIK","TIPE_3":"KLINIK UMUM","TELEPON":"0822-6431-9625","ALAMAT":"JL. SETURAN RAYA NO.C/3B, KLEDOKAN, CATURTUNGGAL, KEC. DEPOK, KABUPATEN SLEMAN, DAERAH ISTIMEWA YOGYAKARTA 55281","ID_PROV":"34","PROVINSI":"DAERAH ISTIMEWA YOGYAKARTA","ID_KABKOT":"34.04","KABKOT":"SLEMAN","ID_KEC":"34.04.07","KECAMATAN":"DEPOK","ID_DESA":"34.04.07.2001","DESA":"CATURTUNGGAL","LONGITUDE":110.4097725,"LATITUDE":-7.7695447,"STATUS":"BUKA","TANGGAL PENGUMPULAN":"Q1 2024","TANGGAL UPDATE":"28/02/2025"}},{"type":"Feature","geometry":{"coordinates":[110.414997,-7.778009],"type":"Point"},"properties":{"NAMA":"KLINIK HALO DOKTER","TIPE_1":"KESEHATAN DAN PENGOBATAN","TIPE_2":"KLINIK","TIPE_3":"KLINIK UMUM","TELEPON":"(0274) 486581","ALAMAT":"JL. BABARSARI NO.9-B, TAMBAK BAYAN, CATURTUNGGAL, KEC. DEPOK, KABUPATEN SLEMAN, DAERAH ISTIMEWA YOGYAKARTA 55281","ID_PROV":"34","PROVINSI":"DAERAH ISTIMEWA YOGYAKARTA","ID_KABKOT":"34.04","KABKOT":"SLEMAN","ID_KEC":"34.04.07","KECAMATAN":"DEPOK","ID_DESA":"34.04.07.2001","DESA":"CATURTUNGGAL","LONGITUDE":110.414997,"LATITUDE":-7.778009,"STATUS":"BUKA","TANGGAL PENGUMPULAN":"Q1 2024","TANGGAL UPDATE":"28/02/2025"}},{"type":"Feature","geometry":{"coordinates":[110.361736,-7.767294],"type":"Point"},"properties":{"NAMA":"KLINIK WAHYUNI","TIPE_1":"KESEHATAN DAN PENGOBATAN","TIPE_2":"KLINIK","TIPE_3":"KLINIK UMUM","TELEPON":"(0274) 7166057","ALAMAT":"JL. MAGELANG, KM. 16, MARGOREJO, KEMLOKO, 55592, ROGOYUDAN, SINDUADI, SLEMAN, KABUPATEN SLEMAN, DAERAH ISTIMEWA YOGYAKARTA 55592","ID_PROV":"34","PROVINSI":"DAERAH ISTIMEWA YOGYAKARTA","ID_KABKOT":"34.04","KABKOT":"SLEMAN","ID_KEC":"34.04.06","KECAMATAN":"MLATI","ID_DESA":"34.04.06.2001","DESA":"SINDUADI","LONGITUDE":110.361736,"LATITUDE":-7.767294,"STATUS":"BUKA","TANGGAL PENGUMPULAN":"Q1 2024","TANGGAL UPDATE":"28/02/2025"}},{"type":"Feature","geometry":{"coordinates":[110.467569,-7.771406],"type":"Point"},"properties":{"NAMA":"DR. TANDEAN ANDRE WIBOWO","TIPE_1":"KESEHATAN DAN PENGOBATAN","TIPE_2":"KLINIK","TIPE_3":"KLINIK UMUM","TELEPON":"0816-4266-070","ALAMAT":"JL. RAYA SOLO - YOGYAKARTA, KRINGINAN, TIRTOMARTANI, KEC. KALASAN, KABUPATEN SLEMAN, DAERAH ISTIMEWA YOGYAKARTA 55571","ID_PROV":"34","PROVINSI":"DAERAH ISTIMEWA YOGYAKARTA","ID_KABKOT":"34.04","KABKOT":"SLEMAN","ID_KEC":"34.04.10","KECAMATAN":"KALASAN","ID_DESA":"34.04.10.2002","DESA":"TIRTOMARTANI","LONGITUDE":110.467569,"LATITUDE":-7.771406,"STATUS":"BUKA","TANGGAL PENGUMPULAN":"Q1 2024","TANGGAL UPDATE":"28/02/2025"}},{"type":"Feature","geometry":{"coordinates":[110.4810543,-7.783125],"type":"Point"},"properties":{"NAMA":"PRAKTEK DOKTER UMUM ( DR.H.OMAR INDROYONO )","TIPE_1":"KESEHATAN DAN PENGOBATAN","TIPE_2":"KLINIK","TIPE_3":"KLINIK UMUM","TELEPON":"0813-2810-9971","ALAMAT":"JL. RAYA PIYUNGAN - PRAMBANAN NO.KM. 4, GUMUK, BOKOHARJO, KEC. PRAMBANAN, KABUPATEN SLEMAN, DAERAH ISTIMEWA YOGYAKARTA 55572","ID_PROV":"34","PROVINSI":"DAERAH ISTIMEWA YOGYAKARTA","ID_KABKOT":"34.04","KABKOT":"SLEMAN","ID_KEC":"34.04.09","KECAMATAN":"PRAMBANAN","ID_DESA":"34.04.09.2006","DESA":"BOKOHARJO","LONGITUDE":110.4810543,"LATITUDE":-7.783125,"STATUS":"BUKA","TANGGAL PENGUMPULAN":"Q1 2024","TANGGAL UPDATE":"28/02/2025"}},{"type":"Feature","geometry":{"coordinates":[110.3888684,-7.7634001],"type":"Point"},"properties":{"NAMA":"KLINIK HUSADA PROF YATI","TIPE_1":"KESEHATAN DAN PENGOBATAN","TIPE_2":"KLINIK","TIPE_3":"KLINIK UMUM","TELEPON":"","ALAMAT":"JL. SENDOK, MANGGUNG, CATURTUNGGAL, KEC. DEPOK, KABUPATEN SLEMAN, DAERAH ISTIMEWA YOGYAKARTA 55281","ID_PROV":"34","PROVINSI":"DAERAH ISTIMEWA YOGYAKARTA","ID_KABKOT":"34.04","KABKOT":"SLEMAN","ID_KEC":"34.04.07","KECAMATAN":"DEPOK","ID_DESA":"34.04.07.2001","DESA":"CATURTUNGGAL","LONGITUDE":110.3888684,"LATITUDE":-7.7634001,"STATUS":"BUKA","TANGGAL PENGUMPULAN":"Q1 2024","TANGGAL UPDATE":"28/02/2025"}},{"type":"Feature","geometry":{"coordinates":[110.4238336,-7.75237],"type":"Point"},"properties":{"NAMA":"KLINIK KURNIA","TIPE_1":"KESEHATAN DAN PENGOBATAN","TIPE_2":"KLINIK","TIPE_3":"KLINIK UMUM","TELEPON":"","ALAMAT":"JL. CINDELARAS, KRODAN, MAGUWOHARJO, KEC. DEPOK, KABUPATEN SLEMAN, DAERAH ISTIMEWA YOGYAKARTA 55281","ID_PROV":"34","PROVINSI":"DAERAH ISTIMEWA YOGYAKARTA","ID_KABKOT":"34.04","KABKOT":"SLEMAN","ID_KEC":"34.04.07","KECAMATAN":"DEPOK","ID_DESA":"34.04.07.2002","DESA":"MAGUWOHARJO","LONGITUDE":110.4238336,"LATITUDE":-7.75237,"STATUS":"BUKA","TANGGAL PENGUMPULAN":"Q1 2024","TANGGAL UPDATE":"28/02/2025"}},{"type":"Feature","geometry":{"coordinates":[110.3891885,-7.7787568],"type":"Point"},"properties":{"NAMA":"PRAKTEK DOKTER UMUM V. IDA WIDAYATI","TIPE_1":"KESEHATAN DAN PENGOBATAN","TIPE_2":"KLINIK","TIPE_3":"KLINIK UMUM","TELEPON":"(0274) 513575","ALAMAT":"JL. KOMP. COLOMBO NO.23, MRICAN, CATURTUNGGAL, KEC. DEPOK, KABUPATEN SLEMAN, DAERAH ISTIMEWA YOGYAKARTA 55281","ID_PROV":"34","PROVINSI":"DAERAH ISTIMEWA YOGYAKARTA","ID_KABKOT":"34.04","KABKOT":"SLEMAN","ID_KEC":"34.04.07","KECAMATAN":"DEPOK","ID_DESA":"34.04.07.2001","DESA":"CATURTUNGGAL","LONGITUDE":110.3891885,"LATITUDE":-7.7787568,"STATUS":"BUKA","TANGGAL PENGUMPULAN":"Q1 2024","TANGGAL UPDATE":"28/02/2025"}},{"type":"Feature","geometry":{"coordinates":[110.4107038,-7.7661569],"type":"Point"},"properties":{"NAMA":"PRAKTEK DOKTER UMUM DR. TEDDY JANONG M.KES","TIPE_1":"KESEHATAN DAN PENGOBATAN","TIPE_2":"KLINIK","TIPE_3":"KLINIK UMUM","TELEPON":"(0274) 486617","ALAMAT":"JL. SETURAN RAYA, KLEDOKAN, CATURTUNGGAL, KEC. DEPOK, KABUPATEN SLEMAN, DAERAH ISTIMEWA YOGYAKARTA 55281","ID_PROV":"34","PROVINSI":"DAERAH ISTIMEWA YOGYAKARTA","ID_KABKOT":"34.04","KABKOT":"SLEMAN","ID_KEC":"34.04.07","KECAMATAN":"DEPOK","ID_DESA":"34.04.07.2001","DESA":"CATURTUNGGAL","LONGITUDE":110.4107038,"LATITUDE":-7.7661569,"STATUS":"BUKA","TANGGAL PENGUMPULAN":"Q1 2024","TANGGAL UPDATE":"28/02/2025"}},{"type":"Feature","geometry":{"coordinates":[110.3653313,-7.6995254],"type":"Point"},"properties":{"NAMA":"DR PATIMAH HARIYATI","TIPE_1":"KESEHATAN DAN PENGOBATAN","TIPE_2":"KLINIK","TIPE_3":"KLINIK UMUM","TELEPON":"(0274) 8600040","ALAMAT":"JL. PENDOWOHARJO, KLEBEN MONCOSAN, PANDOWOHARJO, KEC. SLEMAN, KABUPATEN SLEMAN, DAERAH ISTIMEWA YOGYAKARTA 55512","ID_PROV":"34","PROVINSI":"DAERAH ISTIMEWA YOGYAKARTA","ID_KABKOT":"34.04","KABKOT":"SLEMAN","ID_KEC":"34.04.13","KECAMATAN":"SLEMAN","ID_DESA":"34.04.13.2004","DESA":"PANDOWOHARJO","LONGITUDE":110.3653313,"LATITUDE":-7.6995254,"STATUS":"BUKA","TANGGAL PENGUMPULAN":"Q1 2024","TANGGAL UPDATE":"28/02/2025"}},{"type":"Feature","geometry":{"coordinates":[110.3694386,-7.7471483],"type":"Point"},"properties":{"NAMA":"DR. ENDANG SUNARTI, M.KES","TIPE_1":"KESEHATAN DAN PENGOBATAN","TIPE_2":"KLINIK","TIPE_3":"KLINIK UMUM","TELEPON":"","ALAMAT":"JL. TEGAL MELATI NO.82, WARAS, SINDUADI, KEC. MLATI, KABUPATEN SLEMAN, DAERAH ISTIMEWA YOGYAKARTA 55284","ID_PROV":"34","PROVINSI":"DAERAH ISTIMEWA YOGYAKARTA","ID_KABKOT":"34.04","KABKOT":"SLEMAN","ID_KEC":"34.04.12","KECAMATAN":"NGAGLIK","ID_DESA":"34.04.12.2001","DESA":"SARIHARJO","LONGITUDE":110.3694386,"LATITUDE":-7.7471483,"STATUS":"BUKA","TANGGAL PENGUMPULAN":"Q1 2024","TANGGAL UPDATE":"28/02/2025"}},{"type":"Feature","geometry":{"coordinates":[110.3042442,-7.6758828],"type":"Point"},"properties":{"NAMA":"KLINIK PRATAMA FIA","TIPE_1":"KESEHATAN DAN PENGOBATAN","TIPE_2":"KLINIK","TIPE_3":"KLINIK UMUM","TELEPON":"0821-3606-3151","ALAMAT":"JL, GADINGAN, SUMBEREJO, KEC. TEMPEL, KABUPATEN SLEMAN, DAERAH ISTIMEWA YOGYAKARTA 55552","ID_PROV":"34","PROVINSI":"DAERAH ISTIMEWA YOGYAKARTA","ID_KABKOT":"34.04","KABKOT":"SLEMAN","ID_KEC":"34.04.14","KECAMATAN":"TEMPEL","ID_DESA":"34.04.14.2003","DESA":"SUMBERREJO","LONGITUDE":110.3042442,"LATITUDE":-7.6758828,"STATUS":"BUKA","TANGGAL PENGUMPULAN":"Q1 2024","TANGGAL UPDATE":"28/02/2025"}},{"type":"Feature","geometry":{"coordinates":[110.3866885,-7.6982422],"type":"Point"},"properties":{"NAMA":"DOKTER KELUARGA DR. ALEX PRASUDI M.KES","TIPE_1":"KESEHATAN DAN PENGOBATAN","TIPE_2":"KLINIK","TIPE_3":"KLINIK UMUM","TELEPON":"(0274) 4360535","ALAMAT":"PERUMAHAN PESONA PALAGAN KAV.05 GONDANG LUTUNG, DONOHARJO JALAN PALAGAN TENTARA PELAJAR JALAN GONDANG RAYA NO.KM.12,5, GONDANG LUTUNG, DONOHARJO, KEC. NGAGLIK, KABUPATEN SLEMAN, DAERAH ISTIMEWA YOGYAKARTA 55581","ID_PROV":"34","PROVINSI":"DAERAH ISTIMEWA YOGYAKARTA","ID_KABKOT":"34.04","KABKOT":"SLEMAN","ID_KEC":"34.04.12","KECAMATAN":"NGAGLIK","ID_DESA":"34.04.12.2006","DESA":"DONOHARJO","LONGITUDE":110.3866885,"LATITUDE":-7.6982422,"STATUS":"BUKA","TANGGAL PENGUMPULAN":"Q1 2024","TANGGAL UPDATE":"28/02/2025"}},{"type":"Feature","geometry":{"coordinates":[110.3417318,-7.7344302],"type":"Point"},"properties":{"NAMA":"APOTEK YUDISTIRA FARMA, DOKTER THT-BKL, DOKTER UMUM, DOKTER JIWA","TIPE_1":"KESEHATAN DAN PENGOBATAN","TIPE_2":"KLINIK","TIPE_3":"KLINIK UMUM","TELEPON":"0882-0068-92041","ALAMAT":"JL. KEBON AGUNG NO.354, AREA SAWAH, TLOGOADI, KEC. MLATI, KABUPATEN SLEMAN, DAERAH ISTIMEWA YOGYAKARTA 55286","ID_PROV":"34","PROVINSI":"DAERAH ISTIMEWA YOGYAKARTA","ID_KABKOT":"34.04","KABKOT":"SLEMAN","ID_KEC":"34.04.06","KECAMATAN":"MLATI","ID_DESA":"34.04.06.2003","DESA":"TLOGOADI","LONGITUDE":110.3417318,"LATITUDE":-7.7344302,"STATUS":"BUKA","TANGGAL PENGUMPULAN":"Q1 2024","TANGGAL UPDATE":"28/02/2025"}},{"type":"Feature","geometry":{"coordinates":[110.3994743,-7.728184],"type":"Point"},"properties":{"NAMA":"KLINIK PRATAMA CHANDRA BRATA 24 JAM","TIPE_1":"KESEHATAN DAN PENGOBATAN","TIPE_2":"KLINIK","TIPE_3":"KLINIK UMUM","TELEPON":"(0274) 882702","ALAMAT":"TAMBAKAN, SINDUHARJO, KEC. NGAGLIK, KABUPATEN SLEMAN, DAERAH ISTIMEWA YOGYAKARTA 55581","ID_PROV":"34","PROVINSI":"DAERAH ISTIMEWA YOGYAKARTA","ID_KABKOT":"34.04","KABKOT":"SLEMAN","ID_KEC":"34.04.12","KECAMATAN":"NGAGLIK","ID_DESA":"34.04.12.2003","DESA":"SINDUHARJO","LONGITUDE":110.3994743,"LATITUDE":-7.728184,"STATUS":"BUKA","TANGGAL PENGUMPULAN":"Q1 2024","TANGGAL UPDATE":"28/02/2025"}},{"type":"Feature","geometry":{"coordinates":[110.3730244,-7.7089526],"type":"Point"},"properties":{"NAMA":"KLINIK MUTIARA BUNDA","TIPE_1":"KESEHATAN DAN PENGOBATAN","TIPE_2":"KLINIK","TIPE_3":"KLINIK UMUM","TELEPON":"0858-6812-8353","ALAMAT":"JL. GRIYA TAMAN ASRI, SARAGON, PANDOWOHARJO, KEC. SLEMAN, KABUPATEN SLEMAN, DAERAH ISTIMEWA YOGYAKARTA 55512","ID_PROV":"34","PROVINSI":"DAERAH ISTIMEWA YOGYAKARTA","ID_KABKOT":"34.04","KABKOT":"SLEMAN","ID_KEC":"34.04.13","KECAMATAN":"SLEMAN","ID_DESA":"34.04.13.2004","DESA":"PANDOWOHARJO","LONGITUDE":110.3730244,"LATITUDE":-7.7089526,"STATUS":"BUKA","TANGGAL PENGUMPULAN":"Q1 2024","TANGGAL UPDATE":"28/02/2025"}},{"type":"Feature","geometry":{"coordinates":[110.3484082,-7.7713287],"type":"Point"},"properties":{"NAMA":"KLINIK DOKTER ERNAWATI","TIPE_1":"KESEHATAN DAN PENGOBATAN","TIPE_2":"KLINIK","TIPE_3":"KLINIK UMUM","TELEPON":"0812-2984-545","ALAMAT":"GRIYA ARGA PERMAI JL. WILIS Q3, KWARASAN, NOGOTIRTO, GAMPING, SLEMAN REGENCY, SPECIAL REGION OF YOGYAKARTA 55592","ID_PROV":"34","PROVINSI":"DAERAH ISTIMEWA YOGYAKARTA","ID_KABKOT":"34.04","KABKOT":"SLEMAN","ID_KEC":"34.04.01","KECAMATAN":"GAMPING","ID_DESA":"34.04.01.2004","DESA":"NOGOTIRTO","LONGITUDE":110.3484082,"LATITUDE":-7.7713287,"STATUS":"BUKA","TANGGAL PENGUMPULAN":"Q1 2024","TANGGAL UPDATE":"28/02/2025"}},{"type":"Feature","geometry":{"coordinates":[110.3190681,-7.7696439],"type":"Point"},"properties":{"NAMA":"DR. TRIANAWATI","TIPE_1":"KESEHATAN DAN PENGOBATAN","TIPE_2":"KLINIK","TIPE_3":"KLINIK UMUM","TELEPON":"","ALAMAT":"JL. CEBONGAN, AREA SAWAH, SIDOMOYO, KEC. GODEAN, KABUPATEN SLEMAN, DAERAH ISTIMEWA YOGYAKARTA 55264","ID_PROV":"34","PROVINSI":"DAERAH ISTIMEWA YOGYAKARTA","ID_KABKOT":"34.04","KABKOT":"SLEMAN","ID_KEC":"34.04.02","KECAMATAN":"GODEAN","ID_DESA":"34.04.02.2007","DESA":"SIDOMOYO","LONGITUDE":110.3190681,"LATITUDE":-7.7696439,"STATUS":"BUKA","TANGGAL PENGUMPULAN":"Q1 2024","TANGGAL UPDATE":"28/02/2025"}},{"type":"Feature","geometry":{"coordinates":[110.4009725,-7.7816384],"type":"Point"},"properties":{"NAMA":"PROF DR DR RUSDI LAMSUDIN, SPSK MMED SC","TIPE_1":"KESEHATAN DAN PENGOBATAN","TIPE_2":"KLINIK","TIPE_3":"KLINIK UMUM","TELEPON":"(0274) 563331","ALAMAT":"JL. PETUNG NO. 1A CATUR TUNGGAL DEPOK SLEMAN DAERAH ISTIMEWA YOGYAKARTA, AMBARUKMO, CATURTUNGGAL, KEC. DEPOK, KABUPATEN SLEMAN, DAERAH ISTIMEWA YOGYAKARTA 55281","ID_PROV":"34","PROVINSI":"DAERAH ISTIMEWA YOGYAKARTA","ID_KABKOT":"34.04","KABKOT":"SLEMAN","ID_KEC":"34.04.07","KECAMATAN":"DEPOK","ID_DESA":"34.04.07.2001","DESA":"CATURTUNGGAL","LONGITUDE":110.4009725,"LATITUDE":-7.7816384,"STATUS":"BUKA","TANGGAL PENGUMPULAN":"Q1 2024","TANGGAL UPDATE":"28/02/2025"}},{"type":"Feature","geometry":{"coordinates":[110.3801936,-7.7558519],"type":"Point"},"properties":{"NAMA":"KLINIK PRATAMA MARGA HUSADA","TIPE_1":"KESEHATAN DAN PENGOBATAN","TIPE_2":"KLINIK","TIPE_3":"KLINIK UMUM","TELEPON":"","ALAMAT":"JL. KALIURANG KM. 5,6 PANDEGA BHAKTI 20A, MANGGUNG, CATURTUNGGAL, DEPOK, SLEMAN REGENCY, SPECIAL REGION OF YOGYAKARTA 55281","ID_PROV":"34","PROVINSI":"DAERAH ISTIMEWA YOGYAKARTA","ID_KABKOT":"34.04","KABKOT":"SLEMAN","ID_KEC":"34.04.07","KECAMATAN":"DEPOK","ID_DESA":"34.04.07.2001","DESA":"CATURTUNGGAL","LONGITUDE":110.3801936,"LATITUDE":-7.7558519,"STATUS":"BUKA","TANGGAL PENGUMPULAN":"Q1 2024","TANGGAL UPDATE":"28/02/2025"}},{"type":"Feature","geometry":{"coordinates":[110.3968534,-7.7572894],"type":"Point"},"properties":{"NAMA":"KLINIK NYAWIJI CONDONGCATUR","TIPE_1":"KESEHATAN DAN PENGOBATAN","TIPE_2":"KLINIK","TIPE_3":"KLINIK UMUM","TELEPON":"","ALAMAT":"JL. ANGGAJAYA 2, SANGGRAHAN, CONDONGCATUR, KEC. DEPOK, KABUPATEN SLEMAN, DAERAH ISTIMEWA YOGYAKARTA 55283","ID_PROV":"34","PROVINSI":"DAERAH ISTIMEWA YOGYAKARTA","ID_KABKOT":"34.04","KABKOT":"SLEMAN","ID_KEC":"34.04.07","KECAMATAN":"DEPOK","ID_DESA":"34.04.07.2003","DESA":"CONDONGCATUR","LONGITUDE":110.3968534,"LATITUDE":-7.7572894,"STATUS":"BUKA","TANGGAL PENGUMPULAN":"Q1 2024","TANGGAL UPDATE":"28/02/2025"}},{"type":"Feature","geometry":{"coordinates":[110.3985327,-7.7411532],"type":"Point"},"properties":{"NAMA":"PRAKTEK DOKTER UMUM (NYIUR HIJAU)","TIPE_1":"KESEHATAN DAN PENGOBATAN","TIPE_2":"KLINIK","TIPE_3":"KLINIK UMUM","TELEPON":"0881-0264-76205","ALAMAT":"DAERAH ISTIMEWA, JL. ASMORONDONO NO.8, MANUKAN, CONDONGCATUR, KEC. DEPOK, KABUPATEN SLEMAN, DAERAH ISTIMEWA YOGYAKARTA 55281","ID_PROV":"34","PROVINSI":"DAERAH ISTIMEWA YOGYAKARTA","ID_KABKOT":"34.04","KABKOT":"SLEMAN","ID_KEC":"34.04.07","KECAMATAN":"DEPOK","ID_DESA":"34.04.07.2003","DESA":"CONDONGCATUR","LONGITUDE":110.3985327,"LATITUDE":-7.7411532,"STATUS":"BUKA","TANGGAL PENGUMPULAN":"Q1 2024","TANGGAL UPDATE":"28/02/2025"}},{"type":"Feature","geometry":{"coordinates":[110.3997579,-7.7517136],"type":"Point"},"properties":{"NAMA":"KLINIK BEDREK","TIPE_1":"KESEHATAN DAN PENGOBATAN","TIPE_2":"KLINIK","TIPE_3":"KLINIK UMUM","TELEPON":"","ALAMAT":"JL. BEDREK NO.47E, SANGGRAHAN, CONDONGCATUR, KEC. DEPOK, KABUPATEN SLEMAN, DAERAH ISTIMEWA YOGYAKARTA 55281","ID_PROV":"34","PROVINSI":"DAERAH ISTIMEWA YOGYAKARTA","ID_KABKOT":"34.04","KABKOT":"SLEMAN","ID_KEC":"34.04.07","KECAMATAN":"DEPOK","ID_DESA":"34.04.07.2003","DESA":"CONDONGCATUR","LONGITUDE":110.3997579,"LATITUDE":-7.7517136,"STATUS":"BUKA","TANGGAL PENGUMPULAN":"Q1 2024","TANGGAL UPDATE":"28/02/2025"}},{"type":"Feature","geometry":{"coordinates":[110.3881735,-7.7334593],"type":"Point"},"properties":{"NAMA":"DR. MIRA ASTUTI","TIPE_1":"KESEHATAN DAN PENGOBATAN","TIPE_2":"KLINIK","TIPE_3":"KLINIK UMUM","TELEPON":"(0274) 9567231","ALAMAT":"JL. DAMAI NO.98, BANTENG, SINDUHARJO, KEC. NGAGLIK, KABUPATEN SLEMAN, DAERAH ISTIMEWA YOGYAKARTA 55581","ID_PROV":"34","PROVINSI":"DAERAH ISTIMEWA YOGYAKARTA","ID_KABKOT":"34.04","KABKOT":"SLEMAN","ID_KEC":"34.04.12","KECAMATAN":"NGAGLIK","ID_DESA":"34.04.12.2003","DESA":"SINDUHARJO","LONGITUDE":110.3881735,"LATITUDE":-7.7334593,"STATUS":"BUKA","TANGGAL PENGUMPULAN":"Q1 2024","TANGGAL UPDATE":"28/02/2025"}},{"type":"Feature","geometry":{"coordinates":[110.4076808,-7.7592706],"type":"Point"},"properties":{"NAMA":"DR KHAIRINA H","TIPE_1":"KESEHATAN DAN PENGOBATAN","TIPE_2":"KLINIK","TIPE_3":"KLINIK UMUM","TELEPON":"(0274) 882619","ALAMAT":"JL. NUSA INDAH, NGRINGIN, CONDONGCATUR, KEC. DEPOK, KABUPATEN SLEMAN, DAERAH ISTIMEWA YOGYAKARTA 55281","ID_PROV":"34","PROVINSI":"DAERAH ISTIMEWA YOGYAKARTA","ID_KABKOT":"34.04","KABKOT":"SLEMAN","ID_KEC":"34.04.07","KECAMATAN":"DEPOK","ID_DESA":"34.04.07.2003","DESA":"CONDONGCATUR","LONGITUDE":110.4076808,"LATITUDE":-7.7592706,"STATUS":"BUKA","TANGGAL PENGUMPULAN":"Q1 2024","TANGGAL UPDATE":"28/02/2025"}},{"type":"Feature","geometry":{"coordinates":[110.3692596,-7.7650325],"type":"Point"},"properties":{"NAMA":"DOC.O MEDIKA (DOKTER SPESIALIS THT DAN ANAK)","TIPE_1":"KESEHATAN DAN PENGOBATAN","TIPE_2":"KLINIK","TIPE_3":"KLINIK UMUM","TELEPON":"0821-3779-8795","ALAMAT":"MONJALI ST NO.143A, KUTU DUKUH, SINDUADI, MLATI, SLEMAN REGENCY, SPECIAL REGION OF YOGYAKARTA 55284","ID_PROV":"34","PROVINSI":"DAERAH ISTIMEWA YOGYAKARTA","ID_KABKOT":"34.04","KABKOT":"SLEMAN","ID_KEC":"34.04.06","KECAMATAN":"MLATI","ID_DESA":"34.04.06.2001","DESA":"SINDUADI","LONGITUDE":110.3692596,"LATITUDE":-7.7650325,"STATUS":"BUKA","TANGGAL PENGUMPULAN":"Q1 2024","TANGGAL UPDATE":"28/02/2025"}},{"type":"Feature","geometry":{"coordinates":[110.3823333,-7.7668303],"type":"Point"},"properties":{"NAMA":"KLINIK KORPAGAMA UGM","TIPE_1":"KESEHATAN DAN PENGOBATAN","TIPE_2":"KLINIK","TIPE_3":"KLINIK UMUM","TELEPON":"(0274) 544899","ALAMAT":"JL. AGRO NO.38C, KOCORAN, CATURTUNGGAL, KEC. DEPOK, KABUPATEN SLEMAN, DAERAH ISTIMEWA YOGYAKARTA 55281","ID_PROV":"34","PROVINSI":"DAERAH ISTIMEWA YOGYAKARTA","ID_KABKOT":"34.04","KABKOT":"SLEMAN","ID_KEC":"34.04.07","KECAMATAN":"DEPOK","ID_DESA":"34.04.07.2001","DESA":"CATURTUNGGAL","LONGITUDE":110.3823333,"LATITUDE":-7.7668303,"STATUS":"BUKA","TANGGAL PENGUMPULAN":"Q1 2024","TANGGAL UPDATE":"28/02/2025"}},{"type":"Feature","geometry":{"coordinates":[110.3920222,-7.7543278],"type":"Point"},"properties":{"NAMA":"KLINIK ASTER","TIPE_1":"KESEHATAN DAN PENGOBATAN","TIPE_2":"KLINIK","TIPE_3":"KLINIK UMUM","TELEPON":"","ALAMAT":"JL. ASTER 2 NO.19, KENTUNGAN, CONDONGCATUR, KEC. DEPOK, KABUPATEN SLEMAN, DAERAH ISTIMEWA YOGYAKARTA 55281","ID_PROV":"34","PROVINSI":"DAERAH ISTIMEWA YOGYAKARTA","ID_KABKOT":"34.04","KABKOT":"SLEMAN","ID_KEC":"34.04.07","KECAMATAN":"DEPOK","ID_DESA":"34.04.07.2003","DESA":"CONDONGCATUR","LONGITUDE":110.3920222,"LATITUDE":-7.7543278,"STATUS":"BUKA","TANGGAL PENGUMPULAN":"Q1 2024","TANGGAL UPDATE":"28/02/2025"}},{"type":"Feature","geometry":{"coordinates":[110.3897446,-7.7489017],"type":"Point"},"properties":{"NAMA":"KLINIK SUMBER WARAS","TIPE_1":"KESEHATAN DAN PENGOBATAN","TIPE_2":"KLINIK","TIPE_3":"KLINIK UMUM","TELEPON":"0813-2800-5090","ALAMAT":"GG. CENDANA NO.2, KENTUNGAN, CONDONGCATUR, KEC. DEPOK, KABUPATEN SLEMAN, DAERAH ISTIMEWA YOGYAKARTA 55281","ID_PROV":"34","PROVINSI":"DAERAH ISTIMEWA YOGYAKARTA","ID_KABKOT":"34.04","KABKOT":"SLEMAN","ID_KEC":"34.04.07","KECAMATAN":"DEPOK","ID_DESA":"34.04.07.2003","DESA":"CONDONGCATUR","LONGITUDE":110.3897446,"LATITUDE":-7.7489017,"STATUS":"BUKA","TANGGAL PENGUMPULAN":"Q1 2024","TANGGAL UPDATE":"28/02/2025"}},{"type":"Feature","geometry":{"coordinates":[110.4321671,-7.7670239],"type":"Point"},"properties":{"NAMA":"KLINIK","TIPE_1":"KESEHATAN DAN PENGOBATAN","TIPE_2":"KLINIK","TIPE_3":"KLINIK UMUM","TELEPON":"","ALAMAT":"MEGUWO, MAGUWOHARJO, DEPOK, SLEMAN REGENCY, SPECIAL REGION OF YOGYAKARTA 55281","ID_PROV":"34","PROVINSI":"DAERAH ISTIMEWA YOGYAKARTA","ID_KABKOT":"34.04","KABKOT":"SLEMAN","ID_KEC":"34.04.07","KECAMATAN":"DEPOK","ID_DESA":"34.04.07.2002","DESA":"MAGUWOHARJO","LONGITUDE":110.4321671,"LATITUDE":-7.7670239,"STATUS":"BUKA","TANGGAL PENGUMPULAN":"Q1 2024","TANGGAL UPDATE":"28/02/2025"}},{"type":"Feature","geometry":{"coordinates":[110.3914776,-7.7411882],"type":"Point"},"properties":{"NAMA":"DR. NINDYA","TIPE_1":"KESEHATAN DAN PENGOBATAN","TIPE_2":"KLINIK","TIPE_3":"KLINIK UMUM","TELEPON":"","ALAMAT":"JL. KALIURANG NO.81, NGABEAN KULON, SINDUHARJO, KEC. NGAGLIK, KABUPATEN SLEMAN, DAERAH ISTIMEWA YOGYAKARTA 55581","ID_PROV":"34","PROVINSI":"DAERAH ISTIMEWA YOGYAKARTA","ID_KABKOT":"34.04","KABKOT":"SLEMAN","ID_KEC":"34.04.12","KECAMATAN":"NGAGLIK","ID_DESA":"34.04.12.2003","DESA":"SINDUHARJO","LONGITUDE":110.3914776,"LATITUDE":-7.7411882,"STATUS":"BUKA","TANGGAL PENGUMPULAN":"Q1 2024","TANGGAL UPDATE":"28/02/2025"}},{"type":"Feature","geometry":{"coordinates":[110.3932997,-7.7465798],"type":"Point"},"properties":{"NAMA":"BALAI PENGOBATAN MAHARANI DAN PRAKTEK DOKTER","TIPE_1":"KESEHATAN DAN PENGOBATAN","TIPE_2":"KLINIK","TIPE_3":"KLINIK UMUM","TELEPON":"","ALAMAT":"JL. SENGKAN NO.22, JOHO, CONDONGCATUR, KEC. DEPOK, KABUPATEN SLEMAN, DAERAH ISTIMEWA YOGYAKARTA 55283","ID_PROV":"34","PROVINSI":"DAERAH ISTIMEWA YOGYAKARTA","ID_KABKOT":"34.04","KABKOT":"SLEMAN","ID_KEC":"34.04.07","KECAMATAN":"DEPOK","ID_DESA":"34.04.07.2003","DESA":"CONDONGCATUR","LONGITUDE":110.3932997,"LATITUDE":-7.7465798,"STATUS":"BUKA","TANGGAL PENGUMPULAN":"Q1 2024","TANGGAL UPDATE":"28/02/2025"}},{"type":"Feature","geometry":{"coordinates":[110.4086733,-7.7703406],"type":"Point"},"properties":{"NAMA":"PRAKTEK DR. MIRDZA","TIPE_1":"KESEHATAN DAN PENGOBATAN","TIPE_2":"KLINIK","TIPE_3":"KLINIK UMUM","TELEPON":"0882-2954-8706","ALAMAT":"KLEDOKAN, CATURTUNGGAL, KEC. DEPOK, KABUPATEN SLEMAN, DAERAH ISTIMEWA YOGYAKARTA 55281","ID_PROV":"34","PROVINSI":"DAERAH ISTIMEWA YOGYAKARTA","ID_KABKOT":"34.04","KABKOT":"SLEMAN","ID_KEC":"34.04.07","KECAMATAN":"DEPOK","ID_DESA":"34.04.07.2001","DESA":"CATURTUNGGAL","LONGITUDE":110.4086733,"LATITUDE":-7.7703406,"STATUS":"BUKA","TANGGAL PENGUMPULAN":"Q1 2024","TANGGAL UPDATE":"28/02/2025"}},{"type":"Feature","geometry":{"coordinates":[110.397985,-7.7581438],"type":"Point"},"properties":{"NAMA":"KLINIK NASIONAL","TIPE_1":"KESEHATAN DAN PENGOBATAN","TIPE_2":"KLINIK","TIPE_3":"KLINIK UMUM","TELEPON":"","ALAMAT":"JL. NASIONAL 15 NO.15-16, SANGGRAHAN, CONDONGCATUR, KEC. DEPOK, KABUPATEN SLEMAN, DAERAH ISTIMEWA YOGYAKARTA 55281","ID_PROV":"34","PROVINSI":"DAERAH ISTIMEWA YOGYAKARTA","ID_KABKOT":"34.04","KABKOT":"SLEMAN","ID_KEC":"34.04.07","KECAMATAN":"DEPOK","ID_DESA":"34.04.07.2003","DESA":"CONDONGCATUR","LONGITUDE":110.397985,"LATITUDE":-7.7581438,"STATUS":"BUKA","TANGGAL PENGUMPULAN":"Q1 2024","TANGGAL UPDATE":"28/02/2025"}},{"type":"Feature","geometry":{"coordinates":[110.4076071,-7.7631427],"type":"Point"},"properties":{"NAMA":"KLINIK PRATAMA UPN \"VETERAN\"","TIPE_1":"KESEHATAN DAN PENGOBATAN","TIPE_2":"KLINIK","TIPE_3":"KLINIK UMUM","TELEPON":"","ALAMAT":"JL. PINTU SELATAN UPN GORONGAN, NGROPOH, CONDONGCATUR, KEC. DEPOK, KABUPATEN SLEMAN, DAERAH ISTIMEWA YOGYAKARTA 55283","ID_PROV":"34","PROVINSI":"DAERAH ISTIMEWA YOGYAKARTA","ID_KABKOT":"34.04","KABKOT":"SLEMAN","ID_KEC":"34.04.07","KECAMATAN":"DEPOK","ID_DESA":"34.04.07.2003","DESA":"CONDONGCATUR","LONGITUDE":110.4076071,"LATITUDE":-7.7631427,"STATUS":"BUKA","TANGGAL PENGUMPULAN":"Q1 2024","TANGGAL UPDATE":"28/02/2025"}},{"type":"Feature","geometry":{"coordinates":[110.4033494,-7.7838559],"type":"Point"},"properties":{"NAMA":"KLINIK CIPI","TIPE_1":"KESEHATAN DAN PENGOBATAN","TIPE_2":"KLINIK","TIPE_3":"KLINIK UMUM","TELEPON":"(0274) 489550","ALAMAT":"KOMPLEK POLRI GOWOK BLOK F III NO. 68, JL. NOGOPURO, CATURTUNGGAL DEPOK SLEMAN, 55281, AMBARUKMO, CATURTUNGGAL, KEC. DEPOK, KABUPATEN SLEMAN, DAERAH ISTIMEWA YOGYAKARTA 55281","ID_PROV":"34","PROVINSI":"DAERAH ISTIMEWA YOGYAKARTA","ID_KABKOT":"34.04","KABKOT":"SLEMAN","ID_KEC":"34.04.07","KECAMATAN":"DEPOK","ID_DESA":"34.04.07.2001","DESA":"CATURTUNGGAL","LONGITUDE":110.4033494,"LATITUDE":-7.7838559,"STATUS":"BUKA","TANGGAL PENGUMPULAN":"Q1 2024","TANGGAL UPDATE":"28/02/2025"}},{"type":"Feature","geometry":{"coordinates":[110.407157,-7.743922],"type":"Point"},"properties":{"NAMA":"PRAKTEK PRIBADI DR. M. FAIZULLAH","TIPE_1":"KESEHATAN DAN PENGOBATAN","TIPE_2":"KLINIK","TIPE_3":"KLINIK UMUM","TELEPON":"0813-9148-0821","ALAMAT":"APOTEK ANEKA SYIFA, JL. PONDOK RAYA, MLADANGAN, MINOMARTANI, KEC. NGAGLIK, KABUPATEN SLEMAN, DAERAH ISTIMEWA YOGYAKARTA 55581","ID_PROV":"34","PROVINSI":"DAERAH ISTIMEWA YOGYAKARTA","ID_KABKOT":"34.04","KABKOT":"SLEMAN","ID_KEC":"34.04.12","KECAMATAN":"NGAGLIK","ID_DESA":"34.04.12.2002","DESA":"MINOMARTANI","LONGITUDE":110.407157,"LATITUDE":-7.743922,"STATUS":"BUKA","TANGGAL PENGUMPULAN":"Q1 2024","TANGGAL UPDATE":"28/02/2025"}},{"type":"Feature","geometry":{"coordinates":[110.287066,-7.765552],"type":"Point"},"properties":{"NAMA":"DR. MITA PRANA MARWATININGRUM, SP. OG.","TIPE_1":"KESEHATAN DAN PENGOBATAN","TIPE_2":"KLINIK","TIPE_3":"KLINIK UMUM","TELEPON":"0838-4050-9099","ALAMAT":"KLINIK FAMILIA, JL. NGAPAK - KENTHENG NO.11, AREA SAWAH, SIDOLUHUR, KEC. GODEAN, KABUPATEN SLEMAN, DAERAH ISTIMEWA YOGYAKARTA 55264","ID_PROV":"34","PROVINSI":"DAERAH ISTIMEWA YOGYAKARTA","ID_KABKOT":"34.04","KABKOT":"SLEMAN","ID_KEC":"34.04.02","KECAMATAN":"GODEAN","ID_DESA":"34.04.02.2002","DESA":"SIDOLUHUR","LONGITUDE":110.287066,"LATITUDE":-7.765552,"STATUS":"BUKA","TANGGAL PENGUMPULAN":"Q1 2024","TANGGAL UPDATE":"28/02/2025"}},{"type":"Feature","geometry":{"coordinates":[110.286998,-7.765507],"type":"Point"},"properties":{"NAMA":"DR. MITTA PRANA M, SP. OG","TIPE_1":"KESEHATAN DAN PENGOBATAN","TIPE_2":"KLINIK","TIPE_3":"KLINIK UMUM","TELEPON":"0838-4050-9099","ALAMAT":"KLINIK FAMILIA, JL. NGAPAK - KENTHENG NO.11, AREA SAWAH, SIDOLUHUR, KEC. GODEAN, KABUPATEN SLEMAN, DAERAH ISTIMEWA YOGYAKARTA 55264","ID_PROV":"34","PROVINSI":"DAERAH ISTIMEWA YOGYAKARTA","ID_KABKOT":"34.04","KABKOT":"SLEMAN","ID_KEC":"34.04.02","KECAMATAN":"GODEAN","ID_DESA":"34.04.02.2002","DESA":"SIDOLUHUR","LONGITUDE":110.286998,"LATITUDE":-7.765507,"STATUS":"BUKA","TANGGAL PENGUMPULAN":"Q1 2024","TANGGAL UPDATE":"28/02/2025"}},{"type":"Feature","geometry":{"coordinates":[110.3202755,-7.7557638],"type":"Point"},"properties":{"NAMA":"KLINIK DOKTER HEWAN HARJANTO","TIPE_1":"KESEHATAN DAN PENGOBATAN","TIPE_2":"KLINIK","TIPE_3":"KLINIK UMUM","TELEPON":"","ALAMAT":"JL. SIDOMOYO NO.310, AREA SAWAH, SIDOMOYO, GODEAN, SLEMAN REGENCY, SPECIAL REGION OF YOGYAKARTA 55264","ID_PROV":"34","PROVINSI":"DAERAH ISTIMEWA YOGYAKARTA","ID_KABKOT":"34.04","KABKOT":"SLEMAN","ID_KEC":"34.04.02","KECAMATAN":"GODEAN","ID_DESA":"34.04.02.2007","DESA":"SIDOMOYO","LONGITUDE":110.3202755,"LATITUDE":-7.7557638,"STATUS":"BUKA","TANGGAL PENGUMPULAN":"Q1 2024","TANGGAL UPDATE":"28/02/2025"}},{"type":"Feature","geometry":{"coordinates":[110.2916186,-7.7664997],"type":"Point"},"properties":{"NAMA":"PRAKTEK DOKTER SPESIALIS ANAK DAN THT(DR. ZUHIRDA, SP.A, DR. YUSUF, SP.THT-KL","TIPE_1":"KESEHATAN DAN PENGOBATAN","TIPE_2":"KLINIK","TIPE_3":"KLINIK ANAK","TELEPON":"0882-2721-8177","ALAMAT":"JL. NGAPAK - KENTHENG NO.KM 10, GODEAN, TIMUR PASAR, KEC. GODEAN, KABUPATEN SLEMAN, DAERAH ISTIMEWA YOGYAKARTA 55624","ID_PROV":"34","PROVINSI":"DAERAH ISTIMEWA YOGYAKARTA","ID_KABKOT":"34.04","KABKOT":"SLEMAN","ID_KEC":"34.04.02","KECAMATAN":"GODEAN","ID_DESA":"34.04.02.2004","DESA":"SIDOAGUNG","LONGITUDE":110.2916186,"LATITUDE":-7.7664997,"STATUS":"BUKA","TANGGAL PENGUMPULAN":"Q1 2024","TANGGAL UPDATE":"28/02/2025"}},{"type":"Feature","geometry":{"coordinates":[110.3236554,-7.7760063],"type":"Point"},"properties":{"NAMA":"KLINIK SPESIALIS ANAK DR. SRI AMINAH","TIPE_1":"KESEHATAN DAN PENGOBATAN","TIPE_2":"KLINIK","TIPE_3":"KLINIK ANAK","TELEPON":"0895-3634-91060","ALAMAT":"JL. TETUKO NO.10, COKRO GEDOK, SIDOARUM, KEC. GODEAN, KABUPATEN SLEMAN, DAERAH ISTIMEWA YOGYAKARTA 55264","ID_PROV":"34","PROVINSI":"DAERAH ISTIMEWA YOGYAKARTA","ID_KABKOT":"34.04","KABKOT":"SLEMAN","ID_KEC":"34.04.02","KECAMATAN":"GODEAN","ID_DESA":"34.04.02.2006","DESA":"SIDOARUM","LONGITUDE":110.3236554,"LATITUDE":-7.7760063,"STATUS":"BUKA","TANGGAL PENGUMPULAN":"Q1 2024","TANGGAL UPDATE":"28/02/2025"}},{"type":"Feature","geometry":{"coordinates":[110.3745918,-7.7468823],"type":"Point"},"properties":{"NAMA":"KLINIK DOKTER SPESIALIS ANAK","TIPE_1":"KESEHATAN DAN PENGOBATAN","TIPE_2":"KLINIK","TIPE_3":"KLINIK ANAK","TELEPON":"","ALAMAT":"JOGJESS RESIDENCE A3, JL LEMPONG SARI JONGKANG BARU RT.09/RW.37, JONGKANG, SARIHARJO, KEC. NGAGLIK, KABUPATEN SLEMAN, DAERAH ISTIMEWA YOGYAKARTA 55581","ID_PROV":"34","PROVINSI":"DAERAH ISTIMEWA YOGYAKARTA","ID_KABKOT":"34.04","KABKOT":"SLEMAN","ID_KEC":"34.04.12","KECAMATAN":"NGAGLIK","ID_DESA":"34.04.12.2001","DESA":"SARIHARJO","LONGITUDE":110.3745918,"LATITUDE":-7.7468823,"STATUS":"BUKA","TANGGAL PENGUMPULAN":"Q1 2024","TANGGAL UPDATE":"28/02/2025"}},{"type":"Feature","geometry":{"coordinates":[110.403447,-7.7316682],"type":"Point"},"properties":{"NAMA":"CALLINGSTAR CHILD DEVELOPMENT CENTER JOGJA","TIPE_1":"KESEHATAN DAN PENGOBATAN","TIPE_2":"KLINIK","TIPE_3":"KLINIK ANAK","TELEPON":"0813-9350-7385","ALAMAT":"JL. PLOSOKUNING RAYA, GRAHAYASA KALIURANG KAV A3, GANTALAN, MINOMARTANI, KEC. NGAGLIK, KABUPATEN SLEMAN, DAERAH ISTIMEWA YOGYAKARTA 55581","ID_PROV":"34","PROVINSI":"DAERAH ISTIMEWA YOGYAKARTA","ID_KABKOT":"34.04","KABKOT":"SLEMAN","ID_KEC":"34.04.12","KECAMATAN":"NGAGLIK","ID_DESA":"34.04.12.2002","DESA":"MINOMARTANI","LONGITUDE":110.403447,"LATITUDE":-7.7316682,"STATUS":"BUKA","TANGGAL PENGUMPULAN":"Q1 2024","TANGGAL UPDATE":"28/02/2025"}},{"type":"Feature","geometry":{"coordinates":[110.3725804,-7.7678538],"type":"Point"},"properties":{"NAMA":"POLIKLINIK TUMBUH KEMBANG - INSTALASI KESEHATAN ANAK","TIPE_1":"KESEHATAN DAN PENGOBATAN","TIPE_2":"KLINIK","TIPE_3":"KLINIK ANAK","TELEPON":"","ALAMAT":"RSUP DR.SARDJITO JL. KESEHATAN NO.1, SENDOWO, SINDUADI, MLATI, SLEMAN REGENCY, SPECIAL REGION OF YOGYAKARTA 55281","ID_PROV":"34","PROVINSI":"DAERAH ISTIMEWA YOGYAKARTA","ID_KABKOT":"34.04","KABKOT":"SLEMAN","ID_KEC":"34.04.06","KECAMATAN":"MLATI","ID_DESA":"34.04.06.2001","DESA":"SINDUADI","LONGITUDE":110.3725804,"LATITUDE":-7.7678538,"STATUS":"BUKA","TANGGAL PENGUMPULAN":"Q1 2024","TANGGAL UPDATE":"28/02/2025"}},{"type":"Feature","geometry":{"coordinates":[110.3746011,-7.7467727],"type":"Point"},"properties":{"NAMA":"DR. NUR LAILI MUZAYYANAH SP.A, M.SC","TIPE_1":"KESEHATAN DAN PENGOBATAN","TIPE_2":"KLINIK","TIPE_3":"KLINIK ANAK","TELEPON":"","ALAMAT":"JONGKANG, SARIHARJO, KEC. NGAGLIK, KABUPATEN SLEMAN, DAERAH ISTIMEWA YOGYAKARTA 55581","ID_PROV":"34","PROVINSI":"DAERAH ISTIMEWA YOGYAKARTA","ID_KABKOT":"34.04","KABKOT":"SLEMAN","ID_KEC":"34.04.12","KECAMATAN":"NGAGLIK","ID_DESA":"34.04.12.2001","DESA":"SARIHARJO","LONGITUDE":110.3746011,"LATITUDE":-7.7467727,"STATUS":"BUKA","TANGGAL PENGUMPULAN":"Q1 2024","TANGGAL UPDATE":"28/02/2025"}},{"type":"Feature","geometry":{"coordinates":[110.4035643,-7.7575588],"type":"Point"},"properties":{"NAMA":"POLI ANAK JIH","TIPE_1":"KESEHATAN DAN PENGOBATAN","TIPE_2":"KLINIK","TIPE_3":"KLINIK ANAK","TELEPON":"","ALAMAT":"PERUMNAS CONDONG CATUR, CONDONGCATUR, KEC. DEPOK, KABUPATEN SLEMAN, DAERAH ISTIMEWA YOGYAKARTA 55281","ID_PROV":"34","PROVINSI":"DAERAH ISTIMEWA YOGYAKARTA","ID_KABKOT":"34.04","KABKOT":"SLEMAN","ID_KEC":"34.04.07","KECAMATAN":"DEPOK","ID_DESA":"34.04.07.2003","DESA":"CONDONGCATUR","LONGITUDE":110.4035643,"LATITUDE":-7.7575588,"STATUS":"BUKA","TANGGAL PENGUMPULAN":"Q1 2024","TANGGAL UPDATE":"28/02/2025"}},{"type":"Feature","geometry":{"coordinates":[110.3591904,-7.6770267],"type":"Point"},"properties":{"NAMA":"DEA DIA CDC","TIPE_1":"KESEHATAN DAN PENGOBATAN","TIPE_2":"KLINIK","TIPE_3":"KLINIK ANAK","TELEPON":"0812-3420-3724","ALAMAT":"JL. SALAK JL. TURI, RT.01/RW.03, KLEGEN / POLOWIDI, TRIMULYO, SLEMAN, SLEMAN REGENCY, SPECIAL REGION OF YOGYAKARTA 55513","ID_PROV":"34","PROVINSI":"DAERAH ISTIMEWA YOGYAKARTA","ID_KABKOT":"34.04","KABKOT":"SLEMAN","ID_KEC":"34.04.13","KECAMATAN":"SLEMAN","ID_DESA":"34.04.13.2005","DESA":"TRIMULYO","LONGITUDE":110.3591904,"LATITUDE":-7.6770267,"STATUS":"BUKA","TANGGAL PENGUMPULAN":"Q1 2024","TANGGAL UPDATE":"28/02/2025"}},{"type":"Feature","geometry":{"coordinates":[110.456366,-7.7610297],"type":"Point"},"properties":{"NAMA":"HOME CARE, MOM N BABY, YOGYAKARTA","TIPE_1":"KESEHATAN DAN PENGOBATAN","TIPE_2":"KLINIK","TIPE_3":"KLINIK ANAK","TELEPON":"0881-2785-505","ALAMAT":"TEMANGGAL 2, K, RT.002/RW.001, PURWOMARTANI, KEC. KALASAN, KABUPATEN SLEMAN, DAERAH ISTIMEWA YOGYAKARTA 55571","ID_PROV":"34","PROVINSI":"DAERAH ISTIMEWA YOGYAKARTA","ID_KABKOT":"34.04","KABKOT":"SLEMAN","ID_KEC":"34.04.10","KECAMATAN":"KALASAN","ID_DESA":"34.04.10.2001","DESA":"PURWOMARTANI","LONGITUDE":110.456366,"LATITUDE":-7.7610297,"STATUS":"BUKA","TANGGAL PENGUMPULAN":"Q1 2024","TANGGAL UPDATE":"28/02/2025"}},{"type":"Feature","geometry":{"coordinates":[110.4354375,-7.7224375],"type":"Point"},"properties":{"NAMA":"ONE HEALTH CENTER PUSAT TERAPI ANAK YOGYAKARTA","TIPE_1":"KESEHATAN DAN PENGOBATAN","TIPE_2":"KLINIK","TIPE_3":"KLINIK ANAK","TELEPON":"0811-2658-053","ALAMAT":"BABADAN, WEDOMARTANI, KEC. NGEMPLAK, KABUPATEN SLEMAN, DAERAH ISTIMEWA YOGYAKARTA 55584","ID_PROV":"34","PROVINSI":"DAERAH ISTIMEWA YOGYAKARTA","ID_KABKOT":"34.04","KABKOT":"SLEMAN","ID_KEC":"34.04.11","KECAMATAN":"NGEMPLAK","ID_DESA":"34.04.11.2004","DESA":"WEDOMARTANI","LONGITUDE":110.4354375,"LATITUDE":-7.7224375,"STATUS":"BUKA","TANGGAL PENGUMPULAN":"Q1 2024","TANGGAL UPDATE":"28/02/2025"}},{"type":"Feature","geometry":{"coordinates":[110.356065,-7.745617],"type":"Point"},"properties":{"NAMA":"YAMET CHILD DEVELOPMENT CENTER","TIPE_1":"KESEHATAN DAN PENGOBATAN","TIPE_2":"KLINIK","TIPE_3":"KLINIK ANAK","TELEPON":"0822-2550-3447","ALAMAT":"JL. KEBON AGUNG NO.101, MLATI KRAJAN, SENDANGADI, KEC. MLATI, KABUPATEN SLEMAN, DAERAH ISTIMEWA YOGYAKARTA 55285","ID_PROV":"34","PROVINSI":"DAERAH ISTIMEWA YOGYAKARTA","ID_KABKOT":"34.04","KABKOT":"SLEMAN","ID_KEC":"34.04.06","KECAMATAN":"MLATI","ID_DESA":"34.04.06.2002","DESA":"SENDANGADI","LONGITUDE":110.356065,"LATITUDE":-7.745617,"STATUS":"BUKA","TANGGAL PENGUMPULAN":"Q1 2024","TANGGAL UPDATE":"28/02/2025"}},{"type":"Feature","geometry":{"coordinates":[110.395566,-7.7581777],"type":"Point"},"properties":{"NAMA":"DR. NOOR WIDYASTUTI","TIPE_1":"KESEHATAN DAN PENGOBATAN","TIPE_2":"KLINIK","TIPE_3":"KLINIK ANAK","TELEPON":"(0274) 486375","ALAMAT":"APOTEK DEPOK, JL. ANGGAJAYA 1, SANGGRAHAN, CONDONGCATUR, KEC. DEPOK, KABUPATEN SLEMAN, DAERAH ISTIMEWA YOGYAKARTA 55283","ID_PROV":"34","PROVINSI":"DAERAH ISTIMEWA YOGYAKARTA","ID_KABKOT":"34.04","KABKOT":"SLEMAN","ID_KEC":"34.04.07","KECAMATAN":"DEPOK","ID_DESA":"34.04.07.2003","DESA":"CONDONGCATUR","LONGITUDE":110.395566,"LATITUDE":-7.7581777,"STATUS":"BUKA","TANGGAL PENGUMPULAN":"Q1 2024","TANGGAL UPDATE":"28/02/2025"}},{"type":"Feature","geometry":{"coordinates":[110.3632079,-7.7573426],"type":"Point"},"properties":{"NAMA":"DR. EKAWATI HENDRO","TIPE_1":"KESEHATAN DAN PENGOBATAN","TIPE_2":"KLINIK","TIPE_3":"KLINIK ANAK","TELEPON":"(0274) 624088","ALAMAT":"RUMAH SAKIT KHUSUS BEDAH SINDUADI, JL. WIJAYA KUSUMA NO.110, KUTU TEGAL, SINDUADI, KEC. MLATI, KABUPATEN SLEMAN, DAERAH ISTIMEWA YOGYAKARTA 55284","ID_PROV":"34","PROVINSI":"DAERAH ISTIMEWA YOGYAKARTA","ID_KABKOT":"34.04","KABKOT":"SLEMAN","ID_KEC":"34.04.06","KECAMATAN":"MLATI","ID_DESA":"34.04.06.2001","DESA":"SINDUADI","LONGITUDE":110.3632079,"LATITUDE":-7.7573426,"STATUS":"BUKA","TANGGAL PENGUMPULAN":"Q1 2024","TANGGAL UPDATE":"28/02/2025"}},{"type":"Feature","geometry":{"coordinates":[110.4250431,-7.7471254],"type":"Point"},"properties":{"NAMA":"DR.AKIL BAEHAQI,SP.A","TIPE_1":"KESEHATAN DAN PENGOBATAN","TIPE_2":"KLINIK","TIPE_3":"KLINIK ANAK","TELEPON":"","ALAMAT":"JL. KARANGSARI, GEDONGAN LOR, WEDOMARTANI, KEC. NGEMPLAK, KABUPATEN SLEMAN, DAERAH ISTIMEWA YOGYAKARTA 55584","ID_PROV":"34","PROVINSI":"DAERAH ISTIMEWA YOGYAKARTA","ID_KABKOT":"34.04","KABKOT":"SLEMAN","ID_KEC":"34.04.11","KECAMATAN":"NGEMPLAK","ID_DESA":"34.04.11.2004","DESA":"WEDOMARTANI","LONGITUDE":110.4250431,"LATITUDE":-7.7471254,"STATUS":"BUKA","TANGGAL PENGUMPULAN":"Q1 2024","TANGGAL UPDATE":"28/02/2025"}},{"type":"Feature","geometry":{"coordinates":[110.3728017,-7.7677119],"type":"Point"},"properties":{"NAMA":"POLIKLINIK ANAK","TIPE_1":"KESEHATAN DAN PENGOBATAN","TIPE_2":"KLINIK","TIPE_3":"KLINIK ANAK","TELEPON":"","ALAMAT":"JL. GRAFIKA NO.2, SENDOWO, SINDUADI, MLATI, SLEMAN REGENCY, SPECIAL REGION OF YOGYAKARTA 55281","ID_PROV":"34","PROVINSI":"DAERAH ISTIMEWA YOGYAKARTA","ID_KABKOT":"34.04","KABKOT":"SLEMAN","ID_KEC":"34.04.06","KECAMATAN":"MLATI","ID_DESA":"34.04.06.2001","DESA":"SINDUADI","LONGITUDE":110.3728017,"LATITUDE":-7.7677119,"STATUS":"BUKA","TANGGAL PENGUMPULAN":"Q1 2024","TANGGAL UPDATE":"28/02/2025"}},{"type":"Feature","geometry":{"coordinates":[110.3697837,-7.7182165],"type":"Point"},"properties":{"NAMA":"DR. ADE INDRISARI SP. A, M. KES (SPESIALIS ANAK)","TIPE_1":"KESEHATAN DAN PENGOBATAN","TIPE_2":"KLINIK","TIPE_3":"KLINIK ANAK","TELEPON":"0822-2932-7236","ALAMAT":"JL. GRIYA TAMAN ASRI, GROJOGAN, PANDOWOHARJO, KEC. SLEMAN, KABUPATEN SLEMAN, DAERAH ISTIMEWA YOGYAKARTA 55512","ID_PROV":"34","PROVINSI":"DAERAH ISTIMEWA YOGYAKARTA","ID_KABKOT":"34.04","KABKOT":"SLEMAN","ID_KEC":"34.04.13","KECAMATAN":"SLEMAN","ID_DESA":"34.04.13.2004","DESA":"PANDOWOHARJO","LONGITUDE":110.3697837,"LATITUDE":-7.7182165,"STATUS":"BUKA","TANGGAL PENGUMPULAN":"Q1 2024","TANGGAL UPDATE":"28/02/2025"}},{"type":"Feature","geometry":{"coordinates":[110.4522156,-7.7262344],"type":"Point"},"properties":{"NAMA":"MENTARI TUMBUH KEMBANG ANAK","TIPE_1":"KESEHATAN DAN PENGOBATAN","TIPE_2":"KLINIK","TIPE_3":"KLINIK ANAK","TELEPON":"0856-4208-9625","ALAMAT":"DEMANGAN RT 06 RW 03, DEMANGAN, SELOMARTANI, KEC. KALASAN, KABUPATEN SLEMAN, DAERAH ISTIMEWA YOGYAKARTA 55571","ID_PROV":"34","PROVINSI":"DAERAH ISTIMEWA YOGYAKARTA","ID_KABKOT":"34.04","KABKOT":"SLEMAN","ID_KEC":"34.04.10","KECAMATAN":"KALASAN","ID_DESA":"34.04.10.2004","DESA":"SELOMARTANI","LONGITUDE":110.4522156,"LATITUDE":-7.7262344,"STATUS":"BUKA","TANGGAL PENGUMPULAN":"Q1 2024","TANGGAL UPDATE":"28/02/2025"}},{"type":"Feature","geometry":{"coordinates":[110.4355147,-7.7612508],"type":"Point"},"properties":{"NAMA":"PIJAT IBU DAN ANAK BU JILAH","TIPE_1":"KESEHATAN DAN PENGOBATAN","TIPE_2":"KLINIK","TIPE_3":"KLINIK ANAK","TELEPON":"0856-4366-2646","ALAMAT":"RT 05 RW 44 STAN, SEFAN, MAGUWOHARJO, KEC. DEPOK, KABUPATEN SLEMAN, DAERAH ISTIMEWA YOGYAKARTA 55282","ID_PROV":"34","PROVINSI":"DAERAH ISTIMEWA YOGYAKARTA","ID_KABKOT":"34.04","KABKOT":"SLEMAN","ID_KEC":"34.04.07","KECAMATAN":"DEPOK","ID_DESA":"34.04.07.2002","DESA":"MAGUWOHARJO","LONGITUDE":110.4355147,"LATITUDE":-7.7612508,"STATUS":"BUKA","TANGGAL PENGUMPULAN":"Q1 2024","TANGGAL UPDATE":"28/02/2025"}},{"type":"Feature","geometry":{"coordinates":[110.4369949,-7.6624394],"type":"Point"},"properties":{"NAMA":"RUMAH SUNAT/KHITAN CANGKRINGAN","TIPE_1":"KESEHATAN DAN PENGOBATAN","TIPE_2":"KLINIK","TIPE_3":"KLINIK ANAK","TELEPON":"0812-1231-0146","ALAMAT":"JL. CANGKRINGAN, JAMBU, RT.BANGKONGRT 2/RW.10, SEMBUNGAN, WUKIRSARI, KEC. CANGKRINGAN, KABUPATEN SLEMAN, DAERAH ISTIMEWA YOGYAKARTA 55583","ID_PROV":"34","PROVINSI":"DAERAH ISTIMEWA YOGYAKARTA","ID_KABKOT":"34.04","KABKOT":"SLEMAN","ID_KEC":"34.04.17","KECAMATAN":"CANGKRINGAN","ID_DESA":"34.04.17.2002","DESA":"WUKIRSARI","LONGITUDE":110.4369949,"LATITUDE":-7.6624394,"STATUS":"BUKA","TANGGAL PENGUMPULAN":"Q1 2024","TANGGAL UPDATE":"28/02/2025"}},{"type":"Feature","geometry":{"coordinates":[110.3949266,-7.7730885],"type":"Point"},"properties":{"NAMA":"BEKAM DAN PIJAT KHUSUS WANITA DAN ANAK","TIPE_1":"KESEHATAN DAN PENGOBATAN","TIPE_2":"KLINIK","TIPE_3":"KLINIK ANAK","TELEPON":"0896-1123-2614","ALAMAT":"JL. PRINGGODANI GG. BROJOWIKALPO, MRICAN, CATURTUNGGAL, KEC. DEPOK, KABUPATEN SLEMAN, DAERAH ISTIMEWA YOGYAKARTA 55281","ID_PROV":"34","PROVINSI":"DAERAH ISTIMEWA YOGYAKARTA","ID_KABKOT":"34.04","KABKOT":"SLEMAN","ID_KEC":"34.04.07","KECAMATAN":"DEPOK","ID_DESA":"34.04.07.2001","DESA":"CATURTUNGGAL","LONGITUDE":110.3949266,"LATITUDE":-7.7730885,"STATUS":"BUKA","TANGGAL PENGUMPULAN":"Q1 2024","TANGGAL UPDATE":"28/02/2025"}},{"type":"Feature","geometry":{"coordinates":[110.3526111,-7.662757],"type":"Point"},"properties":{"NAMA":"PUSAT SUNAT JOGJA : DARMA RAJA","TIPE_1":"KESEHATAN DAN PENGOBATAN","TIPE_2":"KLINIK","TIPE_3":"KLINIK ANAK","TELEPON":"0856-4335-3282","ALAMAT":"KAWEDAN RT/RW 03, RT.17, KAWEDAN, BANGUN KERTO, KEC. TURI, KABUPATEN SLEMAN, DAERAH ISTIMEWA YOGYAKARTA 55551","ID_PROV":"34","PROVINSI":"DAERAH ISTIMEWA YOGYAKARTA","ID_KABKOT":"34.04","KABKOT":"SLEMAN","ID_KEC":"34.04.15","KECAMATAN":"TURI","ID_DESA":"34.04.15.2001","DESA":"BANGUNKERTO","LONGITUDE":110.3526111,"LATITUDE":-7.662757,"STATUS":"BUKA","TANGGAL PENGUMPULAN":"Q1 2024","TANGGAL UPDATE":"28/02/2025"}},{"type":"Feature","geometry":{"coordinates":[110.4241597,-7.7413274],"type":"Point"},"properties":{"NAMA":"JOYIN - THE CHILDREN'S CENTER","TIPE_1":"KESEHATAN DAN PENGOBATAN","TIPE_2":"KLINIK","TIPE_3":"KLINIK ANAK","TELEPON":"0878-9000-4684","ALAMAT":"JL. PERKUTUT, MALANGREJO, WEDOMARTANI KEC. NGEMPLAK, KABUPATEN SLEMAN, JAWA TENGAH, DAERAH ISTIMEWA YOGYAKARTA 55584","ID_PROV":"34","PROVINSI":"DAERAH ISTIMEWA YOGYAKARTA","ID_KABKOT":"34.04","KABKOT":"SLEMAN","ID_KEC":"34.04.11","KECAMATAN":"NGEMPLAK","ID_DESA":"34.04.11.2004","DESA":"WEDOMARTANI","LONGITUDE":110.4241597,"LATITUDE":-7.7413274,"STATUS":"BUKA","TANGGAL PENGUMPULAN":"Q1 2024","TANGGAL UPDATE":"28/02/2025"}},{"type":"Feature","geometry":{"coordinates":[110.2992388,-7.7050022],"type":"Point"},"properties":{"NAMA":"PRAKTEK BIDAN","TIPE_1":"KESEHATAN DAN PENGOBATAN","TIPE_2":"KLINIK","TIPE_3":"KLINIK BERSALIN ATAU KEBIDANAN","TELEPON":"","ALAMAT":"JETIS, MARGOAGUNG, KEC. SEYEGAN, KABUPATEN SLEMAN, DAERAH ISTIMEWA YOGYAKARTA 55561","ID_PROV":"34","PROVINSI":"DAERAH ISTIMEWA YOGYAKARTA","ID_KABKOT":"34.04","KABKOT":"SLEMAN","ID_KEC":"34.04.05","KECAMATAN":"SEYEGAN","ID_DESA":"34.04.05.2005","DESA":"MARGOAGUNG","LONGITUDE":110.2992388,"LATITUDE":-7.7050022,"STATUS":"BUKA","TANGGAL PENGUMPULAN":"Q1 2024","TANGGAL UPDATE":"28/02/2025"}},{"type":"Feature","geometry":{"coordinates":[110.4355158,-7.7223555],"type":"Point"},"properties":{"NAMA":"KLINIK TUMBUH KEMBANG ANAK OHC","TIPE_1":"KESEHATAN DAN PENGOBATAN","TIPE_2":"KLINIK","TIPE_3":"KLINIK ANAK","TELEPON":"","ALAMAT":"BABADAN, WEDOMARTANI, KEC. NGEMPLAK, KABUPATEN SLEMAN, DAERAH ISTIMEWA YOGYAKARTA 55584","ID_PROV":"34","PROVINSI":"DAERAH ISTIMEWA YOGYAKARTA","ID_KABKOT":"34.04","KABKOT":"SLEMAN","ID_KEC":"34.04.11","KECAMATAN":"NGEMPLAK","ID_DESA":"34.04.11.2004","DESA":"WEDOMARTANI","LONGITUDE":110.4355158,"LATITUDE":-7.7223555,"STATUS":"BUKA","TANGGAL PENGUMPULAN":"Q1 2024","TANGGAL UPDATE":"28/02/2025"}},{"type":"Feature","geometry":{"coordinates":[110.440525,-7.7833634],"type":"Point"},"properties":{"NAMA":"KLINIK DWI MEDIKA (DOKTER SPESIALIS ANAK DAN THT)","TIPE_1":"KESEHATAN DAN PENGOBATAN","TIPE_2":"KLINIK","TIPE_3":"KLINIK ANAK","TELEPON":"0878-7263-6360","ALAMAT":"JL. RAYA SOLO - YOGYAKARTA JL. SOROGENEN NO.KM. 10, SOROGENAN I, PURWOMARTANI, KEC. KALASAN, KABUPATEN SLEMAN, DAERAH ISTIMEWA YOGYAKARTA 55282","ID_PROV":"34","PROVINSI":"DAERAH ISTIMEWA YOGYAKARTA","ID_KABKOT":"34.04","KABKOT":"SLEMAN","ID_KEC":"34.04.10","KECAMATAN":"KALASAN","ID_DESA":"34.04.10.2001","DESA":"PURWOMARTANI","LONGITUDE":110.440525,"LATITUDE":-7.7833634,"STATUS":"BUKA","TANGGAL PENGUMPULAN":"Q1 2024","TANGGAL UPDATE":"28/02/2025"}},{"type":"Feature","geometry":{"coordinates":[110.3486025,-7.6900156],"type":"Point"},"properties":{"NAMA":"BIDAN IDA ISTIYANI AMD.KEB","TIPE_1":"KESEHATAN DAN PENGOBATAN","TIPE_2":"KLINIK","TIPE_3":"KLINIK BERSALIN ATAU KEBIDANAN","TELEPON":"0877-3928-2655","ALAMAT":"MURANGAN VII, RT.02/RW.22, PANGGERAN 7, TRIHARJO, KEC. SLEMAN, KABUPATEN SLEMAN, DAERAH ISTIMEWA YOGYAKARTA 55514","ID_PROV":"34","PROVINSI":"DAERAH ISTIMEWA YOGYAKARTA","ID_KABKOT":"34.04","KABKOT":"SLEMAN","ID_KEC":"34.04.13","KECAMATAN":"SLEMAN","ID_DESA":"34.04.13.2002","DESA":"TRIHARJO","LONGITUDE":110.3486025,"LATITUDE":-7.6900156,"STATUS":"BUKA","TANGGAL PENGUMPULAN":"Q1 2024","TANGGAL UPDATE":"28/02/2025"}},{"type":"Feature","geometry":{"coordinates":[110.3660449,-7.698127],"type":"Point"},"properties":{"NAMA":"IKATAN BIDAN INDONESIA (IBI) CAB. SLEMAN/PMB DELIMA PANDOWOHARJO","TIPE_1":"KESEHATAN DAN PENGOBATAN","TIPE_2":"KLINIK","TIPE_3":"KLINIK BERSALIN ATAU KEBIDANAN","TELEPON":"0897-7375-152","ALAMAT":"JL. PANDOWOHARJO NO.70 B, KLEBEN MONCOSAN, MANCASAN, KEC. SLEMAN, KABUPATEN SLEMAN, DAERAH ISTIMEWA YOGYAKARTA 55512","ID_PROV":"34","PROVINSI":"DAERAH ISTIMEWA YOGYAKARTA","ID_KABKOT":"34.04","KABKOT":"SLEMAN","ID_KEC":"34.04.13","KECAMATAN":"SLEMAN","ID_DESA":"34.04.13.2004","DESA":"PANDOWOHARJO","LONGITUDE":110.3660449,"LATITUDE":-7.698127,"STATUS":"BUKA","TANGGAL PENGUMPULAN":"Q1 2024","TANGGAL UPDATE":"28/02/2025"}},{"type":"Feature","geometry":{"coordinates":[110.2320273,-7.7294395],"type":"Point"},"properties":{"NAMA":"BIDAN WIDYA PURI HANDAYANI, AMD KEB","TIPE_1":"KESEHATAN DAN PENGOBATAN","TIPE_2":"KLINIK","TIPE_3":"KLINIK BERSALIN ATAU KEBIDANAN","TELEPON":"0851-0089-9403","ALAMAT":"BEKELAN X, DUKUHAN, SENDANGAGUNG, KEC. MINGGIR, KABUPATEN SLEMAN, DAERAH ISTIMEWA YOGYAKARTA 55562","ID_PROV":"34","PROVINSI":"DAERAH ISTIMEWA YOGYAKARTA","ID_KABKOT":"34.04","KABKOT":"SLEMAN","ID_KEC":"34.04.04","KECAMATAN":"MINGGIR","ID_DESA":"34.04.04.2003","DESA":"SENDANGAGUNG","LONGITUDE":110.2320273,"LATITUDE":-7.7294395,"STATUS":"BUKA","TANGGAL PENGUMPULAN":"Q1 2024","TANGGAL UPDATE":"28/02/2025"}},{"type":"Feature","geometry":{"coordinates":[110.4291605,-7.7836184],"type":"Point"},"properties":{"NAMA":"PRAKTEK DR. ENNY S. PAMUJI, SP.OG","TIPE_1":"KESEHATAN DAN PENGOBATAN","TIPE_2":"KLINIK","TIPE_3":"KLINIK BERSALIN ATAU KEBIDANAN","TELEPON":"0823-2258-7000","ALAMAT":"JL. LILI JL. FLAMBOYAN NO.04, KARANGPLOSO, MAGUWOHARJO, KEC. DEPOK, KABUPATEN SLEMAN, DAERAH ISTIMEWA YOGYAKARTA 55281","ID_PROV":"34","PROVINSI":"DAERAH ISTIMEWA YOGYAKARTA","ID_KABKOT":"34.04","KABKOT":"SLEMAN","ID_KEC":"34.04.07","KECAMATAN":"DEPOK","ID_DESA":"34.04.07.2002","DESA":"MAGUWOHARJO","LONGITUDE":110.4291605,"LATITUDE":-7.7836184,"STATUS":"BUKA","TANGGAL PENGUMPULAN":"Q1 2024","TANGGAL UPDATE":"28/02/2025"}},{"type":"Feature","geometry":{"coordinates":[110.3639568,-7.7353973],"type":"Point"},"properties":{"NAMA":"RUMAH BERSALIN PURI MELATI","TIPE_1":"KESEHATAN DAN PENGOBATAN","TIPE_2":"KLINIK","TIPE_3":"KLINIK BERSALIN ATAU KEBIDANAN","TELEPON":"(0274) 868760","ALAMAT":"JL. MAGELANG-YOGYAKARTA KM 8, RT. 003 RW. 19, SENDANGADI, MLATI, JONGKE TENGAH, SENDANGADI, KEC. SLEMAN, KABUPATEN SLEMAN, DAERAH ISTIMEWA YOGYAKARTA 55285","ID_PROV":"34","PROVINSI":"DAERAH ISTIMEWA YOGYAKARTA","ID_KABKOT":"34.04","KABKOT":"SLEMAN","ID_KEC":"34.04.06","KECAMATAN":"MLATI","ID_DESA":"34.04.06.2002","DESA":"SENDANGADI","LONGITUDE":110.3639568,"LATITUDE":-7.7353973,"STATUS":"BUKA","TANGGAL PENGUMPULAN":"Q1 2024","TANGGAL UPDATE":"28/02/2025"}},{"type":"Feature","geometry":{"coordinates":[110.3039142,-7.6926105],"type":"Point"},"properties":{"NAMA":"BIDAN YULIA KRISTIANIÊ§‹Ê¦§Ê¦¶Ê¦£Ê¦¤Ê§€Ê¦ªÊ¦¸Ê¦­Ê¦¶Ê¦ªÊ¦Ê¦¿Ê¦¶Ê¦¢Ê§€Ê¦ Ê¦¶Ê¦ªÊ¦¤Ê¦¶","TIPE_1":"KESEHATAN DAN PENGOBATAN","TIPE_2":"KLINIK","TIPE_3":"KLINIK BERSALIN ATAU KEBIDANAN","TELEPON":"0813-2659-0542","ALAMAT":"BATANG GEDE, TAMBAKREJO, KEC. TEMPEL, KABUPATEN SLEMAN, DAERAH ISTIMEWA YOGYAKARTA 55552","ID_PROV":"34","PROVINSI":"DAERAH ISTIMEWA YOGYAKARTA","ID_KABKOT":"34.04","KABKOT":"SLEMAN","ID_KEC":"34.04.14","KECAMATAN":"TEMPEL","ID_DESA":"34.04.14.2002","DESA":"TAMBAKREJO","LONGITUDE":110.3039142,"LATITUDE":-7.6926105,"STATUS":"BUKA","TANGGAL PENGUMPULAN":"Q1 2024","TANGGAL UPDATE":"28/02/2025"}},{"type":"Feature","geometry":{"coordinates":[110.3060674,-7.6746439],"type":"Point"},"properties":{"NAMA":"BIDAN SUPRIHATIN AMD.KEB","TIPE_1":"KESEHATAN DAN PENGOBATAN","TIPE_2":"KLINIK","TIPE_3":"KLINIK BERSALIN ATAU KEBIDANAN","TELEPON":"","ALAMAT":"JL. MEDARI - CEMORO, AREA SAWAH, SUMBEREJO, KEC. TEMPEL, KABUPATEN SLEMAN, DAERAH ISTIMEWA YOGYAKARTA 55552","ID_PROV":"34","PROVINSI":"DAERAH ISTIMEWA YOGYAKARTA","ID_KABKOT":"34.04","KABKOT":"SLEMAN","ID_KEC":"34.04.14","KECAMATAN":"TEMPEL","ID_DESA":"34.04.14.2004","DESA":"PONDOKREJO","LONGITUDE":110.3060674,"LATITUDE":-7.6746439,"STATUS":"BUKA","TANGGAL PENGUMPULAN":"Q1 2024","TANGGAL UPDATE":"28/02/2025"}},{"type":"Feature","geometry":{"coordinates":[110.318863,-7.758049],"type":"Point"},"properties":{"NAMA":"BIDAN SUDARTI","TIPE_1":"KESEHATAN DAN PENGOBATAN","TIPE_2":"KLINIK","TIPE_3":"KLINIK BERSALIN ATAU KEBIDANAN","TELEPON":"0815-6895-264","ALAMAT":"TEGALAN, RT. 001 RW. 010, SIDOMOYO GODEAN, AREA SAWAH, SIDOMOYO, KEC. SLEMAN, KABUPATEN SLEMAN, DAERAH ISTIMEWA YOGYAKARTA 55264","ID_PROV":"34","PROVINSI":"DAERAH ISTIMEWA YOGYAKARTA","ID_KABKOT":"34.04","KABKOT":"SLEMAN","ID_KEC":"34.04.02","KECAMATAN":"GODEAN","ID_DESA":"34.04.02.2007","DESA":"SIDOMOYO","LONGITUDE":110.318863,"LATITUDE":-7.758049,"STATUS":"BUKA","TANGGAL PENGUMPULAN":"Q1 2024","TANGGAL UPDATE":"28/02/2025"}},{"type":"Feature","geometry":{"coordinates":[110.4322079,-7.8359452],"type":"Point"},"properties":{"NAMA":"PRAKTEK BIDAN YULIANAH","TIPE_1":"KESEHATAN DAN PENGOBATAN","TIPE_2":"KLINIK","TIPE_3":"KLINIK BERSALIN ATAU KEBIDANAN","TELEPON":"0852-4669-9942","ALAMAT":"JL. TIRTA BUANA, CEPOR, SENDANGTIRTO, KEC. BERBAH, KABUPATEN SLEMAN, DAERAH ISTIMEWA YOGYAKARTA 55573","ID_PROV":"34","PROVINSI":"DAERAH ISTIMEWA YOGYAKARTA","ID_KABKOT":"34.04","KABKOT":"SLEMAN","ID_KEC":"34.04.08","KECAMATAN":"BERBAH","ID_DESA":"34.04.08.2001","DESA":"SENDANGTIRTO","LONGITUDE":110.4322079,"LATITUDE":-7.8359452,"STATUS":"BUKA","TANGGAL PENGUMPULAN":"Q1 2024","TANGGAL UPDATE":"28/02/2025"}},{"type":"Feature","geometry":{"coordinates":[110.407263,-7.749895],"type":"Point"},"properties":{"NAMA":"BIDAN PRAKTEK SWASTA DINI MELANI M","TIPE_1":"KESEHATAN DAN PENGOBATAN","TIPE_2":"KLINIK","TIPE_3":"KLINIK BERSALIN ATAU KEBIDANAN","TELEPON":"0823-2617-6729","ALAMAT":"JL. PERSATUAN CONDONGCATUR, MLADANGAN, MINOMARTANI, KEC. NGAGLIK, KABUPATEN SLEMAN, DAERAH ISTIMEWA YOGYAKARTA 55281","ID_PROV":"34","PROVINSI":"DAERAH ISTIMEWA YOGYAKARTA","ID_KABKOT":"34.04","KABKOT":"SLEMAN","ID_KEC":"34.04.07","KECAMATAN":"DEPOK","ID_DESA":"34.04.07.2003","DESA":"CONDONGCATUR","LONGITUDE":110.407263,"LATITUDE":-7.749895,"STATUS":"BUKA","TANGGAL PENGUMPULAN":"Q1 2024","TANGGAL UPDATE":"28/02/2025"}},{"type":"Feature","geometry":{"coordinates":[110.4023081,-7.7823883],"type":"Point"},"properties":{"NAMA":"RUMAH BERSALIN & KB SAKINAH","TIPE_1":"KESEHATAN DAN PENGOBATAN","TIPE_2":"KLINIK","TIPE_3":"KLINIK BERSALIN ATAU KEBIDANAN","TELEPON":"(0274) 582039","ALAMAT":"JL. NGEMPLAK KARANGJATI SIA NO. 29 CATUR TUNGGAL DEPOK SLEMAN DAERAH ISTIMEWA YOGYAKARTA, AMBARUKMO, CATURTUNGGAL, KEC. DEPOK, KABUPATEN SLEMAN, DAERAH ISTIMEWA YOGYAKARTA 55281","ID_PROV":"34","PROVINSI":"DAERAH ISTIMEWA YOGYAKARTA","ID_KABKOT":"34.04","KABKOT":"SLEMAN","ID_KEC":"34.04.07","KECAMATAN":"DEPOK","ID_DESA":"34.04.07.2001","DESA":"CATURTUNGGAL","LONGITUDE":110.4023081,"LATITUDE":-7.7823883,"STATUS":"BUKA","TANGGAL PENGUMPULAN":"Q1 2024","TANGGAL UPDATE":"28/02/2025"}},{"type":"Feature","geometry":{"coordinates":[110.432844,-7.7039377],"type":"Point"},"properties":{"NAMA":"KLINIK \"ZAHRA HARAPAN BUNDA\"","TIPE_1":"KESEHATAN DAN PENGOBATAN","TIPE_2":"KLINIK","TIPE_3":"KLINIK BERSALIN ATAU KEBIDANAN","TELEPON":"","ALAMAT":"JL. SONOKELING GG. MELATI 1 NO.1, KARANGLO, SUKOHARJO, KEC. NGAGLIK, KABUPATEN SLEMAN, DAERAH ISTIMEWA YOGYAKARTA 55581","ID_PROV":"34","PROVINSI":"DAERAH ISTIMEWA YOGYAKARTA","ID_KABKOT":"34.04","KABKOT":"SLEMAN","ID_KEC":"34.04.12","KECAMATAN":"NGAGLIK","ID_DESA":"34.04.12.2004","DESA":"SUKOHARJO","LONGITUDE":110.432844,"LATITUDE":-7.7039377,"STATUS":"BUKA","TANGGAL PENGUMPULAN":"Q1 2024","TANGGAL UPDATE":"28/02/2025"}},{"type":"Feature","geometry":{"coordinates":[110.3769203,-7.7527972],"type":"Point"},"properties":{"NAMA":"RUMAH BERSALIN KUSUMASTUTI","TIPE_1":"KESEHATAN DAN PENGOBATAN","TIPE_2":"KLINIK","TIPE_3":"KLINIK BERSALIN ATAU KEBIDANAN","TELEPON":"(0274) 512342","ALAMAT":"JL. KARANGWARU LOR II, NO. 1, TEGAL REJO, POGUNG LOR, SINDUADI, KEC. MLATI, KABUPATEN SLEMAN, DAERAH ISTIMEWA YOGYAKARTA 55241","ID_PROV":"34","PROVINSI":"DAERAH ISTIMEWA YOGYAKARTA","ID_KABKOT":"34.04","KABKOT":"SLEMAN","ID_KEC":"34.04.06","KECAMATAN":"MLATI","ID_DESA":"34.04.06.2001","DESA":"SINDUADI","LONGITUDE":110.3769203,"LATITUDE":-7.7527972,"STATUS":"BUKA","TANGGAL PENGUMPULAN":"Q1 2024","TANGGAL UPDATE":"28/02/2025"}},{"type":"Feature","geometry":{"coordinates":[110.3438704,-7.7170149],"type":"Point"},"properties":{"NAMA":"BIDAN BU IIN","TIPE_1":"KESEHATAN DAN PENGOBATAN","TIPE_2":"KLINIK","TIPE_3":"KLINIK BERSALIN ATAU KEBIDANAN","TELEPON":"","ALAMAT":"TRIDADI, PANGLIKAN, TLOGOADI, KEC. MLATI, KABUPATEN SLEMAN, DAERAH ISTIMEWA YOGYAKARTA 55286","ID_PROV":"34","PROVINSI":"DAERAH ISTIMEWA YOGYAKARTA","ID_KABKOT":"34.04","KABKOT":"SLEMAN","ID_KEC":"34.04.13","KECAMATAN":"SLEMAN","ID_DESA":"34.04.13.2003","DESA":"TRIDADI","LONGITUDE":110.3438704,"LATITUDE":-7.7170149,"STATUS":"BUKA","TANGGAL PENGUMPULAN":"Q1 2024","TANGGAL UPDATE":"28/02/2025"}},{"type":"Feature","geometry":{"coordinates":[110.4496802,-7.7486655],"type":"Point"},"properties":{"NAMA":"PERSALINAN MARYAM","TIPE_1":"KESEHATAN DAN PENGOBATAN","TIPE_2":"KLINIK","TIPE_3":"KLINIK BERSALIN ATAU KEBIDANAN","TELEPON":"(0274) 499273","ALAMAT":"JL. PURWOMARTANI, KARANGMOJO, PURWOMARTANI, KEC. KALASAN, KABUPATEN SLEMAN, DAERAH ISTIMEWA YOGYAKARTA 55571","ID_PROV":"34","PROVINSI":"DAERAH ISTIMEWA YOGYAKARTA","ID_KABKOT":"34.04","KABKOT":"SLEMAN","ID_KEC":"34.04.10","KECAMATAN":"KALASAN","ID_DESA":"34.04.10.2001","DESA":"PURWOMARTANI","LONGITUDE":110.4496802,"LATITUDE":-7.7486655,"STATUS":"BUKA","TANGGAL PENGUMPULAN":"Q1 2024","TANGGAL UPDATE":"28/02/2025"}},{"type":"Feature","geometry":{"coordinates":[110.3575246,-7.7666739],"type":"Point"},"properties":{"NAMA":"BIDAN PRAPTI","TIPE_1":"KESEHATAN DAN PENGOBATAN","TIPE_2":"KLINIK","TIPE_3":"KLINIK BERSALIN ATAU KEBIDANAN","TELEPON":"0851-6128-7571","ALAMAT":"JL ANTAREJA KRAGILAN, KRAGILAN, SINDUADI, KEC. MLATI, KABUPATEN SLEMAN, DAERAH ISTIMEWA YOGYAKARTA 55284","ID_PROV":"34","PROVINSI":"DAERAH ISTIMEWA YOGYAKARTA","ID_KABKOT":"34.04","KABKOT":"SLEMAN","ID_KEC":"34.04.06","KECAMATAN":"MLATI","ID_DESA":"34.04.06.2001","DESA":"SINDUADI","LONGITUDE":110.3575246,"LATITUDE":-7.7666739,"STATUS":"BUKA","TANGGAL PENGUMPULAN":"Q1 2024","TANGGAL UPDATE":"28/02/2025"}},{"type":"Feature","geometry":{"coordinates":[110.3447118,-7.7795451],"type":"Point"},"properties":{"NAMA":"BIDAN SITI ZUBAIDAH","TIPE_1":"KESEHATAN DAN PENGOBATAN","TIPE_2":"KLINIK","TIPE_3":"KLINIK BERSALIN ATAU KEBIDANAN","TELEPON":"(0274) 543893","ALAMAT":"JL. NUSA INDAH NO.6, KWARASAN, NOGOTIRTO, KEC. GAMPING, KABUPATEN SLEMAN, DAERAH ISTIMEWA YOGYAKARTA 55592","ID_PROV":"34","PROVINSI":"DAERAH ISTIMEWA YOGYAKARTA","ID_KABKOT":"34.04","KABKOT":"SLEMAN","ID_KEC":"34.04.01","KECAMATAN":"GAMPING","ID_DESA":"34.04.01.2004","DESA":"NOGOTIRTO","LONGITUDE":110.3447118,"LATITUDE":-7.7795451,"STATUS":"BUKA","TANGGAL PENGUMPULAN":"Q1 2024","TANGGAL UPDATE":"28/02/2025"}},{"type":"Feature","geometry":{"coordinates":[110.4114604,-7.7061862],"type":"Point"},"properties":{"NAMA":"KLINIK GIGI OKTAVIE DENTA JAKAL","TIPE_1":"KESEHATAN DAN PENGOBATAN","TIPE_2":"KLINIK","TIPE_3":"KLINIK DAN DOKTER GIGI","TELEPON":"0822-1177-6161","ALAMAT":"JL. KALIURANG NO.KM 12, CANDI KARANG, SARDONOHARJO, KEC. NGAGLIK, KABUPATEN SLEMAN, DAERAH ISTIMEWA YOGYAKARTA 55581","ID_PROV":"34","PROVINSI":"DAERAH ISTIMEWA YOGYAKARTA","ID_KABKOT":"34.04","KABKOT":"SLEMAN","ID_KEC":"34.04.12","KECAMATAN":"NGAGLIK","ID_DESA":"34.04.12.2005","DESA":"SARDONOHARJO","LONGITUDE":110.4114604,"LATITUDE":-7.7061862,"STATUS":"BUKA","TANGGAL PENGUMPULAN":"Q1 2024","TANGGAL UPDATE":"28/02/2025"}},{"type":"Feature","geometry":{"coordinates":[110.41042,-7.708826],"type":"Point"},"properties":{"NAMA":"FORBEAU DENTAL CARE","TIPE_1":"KESEHATAN DAN PENGOBATAN","TIPE_2":"KLINIK","TIPE_3":"KLINIK DAN DOKTER GIGI","TELEPON":"0812-1709-0960","ALAMAT":"RUKO CANDI NO. 5 JALAN KALIURANG KM. 12, CANDI, SARDONOHARJO, KEC. SLEMAN, KABUPATEN SLEMAN, DAERAH ISTIMEWA YOGYAKARTA 55581","ID_PROV":"34","PROVINSI":"DAERAH ISTIMEWA YOGYAKARTA","ID_KABKOT":"34.04","KABKOT":"SLEMAN","ID_KEC":"34.04.12","KECAMATAN":"NGAGLIK","ID_DESA":"34.04.12.2005","DESA":"SARDONOHARJO","LONGITUDE":110.41042,"LATITUDE":-7.708826,"STATUS":"BUKA","TANGGAL PENGUMPULAN":"Q1 2024","TANGGAL UPDATE":"28/02/2025"}},{"type":"Feature","geometry":{"coordinates":[110.4038777,-7.7194848],"type":"Point"},"properties":{"NAMA":"KLINIK GIGI MULIA DENTA","TIPE_1":"KESEHATAN DAN PENGOBATAN","TIPE_2":"KLINIK","TIPE_3":"KLINIK DAN DOKTER GIGI","TELEPON":"(0274) 884396","ALAMAT":"JL. KALIURANG NO.10, DENTAN, SINDUHARJO, KEC. NGAGLIK, KABUPATEN SLEMAN, DAERAH ISTIMEWA YOGYAKARTA 55581","ID_PROV":"34","PROVINSI":"DAERAH ISTIMEWA YOGYAKARTA","ID_KABKOT":"34.04","KABKOT":"SLEMAN","ID_KEC":"34.04.12","KECAMATAN":"NGAGLIK","ID_DESA":"34.04.12.2003","DESA":"SINDUHARJO","LONGITUDE":110.4038777,"LATITUDE":-7.7194848,"STATUS":"BUKA","TANGGAL PENGUMPULAN":"Q1 2024","TANGGAL UPDATE":"28/02/2025"}},{"type":"Feature","geometry":{"coordinates":[110.4297942,-7.7049577],"type":"Point"},"properties":{"NAMA":"UPIK GIGI","TIPE_1":"KESEHATAN DAN PENGOBATAN","TIPE_2":"KLINIK","TIPE_3":"TUKANG GIGI","TELEPON":"0813-9248-1433","ALAMAT":"JL. BESI JANGKANG, YOPAH, SUKOHARJO, KEC. NGAGLIK, KABUPATEN SLEMAN, DAERAH ISTIMEWA YOGYAKARTA 55581","ID_PROV":"34","PROVINSI":"DAERAH ISTIMEWA YOGYAKARTA","ID_KABKOT":"34.04","KABKOT":"SLEMAN","ID_KEC":"34.04.12","KECAMATAN":"NGAGLIK","ID_DESA":"34.04.12.2004","DESA":"SUKOHARJO","LONGITUDE":110.4297942,"LATITUDE":-7.7049577,"STATUS":"BUKA","TANGGAL PENGUMPULAN":"Q1 2024","TANGGAL UPDATE":"28/02/2025"}},{"type":"Feature","geometry":{"coordinates":[110.3771481,-7.652374],"type":"Point"},"properties":{"NAMA":"DENTURY DENTAL CARE","TIPE_1":"KESEHATAN DAN PENGOBATAN","TIPE_2":"KLINIK","TIPE_3":"KLINIK DAN DOKTER GIGI","TELEPON":"0898-7849-191","ALAMAT":"JL TURI-PAKEM KM 0,5 DONOKERTO, DEPAN PASAR, KEC. TURI, KABUPATEN SLEMAN, DAERAH ISTIMEWA YOGYAKARTA 55551","ID_PROV":"34","PROVINSI":"DAERAH ISTIMEWA YOGYAKARTA","ID_KABKOT":"34.04","KABKOT":"SLEMAN","ID_KEC":"34.04.15","KECAMATAN":"TURI","ID_DESA":"34.04.15.2002","DESA":"DONOKERTO","LONGITUDE":110.3771481,"LATITUDE":-7.652374,"STATUS":"BUKA","TANGGAL PENGUMPULAN":"Q1 2024","TANGGAL UPDATE":"28/02/2025"}},{"type":"Feature","geometry":{"coordinates":[110.4217604,-7.6653336],"type":"Point"},"properties":{"NAMA":"UPIK GIGI","TIPE_1":"KESEHATAN DAN PENGOBATAN","TIPE_2":"KLINIK","TIPE_3":"TUKANG GIGI","TELEPON":"","ALAMAT":"PAKEWINANGUN, PAKEMBINANGUN, KEC. PAKEM, KABUPATEN SLEMAN, DAERAH ISTIMEWA YOGYAKARTA","ID_PROV":"34","PROVINSI":"DAERAH ISTIMEWA YOGYAKARTA","ID_KABKOT":"34.04","KABKOT":"SLEMAN","ID_KEC":"34.04.16","KECAMATAN":"PAKEM","ID_DESA":"34.04.16.2004","DESA":"PAKEMBINANGUN","LONGITUDE":110.4217604,"LATITUDE":-7.6653336,"STATUS":"BUKA","TANGGAL PENGUMPULAN":"Q1 2024","TANGGAL UPDATE":"28/02/2025"}},{"type":"Feature","geometry":{"coordinates":[110.4655314,-7.6906442],"type":"Point"},"properties":{"NAMA":"KARUNIA MEDIKA","TIPE_1":"KESEHATAN DAN PENGOBATAN","TIPE_2":"KLINIK","TIPE_3":"KLINIK UMUM","TELEPON":"0812-1509-8885","ALAMAT":"AREA SAWAH, BIMOMARTANI, KEC. NGEMPLAK, KABUPATEN SLEMAN, DAERAH ISTIMEWA YOGYAKARTA 55584","ID_PROV":"34","PROVINSI":"DAERAH ISTIMEWA YOGYAKARTA","ID_KABKOT":"34.04","KABKOT":"SLEMAN","ID_KEC":"34.04.11","KECAMATAN":"NGEMPLAK","ID_DESA":"34.04.11.2002","DESA":"BIMOMARTANI","LONGITUDE":110.4655314,"LATITUDE":-7.6906442,"STATUS":"BUKA","TANGGAL PENGUMPULAN":"Q1 2024","TANGGAL UPDATE":"28/02/2025"}},{"type":"Feature","geometry":{"coordinates":[110.4209299,-7.6836771],"type":"Point"},"properties":{"NAMA":"DR. IRA WIJAYA PRAKTEK UMUM","TIPE_1":"KESEHATAN DAN PENGOBATAN","TIPE_2":"KLINIK","TIPE_3":"KLINIK UMUM","TELEPON":"","ALAMAT":"JALAN, NGEMPLAK, UMBULMARTANI, KEC. NGEMPLAK, KABUPATEN SLEMAN, DAERAH ISTIMEWA YOGYAKARTA 55584","ID_PROV":"34","PROVINSI":"DAERAH ISTIMEWA YOGYAKARTA","ID_KABKOT":"34.04","KABKOT":"SLEMAN","ID_KEC":"34.04.11","KECAMATAN":"NGEMPLAK","ID_DESA":"34.04.11.2005","DESA":"UMBULMARTANI","LONGITUDE":110.4209299,"LATITUDE":-7.6836771,"STATUS":"BUKA","TANGGAL PENGUMPULAN":"Q1 2024","TANGGAL UPDATE":"28/02/2025"}},{"type":"Feature","geometry":{"coordinates":[110.4337518,-7.6404954],"type":"Point"},"properties":{"NAMA":"KLINIK KHITAN","TIPE_1":"KESEHATAN DAN PENGOBATAN","TIPE_2":"KLINIK","TIPE_3":"KLINIK UMUM","TELEPON":"","ALAMAT":"JL. GATAK, CANCANGAN, WUKIRSARI, KEC. CANGKRINGAN, KABUPATEN SLEMAN, DAERAH ISTIMEWA YOGYAKARTA 55583","ID_PROV":"34","PROVINSI":"DAERAH ISTIMEWA YOGYAKARTA","ID_KABKOT":"34.04","KABKOT":"SLEMAN","ID_KEC":"34.04.17","KECAMATAN":"CANGKRINGAN","ID_DESA":"34.04.17.2002","DESA":"WUKIRSARI","LONGITUDE":110.4337518,"LATITUDE":-7.6404954,"STATUS":"BUKA","TANGGAL PENGUMPULAN":"Q1 2024","TANGGAL UPDATE":"28/02/2025"}},{"type":"Feature","geometry":{"coordinates":[110.3922178,-7.7399115],"type":"Point"},"properties":{"NAMA":"ELVYA MEDIKA KALIURANG","TIPE_1":"KESEHATAN DAN PENGOBATAN","TIPE_2":"KLINIK","TIPE_3":"KLINIK UMUM","TELEPON":"0812-3262-8742","ALAMAT":"KALIURANG ST, NGABEAN KULON, SINDUHARJO, NGAGLIK, SLEMAN REGENCY, SPECIAL REGION OF YOGYAKARTA","ID_PROV":"34","PROVINSI":"DAERAH ISTIMEWA YOGYAKARTA","ID_KABKOT":"34.04","KABKOT":"SLEMAN","ID_KEC":"34.04.12","KECAMATAN":"NGAGLIK","ID_DESA":"34.04.12.2003","DESA":"SINDUHARJO","LONGITUDE":110.3922178,"LATITUDE":-7.7399115,"STATUS":"BUKA","TANGGAL PENGUMPULAN":"Q1 2024","TANGGAL UPDATE":"28/02/2025"}},{"type":"Feature","geometry":{"coordinates":[110.3880666,-7.6896456],"type":"Point"},"properties":{"NAMA":"PRAKTEK DOKTER HEWAN DRH YUNI TITA SARI","TIPE_1":"KESEHATAN DAN PENGOBATAN","TIPE_2":"KLINIK","TIPE_3":"KLINIK UMUM","TELEPON":"0815-4856-5101","ALAMAT":"KASENAN, DONOHARJO, KEC. NGAGLIK, KABUPATEN SLEMAN, DAERAH ISTIMEWA YOGYAKARTA 55581","ID_PROV":"34","PROVINSI":"DAERAH ISTIMEWA YOGYAKARTA","ID_KABKOT":"34.04","KABKOT":"SLEMAN","ID_KEC":"34.04.12","KECAMATAN":"NGAGLIK","ID_DESA":"34.04.12.2006","DESA":"DONOHARJO","LONGITUDE":110.3880666,"LATITUDE":-7.6896456,"STATUS":"BUKA","TANGGAL PENGUMPULAN":"Q1 2024","TANGGAL UPDATE":"28/02/2025"}},{"type":"Feature","geometry":{"coordinates":[110.3243548,-7.7990105],"type":"Point"},"properties":{"NAMA":"DR CHOOLIS NOOR MUTASLIMAH, MPH","TIPE_1":"KESEHATAN DAN PENGOBATAN","TIPE_2":"KLINIK","TIPE_3":"KLINIK UMUM","TELEPON":"0822-6507-9844","ALAMAT":"JL. GAMPING TENGAH NO.02/15, GAMPING TENGAH, AMBARKETAWANG, KEC. GAMPING, KABUPATEN SLEMAN, DAERAH ISTIMEWA YOGYAKARTA 55294","ID_PROV":"34","PROVINSI":"DAERAH ISTIMEWA YOGYAKARTA","ID_KABKOT":"34.04","KABKOT":"SLEMAN","ID_KEC":"34.04.01","KECAMATAN":"GAMPING","ID_DESA":"34.04.01.2002","DESA":"AMBARKETAWANG","LONGITUDE":110.3243548,"LATITUDE":-7.7990105,"STATUS":"BUKA","TANGGAL PENGUMPULAN":"Q1 2024","TANGGAL UPDATE":"28/02/2025"}},{"type":"Feature","geometry":{"coordinates":[110.3217777,-7.7936941],"type":"Point"},"properties":{"NAMA":"KLINIK PRATAMA AMANDA","TIPE_1":"KESEHATAN DAN PENGOBATAN","TIPE_2":"KLINIK","TIPE_3":"KLINIK UMUM","TELEPON":"(0274) 797085","ALAMAT":"GG. PATUKAN, PATUKAN, AMBARKETAWANG, KEC. GAMPING, KABUPATEN SLEMAN, DAERAH ISTIMEWA YOGYAKARTA 55294","ID_PROV":"34","PROVINSI":"DAERAH ISTIMEWA YOGYAKARTA","ID_KABKOT":"34.04","KABKOT":"SLEMAN","ID_KEC":"34.04.01","KECAMATAN":"GAMPING","ID_DESA":"34.04.01.2002","DESA":"AMBARKETAWANG","LONGITUDE":110.3217777,"LATITUDE":-7.7936941,"STATUS":"BUKA","TANGGAL PENGUMPULAN":"Q1 2024","TANGGAL UPDATE":"28/02/2025"}},{"type":"Feature","geometry":{"coordinates":[110.3331027,-7.7699561],"type":"Point"},"properties":{"NAMA":"KLINIK DR. ABDUL LATIEF H","TIPE_1":"KESEHATAN DAN PENGOBATAN","TIPE_2":"KLINIK","TIPE_3":"KLINIK UMUM","TELEPON":"(0274) 7475553","ALAMAT":"JL. SALAKAN BARU NO.26 B, NOGOSAREN, NOGOTIRTO, KEC. GAMPING, KABUPATEN SLEMAN, DAERAH ISTIMEWA YOGYAKARTA 55592","ID_PROV":"34","PROVINSI":"DAERAH ISTIMEWA YOGYAKARTA","ID_KABKOT":"34.04","KABKOT":"SLEMAN","ID_KEC":"34.04.01","KECAMATAN":"GAMPING","ID_DESA":"34.04.01.2004","DESA":"NOGOTIRTO","LONGITUDE":110.3331027,"LATITUDE":-7.7699561,"STATUS":"BUKA","TANGGAL PENGUMPULAN":"Q1 2024","TANGGAL UPDATE":"28/02/2025"}},{"type":"Feature","geometry":{"coordinates":[110.341481,-7.779354],"type":"Point"},"properties":{"NAMA":"DR. DIAH INDRATI","TIPE_1":"KESEHATAN DAN PENGOBATAN","TIPE_2":"KLINIK","TIPE_3":"KLINIK UMUM","TELEPON":"(0274) 583646","ALAMAT":"APOTEK DINA FARMA, JL. NGAPAK - KENTHENG NO.4,5, AREA SAWAH, BANYURADEN, KEC. GAMPING, KABUPATEN SLEMAN, DAERAH ISTIMEWA YOGYAKARTA 55293","ID_PROV":"34","PROVINSI":"DAERAH ISTIMEWA YOGYAKARTA","ID_KABKOT":"34.04","KABKOT":"SLEMAN","ID_KEC":"34.04.01","KECAMATAN":"GAMPING","ID_DESA":"34.04.01.2003","DESA":"BANYURADEN","LONGITUDE":110.341481,"LATITUDE":-7.779354,"STATUS":"BUKA","TANGGAL PENGUMPULAN":"Q1 2024","TANGGAL UPDATE":"28/02/2025"}},{"type":"Feature","geometry":{"coordinates":[110.3296996,-7.7993388],"type":"Point"},"properties":{"NAMA":"KLINIK PRATAMA PMI DIY","TIPE_1":"KESEHATAN DAN PENGOBATAN","TIPE_2":"KLINIK","TIPE_3":"KLINIK UMUM","TELEPON":"(0274) 6499649","ALAMAT":"JL.RING ROAD BARAT NO.03 RT. 09 RW. 15, PATUK, AREA SAWAH, BANYURADEN, KEC. GAMPING, KABUPATEN SLEMAN, DAERAH ISTIMEWA YOGYAKARTA 55293","ID_PROV":"34","PROVINSI":"DAERAH ISTIMEWA YOGYAKARTA","ID_KABKOT":"34.04","KABKOT":"SLEMAN","ID_KEC":"34.04.01","KECAMATAN":"GAMPING","ID_DESA":"34.04.01.2003","DESA":"BANYURADEN","LONGITUDE":110.3296996,"LATITUDE":-7.7993388,"STATUS":"BUKA","TANGGAL PENGUMPULAN":"Q1 2024","TANGGAL UPDATE":"28/02/2025"}},{"type":"Feature","geometry":{"coordinates":[110.406913,-7.7439168],"type":"Point"},"properties":{"NAMA":"KLINIK DR.QTA","TIPE_1":"KESEHATAN DAN PENGOBATAN","TIPE_2":"KLINIK","TIPE_3":"KLINIK UMUM","TELEPON":"(0274) 880770","ALAMAT":"JL. PONDOK RAYA, MLADANGAN, MINOMARTANI, KEC. NGAGLIK, KABUPATEN SLEMAN, DAERAH ISTIMEWA YOGYAKARTA 55581","ID_PROV":"34","PROVINSI":"DAERAH ISTIMEWA YOGYAKARTA","ID_KABKOT":"34.04","KABKOT":"SLEMAN","ID_KEC":"34.04.12","KECAMATAN":"NGAGLIK","ID_DESA":"34.04.12.2002","DESA":"MINOMARTANI","LONGITUDE":110.406913,"LATITUDE":-7.7439168,"STATUS":"BUKA","TANGGAL PENGUMPULAN":"Q1 2024","TANGGAL UPDATE":"28/02/2025"}},{"type":"Feature","geometry":{"coordinates":[110.3304886,-7.7769356],"type":"Point"},"properties":{"NAMA":"MH CLINIC VACCINE CARE CENTER","TIPE_1":"KESEHATAN DAN PENGOBATAN","TIPE_2":"KLINIK","TIPE_3":"KLINIK UMUM","TELEPON":"0813-9348-5808","ALAMAT":"JL GODEAN KM.6 NO.53 NGABEAN, NOGOSAREN, NOGOTIRTO, KEC. GAMPING, KABUPATEN SLEMAN, DAERAH ISTIMEWA YOGYAKARTA 55592","ID_PROV":"34","PROVINSI":"DAERAH ISTIMEWA YOGYAKARTA","ID_KABKOT":"34.04","KABKOT":"SLEMAN","ID_KEC":"34.04.01","KECAMATAN":"GAMPING","ID_DESA":"34.04.01.2004","DESA":"NOGOTIRTO","LONGITUDE":110.3304886,"LATITUDE":-7.7769356,"STATUS":"BUKA","TANGGAL PENGUMPULAN":"Q1 2024","TANGGAL UPDATE":"28/02/2025"}},{"type":"Feature","geometry":{"coordinates":[110.325425,-7.8035108],"type":"Point"},"properties":{"NAMA":"KLINIK SIPILIS DAN GONORE HERBATURE","TIPE_1":"KESEHATAN DAN PENGOBATAN","TIPE_2":"KLINIK","TIPE_3":"KLINIK UMUM","TELEPON":"0852-9006-5455","ALAMAT":"JL. RING ROAD SELATAN NO.115, GAMPING KIDUL, AMBARKETAWANG, KEC. GAMPING, KABUPATEN SLEMAN, DAERAH ISTIMEWA YOGYAKARTA 55294","ID_PROV":"34","PROVINSI":"DAERAH ISTIMEWA YOGYAKARTA","ID_KABKOT":"34.04","KABKOT":"SLEMAN","ID_KEC":"34.04.01","KECAMATAN":"GAMPING","ID_DESA":"34.04.01.2002","DESA":"AMBARKETAWANG","LONGITUDE":110.325425,"LATITUDE":-7.8035108,"STATUS":"BUKA","TANGGAL PENGUMPULAN":"Q1 2024","TANGGAL UPDATE":"28/02/2025"}},{"type":"Feature","geometry":{"coordinates":[110.3410055,-7.7702747],"type":"Point"},"properties":{"NAMA":"KLINIK BUNDA HUSADA","TIPE_1":"KESEHATAN DAN PENGOBATAN","TIPE_2":"KLINIK","TIPE_3":"KLINIK UMUM","TELEPON":"0815-7873-7607","ALAMAT":"KARANG TENGAH NO 76 RT 02/10 NOGOTIRTO GAMPING SLEMAN YOGJAKARTA, KARANG WETAN, NOGOTIRTO, KEC. GAMPING, KABUPATEN SLEMAN, DAERAH ISTIMEWA YOGYAKARTA 55592","ID_PROV":"34","PROVINSI":"DAERAH ISTIMEWA YOGYAKARTA","ID_KABKOT":"34.04","KABKOT":"SLEMAN","ID_KEC":"34.04.01","KECAMATAN":"GAMPING","ID_DESA":"34.04.01.2004","DESA":"NOGOTIRTO","LONGITUDE":110.3410055,"LATITUDE":-7.7702747,"STATUS":"BUKA","TANGGAL PENGUMPULAN":"Q1 2024","TANGGAL UPDATE":"28/02/2025"}},{"type":"Feature","geometry":{"coordinates":[110.4148393,-7.6848492],"type":"Point"},"properties":{"NAMA":"DR. ARROSYID AZMIE","TIPE_1":"KESEHATAN DAN PENGOBATAN","TIPE_2":"KLINIK","TIPE_3":"KLINIK UMUM","TELEPON":"0812-2503-1270","ALAMAT":"JL. DEGOLAN NO.3, NGEMPLAK, UMBULMARTANI, KEC. NGEMPLAK, KABUPATEN SLEMAN, DAERAH ISTIMEWA YOGYAKARTA 55584","ID_PROV":"34","PROVINSI":"DAERAH ISTIMEWA YOGYAKARTA","ID_KABKOT":"34.04","KABKOT":"SLEMAN","ID_KEC":"34.04.11","KECAMATAN":"NGEMPLAK","ID_DESA":"34.04.11.2005","DESA":"UMBULMARTANI","LONGITUDE":110.4148393,"LATITUDE":-7.6848492,"STATUS":"BUKA","TANGGAL PENGUMPULAN":"Q1 2024","TANGGAL UPDATE":"28/02/2025"}},{"type":"Feature","geometry":{"coordinates":[110.4264131,-7.6803982],"type":"Point"},"properties":{"NAMA":"KLINIK RATIJO HUSADA","TIPE_1":"KESEHATAN DAN PENGOBATAN","TIPE_2":"KLINIK","TIPE_3":"KLINIK UMUM","TELEPON":"(0274) 897254","ALAMAT":"JL. MECES - POKOH, SAKI, UMBULMARTANI, KEC. NGEMPLAK, KABUPATEN SLEMAN, DAERAH ISTIMEWA YOGYAKARTA 55584","ID_PROV":"34","PROVINSI":"DAERAH ISTIMEWA YOGYAKARTA","ID_KABKOT":"34.04","KABKOT":"SLEMAN","ID_KEC":"34.04.11","KECAMATAN":"NGEMPLAK","ID_DESA":"34.04.11.2005","DESA":"UMBULMARTANI","LONGITUDE":110.4264131,"LATITUDE":-7.6803982,"STATUS":"BUKA","TANGGAL PENGUMPULAN":"Q1 2024","TANGGAL UPDATE":"28/02/2025"}},{"type":"Feature","geometry":{"coordinates":[110.2965578,-7.7784957],"type":"Point"},"properties":{"NAMA":"KLINIK PRATAMA UTAMI","TIPE_1":"KESEHATAN DAN PENGOBATAN","TIPE_2":"KLINIK","TIPE_3":"KLINIK UMUM","TELEPON":"","ALAMAT":"SEMBUH WETAN, SIDOKARTO, KEC. GODEAN, KABUPATEN SLEMAN, DAERAH ISTIMEWA YOGYAKARTA 55264","ID_PROV":"34","PROVINSI":"DAERAH ISTIMEWA YOGYAKARTA","ID_KABKOT":"34.04","KABKOT":"SLEMAN","ID_KEC":"34.04.02","KECAMATAN":"GODEAN","ID_DESA":"34.04.02.2005","DESA":"SIDOKARTO","LONGITUDE":110.2965578,"LATITUDE":-7.7784957,"STATUS":"BUKA","TANGGAL PENGUMPULAN":"Q1 2024","TANGGAL UPDATE":"28/02/2025"}},{"type":"Feature","geometry":{"coordinates":[110.4644047,-7.7677716],"type":"Point"},"properties":{"NAMA":"DOKTER GOCIK AGUNG PRASETYO","TIPE_1":"KESEHATAN DAN PENGOBATAN","TIPE_2":"KLINIK","TIPE_3":"KLINIK UMUM","TELEPON":"0812-2695-7787","ALAMAT":"JALAN CANGKRINGAN NO.KM. 1, KARANG KALASAN, TIRTOMARTANI, KEC. KALASAN, KABUPATEN SLEMAN, DAERAH ISTIMEWA YOGYAKARTA 55571","ID_PROV":"34","PROVINSI":"DAERAH ISTIMEWA YOGYAKARTA","ID_KABKOT":"34.04","KABKOT":"SLEMAN","ID_KEC":"34.04.10","KECAMATAN":"KALASAN","ID_DESA":"34.04.10.2002","DESA":"TIRTOMARTANI","LONGITUDE":110.4644047,"LATITUDE":-7.7677716,"STATUS":"BUKA","TANGGAL PENGUMPULAN":"Q1 2024","TANGGAL UPDATE":"28/02/2025"}},{"type":"Feature","geometry":{"coordinates":[110.3896867,-7.733714],"type":"Point"},"properties":{"NAMA":"KLINIK DIALISIS DAMAI SEJAHTERA","TIPE_1":"KESEHATAN DAN PENGOBATAN","TIPE_2":"KLINIK","TIPE_3":"KLINIK UMUM","TELEPON":"(0274) 4986247","ALAMAT":"JL. DAMAI NO.12, RT.30/RW.06, BANTENG, SINDUHARJO, KEC. NGAGLIK, KABUPATEN SLEMAN, DAERAH ISTIMEWA YOGYAKARTA 55581","ID_PROV":"34","PROVINSI":"DAERAH ISTIMEWA YOGYAKARTA","ID_KABKOT":"34.04","KABKOT":"SLEMAN","ID_KEC":"34.04.12","KECAMATAN":"NGAGLIK","ID_DESA":"34.04.12.2003","DESA":"SINDUHARJO","LONGITUDE":110.3896867,"LATITUDE":-7.733714,"STATUS":"BUKA","TANGGAL PENGUMPULAN":"Q1 2024","TANGGAL UPDATE":"28/02/2025"}},{"type":"Feature","geometry":{"coordinates":[110.3182399,-7.6496762],"type":"Point"},"properties":{"NAMA":"KLINIK PRATAMA SOSROMIHARJO","TIPE_1":"KESEHATAN DAN PENGOBATAN","TIPE_2":"KLINIK","TIPE_3":"KLINIK UMUM","TELEPON":"0819-0403-4227","ALAMAT":"KRASAKAN, LUMBUNGREJO, KEC. TEMPEL, KABUPATEN SLEMAN, DAERAH ISTIMEWA YOGYAKARTA 55552","ID_PROV":"34","PROVINSI":"DAERAH ISTIMEWA YOGYAKARTA","ID_KABKOT":"34.04","KABKOT":"SLEMAN","ID_KEC":"34.04.14","KECAMATAN":"TEMPEL","ID_DESA":"34.04.14.2007","DESA":"LUMBUNGREJO","LONGITUDE":110.3182399,"LATITUDE":-7.6496762,"STATUS":"BUKA","TANGGAL PENGUMPULAN":"Q1 2024","TANGGAL UPDATE":"28/02/2025"}},{"type":"Feature","geometry":{"coordinates":[110.4098746,-7.7373733],"type":"Point"},"properties":{"NAMA":"KLINIK HEWAN DRH. PAM","TIPE_1":"KESEHATAN DAN PENGOBATAN","TIPE_2":"KLINIK","TIPE_3":"KLINIK UMUM","TELEPON":"0821-4703-2618","ALAMAT":"JL. NGGREMENG NO.61, BAKUNGAN, WEDOMARTANI, NGEMPLAK, SLEMAN REGENCY, SPECIAL REGION OF YOGYAKARTA 55282","ID_PROV":"34","PROVINSI":"DAERAH ISTIMEWA YOGYAKARTA","ID_KABKOT":"34.04","KABKOT":"SLEMAN","ID_KEC":"34.04.11","KECAMATAN":"NGEMPLAK","ID_DESA":"34.04.11.2004","DESA":"WEDOMARTANI","LONGITUDE":110.4098746,"LATITUDE":-7.7373733,"STATUS":"BUKA","TANGGAL PENGUMPULAN":"Q1 2024","TANGGAL UPDATE":"28/02/2025"}},{"type":"Feature","geometry":{"coordinates":[110.4344792,-7.735785],"type":"Point"},"properties":{"NAMA":"PRAKTEK DOKTER MANDIRI","TIPE_1":"KESEHATAN DAN PENGOBATAN","TIPE_2":"KLINIK","TIPE_3":"KLINIK UMUM","TELEPON":"0858-1776-6409","ALAMAT":"KENAYAN, WEDOMARTANI, KEC. NGEMPLAK, KABUPATEN SLEMAN, DAERAH ISTIMEWA YOGYAKARTA 55584","ID_PROV":"34","PROVINSI":"DAERAH ISTIMEWA YOGYAKARTA","ID_KABKOT":"34.04","KABKOT":"SLEMAN","ID_KEC":"34.04.11","KECAMATAN":"NGEMPLAK","ID_DESA":"34.04.11.2004","DESA":"WEDOMARTANI","LONGITUDE":110.4344792,"LATITUDE":-7.735785,"STATUS":"BUKA","TANGGAL PENGUMPULAN":"Q1 2024","TANGGAL UPDATE":"28/02/2025"}},{"type":"Feature","geometry":{"coordinates":[110.4187323,-7.6996345],"type":"Point"},"properties":{"NAMA":"KLINIK DR. TITIE ENDARTY","TIPE_1":"KESEHATAN DAN PENGOBATAN","TIPE_2":"KLINIK","TIPE_3":"KLINIK UMUM","TELEPON":"(0274) 897562","ALAMAT":"GIRIRUPO NO.516, BESI, SUKOHARJO, KEC. NGAGLIK, KABUPATEN SLEMAN, DAERAH ISTIMEWA YOGYAKARTA 55581","ID_PROV":"34","PROVINSI":"DAERAH ISTIMEWA YOGYAKARTA","ID_KABKOT":"34.04","KABKOT":"SLEMAN","ID_KEC":"34.04.12","KECAMATAN":"NGAGLIK","ID_DESA":"34.04.12.2004","DESA":"SUKOHARJO","LONGITUDE":110.4187323,"LATITUDE":-7.6996345,"STATUS":"BUKA","TANGGAL PENGUMPULAN":"Q1 2024","TANGGAL UPDATE":"28/02/2025"}},{"type":"Feature","geometry":{"coordinates":[110.4106745,-7.6844844],"type":"Point"},"properties":{"NAMA":"DR. ISTIYANTO","TIPE_1":"KESEHATAN DAN PENGOBATAN","TIPE_2":"KLINIK","TIPE_3":"KLINIK UMUM","TELEPON":"","ALAMAT":"KRAWITAN, UMBULMARTANI, KEC. NGEMPLAK, KABUPATEN SLEMAN, DAERAH ISTIMEWA YOGYAKARTA 55584","ID_PROV":"34","PROVINSI":"DAERAH ISTIMEWA YOGYAKARTA","ID_KABKOT":"34.04","KABKOT":"SLEMAN","ID_KEC":"34.04.11","KECAMATAN":"NGEMPLAK","ID_DESA":"34.04.11.2005","DESA":"UMBULMARTANI","LONGITUDE":110.4106745,"LATITUDE":-7.6844844,"STATUS":"BUKA","TANGGAL PENGUMPULAN":"Q1 2024","TANGGAL UPDATE":"28/02/2025"}},{"type":"Feature","geometry":{"coordinates":[110.3420651,-7.7487886],"type":"Point"},"properties":{"NAMA":"KLINIK PERTANIAN ORGANIK","TIPE_1":"KESEHATAN DAN PENGOBATAN","TIPE_2":"KLINIK","TIPE_3":"KLINIK UMUM","TELEPON":"(0274) 2117622","ALAMAT":"JL RING ROAD BARAT, KREDITAN NO. 1/26, TRIHANGGO, KRANGGAHAN II, TRIHANGGO, KEC. SLEMAN, KABUPATEN SLEMAN, DAERAH ISTIMEWA YOGYAKARTA 55291","ID_PROV":"34","PROVINSI":"DAERAH ISTIMEWA YOGYAKARTA","ID_KABKOT":"34.04","KABKOT":"SLEMAN","ID_KEC":"34.04.01","KECAMATAN":"GAMPING","ID_DESA":"34.04.01.2005","DESA":"TRIHANGGO","LONGITUDE":110.3420651,"LATITUDE":-7.7487886,"STATUS":"BUKA","TANGGAL PENGUMPULAN":"Q1 2024","TANGGAL UPDATE":"28/02/2025"}},{"type":"Feature","geometry":{"coordinates":[110.3508539,-7.7373318],"type":"Point"},"properties":{"NAMA":"KLINIK","TIPE_1":"KESEHATAN DAN PENGOBATAN","TIPE_2":"KLINIK","TIPE_3":"KLINIK UMUM","TELEPON":"","ALAMAT":"KRANGGAHAN I, TRIHANGGO, KEC. GAMPING, KABUPATEN SLEMAN, DAERAH ISTIMEWA YOGYAKARTA 55291","ID_PROV":"34","PROVINSI":"DAERAH ISTIMEWA YOGYAKARTA","ID_KABKOT":"34.04","KABKOT":"SLEMAN","ID_KEC":"34.04.01","KECAMATAN":"GAMPING","ID_DESA":"34.04.01.2005","DESA":"TRIHANGGO","LONGITUDE":110.3508539,"LATITUDE":-7.7373318,"STATUS":"BUKA","TANGGAL PENGUMPULAN":"Q1 2024","TANGGAL UPDATE":"28/02/2025"}},{"type":"Feature","geometry":{"coordinates":[110.3300719,-7.7643203],"type":"Point"},"properties":{"NAMA":"KLINIK PAMULANGAN","TIPE_1":"KESEHATAN DAN PENGOBATAN","TIPE_2":"KLINIK","TIPE_3":"KLINIK UMUM","TELEPON":"0823-2918-8298","ALAMAT":"SAWAHAN, RT.07/RW.30, NOGOTIRTO, KEC. GAMPING, KABUPATEN SLEMAN, DAERAH ISTIMEWA YOGYAKARTA","ID_PROV":"34","PROVINSI":"DAERAH ISTIMEWA YOGYAKARTA","ID_KABKOT":"34.04","KABKOT":"SLEMAN","ID_KEC":"34.04.01","KECAMATAN":"GAMPING","ID_DESA":"34.04.01.2004","DESA":"NOGOTIRTO","LONGITUDE":110.3300719,"LATITUDE":-7.7643203,"STATUS":"BUKA","TANGGAL PENGUMPULAN":"Q1 2024","TANGGAL UPDATE":"28/02/2025"}},{"type":"Feature","geometry":{"coordinates":[110.286022,-7.772347],"type":"Point"},"properties":{"NAMA":"PRAKTEK DOKTER UMUM DR. ADINA","TIPE_1":"KESEHATAN DAN PENGOBATAN","TIPE_2":"KLINIK","TIPE_3":"KLINIK UMUM","TELEPON":"","ALAMAT":"JL. SUPARJO, DADAPAN, SIDOLUHUR, KEC. GODEAN, KABUPATEN SLEMAN, DAERAH ISTIMEWA YOGYAKARTA 55264","ID_PROV":"34","PROVINSI":"DAERAH ISTIMEWA YOGYAKARTA","ID_KABKOT":"34.04","KABKOT":"SLEMAN","ID_KEC":"34.04.02","KECAMATAN":"GODEAN","ID_DESA":"34.04.02.2002","DESA":"SIDOLUHUR","LONGITUDE":110.286022,"LATITUDE":-7.772347,"STATUS":"BUKA","TANGGAL PENGUMPULAN":"Q1 2024","TANGGAL UPDATE":"28/02/2025"}},{"type":"Feature","geometry":{"coordinates":[110.3245123,-7.7739846],"type":"Point"},"properties":{"NAMA":"KLINIK UTAMA NURANI","TIPE_1":"KESEHATAN DAN PENGOBATAN","TIPE_2":"KLINIK","TIPE_3":"KLINIK UMUM","TELEPON":"(0274) 6496135","ALAMAT":"GG. ARWANA NO.1, COKRO GEDOK, SIDOARUM, KEC. GODEAN, KABUPATEN SLEMAN, DAERAH ISTIMEWA YOGYAKARTA 55564","ID_PROV":"34","PROVINSI":"DAERAH ISTIMEWA YOGYAKARTA","ID_KABKOT":"34.04","KABKOT":"SLEMAN","ID_KEC":"34.04.02","KECAMATAN":"GODEAN","ID_DESA":"34.04.02.2006","DESA":"SIDOARUM","LONGITUDE":110.3245123,"LATITUDE":-7.7739846,"STATUS":"BUKA","TANGGAL PENGUMPULAN":"Q1 2024","TANGGAL UPDATE":"28/02/2025"}},{"type":"Feature","geometry":{"coordinates":[110.3404827,-7.7006971],"type":"Point"},"properties":{"NAMA":"KLINIK UTAMA RAWAT INAP IBU DAN ANAK IBUNDA","TIPE_1":"KESEHATAN DAN PENGOBATAN","TIPE_2":"KLINIK","TIPE_3":"KLINIK UMUM","TELEPON":"(0274) 868903","ALAMAT":"JL LETKOL SUBADRI KM0.5, SLEMAN 3, TRIHARJO, KEC. SLEMAN, KABUPATEN SLEMAN, DAERAH ISTIMEWA YOGYAKARTA 55514","ID_PROV":"34","PROVINSI":"DAERAH ISTIMEWA YOGYAKARTA","ID_KABKOT":"34.04","KABKOT":"SLEMAN","ID_KEC":"34.04.13","KECAMATAN":"SLEMAN","ID_DESA":"34.04.13.2002","DESA":"TRIHARJO","LONGITUDE":110.3404827,"LATITUDE":-7.7006971,"STATUS":"BUKA","TANGGAL PENGUMPULAN":"Q1 2024","TANGGAL UPDATE":"28/02/2025"}},{"type":"Feature","geometry":{"coordinates":[110.4189239,-7.6836785],"type":"Point"},"properties":{"NAMA":"KHITAN HOME VISIT SAKA MEDIKA","TIPE_1":"KESEHATAN DAN PENGOBATAN","TIPE_2":"KLINIK","TIPE_3":"KLINIK UMUM","TELEPON":"0896-0837-9678","ALAMAT":"KALIURANG ST NO.KM 15, NGEMPLAK, UMBULMARTANI, NGEMPLAK, SLEMAN REGENCY, SPECIAL REGION OF YOGYAKARTA 55511","ID_PROV":"34","PROVINSI":"DAERAH ISTIMEWA YOGYAKARTA","ID_KABKOT":"34.04","KABKOT":"SLEMAN","ID_KEC":"34.04.11","KECAMATAN":"NGEMPLAK","ID_DESA":"34.04.11.2005","DESA":"UMBULMARTANI","LONGITUDE":110.4189239,"LATITUDE":-7.6836785,"STATUS":"BUKA","TANGGAL PENGUMPULAN":"Q1 2024","TANGGAL UPDATE":"28/02/2025"}},{"type":"Feature","geometry":{"coordinates":[110.425142,-7.6837673],"type":"Point"},"properties":{"NAMA":"DR. NOVI KHARISMA (PRAKTIK UMUM)","TIPE_1":"KESEHATAN DAN PENGOBATAN","TIPE_2":"KLINIK","TIPE_3":"KLINIK UMUM","TELEPON":"0812-3116-2155","ALAMAT":"JL. NGEMPLAK 1, RT.05/RW.14, PUNTUK II, UMBULMARTANI, KEC. NGEMPLAK, KABUPATEN SLEMAN, DAERAH ISTIMEWA YOGYAKARTA 55584","ID_PROV":"34","PROVINSI":"DAERAH ISTIMEWA YOGYAKARTA","ID_KABKOT":"34.04","KABKOT":"SLEMAN","ID_KEC":"34.04.11","KECAMATAN":"NGEMPLAK","ID_DESA":"34.04.11.2005","DESA":"UMBULMARTANI","LONGITUDE":110.425142,"LATITUDE":-7.6837673,"STATUS":"BUKA","TANGGAL PENGUMPULAN":"Q1 2024","TANGGAL UPDATE":"28/02/2025"}},{"type":"Feature","geometry":{"coordinates":[110.4210218,-7.7390278],"type":"Point"},"properties":{"NAMA":"PRAKTEK DOKTER MITRA HUSADA","TIPE_1":"KESEHATAN DAN PENGOBATAN","TIPE_2":"KLINIK","TIPE_3":"KLINIK UMUM","TELEPON":"0816-4224-411","ALAMAT":"JL. GARUDA NO.55584, MALANGREJO, WEDOMARTANI, KEC. NGEMPLAK, KABUPATEN SLEMAN, DAERAH ISTIMEWA YOGYAKARTA 55584","ID_PROV":"34","PROVINSI":"DAERAH ISTIMEWA YOGYAKARTA","ID_KABKOT":"34.04","KABKOT":"SLEMAN","ID_KEC":"34.04.11","KECAMATAN":"NGEMPLAK","ID_DESA":"34.04.11.2004","DESA":"WEDOMARTANI","LONGITUDE":110.4210218,"LATITUDE":-7.7390278,"STATUS":"BUKA","TANGGAL PENGUMPULAN":"Q1 2024","TANGGAL UPDATE":"28/02/2025"}},{"type":"Feature","geometry":{"coordinates":[110.4669899,-7.7038801],"type":"Point"},"properties":{"NAMA":"KLINIK KOLBU","TIPE_1":"KESEHATAN DAN PENGOBATAN","TIPE_2":"KLINIK","TIPE_3":"KLINIK UMUM","TELEPON":"0898-0708-000","ALAMAT":"AREA SAWAH, BIMOMARTANI, NGEMPLAK, SLEMAN REGENCY, SPECIAL REGION OF YOGYAKARTA 55584","ID_PROV":"34","PROVINSI":"DAERAH ISTIMEWA YOGYAKARTA","ID_KABKOT":"34.04","KABKOT":"SLEMAN","ID_KEC":"34.04.11","KECAMATAN":"NGEMPLAK","ID_DESA":"34.04.11.2002","DESA":"BIMOMARTANI","LONGITUDE":110.4669899,"LATITUDE":-7.7038801,"STATUS":"BUKA","TANGGAL PENGUMPULAN":"Q1 2024","TANGGAL UPDATE":"28/02/2025"}},{"type":"Feature","geometry":{"coordinates":[110.4346509,-7.7369301],"type":"Point"},"properties":{"NAMA":"PRAKTEK UMUM PITU (PITU HEALTH CARE)","TIPE_1":"KESEHATAN DAN PENGOBATAN","TIPE_2":"KLINIK","TIPE_3":"KLINIK UMUM","TELEPON":"0895-4009-47888","ALAMAT":"NOMPOREJO, KENAYAN, WEDOMARTANI, KEC. NGEMPLAK, KABUPATEN SLEMAN, DAERAH ISTIMEWA YOGYAKARTA 55584","ID_PROV":"34","PROVINSI":"DAERAH ISTIMEWA YOGYAKARTA","ID_KABKOT":"34.04","KABKOT":"SLEMAN","ID_KEC":"34.04.11","KECAMATAN":"NGEMPLAK","ID_DESA":"34.04.11.2004","DESA":"WEDOMARTANI","LONGITUDE":110.4346509,"LATITUDE":-7.7369301,"STATUS":"BUKA","TANGGAL PENGUMPULAN":"Q1 2024","TANGGAL UPDATE":"28/02/2025"}},{"type":"Feature","geometry":{"coordinates":[110.4345183,-7.7401491],"type":"Point"},"properties":{"NAMA":"KLINIK DR. BUDI DARMONO","TIPE_1":"KESEHATAN DAN PENGOBATAN","TIPE_2":"KLINIK","TIPE_3":"KLINIK UMUM","TELEPON":"","ALAMAT":"KENAYAN, WEDOMARTANI, KEC. NGEMPLAK, KABUPATEN SLEMAN, DAERAH ISTIMEWA YOGYAKARTA 55584","ID_PROV":"34","PROVINSI":"DAERAH ISTIMEWA YOGYAKARTA","ID_KABKOT":"34.04","KABKOT":"SLEMAN","ID_KEC":"34.04.11","KECAMATAN":"NGEMPLAK","ID_DESA":"34.04.11.2004","DESA":"WEDOMARTANI","LONGITUDE":110.4345183,"LATITUDE":-7.7401491,"STATUS":"BUKA","TANGGAL PENGUMPULAN":"Q1 2024","TANGGAL UPDATE":"28/02/2025"}},{"type":"Feature","geometry":{"coordinates":[110.4207729,-7.7391697],"type":"Point"},"properties":{"NAMA":"KLINIK MITRA HUSADA","TIPE_1":"KESEHATAN DAN PENGOBATAN","TIPE_2":"KLINIK","TIPE_3":"KLINIK UMUM","TELEPON":"","ALAMAT":"JALAN RAYA, BLOTAN, WEDOMARTANI, KEC. NGEMPLAK, KABUPATEN SLEMAN, DAERAH ISTIMEWA YOGYAKARTA 55584","ID_PROV":"34","PROVINSI":"DAERAH ISTIMEWA YOGYAKARTA","ID_KABKOT":"34.04","KABKOT":"SLEMAN","ID_KEC":"34.04.11","KECAMATAN":"NGEMPLAK","ID_DESA":"34.04.11.2004","DESA":"WEDOMARTANI","LONGITUDE":110.4207729,"LATITUDE":-7.7391697,"STATUS":"BUKA","TANGGAL PENGUMPULAN":"Q1 2024","TANGGAL UPDATE":"28/02/2025"}},{"type":"Feature","geometry":{"coordinates":[110.4685165,-7.8179552],"type":"Point"},"properties":{"NAMA":"KLINIK REJOSARI","TIPE_1":"KESEHATAN DAN PENGOBATAN","TIPE_2":"KLINIK","TIPE_3":"KLINIK UMUM","TELEPON":"0813-3315-0393","ALAMAT":"RT.1/RW.14, REJOSARI, JOGOTIRTO, KEC. BERBAH, KABUPATEN SLEMAN, DAERAH ISTIMEWA YOGYAKARTA 55573","ID_PROV":"34","PROVINSI":"DAERAH ISTIMEWA YOGYAKARTA","ID_KABKOT":"34.04","KABKOT":"SLEMAN","ID_KEC":"34.04.08","KECAMATAN":"BERBAH","ID_DESA":"34.04.08.2004","DESA":"JOGOTIRTO","LONGITUDE":110.4685165,"LATITUDE":-7.8179552,"STATUS":"BUKA","TANGGAL PENGUMPULAN":"Q1 2024","TANGGAL UPDATE":"28/02/2025"}},{"type":"Feature","geometry":{"coordinates":[110.4363213,-7.8075143],"type":"Point"},"properties":{"NAMA":"DR. NOVITA KRISNAENI, MPH","TIPE_1":"KESEHATAN DAN PENGOBATAN","TIPE_2":"KLINIK","TIPE_3":"KLINIK UMUM","TELEPON":"0821-3204-8160","ALAMAT":"KEMASAN, SENDANGTIRTO, KEC. BERBAH, KABUPATEN SLEMAN, DAERAH ISTIMEWA YOGYAKARTA 55573","ID_PROV":"34","PROVINSI":"DAERAH ISTIMEWA YOGYAKARTA","ID_KABKOT":"34.04","KABKOT":"SLEMAN","ID_KEC":"34.04.08","KECAMATAN":"BERBAH","ID_DESA":"34.04.08.2001","DESA":"SENDANGTIRTO","LONGITUDE":110.4363213,"LATITUDE":-7.8075143,"STATUS":"BUKA","TANGGAL PENGUMPULAN":"Q1 2024","TANGGAL UPDATE":"28/02/2025"}},{"type":"Feature","geometry":{"coordinates":[110.4454939,-7.7974873],"type":"Point"},"properties":{"NAMA":"DOKTER ESTI","TIPE_1":"KESEHATAN DAN PENGOBATAN","TIPE_2":"KLINIK","TIPE_3":"KLINIK UMUM","TELEPON":"0822-2381-5241","ALAMAT":"BERBAH KALI, KALITIRTO, KEC. BERBAH, KABUPATEN SLEMAN, DAERAH ISTIMEWA YOGYAKARTA 55573","ID_PROV":"34","PROVINSI":"DAERAH ISTIMEWA YOGYAKARTA","ID_KABKOT":"34.04","KABKOT":"SLEMAN","ID_KEC":"34.04.08","KECAMATAN":"BERBAH","ID_DESA":"34.04.08.2003","DESA":"KALITIRTO","LONGITUDE":110.4454939,"LATITUDE":-7.7974873,"STATUS":"BUKA","TANGGAL PENGUMPULAN":"Q1 2024","TANGGAL UPDATE":"28/02/2025"}},{"type":"Feature","geometry":{"coordinates":[110.4205023,-7.7837761],"type":"Point"},"properties":{"NAMA":"DOKTER AKIL BAEHAKI","TIPE_1":"KESEHATAN DAN PENGOBATAN","TIPE_2":"KLINIK","TIPE_3":"KLINIK UMUM","TELEPON":"(0274) 882618","ALAMAT":"JL. LAKSDA ADISUCIPTO NO.105, KALONGAN, MAGUWOHARJO, KEC. DEPOK, KABUPATEN SLEMAN, DAERAH ISTIMEWA YOGYAKARTA 55281","ID_PROV":"34","PROVINSI":"DAERAH ISTIMEWA YOGYAKARTA","ID_KABKOT":"34.04","KABKOT":"SLEMAN","ID_KEC":"34.04.07","KECAMATAN":"DEPOK","ID_DESA":"34.04.07.2002","DESA":"MAGUWOHARJO","LONGITUDE":110.4205023,"LATITUDE":-7.7837761,"STATUS":"BUKA","TANGGAL PENGUMPULAN":"Q1 2024","TANGGAL UPDATE":"28/02/2025"}},{"type":"Feature","geometry":{"coordinates":[110.451479,-7.7817086],"type":"Point"},"properties":{"NAMA":"JAGAD MEDIKA YOGYAKARTA","TIPE_1":"KESEHATAN DAN PENGOBATAN","TIPE_2":"KLINIK","TIPE_3":"KLINIK UMUM","TELEPON":"0819-0413-3172","ALAMAT":"JL. SOLO, KM 8.5, MAGUWOHARJO, SLEMAN, MANGUNAN, KALITIRTO, KEC. BERBAH, KABUPATEN SLEMAN, DAERAH ISTIMEWA YOGYAKARTA 55573","ID_PROV":"34","PROVINSI":"DAERAH ISTIMEWA YOGYAKARTA","ID_KABKOT":"34.04","KABKOT":"SLEMAN","ID_KEC":"34.04.08","KECAMATAN":"BERBAH","ID_DESA":"34.04.08.2003","DESA":"KALITIRTO","LONGITUDE":110.451479,"LATITUDE":-7.7817086,"STATUS":"BUKA","TANGGAL PENGUMPULAN":"Q1 2024","TANGGAL UPDATE":"28/02/2025"}},{"type":"Feature","geometry":{"coordinates":[110.4453388,-7.7935678],"type":"Point"},"properties":{"NAMA":"KLINIK PMB RAHAYUNINGSIH","TIPE_1":"KESEHATAN DAN PENGOBATAN","TIPE_2":"KLINIK","TIPE_3":"KLINIK UMUM","TELEPON":"","ALAMAT":"GG. SADEWO, BARAN, TEGALTIRTO, KEC. BERBAH, KABUPATEN SLEMAN, DAERAH ISTIMEWA YOGYAKARTA 55573","ID_PROV":"34","PROVINSI":"DAERAH ISTIMEWA YOGYAKARTA","ID_KABKOT":"34.04","KABKOT":"SLEMAN","ID_KEC":"34.04.08","KECAMATAN":"BERBAH","ID_DESA":"34.04.08.2003","DESA":"KALITIRTO","LONGITUDE":110.4453388,"LATITUDE":-7.7935678,"STATUS":"BUKA","TANGGAL PENGUMPULAN":"Q1 2024","TANGGAL UPDATE":"28/02/2025"}},{"type":"Feature","geometry":{"coordinates":[110.3416385,-7.70067],"type":"Point"},"properties":{"NAMA":"KLINIK DR. SUNARKO SLEMAN","TIPE_1":"KESEHATAN DAN PENGOBATAN","TIPE_2":"KLINIK","TIPE_3":"KLINIK UMUM","TELEPON":"","ALAMAT":"SLEMAN 3, TRIHARJO, KEC. SLEMAN, KABUPATEN SLEMAN, DAERAH ISTIMEWA YOGYAKARTA 55514","ID_PROV":"34","PROVINSI":"DAERAH ISTIMEWA YOGYAKARTA","ID_KABKOT":"34.04","KABKOT":"SLEMAN","ID_KEC":"34.04.13","KECAMATAN":"SLEMAN","ID_DESA":"34.04.13.2002","DESA":"TRIHARJO","LONGITUDE":110.3416385,"LATITUDE":-7.70067,"STATUS":"BUKA","TANGGAL PENGUMPULAN":"Q1 2024","TANGGAL UPDATE":"28/02/2025"}},{"type":"Feature","geometry":{"coordinates":[110.3490706,-7.695958],"type":"Point"},"properties":{"NAMA":"KLINIK BIO","TIPE_1":"KESEHATAN DAN PENGOBATAN","TIPE_2":"KLINIK","TIPE_3":"KLINIK UMUM","TELEPON":"0852-2877-2587","ALAMAT":"JL. PANDANARAN, CANDI, KRAPYAK, TRIHARJO, KEC. SLEMAN, KABUPATEN SLEMAN, DAERAH ISTIMEWA YOGYAKARTA 55514","ID_PROV":"34","PROVINSI":"DAERAH ISTIMEWA YOGYAKARTA","ID_KABKOT":"34.04","KABKOT":"SLEMAN","ID_KEC":"34.04.13","KECAMATAN":"SLEMAN","ID_DESA":"34.04.13.2002","DESA":"TRIHARJO","LONGITUDE":110.3490706,"LATITUDE":-7.695958,"STATUS":"BUKA","TANGGAL PENGUMPULAN":"Q1 2024","TANGGAL UPDATE":"28/02/2025"}},{"type":"Feature","geometry":{"coordinates":[110.346175,-7.709042],"type":"Point"},"properties":{"NAMA":"KLINIK KONSULTASI BISNIS","TIPE_1":"KESEHATAN DAN PENGOBATAN","TIPE_2":"KLINIK","TIPE_3":"KLINIK UMUM","TELEPON":"(0274) 866057","ALAMAT":"JL. DR. RADJIMIN, PATEN, TRIDADI, KEC. SLEMAN, KABUPATEN SLEMAN, DAERAH ISTIMEWA YOGYAKARTA 55511","ID_PROV":"34","PROVINSI":"DAERAH ISTIMEWA YOGYAKARTA","ID_KABKOT":"34.04","KABKOT":"SLEMAN","ID_KEC":"34.04.13","KECAMATAN":"SLEMAN","ID_DESA":"34.04.13.2003","DESA":"TRIDADI","LONGITUDE":110.346175,"LATITUDE":-7.709042,"STATUS":"BUKA","TANGGAL PENGUMPULAN":"Q1 2024","TANGGAL UPDATE":"28/02/2025"}},{"type":"Feature","geometry":{"coordinates":[110.3520599,-7.719445],"type":"Point"},"properties":{"NAMA":"KLINIK KAFFAH SLEMAN","TIPE_1":"KESEHATAN DAN PENGOBATAN","TIPE_2":"KLINIK","TIPE_3":"KLINIK UMUM","TELEPON":"0819-0172-5040","ALAMAT":"JL. PJKA, DRONO, TRIDADI, KEC. SLEMAN, KABUPATEN SLEMAN, DAERAH ISTIMEWA YOGYAKARTA 55511","ID_PROV":"34","PROVINSI":"DAERAH ISTIMEWA YOGYAKARTA","ID_KABKOT":"34.04","KABKOT":"SLEMAN","ID_KEC":"34.04.13","KECAMATAN":"SLEMAN","ID_DESA":"34.04.13.2003","DESA":"TRIDADI","LONGITUDE":110.3520599,"LATITUDE":-7.719445,"STATUS":"BUKA","TANGGAL PENGUMPULAN":"Q1 2024","TANGGAL UPDATE":"28/02/2025"}},{"type":"Feature","geometry":{"coordinates":[110.3414673,-7.7000999],"type":"Point"},"properties":{"NAMA":"KLINIK SETIA","TIPE_1":"KESEHATAN DAN PENGOBATAN","TIPE_2":"KLINIK","TIPE_3":"KLINIK UMUM","TELEPON":"","ALAMAT":"UNNAMED ROAD, SLEMAN 3, TRIHARJO, KEC. SLEMAN, KABUPATEN SLEMAN, DAERAH ISTIMEWA YOGYAKARTA 55514","ID_PROV":"34","PROVINSI":"DAERAH ISTIMEWA YOGYAKARTA","ID_KABKOT":"34.04","KABKOT":"SLEMAN","ID_KEC":"34.04.13","KECAMATAN":"SLEMAN","ID_DESA":"34.04.13.2002","DESA":"TRIHARJO","LONGITUDE":110.3414673,"LATITUDE":-7.7000999,"STATUS":"BUKA","TANGGAL PENGUMPULAN":"Q1 2024","TANGGAL UPDATE":"28/02/2025"}},{"type":"Feature","geometry":{"coordinates":[110.3412151,-7.7005357],"type":"Point"},"properties":{"NAMA":"KLINIK PRATAMA H.R.S DIRDJO WARDOJO","TIPE_1":"KESEHATAN DAN PENGOBATAN","TIPE_2":"KLINIK","TIPE_3":"KLINIK UMUM","TELEPON":"(0274) 869616","ALAMAT":"JL. LETKOL SUBADRI NO.63, SLEMAN 3, TRIHARJO, KEC. SLEMAN, KABUPATEN SLEMAN, DAERAH ISTIMEWA YOGYAKARTA 55514","ID_PROV":"34","PROVINSI":"DAERAH ISTIMEWA YOGYAKARTA","ID_KABKOT":"34.04","KABKOT":"SLEMAN","ID_KEC":"34.04.13","KECAMATAN":"SLEMAN","ID_DESA":"34.04.13.2002","DESA":"TRIHARJO","LONGITUDE":110.3412151,"LATITUDE":-7.7005357,"STATUS":"BUKA","TANGGAL PENGUMPULAN":"Q1 2024","TANGGAL UPDATE":"28/02/2025"}},{"type":"Feature","geometry":{"coordinates":[110.34035,-7.6837653],"type":"Point"},"properties":{"NAMA":"KLINIK PRATAMA KARTIKA 0732 SLEMAN","TIPE_1":"KESEHATAN DAN PENGOBATAN","TIPE_2":"KLINIK","TIPE_3":"KLINIK UMUM","TELEPON":"0888-0374-1432","ALAMAT":"KM 14, MEDARI, KEC., JL. MAGELANG, TEMULAWAK, TRIHARJO, KEC. SLEMAN, KABUPATEN SLEMAN, DAERAH ISTIMEWA YOGYAKARTA 55515","ID_PROV":"34","PROVINSI":"DAERAH ISTIMEWA YOGYAKARTA","ID_KABKOT":"34.04","KABKOT":"SLEMAN","ID_KEC":"34.04.13","KECAMATAN":"SLEMAN","ID_DESA":"34.04.13.2002","DESA":"TRIHARJO","LONGITUDE":110.34035,"LATITUDE":-7.6837653,"STATUS":"BUKA","TANGGAL PENGUMPULAN":"Q1 2024","TANGGAL UPDATE":"28/02/2025"}},{"type":"Feature","geometry":{"coordinates":[110.325178,-7.654396],"type":"Point"},"properties":{"NAMA":"PRAKTIK DOKTER UMUM DR. YANU KINTORO SUDIBYO","TIPE_1":"KESEHATAN DAN PENGOBATAN","TIPE_2":"KLINIK","TIPE_3":"KLINIK UMUM","TELEPON":"","ALAMAT":"JL. MAGELANG - YOGYAKARTA NO.27, JLEGINGAN, MARGOREJO, KEC. TEMPEL, KABUPATEN SLEMAN, DAERAH ISTIMEWA YOGYAKARTA 55552","ID_PROV":"34","PROVINSI":"DAERAH ISTIMEWA YOGYAKARTA","ID_KABKOT":"34.04","KABKOT":"SLEMAN","ID_KEC":"34.04.14","KECAMATAN":"TEMPEL","ID_DESA":"34.04.14.2006","DESA":"MARGOREJO","LONGITUDE":110.325178,"LATITUDE":-7.654396,"STATUS":"BUKA","TANGGAL PENGUMPULAN":"Q1 2024","TANGGAL UPDATE":"28/02/2025"}},{"type":"Feature","geometry":{"coordinates":[110.3834528,-7.7190085],"type":"Point"},"properties":{"NAMA":"DOKTER PRAKTEK DR. JIMMY","TIPE_1":"KESEHATAN DAN PENGOBATAN","TIPE_2":"KLINIK","TIPE_3":"KLINIK UMUM","TELEPON":"0821-2891-4403","ALAMAT":"JL. PALANGAN TENTARA PELAJAR, KM. 10, 2 NO. 45, SLEMAN, REJODANI 2, SARIHARJO, KEC. NGAGLIK, KABUPATEN SLEMAN, DAERAH ISTIMEWA YOGYAKARTA 55581","ID_PROV":"34","PROVINSI":"DAERAH ISTIMEWA YOGYAKARTA","ID_KABKOT":"34.04","KABKOT":"SLEMAN","ID_KEC":"34.04.12","KECAMATAN":"NGAGLIK","ID_DESA":"34.04.12.2001","DESA":"SARIHARJO","LONGITUDE":110.3834528,"LATITUDE":-7.7190085,"STATUS":"BUKA","TANGGAL PENGUMPULAN":"Q1 2024","TANGGAL UPDATE":"28/02/2025"}},{"type":"Feature","geometry":{"coordinates":[110.3469645,-7.6975618],"type":"Point"},"properties":{"NAMA":"KLINIK PRATAMA PARAMA SATWIKA","TIPE_1":"KESEHATAN DAN PENGOBATAN","TIPE_2":"KLINIK","TIPE_3":"KLINIK UMUM","TELEPON":"(0274) 2880475","ALAMAT":"KRAPYAK, TRIHARJO, KEC. SLEMAN, KABUPATEN SLEMAN, DAERAH ISTIMEWA YOGYAKARTA 55514","ID_PROV":"34","PROVINSI":"DAERAH ISTIMEWA YOGYAKARTA","ID_KABKOT":"34.04","KABKOT":"SLEMAN","ID_KEC":"34.04.13","KECAMATAN":"SLEMAN","ID_DESA":"34.04.13.2002","DESA":"TRIHARJO","LONGITUDE":110.3469645,"LATITUDE":-7.6975618,"STATUS":"BUKA","TANGGAL PENGUMPULAN":"Q1 2024","TANGGAL UPDATE":"28/02/2025"}},{"type":"Feature","geometry":{"coordinates":[110.3393142,-7.6902781],"type":"Point"},"properties":{"NAMA":"KLINIK WIDURI","TIPE_1":"KESEHATAN DAN PENGOBATAN","TIPE_2":"KLINIK","TIPE_3":"KLINIK UMUM","TELEPON":"(0274) 867363","ALAMAT":"JL. MEDARI - CEMORO NO.KM.13, NGANGKRIK, TRIHARJO, KEC. SLEMAN, KABUPATEN SLEMAN, DAERAH ISTIMEWA YOGYAKARTA 55514","ID_PROV":"34","PROVINSI":"DAERAH ISTIMEWA YOGYAKARTA","ID_KABKOT":"34.04","KABKOT":"SLEMAN","ID_KEC":"34.04.13","KECAMATAN":"SLEMAN","ID_DESA":"34.04.13.2002","DESA":"TRIHARJO","LONGITUDE":110.3393142,"LATITUDE":-7.6902781,"STATUS":"BUKA","TANGGAL PENGUMPULAN":"Q1 2024","TANGGAL UPDATE":"28/02/2025"}},{"type":"Feature","geometry":{"coordinates":[110.3475869,-7.7063957],"type":"Point"},"properties":{"NAMA":"KLINIK PMI KABUPATEN SLEMAN","TIPE_1":"KESEHATAN DAN PENGOBATAN","TIPE_2":"KLINIK","TIPE_3":"KLINIK UMUM","TELEPON":"0812-2580-8415","ALAMAT":"JL. DR. RADJIMIN, SUCEN, TRIHARJO, KEC. SLEMAN, KABUPATEN SLEMAN, DAERAH ISTIMEWA YOGYAKARTA 55514","ID_PROV":"34","PROVINSI":"DAERAH ISTIMEWA YOGYAKARTA","ID_KABKOT":"34.04","KABKOT":"SLEMAN","ID_KEC":"34.04.13","KECAMATAN":"SLEMAN","ID_DESA":"34.04.13.2002","DESA":"TRIHARJO","LONGITUDE":110.3475869,"LATITUDE":-7.7063957,"STATUS":"BUKA","TANGGAL PENGUMPULAN":"Q1 2024","TANGGAL UPDATE":"28/02/2025"}},{"type":"Feature","geometry":{"coordinates":[110.3453316,-7.7171112],"type":"Point"},"properties":{"NAMA":"KLINIK TRIDADI PEDULI SEHAT (FKTP DRTRISNINA)","TIPE_1":"KESEHATAN DAN PENGOBATAN","TIPE_2":"KLINIK","TIPE_3":"KLINIK UMUM","TELEPON":"0878-3831-4756","ALAMAT":"JL. KRT PRINGGODININGRAT PANGUKAN NO.14, RT.4/RW.10, PANGLIKAN, TRIDADI, KEC. SLEMAN, KABUPATEN SLEMAN, DAERAH ISTIMEWA YOGYAKARTA 55511","ID_PROV":"34","PROVINSI":"DAERAH ISTIMEWA YOGYAKARTA","ID_KABKOT":"34.04","KABKOT":"SLEMAN","ID_KEC":"34.04.13","KECAMATAN":"SLEMAN","ID_DESA":"34.04.13.2003","DESA":"TRIDADI","LONGITUDE":110.3453316,"LATITUDE":-7.7171112,"STATUS":"BUKA","TANGGAL PENGUMPULAN":"Q1 2024","TANGGAL UPDATE":"28/02/2025"}},{"type":"Feature","geometry":{"coordinates":[110.3727915,-7.7566745],"type":"Point"},"properties":{"NAMA":"DR. HENDRA. P","TIPE_1":"KESEHATAN DAN PENGOBATAN","TIPE_2":"KLINIK","TIPE_3":"KLINIK UMUM","TELEPON":"(0274) 553173","ALAMAT":"JL. PANDEGA MARTA NO.100, POGUNG KIDUL, SINDUADI, KEC. MLATI, KABUPATEN SLEMAN, DAERAH ISTIMEWA YOGYAKARTA 55281","ID_PROV":"34","PROVINSI":"DAERAH ISTIMEWA YOGYAKARTA","ID_KABKOT":"34.04","KABKOT":"SLEMAN","ID_KEC":"34.04.06","KECAMATAN":"MLATI","ID_DESA":"34.04.06.2001","DESA":"SINDUADI","LONGITUDE":110.3727915,"LATITUDE":-7.7566745,"STATUS":"BUKA","TANGGAL PENGUMPULAN":"Q1 2024","TANGGAL UPDATE":"28/02/2025"}},{"type":"Feature","geometry":{"coordinates":[110.4344468,-7.7650737],"type":"Point"},"properties":{"NAMA":"KLINIK DR. BASAR","TIPE_1":"KESEHATAN DAN PENGOBATAN","TIPE_2":"KLINIK","TIPE_3":"KLINIK UMUM","TELEPON":"0857-2249-5442","ALAMAT":"JL. SARIREJO, SEFAN, MAGUWOHARJO, KEC. DEPOK, KABUPATEN SLEMAN, DAERAH ISTIMEWA YOGYAKARTA 55281","ID_PROV":"34","PROVINSI":"DAERAH ISTIMEWA YOGYAKARTA","ID_KABKOT":"34.04","KABKOT":"SLEMAN","ID_KEC":"34.04.07","KECAMATAN":"DEPOK","ID_DESA":"34.04.07.2002","DESA":"MAGUWOHARJO","LONGITUDE":110.4344468,"LATITUDE":-7.7650737,"STATUS":"BUKA","TANGGAL PENGUMPULAN":"Q1 2024","TANGGAL UPDATE":"28/02/2025"}},{"type":"Feature","geometry":{"coordinates":[110.4711343,-7.7517358],"type":"Point"},"properties":{"NAMA":"EDI DENTAL KALASAN","TIPE_1":"KESEHATAN DAN PENGOBATAN","TIPE_2":"KLINIK","TIPE_3":"KLINIK DAN DOKTER GIGI","TELEPON":"0878-8392-4790","ALAMAT":"JL. RAYA LPMP, KARANG NONGKO, TIRTOMARTANI, KEC. KALASAN, KABUPATEN SLEMAN, DAERAH ISTIMEWA YOGYAKARTA 55571","ID_PROV":"34","PROVINSI":"DAERAH ISTIMEWA YOGYAKARTA","ID_KABKOT":"34.04","KABKOT":"SLEMAN","ID_KEC":"34.04.10","KECAMATAN":"KALASAN","ID_DESA":"34.04.10.2002","DESA":"TIRTOMARTANI","LONGITUDE":110.4711343,"LATITUDE":-7.7517358,"STATUS":"BUKA","TANGGAL PENGUMPULAN":"Q1 2024","TANGGAL UPDATE":"28/02/2025"}},{"type":"Feature","geometry":{"coordinates":[110.4639834,-7.7741031],"type":"Point"},"properties":{"NAMA":"RD DENTAL CENTER KALASAN","TIPE_1":"KESEHATAN DAN PENGOBATAN","TIPE_2":"KLINIK","TIPE_3":"KLINIK DAN DOKTER GIGI","TELEPON":"(0274) 2850330","ALAMAT":"JL. JOGJA-SOLO KM.13, SEBELAH INDOMARET KALASAN, TIRTOMARTANI, KRINGINAN, TIRTOMARTANI, KALASAN, SLEMAN REGENCY, SPECIAL REGION OF YOGYAKARTA 55571","ID_PROV":"34","PROVINSI":"DAERAH ISTIMEWA YOGYAKARTA","ID_KABKOT":"34.04","KABKOT":"SLEMAN","ID_KEC":"34.04.10","KECAMATAN":"KALASAN","ID_DESA":"34.04.10.2002","DESA":"TIRTOMARTANI","LONGITUDE":110.4639834,"LATITUDE":-7.7741031,"STATUS":"BUKA","TANGGAL PENGUMPULAN":"Q1 2024","TANGGAL UPDATE":"28/02/2025"}},{"type":"Feature","geometry":{"coordinates":[110.4817918,-7.7564781],"type":"Point"},"properties":{"NAMA":"R+ KLINIK GIGI","TIPE_1":"KESEHATAN DAN PENGOBATAN","TIPE_2":"KLINIK","TIPE_3":"KLINIK DAN DOKTER GIGI","TELEPON":"(0274) 496185","ALAMAT":"JL. JOGJA-SOLO, KM 13, KALASAN, KENITEN, TAMANMARTANI, KEC. KALASAN, KABUPATEN SLEMAN, DAERAH ISTIMEWA YOGYAKARTA 55571","ID_PROV":"34","PROVINSI":"DAERAH ISTIMEWA YOGYAKARTA","ID_KABKOT":"34.04","KABKOT":"SLEMAN","ID_KEC":"34.04.10","KECAMATAN":"KALASAN","ID_DESA":"34.04.10.2003","DESA":"TAMANMARTANI","LONGITUDE":110.4817918,"LATITUDE":-7.7564781,"STATUS":"BUKA","TANGGAL PENGUMPULAN":"Q1 2024","TANGGAL UPDATE":"28/02/2025"}},{"type":"Feature","geometry":{"coordinates":[110.4168067,-7.6976625],"type":"Point"},"properties":{"NAMA":"MOST DENTAL CARE JL. KALIURANG","TIPE_1":"KESEHATAN DAN PENGOBATAN","TIPE_2":"KLINIK","TIPE_3":"KLINIK DAN DOKTER GIGI","TELEPON":"0878-3855-4268","ALAMAT":"JL. KALIURANG NO.KM 13,5, BESI, SARDONOHARJO, KEC. NGAGLIK, KABUPATEN SLEMAN, DAERAH ISTIMEWA YOGYAKARTA 55581","ID_PROV":"34","PROVINSI":"DAERAH ISTIMEWA YOGYAKARTA","ID_KABKOT":"34.04","KABKOT":"SLEMAN","ID_KEC":"34.04.12","KECAMATAN":"NGAGLIK","ID_DESA":"34.04.12.2004","DESA":"SUKOHARJO","LONGITUDE":110.4168067,"LATITUDE":-7.6976625,"STATUS":"BUKA","TANGGAL PENGUMPULAN":"Q1 2024","TANGGAL UPDATE":"28/02/2025"}},{"type":"Feature","geometry":{"coordinates":[110.2576173,-7.7595599],"type":"Point"},"properties":{"NAMA":"PRAKTIK DOKTER GIGI DRG. RAISA NADHIFA","TIPE_1":"KESEHATAN DAN PENGOBATAN","TIPE_2":"PRAKTIK DOKTER SPESIALIS","TIPE_3":"DOKTER GIGI","TELEPON":"0812-1211-1918","ALAMAT":"GEDONGAN, SUMBERAGUNG, KEC. MOYUDAN, KABUPATEN SLEMAN, DAERAH ISTIMEWA YOGYAKARTA","ID_PROV":"34","PROVINSI":"DAERAH ISTIMEWA YOGYAKARTA","ID_KABKOT":"34.04","KABKOT":"SLEMAN","ID_KEC":"34.04.03","KECAMATAN":"MOYUDAN","ID_DESA":"34.04.03.2003","DESA":"SUMBERAGUNG","LONGITUDE":110.2576173,"LATITUDE":-7.7595599,"STATUS":"BUKA","TANGGAL PENGUMPULAN":"Q1 2024","TANGGAL UPDATE":"28/02/2025"}},{"type":"Feature","geometry":{"coordinates":[110.399833,-7.784105],"type":"Point"},"properties":{"NAMA":"DOKTER GIGI BUDI ROCHMAN","TIPE_1":"KESEHATAN DAN PENGOBATAN","TIPE_2":"PRAKTIK DOKTER SPESIALIS","TIPE_3":"DOKTER GIGI","TELEPON":"0815-7877-6439","ALAMAT":"JL. AMBAR ASRI, AMBARUKMO, CATURTUNGGAL, KEC. DEPOK, KABUPATEN SLEMAN, DAERAH ISTIMEWA YOGYAKARTA 55281","ID_PROV":"34","PROVINSI":"DAERAH ISTIMEWA YOGYAKARTA","ID_KABKOT":"34.04","KABKOT":"SLEMAN","ID_KEC":"34.04.07","KECAMATAN":"DEPOK","ID_DESA":"34.04.07.2001","DESA":"CATURTUNGGAL","LONGITUDE":110.399833,"LATITUDE":-7.784105,"STATUS":"BUKA","TANGGAL PENGUMPULAN":"Q1 2024","TANGGAL UPDATE":"28/02/2025"}},{"type":"Feature","geometry":{"coordinates":[110.3782604,-7.7649201],"type":"Point"},"properties":{"NAMA":"PUSAT STUDI BIOTEKNOLOGI UGM","TIPE_1":"KESEHATAN DAN PENGOBATAN","TIPE_2":"LABORATORIUM MEDIS","TIPE_3":"-","TELEPON":"(0274) 6492284","ALAMAT":"BAREK, JL. TEKNIKA UTARA, KOCORAN, CATURTUNGGAL, KEC. DEPOK, KABUPATEN SLEMAN, DAERAH ISTIMEWA YOGYAKARTA 55281","ID_PROV":"34","PROVINSI":"DAERAH ISTIMEWA YOGYAKARTA","ID_KABKOT":"34.04","KABKOT":"SLEMAN","ID_KEC":"34.04.07","KECAMATAN":"DEPOK","ID_DESA":"34.04.07.2001","DESA":"CATURTUNGGAL","LONGITUDE":110.3782604,"LATITUDE":-7.7649201,"STATUS":"BUKA","TANGGAL PENGUMPULAN":"Q1 2024","TANGGAL UPDATE":"28/02/2025"}},{"type":"Feature","geometry":{"coordinates":[110.3730756,-7.7684398],"type":"Point"},"properties":{"NAMA":"LABORATORIUM RSUP DR SARDJITO","TIPE_1":"KESEHATAN DAN PENGOBATAN","TIPE_2":"LABORATORIUM MEDIS","TIPE_3":"-","TELEPON":"(0274) 587333","ALAMAT":"UNNAMED ROAD, SENOLOWO, SINDUADI, KEC. MLATI, KABUPATEN SLEMAN, DAERAH ISTIMEWA YOGYAKARTA 55281","ID_PROV":"34","PROVINSI":"DAERAH ISTIMEWA YOGYAKARTA","ID_KABKOT":"34.04","KABKOT":"SLEMAN","ID_KEC":"34.04.06","KECAMATAN":"MLATI","ID_DESA":"34.04.06.2001","DESA":"SINDUADI","LONGITUDE":110.3730756,"LATITUDE":-7.7684398,"STATUS":"BUKA","TANGGAL PENGUMPULAN":"Q1 2024","TANGGAL UPDATE":"28/02/2025"}},{"type":"Feature","geometry":{"coordinates":[110.3987596,-7.783423],"type":"Point"},"properties":{"NAMA":"KLINIK RAWAT JALAN KIMIA FARMA","TIPE_1":"KESEHATAN DAN PENGOBATAN","TIPE_2":"LABORATORIUM MEDIS","TIPE_3":"-","TELEPON":"(0274) 2806667","ALAMAT":"JL. LAKSDA ADISUCIPTO NO.63A, AMBARUKMO, CATURTUNGGAL, KEC. DEPOK, KABUPATEN SLEMAN, DAERAH ISTIMEWA YOGYAKARTA 55281","ID_PROV":"34","PROVINSI":"DAERAH ISTIMEWA YOGYAKARTA","ID_KABKOT":"34.04","KABKOT":"SLEMAN","ID_KEC":"34.04.07","KECAMATAN":"DEPOK","ID_DESA":"34.04.07.2001","DESA":"CATURTUNGGAL","LONGITUDE":110.3987596,"LATITUDE":-7.783423,"STATUS":"BUKA","TANGGAL PENGUMPULAN":"Q1 2024","TANGGAL UPDATE":"28/02/2025"}},{"type":"Feature","geometry":{"coordinates":[110.3697857,-7.7532356],"type":"Point"},"properties":{"NAMA":"PT. LAPI LABORATORIES","TIPE_1":"KESEHATAN DAN PENGOBATAN","TIPE_2":"LABORATORIUM MEDIS","TIPE_3":"-","TELEPON":"(0274) 624986","ALAMAT":"JL. MONJALI, NO. 20, RT. 01 / RW. 38, SLEMAN, YOGYAKARTA, GEMAWANG, SINDUADI, MLATI, SLEMAN REGENCY, SPECIAL REGION OF YOGYAKARTA 55284","ID_PROV":"34","PROVINSI":"DAERAH ISTIMEWA YOGYAKARTA","ID_KABKOT":"34.04","KABKOT":"SLEMAN","ID_KEC":"34.04.12","KECAMATAN":"NGAGLIK","ID_DESA":"34.04.12.2001","DESA":"SARIHARJO","LONGITUDE":110.3697857,"LATITUDE":-7.7532356,"STATUS":"BUKA","TANGGAL PENGUMPULAN":"Q1 2024","TANGGAL UPDATE":"28/02/2025"}},{"type":"Feature","geometry":{"coordinates":[110.3073578,-7.7710605],"type":"Point"},"properties":{"NAMA":"LABORATORIUM PRIMA DIAGNOSTIKA CABANG GODEAN","TIPE_1":"KESEHATAN DAN PENGOBATAN","TIPE_2":"LABORATORIUM MEDIS","TIPE_3":"-","TELEPON":"(0274) 797385","ALAMAT":"JALAN GODEAN NO. 8.5 SIDOKARTO, GODEAN, JETAK II, SIDOKARTO, SLEMAN, KABUPATEN SLEMAN, DAERAH ISTIMEWA YOGYAKARTA 55264","ID_PROV":"34","PROVINSI":"DAERAH ISTIMEWA YOGYAKARTA","ID_KABKOT":"34.04","KABKOT":"SLEMAN","ID_KEC":"34.04.02","KECAMATAN":"GODEAN","ID_DESA":"34.04.02.2005","DESA":"SIDOKARTO","LONGITUDE":110.3073578,"LATITUDE":-7.7710605,"STATUS":"BUKA","TANGGAL PENGUMPULAN":"Q1 2024","TANGGAL UPDATE":"28/02/2025"}},{"type":"Feature","geometry":{"coordinates":[110.3771586,-7.73552],"type":"Point"},"properties":{"NAMA":"ANALISIS SWOT APOTEK KIMIA","TIPE_1":"KESEHATAN DAN PENGOBATAN","TIPE_2":"LABORATORIUM MEDIS","TIPE_3":"-","TELEPON":"","ALAMAT":"JL. PALAGAN TENTARA PELAJAR NO.316, MUDAL, SARIHARJO, KEC. NGAGLIK, KABUPATEN SLEMAN, DAERAH ISTIMEWA YOGYAKARTA 55581","ID_PROV":"34","PROVINSI":"DAERAH ISTIMEWA YOGYAKARTA","ID_KABKOT":"34.04","KABKOT":"SLEMAN","ID_KEC":"34.04.12","KECAMATAN":"NGAGLIK","ID_DESA":"34.04.12.2001","DESA":"SARIHARJO","LONGITUDE":110.3771586,"LATITUDE":-7.73552,"STATUS":"BUKA","TANGGAL PENGUMPULAN":"Q1 2024","TANGGAL UPDATE":"28/02/2025"}},{"type":"Feature","geometry":{"coordinates":[110.3878885,-7.7750558],"type":"Point"},"properties":{"NAMA":"LABORATORIUM PLB FIP UNY","TIPE_1":"KESEHATAN DAN PENGOBATAN","TIPE_2":"LABORATORIUM MEDIS","TIPE_3":"-","TELEPON":"(0274) 540611","ALAMAT":"JL. COLOMBO YOGYAKARTA NO.1, SANTREN, CATURTUNGGAL, KEC. DEPOK, KABUPATEN SLEMAN, DAERAH ISTIMEWA YOGYAKARTA 55281","ID_PROV":"34","PROVINSI":"DAERAH ISTIMEWA YOGYAKARTA","ID_KABKOT":"34.04","KABKOT":"SLEMAN","ID_KEC":"34.04.07","KECAMATAN":"DEPOK","ID_DESA":"34.04.07.2001","DESA":"CATURTUNGGAL","LONGITUDE":110.3878885,"LATITUDE":-7.7750558,"STATUS":"BUKA","TANGGAL PENGUMPULAN":"Q1 2024","TANGGAL UPDATE":"28/02/2025"}},{"type":"Feature","geometry":{"coordinates":[110.381192,-7.766379],"type":"Point"},"properties":{"NAMA":"ALDRICH.LAP","TIPE_1":"KESEHATAN DAN PENGOBATAN","TIPE_2":"LABORATORIUM MEDIS","TIPE_3":"-","TELEPON":"","ALAMAT":"JL. SELOKAN MATARAM NO.4,5, KOCORAN, CATURTUNGGAL, KEC. DEPOK, KABUPATEN SLEMAN, DAERAH ISTIMEWA YOGYAKARTA 55281","ID_PROV":"34","PROVINSI":"DAERAH ISTIMEWA YOGYAKARTA","ID_KABKOT":"34.04","KABKOT":"SLEMAN","ID_KEC":"34.04.07","KECAMATAN":"DEPOK","ID_DESA":"34.04.07.2001","DESA":"CATURTUNGGAL","LONGITUDE":110.381192,"LATITUDE":-7.766379,"STATUS":"BUKA","TANGGAL PENGUMPULAN":"Q1 2024","TANGGAL UPDATE":"28/02/2025"}},{"type":"Feature","geometry":{"coordinates":[110.4328681,-7.7466629],"type":"Point"},"properties":{"NAMA":"LAB GIZI DAN KULINER UNRIYO","TIPE_1":"KESEHATAN DAN PENGOBATAN","TIPE_2":"LABORATORIUM MEDIS","TIPE_3":"-","TELEPON":"","ALAMAT":"KENAYAN, WEDOMARTANI, KEC. NGEMPLAK, KABUPATEN SLEMAN, DAERAH ISTIMEWA YOGYAKARTA 55281","ID_PROV":"34","PROVINSI":"DAERAH ISTIMEWA YOGYAKARTA","ID_KABKOT":"34.04","KABKOT":"SLEMAN","ID_KEC":"34.04.07","KECAMATAN":"DEPOK","ID_DESA":"34.04.07.2002","DESA":"MAGUWOHARJO","LONGITUDE":110.4328681,"LATITUDE":-7.7466629,"STATUS":"BUKA","TANGGAL PENGUMPULAN":"Q1 2024","TANGGAL UPDATE":"28/02/2025"}},{"type":"Feature","geometry":{"coordinates":[110.4217078,-7.667993],"type":"Point"},"properties":{"NAMA":"HALODOC DRIVE THRU PAKEM SLEMAN","TIPE_1":"KESEHATAN DAN PENGOBATAN","TIPE_2":"LABORATORIUM MEDIS","TIPE_3":"-","TELEPON":"","ALAMAT":"JL. PAKEM - KALASAN JL. CANGKRINGAN NO.KM 0.4, AREA SAWAH, PAKEMBINANGUN, KEC. PAKEM, KABUPATEN SLEMAN, DAERAH ISTIMEWA YOGYAKARTA 55582","ID_PROV":"34","PROVINSI":"DAERAH ISTIMEWA YOGYAKARTA","ID_KABKOT":"34.04","KABKOT":"SLEMAN","ID_KEC":"34.04.16","KECAMATAN":"PAKEM","ID_DESA":"34.04.16.2004","DESA":"PAKEMBINANGUN","LONGITUDE":110.4217078,"LATITUDE":-7.667993,"STATUS":"BUKA","TANGGAL PENGUMPULAN":"Q1 2024","TANGGAL UPDATE":"28/02/2025"}},{"type":"Feature","geometry":{"coordinates":[110.3631488,-7.7574524],"type":"Point"},"properties":{"NAMA":"LABORATORIUM RADIOLOGI, USG","TIPE_1":"KESEHATAN DAN PENGOBATAN","TIPE_2":"LABORATORIUM MEDIS","TIPE_3":"-","TELEPON":"(0274) 624088","ALAMAT":"JL. WIJAYA KUSUMA, KUTU DUKUH, SINDUADI, KEC. MLATI, KABUPATEN SLEMAN, DAERAH ISTIMEWA YOGYAKARTA 55284","ID_PROV":"34","PROVINSI":"DAERAH ISTIMEWA YOGYAKARTA","ID_KABKOT":"34.04","KABKOT":"SLEMAN","ID_KEC":"34.04.06","KECAMATAN":"MLATI","ID_DESA":"34.04.06.2001","DESA":"SINDUADI","LONGITUDE":110.3631488,"LATITUDE":-7.7574524,"STATUS":"BUKA","TANGGAL PENGUMPULAN":"Q1 2024","TANGGAL UPDATE":"28/02/2025"}},{"type":"Feature","geometry":{"coordinates":[110.32967,-7.77699],"type":"Point"},"properties":{"NAMA":"LABORATORIUM KLINIK DUTARAMA","TIPE_1":"KESEHATAN DAN PENGOBATAN","TIPE_2":"LABORATORIUM MEDIS","TIPE_3":"-","TELEPON":"(0274) 7477553","ALAMAT":"JL. NGAPAK - KENTHENG, NOGOSAREN, NOGOTIRTO, KEC. GODEAN, KABUPATEN SLEMAN, DAERAH ISTIMEWA YOGYAKARTA 55264","ID_PROV":"34","PROVINSI":"DAERAH ISTIMEWA YOGYAKARTA","ID_KABKOT":"34.04","KABKOT":"SLEMAN","ID_KEC":"34.04.01","KECAMATAN":"GAMPING","ID_DESA":"34.04.01.2004","DESA":"NOGOTIRTO","LONGITUDE":110.32967,"LATITUDE":-7.77699,"STATUS":"BUKA","TANGGAL PENGUMPULAN":"Q1 2024","TANGGAL UPDATE":"28/02/2025"}},{"type":"Feature","geometry":{"coordinates":[110.3823245,-7.7522564],"type":"Point"},"properties":{"NAMA":"LABKESDA SLEMAN (UPTD LABORATORIUM KESEHATAN SLEMAN)","TIPE_1":"KESEHATAN DAN PENGOBATAN","TIPE_2":"LABORATORIUM MEDIS","TIPE_3":"-","TELEPON":"(0274) 884226","ALAMAT":"JL. KALIMANTAN JL. AMBALAT, PURWOSARI, SINDUADI, KEC. MLATI, KABUPATEN SLEMAN, DAERAH ISTIMEWA YOGYAKARTA 55284","ID_PROV":"34","PROVINSI":"DAERAH ISTIMEWA YOGYAKARTA","ID_KABKOT":"34.04","KABKOT":"SLEMAN","ID_KEC":"34.04.06","KECAMATAN":"MLATI","ID_DESA":"34.04.06.2001","DESA":"SINDUADI","LONGITUDE":110.3823245,"LATITUDE":-7.7522564,"STATUS":"BUKA","TANGGAL PENGUMPULAN":"Q1 2024","TANGGAL UPDATE":"28/02/2025"}},{"type":"Feature","geometry":{"coordinates":[110.386312,-7.7058622],"type":"Point"},"properties":{"NAMA":"LABORATORIUM KLINIK CITO UNIT RS PURI HUSADA","TIPE_1":"KESEHATAN DAN PENGOBATAN","TIPE_2":"LABORATORIUM MEDIS","TIPE_3":"-","TELEPON":"(0274) 563656","ALAMAT":"JL. PALAGAN TENTARA PELAJAR JL. REJODANI NO.67 KM 11, NGETIRAN, SARIHARJO, KEC. NGAGLIK, KABUPATEN SLEMAN, DAERAH ISTIMEWA YOGYAKARTA 55581","ID_PROV":"34","PROVINSI":"DAERAH ISTIMEWA YOGYAKARTA","ID_KABKOT":"34.04","KABKOT":"SLEMAN","ID_KEC":"34.04.12","KECAMATAN":"NGAGLIK","ID_DESA":"34.04.12.2001","DESA":"SARIHARJO","LONGITUDE":110.386312,"LATITUDE":-7.7058622,"STATUS":"BUKA","TANGGAL PENGUMPULAN":"Q1 2024","TANGGAL UPDATE":"28/02/2025"}},{"type":"Feature","geometry":{"coordinates":[110.3914992,-7.7411961],"type":"Point"},"properties":{"NAMA":"LABORATORIUM KLINK PRIMADIA","TIPE_1":"KESEHATAN DAN PENGOBATAN","TIPE_2":"LABORATORIUM MEDIS","TIPE_3":"-","TELEPON":"(0274) 6800333","ALAMAT":"JL. KALIURANG NO.81, NGABEAN KULON, SINDUHARJO, KEC. NGAGLIK, KABUPATEN SLEMAN, DAERAH ISTIMEWA YOGYAKARTA 55581","ID_PROV":"34","PROVINSI":"DAERAH ISTIMEWA YOGYAKARTA","ID_KABKOT":"34.04","KABKOT":"SLEMAN","ID_KEC":"34.04.12","KECAMATAN":"NGAGLIK","ID_DESA":"34.04.12.2003","DESA":"SINDUHARJO","LONGITUDE":110.3914992,"LATITUDE":-7.7411961,"STATUS":"BUKA","TANGGAL PENGUMPULAN":"Q1 2024","TANGGAL UPDATE":"28/02/2025"}},{"type":"Feature","geometry":{"coordinates":[110.3841224,-7.7530255],"type":"Point"},"properties":{"NAMA":"LABORATORIUM KLINIK KIMIA FARMA","TIPE_1":"KESEHATAN DAN PENGOBATAN","TIPE_2":"LABORATORIUM MEDIS","TIPE_3":"-","TELEPON":"(0274) 886981","ALAMAT":"JL. KALIURANG KM.6 NO.48, PURWOSARI, SINDUADI, KEC. MLATI, KABUPATEN SLEMAN, DAERAH ISTIMEWA YOGYAKARTA 55582","ID_PROV":"34","PROVINSI":"DAERAH ISTIMEWA YOGYAKARTA","ID_KABKOT":"34.04","KABKOT":"SLEMAN","ID_KEC":"34.04.07","KECAMATAN":"DEPOK","ID_DESA":"34.04.07.2001","DESA":"CATURTUNGGAL","LONGITUDE":110.3841224,"LATITUDE":-7.7530255,"STATUS":"BUKA","TANGGAL PENGUMPULAN":"Q1 2024","TANGGAL UPDATE":"28/02/2025"}},{"type":"Feature","geometry":{"coordinates":[110.4033151,-7.7584506],"type":"Point"},"properties":{"NAMA":"HALODOC DRIVE THRU JIH YOGYAKARTA","TIPE_1":"KESEHATAN DAN PENGOBATAN","TIPE_2":"LABORATORIUM MEDIS","TIPE_3":"-","TELEPON":"","ALAMAT":"RS JIH YOGYAKARTA, JL. RING ROAD UTARA NO.160, PERUMNAS CONDONG CATUR, CONDONGCATUR, KEC. DEPOK, KABUPATEN SLEMAN, DAERAH ISTIMEWA YOGYAKARTA 55281","ID_PROV":"34","PROVINSI":"DAERAH ISTIMEWA YOGYAKARTA","ID_KABKOT":"34.04","KABKOT":"SLEMAN","ID_KEC":"34.04.07","KECAMATAN":"DEPOK","ID_DESA":"34.04.07.2003","DESA":"CONDONGCATUR","LONGITUDE":110.4033151,"LATITUDE":-7.7584506,"STATUS":"BUKA","TANGGAL PENGUMPULAN":"Q1 2024","TANGGAL UPDATE":"28/02/2025"}},{"type":"Feature","geometry":{"coordinates":[110.4098962,-7.7830859],"type":"Point"},"properties":{"NAMA":"LABORATORIUM KLINIK BUDI SEHAT YOGYAKARTA","TIPE_1":"KESEHATAN DAN PENGOBATAN","TIPE_2":"LABORATORIUM MEDIS","TIPE_3":"-","TELEPON":"(0274) 485947","ALAMAT":"RUKO JANTI, JL. LAKSDA ADISUCIPTO NO.155B, NGENTAK, CATURTUNGGAL, KEC. DEPOK, KABUPATEN SLEMAN, DAERAH ISTIMEWA YOGYAKARTA 55281","ID_PROV":"34","PROVINSI":"DAERAH ISTIMEWA YOGYAKARTA","ID_KABKOT":"34.04","KABKOT":"SLEMAN","ID_KEC":"34.04.07","KECAMATAN":"DEPOK","ID_DESA":"34.04.07.2001","DESA":"CATURTUNGGAL","LONGITUDE":110.4098962,"LATITUDE":-7.7830859,"STATUS":"BUKA","TANGGAL PENGUMPULAN":"Q1 2024","TANGGAL UPDATE":"28/02/2025"}},{"type":"Feature","geometry":{"coordinates":[110.3646746,-7.6418796],"type":"Point"},"properties":{"NAMA":"APOTEK, RUMAH KHITAN SELOWANGSAN DAN PRAKTEK DOKTER","TIPE_1":"KESEHATAN DAN PENGOBATAN","TIPE_2":"APOTEK","TIPE_3":"-","TELEPON":"0813-2884-6721","ALAMAT":"SELOWANGSAN, DADAPAN, WONO KERTO, KEC. TURI, KABUPATEN SLEMAN, DAERAH ISTIMEWA YOGYAKARTA 55551","ID_PROV":"34","PROVINSI":"DAERAH ISTIMEWA YOGYAKARTA","ID_KABKOT":"34.04","KABKOT":"SLEMAN","ID_KEC":"34.04.15","KECAMATAN":"TURI","ID_DESA":"34.04.15.2004","DESA":"WONOKERTO","LONGITUDE":110.3646746,"LATITUDE":-7.6418796,"STATUS":"BUKA","TANGGAL PENGUMPULAN":"Q1 2024","TANGGAL UPDATE":"28/02/2025"}},{"type":"Feature","geometry":{"coordinates":[110.3611793,-7.6716831],"type":"Point"},"properties":{"NAMA":"APOTEK KADISOBO","TIPE_1":"KESEHATAN DAN PENGOBATAN","TIPE_2":"APOTEK","TIPE_3":"-","TELEPON":"","ALAMAT":"JL. TURI, KADISOBO I, TRIMULYO, KEC. SLEMAN, KABUPATEN SLEMAN, DAERAH ISTIMEWA YOGYAKARTA","ID_PROV":"34","PROVINSI":"DAERAH ISTIMEWA YOGYAKARTA","ID_KABKOT":"34.04","KABKOT":"SLEMAN","ID_KEC":"34.04.13","KECAMATAN":"SLEMAN","ID_DESA":"34.04.13.2005","DESA":"TRIMULYO","LONGITUDE":110.3611793,"LATITUDE":-7.6716831,"STATUS":"BUKA","TANGGAL PENGUMPULAN":"Q1 2024","TANGGAL UPDATE":"28/02/2025"}},{"type":"Feature","geometry":{"coordinates":[110.369505,-7.6514962],"type":"Point"},"properties":{"NAMA":"APOTEK TURI SEHAT","TIPE_1":"KESEHATAN DAN PENGOBATAN","TIPE_2":"APOTEK","TIPE_3":"-","TELEPON":"0857-4023-7000","ALAMAT":"KERINGAN, SANGUREJO, WONO KERTO, KEC. TURI, KABUPATEN SLEMAN, DAERAH ISTIMEWA YOGYAKARTA 55551","ID_PROV":"34","PROVINSI":"DAERAH ISTIMEWA YOGYAKARTA","ID_KABKOT":"34.04","KABKOT":"SLEMAN","ID_KEC":"34.04.15","KECAMATAN":"TURI","ID_DESA":"34.04.15.2004","DESA":"WONOKERTO","LONGITUDE":110.369505,"LATITUDE":-7.6514962,"STATUS":"BUKA","TANGGAL PENGUMPULAN":"Q1 2024","TANGGAL UPDATE":"28/02/2025"}},{"type":"Feature","geometry":{"coordinates":[110.3545084,-7.6531888],"type":"Point"},"properties":{"NAMA":"APOTEK RATNA FARMA NGABLAK TURI","TIPE_1":"KESEHATAN DAN PENGOBATAN","TIPE_2":"APOTEK","TIPE_3":"-","TELEPON":"0823-2801-6131","ALAMAT":"JL. AGROWISATA, KENDAL, BANGUN KERTO, KEC. TURI, KABUPATEN SLEMAN, DAERAH ISTIMEWA YOGYAKARTA 55551","ID_PROV":"34","PROVINSI":"DAERAH ISTIMEWA YOGYAKARTA","ID_KABKOT":"34.04","KABKOT":"SLEMAN","ID_KEC":"34.04.15","KECAMATAN":"TURI","ID_DESA":"34.04.15.2001","DESA":"BANGUNKERTO","LONGITUDE":110.3545084,"LATITUDE":-7.6531888,"STATUS":"BUKA","TANGGAL PENGUMPULAN":"Q1 2024","TANGGAL UPDATE":"28/02/2025"}},{"type":"Feature","geometry":{"coordinates":[110.376432,-7.6323126],"type":"Point"},"properties":{"NAMA":"STOKIST HPA INTERNASIONAL","TIPE_1":"KESEHATAN DAN PENGOBATAN","TIPE_2":"APOTEK","TIPE_3":"-","TELEPON":"0812-5082-0020","ALAMAT":"BECICI, WONO KERTO, KEC. TURI, KABUPATEN SLEMAN, DAERAH ISTIMEWA YOGYAKARTA 55551","ID_PROV":"34","PROVINSI":"DAERAH ISTIMEWA YOGYAKARTA","ID_KABKOT":"34.04","KABKOT":"SLEMAN","ID_KEC":"34.04.15","KECAMATAN":"TURI","ID_DESA":"34.04.15.2004","DESA":"WONOKERTO","LONGITUDE":110.376432,"LATITUDE":-7.6323126,"STATUS":"BUKA","TANGGAL PENGUMPULAN":"Q1 2024","TANGGAL UPDATE":"28/02/2025"}},{"type":"Feature","geometry":{"coordinates":[110.378337,-7.776013],"type":"Point"},"properties":{"NAMA":"APOTEK KOSUDGAMA","TIPE_1":"KESEHATAN DAN PENGOBATAN","TIPE_2":"APOTEK","TIPE_3":"-","TELEPON":"(0274) 515426","ALAMAT":"JL. BULAKSUMUR BLK. A NO.14, SAGAN, CATURTUNGGAL, KEC. DEPOK, KABUPATEN SLEMAN, DAERAH ISTIMEWA YOGYAKARTA 55281","ID_PROV":"34","PROVINSI":"DAERAH ISTIMEWA YOGYAKARTA","ID_KABKOT":"34.04","KABKOT":"SLEMAN","ID_KEC":"34.04.07","KECAMATAN":"DEPOK","ID_DESA":"34.04.07.2001","DESA":"CATURTUNGGAL","LONGITUDE":110.378337,"LATITUDE":-7.776013,"STATUS":"BUKA","TANGGAL PENGUMPULAN":"Q1 2024","TANGGAL UPDATE":"28/02/2025"}},{"type":"Feature","geometry":{"coordinates":[110.3734716,-7.7682311],"type":"Point"},"properties":{"NAMA":"APOTEK DR.SARDJITO","TIPE_1":"KESEHATAN DAN PENGOBATAN","TIPE_2":"APOTEK","TIPE_3":"-","TELEPON":"","ALAMAT":"RSUP DR.SARDJITO, JL. KESEHATAN NO.1, SENDOWO, SINDUADI, MLATI, SLEMAN REGENCY, SPECIAL REGION OF YOGYAKARTA 55284","ID_PROV":"34","PROVINSI":"DAERAH ISTIMEWA YOGYAKARTA","ID_KABKOT":"34.04","KABKOT":"SLEMAN","ID_KEC":"34.04.06","KECAMATAN":"MLATI","ID_DESA":"34.04.06.2001","DESA":"SINDUADI","LONGITUDE":110.3734716,"LATITUDE":-7.7682311,"STATUS":"BUKA","TANGGAL PENGUMPULAN":"Q1 2024","TANGGAL UPDATE":"28/02/2025"}},{"type":"Feature","geometry":{"coordinates":[110.4075072,-7.7830975],"type":"Point"},"properties":{"NAMA":"HBP CLINIC HEALTH CARE - APOTEK","TIPE_1":"KESEHATAN DAN PENGOBATAN","TIPE_2":"APOTEK","TIPE_3":"-","TELEPON":"(0274) 489082","ALAMAT":"GEDUNG SUMBER ARUM, JL. LAKSDA ADISUCIPTO NO.31, AMBARUKMO, CATURTUNGGAL, KEC. DEPOK, KABUPATEN SLEMAN, DAERAH ISTIMEWA YOGYAKARTA 55281","ID_PROV":"34","PROVINSI":"DAERAH ISTIMEWA YOGYAKARTA","ID_KABKOT":"34.04","KABKOT":"SLEMAN","ID_KEC":"34.04.07","KECAMATAN":"DEPOK","ID_DESA":"34.04.07.2001","DESA":"CATURTUNGGAL","LONGITUDE":110.4075072,"LATITUDE":-7.7830975,"STATUS":"BUKA","TANGGAL PENGUMPULAN":"Q1 2024","TANGGAL UPDATE":"28/02/2025"}},{"type":"Feature","geometry":{"coordinates":[110.3852103,-7.7520837],"type":"Point"},"properties":{"NAMA":"TINA FARMA","TIPE_1":"KESEHATAN DAN PENGOBATAN","TIPE_2":"APOTEK","TIPE_3":"-","TELEPON":"0813-2702-8224","ALAMAT":"KM. 6.2 NO, JL. KALIURANG NO.22, PURWOSARI, SINDUHARJO, KEC. NGAGLIK, KABUPATEN SLEMAN, DAERAH ISTIMEWA YOGYAKARTA 55582","ID_PROV":"34","PROVINSI":"DAERAH ISTIMEWA YOGYAKARTA","ID_KABKOT":"34.04","KABKOT":"SLEMAN","ID_KEC":"34.04.07","KECAMATAN":"DEPOK","ID_DESA":"34.04.07.2001","DESA":"CATURTUNGGAL","LONGITUDE":110.3852103,"LATITUDE":-7.7520837,"STATUS":"BUKA","TANGGAL PENGUMPULAN":"Q1 2024","TANGGAL UPDATE":"28/02/2025"}},{"type":"Feature","geometry":{"coordinates":[110.3825062,-7.7580244],"type":"Point"},"properties":{"NAMA":"SANBE FARMA. PT","TIPE_1":"KESEHATAN DAN PENGOBATAN","TIPE_2":"APOTEK","TIPE_3":"-","TELEPON":"(0274) 7468083","ALAMAT":"JL. PANDEGA MANDALA, CATURNUNGGAL DEPOK, 55281, MANGGUNG, CATURTUNGGAL, KEC. DEPOK, KABUPATEN SLEMAN, DAERAH ISTIMEWA YOGYAKARTA 55281","ID_PROV":"34","PROVINSI":"DAERAH ISTIMEWA YOGYAKARTA","ID_KABKOT":"34.04","KABKOT":"SLEMAN","ID_KEC":"34.04.07","KECAMATAN":"DEPOK","ID_DESA":"34.04.07.2001","DESA":"CATURTUNGGAL","LONGITUDE":110.3825062,"LATITUDE":-7.7580244,"STATUS":"BUKA","TANGGAL PENGUMPULAN":"Q1 2024","TANGGAL UPDATE":"28/02/2025"}},{"type":"Feature","geometry":{"coordinates":[110.4488967,-7.7508438],"type":"Point"},"properties":{"NAMA":"APOTEK KIMIA FARMA PURWOMARTANI","TIPE_1":"KESEHATAN DAN PENGOBATAN","TIPE_2":"APOTEK","TIPE_3":"-","TELEPON":"0821-3458-9065","ALAMAT":"JL. PURWOMARTANI NO.13, BROMONILAN, PURWOMARTANI, KEC. KALASAN, KABUPATEN SLEMAN, DAERAH ISTIMEWA YOGYAKARTA 55571","ID_PROV":"34","PROVINSI":"DAERAH ISTIMEWA YOGYAKARTA","ID_KABKOT":"34.04","KABKOT":"SLEMAN","ID_KEC":"34.04.10","KECAMATAN":"KALASAN","ID_DESA":"34.04.10.2001","DESA":"PURWOMARTANI","LONGITUDE":110.4488967,"LATITUDE":-7.7508438,"STATUS":"BUKA","TANGGAL PENGUMPULAN":"Q1 2024","TANGGAL UPDATE":"28/02/2025"}},{"type":"Feature","geometry":{"coordinates":[110.3231974,-7.7735517],"type":"Point"},"properties":{"NAMA":"WARUNG JAMU BU NANIK","TIPE_1":"KESEHATAN DAN PENGOBATAN","TIPE_2":"APOTEK","TIPE_3":"-","TELEPON":"","ALAMAT":"JL. SIDOARUM - BANTULAN, BANTULAN, SIDOARUM, KEC. GODEAN, KABUPATEN SLEMAN, DAERAH ISTIMEWA YOGYAKARTA 55264","ID_PROV":"34","PROVINSI":"DAERAH ISTIMEWA YOGYAKARTA","ID_KABKOT":"34.04","KABKOT":"SLEMAN","ID_KEC":"34.04.02","KECAMATAN":"GODEAN","ID_DESA":"34.04.02.2006","DESA":"SIDOARUM","LONGITUDE":110.3231974,"LATITUDE":-7.7735517,"STATUS":"BUKA","TANGGAL PENGUMPULAN":"Q1 2024","TANGGAL UPDATE":"28/02/2025"}},{"type":"Feature","geometry":{"coordinates":[110.2584205,-7.76002],"type":"Point"},"properties":{"NAMA":"APOTEK KUNCORO","TIPE_1":"KESEHATAN DAN PENGOBATAN","TIPE_2":"APOTEK","TIPE_3":"-","TELEPON":"","ALAMAT":"JL. NGAPAK - KENTHENG NO.KM 14, GEDONGAN, SUMBERAGUNG, KEC. MOYUDAN, KABUPATEN SLEMAN, DAERAH ISTIMEWA YOGYAKARTA 55563","ID_PROV":"34","PROVINSI":"DAERAH ISTIMEWA YOGYAKARTA","ID_KABKOT":"34.04","KABKOT":"SLEMAN","ID_KEC":"34.04.03","KECAMATAN":"MOYUDAN","ID_DESA":"34.04.03.2003","DESA":"SUMBERAGUNG","LONGITUDE":110.2584205,"LATITUDE":-7.76002,"STATUS":"BUKA","TANGGAL PENGUMPULAN":"Q1 2024","TANGGAL UPDATE":"28/02/2025"}},{"type":"Feature","geometry":{"coordinates":[110.314548,-7.7749073],"type":"Point"},"properties":{"NAMA":"BERKAHTEAM","TIPE_1":"KESEHATAN DAN PENGOBATAN","TIPE_2":"APOTEK","TIPE_3":"-","TELEPON":"0812-8908-060","ALAMAT":"GRIYA PALEM HIJAU BLOK D.22-23, JL. NGAPAK - KENTHENG NO.KM.7,5, COKRO KONTENG, SIDOARUM, KEC. GODEAN, KABUPATEN SLEMAN, DAERAH ISTIMEWA YOGYAKARTA 55264","ID_PROV":"34","PROVINSI":"DAERAH ISTIMEWA YOGYAKARTA","ID_KABKOT":"34.04","KABKOT":"SLEMAN","ID_KEC":"34.04.02","KECAMATAN":"GODEAN","ID_DESA":"34.04.02.2006","DESA":"SIDOARUM","LONGITUDE":110.314548,"LATITUDE":-7.7749073,"STATUS":"BUKA","TANGGAL PENGUMPULAN":"Q1 2024","TANGGAL UPDATE":"28/02/2025"}},{"type":"Feature","geometry":{"coordinates":[110.3185367,-7.7667478],"type":"Point"},"properties":{"NAMA":"MASDAYAT JOGJAMU","TIPE_1":"KESEHATAN DAN PENGOBATAN","TIPE_2":"APOTEK","TIPE_3":"-","TELEPON":"0813-5018-8869","ALAMAT":"AREA SAWAH, SIDOMOYO, KEC. GODEAN, KABUPATEN SLEMAN, DAERAH ISTIMEWA YOGYAKARTA 55264","ID_PROV":"34","PROVINSI":"DAERAH ISTIMEWA YOGYAKARTA","ID_KABKOT":"34.04","KABKOT":"SLEMAN","ID_KEC":"34.04.02","KECAMATAN":"GODEAN","ID_DESA":"34.04.02.2007","DESA":"SIDOMOYO","LONGITUDE":110.3185367,"LATITUDE":-7.7667478,"STATUS":"BUKA","TANGGAL PENGUMPULAN":"Q1 2024","TANGGAL UPDATE":"28/02/2025"}},{"type":"Feature","geometry":{"coordinates":[110.322401,-7.7771167],"type":"Point"},"properties":{"NAMA":"GARASI EMON","TIPE_1":"KESEHATAN DAN PENGOBATAN","TIPE_2":"APOTEK","TIPE_3":"-","TELEPON":"","ALAMAT":"KRAMAT, SIDOARUM, KEC. GODEAN, KABUPATEN SLEMAN, DAERAH ISTIMEWA YOGYAKARTA","ID_PROV":"34","PROVINSI":"DAERAH ISTIMEWA YOGYAKARTA","ID_KABKOT":"34.04","KABKOT":"SLEMAN","ID_KEC":"34.04.02","KECAMATAN":"GODEAN","ID_DESA":"34.04.02.2006","DESA":"SIDOARUM","LONGITUDE":110.322401,"LATITUDE":-7.7771167,"STATUS":"BUKA","TANGGAL PENGUMPULAN":"Q1 2024","TANGGAL UPDATE":"28/02/2025"}},{"type":"Feature","geometry":{"coordinates":[110.3203352,-7.7640528],"type":"Point"},"properties":{"NAMA":"ABYAN FARMA","TIPE_1":"KESEHATAN DAN PENGOBATAN","TIPE_2":"APOTEK","TIPE_3":"-","TELEPON":"","ALAMAT":"JL. CEBONGAN, AREA SAWAH, SIDOMOYO, KEC. GODEAN, KABUPATEN SLEMAN, DAERAH ISTIMEWA YOGYAKARTA 55264","ID_PROV":"34","PROVINSI":"DAERAH ISTIMEWA YOGYAKARTA","ID_KABKOT":"34.04","KABKOT":"SLEMAN","ID_KEC":"34.04.02","KECAMATAN":"GODEAN","ID_DESA":"34.04.02.2007","DESA":"SIDOMOYO","LONGITUDE":110.3203352,"LATITUDE":-7.7640528,"STATUS":"BUKA","TANGGAL PENGUMPULAN":"Q1 2024","TANGGAL UPDATE":"28/02/2025"}},{"type":"Feature","geometry":{"coordinates":[110.3209734,-7.7750329],"type":"Point"},"properties":{"NAMA":"O-ONG","TIPE_1":"KESEHATAN DAN PENGOBATAN","TIPE_2":"APOTEK","TIPE_3":"-","TELEPON":"0812-2699-3306","ALAMAT":"JL. GODEAN, KM. 7.5, GODEAN, BANTULAN, SIDOARUM, KEC. GODEAN, KABUPATEN SLEMAN, DAERAH ISTIMEWA YOGYAKARTA 55264","ID_PROV":"34","PROVINSI":"DAERAH ISTIMEWA YOGYAKARTA","ID_KABKOT":"34.04","KABKOT":"SLEMAN","ID_KEC":"34.04.02","KECAMATAN":"GODEAN","ID_DESA":"34.04.02.2006","DESA":"SIDOARUM","LONGITUDE":110.3209734,"LATITUDE":-7.7750329,"STATUS":"BUKA","TANGGAL PENGUMPULAN":"Q1 2024","TANGGAL UPDATE":"28/02/2025"}},{"type":"Feature","geometry":{"coordinates":[110.4163377,-7.6648128],"type":"Point"},"properties":{"NAMA":"PRAMESTYA DENTAL 2","TIPE_1":"KESEHATAN DAN PENGOBATAN","TIPE_2":"KLINIK","TIPE_3":"KLINIK DAN DOKTER GIGI","TELEPON":"","ALAMAT":"DS, JL. CILIKAN NO.18, PAKEMBINANGUN, KABUPATEN SLEMAN, DAERAH ISTIMEWA YOGYAKARTA 55584","ID_PROV":"34","PROVINSI":"DAERAH ISTIMEWA YOGYAKARTA","ID_KABKOT":"34.04","KABKOT":"SLEMAN","ID_KEC":"34.04.16","KECAMATAN":"PAKEM","ID_DESA":"34.04.16.2004","DESA":"PAKEMBINANGUN","LONGITUDE":110.4163377,"LATITUDE":-7.6648128,"STATUS":"BUKA","TANGGAL PENGUMPULAN":"Q1 2024","TANGGAL UPDATE":"28/02/2025"}},{"type":"Feature","geometry":{"coordinates":[110.4074649,-7.7834785],"type":"Point"},"properties":{"NAMA":"KLINIK MEIRA","TIPE_1":"KESEHATAN DAN PENGOBATAN","TIPE_2":"KLINIK","TIPE_3":"KLINIK DAN DOKTER GIGI","TELEPON":"","ALAMAT":"JL. LAKSDA ADISUCIPTO NO.47, AMBARUKMO, CATURTUNGGAL, KEC. DEPOK, KABUPATEN SLEMAN, DAERAH ISTIMEWA YOGYAKARTA 55281","ID_PROV":"34","PROVINSI":"DAERAH ISTIMEWA YOGYAKARTA","ID_KABKOT":"34.04","KABKOT":"SLEMAN","ID_KEC":"34.04.07","KECAMATAN":"DEPOK","ID_DESA":"34.04.07.2001","DESA":"CATURTUNGGAL","LONGITUDE":110.4074649,"LATITUDE":-7.7834785,"STATUS":"BUKA","TANGGAL PENGUMPULAN":"Q1 2024","TANGGAL UPDATE":"28/02/2025"}},{"type":"Feature","geometry":{"coordinates":[110.4935467,-7.7935622],"type":"Point"},"properties":{"NAMA":"PAK TARJONO","TIPE_1":"KESEHATAN DAN PENGOBATAN","TIPE_2":"KLINIK","TIPE_3":"TUKANG GIGI","TELEPON":"","ALAMAT":"SEREGEDUG LOR, MADUREJO, KEC. PRAMBANAN, KABUPATEN SLEMAN, DAERAH ISTIMEWA YOGYAKARTA 55572","ID_PROV":"34","PROVINSI":"DAERAH ISTIMEWA YOGYAKARTA","ID_KABKOT":"34.04","KABKOT":"SLEMAN","ID_KEC":"34.04.09","KECAMATAN":"PRAMBANAN","ID_DESA":"34.04.09.2005","DESA":"MADUREJO","LONGITUDE":110.4935467,"LATITUDE":-7.7935622,"STATUS":"BUKA","TANGGAL PENGUMPULAN":"Q1 2024","TANGGAL UPDATE":"28/02/2025"}},{"type":"Feature","geometry":{"coordinates":[110.2539594,-7.7719009],"type":"Point"},"properties":{"NAMA":"DR. BAMBANG SUHARJONO","TIPE_1":"KESEHATAN DAN PENGOBATAN","TIPE_2":"KLINIK","TIPE_3":"KLINIK UMUM","TELEPON":"0812-2794-733","ALAMAT":"AREA SAWAH, SUMBERAGUNG, KEC. MOYUDAN, KABUPATEN SLEMAN, DAERAH ISTIMEWA YOGYAKARTA 55563","ID_PROV":"34","PROVINSI":"DAERAH ISTIMEWA YOGYAKARTA","ID_KABKOT":"34.04","KABKOT":"SLEMAN","ID_KEC":"34.04.03","KECAMATAN":"MOYUDAN","ID_DESA":"34.04.03.2003","DESA":"SUMBERAGUNG","LONGITUDE":110.2539594,"LATITUDE":-7.7719009,"STATUS":"BUKA","TANGGAL PENGUMPULAN":"Q1 2024","TANGGAL UPDATE":"28/02/2025"}},{"type":"Feature","geometry":{"coordinates":[110.2361774,-7.7242705],"type":"Point"},"properties":{"NAMA":"DR DANU","TIPE_1":"KESEHATAN DAN PENGOBATAN","TIPE_2":"KLINIK","TIPE_3":"KLINIK UMUM","TELEPON":"","ALAMAT":"JLN KEBON JATI NO.128, KELURAHAN KEBON JERUK, BANDUNG, PLOMBANGAN, SENDANGAGUNG, KEC. MINGGIR, KABUPATEN SLEMAN, DAERAH ISTIMEWA YOGYAKARTA 55562","ID_PROV":"34","PROVINSI":"DAERAH ISTIMEWA YOGYAKARTA","ID_KABKOT":"34.04","KABKOT":"SLEMAN","ID_KEC":"34.04.04","KECAMATAN":"MINGGIR","ID_DESA":"34.04.04.2003","DESA":"SENDANGAGUNG","LONGITUDE":110.2361774,"LATITUDE":-7.7242705,"STATUS":"BUKA","TANGGAL PENGUMPULAN":"Q1 2024","TANGGAL UPDATE":"28/02/2025"}},{"type":"Feature","geometry":{"coordinates":[110.2428298,-7.754022],"type":"Point"},"properties":{"NAMA":"KLINIK MUTTAQIN","TIPE_1":"KESEHATAN DAN PENGOBATAN","TIPE_2":"KLINIK","TIPE_3":"KLINIK UMUM","TELEPON":"(0274) 2821511","ALAMAT":"KLEPU KIDUL, RT.003/RW.022, KLEPU, SENDANGMULYO, KEC. MINGGIR, KABUPATEN SLEMAN, DAERAH ISTIMEWA YOGYAKARTA 55562","ID_PROV":"34","PROVINSI":"DAERAH ISTIMEWA YOGYAKARTA","ID_KABKOT":"34.04","KABKOT":"SLEMAN","ID_KEC":"34.04.04","KECAMATAN":"MINGGIR","ID_DESA":"34.04.04.2002","DESA":"SENDANGMULYO","LONGITUDE":110.2428298,"LATITUDE":-7.754022,"STATUS":"BUKA","TANGGAL PENGUMPULAN":"Q1 2024","TANGGAL UPDATE":"28/02/2025"}},{"type":"Feature","geometry":{"coordinates":[110.4079824,-7.7434842],"type":"Point"},"properties":{"NAMA":"PRAKTIK DOKTER DR FIRMANSYAH DAN DR VIDYA","TIPE_1":"KESEHATAN DAN PENGOBATAN","TIPE_2":"KLINIK","TIPE_3":"KLINIK UMUM","TELEPON":"","ALAMAT":"JL. KAKAP IV NO.M04, MLANDANGAN, MINOMARTANI, NGAGLIK, SLEMAN REGENCY, SPECIAL REGION OF YOGYAKARTA 55581","ID_PROV":"34","PROVINSI":"DAERAH ISTIMEWA YOGYAKARTA","ID_KABKOT":"34.04","KABKOT":"SLEMAN","ID_KEC":"34.04.12","KECAMATAN":"NGAGLIK","ID_DESA":"34.04.12.2002","DESA":"MINOMARTANI","LONGITUDE":110.4079824,"LATITUDE":-7.7434842,"STATUS":"BUKA","TANGGAL PENGUMPULAN":"Q1 2024","TANGGAL UPDATE":"28/02/2025"}},{"type":"Feature","geometry":{"coordinates":[110.2666665,-7.7258712],"type":"Point"},"properties":{"NAMA":"DR. DESI ARIJADI","TIPE_1":"KESEHATAN DAN PENGOBATAN","TIPE_2":"KLINIK","TIPE_3":"KLINIK UMUM","TELEPON":"","ALAMAT":"JALAN GEDONGAN-TEMPEL SIDOREJO, SIDOMULYO, SENDANGREJO, KEC. MINGGIR, KABUPATEN SLEMAN, DAERAH ISTIMEWA YOGYAKARTA 55528","ID_PROV":"34","PROVINSI":"DAERAH ISTIMEWA YOGYAKARTA","ID_KABKOT":"34.04","KABKOT":"SLEMAN","ID_KEC":"34.04.04","KECAMATAN":"MINGGIR","ID_DESA":"34.04.04.2005","DESA":"SENDANGREJO","LONGITUDE":110.2666665,"LATITUDE":-7.7258712,"STATUS":"BUKA","TANGGAL PENGUMPULAN":"Q1 2024","TANGGAL UPDATE":"28/02/2025"}},{"type":"Feature","geometry":{"coordinates":[110.3837012,-7.7539032],"type":"Point"},"properties":{"NAMA":"LABORATORIUM KLINIK PARAHITA DIAGNOSTIC CENTER YOGYAKARTA KALIURANG","TIPE_1":"KESEHATAN DAN PENGOBATAN","TIPE_2":"KLINIK","TIPE_3":"KLINIK UMUM","TELEPON":"(0274) 886863","ALAMAT":"JL. KALIURANG NO.26 KM.6 NO, MANGGUNG, CONDONGCATUR, KEC. DEPOK, KABUPATEN SLEMAN, DAERAH ISTIMEWA YOGYAKARTA 55582","ID_PROV":"34","PROVINSI":"DAERAH ISTIMEWA YOGYAKARTA","ID_KABKOT":"34.04","KABKOT":"SLEMAN","ID_KEC":"34.04.07","KECAMATAN":"DEPOK","ID_DESA":"34.04.07.2001","DESA":"CATURTUNGGAL","LONGITUDE":110.3837012,"LATITUDE":-7.7539032,"STATUS":"BUKA","TANGGAL PENGUMPULAN":"Q1 2024","TANGGAL UPDATE":"28/02/2025"}},{"type":"Feature","geometry":{"coordinates":[110.378894,-7.746844],"type":"Point"},"properties":{"NAMA":"DR. TEDDY JANONG M.KES MMR","TIPE_1":"KESEHATAN DAN PENGOBATAN","TIPE_2":"KLINIK","TIPE_3":"KLINIK UMUM","TELEPON":"","ALAMAT":"JL. PLEMBURAN NO.28, SEDAN, SARIHARJO, KEC. NGAGLIK, KABUPATEN SLEMAN, DAERAH ISTIMEWA YOGYAKARTA 55581","ID_PROV":"34","PROVINSI":"DAERAH ISTIMEWA YOGYAKARTA","ID_KABKOT":"34.04","KABKOT":"SLEMAN","ID_KEC":"34.04.12","KECAMATAN":"NGAGLIK","ID_DESA":"34.04.12.2001","DESA":"SARIHARJO","LONGITUDE":110.378894,"LATITUDE":-7.746844,"STATUS":"BUKA","TANGGAL PENGUMPULAN":"Q1 2024","TANGGAL UPDATE":"28/02/2025"}},{"type":"Feature","geometry":{"coordinates":[110.3872662,-7.7083136],"type":"Point"},"properties":{"NAMA":"PROF. DR. SOEMARNO WS. SPKJ, PHD","TIPE_1":"KESEHATAN DAN PENGOBATAN","TIPE_2":"KLINIK","TIPE_3":"KLINIK UMUM","TELEPON":"(0274) 868014","ALAMAT":"JL. PALAGAN TENTARA PELAJAR, NGETIRAN, SARIHARJO, KEC. NGAGLIK, KABUPATEN SLEMAN, DAERAH ISTIMEWA YOGYAKARTA 55581","ID_PROV":"34","PROVINSI":"DAERAH ISTIMEWA YOGYAKARTA","ID_KABKOT":"34.04","KABKOT":"SLEMAN","ID_KEC":"34.04.12","KECAMATAN":"NGAGLIK","ID_DESA":"34.04.12.2001","DESA":"SARIHARJO","LONGITUDE":110.3872662,"LATITUDE":-7.7083136,"STATUS":"BUKA","TANGGAL PENGUMPULAN":"Q1 2024","TANGGAL UPDATE":"28/02/2025"}},{"type":"Feature","geometry":{"coordinates":[110.3746035,-7.7426591],"type":"Point"},"properties":{"NAMA":"DR. WAHYUDI ISTIONO (LAYANAN BPJS)","TIPE_1":"KESEHATAN DAN PENGOBATAN","TIPE_2":"KLINIK","TIPE_3":"KLINIK UMUM","TELEPON":"0811-2646-004","ALAMAT":"JL. PALAGAN TENTARA PELAJAR NO.33, JONGKANG, SARIHARJO, KEC. NGAGLIK, KABUPATEN SLEMAN, DAERAH ISTIMEWA YOGYAKARTA 55581","ID_PROV":"34","PROVINSI":"DAERAH ISTIMEWA YOGYAKARTA","ID_KABKOT":"34.04","KABKOT":"SLEMAN","ID_KEC":"34.04.12","KECAMATAN":"NGAGLIK","ID_DESA":"34.04.12.2001","DESA":"SARIHARJO","LONGITUDE":110.3746035,"LATITUDE":-7.7426591,"STATUS":"BUKA","TANGGAL PENGUMPULAN":"Q1 2024","TANGGAL UPDATE":"28/02/2025"}},{"type":"Feature","geometry":{"coordinates":[110.3988198,-7.7188591],"type":"Point"},"properties":{"NAMA":"KLINIK INDIRA DR PHYO SPOG","TIPE_1":"KESEHATAN DAN PENGOBATAN","TIPE_2":"KLINIK","TIPE_3":"KLINIK UMUM","TELEPON":"0851-0300-1500","ALAMAT":"JL. KALIURANG JL. AMARTA NO.KM 10, NGALALANGAN, SARDONOHARJO, KEC. NGAGLIK, KABUPATEN SLEMAN, DAERAH ISTIMEWA YOGYAKARTA 55581","ID_PROV":"34","PROVINSI":"DAERAH ISTIMEWA YOGYAKARTA","ID_KABKOT":"34.04","KABKOT":"SLEMAN","ID_KEC":"34.04.12","KECAMATAN":"NGAGLIK","ID_DESA":"34.04.12.2005","DESA":"SARDONOHARJO","LONGITUDE":110.3988198,"LATITUDE":-7.7188591,"STATUS":"BUKA","TANGGAL PENGUMPULAN":"Q1 2024","TANGGAL UPDATE":"28/02/2025"}},{"type":"Feature","geometry":{"coordinates":[110.4036275,-7.7256763],"type":"Point"},"properties":{"NAMA":"PRAKTIK DOKTER DWI ANNA SUSANTI","TIPE_1":"KESEHATAN DAN PENGOBATAN","TIPE_2":"KLINIK","TIPE_3":"KLINIK UMUM","TELEPON":"0813-9292-3600","ALAMAT":"JL. BIMA, NGLABAN, SINDUHARJO, KEC. NGAGLIK, KABUPATEN SLEMAN, DAERAH ISTIMEWA YOGYAKARTA 55581","ID_PROV":"34","PROVINSI":"DAERAH ISTIMEWA YOGYAKARTA","ID_KABKOT":"34.04","KABKOT":"SLEMAN","ID_KEC":"34.04.12","KECAMATAN":"NGAGLIK","ID_DESA":"34.04.12.2003","DESA":"SINDUHARJO","LONGITUDE":110.4036275,"LATITUDE":-7.7256763,"STATUS":"BUKA","TANGGAL PENGUMPULAN":"Q1 2024","TANGGAL UPDATE":"28/02/2025"}},{"type":"Feature","geometry":{"coordinates":[110.3815385,-7.7238751],"type":"Point"},"properties":{"NAMA":"PRAKTEK DR. ISKANDAR MONTOC","TIPE_1":"KESEHATAN DAN PENGOBATAN","TIPE_2":"KLINIK","TIPE_3":"KLINIK UMUM","TELEPON":"0813-8858-3390","ALAMAT":"JL. PALAGAN TENTARA PELAJAR KAMDANEN NO.79, TEGAL REJO, SARIHARJO, KEC. NGAGLIK, KABUPATEN SLEMAN, DAERAH ISTIMEWA YOGYAKARTA 55281","ID_PROV":"34","PROVINSI":"DAERAH ISTIMEWA YOGYAKARTA","ID_KABKOT":"34.04","KABKOT":"SLEMAN","ID_KEC":"34.04.12","KECAMATAN":"NGAGLIK","ID_DESA":"34.04.12.2001","DESA":"SARIHARJO","LONGITUDE":110.3815385,"LATITUDE":-7.7238751,"STATUS":"BUKA","TANGGAL PENGUMPULAN":"Q1 2024","TANGGAL UPDATE":"28/02/2025"}},{"type":"Feature","geometry":{"coordinates":[110.4898101,-7.76043],"type":"Point"},"properties":{"NAMA":"PRAKTEK UMUM DR DEDI APRIANTO","TIPE_1":"KESEHATAN DAN PENGOBATAN","TIPE_2":"KLINIK","TIPE_3":"KLINIK UMUM","TELEPON":"","ALAMAT":"JL. RAYA PIYUNGAN - PRAMBANAN, KLURAK BARU, BOKOHARJO, KEC. PRAMBANAN, KABUPATEN SLEMAN, DAERAH ISTIMEWA YOGYAKARTA 55572","ID_PROV":"34","PROVINSI":"DAERAH ISTIMEWA YOGYAKARTA","ID_KABKOT":"34.04","KABKOT":"SLEMAN","ID_KEC":"34.04.09","KECAMATAN":"PRAMBANAN","ID_DESA":"34.04.09.2006","DESA":"BOKOHARJO","LONGITUDE":110.4898101,"LATITUDE":-7.76043,"STATUS":"BUKA","TANGGAL PENGUMPULAN":"Q1 2024","TANGGAL UPDATE":"28/02/2025"}},{"type":"Feature","geometry":{"coordinates":[110.4407126,-7.7803581],"type":"Point"},"properties":{"NAMA":"DOKTER KELUARGA","TIPE_1":"KESEHATAN DAN PENGOBATAN","TIPE_2":"KLINIK","TIPE_3":"KLINIK UMUM","TELEPON":"","ALAMAT":"JL. SOROGENEN II GG. BEO NO.93, SOROGENAN II, PURWOMARTANI, KEC. KALASAN, KABUPATEN SLEMAN, DAERAH ISTIMEWA YOGYAKARTA 55571","ID_PROV":"34","PROVINSI":"DAERAH ISTIMEWA YOGYAKARTA","ID_KABKOT":"34.04","KABKOT":"SLEMAN","ID_KEC":"34.04.10","KECAMATAN":"KALASAN","ID_DESA":"34.04.10.2001","DESA":"PURWOMARTANI","LONGITUDE":110.4407126,"LATITUDE":-7.7803581,"STATUS":"BUKA","TANGGAL PENGUMPULAN":"Q1 2024","TANGGAL UPDATE":"28/02/2025"}},{"type":"Feature","geometry":{"coordinates":[110.465354,-7.773812],"type":"Point"},"properties":{"NAMA":"DR. H.AKIL BAEHAQI, SP.A","TIPE_1":"KESEHATAN DAN PENGOBATAN","TIPE_2":"KLINIK","TIPE_3":"KLINIK UMUM","TELEPON":"(0274) 496531","ALAMAT":"APOTEK KALASAN FARMA, JL. SOLO NO.13, KRINGINAN, TIRTOMARTANI, KEC. KALASAN, KABUPATEN SLEMAN, DAERAH ISTIMEWA YOGYAKARTA 55571","ID_PROV":"34","PROVINSI":"DAERAH ISTIMEWA YOGYAKARTA","ID_KABKOT":"34.04","KABKOT":"SLEMAN","ID_KEC":"34.04.10","KECAMATAN":"KALASAN","ID_DESA":"34.04.10.2002","DESA":"TIRTOMARTANI","LONGITUDE":110.465354,"LATITUDE":-7.773812,"STATUS":"BUKA","TANGGAL PENGUMPULAN":"Q1 2024","TANGGAL UPDATE":"28/02/2025"}},{"type":"Feature","geometry":{"coordinates":[110.472234,-7.7237933],"type":"Point"},"properties":{"NAMA":"KLINIK DR. KUMALASARI","TIPE_1":"KESEHATAN DAN PENGOBATAN","TIPE_2":"KLINIK","TIPE_3":"KLINIK UMUM","TELEPON":"0811-2636-272","ALAMAT":"KLEDOAN, SELOMARTANI, KEC. KALASAN, KABUPATEN SLEMAN, DAERAH ISTIMEWA YOGYAKARTA 55571","ID_PROV":"34","PROVINSI":"DAERAH ISTIMEWA YOGYAKARTA","ID_KABKOT":"34.04","KABKOT":"SLEMAN","ID_KEC":"34.04.10","KECAMATAN":"KALASAN","ID_DESA":"34.04.10.2004","DESA":"SELOMARTANI","LONGITUDE":110.472234,"LATITUDE":-7.7237933,"STATUS":"BUKA","TANGGAL PENGUMPULAN":"Q1 2024","TANGGAL UPDATE":"28/02/2025"}},{"type":"Feature","geometry":{"coordinates":[110.4733556,-7.7615493],"type":"Point"},"properties":{"NAMA":"KALASAN MEDIKA","TIPE_1":"KESEHATAN DAN PENGOBATAN","TIPE_2":"KLINIK","TIPE_3":"KLINIK UMUM","TELEPON":"0812-1526-922","ALAMAT":"UNNAMED ROAD, BENDAN, TIRTOMARTANI, KEC. KALASAN, KABUPATEN SLEMAN, DAERAH ISTIMEWA YOGYAKARTA 55571","ID_PROV":"34","PROVINSI":"DAERAH ISTIMEWA YOGYAKARTA","ID_KABKOT":"34.04","KABKOT":"SLEMAN","ID_KEC":"34.04.10","KECAMATAN":"KALASAN","ID_DESA":"34.04.10.2002","DESA":"TIRTOMARTANI","LONGITUDE":110.4733556,"LATITUDE":-7.7615493,"STATUS":"BUKA","TANGGAL PENGUMPULAN":"Q1 2024","TANGGAL UPDATE":"28/02/2025"}},{"type":"Feature","geometry":{"coordinates":[110.4485785,-7.7524879],"type":"Point"},"properties":{"NAMA":"KLINIK PERMATA KELUARGA DR. DR. H. KUSBARYANTO - DR. HJ. RIMA FITRIYANI","TIPE_1":"KESEHATAN DAN PENGOBATAN","TIPE_2":"KLINIK","TIPE_3":"KLINIK UMUM","TELEPON":"(0274) 4395482","ALAMAT":"JALAN, KADISOKO, PURWOMARTANI, KEC. KALASAN, KABUPATEN SLEMAN, DAERAH ISTIMEWA YOGYAKARTA 55571","ID_PROV":"34","PROVINSI":"DAERAH ISTIMEWA YOGYAKARTA","ID_KABKOT":"34.04","KABKOT":"SLEMAN","ID_KEC":"34.04.10","KECAMATAN":"KALASAN","ID_DESA":"34.04.10.2001","DESA":"PURWOMARTANI","LONGITUDE":110.4485785,"LATITUDE":-7.7524879,"STATUS":"BUKA","TANGGAL PENGUMPULAN":"Q1 2024","TANGGAL UPDATE":"28/02/2025"}},{"type":"Feature","geometry":{"coordinates":[110.4722137,-7.7237665],"type":"Point"},"properties":{"NAMA":"KLINIK KALASAN SEHAT","TIPE_1":"KESEHATAN DAN PENGOBATAN","TIPE_2":"KLINIK","TIPE_3":"KLINIK UMUM","TELEPON":"0811-2636-272","ALAMAT":"KLEDOAN, SELOMARTANI, KEC. KALASAN, KABUPATEN SLEMAN, DAERAH ISTIMEWA YOGYAKARTA 55571","ID_PROV":"34","PROVINSI":"DAERAH ISTIMEWA YOGYAKARTA","ID_KABKOT":"34.04","KABKOT":"SLEMAN","ID_KEC":"34.04.10","KECAMATAN":"KALASAN","ID_DESA":"34.04.10.2004","DESA":"SELOMARTANI","LONGITUDE":110.4722137,"LATITUDE":-7.7237665,"STATUS":"BUKA","TANGGAL PENGUMPULAN":"Q1 2024","TANGGAL UPDATE":"28/02/2025"}},{"type":"Feature","geometry":{"coordinates":[110.2326936,-7.7659655],"type":"Point"},"properties":{"NAMA":"DR. DHARMAWAN LINGGA PRAKTEK UMUM","TIPE_1":"KESEHATAN DAN PENGOBATAN","TIPE_2":"KLINIK","TIPE_3":"KLINIK UMUM","TELEPON":"","ALAMAT":"JITAR NGEMPLOK, SUMBERARUM, KEC. MOYUDAN, KABUPATEN SLEMAN, DAERAH ISTIMEWA YOGYAKARTA","ID_PROV":"34","PROVINSI":"DAERAH ISTIMEWA YOGYAKARTA","ID_KABKOT":"34.04","KABKOT":"SLEMAN","ID_KEC":"34.04.03","KECAMATAN":"MOYUDAN","ID_DESA":"34.04.03.2004","DESA":"SUMBERARUM","LONGITUDE":110.2326936,"LATITUDE":-7.7659655,"STATUS":"BUKA","TANGGAL PENGUMPULAN":"Q1 2024","TANGGAL UPDATE":"28/02/2025"}},{"type":"Feature","geometry":{"coordinates":[110.3010938,-7.7221047],"type":"Point"},"properties":{"NAMA":"KLINIK SAHABAT INSANI","TIPE_1":"KESEHATAN DAN PENGOBATAN","TIPE_2":"KLINIK","TIPE_3":"KLINIK UMUM","TELEPON":"(0274) 7489578","ALAMAT":"JL KEBON AGUNG, DESA BANYUURIP, PETE, MARGODADI, KEC. SEYEGAN, KABUPATEN SLEMAN, DAERAH ISTIMEWA YOGYAKARTA 55561","ID_PROV":"34","PROVINSI":"DAERAH ISTIMEWA YOGYAKARTA","ID_KABKOT":"34.04","KABKOT":"SLEMAN","ID_KEC":"34.04.05","KECAMATAN":"SEYEGAN","ID_DESA":"34.04.05.2003","DESA":"MARGOKATON","LONGITUDE":110.3010938,"LATITUDE":-7.7221047,"STATUS":"BUKA","TANGGAL PENGUMPULAN":"Q1 2024","TANGGAL UPDATE":"28/02/2025"}},{"type":"Feature","geometry":{"coordinates":[110.3721791,-7.7690246],"type":"Point"},"properties":{"NAMA":"KLINIK INFERTILITAS PERMATA HATI","TIPE_1":"KESEHATAN DAN PENGOBATAN","TIPE_2":"KLINIK","TIPE_3":"KLINIK UMUM","TELEPON":"(0274) 518684","ALAMAT":"RSUP. DR. SARDJITO GEDUNG BEDAH SENTRAL TERPADU LT. 1 JL. KESEHATAN, NO. 1 SEKIP, SENDOWO, SINDUADI, KEC. MLATI, KABUPATEN SLEMAN, DAERAH ISTIMEWA YOGYAKARTA 55281","ID_PROV":"34","PROVINSI":"DAERAH ISTIMEWA YOGYAKARTA","ID_KABKOT":"34.04","KABKOT":"SLEMAN","ID_KEC":"34.04.06","KECAMATAN":"MLATI","ID_DESA":"34.04.06.2001","DESA":"SINDUADI","LONGITUDE":110.3721791,"LATITUDE":-7.7690246,"STATUS":"BUKA","TANGGAL PENGUMPULAN":"Q1 2024","TANGGAL UPDATE":"28/02/2025"}},{"type":"Feature","geometry":{"coordinates":[110.3341836,-7.7114319],"type":"Point"},"properties":{"NAMA":"KLINIK AKUPUNTUR","TIPE_1":"KESEHATAN DAN PENGOBATAN","TIPE_2":"KLINIK","TIPE_3":"KLINIK UMUM","TELEPON":"0877-3426-1461","ALAMAT":"POJOK, BURIKAN, SUMBERADI, KEC. MLATI, KABUPATEN SLEMAN, DAERAH ISTIMEWA YOGYAKARTA 55514","ID_PROV":"34","PROVINSI":"DAERAH ISTIMEWA YOGYAKARTA","ID_KABKOT":"34.04","KABKOT":"SLEMAN","ID_KEC":"34.04.06","KECAMATAN":"MLATI","ID_DESA":"34.04.06.2005","DESA":"SUMBERADI","LONGITUDE":110.3341836,"LATITUDE":-7.7114319,"STATUS":"BUKA","TANGGAL PENGUMPULAN":"Q1 2024","TANGGAL UPDATE":"28/02/2025"}},{"type":"Feature","geometry":{"coordinates":[110.3416516,-7.7006468],"type":"Point"},"properties":{"NAMA":"FASKES TINGKAT I \" DR. H. SUNARKO D.\"","TIPE_1":"KESEHATAN DAN PENGOBATAN","TIPE_2":"KLINIK","TIPE_3":"KLINIK UMUM","TELEPON":"(0274) 868795","ALAMAT":"SLEMAN 3, TRIHARJO, KEC. SLEMAN, KABUPATEN SLEMAN, DAERAH ISTIMEWA YOGYAKARTA 55514","ID_PROV":"34","PROVINSI":"DAERAH ISTIMEWA YOGYAKARTA","ID_KABKOT":"34.04","KABKOT":"SLEMAN","ID_KEC":"34.04.13","KECAMATAN":"SLEMAN","ID_DESA":"34.04.13.2002","DESA":"TRIHARJO","LONGITUDE":110.3416516,"LATITUDE":-7.7006468,"STATUS":"BUKA","TANGGAL PENGUMPULAN":"Q1 2024","TANGGAL UPDATE":"28/02/2025"}},{"type":"Feature","geometry":{"coordinates":[110.3053503,-7.7305998],"type":"Point"},"properties":{"NAMA":"KLINIK DR ELLIZA SEYEGAN","TIPE_1":"KESEHATAN DAN PENGOBATAN","TIPE_2":"KLINIK","TIPE_3":"KLINIK UMUM","TELEPON":"","ALAMAT":"NEPES, MARGODADI, KEC. SEYEGAN, KABUPATEN SLEMAN, DAERAH ISTIMEWA YOGYAKARTA 55561","ID_PROV":"34","PROVINSI":"DAERAH ISTIMEWA YOGYAKARTA","ID_KABKOT":"34.04","KABKOT":"SLEMAN","ID_KEC":"34.04.05","KECAMATAN":"SEYEGAN","ID_DESA":"34.04.05.2002","DESA":"MARGODADI","LONGITUDE":110.3053503,"LATITUDE":-7.7305998,"STATUS":"BUKA","TANGGAL PENGUMPULAN":"Q1 2024","TANGGAL UPDATE":"28/02/2025"}},{"type":"Feature","geometry":{"coordinates":[110.2908155,-7.7168278],"type":"Point"},"properties":{"NAMA":"KLINIK DR RENI","TIPE_1":"KESEHATAN DAN PENGOBATAN","TIPE_2":"KLINIK","TIPE_3":"KLINIK UMUM","TELEPON":"","ALAMAT":"SOWOKATON, MARGOKATON, KEC. SEYEGAN, KABUPATEN SLEMAN, DAERAH ISTIMEWA YOGYAKARTA 55561","ID_PROV":"34","PROVINSI":"DAERAH ISTIMEWA YOGYAKARTA","ID_KABKOT":"34.04","KABKOT":"SLEMAN","ID_KEC":"34.04.05","KECAMATAN":"SEYEGAN","ID_DESA":"34.04.05.2003","DESA":"MARGOKATON","LONGITUDE":110.2908155,"LATITUDE":-7.7168278,"STATUS":"BUKA","TANGGAL PENGUMPULAN":"Q1 2024","TANGGAL UPDATE":"28/02/2025"}},{"type":"Feature","geometry":{"coordinates":[110.3398011,-7.733047],"type":"Point"},"properties":{"NAMA":"KLINIK UTAMA ASRI MEDICAL CENTER","TIPE_1":"KESEHATAN DAN PENGOBATAN","TIPE_2":"KLINIK","TIPE_3":"KLINIK UMUM","TELEPON":"","ALAMAT":"JL. HOS COKROAMINOTO, GANDEKAN, TLOGOADI, KEC. MLATI, KOTA YOGYAKARTA, DAERAH ISTIMEWA YOGYAKARTA 55286","ID_PROV":"34","PROVINSI":"DAERAH ISTIMEWA YOGYAKARTA","ID_KABKOT":"34.04","KABKOT":"SLEMAN","ID_KEC":"34.04.06","KECAMATAN":"MLATI","ID_DESA":"34.04.06.2003","DESA":"TLOGOADI","LONGITUDE":110.3398011,"LATITUDE":-7.733047,"STATUS":"BUKA","TANGGAL PENGUMPULAN":"Q1 2024","TANGGAL UPDATE":"28/02/2025"}},{"type":"Feature","geometry":{"coordinates":[110.2326365,-7.7659984],"type":"Point"},"properties":{"NAMA":"KLINIK SORE","TIPE_1":"KESEHATAN DAN PENGOBATAN","TIPE_2":"KLINIK","TIPE_3":"KLINIK UMUM","TELEPON":"","ALAMAT":"JITAR NGEMPLOK, SUMBERARUM, KEC. MOYUDAN, KABUPATEN SLEMAN, DAERAH ISTIMEWA YOGYAKARTA 55563","ID_PROV":"34","PROVINSI":"DAERAH ISTIMEWA YOGYAKARTA","ID_KABKOT":"34.04","KABKOT":"SLEMAN","ID_KEC":"34.04.03","KECAMATAN":"MOYUDAN","ID_DESA":"34.04.03.2004","DESA":"SUMBERARUM","LONGITUDE":110.2326365,"LATITUDE":-7.7659984,"STATUS":"BUKA","TANGGAL PENGUMPULAN":"Q1 2024","TANGGAL UPDATE":"28/02/2025"}},{"type":"Feature","geometry":{"coordinates":[110.2339756,-7.7247086],"type":"Point"},"properties":{"NAMA":"DR FX SUPRAPTO","TIPE_1":"KESEHATAN DAN PENGOBATAN","TIPE_2":"KLINIK","TIPE_3":"KLINIK UMUM","TELEPON":"0813-2872-9284","ALAMAT":"POJOK V,RT 5/11SENDANGAGUNG, BABADAN, SENDANGAGUNG, KEC. MINGGIR, KABUPATEN SLEMAN, DAERAH ISTIMEWA YOGYAKARTA 55562","ID_PROV":"34","PROVINSI":"DAERAH ISTIMEWA YOGYAKARTA","ID_KABKOT":"34.04","KABKOT":"SLEMAN","ID_KEC":"34.04.04","KECAMATAN":"MINGGIR","ID_DESA":"34.04.04.2003","DESA":"SENDANGAGUNG","LONGITUDE":110.2339756,"LATITUDE":-7.7247086,"STATUS":"BUKA","TANGGAL PENGUMPULAN":"Q1 2024","TANGGAL UPDATE":"28/02/2025"}},{"type":"Feature","geometry":{"coordinates":[110.249349,-7.7870498],"type":"Point"},"properties":{"NAMA":"KLINIK PERMATA BHAKTI","TIPE_1":"KESEHATAN DAN PENGOBATAN","TIPE_2":"KLINIK","TIPE_3":"KLINIK UMUM","TELEPON":"","ALAMAT":"JL. MOYUDAN SEDAYU, KLAMPIS, SUMBERRAHAYU, KEC. MOYUDAN, KABUPATEN SLEMAN, DAERAH ISTIMEWA YOGYAKARTA 55563","ID_PROV":"34","PROVINSI":"DAERAH ISTIMEWA YOGYAKARTA","ID_KABKOT":"34.04","KABKOT":"SLEMAN","ID_KEC":"34.04.03","KECAMATAN":"MOYUDAN","ID_DESA":"34.04.03.2001","DESA":"SUMBERRAHAYU","LONGITUDE":110.249349,"LATITUDE":-7.7870498,"STATUS":"BUKA","TANGGAL PENGUMPULAN":"Q1 2024","TANGGAL UPDATE":"28/02/2025"}},{"type":"Feature","geometry":{"coordinates":[110.3606773,-7.7464319],"type":"Point"},"properties":{"NAMA":"CAHAYA SEHAT MEDIKA","TIPE_1":"KESEHATAN DAN PENGOBATAN","TIPE_2":"KLINIK","TIPE_3":"KLINIK UMUM","TELEPON":"(0274) 865573","ALAMAT":"JL RAFLESIA 1, JL. TEGAL MRAEN NO.RT02/09, MLATI BENINGAN, SENDANGADI, KEC. MLATI, KABUPATEN SLEMAN, DAERAH ISTIMEWA YOGYAKARTA 55285","ID_PROV":"34","PROVINSI":"DAERAH ISTIMEWA YOGYAKARTA","ID_KABKOT":"34.04","KABKOT":"SLEMAN","ID_KEC":"34.04.06","KECAMATAN":"MLATI","ID_DESA":"34.04.06.2002","DESA":"SENDANGADI","LONGITUDE":110.3606773,"LATITUDE":-7.7464319,"STATUS":"BUKA","TANGGAL PENGUMPULAN":"Q1 2024","TANGGAL UPDATE":"28/02/2025"}},{"type":"Feature","geometry":{"coordinates":[110.2666228,-7.7260073],"type":"Point"},"properties":{"NAMA":"DOKTER DESI ARIJADI","TIPE_1":"KESEHATAN DAN PENGOBATAN","TIPE_2":"KLINIK","TIPE_3":"KLINIK UMUM","TELEPON":"","ALAMAT":"SIDOMULYO, SENDANGREJO, KEC. MINGGIR, KABUPATEN SLEMAN, DAERAH ISTIMEWA YOGYAKARTA 55562","ID_PROV":"34","PROVINSI":"DAERAH ISTIMEWA YOGYAKARTA","ID_KABKOT":"34.04","KABKOT":"SLEMAN","ID_KEC":"34.04.04","KECAMATAN":"MINGGIR","ID_DESA":"34.04.04.2005","DESA":"SENDANGREJO","LONGITUDE":110.2666228,"LATITUDE":-7.7260073,"STATUS":"BUKA","TANGGAL PENGUMPULAN":"Q1 2024","TANGGAL UPDATE":"28/02/2025"}},{"type":"Feature","geometry":{"coordinates":[110.3772723,-7.7548749],"type":"Point"},"properties":{"NAMA":"PRAKTEK DR. HARTI","TIPE_1":"KESEHATAN DAN PENGOBATAN","TIPE_2":"KLINIK","TIPE_3":"KLINIK UMUM","TELEPON":"0812-8909-0677","ALAMAT":"JL. POGUNG LOR NO.212, RT.02/RW.46, POGUNG LOR, SINDUADI, KEC. MLATI, KABUPATEN SLEMAN, DAERAH ISTIMEWA YOGYAKARTA 55284","ID_PROV":"34","PROVINSI":"DAERAH ISTIMEWA YOGYAKARTA","ID_KABKOT":"34.04","KABKOT":"SLEMAN","ID_KEC":"34.04.06","KECAMATAN":"MLATI","ID_DESA":"34.04.06.2001","DESA":"SINDUADI","LONGITUDE":110.3772723,"LATITUDE":-7.7548749,"STATUS":"BUKA","TANGGAL PENGUMPULAN":"Q1 2024","TANGGAL UPDATE":"28/02/2025"}},{"type":"Feature","geometry":{"coordinates":[110.3171719,-7.729798],"type":"Point"},"properties":{"NAMA":"FASKES DR. ARIS MISYARI","TIPE_1":"KESEHATAN DAN PENGOBATAN","TIPE_2":"KLINIK","TIPE_3":"KLINIK UMUM","TELEPON":"","ALAMAT":"MRIYAN, MARGOMULYO, KEC. SEYEGAN, KABUPATEN SLEMAN, DAERAH ISTIMEWA YOGYAKARTA 55561","ID_PROV":"34","PROVINSI":"DAERAH ISTIMEWA YOGYAKARTA","ID_KABKOT":"34.04","KABKOT":"SLEMAN","ID_KEC":"34.04.05","KECAMATAN":"SEYEGAN","ID_DESA":"34.04.05.2004","DESA":"MARGOMULYO","LONGITUDE":110.3171719,"LATITUDE":-7.729798,"STATUS":"BUKA","TANGGAL PENGUMPULAN":"Q1 2024","TANGGAL UPDATE":"28/02/2025"}},{"type":"Feature","geometry":{"coordinates":[110.229762,-7.7650423],"type":"Point"},"properties":{"NAMA":"KLINIK SEHAT BINA UMAT","TIPE_1":"KESEHATAN DAN PENGOBATAN","TIPE_2":"KLINIK","TIPE_3":"KLINIK UMUM","TELEPON":"0811-2823-409","ALAMAT":"KARANGANJIR, JITAR NGEMPLOK, SUMBERARUM, KEC. MOYUDAN, KABUPATEN SLEMAN, DAERAH ISTIMEWA YOGYAKARTA 55563","ID_PROV":"34","PROVINSI":"DAERAH ISTIMEWA YOGYAKARTA","ID_KABKOT":"34.04","KABKOT":"SLEMAN","ID_KEC":"34.04.03","KECAMATAN":"MOYUDAN","ID_DESA":"34.04.03.2004","DESA":"SUMBERARUM","LONGITUDE":110.229762,"LATITUDE":-7.7650423,"STATUS":"BUKA","TANGGAL PENGUMPULAN":"Q1 2024","TANGGAL UPDATE":"28/02/2025"}},{"type":"Feature","geometry":{"coordinates":[110.321305,-7.731581],"type":"Point"},"properties":{"NAMA":"KLINIK PRATAMA AS-WAJA","TIPE_1":"KESEHATAN DAN PENGOBATAN","TIPE_2":"KLINIK","TIPE_3":"KLINIK UMUM","TELEPON":"(0274) 4364000","ALAMAT":"JALAN KEBON AGUNG KM 8, BEDINGIN SUMBERADI MLATI, CABAKAN, SUMBERADI, KEC. MLATI, KABUPATEN SLEMAN, DAERAH ISTIMEWA YOGYAKARTA 55288","ID_PROV":"34","PROVINSI":"DAERAH ISTIMEWA YOGYAKARTA","ID_KABKOT":"34.04","KABKOT":"SLEMAN","ID_KEC":"34.04.06","KECAMATAN":"MLATI","ID_DESA":"34.04.06.2005","DESA":"SUMBERADI","LONGITUDE":110.321305,"LATITUDE":-7.731581,"STATUS":"BUKA","TANGGAL PENGUMPULAN":"Q1 2024","TANGGAL UPDATE":"28/02/2025"}},{"type":"Feature","geometry":{"coordinates":[110.3923929,-7.7392581],"type":"Point"},"properties":{"NAMA":"PRO CLINIC BANTENG","TIPE_1":"KESEHATAN DAN PENGOBATAN","TIPE_2":"KLINIK","TIPE_3":"KLINIK UMUM","TELEPON":"","ALAMAT":"NGABEAN KULON, SINDUHARJO, KEC. NGAGLIK, KABUPATEN SLEMAN, DAERAH ISTIMEWA YOGYAKARTA 55581","ID_PROV":"34","PROVINSI":"DAERAH ISTIMEWA YOGYAKARTA","ID_KABKOT":"34.04","KABKOT":"SLEMAN","ID_KEC":"34.04.12","KECAMATAN":"NGAGLIK","ID_DESA":"34.04.12.2003","DESA":"SINDUHARJO","LONGITUDE":110.3923929,"LATITUDE":-7.7392581,"STATUS":"BUKA","TANGGAL PENGUMPULAN":"Q1 2024","TANGGAL UPDATE":"28/02/2025"}},{"type":"Feature","geometry":{"coordinates":[110.4069889,-7.7160557],"type":"Point"},"properties":{"NAMA":"KLINIK DOKTER ALEX","TIPE_1":"KESEHATAN DAN PENGOBATAN","TIPE_2":"KLINIK","TIPE_3":"KLINIK UMUM","TELEPON":"","ALAMAT":"GADINGAN, SINDUHARJO, KEC. NGAGLIK, KABUPATEN SLEMAN, DAERAH ISTIMEWA YOGYAKARTA 55581","ID_PROV":"34","PROVINSI":"DAERAH ISTIMEWA YOGYAKARTA","ID_KABKOT":"34.04","KABKOT":"SLEMAN","ID_KEC":"34.04.12","KECAMATAN":"NGAGLIK","ID_DESA":"34.04.12.2003","DESA":"SINDUHARJO","LONGITUDE":110.4069889,"LATITUDE":-7.7160557,"STATUS":"BUKA","TANGGAL PENGUMPULAN":"Q1 2024","TANGGAL UPDATE":"28/02/2025"}},{"type":"Feature","geometry":{"coordinates":[110.3733958,-7.7682623],"type":"Point"},"properties":{"NAMA":"DOKTER SOETRISNO","TIPE_1":"KESEHATAN DAN PENGOBATAN","TIPE_2":"KLINIK","TIPE_3":"KLINIK UMUM","TELEPON":"(0274) 580662","ALAMAT":"JL. KESEHATAN NO.2, SENDOWO, SINDUADI, KEC. MLATI, KABUPATEN SLEMAN, DAERAH ISTIMEWA YOGYAKARTA 55281","ID_PROV":"34","PROVINSI":"DAERAH ISTIMEWA YOGYAKARTA","ID_KABKOT":"34.04","KABKOT":"SLEMAN","ID_KEC":"34.04.06","KECAMATAN":"MLATI","ID_DESA":"34.04.06.2001","DESA":"SINDUADI","LONGITUDE":110.3733958,"LATITUDE":-7.7682623,"STATUS":"BUKA","TANGGAL PENGUMPULAN":"Q1 2024","TANGGAL UPDATE":"28/02/2025"}},{"type":"Feature","geometry":{"coordinates":[110.3629319,-7.7669917],"type":"Point"},"properties":{"NAMA":"KLINIK RAISHA / KLINIK VAKSINASI RAISHA / RAISHA VACCINE CENTER","TIPE_1":"KESEHATAN DAN PENGOBATAN","TIPE_2":"KLINIK","TIPE_3":"KLINIK UMUM","TELEPON":"0821-3430-4204","ALAMAT":"KUTU DUKUH, NO.123, RT 06, RW 28, MLATI,, KUTU DUKUH, SINDUADI, SLEMAN, DAERAH ISTIMEWA YOGYAKARTA, 55284","ID_PROV":"34","PROVINSI":"DAERAH ISTIMEWA YOGYAKARTA","ID_KABKOT":"34.04","KABKOT":"SLEMAN","ID_KEC":"34.04.06","KECAMATAN":"MLATI","ID_DESA":"34.04.06.2001","DESA":"SINDUADI","LONGITUDE":110.3629319,"LATITUDE":-7.7669917,"STATUS":"BUKA","TANGGAL PENGUMPULAN":"Q1 2024","TANGGAL UPDATE":"28/02/2025"}},{"type":"Feature","geometry":{"coordinates":[110.3896279,-7.7337281],"type":"Point"},"properties":{"NAMA":"KLINIK DAMAI","TIPE_1":"KESEHATAN DAN PENGOBATAN","TIPE_2":"KLINIK","TIPE_3":"KLINIK UMUM","TELEPON":"","ALAMAT":"JL. BANTENG BARU RAYA UTARA, BANTENG, SINDUHARJO, KEC. NGAGLIK, KABUPATEN SLEMAN, DAERAH ISTIMEWA YOGYAKARTA 55581","ID_PROV":"34","PROVINSI":"DAERAH ISTIMEWA YOGYAKARTA","ID_KABKOT":"34.04","KABKOT":"SLEMAN","ID_KEC":"34.04.12","KECAMATAN":"NGAGLIK","ID_DESA":"34.04.12.2003","DESA":"SINDUHARJO","LONGITUDE":110.3896279,"LATITUDE":-7.7337281,"STATUS":"BUKA","TANGGAL PENGUMPULAN":"Q1 2024","TANGGAL UPDATE":"28/02/2025"}},{"type":"Feature","geometry":{"coordinates":[110.3966214,-7.6512456],"type":"Point"},"properties":{"NAMA":"PRAKTEK DOKTER MANDIRI DR DEDE CANDRA PERMANDA","TIPE_1":"KESEHATAN DAN PENGOBATAN","TIPE_2":"KLINIK","TIPE_3":"KLINIK UMUM","TELEPON":"","ALAMAT":"JL. PAKEM - TURI, JAMBALANGAN, PURWOBINANGUN, KEC. PAKEM, KABUPATEN SLEMAN, DAERAH ISTIMEWA YOGYAKARTA","ID_PROV":"34","PROVINSI":"DAERAH ISTIMEWA YOGYAKARTA","ID_KABKOT":"34.04","KABKOT":"SLEMAN","ID_KEC":"34.04.16","KECAMATAN":"PAKEM","ID_DESA":"34.04.16.2001","DESA":"PURWOBINANGUN","LONGITUDE":110.3966214,"LATITUDE":-7.6512456,"STATUS":"BUKA","TANGGAL PENGUMPULAN":"Q1 2024","TANGGAL UPDATE":"28/02/2025"}},{"type":"Feature","geometry":{"coordinates":[110.430429,-7.7050676],"type":"Point"},"properties":{"NAMA":"NUR KLINIK","TIPE_1":"KESEHATAN DAN PENGOBATAN","TIPE_2":"KLINIK","TIPE_3":"KLINIK UMUM","TELEPON":"","ALAMAT":"YOPAH, SUKOHARJO, KEC. NGAGLIK, KABUPATEN SLEMAN, DAERAH ISTIMEWA YOGYAKARTA 55581","ID_PROV":"34","PROVINSI":"DAERAH ISTIMEWA YOGYAKARTA","ID_KABKOT":"34.04","KABKOT":"SLEMAN","ID_KEC":"34.04.12","KECAMATAN":"NGAGLIK","ID_DESA":"34.04.12.2004","DESA":"SUKOHARJO","LONGITUDE":110.430429,"LATITUDE":-7.7050676,"STATUS":"BUKA","TANGGAL PENGUMPULAN":"Q1 2024","TANGGAL UPDATE":"28/02/2025"}},{"type":"Feature","geometry":{"coordinates":[110.4069756,-7.6601723],"type":"Point"},"properties":{"NAMA":"PRAKTIK DR.SARJOKO, M.KES","TIPE_1":"KESEHATAN DAN PENGOBATAN","TIPE_2":"KLINIK","TIPE_3":"KLINIK UMUM","TELEPON":"(0274) 896142","ALAMAT":"JL. PAKEM - TURI NO.KM. 1,5, MANGUNAN, HARJOBINANGUN, KEC. PAKEM, KABUPATEN SLEMAN, DAERAH ISTIMEWA YOGYAKARTA 55582","ID_PROV":"34","PROVINSI":"DAERAH ISTIMEWA YOGYAKARTA","ID_KABKOT":"34.04","KABKOT":"SLEMAN","ID_KEC":"34.04.16","KECAMATAN":"PAKEM","ID_DESA":"34.04.16.2003","DESA":"HARJOBINANGUN","LONGITUDE":110.4069756,"LATITUDE":-7.6601723,"STATUS":"BUKA","TANGGAL PENGUMPULAN":"Q1 2024","TANGGAL UPDATE":"28/02/2025"}},{"type":"Feature","geometry":{"coordinates":[110.4787602,-7.7360931],"type":"Point"},"properties":{"NAMA":"RUMAH SUNAT JOGJA RH MEDIKA","TIPE_1":"KESEHATAN DAN PENGOBATAN","TIPE_2":"KLINIK","TIPE_3":"KLINIK UMUM","TELEPON":"0813-2888-3225","ALAMAT":"JL. TULUNG TAMANMARTANI, RINGIN SARI, TAMANMARTANI, KEC. KALASAN, KABUPATEN SLEMAN, DAERAH ISTIMEWA YOGYAKARTA 55571","ID_PROV":"34","PROVINSI":"DAERAH ISTIMEWA YOGYAKARTA","ID_KABKOT":"34.04","KABKOT":"SLEMAN","ID_KEC":"34.04.10","KECAMATAN":"KALASAN","ID_DESA":"34.04.10.2003","DESA":"TAMANMARTANI","LONGITUDE":110.4787602,"LATITUDE":-7.7360931,"STATUS":"BUKA","TANGGAL PENGUMPULAN":"Q1 2024","TANGGAL UPDATE":"28/02/2025"}},{"type":"Feature","geometry":{"coordinates":[110.4723541,-7.7658161],"type":"Point"},"properties":{"NAMA":"UMUM & BPJS","TIPE_1":"KESEHATAN DAN PENGOBATAN","TIPE_2":"KLINIK","TIPE_3":"KLINIK UMUM","TELEPON":"","ALAMAT":"GLONDONG, TIRTOMARTANI, KEC. KALASAN, KABUPATEN SLEMAN, DAERAH ISTIMEWA YOGYAKARTA","ID_PROV":"34","PROVINSI":"DAERAH ISTIMEWA YOGYAKARTA","ID_KABKOT":"34.04","KABKOT":"SLEMAN","ID_KEC":"34.04.10","KECAMATAN":"KALASAN","ID_DESA":"34.04.10.2002","DESA":"TIRTOMARTANI","LONGITUDE":110.4723541,"LATITUDE":-7.7658161,"STATUS":"BUKA","TANGGAL PENGUMPULAN":"Q1 2024","TANGGAL UPDATE":"28/02/2025"}},{"type":"Feature","geometry":{"coordinates":[110.4485285,-7.7526374],"type":"Point"},"properties":{"NAMA":"KLINIK PRATAMA \"PERMATA KELUARGA\"","TIPE_1":"KESEHATAN DAN PENGOBATAN","TIPE_2":"KLINIK","TIPE_3":"KLINIK UMUM","TELEPON":"","ALAMAT":"JL. PURWOMARTANI NO.5, KADISOKO, PURWOMARTANI, KEC. KALASAN, KABUPATEN SLEMAN, DAERAH ISTIMEWA YOGYAKARTA 55571","ID_PROV":"34","PROVINSI":"DAERAH ISTIMEWA YOGYAKARTA","ID_KABKOT":"34.04","KABKOT":"SLEMAN","ID_KEC":"34.04.10","KECAMATAN":"KALASAN","ID_DESA":"34.04.10.2001","DESA":"PURWOMARTANI","LONGITUDE":110.4485285,"LATITUDE":-7.7526374,"STATUS":"BUKA","TANGGAL PENGUMPULAN":"Q1 2024","TANGGAL UPDATE":"28/02/2025"}},{"type":"Feature","geometry":{"coordinates":[110.4655511,-7.7733322],"type":"Point"},"properties":{"NAMA":"KLINIK IBU","TIPE_1":"KESEHATAN DAN PENGOBATAN","TIPE_2":"KLINIK","TIPE_3":"KLINIK UMUM","TELEPON":"(0274) 497462","ALAMAT":"JL. YOGYA SOLO KM. 11, 5, KRINGINAN, TIRTOMARTANI, KEC. KALASAN, KABUPATEN SLEMAN, DAERAH ISTIMEWA YOGYAKARTA 55571","ID_PROV":"34","PROVINSI":"DAERAH ISTIMEWA YOGYAKARTA","ID_KABKOT":"34.04","KABKOT":"SLEMAN","ID_KEC":"34.04.10","KECAMATAN":"KALASAN","ID_DESA":"34.04.10.2002","DESA":"TIRTOMARTANI","LONGITUDE":110.4655511,"LATITUDE":-7.7733322,"STATUS":"BUKA","TANGGAL PENGUMPULAN":"Q1 2024","TANGGAL UPDATE":"28/02/2025"}},{"type":"Feature","geometry":{"coordinates":[110.3077836,-7.7954897],"type":"Point"},"properties":{"NAMA":"PRAKTIK DOKTER UMUM DR.DEVI","TIPE_1":"KESEHATAN DAN PENGOBATAN","TIPE_2":"KLINIK","TIPE_3":"KLINIK UMUM","TELEPON":"0817-7289-4493","ALAMAT":"NYAMPLUNG KIDUL, RT.03/RW.05, NYAMPLUNG KIDUL, BALECATUR, KEC. GAMPING, KABUPATEN SLEMAN, DAERAH ISTIMEWA YOGYAKARTA 55295","ID_PROV":"34","PROVINSI":"DAERAH ISTIMEWA YOGYAKARTA","ID_KABKOT":"34.04","KABKOT":"SLEMAN","ID_KEC":"34.04.01","KECAMATAN":"GAMPING","ID_DESA":"34.04.01.2001","DESA":"BALECATUR","LONGITUDE":110.3077836,"LATITUDE":-7.7954897,"STATUS":"BUKA","TANGGAL PENGUMPULAN":"Q1 2024","TANGGAL UPDATE":"28/02/2025"}},{"type":"Feature","geometry":{"coordinates":[110.3005641,-7.7354314],"type":"Point"},"properties":{"NAMA":"PRAKTIK DOKTER UMUM DR. NIDA UL HASANAH","TIPE_1":"KESEHATAN DAN PENGOBATAN","TIPE_2":"KLINIK","TIPE_3":"KLINIK UMUM","TELEPON":"","ALAMAT":"MRANGGEN, MARGODADI, KEC. SEYEGAN, KABUPATEN SLEMAN, DAERAH ISTIMEWA YOGYAKARTA 55561","ID_PROV":"34","PROVINSI":"DAERAH ISTIMEWA YOGYAKARTA","ID_KABKOT":"34.04","KABKOT":"SLEMAN","ID_KEC":"34.04.05","KECAMATAN":"SEYEGAN","ID_DESA":"34.04.05.2002","DESA":"MARGODADI","LONGITUDE":110.3005641,"LATITUDE":-7.7354314,"STATUS":"BUKA","TANGGAL PENGUMPULAN":"Q1 2024","TANGGAL UPDATE":"28/02/2025"}},{"type":"Feature","geometry":{"coordinates":[110.3623844,-7.757963],"type":"Point"},"properties":{"NAMA":"DR. PATIMAH HARIYATI","TIPE_1":"KESEHATAN DAN PENGOBATAN","TIPE_2":"KLINIK","TIPE_3":"KLINIK UMUM","TELEPON":"0813-2812-1897","ALAMAT":"JETAKAN, PANDOWOHARJO, KUTU TEGAL, SINDUADI, SLEMAN, KABUPATEN SLEMAN, DAERAH ISTIMEWA YOGYAKARTA 55284","ID_PROV":"34","PROVINSI":"DAERAH ISTIMEWA YOGYAKARTA","ID_KABKOT":"34.04","KABKOT":"SLEMAN","ID_KEC":"34.04.06","KECAMATAN":"MLATI","ID_DESA":"34.04.06.2001","DESA":"SINDUADI","LONGITUDE":110.3623844,"LATITUDE":-7.757963,"STATUS":"BUKA","TANGGAL PENGUMPULAN":"Q1 2024","TANGGAL UPDATE":"28/02/2025"}},{"type":"Feature","geometry":{"coordinates":[110.3156268,-7.767787],"type":"Point"},"properties":{"NAMA":"PRAKTEK DOKTER SYARAF PKU DR ZAMRONI","TIPE_1":"KESEHATAN DAN PENGOBATAN","TIPE_2":"KLINIK","TIPE_3":"KLINIK UMUM","TELEPON":"0878-3815-3118","ALAMAT":"AREA SAWAH, SIDOMOYO, KEC. GODEAN, KABUPATEN SLEMAN, DAERAH ISTIMEWA YOGYAKARTA 55264","ID_PROV":"34","PROVINSI":"DAERAH ISTIMEWA YOGYAKARTA","ID_KABKOT":"34.04","KABKOT":"SLEMAN","ID_KEC":"34.04.02","KECAMATAN":"GODEAN","ID_DESA":"34.04.02.2007","DESA":"SIDOMOYO","LONGITUDE":110.3156268,"LATITUDE":-7.767787,"STATUS":"BUKA","TANGGAL PENGUMPULAN":"Q1 2024","TANGGAL UPDATE":"28/02/2025"}},{"type":"Feature","geometry":{"coordinates":[110.3236103,-7.7821913],"type":"Point"},"properties":{"NAMA":"RUMAH DRH. PRAPTO SUBAGYO","TIPE_1":"KESEHATAN DAN PENGOBATAN","TIPE_2":"KLINIK","TIPE_3":"KLINIK UMUM","TELEPON":"0816-4260-891","ALAMAT":"JL. ARJUNA, KRAMAT, SIDOARUM, KEC. GODEAN, KABUPATEN SLEMAN, DAERAH ISTIMEWA YOGYAKARTA 55264","ID_PROV":"34","PROVINSI":"DAERAH ISTIMEWA YOGYAKARTA","ID_KABKOT":"34.04","KABKOT":"SLEMAN","ID_KEC":"34.04.02","KECAMATAN":"GODEAN","ID_DESA":"34.04.02.2006","DESA":"SIDOARUM","LONGITUDE":110.3236103,"LATITUDE":-7.7821913,"STATUS":"BUKA","TANGGAL PENGUMPULAN":"Q1 2024","TANGGAL UPDATE":"28/02/2025"}},{"type":"Feature","geometry":{"coordinates":[110.2799606,-7.7629516],"type":"Point"},"properties":{"NAMA":"KLINIK UTAMA SAKINA IDAMAN","TIPE_1":"KESEHATAN DAN PENGOBATAN","TIPE_2":"KLINIK","TIPE_3":"KLINIK UMUM","TELEPON":"0813-1948-0001","ALAMAT":"JL. GODEAN, BERJO KULON, SIDOLUHUR, KEC. GODEAN, KABUPATEN SLEMAN, DAERAH ISTIMEWA YOGYAKARTA 55264","ID_PROV":"34","PROVINSI":"DAERAH ISTIMEWA YOGYAKARTA","ID_KABKOT":"34.04","KABKOT":"SLEMAN","ID_KEC":"34.04.02","KECAMATAN":"GODEAN","ID_DESA":"34.04.02.2002","DESA":"SIDOLUHUR","LONGITUDE":110.2799606,"LATITUDE":-7.7629516,"STATUS":"BUKA","TANGGAL PENGUMPULAN":"Q1 2024","TANGGAL UPDATE":"28/02/2025"}},{"type":"Feature","geometry":{"coordinates":[110.4655605,-7.6907713],"type":"Point"},"properties":{"NAMA":"PRAKTEK DOKTER DR MUSLIHAH","TIPE_1":"KESEHATAN DAN PENGOBATAN","TIPE_2":"KLINIK","TIPE_3":"KLINIK UMUM","TELEPON":"0812-1509-8885","ALAMAT":"DS. SERASAN RT.1/RW.24, AREA SAWAH, BIMOMARTANI, KEC. NGEMPLAK, KABUPATEN SLEMAN, DAERAH ISTIMEWA YOGYAKARTA 55584","ID_PROV":"34","PROVINSI":"DAERAH ISTIMEWA YOGYAKARTA","ID_KABKOT":"34.04","KABKOT":"SLEMAN","ID_KEC":"34.04.11","KECAMATAN":"NGEMPLAK","ID_DESA":"34.04.11.2002","DESA":"BIMOMARTANI","LONGITUDE":110.4655605,"LATITUDE":-7.6907713,"STATUS":"BUKA","TANGGAL PENGUMPULAN":"Q1 2024","TANGGAL UPDATE":"28/02/2025"}},{"type":"Feature","geometry":{"coordinates":[110.4183345,-7.6967873],"type":"Point"},"properties":{"NAMA":"DR. SULCHAN SOFOEWAN, SP.OG., PHD","TIPE_1":"KESEHATAN DAN PENGOBATAN","TIPE_2":"KLINIK","TIPE_3":"KLINIK UMUM","TELEPON":"(0274) 7499883","ALAMAT":"JL. KALIURANG KM.12, BESI, SUKOHARJO, KEC. NGAGLIK, KABUPATEN SLEMAN, DAERAH ISTIMEWA YOGYAKARTA 55582","ID_PROV":"34","PROVINSI":"DAERAH ISTIMEWA YOGYAKARTA","ID_KABKOT":"34.04","KABKOT":"SLEMAN","ID_KEC":"34.04.12","KECAMATAN":"NGAGLIK","ID_DESA":"34.04.12.2004","DESA":"SUKOHARJO","LONGITUDE":110.4183345,"LATITUDE":-7.6967873,"STATUS":"BUKA","TANGGAL PENGUMPULAN":"Q1 2024","TANGGAL UPDATE":"28/02/2025"}},{"type":"Feature","geometry":{"coordinates":[110.3791285,-7.7204504],"type":"Point"},"properties":{"NAMA":"KLINIK DR AMRI","TIPE_1":"KESEHATAN DAN PENGOBATAN","TIPE_2":"KLINIK","TIPE_3":"KLINIK UMUM","TELEPON":"0821-6469-7776","ALAMAT":"JL. GITO GATI, REJODANI 2, SARIHARJO, KEC. NGAGLIK, KABUPATEN SLEMAN, DAERAH ISTIMEWA YOGYAKARTA 55581","ID_PROV":"34","PROVINSI":"DAERAH ISTIMEWA YOGYAKARTA","ID_KABKOT":"34.04","KABKOT":"SLEMAN","ID_KEC":"34.04.12","KECAMATAN":"NGAGLIK","ID_DESA":"34.04.12.2001","DESA":"SARIHARJO","LONGITUDE":110.3791285,"LATITUDE":-7.7204504,"STATUS":"BUKA","TANGGAL PENGUMPULAN":"Q1 2024","TANGGAL UPDATE":"28/02/2025"}},{"type":"Feature","geometry":{"coordinates":[110.41337,-7.74178],"type":"Point"},"properties":{"NAMA":"KLINIK 99","TIPE_1":"KESEHATAN DAN PENGOBATAN","TIPE_2":"KLINIK","TIPE_3":"KLINIK UMUM","TELEPON":"(0274) 888842","ALAMAT":"RUKO JAMBUSARI, JL. CANDI GEBANG, NO. 5, KRAJAN, WEDOMARTANI, KEC. NGEMPLAK, KABUPATEN SLEMAN, DAERAH ISTIMEWA YOGYAKARTA 55584","ID_PROV":"34","PROVINSI":"DAERAH ISTIMEWA YOGYAKARTA","ID_KABKOT":"34.04","KABKOT":"SLEMAN","ID_KEC":"34.04.11","KECAMATAN":"NGEMPLAK","ID_DESA":"34.04.11.2004","DESA":"WEDOMARTANI","LONGITUDE":110.41337,"LATITUDE":-7.74178,"STATUS":"BUKA","TANGGAL PENGUMPULAN":"Q1 2024","TANGGAL UPDATE":"28/02/2025"}},{"type":"Feature","geometry":{"coordinates":[110.401475,-7.7461839],"type":"Point"},"properties":{"NAMA":"PRAKTEK DOKTER UMUM ( CENDRAWASIH )","TIPE_1":"KESEHATAN DAN PENGOBATAN","TIPE_2":"KLINIK","TIPE_3":"KLINIK UMUM","TELEPON":"","ALAMAT":"JL. CENDRAWASIH, MANUKAN, CONDONGCATUR, DEPOK, YOGYAKARTA, SPECIAL REGION OF YOGYAKARTA 55281","ID_PROV":"34","PROVINSI":"DAERAH ISTIMEWA YOGYAKARTA","ID_KABKOT":"34.04","KABKOT":"SLEMAN","ID_KEC":"34.04.07","KECAMATAN":"DEPOK","ID_DESA":"34.04.07.2003","DESA":"CONDONGCATUR","LONGITUDE":110.401475,"LATITUDE":-7.7461839,"STATUS":"BUKA","TANGGAL PENGUMPULAN":"Q1 2024","TANGGAL UPDATE":"28/02/2025"}},{"type":"Feature","geometry":{"coordinates":[110.409794,-7.745383],"type":"Point"},"properties":{"NAMA":"PRAKTEK DOKTER UMUM DR. RIZKA","TIPE_1":"KESEHATAN DAN PENGOBATAN","TIPE_2":"KLINIK","TIPE_3":"KLINIK UMUM","TELEPON":"0812-1747-1404","ALAMAT":"JL. CEMPEDAK NO.13, JETIS, WEDOMARTANI, KEC. NGEMPLAK, KABUPATEN SLEMAN, DAERAH ISTIMEWA YOGYAKARTA 55584","ID_PROV":"34","PROVINSI":"DAERAH ISTIMEWA YOGYAKARTA","ID_KABKOT":"34.04","KABKOT":"SLEMAN","ID_KEC":"34.04.11","KECAMATAN":"NGEMPLAK","ID_DESA":"34.04.11.2004","DESA":"WEDOMARTANI","LONGITUDE":110.409794,"LATITUDE":-7.745383,"STATUS":"BUKA","TANGGAL PENGUMPULAN":"Q1 2024","TANGGAL UPDATE":"28/02/2025"}},{"type":"Feature","geometry":{"coordinates":[110.485878,-7.734321],"type":"Point"},"properties":{"NAMA":"PRAKTEK DOKTER JARWANTO","TIPE_1":"KESEHATAN DAN PENGOBATAN","TIPE_2":"KLINIK","TIPE_3":"KLINIK UMUM","TELEPON":"","ALAMAT":"JALAN TULUNG, KEBON, TAMANMARTANI, KEC. KALASAN, KABUPATEN SLEMAN, DAERAH ISTIMEWA YOGYAKARTA 55571","ID_PROV":"34","PROVINSI":"DAERAH ISTIMEWA YOGYAKARTA","ID_KABKOT":"34.04","KABKOT":"SLEMAN","ID_KEC":"34.04.10","KECAMATAN":"KALASAN","ID_DESA":"34.04.10.2003","DESA":"TAMANMARTANI","LONGITUDE":110.485878,"LATITUDE":-7.734321,"STATUS":"BUKA","TANGGAL PENGUMPULAN":"Q1 2024","TANGGAL UPDATE":"28/02/2025"}},{"type":"Feature","geometry":{"coordinates":[110.433626,-7.7049235],"type":"Point"},"properties":{"NAMA":"PRAKTEK DOKTER UMUM DR FUAD HABIBI","TIPE_1":"KESEHATAN DAN PENGOBATAN","TIPE_2":"KLINIK","TIPE_3":"KLINIK UMUM","TELEPON":"0812-2733-3319","ALAMAT":"JL. BESI JANGKANG, PURWOREJO, SUKOHARJO, KEC. NGAGLIK, KABUPATEN SLEMAN, DAERAH ISTIMEWA YOGYAKARTA 55581","ID_PROV":"34","PROVINSI":"DAERAH ISTIMEWA YOGYAKARTA","ID_KABKOT":"34.04","KABKOT":"SLEMAN","ID_KEC":"34.04.12","KECAMATAN":"NGAGLIK","ID_DESA":"34.04.12.2004","DESA":"SUKOHARJO","LONGITUDE":110.433626,"LATITUDE":-7.7049235,"STATUS":"BUKA","TANGGAL PENGUMPULAN":"Q1 2024","TANGGAL UPDATE":"28/02/2025"}},{"type":"Feature","geometry":{"coordinates":[110.4045487,-7.6985944],"type":"Point"},"properties":{"NAMA":"PRAKTEK DR. WASKITHO NUGROHO, MMR, SP.N","TIPE_1":"KESEHATAN DAN PENGOBATAN","TIPE_2":"KLINIK","TIPE_3":"KLINIK UMUM","TELEPON":"0821-3636-0278","ALAMAT":"DUSUN TUREN RT3 RW1, TUREN, SARDONOHARJO, KEC. NGAGLIK, KABUPATEN SLEMAN, DAERAH ISTIMEWA YOGYAKARTA 55581","ID_PROV":"34","PROVINSI":"DAERAH ISTIMEWA YOGYAKARTA","ID_KABKOT":"34.04","KABKOT":"SLEMAN","ID_KEC":"34.04.12","KECAMATAN":"NGAGLIK","ID_DESA":"34.04.12.2005","DESA":"SARDONOHARJO","LONGITUDE":110.4045487,"LATITUDE":-7.6985944,"STATUS":"BUKA","TANGGAL PENGUMPULAN":"Q1 2024","TANGGAL UPDATE":"28/02/2025"}},{"type":"Feature","geometry":{"coordinates":[110.3890686,-7.74555],"type":"Point"},"properties":{"NAMA":"WISNU PRIMA PUTRA. DR","TIPE_1":"KESEHATAN DAN PENGOBATAN","TIPE_2":"KLINIK","TIPE_3":"KLINIK UMUM","TELEPON":"(0274) 885760","ALAMAT":"JL. KALIURANG NO.KM.7, KENTUNGAN, CONDONGCATUR, KEC. DEPOK, KABUPATEN SLEMAN, DAERAH ISTIMEWA YOGYAKARTA 55223","ID_PROV":"34","PROVINSI":"DAERAH ISTIMEWA YOGYAKARTA","ID_KABKOT":"34.04","KABKOT":"SLEMAN","ID_KEC":"34.04.07","KECAMATAN":"DEPOK","ID_DESA":"34.04.07.2003","DESA":"CONDONGCATUR","LONGITUDE":110.3890686,"LATITUDE":-7.74555,"STATUS":"BUKA","TANGGAL PENGUMPULAN":"Q1 2024","TANGGAL UPDATE":"28/02/2025"}},{"type":"Feature","geometry":{"coordinates":[110.4669503,-7.7038479],"type":"Point"},"properties":{"NAMA":"KLINIK PRATAMA KOLBU","TIPE_1":"KESEHATAN DAN PENGOBATAN","TIPE_2":"KLINIK","TIPE_3":"KLINIK UMUM","TELEPON":"0856-4368-6161","ALAMAT":"JL. CANGKRINGAN NO.KM 8, AREA SAWAH, BIMOMARTANI, NGEMPLAK, SLEMAN REGENCY, SPECIAL REGION OF YOGYAKARTA 55584","ID_PROV":"34","PROVINSI":"DAERAH ISTIMEWA YOGYAKARTA","ID_KABKOT":"34.04","KABKOT":"SLEMAN","ID_KEC":"34.04.11","KECAMATAN":"NGEMPLAK","ID_DESA":"34.04.11.2002","DESA":"BIMOMARTANI","LONGITUDE":110.4669503,"LATITUDE":-7.7038479,"STATUS":"BUKA","TANGGAL PENGUMPULAN":"Q1 2024","TANGGAL UPDATE":"28/02/2025"}},{"type":"Feature","geometry":{"coordinates":[110.4270446,-7.7496934],"type":"Point"},"properties":{"NAMA":"DOKTER UMUM DR. CICIH WAHYU A.","TIPE_1":"KESEHATAN DAN PENGOBATAN","TIPE_2":"KLINIK","TIPE_3":"KLINIK UMUM","TELEPON":"","ALAMAT":"JL. AHMAD SARBINI, GEDONGAN LOR, WEDOMARTANI, KEC. NGEMPLAK, KABUPATEN SLEMAN, DAERAH ISTIMEWA YOGYAKARTA 55584","ID_PROV":"34","PROVINSI":"DAERAH ISTIMEWA YOGYAKARTA","ID_KABKOT":"34.04","KABKOT":"SLEMAN","ID_KEC":"34.04.11","KECAMATAN":"NGEMPLAK","ID_DESA":"34.04.11.2004","DESA":"WEDOMARTANI","LONGITUDE":110.4270446,"LATITUDE":-7.7496934,"STATUS":"BUKA","TANGGAL PENGUMPULAN":"Q1 2024","TANGGAL UPDATE":"28/02/2025"}},{"type":"Feature","geometry":{"coordinates":[110.4508798,-7.6572706],"type":"Point"},"properties":{"NAMA":"DOKTER HEWAN GRIYA MALIKA (DOKTER HEWAN PANGGILAN SLEMAN UTARA-TIMUR)","TIPE_1":"KESEHATAN DAN PENGOBATAN","TIPE_2":"KLINIK","TIPE_3":"KLINIK UMUM","TELEPON":"0812-1569-1121","ALAMAT":"NGEMPLAK, WUKIRSARI, KEC. CANGKRINGAN, KABUPATEN SLEMAN, DAERAH ISTIMEWA YOGYAKARTA 55583","ID_PROV":"34","PROVINSI":"DAERAH ISTIMEWA YOGYAKARTA","ID_KABKOT":"34.04","KABKOT":"SLEMAN","ID_KEC":"34.04.17","KECAMATAN":"CANGKRINGAN","ID_DESA":"34.04.17.2002","DESA":"WUKIRSARI","LONGITUDE":110.4508798,"LATITUDE":-7.6572706,"STATUS":"BUKA","TANGGAL PENGUMPULAN":"Q1 2024","TANGGAL UPDATE":"28/02/2025"}},{"type":"Feature","geometry":{"coordinates":[110.4437297,-7.6991413],"type":"Point"},"properties":{"NAMA":"PRAKTEK DOKTER UMUM DR. ANNA RATIH WARDANI MPH","TIPE_1":"KESEHATAN DAN PENGOBATAN","TIPE_2":"KLINIK","TIPE_3":"KLINIK UMUM","TELEPON":"0812-8865-0292","ALAMAT":"MEDELAN / NGENTAN, UMBULMARTANI, KEC. NGEMPLAK, YOGYAKARTA, DAERAH ISTIMEWA YOGYAKARTA 55584","ID_PROV":"34","PROVINSI":"DAERAH ISTIMEWA YOGYAKARTA","ID_KABKOT":"34.04","KABKOT":"SLEMAN","ID_KEC":"34.04.11","KECAMATAN":"NGEMPLAK","ID_DESA":"34.04.11.2005","DESA":"UMBULMARTANI","LONGITUDE":110.4437297,"LATITUDE":-7.6991413,"STATUS":"BUKA","TANGGAL PENGUMPULAN":"Q1 2024","TANGGAL UPDATE":"28/02/2025"}},{"type":"Feature","geometry":{"coordinates":[110.4311458,-7.6838394],"type":"Point"},"properties":{"NAMA":"KLINIK AS SALAAM MEDIKA","TIPE_1":"KESEHATAN DAN PENGOBATAN","TIPE_2":"KLINIK","TIPE_3":"KLINIK UMUM","TELEPON":"0821-7380-8982","ALAMAT":"PUNTUK II, UMBULMARTANI, KEC. NGEMPLAK, KABUPATEN SLEMAN, DAERAH ISTIMEWA YOGYAKARTA 55584","ID_PROV":"34","PROVINSI":"DAERAH ISTIMEWA YOGYAKARTA","ID_KABKOT":"34.04","KABKOT":"SLEMAN","ID_KEC":"34.04.11","KECAMATAN":"NGEMPLAK","ID_DESA":"34.04.11.2005","DESA":"UMBULMARTANI","LONGITUDE":110.4311458,"LATITUDE":-7.6838394,"STATUS":"BUKA","TANGGAL PENGUMPULAN":"Q1 2024","TANGGAL UPDATE":"28/02/2025"}},{"type":"Feature","geometry":{"coordinates":[110.48697,-7.7561116],"type":"Point"},"properties":{"NAMA":"DR. MUNAKHIR","TIPE_1":"KESEHATAN DAN PENGOBATAN","TIPE_2":"KLINIK","TIPE_3":"KLINIK UMUM","TELEPON":"","ALAMAT":"JL. RAYA SOLO - YOGYAKARTA NO.16, ROGEM, TAMANMARTANI, KEC. KALASAN, KABUPATEN SLEMAN, DAERAH ISTIMEWA YOGYAKARTA 55571","ID_PROV":"34","PROVINSI":"DAERAH ISTIMEWA YOGYAKARTA","ID_KABKOT":"34.04","KABKOT":"SLEMAN","ID_KEC":"34.04.10","KECAMATAN":"KALASAN","ID_DESA":"34.04.10.2003","DESA":"TAMANMARTANI","LONGITUDE":110.48697,"LATITUDE":-7.7561116,"STATUS":"BUKA","TANGGAL PENGUMPULAN":"Q1 2024","TANGGAL UPDATE":"28/02/2025"}},{"type":"Feature","geometry":{"coordinates":[110.2498016,-7.7158303],"type":"Point"},"properties":{"NAMA":"DR. SITI RAHAYU","TIPE_1":"KESEHATAN DAN PENGOBATAN","TIPE_2":"KLINIK","TIPE_3":"KLINIK UMUM","TELEPON":"0811-252-436","ALAMAT":"JALAN KEBON AGUNG NO.KM NO.21,5, PLEMBON, SENDANGSARI, KEC. MINGGIR, KABUPATEN SLEMAN, DAERAH ISTIMEWA YOGYAKARTA 55562","ID_PROV":"34","PROVINSI":"DAERAH ISTIMEWA YOGYAKARTA","ID_KABKOT":"34.04","KABKOT":"SLEMAN","ID_KEC":"34.04.04","KECAMATAN":"MINGGIR","ID_DESA":"34.04.04.2003","DESA":"SENDANGAGUNG","LONGITUDE":110.2498016,"LATITUDE":-7.7158303,"STATUS":"BUKA","TANGGAL PENGUMPULAN":"Q1 2024","TANGGAL UPDATE":"28/02/2025"}},{"type":"Feature","geometry":{"coordinates":[110.387399,-7.722187],"type":"Point"},"properties":{"NAMA":"PRAKTIK UMUM DR. YOANNES Y. LABAN","TIPE_1":"KESEHATAN DAN PENGOBATAN","TIPE_2":"KLINIK","TIPE_3":"KLINIK UMUM","TELEPON":"","ALAMAT":"JL. KAPTEN HARYADI, LOJAJAR, SINDUHARJO, KEC. NGAGLIK, KABUPATEN SLEMAN, DAERAH ISTIMEWA YOGYAKARTA 55581","ID_PROV":"34","PROVINSI":"DAERAH ISTIMEWA YOGYAKARTA","ID_KABKOT":"34.04","KABKOT":"SLEMAN","ID_KEC":"34.04.12","KECAMATAN":"NGAGLIK","ID_DESA":"34.04.12.2003","DESA":"SINDUHARJO","LONGITUDE":110.387399,"LATITUDE":-7.722187,"STATUS":"BUKA","TANGGAL PENGUMPULAN":"Q1 2024","TANGGAL UPDATE":"28/02/2025"}},{"type":"Feature","geometry":{"coordinates":[110.4003743,-7.718067],"type":"Point"},"properties":{"NAMA":"PRAKTEK DOKTER TUNGGUL BIROWO","TIPE_1":"KESEHATAN DAN PENGOBATAN","TIPE_2":"KLINIK","TIPE_3":"KLINIK UMUM","TELEPON":"","ALAMAT":"UNNAMED ROAD, NGALALANGAN, SARDONOHARJO, NGAGLIK, SLEMAN REGENCY, SPECIAL REGION OF YOGYAKARTA 55581","ID_PROV":"34","PROVINSI":"DAERAH ISTIMEWA YOGYAKARTA","ID_KABKOT":"34.04","KABKOT":"SLEMAN","ID_KEC":"34.04.12","KECAMATAN":"NGAGLIK","ID_DESA":"34.04.12.2005","DESA":"SARDONOHARJO","LONGITUDE":110.4003743,"LATITUDE":-7.718067,"STATUS":"BUKA","TANGGAL PENGUMPULAN":"Q1 2024","TANGGAL UPDATE":"28/02/2025"}},{"type":"Feature","geometry":{"coordinates":[110.3003783,-7.7354409],"type":"Point"},"properties":{"NAMA":"KLINIK BU NIDA","TIPE_1":"KESEHATAN DAN PENGOBATAN","TIPE_2":"KLINIK","TIPE_3":"KLINIK UMUM","TELEPON":"","ALAMAT":"MRANGGEN, MARGODADI, KEC. SEYEGAN, KABUPATEN SLEMAN, DAERAH ISTIMEWA YOGYAKARTA 55561","ID_PROV":"34","PROVINSI":"DAERAH ISTIMEWA YOGYAKARTA","ID_KABKOT":"34.04","KABKOT":"SLEMAN","ID_KEC":"34.04.05","KECAMATAN":"SEYEGAN","ID_DESA":"34.04.05.2002","DESA":"MARGODADI","LONGITUDE":110.3003783,"LATITUDE":-7.7354409,"STATUS":"BUKA","TANGGAL PENGUMPULAN":"Q1 2024","TANGGAL UPDATE":"28/02/2025"}},{"type":"Feature","geometry":{"coordinates":[110.4627418,-7.6672774],"type":"Point"},"properties":{"NAMA":"DOKTER JOKO HASTARYO","TIPE_1":"KESEHATAN DAN PENGOBATAN","TIPE_2":"KLINIK","TIPE_3":"KLINIK UMUM","TELEPON":"(0274) 8264015","ALAMAT":"JL. CONGBRIANGON PAKEM, RT. 001/RW. 27, ARGOMULYO CONGKRINGAN, JETIS, ARGOMULYO, SLEMAN, KABUPATEN SLEMAN, DAERAH ISTIMEWA YOGYAKARTA 55583","ID_PROV":"34","PROVINSI":"DAERAH ISTIMEWA YOGYAKARTA","ID_KABKOT":"34.04","KABKOT":"SLEMAN","ID_KEC":"34.04.17","KECAMATAN":"CANGKRINGAN","ID_DESA":"34.04.17.2001","DESA":"ARGOMULYO","LONGITUDE":110.4627418,"LATITUDE":-7.6672774,"STATUS":"BUKA","TANGGAL PENGUMPULAN":"Q1 2024","TANGGAL UPDATE":"28/02/2025"}},{"type":"Feature","geometry":{"coordinates":[110.36053,-7.74733],"type":"Point"},"properties":{"NAMA":"DR. HELMANU","TIPE_1":"KESEHATAN DAN PENGOBATAN","TIPE_2":"KLINIK","TIPE_3":"KLINIK UMUM","TELEPON":"0899-5042-514","ALAMAT":"JL TEGAL MRAEN, RT 02 RW 09, SENDANGADI, MLATI, MLATI BENINGAN, SENDANGADI, KEC. SLEMAN, KABUPATEN SLEMAN, DAERAH ISTIMEWA YOGYAKARTA 55285","ID_PROV":"34","PROVINSI":"DAERAH ISTIMEWA YOGYAKARTA","ID_KABKOT":"34.04","KABKOT":"SLEMAN","ID_KEC":"34.04.06","KECAMATAN":"MLATI","ID_DESA":"34.04.06.2001","DESA":"SINDUADI","LONGITUDE":110.36053,"LATITUDE":-7.74733,"STATUS":"BUKA","TANGGAL PENGUMPULAN":"Q1 2024","TANGGAL UPDATE":"28/02/2025"}},{"type":"Feature","geometry":{"coordinates":[110.4648652,-7.7216453],"type":"Point"},"properties":{"NAMA":"PRAKTIK DOKTER UMUM DR. WULANDARI BERLIANI PUTRI, MHSM","TIPE_1":"KESEHATAN DAN PENGOBATAN","TIPE_2":"KLINIK","TIPE_3":"KLINIK UMUM","TELEPON":"","ALAMAT":"JL. SELAMAT NO.RT 06/02, GRUMBUL GEDE, SELOMARTANI, KEC. KALASAN, KABUPATEN SLEMAN, DAERAH ISTIMEWA YOGYAKARTA 55571","ID_PROV":"34","PROVINSI":"DAERAH ISTIMEWA YOGYAKARTA","ID_KABKOT":"34.04","KABKOT":"SLEMAN","ID_KEC":"34.04.10","KECAMATAN":"KALASAN","ID_DESA":"34.04.10.2004","DESA":"SELOMARTANI","LONGITUDE":110.4648652,"LATITUDE":-7.7216453,"STATUS":"BUKA","TANGGAL PENGUMPULAN":"Q1 2024","TANGGAL UPDATE":"28/02/2025"}},{"type":"Feature","geometry":{"coordinates":[110.4243744,-7.6668363],"type":"Point"},"properties":{"NAMA":"PRAKTEK DR.SRI HARYATI","TIPE_1":"KESEHATAN DAN PENGOBATAN","TIPE_2":"KLINIK","TIPE_3":"KLINIK UMUM","TELEPON":"(0274) 896210","ALAMAT":"JL. CANGKRINGAN NO.KM 0.5, KREGAN, PAKEMBINANGUN, KEC. PAKEM, KABUPATEN SLEMAN, DAERAH ISTIMEWA YOGYAKARTA 55582","ID_PROV":"34","PROVINSI":"DAERAH ISTIMEWA YOGYAKARTA","ID_KABKOT":"34.04","KABKOT":"SLEMAN","ID_KEC":"34.04.16","KECAMATAN":"PAKEM","ID_DESA":"34.04.16.2004","DESA":"PAKEMBINANGUN","LONGITUDE":110.4243744,"LATITUDE":-7.6668363,"STATUS":"BUKA","TANGGAL PENGUMPULAN":"Q1 2024","TANGGAL UPDATE":"28/02/2025"}},{"type":"Feature","geometry":{"coordinates":[110.431004,-7.624466],"type":"Point"},"properties":{"NAMA":"DOKTER HERBAL","TIPE_1":"KESEHATAN DAN PENGOBATAN","TIPE_2":"KLINIK","TIPE_3":"KLINIK UMUM","TELEPON":"","ALAMAT":"GROGOL, UMBULHARJO, KEC. CANGKRINGAN, KABUPATEN SLEMAN, DAERAH ISTIMEWA YOGYAKARTA 55583","ID_PROV":"34","PROVINSI":"DAERAH ISTIMEWA YOGYAKARTA","ID_KABKOT":"34.04","KABKOT":"SLEMAN","ID_KEC":"34.04.17","KECAMATAN":"CANGKRINGAN","ID_DESA":"34.04.17.2005","DESA":"UMBULHARJO","LONGITUDE":110.431004,"LATITUDE":-7.624466,"STATUS":"BUKA","TANGGAL PENGUMPULAN":"Q1 2024","TANGGAL UPDATE":"28/02/2025"}},{"type":"Feature","geometry":{"coordinates":[110.3675335,-7.747983],"type":"Point"},"properties":{"NAMA":"KLINIK IDOLA","TIPE_1":"KESEHATAN DAN PENGOBATAN","TIPE_2":"KLINIK","TIPE_3":"KLINIK UMUM","TELEPON":"(0274) 867312","ALAMAT":"KOMPLEKS JOMBOR KAPLING JL. AMERTA IV, JOMBOR LOR, SINDUADI, KEC. SLEMAN, KABUPATEN SLEMAN, DAERAH ISTIMEWA YOGYAKARTA 55284","ID_PROV":"34","PROVINSI":"DAERAH ISTIMEWA YOGYAKARTA","ID_KABKOT":"34.04","KABKOT":"SLEMAN","ID_KEC":"34.04.06","KECAMATAN":"MLATI","ID_DESA":"34.04.06.2001","DESA":"SINDUADI","LONGITUDE":110.3675335,"LATITUDE":-7.747983,"STATUS":"BUKA","TANGGAL PENGUMPULAN":"Q1 2024","TANGGAL UPDATE":"28/02/2025"}},{"type":"Feature","geometry":{"coordinates":[110.4305692,-7.705039],"type":"Point"},"properties":{"NAMA":"PRAKTEK DR.NOOR FARIKHAH","TIPE_1":"KESEHATAN DAN PENGOBATAN","TIPE_2":"KLINIK","TIPE_3":"KLINIK UMUM","TELEPON":"0812-2886-6635","ALAMAT":"JALAN BESI JANGKANG NO.MINDI, YOPAH, SUKOHARJO, KEC. NGAGLIK, KABUPATEN SLEMAN, DAERAH ISTIMEWA YOGYAKARTA 55581","ID_PROV":"34","PROVINSI":"DAERAH ISTIMEWA YOGYAKARTA","ID_KABKOT":"34.04","KABKOT":"SLEMAN","ID_KEC":"34.04.12","KECAMATAN":"NGAGLIK","ID_DESA":"34.04.12.2004","DESA":"SUKOHARJO","LONGITUDE":110.4305692,"LATITUDE":-7.705039,"STATUS":"BUKA","TANGGAL PENGUMPULAN":"Q1 2024","TANGGAL UPDATE":"28/02/2025"}},{"type":"Feature","geometry":{"coordinates":[110.3822759,-7.7310623],"type":"Point"},"properties":{"NAMA":"KLINIK ANANDA","TIPE_1":"KESEHATAN DAN PENGOBATAN","TIPE_2":"KLINIK","TIPE_3":"KLINIK UMUM","TELEPON":"0815-7811-0615","ALAMAT":"JL. DAMAI NO.19, WONOREJO, SARIHARJO, KEC. NGAGLIK, KABUPATEN SLEMAN, DAERAH ISTIMEWA YOGYAKARTA 55581","ID_PROV":"34","PROVINSI":"DAERAH ISTIMEWA YOGYAKARTA","ID_KABKOT":"34.04","KABKOT":"SLEMAN","ID_KEC":"34.04.12","KECAMATAN":"NGAGLIK","ID_DESA":"34.04.12.2001","DESA":"SARIHARJO","LONGITUDE":110.3822759,"LATITUDE":-7.7310623,"STATUS":"BUKA","TANGGAL PENGUMPULAN":"Q1 2024","TANGGAL UPDATE":"28/02/2025"}},{"type":"Feature","geometry":{"coordinates":[110.3851079,-7.6393504],"type":"Point"},"properties":{"NAMA":"KLINIK \"CITRA ASRI\"","TIPE_1":"KESEHATAN DAN PENGOBATAN","TIPE_2":"KLINIK","TIPE_3":"KLINIK UMUM","TELEPON":"","ALAMAT":"DALEMAN, GIRIKERTO, KEC. TURI, KABUPATEN SLEMAN, DAERAH ISTIMEWA YOGYAKARTA 55551","ID_PROV":"34","PROVINSI":"DAERAH ISTIMEWA YOGYAKARTA","ID_KABKOT":"34.04","KABKOT":"SLEMAN","ID_KEC":"34.04.15","KECAMATAN":"TURI","ID_DESA":"34.04.15.2003","DESA":"GIRIKERTO","LONGITUDE":110.3851079,"LATITUDE":-7.6393504,"STATUS":"BUKA","TANGGAL PENGUMPULAN":"Q1 2024","TANGGAL UPDATE":"28/02/2025"}},{"type":"Feature","geometry":{"coordinates":[110.4067886,-7.7435838],"type":"Point"},"properties":{"NAMA":"DR. KHAMIDAH YULIATI","TIPE_1":"KESEHATAN DAN PENGOBATAN","TIPE_2":"KLINIK","TIPE_3":"KLINIK UMUM","TELEPON":"","ALAMAT":"JL PIRANHA RAYA, NGAGLIK, MLADANGAN, MINOMARTANI, SLEMAN, KABUPATEN SLEMAN, DAERAH ISTIMEWA YOGYAKARTA 55581","ID_PROV":"34","PROVINSI":"DAERAH ISTIMEWA YOGYAKARTA","ID_KABKOT":"34.04","KABKOT":"SLEMAN","ID_KEC":"34.04.12","KECAMATAN":"NGAGLIK","ID_DESA":"34.04.12.2002","DESA":"MINOMARTANI","LONGITUDE":110.4067886,"LATITUDE":-7.7435838,"STATUS":"BUKA","TANGGAL PENGUMPULAN":"Q1 2024","TANGGAL UPDATE":"28/02/2025"}},{"type":"Feature","geometry":{"coordinates":[110.3597418,-7.7149212],"type":"Point"},"properties":{"NAMA":"KLINIK KEMBANG ARUM MEDIKA","TIPE_1":"KESEHATAN DAN PENGOBATAN","TIPE_2":"KLINIK","TIPE_3":"KLINIK UMUM","TELEPON":"","ALAMAT":"JOSARI, TRIDADI, KEC. SLEMAN, KABUPATEN SLEMAN, DAERAH ISTIMEWA YOGYAKARTA 55511","ID_PROV":"34","PROVINSI":"DAERAH ISTIMEWA YOGYAKARTA","ID_KABKOT":"34.04","KABKOT":"SLEMAN","ID_KEC":"34.04.13","KECAMATAN":"SLEMAN","ID_DESA":"34.04.13.2003","DESA":"TRIDADI","LONGITUDE":110.3597418,"LATITUDE":-7.7149212,"STATUS":"BUKA","TANGGAL PENGUMPULAN":"Q1 2024","TANGGAL UPDATE":"28/02/2025"}},{"type":"Feature","geometry":{"coordinates":[110.3354268,-7.7149743],"type":"Point"},"properties":{"NAMA":"DOKTER SRI SUDARDJIJAH","TIPE_1":"KESEHATAN DAN PENGOBATAN","TIPE_2":"KLINIK","TIPE_3":"KLINIK UMUM","TELEPON":"(0274) 379821","ALAMAT":"DELINGSARI GAMPING, RT. 02/RW. 1717, AMBAR KARAWANG, SURIKAN, SUMBERADI, KEC. SLEMAN, KABUPATEN SLEMAN, DAERAH ISTIMEWA YOGYAKARTA 55288","ID_PROV":"34","PROVINSI":"DAERAH ISTIMEWA YOGYAKARTA","ID_KABKOT":"34.04","KABKOT":"SLEMAN","ID_KEC":"34.04.06","KECAMATAN":"MLATI","ID_DESA":"34.04.06.2005","DESA":"SUMBERADI","LONGITUDE":110.3354268,"LATITUDE":-7.7149743,"STATUS":"BUKA","TANGGAL PENGUMPULAN":"Q1 2024","TANGGAL UPDATE":"28/02/2025"}},{"type":"Feature","geometry":{"coordinates":[110.4216198,-7.6681591],"type":"Point"},"properties":{"NAMA":"KLINIK PKU MUHAMMADIYAH PAKEM","TIPE_1":"KESEHATAN DAN PENGOBATAN","TIPE_2":"KLINIK","TIPE_3":"KLINIK UMUM","TELEPON":"(0274) 896779","ALAMAT":"JALAN PAKEM - CANGKRINGAN KM 0.4, PAKEMBINANGUN, PAKEM, AREA SAWAH, PAKEMBINANGUN, KEC. PAKEM, KABUPATEN SLEMAN, DAERAH ISTIMEWA YOGYAKARTA 55582","ID_PROV":"34","PROVINSI":"DAERAH ISTIMEWA YOGYAKARTA","ID_KABKOT":"34.04","KABKOT":"SLEMAN","ID_KEC":"34.04.16","KECAMATAN":"PAKEM","ID_DESA":"34.04.16.2004","DESA":"PAKEMBINANGUN","LONGITUDE":110.4216198,"LATITUDE":-7.6681591,"STATUS":"BUKA","TANGGAL PENGUMPULAN":"Q1 2024","TANGGAL UPDATE":"28/02/2025"}},{"type":"Feature","geometry":{"coordinates":[110.4642638,-7.7681652],"type":"Point"},"properties":{"NAMA":"KLINIK BARU DR GOCIK","TIPE_1":"KESEHATAN DAN PENGOBATAN","TIPE_2":"KLINIK","TIPE_3":"KLINIK UMUM","TELEPON":"0812-2695-7787","ALAMAT":"JL. CANGKRINGAN, KARANG KALASAN, TIRTOMARTANI, KALASAN, SLEMAN REGENCY, SPECIAL REGION OF YOGYAKARTA 55571","ID_PROV":"34","PROVINSI":"DAERAH ISTIMEWA YOGYAKARTA","ID_KABKOT":"34.04","KABKOT":"SLEMAN","ID_KEC":"34.04.10","KECAMATAN":"KALASAN","ID_DESA":"34.04.10.2002","DESA":"TIRTOMARTANI","LONGITUDE":110.4642638,"LATITUDE":-7.7681652,"STATUS":"BUKA","TANGGAL PENGUMPULAN":"Q1 2024","TANGGAL UPDATE":"28/02/2025"}},{"type":"Feature","geometry":{"coordinates":[110.3248008,-7.7973195],"type":"Point"},"properties":{"NAMA":"DR. MARTHALIA WIJAYANTI","TIPE_1":"KESEHATAN DAN PENGOBATAN","TIPE_2":"KLINIK","TIPE_3":"KLINIK UMUM","TELEPON":"","ALAMAT":"APOTEK, JL. GAMPING TENGAH, GAMPING LOR, AMBARKETAWANG, KEC. GAMPING, KABUPATEN SLEMAN, DAERAH ISTIMEWA YOGYAKARTA 55294","ID_PROV":"34","PROVINSI":"DAERAH ISTIMEWA YOGYAKARTA","ID_KABKOT":"34.04","KABKOT":"SLEMAN","ID_KEC":"34.04.01","KECAMATAN":"GAMPING","ID_DESA":"34.04.01.2002","DESA":"AMBARKETAWANG","LONGITUDE":110.3248008,"LATITUDE":-7.7973195,"STATUS":"BUKA","TANGGAL PENGUMPULAN":"Q1 2024","TANGGAL UPDATE":"28/02/2025"}},{"type":"Feature","geometry":{"coordinates":[110.285888,-7.764863],"type":"Point"},"properties":{"NAMA":"DR. SALMAN SANTOSA","TIPE_1":"KESEHATAN DAN PENGOBATAN","TIPE_2":"KLINIK","TIPE_3":"KLINIK UMUM","TELEPON":"0812-1881-456","ALAMAT":"JL. NGAPAK - KENTHENG NO.11, CURITAN V, SIDOLUHUR, KEC. GODEAN, KABUPATEN SLEMAN, DAERAH ISTIMEWA YOGYAKARTA 55264","ID_PROV":"34","PROVINSI":"DAERAH ISTIMEWA YOGYAKARTA","ID_KABKOT":"34.04","KABKOT":"SLEMAN","ID_KEC":"34.04.02","KECAMATAN":"GODEAN","ID_DESA":"34.04.02.2002","DESA":"SIDOLUHUR","LONGITUDE":110.285888,"LATITUDE":-7.764863,"STATUS":"BUKA","TANGGAL PENGUMPULAN":"Q1 2024","TANGGAL UPDATE":"28/02/2025"}},{"type":"Feature","geometry":{"coordinates":[110.287014,-7.765508],"type":"Point"},"properties":{"NAMA":"DR. UMI LATHIFAH","TIPE_1":"KESEHATAN DAN PENGOBATAN","TIPE_2":"KLINIK","TIPE_3":"KLINIK UMUM","TELEPON":"","ALAMAT":"KLINIK FAMILIA, JL. NGAPAK - KENTHENG NO.11, AREA SAWAH, SIDOLUHUR, KEC. GODEAN, KABUPATEN SLEMAN, DAERAH ISTIMEWA YOGYAKARTA 55264","ID_PROV":"34","PROVINSI":"DAERAH ISTIMEWA YOGYAKARTA","ID_KABKOT":"34.04","KABKOT":"SLEMAN","ID_KEC":"34.04.02","KECAMATAN":"GODEAN","ID_DESA":"34.04.02.2002","DESA":"SIDOLUHUR","LONGITUDE":110.287014,"LATITUDE":-7.765508,"STATUS":"BUKA","TANGGAL PENGUMPULAN":"Q1 2024","TANGGAL UPDATE":"28/02/2025"}},{"type":"Feature","geometry":{"coordinates":[110.289582,-7.7794496],"type":"Point"},"properties":{"NAMA":"PRAKTEK DR. ENI NURHIDAYATI, SP, S","TIPE_1":"KESEHATAN DAN PENGOBATAN","TIPE_2":"KLINIK","TIPE_3":"KLINIK UMUM","TELEPON":"0812-1599-939","ALAMAT":"JL. BIBIS, BRONGKOL, SIDOMULYO, KEC. GODEAN, KABUPATEN SLEMAN, DAERAH ISTIMEWA YOGYAKARTA 55264","ID_PROV":"34","PROVINSI":"DAERAH ISTIMEWA YOGYAKARTA","ID_KABKOT":"34.04","KABKOT":"SLEMAN","ID_KEC":"34.04.02","KECAMATAN":"GODEAN","ID_DESA":"34.04.02.2003","DESA":"SIDOMULYO","LONGITUDE":110.289582,"LATITUDE":-7.7794496,"STATUS":"BUKA","TANGGAL PENGUMPULAN":"Q1 2024","TANGGAL UPDATE":"28/02/2025"}},{"type":"Feature","geometry":{"coordinates":[110.3200625,-7.7756875],"type":"Point"},"properties":{"NAMA":"PRAKTEK DOKTER ALMA","TIPE_1":"KESEHATAN DAN PENGOBATAN","TIPE_2":"KLINIK","TIPE_3":"KLINIK UMUM","TELEPON":"0813-9379-8999","ALAMAT":"BANTULAN, SIDOARUM, KEC. GODEAN, KABUPATEN SLEMAN, DAERAH ISTIMEWA YOGYAKARTA 55264","ID_PROV":"34","PROVINSI":"DAERAH ISTIMEWA YOGYAKARTA","ID_KABKOT":"34.04","KABKOT":"SLEMAN","ID_KEC":"34.04.02","KECAMATAN":"GODEAN","ID_DESA":"34.04.02.2006","DESA":"SIDOARUM","LONGITUDE":110.3200625,"LATITUDE":-7.7756875,"STATUS":"BUKA","TANGGAL PENGUMPULAN":"Q1 2024","TANGGAL UPDATE":"28/02/2025"}},{"type":"Feature","geometry":{"coordinates":[110.34033,-7.750422],"type":"Point"},"properties":{"NAMA":"DOKTER ENDANG PURWANTI","TIPE_1":"KESEHATAN DAN PENGOBATAN","TIPE_2":"KLINIK","TIPE_3":"KLINIK UMUM","TELEPON":"(0274) 6499143","ALAMAT":"JL. RINGROAD BARAT, BATURAN, TRIHANGGO, KEC. GAMPING, KABUPATEN SLEMAN, DAERAH ISTIMEWA YOGYAKARTA 55294","ID_PROV":"34","PROVINSI":"DAERAH ISTIMEWA YOGYAKARTA","ID_KABKOT":"34.04","KABKOT":"SLEMAN","ID_KEC":"34.04.01","KECAMATAN":"GAMPING","ID_DESA":"34.04.01.2005","DESA":"TRIHANGGO","LONGITUDE":110.34033,"LATITUDE":-7.750422,"STATUS":"BUKA","TANGGAL PENGUMPULAN":"Q1 2024","TANGGAL UPDATE":"28/02/2025"}},{"type":"Feature","geometry":{"coordinates":[110.2833004,-7.8085134],"type":"Point"},"properties":{"NAMA":"TERAPI DR. JISM BALECATUR","TIPE_1":"KESEHATAN DAN PENGOBATAN","TIPE_2":"KLINIK","TIPE_3":"KLINIK UMUM","TELEPON":"0812-2724-8282","ALAMAT":"PERUMAHAN BALECATUR PERMAI G-8, SENGON KARANG, ARGOMULYO, KEC. SEDAYU, KABUPATEN BANTUL, DAERAH ISTIMEWA YOGYAKARTA 55295","ID_PROV":"34","PROVINSI":"DAERAH ISTIMEWA YOGYAKARTA","ID_KABKOT":"34.04","KABKOT":"SLEMAN","ID_KEC":"34.04.01","KECAMATAN":"GAMPING","ID_DESA":"34.04.01.2001","DESA":"BALECATUR","LONGITUDE":110.2833004,"LATITUDE":-7.8085134,"STATUS":"BUKA","TANGGAL PENGUMPULAN":"Q1 2024","TANGGAL UPDATE":"28/02/2025"}},{"type":"Feature","geometry":{"coordinates":[110.3455696,-7.7819089],"type":"Point"},"properties":{"NAMA":"KLINIK PRATAMA POLTEKKES KEMENKES YOGYAKARTA","TIPE_1":"KESEHATAN DAN PENGOBATAN","TIPE_2":"KLINIK","TIPE_3":"KLINIK UMUM","TELEPON":"","ALAMAT":"JL. GADING SARI NO.121A, KALOR, NOGOTIRTO, KEC. GAMPING, KABUPATEN SLEMAN, DAERAH ISTIMEWA YOGYAKARTA 55293","ID_PROV":"34","PROVINSI":"DAERAH ISTIMEWA YOGYAKARTA","ID_KABKOT":"34.04","KABKOT":"SLEMAN","ID_KEC":"34.04.01","KECAMATAN":"GAMPING","ID_DESA":"34.04.01.2003","DESA":"BANYURADEN","LONGITUDE":110.3455696,"LATITUDE":-7.7819089,"STATUS":"BUKA","TANGGAL PENGUMPULAN":"Q1 2024","TANGGAL UPDATE":"28/02/2025"}},{"type":"Feature","geometry":{"coordinates":[110.4337245,-7.641925],"type":"Point"},"properties":{"NAMA":"RUMAH KHITAN PAK SYAMSUDIN/PRAKTEK DOKTER DAN RUMAH SUNAT MODERN","TIPE_1":"KESEHATAN DAN PENGOBATAN","TIPE_2":"KLINIK","TIPE_3":"KLINIK UMUM","TELEPON":"0857-4304-4344","ALAMAT":"JL. RAYA MERAPI GOLF, CANCANGAN, WUKIRSARI, KEC. CANGKRINGAN, KABUPATEN SLEMAN, DAERAH ISTIMEWA YOGYAKARTA 55583","ID_PROV":"34","PROVINSI":"DAERAH ISTIMEWA YOGYAKARTA","ID_KABKOT":"34.04","KABKOT":"SLEMAN","ID_KEC":"34.04.17","KECAMATAN":"CANGKRINGAN","ID_DESA":"34.04.17.2002","DESA":"WUKIRSARI","LONGITUDE":110.4337245,"LATITUDE":-7.641925,"STATUS":"BUKA","TANGGAL PENGUMPULAN":"Q1 2024","TANGGAL UPDATE":"28/02/2025"}},{"type":"Feature","geometry":{"coordinates":[110.4160964,-7.728426],"type":"Point"},"properties":{"NAMA":"APOTEK KRAPYAK FARMA","TIPE_1":"KESEHATAN DAN PENGOBATAN","TIPE_2":"APOTEK","TIPE_3":"-","TELEPON":"0857-2778-4580","ALAMAT":"JL. KARANGMOJO, BAKUNGAN, WEDOMARTANI, KEC. NGEMPLAK, KABUPATEN SLEMAN, DAERAH ISTIMEWA YOGYAKARTA 55584","ID_PROV":"34","PROVINSI":"DAERAH ISTIMEWA YOGYAKARTA","ID_KABKOT":"34.04","KABKOT":"SLEMAN","ID_KEC":"34.04.11","KECAMATAN":"NGEMPLAK","ID_DESA":"34.04.11.2004","DESA":"WEDOMARTANI","LONGITUDE":110.4160964,"LATITUDE":-7.728426,"STATUS":"BUKA","TANGGAL PENGUMPULAN":"Q1 2024","TANGGAL UPDATE":"28/02/2025"}},{"type":"Feature","geometry":{"coordinates":[110.4047378,-7.7179289],"type":"Point"},"properties":{"NAMA":"APOTEK UNISIA 24 GENTAN","TIPE_1":"KESEHATAN DAN PENGOBATAN","TIPE_2":"APOTEK","TIPE_3":"-","TELEPON":"(0274) 888374","ALAMAT":"JALAN KALIURANG NO.KM 10 NO.13, GENTAN, SINDUHARJO, KEC. NGAGLIK, KABUPATEN SLEMAN, DAERAH ISTIMEWA YOGYAKARTA 55581","ID_PROV":"34","PROVINSI":"DAERAH ISTIMEWA YOGYAKARTA","ID_KABKOT":"34.04","KABKOT":"SLEMAN","ID_KEC":"34.04.12","KECAMATAN":"NGAGLIK","ID_DESA":"34.04.12.2003","DESA":"SINDUHARJO","LONGITUDE":110.4047378,"LATITUDE":-7.7179289,"STATUS":"BUKA","TANGGAL PENGUMPULAN":"Q1 2024","TANGGAL UPDATE":"28/02/2025"}},{"type":"Feature","geometry":{"coordinates":[110.3887135,-7.7098337],"type":"Point"},"properties":{"NAMA":"APOTEK ANEKA SYIFA 1","TIPE_1":"KESEHATAN DAN PENGOBATAN","TIPE_2":"APOTEK","TIPE_3":"-","TELEPON":"0812-2865-3066","ALAMAT":"JALAN PASAR, JL. REJODANI BLK. II, TAMBAK REJO, SARIHARJO, KEC. NGAGLIK, KABUPATEN SLEMAN, DAERAH ISTIMEWA YOGYAKARTA 55581","ID_PROV":"34","PROVINSI":"DAERAH ISTIMEWA YOGYAKARTA","ID_KABKOT":"34.04","KABKOT":"SLEMAN","ID_KEC":"34.04.12","KECAMATAN":"NGAGLIK","ID_DESA":"34.04.12.2001","DESA":"SARIHARJO","LONGITUDE":110.3887135,"LATITUDE":-7.7098337,"STATUS":"BUKA","TANGGAL PENGUMPULAN":"Q1 2024","TANGGAL UPDATE":"28/02/2025"}},{"type":"Feature","geometry":{"coordinates":[110.4012927,-7.6600043],"type":"Point"},"properties":{"NAMA":"MASTER APOTEK","TIPE_1":"KESEHATAN DAN PENGOBATAN","TIPE_2":"APOTEK","TIPE_3":"-","TELEPON":"0813-2840-2828","ALAMAT":"JL RAYA TURI PAKEM KM 2 NO 5, JL. BARATAN, PAKISAJI, CANDIBINANGUN, KEC. PAKEM, KABUPATEN SLEMAN, DAERAH ISTIMEWA YOGYAKARTA 55582","ID_PROV":"34","PROVINSI":"DAERAH ISTIMEWA YOGYAKARTA","ID_KABKOT":"34.04","KABKOT":"SLEMAN","ID_KEC":"34.04.16","KECAMATAN":"PAKEM","ID_DESA":"34.04.16.2002","DESA":"CANDIBINANGUN","LONGITUDE":110.4012927,"LATITUDE":-7.6600043,"STATUS":"BUKA","TANGGAL PENGUMPULAN":"Q1 2024","TANGGAL UPDATE":"28/02/2025"}},{"type":"Feature","geometry":{"coordinates":[110.481222,-7.7362282],"type":"Point"},"properties":{"NAMA":"APOTEK AKHDAN FARMA","TIPE_1":"KESEHATAN DAN PENGOBATAN","TIPE_2":"APOTEK","TIPE_3":"-","TELEPON":"0851-0154-9050","ALAMAT":"JL. RAYA PRAMBANAN, SENTONO, TAMANMARTANI, KEC. KALASAN, KABUPATEN SLEMAN, DAERAH ISTIMEWA YOGYAKARTA 55571","ID_PROV":"34","PROVINSI":"DAERAH ISTIMEWA YOGYAKARTA","ID_KABKOT":"34.04","KABKOT":"SLEMAN","ID_KEC":"34.04.10","KECAMATAN":"KALASAN","ID_DESA":"34.04.10.2003","DESA":"TAMANMARTANI","LONGITUDE":110.481222,"LATITUDE":-7.7362282,"STATUS":"BUKA","TANGGAL PENGUMPULAN":"Q1 2024","TANGGAL UPDATE":"28/02/2025"}},{"type":"Feature","geometry":{"coordinates":[110.3907827,-7.6768355],"type":"Point"},"properties":{"NAMA":"APOTEK BALONG","TIPE_1":"KESEHATAN DAN PENGOBATAN","TIPE_2":"APOTEK","TIPE_3":"-","TELEPON":"0851-0997-1900","ALAMAT":"BALONG, DONOHARJO, KEC. NGAGLIK, KABUPATEN SLEMAN, DAERAH ISTIMEWA YOGYAKARTA 55581","ID_PROV":"34","PROVINSI":"DAERAH ISTIMEWA YOGYAKARTA","ID_KABKOT":"34.04","KABKOT":"SLEMAN","ID_KEC":"34.04.12","KECAMATAN":"NGAGLIK","ID_DESA":"34.04.12.2006","DESA":"DONOHARJO","LONGITUDE":110.3907827,"LATITUDE":-7.6768355,"STATUS":"BUKA","TANGGAL PENGUMPULAN":"Q1 2024","TANGGAL UPDATE":"28/02/2025"}},{"type":"Feature","geometry":{"coordinates":[110.4099807,-7.7027157],"type":"Point"},"properties":{"NAMA":"APOTEK PANDANARAN","TIPE_1":"KESEHATAN DAN PENGOBATAN","TIPE_2":"APOTEK","TIPE_3":"-","TELEPON":"0878-3674-3950","ALAMAT":"PANDANARAN, CANDI WINANGUN, SARDONOHARJO, NGAGLIK, SLEMAN REGENCY, SPECIAL REGION OF YOGYAKARTA 55581","ID_PROV":"34","PROVINSI":"DAERAH ISTIMEWA YOGYAKARTA","ID_KABKOT":"34.04","KABKOT":"SLEMAN","ID_KEC":"34.04.12","KECAMATAN":"NGAGLIK","ID_DESA":"34.04.12.2005","DESA":"SARDONOHARJO","LONGITUDE":110.4099807,"LATITUDE":-7.7027157,"STATUS":"BUKA","TANGGAL PENGUMPULAN":"Q1 2024","TANGGAL UPDATE":"28/02/2025"}},{"type":"Feature","geometry":{"coordinates":[110.3887475,-7.6883656],"type":"Point"},"properties":{"NAMA":"APOTEK JAYA FARMA","TIPE_1":"KESEHATAN DAN PENGOBATAN","TIPE_2":"APOTEK","TIPE_3":"-","TELEPON":"0811-2652-421","ALAMAT":"JL. PALAGAN TENTARA PELAJAR, KAYUNAN, DONOHARJO, KEC. NGAGLIK, KABUPATEN SLEMAN, DAERAH ISTIMEWA YOGYAKARTA 55581","ID_PROV":"34","PROVINSI":"DAERAH ISTIMEWA YOGYAKARTA","ID_KABKOT":"34.04","KABKOT":"SLEMAN","ID_KEC":"34.04.12","KECAMATAN":"NGAGLIK","ID_DESA":"34.04.12.2006","DESA":"DONOHARJO","LONGITUDE":110.3887475,"LATITUDE":-7.6883656,"STATUS":"BUKA","TANGGAL PENGUMPULAN":"Q1 2024","TANGGAL UPDATE":"28/02/2025"}},{"type":"Feature","geometry":{"coordinates":[110.4115292,-7.6622237],"type":"Point"},"properties":{"NAMA":"APOTEK BLEMBEM FARMA","TIPE_1":"KESEHATAN DAN PENGOBATAN","TIPE_2":"APOTEK","TIPE_3":"-","TELEPON":"","ALAMAT":"PLEMBON, HARJOBINANGUN, KEC. PAKEM, KABUPATEN SLEMAN, DAERAH ISTIMEWA YOGYAKARTA","ID_PROV":"34","PROVINSI":"DAERAH ISTIMEWA YOGYAKARTA","ID_KABKOT":"34.04","KABKOT":"SLEMAN","ID_KEC":"34.04.16","KECAMATAN":"PAKEM","ID_DESA":"34.04.16.2003","DESA":"HARJOBINANGUN","LONGITUDE":110.4115292,"LATITUDE":-7.6622237,"STATUS":"BUKA","TANGGAL PENGUMPULAN":"Q1 2024","TANGGAL UPDATE":"28/02/2025"}},{"type":"Feature","geometry":{"coordinates":[110.418465,-7.6873638],"type":"Point"},"properties":{"NAMA":"UNISIA POLIFARMA","TIPE_1":"KESEHATAN DAN PENGOBATAN","TIPE_2":"APOTEK","TIPE_3":"-","TELEPON":"(0274) 898421","ALAMAT":"LODADI, UMBULMARTANI, KEC. NGEMPLAK, KABUPATEN SLEMAN, DAERAH ISTIMEWA YOGYAKARTA 55584","ID_PROV":"34","PROVINSI":"DAERAH ISTIMEWA YOGYAKARTA","ID_KABKOT":"34.04","KABKOT":"SLEMAN","ID_KEC":"34.04.11","KECAMATAN":"NGEMPLAK","ID_DESA":"34.04.11.2005","DESA":"UMBULMARTANI","LONGITUDE":110.418465,"LATITUDE":-7.6873638,"STATUS":"BUKA","TANGGAL PENGUMPULAN":"Q1 2024","TANGGAL UPDATE":"28/02/2025"}},{"type":"Feature","geometry":{"coordinates":[110.4003473,-7.6597306],"type":"Point"},"properties":{"NAMA":"APOTEK RAJAWALI PAKEM","TIPE_1":"KESEHATAN DAN PENGOBATAN","TIPE_2":"APOTEK","TIPE_3":"-","TELEPON":"0819-3647-9439","ALAMAT":"JL. PAKEM - TURI JL. BARATAN, PAKISAJI, CANDIBINANGUN, KEC. PAKEM, KABUPATEN SLEMAN, DAERAH ISTIMEWA YOGYAKARTA 55582","ID_PROV":"34","PROVINSI":"DAERAH ISTIMEWA YOGYAKARTA","ID_KABKOT":"34.04","KABKOT":"SLEMAN","ID_KEC":"34.04.16","KECAMATAN":"PAKEM","ID_DESA":"34.04.16.2002","DESA":"CANDIBINANGUN","LONGITUDE":110.4003473,"LATITUDE":-7.6597306,"STATUS":"BUKA","TANGGAL PENGUMPULAN":"Q1 2024","TANGGAL UPDATE":"28/02/2025"}},{"type":"Feature","geometry":{"coordinates":[110.4514783,-7.7861479],"type":"Point"},"properties":{"NAMA":"SASANA GLADEN KANDHA YUWANA","TIPE_1":"KESEHATAN DAN PENGOBATAN","TIPE_2":"APOTEK","TIPE_3":"-","TELEPON":"0813-2597-6220","ALAMAT":"KALIAJIR LOR, KALITIRTO, KEC. BERBAH, KABUPATEN SLEMAN, DAERAH ISTIMEWA YOGYAKARTA 55573","ID_PROV":"34","PROVINSI":"DAERAH ISTIMEWA YOGYAKARTA","ID_KABKOT":"34.04","KABKOT":"SLEMAN","ID_KEC":"34.04.08","KECAMATAN":"BERBAH","ID_DESA":"34.04.08.2003","DESA":"KALITIRTO","LONGITUDE":110.4514783,"LATITUDE":-7.7861479,"STATUS":"BUKA","TANGGAL PENGUMPULAN":"Q1 2024","TANGGAL UPDATE":"28/02/2025"}},{"type":"Feature","geometry":{"coordinates":[110.440543,-7.7833316],"type":"Point"},"properties":{"NAMA":"APOTEK DWI MEDIKA FARMA","TIPE_1":"KESEHATAN DAN PENGOBATAN","TIPE_2":"APOTEK","TIPE_3":"-","TELEPON":"(0274) 496792","ALAMAT":"JL. RAYA SOLO - YOGYAKARTA NO.KM 10, SOROGENEN, PURWOMARTANI, KEC. KALASAN, KABUPATEN SLEMAN, DAERAH ISTIMEWA YOGYAKARTA 55282","ID_PROV":"34","PROVINSI":"DAERAH ISTIMEWA YOGYAKARTA","ID_KABKOT":"34.04","KABKOT":"SLEMAN","ID_KEC":"34.04.10","KECAMATAN":"KALASAN","ID_DESA":"34.04.10.2001","DESA":"PURWOMARTANI","LONGITUDE":110.440543,"LATITUDE":-7.7833316,"STATUS":"BUKA","TANGGAL PENGUMPULAN":"Q1 2024","TANGGAL UPDATE":"28/02/2025"}},{"type":"Feature","geometry":{"coordinates":[110.4302949,-7.7833514],"type":"Point"},"properties":{"NAMA":"APOTEK KIMIA FARMA MAGUWO","TIPE_1":"KESEHATAN DAN PENGOBATAN","TIPE_2":"APOTEK","TIPE_3":"-","TELEPON":"0895-7011-28448","ALAMAT":"JL. RAYA SOLO - YOGYAKARTA, KEMBANG, MAGUWOHARJO, KEC. DEPOK, KABUPATEN SLEMAN, DAERAH ISTIMEWA YOGYAKARTA 55282","ID_PROV":"34","PROVINSI":"DAERAH ISTIMEWA YOGYAKARTA","ID_KABKOT":"34.04","KABKOT":"SLEMAN","ID_KEC":"34.04.07","KECAMATAN":"DEPOK","ID_DESA":"34.04.07.2002","DESA":"MAGUWOHARJO","LONGITUDE":110.4302949,"LATITUDE":-7.7833514,"STATUS":"BUKA","TANGGAL PENGUMPULAN":"Q1 2024","TANGGAL UPDATE":"28/02/2025"}},{"type":"Feature","geometry":{"coordinates":[110.4255148,-7.8063476],"type":"Point"},"properties":{"NAMA":"JAMBIDAN FARMA","TIPE_1":"KESEHATAN DAN PENGOBATAN","TIPE_2":"APOTEK","TIPE_3":"-","TELEPON":"","ALAMAT":"GG. KENANGA, MOJOKERTEN, SENDANGTIRTO, KEC. BERBAH, KABUPATEN SLEMAN, DAERAH ISTIMEWA YOGYAKARTA 55573","ID_PROV":"34","PROVINSI":"DAERAH ISTIMEWA YOGYAKARTA","ID_KABKOT":"34.04","KABKOT":"SLEMAN","ID_KEC":"34.04.08","KECAMATAN":"BERBAH","ID_DESA":"34.04.08.2001","DESA":"SENDANGTIRTO","LONGITUDE":110.4255148,"LATITUDE":-7.8063476,"STATUS":"BUKA","TANGGAL PENGUMPULAN":"Q1 2024","TANGGAL UPDATE":"28/02/2025"}},{"type":"Feature","geometry":{"coordinates":[110.4555888,-7.8087811],"type":"Point"},"properties":{"NAMA":"HERBAL K-LINK","TIPE_1":"KESEHATAN DAN PENGOBATAN","TIPE_2":"APOTEK","TIPE_3":"-","TELEPON":"0858-6888-0667","ALAMAT":"SUMBER KIDUL, KALITIRTO, KEC. BERBAH, KABUPATEN SLEMAN, DAERAH ISTIMEWA YOGYAKARTA 55573","ID_PROV":"34","PROVINSI":"DAERAH ISTIMEWA YOGYAKARTA","ID_KABKOT":"34.04","KABKOT":"SLEMAN","ID_KEC":"34.04.08","KECAMATAN":"BERBAH","ID_DESA":"34.04.08.2003","DESA":"KALITIRTO","LONGITUDE":110.4555888,"LATITUDE":-7.8087811,"STATUS":"BUKA","TANGGAL PENGUMPULAN":"Q1 2024","TANGGAL UPDATE":"28/02/2025"}},{"type":"Feature","geometry":{"coordinates":[110.46363,-7.7883025],"type":"Point"},"properties":{"NAMA":"APOTEK KINCIR MAS","TIPE_1":"KESEHATAN DAN PENGOBATAN","TIPE_2":"APOTEK","TIPE_3":"-","TELEPON":"","ALAMAT":"JREBESAN, KALITIRTO, KEC. BERBAH, KABUPATEN SLEMAN, DAERAH ISTIMEWA YOGYAKARTA 55573","ID_PROV":"34","PROVINSI":"DAERAH ISTIMEWA YOGYAKARTA","ID_KABKOT":"34.04","KABKOT":"SLEMAN","ID_KEC":"34.04.08","KECAMATAN":"BERBAH","ID_DESA":"34.04.08.2003","DESA":"KALITIRTO","LONGITUDE":110.46363,"LATITUDE":-7.7883025,"STATUS":"BUKA","TANGGAL PENGUMPULAN":"Q1 2024","TANGGAL UPDATE":"28/02/2025"}},{"type":"Feature","geometry":{"coordinates":[110.4828186,-7.8035919],"type":"Point"},"properties":{"NAMA":"APOTEK AL FAZZA 1","TIPE_1":"KESEHATAN DAN PENGOBATAN","TIPE_2":"APOTEK","TIPE_3":"-","TELEPON":"","ALAMAT":"JL. RAYA PIYUNGAN - PRAMBANAN, BELORAN, MADUREJO, PRAMBANAN, SLEMAN REGENCY, SPECIAL REGION OF YOGYAKARTA 55572","ID_PROV":"34","PROVINSI":"DAERAH ISTIMEWA YOGYAKARTA","ID_KABKOT":"34.04","KABKOT":"SLEMAN","ID_KEC":"34.04.09","KECAMATAN":"PRAMBANAN","ID_DESA":"34.04.09.2005","DESA":"MADUREJO","LONGITUDE":110.4828186,"LATITUDE":-7.8035919,"STATUS":"BUKA","TANGGAL PENGUMPULAN":"Q1 2024","TANGGAL UPDATE":"28/02/2025"}},{"type":"Feature","geometry":{"coordinates":[110.4335287,-7.802192],"type":"Point"},"properties":{"NAMA":"APOTEK HABSYI FARMA","TIPE_1":"KESEHATAN DAN PENGOBATAN","TIPE_2":"APOTEK","TIPE_3":"-","TELEPON":"","ALAMAT":"JL. BERBAH RAYA, MEREDEN, SENDANGTIRTO, KEC. BERBAH, KABUPATEN SLEMAN, DAERAH ISTIMEWA YOGYAKARTA 55281","ID_PROV":"34","PROVINSI":"DAERAH ISTIMEWA YOGYAKARTA","ID_KABKOT":"34.04","KABKOT":"SLEMAN","ID_KEC":"34.04.08","KECAMATAN":"BERBAH","ID_DESA":"34.04.08.2001","DESA":"SENDANGTIRTO","LONGITUDE":110.4335287,"LATITUDE":-7.802192,"STATUS":"BUKA","TANGGAL PENGUMPULAN":"Q1 2024","TANGGAL UPDATE":"28/02/2025"}},{"type":"Feature","geometry":{"coordinates":[110.449699,-7.782927],"type":"Point"},"properties":{"NAMA":"TYAS AVAIL","TIPE_1":"KESEHATAN DAN PENGOBATAN","TIPE_2":"APOTEK","TIPE_3":"-","TELEPON":"0816-687-758","ALAMAT":"MANGUNAN, KALITIRTO, KEC. BERBAH, KABUPATEN SLEMAN, DAERAH ISTIMEWA YOGYAKARTA 55573","ID_PROV":"34","PROVINSI":"DAERAH ISTIMEWA YOGYAKARTA","ID_KABKOT":"34.04","KABKOT":"SLEMAN","ID_KEC":"34.04.08","KECAMATAN":"BERBAH","ID_DESA":"34.04.08.2003","DESA":"KALITIRTO","LONGITUDE":110.449699,"LATITUDE":-7.782927,"STATUS":"BUKA","TANGGAL PENGUMPULAN":"Q1 2024","TANGGAL UPDATE":"28/02/2025"}},{"type":"Feature","geometry":{"coordinates":[110.4414532,-7.8276793],"type":"Point"},"properties":{"NAMA":"APOTEK SARI FARMA","TIPE_1":"KESEHATAN DAN PENGOBATAN","TIPE_2":"APOTEK","TIPE_3":"-","TELEPON":"","ALAMAT":"JL WONOSARI KM10, KUNCEN, TEGALTIRTO, KEC. BERBAH, KABUPATEN SLEMAN, DAERAH ISTIMEWA YOGYAKARTA 55573","ID_PROV":"34","PROVINSI":"DAERAH ISTIMEWA YOGYAKARTA","ID_KABKOT":"34.04","KABKOT":"SLEMAN","ID_KEC":"34.04.08","KECAMATAN":"BERBAH","ID_DESA":"34.04.08.2002","DESA":"TEGALTIRTO","LONGITUDE":110.4414532,"LATITUDE":-7.8276793,"STATUS":"BUKA","TANGGAL PENGUMPULAN":"Q1 2024","TANGGAL UPDATE":"28/02/2025"}},{"type":"Feature","geometry":{"coordinates":[110.4255286,-7.8108402],"type":"Point"},"properties":{"NAMA":"APOTEK PRADIPA","TIPE_1":"KESEHATAN DAN PENGOBATAN","TIPE_2":"APOTEK","TIPE_3":"-","TELEPON":"0853-4515-8403","ALAMAT":"KLODONGAN, SENDANGTIRTO, KEC. BERBAH, KABUPATEN SLEMAN, DAERAH ISTIMEWA YOGYAKARTA 55573","ID_PROV":"34","PROVINSI":"DAERAH ISTIMEWA YOGYAKARTA","ID_KABKOT":"34.04","KABKOT":"SLEMAN","ID_KEC":"34.04.08","KECAMATAN":"BERBAH","ID_DESA":"34.04.08.2001","DESA":"SENDANGTIRTO","LONGITUDE":110.4255286,"LATITUDE":-7.8108402,"STATUS":"BUKA","TANGGAL PENGUMPULAN":"Q1 2024","TANGGAL UPDATE":"28/02/2025"}},{"type":"Feature","geometry":{"coordinates":[110.4476174,-7.7869918],"type":"Point"},"properties":{"NAMA":"APOTEK GESANG","TIPE_1":"KESEHATAN DAN PENGOBATAN","TIPE_2":"APOTEK","TIPE_3":"-","TELEPON":"0877-1313-3107","ALAMAT":"JL. RAYA BERBAH UTARA, JAGALAN, TEGALTIRTO, KEC. BERBAH, KABUPATEN SLEMAN, DAERAH ISTIMEWA YOGYAKARTA 55573","ID_PROV":"34","PROVINSI":"DAERAH ISTIMEWA YOGYAKARTA","ID_KABKOT":"34.04","KABKOT":"SLEMAN","ID_KEC":"34.04.08","KECAMATAN":"BERBAH","ID_DESA":"34.04.08.2002","DESA":"TEGALTIRTO","LONGITUDE":110.4476174,"LATITUDE":-7.7869918,"STATUS":"BUKA","TANGGAL PENGUMPULAN":"Q1 2024","TANGGAL UPDATE":"28/02/2025"}},{"type":"Feature","geometry":{"coordinates":[110.4416298,-7.8043649],"type":"Point"},"properties":{"NAMA":"APOTEK BERBAH SEHAT","TIPE_1":"KESEHATAN DAN PENGOBATAN","TIPE_2":"APOTEK","TIPE_3":"-","TELEPON":"0813-9078-9142","ALAMAT":"JL. SANGGRAHAN-BERBAH, BLENDENGAN, TEGALTIRTO, KEC. BERBAH, KABUPATEN SLEMAN, DAERAH ISTIMEWA YOGYAKARTA 55573","ID_PROV":"34","PROVINSI":"DAERAH ISTIMEWA YOGYAKARTA","ID_KABKOT":"34.04","KABKOT":"SLEMAN","ID_KEC":"34.04.08","KECAMATAN":"BERBAH","ID_DESA":"34.04.08.2002","DESA":"TEGALTIRTO","LONGITUDE":110.4416298,"LATITUDE":-7.8043649,"STATUS":"BUKA","TANGGAL PENGUMPULAN":"Q1 2024","TANGGAL UPDATE":"28/02/2025"}},{"type":"Feature","geometry":{"coordinates":[110.440445,-7.827483],"type":"Point"},"properties":{"NAMA":"APOTEK KIMIA FARMA BERBAH","TIPE_1":"KESEHATAN DAN PENGOBATAN","TIPE_2":"APOTEK","TIPE_3":"-","TELEPON":"0811-1067-8228","ALAMAT":"WONOSARI ST NO.KM.10, DAWUKAN, SENDANGTIRTO, BERBAH, SLEMAN REGENCY, SPECIAL REGION OF YOGYAKARTA 55573","ID_PROV":"34","PROVINSI":"DAERAH ISTIMEWA YOGYAKARTA","ID_KABKOT":"34.04","KABKOT":"SLEMAN","ID_KEC":"34.04.08","KECAMATAN":"BERBAH","ID_DESA":"34.04.08.2001","DESA":"SENDANGTIRTO","LONGITUDE":110.440445,"LATITUDE":-7.827483,"STATUS":"BUKA","TANGGAL PENGUMPULAN":"Q1 2024","TANGGAL UPDATE":"28/02/2025"}},{"type":"Feature","geometry":{"coordinates":[110.4515908,-7.805054],"type":"Point"},"properties":{"NAMA":"APOTEK HABSYI FARMA","TIPE_1":"KESEHATAN DAN PENGOBATAN","TIPE_2":"APOTEK","TIPE_3":"-","TELEPON":"(0274) 6666997","ALAMAT":"JL. BERBAH - KALASAN, DEMANGAN, KALITIRTO, KEC. BERBAH, KABUPATEN SLEMAN, DAERAH ISTIMEWA YOGYAKARTA 55573","ID_PROV":"34","PROVINSI":"DAERAH ISTIMEWA YOGYAKARTA","ID_KABKOT":"34.04","KABKOT":"SLEMAN","ID_KEC":"34.04.08","KECAMATAN":"BERBAH","ID_DESA":"34.04.08.2003","DESA":"KALITIRTO","LONGITUDE":110.4515908,"LATITUDE":-7.805054,"STATUS":"BUKA","TANGGAL PENGUMPULAN":"Q1 2024","TANGGAL UPDATE":"28/02/2025"}},{"type":"Feature","geometry":{"coordinates":[110.4482472,-7.787756],"type":"Point"},"properties":{"NAMA":"APOTEK AL FAZZA FARMA","TIPE_1":"KESEHATAN DAN PENGOBATAN","TIPE_2":"APOTEK","TIPE_3":"-","TELEPON":"0812-4700-9308","ALAMAT":"JL. KALIAJIR KIDUL, KALIAJIR KIDUL, KALITIRTO, KEC. BERBAH, KABUPATEN SLEMAN, DAERAH ISTIMEWA YOGYAKARTA 55573","ID_PROV":"34","PROVINSI":"DAERAH ISTIMEWA YOGYAKARTA","ID_KABKOT":"34.04","KABKOT":"SLEMAN","ID_KEC":"34.04.08","KECAMATAN":"BERBAH","ID_DESA":"34.04.08.2003","DESA":"KALITIRTO","LONGITUDE":110.4482472,"LATITUDE":-7.787756,"STATUS":"BUKA","TANGGAL PENGUMPULAN":"Q1 2024","TANGGAL UPDATE":"28/02/2025"}},{"type":"Feature","geometry":{"coordinates":[110.4407324,-7.8042779],"type":"Point"},"properties":{"NAMA":"APOTEK K-24 BERBAH","TIPE_1":"KESEHATAN DAN PENGOBATAN","TIPE_2":"APOTEK","TIPE_3":"-","TELEPON":"0822-2846-6524","ALAMAT":"KODE POS: 55573, RT.001/RW.010, KRIKILAN, TEGALTIRTO, KEC. BERBAH, KABUPATEN SLEMAN, DAERAH ISTIMEWA YOGYAKARTA 55573","ID_PROV":"34","PROVINSI":"DAERAH ISTIMEWA YOGYAKARTA","ID_KABKOT":"34.04","KABKOT":"SLEMAN","ID_KEC":"34.04.08","KECAMATAN":"BERBAH","ID_DESA":"34.04.08.2002","DESA":"TEGALTIRTO","LONGITUDE":110.4407324,"LATITUDE":-7.8042779,"STATUS":"BUKA","TANGGAL PENGUMPULAN":"Q1 2024","TANGGAL UPDATE":"28/02/2025"}},{"type":"Feature","geometry":{"coordinates":[110.2997313,-7.7691505],"type":"Point"},"properties":{"NAMA":"APOTEK GODEAN","TIPE_1":"KESEHATAN DAN PENGOBATAN","TIPE_2":"APOTEK","TIPE_3":"-","TELEPON":"0899-0681-054","ALAMAT":"JL. NGAPAK - KENTHENG NO.9,5, AREA SAWAH, SIDOAGUNG, KEC. GODEAN, KABUPATEN SLEMAN, DAERAH ISTIMEWA YOGYAKARTA 55264","ID_PROV":"34","PROVINSI":"DAERAH ISTIMEWA YOGYAKARTA","ID_KABKOT":"34.04","KABKOT":"SLEMAN","ID_KEC":"34.04.02","KECAMATAN":"GODEAN","ID_DESA":"34.04.02.2004","DESA":"SIDOAGUNG","LONGITUDE":110.2997313,"LATITUDE":-7.7691505,"STATUS":"BUKA","TANGGAL PENGUMPULAN":"Q1 2024","TANGGAL UPDATE":"28/02/2025"}},{"type":"Feature","geometry":{"coordinates":[110.3430423,-7.7349023],"type":"Point"},"properties":{"NAMA":"APOTEK BASUKI JAYA","TIPE_1":"KESEHATAN DAN PENGOBATAN","TIPE_2":"APOTEK","TIPE_3":"-","TELEPON":"0821-3661-4849","ALAMAT":"AREA SAWAH, TLOGOADI, KEC. MLATI, KABUPATEN SLEMAN, DAERAH ISTIMEWA YOGYAKARTA 55286","ID_PROV":"34","PROVINSI":"DAERAH ISTIMEWA YOGYAKARTA","ID_KABKOT":"34.04","KABKOT":"SLEMAN","ID_KEC":"34.04.06","KECAMATAN":"MLATI","ID_DESA":"34.04.06.2003","DESA":"TLOGOADI","LONGITUDE":110.3430423,"LATITUDE":-7.7349023,"STATUS":"BUKA","TANGGAL PENGUMPULAN":"Q1 2024","TANGGAL UPDATE":"28/02/2025"}},{"type":"Feature","geometry":{"coordinates":[110.3156915,-7.7673062],"type":"Point"},"properties":{"NAMA":"APOTEK AMINAH","TIPE_1":"KESEHATAN DAN PENGOBATAN","TIPE_2":"APOTEK","TIPE_3":"-","TELEPON":"","ALAMAT":"AREA SAWAH, SIDOMOYO, KEC. GODEAN, KABUPATEN SLEMAN, DAERAH ISTIMEWA YOGYAKARTA 55264","ID_PROV":"34","PROVINSI":"DAERAH ISTIMEWA YOGYAKARTA","ID_KABKOT":"34.04","KABKOT":"SLEMAN","ID_KEC":"34.04.02","KECAMATAN":"GODEAN","ID_DESA":"34.04.02.2007","DESA":"SIDOMOYO","LONGITUDE":110.3156915,"LATITUDE":-7.7673062,"STATUS":"BUKA","TANGGAL PENGUMPULAN":"Q1 2024","TANGGAL UPDATE":"28/02/2025"}},{"type":"Feature","geometry":{"coordinates":[110.3128046,-7.7726935],"type":"Point"},"properties":{"NAMA":"APOTEK RAJENDRA","TIPE_1":"KESEHATAN DAN PENGOBATAN","TIPE_2":"APOTEK","TIPE_3":"-","TELEPON":"0821-3483-5161","ALAMAT":"JL. NGAPAK - KENTHENG NO.59, BANTULAN, SIDOARUM, KEC. GODEAN, KABUPATEN SLEMAN, DAERAH ISTIMEWA YOGYAKARTA 55264","ID_PROV":"34","PROVINSI":"DAERAH ISTIMEWA YOGYAKARTA","ID_KABKOT":"34.04","KABKOT":"SLEMAN","ID_KEC":"34.04.02","KECAMATAN":"GODEAN","ID_DESA":"34.04.02.2005","DESA":"SIDOKARTO","LONGITUDE":110.3128046,"LATITUDE":-7.7726935,"STATUS":"BUKA","TANGGAL PENGUMPULAN":"Q1 2024","TANGGAL UPDATE":"28/02/2025"}},{"type":"Feature","geometry":{"coordinates":[110.3672017,-7.7364037],"type":"Point"},"properties":{"NAMA":"APOTEK PRIMEDIKA JONGKE","TIPE_1":"KESEHATAN DAN PENGOBATAN","TIPE_2":"APOTEK","TIPE_3":"-","TELEPON":"0851-7527-8877","ALAMAT":"JLN SENDANG ADI 2, RUKO RIVERPARK RESIDEN T4, KABUPATEN SLEMAN, DAERAH ISTIMEWA YOGYAKARTA 55285","ID_PROV":"34","PROVINSI":"DAERAH ISTIMEWA YOGYAKARTA","ID_KABKOT":"34.04","KABKOT":"SLEMAN","ID_KEC":"34.04.06","KECAMATAN":"MLATI","ID_DESA":"34.04.06.2002","DESA":"SENDANGADI","LONGITUDE":110.3672017,"LATITUDE":-7.7364037,"STATUS":"BUKA","TANGGAL PENGUMPULAN":"Q1 2024","TANGGAL UPDATE":"28/02/2025"}},{"type":"Feature","geometry":{"coordinates":[110.296845,-7.782652],"type":"Point"},"properties":{"NAMA":"APOTEK SALSA","TIPE_1":"KESEHATAN DAN PENGOBATAN","TIPE_2":"APOTEK","TIPE_3":"-","TELEPON":"0878-3815-1813","ALAMAT":"JL. GANCAHAN 6 NO.5, GANCAKAN KULON, SIDOMULYO, KEC. GODEAN, KABUPATEN SLEMAN, DAERAH ISTIMEWA YOGYAKARTA 55264","ID_PROV":"34","PROVINSI":"DAERAH ISTIMEWA YOGYAKARTA","ID_KABKOT":"34.04","KABKOT":"SLEMAN","ID_KEC":"34.04.02","KECAMATAN":"GODEAN","ID_DESA":"34.04.02.2003","DESA":"SIDOMULYO","LONGITUDE":110.296845,"LATITUDE":-7.782652,"STATUS":"BUKA","TANGGAL PENGUMPULAN":"Q1 2024","TANGGAL UPDATE":"28/02/2025"}},{"type":"Feature","geometry":{"coordinates":[110.3208755,-7.7488137],"type":"Point"},"properties":{"NAMA":"APOTEK SEMANGAT JAYA","TIPE_1":"KESEHATAN DAN PENGOBATAN","TIPE_2":"APOTEK","TIPE_3":"-","TELEPON":"0878-2872-3887","ALAMAT":"JL. CEBONGAN, BELURAN, SIDOMOYO, KEC. GODEAN, KABUPATEN SLEMAN, DAERAH ISTIMEWA YOGYAKARTA 55264","ID_PROV":"34","PROVINSI":"DAERAH ISTIMEWA YOGYAKARTA","ID_KABKOT":"34.04","KABKOT":"SLEMAN","ID_KEC":"34.04.02","KECAMATAN":"GODEAN","ID_DESA":"34.04.02.2007","DESA":"SIDOMOYO","LONGITUDE":110.3208755,"LATITUDE":-7.7488137,"STATUS":"BUKA","TANGGAL PENGUMPULAN":"Q1 2024","TANGGAL UPDATE":"28/02/2025"}},{"type":"Feature","geometry":{"coordinates":[110.3245187,-7.7752473],"type":"Point"},"properties":{"NAMA":"K-24 GODEAN","TIPE_1":"KESEHATAN DAN PENGOBATAN","TIPE_2":"APOTEK","TIPE_3":"-","TELEPON":"","ALAMAT":"JL. NGAPAK - KENTHENG NO.15, COKRO GEDOK, SIDOARUM, KEC. GODEAN, KABUPATEN SLEMAN, DAERAH ISTIMEWA YOGYAKARTA 55264","ID_PROV":"34","PROVINSI":"DAERAH ISTIMEWA YOGYAKARTA","ID_KABKOT":"34.04","KABKOT":"SLEMAN","ID_KEC":"34.04.02","KECAMATAN":"GODEAN","ID_DESA":"34.04.02.2006","DESA":"SIDOARUM","LONGITUDE":110.3245187,"LATITUDE":-7.7752473,"STATUS":"BUKA","TANGGAL PENGUMPULAN":"Q1 2024","TANGGAL UPDATE":"28/02/2025"}},{"type":"Feature","geometry":{"coordinates":[110.3109453,-7.772343],"type":"Point"},"properties":{"NAMA":"APOTEK KLAJURAN","TIPE_1":"KESEHATAN DAN PENGOBATAN","TIPE_2":"APOTEK","TIPE_3":"-","TELEPON":"(0274) 6497888","ALAMAT":"JL. NGAPAK - KENTHENG NO.1A, KLAJURAN, SIDOKARTO, KEC. GODEAN, KABUPATEN SLEMAN, DAERAH ISTIMEWA YOGYAKARTA 55264","ID_PROV":"34","PROVINSI":"DAERAH ISTIMEWA YOGYAKARTA","ID_KABKOT":"34.04","KABKOT":"SLEMAN","ID_KEC":"34.04.02","KECAMATAN":"GODEAN","ID_DESA":"34.04.02.2005","DESA":"SIDOKARTO","LONGITUDE":110.3109453,"LATITUDE":-7.772343,"STATUS":"BUKA","TANGGAL PENGUMPULAN":"Q1 2024","TANGGAL UPDATE":"28/02/2025"}},{"type":"Feature","geometry":{"coordinates":[110.2991959,-7.7668366],"type":"Point"},"properties":{"NAMA":"APOTEK K-24 SATELIT SIDOARUM","TIPE_1":"KESEHATAN DAN PENGOBATAN","TIPE_2":"APOTEK","TIPE_3":"-","TELEPON":"0823-2589-9893","ALAMAT":"","ID_PROV":"34","PROVINSI":"DAERAH ISTIMEWA YOGYAKARTA","ID_KABKOT":"34.04","KABKOT":"SLEMAN","ID_KEC":"34.04.02","KECAMATAN":"GODEAN","ID_DESA":"34.04.02.2004","DESA":"SIDOAGUNG","LONGITUDE":110.2991959,"LATITUDE":-7.7668366,"STATUS":"BUKA","TANGGAL PENGUMPULAN":"Q1 2024","TANGGAL UPDATE":"28/02/2025"}},{"type":"Feature","geometry":{"coordinates":[110.3237587,-7.8009614],"type":"Point"},"properties":{"NAMA":"JAMU JAWA BU MARYATI","TIPE_1":"KESEHATAN DAN PENGOBATAN","TIPE_2":"APOTEK","TIPE_3":"-","TELEPON":"","ALAMAT":"JL. WATES NO.DEPAN, GAMPING TENGAH, PASAR, KEC. GAMPING, KABUPATEN SLEMAN, DAERAH ISTIMEWA YOGYAKARTA 55294","ID_PROV":"34","PROVINSI":"DAERAH ISTIMEWA YOGYAKARTA","ID_KABKOT":"34.04","KABKOT":"SLEMAN","ID_KEC":"34.04.01","KECAMATAN":"GAMPING","ID_DESA":"34.04.01.2002","DESA":"AMBARKETAWANG","LONGITUDE":110.3237587,"LATITUDE":-7.8009614,"STATUS":"BUKA","TANGGAL PENGUMPULAN":"Q1 2024","TANGGAL UPDATE":"28/02/2025"}},{"type":"Feature","geometry":{"coordinates":[110.2901173,-7.8068372],"type":"Point"},"properties":{"NAMA":"GHONI SHOP","TIPE_1":"KESEHATAN DAN PENGOBATAN","TIPE_2":"APOTEK","TIPE_3":"-","TELEPON":"0877-3111-2054","ALAMAT":"JL. WATES, KM. 2, NGEMPLAK, BALECATUR, KEC. GAMPING, KABUPATEN SLEMAN, DAERAH ISTIMEWA YOGYAKARTA 55295","ID_PROV":"34","PROVINSI":"DAERAH ISTIMEWA YOGYAKARTA","ID_KABKOT":"34.04","KABKOT":"SLEMAN","ID_KEC":"34.04.01","KECAMATAN":"GAMPING","ID_DESA":"34.04.01.2001","DESA":"BALECATUR","LONGITUDE":110.2901173,"LATITUDE":-7.8068372,"STATUS":"BUKA","TANGGAL PENGUMPULAN":"Q1 2024","TANGGAL UPDATE":"28/02/2025"}},{"type":"Feature","geometry":{"coordinates":[110.3228591,-7.7810579],"type":"Point"},"properties":{"NAMA":"APOTEK UAD 4","TIPE_1":"KESEHATAN DAN PENGOBATAN","TIPE_2":"APOTEK","TIPE_3":"-","TELEPON":"","ALAMAT":"JL. BANTULAN, KRAMAT, SIDOARUM, KEC. GODEAN, KABUPATEN SLEMAN, DAERAH ISTIMEWA YOGYAKARTA 55264","ID_PROV":"34","PROVINSI":"DAERAH ISTIMEWA YOGYAKARTA","ID_KABKOT":"34.04","KABKOT":"SLEMAN","ID_KEC":"34.04.02","KECAMATAN":"GODEAN","ID_DESA":"34.04.02.2006","DESA":"SIDOARUM","LONGITUDE":110.3228591,"LATITUDE":-7.7810579,"STATUS":"BUKA","TANGGAL PENGUMPULAN":"Q1 2024","TANGGAL UPDATE":"28/02/2025"}},{"type":"Feature","geometry":{"coordinates":[110.3263129,-7.776001],"type":"Point"},"properties":{"NAMA":"APOTEK KIMIA FARMA SIDOARUM","TIPE_1":"KESEHATAN DAN PENGOBATAN","TIPE_2":"APOTEK","TIPE_3":"-","TELEPON":"0856-2521-240","ALAMAT":"JL. GODEAN KM 6,5 NO. 174, COKRO GEDOK, SIDOARUM, KEC. GODEAN, KABUPATEN SLEMAN, DAERAH ISTIMEWA YOGYAKARTA 55264","ID_PROV":"34","PROVINSI":"DAERAH ISTIMEWA YOGYAKARTA","ID_KABKOT":"34.04","KABKOT":"SLEMAN","ID_KEC":"34.04.02","KECAMATAN":"GODEAN","ID_DESA":"34.04.02.2006","DESA":"SIDOARUM","LONGITUDE":110.3263129,"LATITUDE":-7.776001,"STATUS":"BUKA","TANGGAL PENGUMPULAN":"Q1 2024","TANGGAL UPDATE":"28/02/2025"}},{"type":"Feature","geometry":{"coordinates":[110.3241819,-7.7755065],"type":"Point"},"properties":{"NAMA":"APOTEK HARAPAN SEHAT","TIPE_1":"KESEHATAN DAN PENGOBATAN","TIPE_2":"APOTEK","TIPE_3":"-","TELEPON":"(0274) 798887","ALAMAT":"JL. NGAPAK - KENTHENG, COKRO GEDOK, SIDOARUM, KEC. GODEAN, KABUPATEN SLEMAN, DAERAH ISTIMEWA YOGYAKARTA 55264","ID_PROV":"34","PROVINSI":"DAERAH ISTIMEWA YOGYAKARTA","ID_KABKOT":"34.04","KABKOT":"SLEMAN","ID_KEC":"34.04.02","KECAMATAN":"GODEAN","ID_DESA":"34.04.02.2006","DESA":"SIDOARUM","LONGITUDE":110.3241819,"LATITUDE":-7.7755065,"STATUS":"BUKA","TANGGAL PENGUMPULAN":"Q1 2024","TANGGAL UPDATE":"28/02/2025"}},{"type":"Feature","geometry":{"coordinates":[110.3390617,-7.772728],"type":"Point"},"properties":{"NAMA":"NOGOTIRTO ALGAE PARK","TIPE_1":"KESEHATAN DAN PENGOBATAN","TIPE_2":"APOTEK","TIPE_3":"-","TELEPON":"","ALAMAT":"KARANG WETAN, NOGOTIRTO, KEC. GAMPING, KABUPATEN SLEMAN, DAERAH ISTIMEWA YOGYAKARTA 55592","ID_PROV":"34","PROVINSI":"DAERAH ISTIMEWA YOGYAKARTA","ID_KABKOT":"34.04","KABKOT":"SLEMAN","ID_KEC":"34.04.01","KECAMATAN":"GAMPING","ID_DESA":"34.04.01.2004","DESA":"NOGOTIRTO","LONGITUDE":110.3390617,"LATITUDE":-7.772728,"STATUS":"BUKA","TANGGAL PENGUMPULAN":"Q1 2024","TANGGAL UPDATE":"28/02/2025"}},{"type":"Feature","geometry":{"coordinates":[110.3222973,-7.7785638],"type":"Point"},"properties":{"NAMA":"APOTEK K24 SIDOARUM","TIPE_1":"KESEHATAN DAN PENGOBATAN","TIPE_2":"APOTEK","TIPE_3":"-","TELEPON":"0823-2589-9893","ALAMAT":"JL. SIDOARUM - BANTULAN, KRAMAT, SIDOARUM, KEC. GODEAN, KABUPATEN SLEMAN, DAERAH ISTIMEWA YOGYAKARTA 55264","ID_PROV":"34","PROVINSI":"DAERAH ISTIMEWA YOGYAKARTA","ID_KABKOT":"34.04","KABKOT":"SLEMAN","ID_KEC":"34.04.02","KECAMATAN":"GODEAN","ID_DESA":"34.04.02.2006","DESA":"SIDOARUM","LONGITUDE":110.3222973,"LATITUDE":-7.7785638,"STATUS":"BUKA","TANGGAL PENGUMPULAN":"Q1 2024","TANGGAL UPDATE":"28/02/2025"}},{"type":"Feature","geometry":{"coordinates":[110.2853778,-7.7645106],"type":"Point"},"properties":{"NAMA":"APOTEK PRAMULIA","TIPE_1":"KESEHATAN DAN PENGOBATAN","TIPE_2":"APOTEK","TIPE_3":"-","TELEPON":"0822-4150-0055","ALAMAT":"JL. NGAPAK - KENTHENG NO.KM.11, BERJO KIDUL, SIDOLUHUR, KEC. GODEAN, KABUPATEN SLEMAN, DAERAH ISTIMEWA YOGYAKARTA 55264","ID_PROV":"34","PROVINSI":"DAERAH ISTIMEWA YOGYAKARTA","ID_KABKOT":"34.04","KABKOT":"SLEMAN","ID_KEC":"34.04.02","KECAMATAN":"GODEAN","ID_DESA":"34.04.02.2002","DESA":"SIDOLUHUR","LONGITUDE":110.2853778,"LATITUDE":-7.7645106,"STATUS":"BUKA","TANGGAL PENGUMPULAN":"Q1 2024","TANGGAL UPDATE":"28/02/2025"}},{"type":"Feature","geometry":{"coordinates":[110.3294421,-7.7971725],"type":"Point"},"properties":{"NAMA":"APOTIK RAHMAH","TIPE_1":"KESEHATAN DAN PENGOBATAN","TIPE_2":"APOTEK","TIPE_3":"-","TELEPON":"(0274) 4342094","ALAMAT":"JL. RING ROAD BARAT, GATAK, TAMANTIRTO KASIHAN, BANTUL, AREA SAWAH, BANYURADEN, KEC. GAMPING, KABUPATEN SLEMAN, DAERAH ISTIMEWA YOGYAKARTA 55184","ID_PROV":"34","PROVINSI":"DAERAH ISTIMEWA YOGYAKARTA","ID_KABKOT":"34.04","KABKOT":"SLEMAN","ID_KEC":"34.04.01","KECAMATAN":"GAMPING","ID_DESA":"34.04.01.2003","DESA":"BANYURADEN","LONGITUDE":110.3294421,"LATITUDE":-7.7971725,"STATUS":"BUKA","TANGGAL PENGUMPULAN":"Q1 2024","TANGGAL UPDATE":"28/02/2025"}},{"type":"Feature","geometry":{"coordinates":[110.3217177,-7.7938738],"type":"Point"},"properties":{"NAMA":"MADU ARBA'IN APOTIK PATHUKAN","TIPE_1":"KESEHATAN DAN PENGOBATAN","TIPE_2":"APOTEK","TIPE_3":"-","TELEPON":"","ALAMAT":"PATUKAN, AMBARKETAWANG, KEC. GAMPING, KABUPATEN SLEMAN, DAERAH ISTIMEWA YOGYAKARTA 55294","ID_PROV":"34","PROVINSI":"DAERAH ISTIMEWA YOGYAKARTA","ID_KABKOT":"34.04","KABKOT":"SLEMAN","ID_KEC":"34.04.01","KECAMATAN":"GAMPING","ID_DESA":"34.04.01.2002","DESA":"AMBARKETAWANG","LONGITUDE":110.3217177,"LATITUDE":-7.7938738,"STATUS":"BUKA","TANGGAL PENGUMPULAN":"Q1 2024","TANGGAL UPDATE":"28/02/2025"}},{"type":"Feature","geometry":{"coordinates":[110.3733689,-7.7697866],"type":"Point"},"properties":{"NAMA":"APOTEK KENCANA","TIPE_1":"KESEHATAN DAN PENGOBATAN","TIPE_2":"APOTEK","TIPE_3":"-","TELEPON":"(0274) 518663","ALAMAT":"JL. KESEHATAN B NO.B NO. 49, SENDOWO, NGUPASAN, KEC. GONDOMANAN, KABUPATEN SLEMAN, DAERAH ISTIMEWA YOGYAKARTA 55122","ID_PROV":"34","PROVINSI":"DAERAH ISTIMEWA YOGYAKARTA","ID_KABKOT":"34.04","KABKOT":"SLEMAN","ID_KEC":"34.04.06","KECAMATAN":"MLATI","ID_DESA":"34.04.06.2001","DESA":"SINDUADI","LONGITUDE":110.3733689,"LATITUDE":-7.7697866,"STATUS":"BUKA","TANGGAL PENGUMPULAN":"Q1 2024","TANGGAL UPDATE":"28/02/2025"}},{"type":"Feature","geometry":{"coordinates":[110.295411,-7.8064665],"type":"Point"},"properties":{"NAMA":"APOTEK BUNDA PLUS","TIPE_1":"KESEHATAN DAN PENGOBATAN","TIPE_2":"APOTEK","TIPE_3":"-","TELEPON":"0812-2729-8993","ALAMAT":"PASAR BALECATUR, JL. RAYA WATES KM 8, NGARAN, BALECATUR, KEC. GAMPING, KABUPATEN SLEMAN, DAERAH ISTIMEWA YOGYAKARTA 55295","ID_PROV":"34","PROVINSI":"DAERAH ISTIMEWA YOGYAKARTA","ID_KABKOT":"34.04","KABKOT":"SLEMAN","ID_KEC":"34.04.01","KECAMATAN":"GAMPING","ID_DESA":"34.04.01.2001","DESA":"BALECATUR","LONGITUDE":110.295411,"LATITUDE":-7.8064665,"STATUS":"BUKA","TANGGAL PENGUMPULAN":"Q1 2024","TANGGAL UPDATE":"28/02/2025"}},{"type":"Feature","geometry":{"coordinates":[110.3236366,-7.800391],"type":"Point"},"properties":{"NAMA":"APOTEK K-24 AMBARKETAWANG SLEMAN","TIPE_1":"KESEHATAN DAN PENGOBATAN","TIPE_2":"APOTEK","TIPE_3":"-","TELEPON":"(0274) 626209","ALAMAT":"PASAR SENTRAL UMUM, JL. WATES - PURWOREJO NO.KM.5, GAMPING TENGAH, AMBARKETAWANG, KEC. GAMPING, KABUPATEN SLEMAN, DAERAH ISTIMEWA YOGYAKARTA 55294","ID_PROV":"34","PROVINSI":"DAERAH ISTIMEWA YOGYAKARTA","ID_KABKOT":"34.04","KABKOT":"SLEMAN","ID_KEC":"34.04.01","KECAMATAN":"GAMPING","ID_DESA":"34.04.01.2002","DESA":"AMBARKETAWANG","LONGITUDE":110.3236366,"LATITUDE":-7.800391,"STATUS":"BUKA","TANGGAL PENGUMPULAN":"Q1 2024","TANGGAL UPDATE":"28/02/2025"}},{"type":"Feature","geometry":{"coordinates":[110.3206651,-7.7743201],"type":"Point"},"properties":{"NAMA":"APOTEK JAYA MEDIKA","TIPE_1":"KESEHATAN DAN PENGOBATAN","TIPE_2":"APOTEK","TIPE_3":"-","TELEPON":"","ALAMAT":"JL. NGAPAK - KENTHENG NO.102, BANTULAN, SIDOARUM, KEC. GODEAN, KABUPATEN SLEMAN, DAERAH ISTIMEWA YOGYAKARTA 55264","ID_PROV":"34","PROVINSI":"DAERAH ISTIMEWA YOGYAKARTA","ID_KABKOT":"34.04","KABKOT":"SLEMAN","ID_KEC":"34.04.02","KECAMATAN":"GODEAN","ID_DESA":"34.04.02.2006","DESA":"SIDOARUM","LONGITUDE":110.3206651,"LATITUDE":-7.7743201,"STATUS":"BUKA","TANGGAL PENGUMPULAN":"Q1 2024","TANGGAL UPDATE":"28/02/2025"}},{"type":"Feature","geometry":{"coordinates":[110.331932,-7.775664],"type":"Point"},"properties":{"NAMA":"APOTEK KONDANG FARMA","TIPE_1":"KESEHATAN DAN PENGOBATAN","TIPE_2":"APOTEK","TIPE_3":"-","TELEPON":"(0274) 625720","ALAMAT":"JL. RING ROAD BAR., NOGOSAREN, NOGOTIRTO, KEC. GAMPING, KABUPATEN SLEMAN, DAERAH ISTIMEWA YOGYAKARTA 55592","ID_PROV":"34","PROVINSI":"DAERAH ISTIMEWA YOGYAKARTA","ID_KABKOT":"34.04","KABKOT":"SLEMAN","ID_KEC":"34.04.01","KECAMATAN":"GAMPING","ID_DESA":"34.04.01.2004","DESA":"NOGOTIRTO","LONGITUDE":110.331932,"LATITUDE":-7.775664,"STATUS":"BUKA","TANGGAL PENGUMPULAN":"Q1 2024","TANGGAL UPDATE":"28/02/2025"}},{"type":"Feature","geometry":{"coordinates":[110.321647,-7.793887],"type":"Point"},"properties":{"NAMA":"APOTEK PATUKAN","TIPE_1":"KESEHATAN DAN PENGOBATAN","TIPE_2":"APOTEK","TIPE_3":"-","TELEPON":"(0274) 6533117","ALAMAT":"JALAN, PATUKAN, AMBARKETAWANG, KEC. GAMPING, KABUPATEN SLEMAN, DAERAH ISTIMEWA YOGYAKARTA 55294","ID_PROV":"34","PROVINSI":"DAERAH ISTIMEWA YOGYAKARTA","ID_KABKOT":"34.04","KABKOT":"SLEMAN","ID_KEC":"34.04.01","KECAMATAN":"GAMPING","ID_DESA":"34.04.01.2002","DESA":"AMBARKETAWANG","LONGITUDE":110.321647,"LATITUDE":-7.793887,"STATUS":"BUKA","TANGGAL PENGUMPULAN":"Q1 2024","TANGGAL UPDATE":"28/02/2025"}},{"type":"Feature","geometry":{"coordinates":[110.3258435,-7.8005502],"type":"Point"},"properties":{"NAMA":"APOTEK GAMPING FARMA","TIPE_1":"KESEHATAN DAN PENGOBATAN","TIPE_2":"APOTEK","TIPE_3":"-","TELEPON":"","ALAMAT":"JL. WATES NO.57, GAMPING TENGAH, AMBARKETAWANG, KEC. GAMPING, KABUPATEN SLEMAN, DAERAH ISTIMEWA YOGYAKARTA 55294","ID_PROV":"34","PROVINSI":"DAERAH ISTIMEWA YOGYAKARTA","ID_KABKOT":"34.04","KABKOT":"SLEMAN","ID_KEC":"34.04.01","KECAMATAN":"GAMPING","ID_DESA":"34.04.01.2002","DESA":"AMBARKETAWANG","LONGITUDE":110.3258435,"LATITUDE":-7.8005502,"STATUS":"BUKA","TANGGAL PENGUMPULAN":"Q1 2024","TANGGAL UPDATE":"28/02/2025"}},{"type":"Feature","geometry":{"coordinates":[110.322921,-7.7859107],"type":"Point"},"properties":{"NAMA":"APOTEK IS","TIPE_1":"KESEHATAN DAN PENGOBATAN","TIPE_2":"APOTEK","TIPE_3":"-","TELEPON":"","ALAMAT":"UNNAMED ROAD, 55294, MEJING LOR, AMBARKETAWANG, KEC. GAMPING, KABUPATEN SLEMAN, DAERAH ISTIMEWA YOGYAKARTA 55294","ID_PROV":"34","PROVINSI":"DAERAH ISTIMEWA YOGYAKARTA","ID_KABKOT":"34.04","KABKOT":"SLEMAN","ID_KEC":"34.04.01","KECAMATAN":"GAMPING","ID_DESA":"34.04.01.2002","DESA":"AMBARKETAWANG","LONGITUDE":110.322921,"LATITUDE":-7.7859107,"STATUS":"BUKA","TANGGAL PENGUMPULAN":"Q1 2024","TANGGAL UPDATE":"28/02/2025"}},{"type":"Feature","geometry":{"coordinates":[110.3213137,-7.7846411],"type":"Point"},"properties":{"NAMA":"APOTEK SEHAT TENTREM","TIPE_1":"KESEHATAN DAN PENGOBATAN","TIPE_2":"APOTEK","TIPE_3":"-","TELEPON":"","ALAMAT":"MEJING LOR, AMBARKETAWANG, KEC. GAMPING, KABUPATEN SLEMAN, DAERAH ISTIMEWA YOGYAKARTA 55294","ID_PROV":"34","PROVINSI":"DAERAH ISTIMEWA YOGYAKARTA","ID_KABKOT":"34.04","KABKOT":"SLEMAN","ID_KEC":"34.04.01","KECAMATAN":"GAMPING","ID_DESA":"34.04.01.2002","DESA":"AMBARKETAWANG","LONGITUDE":110.3213137,"LATITUDE":-7.7846411,"STATUS":"BUKA","TANGGAL PENGUMPULAN":"Q1 2024","TANGGAL UPDATE":"28/02/2025"}},{"type":"Feature","geometry":{"coordinates":[110.324801,-7.797337],"type":"Point"},"properties":{"NAMA":"APOTEK","TIPE_1":"KESEHATAN DAN PENGOBATAN","TIPE_2":"APOTEK","TIPE_3":"-","TELEPON":"","ALAMAT":"JL. GAMPING TENGAH, GAMPING LOR, AMBARKETAWANG, KEC. GAMPING, KABUPATEN SLEMAN, DAERAH ISTIMEWA YOGYAKARTA 55294","ID_PROV":"34","PROVINSI":"DAERAH ISTIMEWA YOGYAKARTA","ID_KABKOT":"34.04","KABKOT":"SLEMAN","ID_KEC":"34.04.01","KECAMATAN":"GAMPING","ID_DESA":"34.04.01.2002","DESA":"AMBARKETAWANG","LONGITUDE":110.324801,"LATITUDE":-7.797337,"STATUS":"BUKA","TANGGAL PENGUMPULAN":"Q1 2024","TANGGAL UPDATE":"28/02/2025"}},{"type":"Feature","geometry":{"coordinates":[110.3382473,-7.778746],"type":"Point"},"properties":{"NAMA":"APOTEK MULIA HUSADA","TIPE_1":"KESEHATAN DAN PENGOBATAN","TIPE_2":"APOTEK","TIPE_3":"-","TELEPON":"(0274) 621727","ALAMAT":"25, JL. NGAPAK - KENTHENG NO.5, AREA SAWAH, BANYURADEN, KEC. GAMPING, KABUPATEN SLEMAN, DAERAH ISTIMEWA YOGYAKARTA 55293","ID_PROV":"34","PROVINSI":"DAERAH ISTIMEWA YOGYAKARTA","ID_KABKOT":"34.04","KABKOT":"SLEMAN","ID_KEC":"34.04.01","KECAMATAN":"GAMPING","ID_DESA":"34.04.01.2003","DESA":"BANYURADEN","LONGITUDE":110.3382473,"LATITUDE":-7.778746,"STATUS":"BUKA","TANGGAL PENGUMPULAN":"Q1 2024","TANGGAL UPDATE":"28/02/2025"}},{"type":"Feature","geometry":{"coordinates":[110.3414425,-7.7794885],"type":"Point"},"properties":{"NAMA":"APOTEK PHARM 24 GODEAN","TIPE_1":"KESEHATAN DAN PENGOBATAN","TIPE_2":"APOTEK","TIPE_3":"-","TELEPON":"(0274) 583646","ALAMAT":"JL. NGAPAK - KENTHENG NO.5 KM 4, AREA SAWAH, BANYURADEN, KEC. GAMPING, KABUPATEN SLEMAN, DAERAH ISTIMEWA YOGYAKARTA 55293","ID_PROV":"34","PROVINSI":"DAERAH ISTIMEWA YOGYAKARTA","ID_KABKOT":"34.04","KABKOT":"SLEMAN","ID_KEC":"34.04.01","KECAMATAN":"GAMPING","ID_DESA":"34.04.01.2003","DESA":"BANYURADEN","LONGITUDE":110.3414425,"LATITUDE":-7.7794885,"STATUS":"BUKA","TANGGAL PENGUMPULAN":"Q1 2024","TANGGAL UPDATE":"28/02/2025"}},{"type":"Feature","geometry":{"coordinates":[110.3502897,-7.7651984],"type":"Point"},"properties":{"NAMA":"APOTEK MULIA FARMA JAMBON","TIPE_1":"KESEHATAN DAN PENGOBATAN","TIPE_2":"APOTEK","TIPE_3":"-","TELEPON":"0812-2679-9619","ALAMAT":"JL. JAMBON TRIHANGGO, RT.03/RW.19, BATURAN, TRIHANGGO, KEC. GAMPING, KABUPATEN SLEMAN, DAERAH ISTIMEWA YOGYAKARTA 55291","ID_PROV":"34","PROVINSI":"DAERAH ISTIMEWA YOGYAKARTA","ID_KABKOT":"34.04","KABKOT":"SLEMAN","ID_KEC":"34.04.01","KECAMATAN":"GAMPING","ID_DESA":"34.04.01.2005","DESA":"TRIHANGGO","LONGITUDE":110.3502897,"LATITUDE":-7.7651984,"STATUS":"BUKA","TANGGAL PENGUMPULAN":"Q1 2024","TANGGAL UPDATE":"28/02/2025"}},{"type":"Feature","geometry":{"coordinates":[110.3454351,-7.7723966],"type":"Point"},"properties":{"NAMA":"APOTEK SOLUSI SEHAT","TIPE_1":"KESEHATAN DAN PENGOBATAN","TIPE_2":"APOTEK","TIPE_3":"-","TELEPON":"0852-2660-0836","ALAMAT":"JL. BESOLE RAYA, AREA SAWAH, NOGOTIRTO, KEC. GAMPING, KABUPATEN SLEMAN, DAERAH ISTIMEWA YOGYAKARTA 55592","ID_PROV":"34","PROVINSI":"DAERAH ISTIMEWA YOGYAKARTA","ID_KABKOT":"34.04","KABKOT":"SLEMAN","ID_KEC":"34.04.01","KECAMATAN":"GAMPING","ID_DESA":"34.04.01.2005","DESA":"TRIHANGGO","LONGITUDE":110.3454351,"LATITUDE":-7.7723966,"STATUS":"BUKA","TANGGAL PENGUMPULAN":"Q1 2024","TANGGAL UPDATE":"28/02/2025"}},{"type":"Feature","geometry":{"coordinates":[110.339271,-7.778735],"type":"Point"},"properties":{"NAMA":"APOTEK JAYA MEDIKA","TIPE_1":"KESEHATAN DAN PENGOBATAN","TIPE_2":"APOTEK","TIPE_3":"-","TELEPON":"(0274) 621100","ALAMAT":"JL. NGAPAK - KENTHENG NO.102, AREA SAWAH, NOGOTIRTO, KEC. GAMPING, KABUPATEN SLEMAN, DAERAH ISTIMEWA YOGYAKARTA 55293","ID_PROV":"34","PROVINSI":"DAERAH ISTIMEWA YOGYAKARTA","ID_KABKOT":"34.04","KABKOT":"SLEMAN","ID_KEC":"34.04.01","KECAMATAN":"GAMPING","ID_DESA":"34.04.01.2004","DESA":"NOGOTIRTO","LONGITUDE":110.339271,"LATITUDE":-7.778735,"STATUS":"BUKA","TANGGAL PENGUMPULAN":"Q1 2024","TANGGAL UPDATE":"28/02/2025"}},{"type":"Feature","geometry":{"coordinates":[110.3046532,-7.7706917],"type":"Point"},"properties":{"NAMA":"APOTEK & KLINIK BINA SEHAT GODEAN","TIPE_1":"KESEHATAN DAN PENGOBATAN","TIPE_2":"APOTEK","TIPE_3":"-","TELEPON":"(0274) 2826906","ALAMAT":"JL. NGAPAK - KENTHENG NO.25B, KLAJURAN, SIDOKARTO, KEC. GODEAN, KABUPATEN SLEMAN, DAERAH ISTIMEWA YOGYAKARTA 55264","ID_PROV":"34","PROVINSI":"DAERAH ISTIMEWA YOGYAKARTA","ID_KABKOT":"34.04","KABKOT":"SLEMAN","ID_KEC":"34.04.02","KECAMATAN":"GODEAN","ID_DESA":"34.04.02.2005","DESA":"SIDOKARTO","LONGITUDE":110.3046532,"LATITUDE":-7.7706917,"STATUS":"BUKA","TANGGAL PENGUMPULAN":"Q1 2024","TANGGAL UPDATE":"28/02/2025"}},{"type":"Feature","geometry":{"coordinates":[110.3222884,-7.7939771],"type":"Point"},"properties":{"NAMA":"APOTEK AMBARKETAWANG","TIPE_1":"KESEHATAN DAN PENGOBATAN","TIPE_2":"APOTEK","TIPE_3":"-","TELEPON":"0821-3837-3475","ALAMAT":"JL. BIBIS NO.10, PATUKAN, AMBARKETAWANG, KEC. GAMPING, KABUPATEN SLEMAN, DAERAH ISTIMEWA YOGYAKARTA 55394","ID_PROV":"34","PROVINSI":"DAERAH ISTIMEWA YOGYAKARTA","ID_KABKOT":"34.04","KABKOT":"SLEMAN","ID_KEC":"34.04.01","KECAMATAN":"GAMPING","ID_DESA":"34.04.01.2002","DESA":"AMBARKETAWANG","LONGITUDE":110.3222884,"LATITUDE":-7.7939771,"STATUS":"BUKA","TANGGAL PENGUMPULAN":"Q1 2024","TANGGAL UPDATE":"28/02/2025"}},{"type":"Feature","geometry":{"coordinates":[110.2957397,-7.8007495],"type":"Point"},"properties":{"NAMA":"APOTEK BV FARMA","TIPE_1":"KESEHATAN DAN PENGOBATAN","TIPE_2":"APOTEK","TIPE_3":"-","TELEPON":"","ALAMAT":"SUMBERGAMOL, BALECATUR, KEC. GAMPING, KABUPATEN SLEMAN, DAERAH ISTIMEWA YOGYAKARTA 55295","ID_PROV":"34","PROVINSI":"DAERAH ISTIMEWA YOGYAKARTA","ID_KABKOT":"34.04","KABKOT":"SLEMAN","ID_KEC":"34.04.01","KECAMATAN":"GAMPING","ID_DESA":"34.04.01.2001","DESA":"BALECATUR","LONGITUDE":110.2957397,"LATITUDE":-7.8007495,"STATUS":"BUKA","TANGGAL PENGUMPULAN":"Q1 2024","TANGGAL UPDATE":"28/02/2025"}},{"type":"Feature","geometry":{"coordinates":[110.3342692,-7.7675361],"type":"Point"},"properties":{"NAMA":"APOTEK ARE PHARMA","TIPE_1":"KESEHATAN DAN PENGOBATAN","TIPE_2":"APOTEK","TIPE_3":"-","TELEPON":"0831-1988-7388","ALAMAT":"JL. PUNDUNG, AREA SAWAH, NOGOTIRTO, KEC. GAMPING, KABUPATEN SLEMAN, DAERAH ISTIMEWA YOGYAKARTA 55292","ID_PROV":"34","PROVINSI":"DAERAH ISTIMEWA YOGYAKARTA","ID_KABKOT":"34.04","KABKOT":"SLEMAN","ID_KEC":"34.04.01","KECAMATAN":"GAMPING","ID_DESA":"34.04.01.2004","DESA":"NOGOTIRTO","LONGITUDE":110.3342692,"LATITUDE":-7.7675361,"STATUS":"BUKA","TANGGAL PENGUMPULAN":"Q1 2024","TANGGAL UPDATE":"28/02/2025"}},{"type":"Feature","geometry":{"coordinates":[110.3525703,-7.7379932],"type":"Point"},"properties":{"NAMA":"APOTEK MANDIRI","TIPE_1":"KESEHATAN DAN PENGOBATAN","TIPE_2":"APOTEK","TIPE_3":"-","TELEPON":"0812-3179-9954","ALAMAT":"JL. KRONGGOHAN, DUWET, TRIHANGGO, KEC. GAMPING, KABUPATEN SLEMAN, DAERAH ISTIMEWA YOGYAKARTA 55291","ID_PROV":"34","PROVINSI":"DAERAH ISTIMEWA YOGYAKARTA","ID_KABKOT":"34.04","KABKOT":"SLEMAN","ID_KEC":"34.04.01","KECAMATAN":"GAMPING","ID_DESA":"34.04.01.2005","DESA":"TRIHANGGO","LONGITUDE":110.3525703,"LATITUDE":-7.7379932,"STATUS":"BUKA","TANGGAL PENGUMPULAN":"Q1 2024","TANGGAL UPDATE":"28/02/2025"}},{"type":"Feature","geometry":{"coordinates":[110.3320762,-7.7998966],"type":"Point"},"properties":{"NAMA":"APOTEK KIMIA FARMA 592 WATES","TIPE_1":"KESEHATAN DAN PENGOBATAN","TIPE_2":"APOTEK","TIPE_3":"-","TELEPON":"0811-1067-8236","ALAMAT":"WATES ST NO.64 KM 4, AREA SAWAH, BANYURADEN, GAMPING, SLEMAN REGENCY, SPECIAL REGION OF YOGYAKARTA 55293","ID_PROV":"34","PROVINSI":"DAERAH ISTIMEWA YOGYAKARTA","ID_KABKOT":"34.04","KABKOT":"SLEMAN","ID_KEC":"34.04.01","KECAMATAN":"GAMPING","ID_DESA":"34.04.01.2003","DESA":"BANYURADEN","LONGITUDE":110.3320762,"LATITUDE":-7.7998966,"STATUS":"BUKA","TANGGAL PENGUMPULAN":"Q1 2024","TANGGAL UPDATE":"28/02/2025"}},{"type":"Feature","geometry":{"coordinates":[110.3225913,-7.8007458],"type":"Point"},"properties":{"NAMA":"APOTIK SEDAYU","TIPE_1":"KESEHATAN DAN PENGOBATAN","TIPE_2":"APOTEK","TIPE_3":"-","TELEPON":"(0274) 98639","ALAMAT":"JL. WATES, BANJARMASINO, PATUKAN, AMBARKETAWANG, KEC. GAMPING, KABUPATEN SLEMAN, DAERAH ISTIMEWA YOGYAKARTA 55294","ID_PROV":"34","PROVINSI":"DAERAH ISTIMEWA YOGYAKARTA","ID_KABKOT":"34.04","KABKOT":"SLEMAN","ID_KEC":"34.04.01","KECAMATAN":"GAMPING","ID_DESA":"34.04.01.2002","DESA":"AMBARKETAWANG","LONGITUDE":110.3225913,"LATITUDE":-7.8007458,"STATUS":"BUKA","TANGGAL PENGUMPULAN":"Q1 2024","TANGGAL UPDATE":"28/02/2025"}},{"type":"Feature","geometry":{"coordinates":[110.2858654,-7.8134849],"type":"Point"},"properties":{"NAMA":"APOTEK SEMBUH JATISAWIT","TIPE_1":"KESEHATAN DAN PENGOBATAN","TIPE_2":"APOTEK","TIPE_3":"-","TELEPON":"0813-9040-1762","ALAMAT":"JL. JATISAWIT BARAT, JATISAWIT, BALECATUR, KEC. GAMPING, KABUPATEN SLEMAN, DAERAH ISTIMEWA YOGYAKARTA 55295","ID_PROV":"34","PROVINSI":"DAERAH ISTIMEWA YOGYAKARTA","ID_KABKOT":"34.04","KABKOT":"SLEMAN","ID_KEC":"34.04.01","KECAMATAN":"GAMPING","ID_DESA":"34.04.01.2001","DESA":"BALECATUR","LONGITUDE":110.2858654,"LATITUDE":-7.8134849,"STATUS":"BUKA","TANGGAL PENGUMPULAN":"Q1 2024","TANGGAL UPDATE":"28/02/2025"}},{"type":"Feature","geometry":{"coordinates":[110.319493,-7.7836147],"type":"Point"},"properties":{"NAMA":"YAHYA TANJUNG","TIPE_1":"KESEHATAN DAN PENGOBATAN","TIPE_2":"APOTEK","TIPE_3":"-","TELEPON":"0857-9931-6507","ALAMAT":"MEJING LOR, AMBARKETAWANG, KEC. GAMPING, KABUPATEN SLEMAN, DAERAH ISTIMEWA YOGYAKARTA 55294","ID_PROV":"34","PROVINSI":"DAERAH ISTIMEWA YOGYAKARTA","ID_KABKOT":"34.04","KABKOT":"SLEMAN","ID_KEC":"34.04.01","KECAMATAN":"GAMPING","ID_DESA":"34.04.01.2002","DESA":"AMBARKETAWANG","LONGITUDE":110.319493,"LATITUDE":-7.7836147,"STATUS":"BUKA","TANGGAL PENGUMPULAN":"Q1 2024","TANGGAL UPDATE":"28/02/2025"}},{"type":"Feature","geometry":{"coordinates":[110.3301764,-7.7899408],"type":"Point"},"properties":{"NAMA":"APOTEK ALANIS","TIPE_1":"KESEHATAN DAN PENGOBATAN","TIPE_2":"APOTEK","TIPE_3":"-","TELEPON":"0812-7759-0999","ALAMAT":"UNNAMED ROAD, KALIABU, BANYURADEN, KEC. GAMPING, KABUPATEN SLEMAN, DAERAH ISTIMEWA YOGYAKARTA 55293","ID_PROV":"34","PROVINSI":"DAERAH ISTIMEWA YOGYAKARTA","ID_KABKOT":"34.04","KABKOT":"SLEMAN","ID_KEC":"34.04.01","KECAMATAN":"GAMPING","ID_DESA":"34.04.01.2003","DESA":"BANYURADEN","LONGITUDE":110.3301764,"LATITUDE":-7.7899408,"STATUS":"BUKA","TANGGAL PENGUMPULAN":"Q1 2024","TANGGAL UPDATE":"28/02/2025"}},{"type":"Feature","geometry":{"coordinates":[110.3418973,-7.7850766],"type":"Point"},"properties":{"NAMA":"APOTEK ULIL FARMA","TIPE_1":"KESEHATAN DAN PENGOBATAN","TIPE_2":"APOTEK","TIPE_3":"-","TELEPON":"","ALAMAT":"AREA SAWAH, BANYURADEN, GAMPING, SLEMAN REGENCY, SPECIAL REGION OF YOGYAKARTA","ID_PROV":"34","PROVINSI":"DAERAH ISTIMEWA YOGYAKARTA","ID_KABKOT":"34.04","KABKOT":"SLEMAN","ID_KEC":"34.04.01","KECAMATAN":"GAMPING","ID_DESA":"34.04.01.2003","DESA":"BANYURADEN","LONGITUDE":110.3418973,"LATITUDE":-7.7850766,"STATUS":"BUKA","TANGGAL PENGUMPULAN":"Q1 2024","TANGGAL UPDATE":"28/02/2025"}},{"type":"Feature","geometry":{"coordinates":[110.3440814,-7.7800388],"type":"Point"},"properties":{"NAMA":"APOTEK KIMIA FARMA TITIBUMI","TIPE_1":"KESEHATAN DAN PENGOBATAN","TIPE_2":"APOTEK","TIPE_3":"-","TELEPON":"0811-344-384","ALAMAT":"JL. GODEAN KM.4 KOMPLEK RUKO TIRTA MAS, KWARASAN, NOGOTIRTO, GAMPING, SLEMAN REGENCY, SPECIAL REGION OF YOGYAKARTA 55592","ID_PROV":"34","PROVINSI":"DAERAH ISTIMEWA YOGYAKARTA","ID_KABKOT":"34.04","KABKOT":"SLEMAN","ID_KEC":"34.04.01","KECAMATAN":"GAMPING","ID_DESA":"34.04.01.2004","DESA":"NOGOTIRTO","LONGITUDE":110.3440814,"LATITUDE":-7.7800388,"STATUS":"BUKA","TANGGAL PENGUMPULAN":"Q1 2024","TANGGAL UPDATE":"28/02/2025"}},{"type":"Feature","geometry":{"coordinates":[110.3167001,-7.6513206],"type":"Point"},"properties":{"NAMA":"EXTRACT CACING","TIPE_1":"KESEHATAN DAN PENGOBATAN","TIPE_2":"APOTEK","TIPE_3":"-","TELEPON":"0813-9244-8739","ALAMAT":"KRASAKAN, LUMBUNGREJO, KEC. TEMPEL, KABUPATEN SLEMAN, DAERAH ISTIMEWA YOGYAKARTA 55552","ID_PROV":"34","PROVINSI":"DAERAH ISTIMEWA YOGYAKARTA","ID_KABKOT":"34.04","KABKOT":"SLEMAN","ID_KEC":"34.04.14","KECAMATAN":"TEMPEL","ID_DESA":"34.04.14.2007","DESA":"LUMBUNGREJO","LONGITUDE":110.3167001,"LATITUDE":-7.6513206,"STATUS":"BUKA","TANGGAL PENGUMPULAN":"Q1 2024","TANGGAL UPDATE":"28/02/2025"}},{"type":"Feature","geometry":{"coordinates":[110.2987674,-7.6829327],"type":"Point"},"properties":{"NAMA":"JAMU HERBAL IBU WIWIK","TIPE_1":"KESEHATAN DAN PENGOBATAN","TIPE_2":"APOTEK","TIPE_3":"-","TELEPON":"","ALAMAT":"GENDOL, SUMBEREJO, KEC. TEMPEL, KABUPATEN SLEMAN, DAERAH ISTIMEWA YOGYAKARTA 55552","ID_PROV":"34","PROVINSI":"DAERAH ISTIMEWA YOGYAKARTA","ID_KABKOT":"34.04","KABKOT":"SLEMAN","ID_KEC":"34.04.14","KECAMATAN":"TEMPEL","ID_DESA":"34.04.14.2003","DESA":"SUMBERREJO","LONGITUDE":110.2987674,"LATITUDE":-7.6829327,"STATUS":"BUKA","TANGGAL PENGUMPULAN":"Q1 2024","TANGGAL UPDATE":"28/02/2025"}},{"type":"Feature","geometry":{"coordinates":[110.302525,-7.6771178],"type":"Point"},"properties":{"NAMA":"ZUSUF BUDIANA","TIPE_1":"KESEHATAN DAN PENGOBATAN","TIPE_2":"APOTEK","TIPE_3":"-","TELEPON":"","ALAMAT":"JL. TEMPEL-SEYEGAN, AREA SAWAH, SUMBEREJO, KEC. TEMPEL, KABUPATEN SLEMAN, DAERAH ISTIMEWA YOGYAKARTA 55552","ID_PROV":"34","PROVINSI":"DAERAH ISTIMEWA YOGYAKARTA","ID_KABKOT":"34.04","KABKOT":"SLEMAN","ID_KEC":"34.04.14","KECAMATAN":"TEMPEL","ID_DESA":"34.04.14.2003","DESA":"SUMBERREJO","LONGITUDE":110.302525,"LATITUDE":-7.6771178,"STATUS":"BUKA","TANGGAL PENGUMPULAN":"Q1 2024","TANGGAL UPDATE":"28/02/2025"}},{"type":"Feature","geometry":{"coordinates":[110.292291,-7.6825348],"type":"Point"},"properties":{"NAMA":"DEPOT JAMU \"SEGER WARAS\" PAK MARJI","TIPE_1":"KESEHATAN DAN PENGOBATAN","TIPE_2":"APOTEK","TIPE_3":"-","TELEPON":"0852-1606-7074","ALAMAT":"SEMAWUNG, AREA SAWAH, SUMBEREJO, KEC. TEMPEL, KABUPATEN SLEMAN, DAERAH ISTIMEWA YOGYAKARTA 55552","ID_PROV":"34","PROVINSI":"DAERAH ISTIMEWA YOGYAKARTA","ID_KABKOT":"34.04","KABKOT":"SLEMAN","ID_KEC":"34.04.14","KECAMATAN":"TEMPEL","ID_DESA":"34.04.14.2003","DESA":"SUMBERREJO","LONGITUDE":110.292291,"LATITUDE":-7.6825348,"STATUS":"BUKA","TANGGAL PENGUMPULAN":"Q1 2024","TANGGAL UPDATE":"28/02/2025"}},{"type":"Feature","geometry":{"coordinates":[110.3502967,-7.6396136],"type":"Point"},"properties":{"NAMA":"MBAH SAJI","TIPE_1":"KESEHATAN DAN PENGOBATAN","TIPE_2":"APOTEK","TIPE_3":"-","TELEPON":"","ALAMAT":"BENING, MERDIKOREJO, KEC. TEMPEL, KABUPATEN SLEMAN, DAERAH ISTIMEWA YOGYAKARTA 55552","ID_PROV":"34","PROVINSI":"DAERAH ISTIMEWA YOGYAKARTA","ID_KABKOT":"34.04","KABKOT":"SLEMAN","ID_KEC":"34.04.14","KECAMATAN":"TEMPEL","ID_DESA":"34.04.14.2008","DESA":"MERDIKOREJO","LONGITUDE":110.3502967,"LATITUDE":-7.6396136,"STATUS":"BUKA","TANGGAL PENGUMPULAN":"Q1 2024","TANGGAL UPDATE":"28/02/2025"}},{"type":"Feature","geometry":{"coordinates":[110.3257882,-7.6561368],"type":"Point"},"properties":{"NAMA":"APOTEK TEMPEL","TIPE_1":"KESEHATAN DAN PENGOBATAN","TIPE_2":"APOTEK","TIPE_3":"-","TELEPON":"","ALAMAT":"JL. MAGELANG JL. JLEGONGAN KULON NO.KM 17,5, JLEGINGAN, MARGOREJO, KEC. TEMPEL, KABUPATEN SLEMAN, DAERAH ISTIMEWA YOGYAKARTA 55552","ID_PROV":"34","PROVINSI":"DAERAH ISTIMEWA YOGYAKARTA","ID_KABKOT":"34.04","KABKOT":"SLEMAN","ID_KEC":"34.04.14","KECAMATAN":"TEMPEL","ID_DESA":"34.04.14.2006","DESA":"MARGOREJO","LONGITUDE":110.3257882,"LATITUDE":-7.6561368,"STATUS":"BUKA","TANGGAL PENGUMPULAN":"Q1 2024","TANGGAL UPDATE":"28/02/2025"}},{"type":"Feature","geometry":{"coordinates":[110.3255625,-7.6461875],"type":"Point"},"properties":{"NAMA":"APOTEK SETYA MEDIKA","TIPE_1":"KESEHATAN DAN PENGOBATAN","TIPE_2":"APOTEK","TIPE_3":"-","TELEPON":"","ALAMAT":"KROMODANGSAN, JL. TURI, RT.02/RW.17, LUMBUNGREJO, KEC. TEMPEL, KABUPATEN SLEMAN, DAERAH ISTIMEWA YOGYAKARTA 55552","ID_PROV":"34","PROVINSI":"DAERAH ISTIMEWA YOGYAKARTA","ID_KABKOT":"34.04","KABKOT":"SLEMAN","ID_KEC":"34.04.14","KECAMATAN":"TEMPEL","ID_DESA":"34.04.14.2007","DESA":"LUMBUNGREJO","LONGITUDE":110.3255625,"LATITUDE":-7.6461875,"STATUS":"BUKA","TANGGAL PENGUMPULAN":"Q1 2024","TANGGAL UPDATE":"28/02/2025"}},{"type":"Feature","geometry":{"coordinates":[110.4268358,-7.7653842],"type":"Point"},"properties":{"NAMA":"APOTEK KRISHNA FARMA","TIPE_1":"KESEHATAN DAN PENGOBATAN","TIPE_2":"APOTEK","TIPE_3":"-","TELEPON":"0821-3442-3542","ALAMAT":"JL. NANGKA V NO.156, SANGGRAHAN, MAGUWOHARJO, KEC. DEPOK, KABUPATEN SLEMAN, DAERAH ISTIMEWA YOGYAKARTA 55282","ID_PROV":"34","PROVINSI":"DAERAH ISTIMEWA YOGYAKARTA","ID_KABKOT":"34.04","KABKOT":"SLEMAN","ID_KEC":"34.04.07","KECAMATAN":"DEPOK","ID_DESA":"34.04.07.2002","DESA":"MAGUWOHARJO","LONGITUDE":110.4268358,"LATITUDE":-7.7653842,"STATUS":"BUKA","TANGGAL PENGUMPULAN":"Q1 2024","TANGGAL UPDATE":"28/02/2025"}},{"type":"Feature","geometry":{"coordinates":[110.3921883,-7.7656107],"type":"Point"},"properties":{"NAMA":"APOTEK PHARM24","TIPE_1":"KESEHATAN DAN PENGOBATAN","TIPE_2":"APOTEK","TIPE_3":"-","TELEPON":"0877-2340-1144","ALAMAT":"JL. AFFANDI NO.76, DERESAN, CATURTUNGGAL, KEC. DEPOK, KABUPATEN SLEMAN, DAERAH ISTIMEWA YOGYAKARTA 55281","ID_PROV":"34","PROVINSI":"DAERAH ISTIMEWA YOGYAKARTA","ID_KABKOT":"34.04","KABKOT":"SLEMAN","ID_KEC":"34.04.07","KECAMATAN":"DEPOK","ID_DESA":"34.04.07.2001","DESA":"CATURTUNGGAL","LONGITUDE":110.3921883,"LATITUDE":-7.7656107,"STATUS":"BUKA","TANGGAL PENGUMPULAN":"Q1 2024","TANGGAL UPDATE":"28/02/2025"}},{"type":"Feature","geometry":{"coordinates":[110.4006208,-7.7776261],"type":"Point"},"properties":{"NAMA":"APOTEK ASHA MEDIKA","TIPE_1":"KESEHATAN DAN PENGOBATAN","TIPE_2":"APOTEK","TIPE_3":"-","TELEPON":"","ALAMAT":"JL. NOLOGATEN NO.216B, NOLOGATEN, CATURTUNGGAL, KEC. DEPOK, KABUPATEN SLEMAN, DAERAH ISTIMEWA YOGYAKARTA 55281","ID_PROV":"34","PROVINSI":"DAERAH ISTIMEWA YOGYAKARTA","ID_KABKOT":"34.04","KABKOT":"SLEMAN","ID_KEC":"34.04.07","KECAMATAN":"DEPOK","ID_DESA":"34.04.07.2001","DESA":"CATURTUNGGAL","LONGITUDE":110.4006208,"LATITUDE":-7.7776261,"STATUS":"BUKA","TANGGAL PENGUMPULAN":"Q1 2024","TANGGAL UPDATE":"28/02/2025"}},{"type":"Feature","geometry":{"coordinates":[110.3948048,-7.7607086],"type":"Point"},"properties":{"NAMA":"APOTEK SUMBER SEHAT","TIPE_1":"KESEHATAN DAN PENGOBATAN","TIPE_2":"APOTEK","TIPE_3":"-","TELEPON":"(0274) 560807","ALAMAT":"JL. AFFANDI NO.31, SOROPADAN, CONDONGCATUR, KEC. DEPOK, KABUPATEN SLEMAN, DAERAH ISTIMEWA YOGYAKARTA 55283","ID_PROV":"34","PROVINSI":"DAERAH ISTIMEWA YOGYAKARTA","ID_KABKOT":"34.04","KABKOT":"SLEMAN","ID_KEC":"34.04.07","KECAMATAN":"DEPOK","ID_DESA":"34.04.07.2003","DESA":"CONDONGCATUR","LONGITUDE":110.3948048,"LATITUDE":-7.7607086,"STATUS":"BUKA","TANGGAL PENGUMPULAN":"Q1 2024","TANGGAL UPDATE":"28/02/2025"}},{"type":"Feature","geometry":{"coordinates":[110.4352477,-7.7772536],"type":"Point"},"properties":{"NAMA":"APOTEK RINGINSARI","TIPE_1":"KESEHATAN DAN PENGOBATAN","TIPE_2":"APOTEK","TIPE_3":"-","TELEPON":"0852-2548-4729","ALAMAT":"JALAN ANGGREK NO.26 RT.01 / RW.56, SAMBELEGI KIDUL, MAGUWOHARJO, KEC. DEPOK, KABUPATEN SLEMAN, DAERAH ISTIMEWA YOGYAKARTA 55281","ID_PROV":"34","PROVINSI":"DAERAH ISTIMEWA YOGYAKARTA","ID_KABKOT":"34.04","KABKOT":"SLEMAN","ID_KEC":"34.04.07","KECAMATAN":"DEPOK","ID_DESA":"34.04.07.2002","DESA":"MAGUWOHARJO","LONGITUDE":110.4352477,"LATITUDE":-7.7772536,"STATUS":"BUKA","TANGGAL PENGUMPULAN":"Q1 2024","TANGGAL UPDATE":"28/02/2025"}},{"type":"Feature","geometry":{"coordinates":[110.4250696,-7.7596177],"type":"Point"},"properties":{"NAMA":"APOTEK SAHABAT MITRA SEHAT","TIPE_1":"KESEHATAN DAN PENGOBATAN","TIPE_2":"APOTEK","TIPE_3":"-","TELEPON":"0877-3810-8899","ALAMAT":"JL. SABO, KRODAN, MAGUWOHARJO, KEC. DEPOK, KABUPATEN SLEMAN, DAERAH ISTIMEWA YOGYAKARTA 55281","ID_PROV":"34","PROVINSI":"DAERAH ISTIMEWA YOGYAKARTA","ID_KABKOT":"34.04","KABKOT":"SLEMAN","ID_KEC":"34.04.07","KECAMATAN":"DEPOK","ID_DESA":"34.04.07.2002","DESA":"MAGUWOHARJO","LONGITUDE":110.4250696,"LATITUDE":-7.7596177,"STATUS":"BUKA","TANGGAL PENGUMPULAN":"Q1 2024","TANGGAL UPDATE":"28/02/2025"}},{"type":"Feature","geometry":{"coordinates":[110.4021233,-7.7838841],"type":"Point"},"properties":{"NAMA":"ARDI MULYA FARMA APOTEK","TIPE_1":"KESEHATAN DAN PENGOBATAN","TIPE_2":"APOTEK","TIPE_3":"-","TELEPON":"(0274) 521146","ALAMAT":"JL. MONGGUNGAN NO.35, AMBARUKMO, CATURTUNGGAL, KEC. DEPOK, KABUPATEN SLEMAN, DAERAH ISTIMEWA YOGYAKARTA 55281","ID_PROV":"34","PROVINSI":"DAERAH ISTIMEWA YOGYAKARTA","ID_KABKOT":"34.04","KABKOT":"SLEMAN","ID_KEC":"34.04.07","KECAMATAN":"DEPOK","ID_DESA":"34.04.07.2001","DESA":"CATURTUNGGAL","LONGITUDE":110.4021233,"LATITUDE":-7.7838841,"STATUS":"BUKA","TANGGAL PENGUMPULAN":"Q1 2024","TANGGAL UPDATE":"28/02/2025"}},{"type":"Feature","geometry":{"coordinates":[110.3817911,-7.7585514],"type":"Point"},"properties":{"NAMA":"BINTAR APOTIK","TIPE_1":"KESEHATAN DAN PENGOBATAN","TIPE_2":"APOTEK","TIPE_3":"-","TELEPON":"","ALAMAT":"JL. KALIURANG KM 55/1, YOGYAKARTA, 55281, MANGGUNG, CATURTUNGGAL, DEPOK, SLEMAN REGENCY, SPECIAL REGION OF YOGYAKARTA 55281","ID_PROV":"34","PROVINSI":"DAERAH ISTIMEWA YOGYAKARTA","ID_KABKOT":"34.04","KABKOT":"SLEMAN","ID_KEC":"34.04.07","KECAMATAN":"DEPOK","ID_DESA":"34.04.07.2001","DESA":"CATURTUNGGAL","LONGITUDE":110.3817911,"LATITUDE":-7.7585514,"STATUS":"BUKA","TANGGAL PENGUMPULAN":"Q1 2024","TANGGAL UPDATE":"28/02/2025"}},{"type":"Feature","geometry":{"coordinates":[110.3928714,-7.7343508],"type":"Point"},"properties":{"NAMA":"APOTEK DOA SEHAT","TIPE_1":"KESEHATAN DAN PENGOBATAN","TIPE_2":"APOTEK","TIPE_3":"-","TELEPON":"(0274) 7370667","ALAMAT":"JL. DAYU, NGAGLIK, TAMBAKAN, SINDUHARJO, KEC. SLEMAN, KABUPATEN SLEMAN, DAERAH ISTIMEWA YOGYAKARTA 55581","ID_PROV":"34","PROVINSI":"DAERAH ISTIMEWA YOGYAKARTA","ID_KABKOT":"34.04","KABKOT":"SLEMAN","ID_KEC":"34.04.12","KECAMATAN":"NGAGLIK","ID_DESA":"34.04.12.2003","DESA":"SINDUHARJO","LONGITUDE":110.3928714,"LATITUDE":-7.7343508,"STATUS":"BUKA","TANGGAL PENGUMPULAN":"Q1 2024","TANGGAL UPDATE":"28/02/2025"}},{"type":"Feature","geometry":{"coordinates":[110.3912216,-7.7686282],"type":"Point"},"properties":{"NAMA":"APOTEK GEJAYAN","TIPE_1":"KESEHATAN DAN PENGOBATAN","TIPE_2":"APOTEK","TIPE_3":"-","TELEPON":"(0274) 561771","ALAMAT":"JL. AFFANDI CT X NO.16, SANTREN, CATURTUNGGAL, KEC. DEPOK, KABUPATEN SLEMAN, DAERAH ISTIMEWA YOGYAKARTA 55281","ID_PROV":"34","PROVINSI":"DAERAH ISTIMEWA YOGYAKARTA","ID_KABKOT":"34.04","KABKOT":"SLEMAN","ID_KEC":"34.04.07","KECAMATAN":"DEPOK","ID_DESA":"34.04.07.2001","DESA":"CATURTUNGGAL","LONGITUDE":110.3912216,"LATITUDE":-7.7686282,"STATUS":"BUKA","TANGGAL PENGUMPULAN":"Q1 2024","TANGGAL UPDATE":"28/02/2025"}},{"type":"Feature","geometry":{"coordinates":[110.4086411,-7.7805573],"type":"Point"},"properties":{"NAMA":"APOTEK TRIFA MEDIKA YOGYAKARTA","TIPE_1":"KESEHATAN DAN PENGOBATAN","TIPE_2":"APOTEK","TIPE_3":"-","TELEPON":"0898-8222-282","ALAMAT":"JL. KAPAS, JL. RAYA KLEDOKAN CT XIX NO.12, RT.06/RW.03, CATURTUNGGAL, KEC. DEPOK, KABUPATEN SLEMAN, DAERAH ISTIMEWA YOGYAKARTA 55281","ID_PROV":"34","PROVINSI":"DAERAH ISTIMEWA YOGYAKARTA","ID_KABKOT":"34.04","KABKOT":"SLEMAN","ID_KEC":"34.04.07","KECAMATAN":"DEPOK","ID_DESA":"34.04.07.2001","DESA":"CATURTUNGGAL","LONGITUDE":110.4086411,"LATITUDE":-7.7805573,"STATUS":"BUKA","TANGGAL PENGUMPULAN":"Q1 2024","TANGGAL UPDATE":"28/02/2025"}},{"type":"Feature","geometry":{"coordinates":[110.410872,-7.753805],"type":"Point"},"properties":{"NAMA":"APOTEK KIMIA FARMA CONDONG CATUR","TIPE_1":"KESEHATAN DAN PENGOBATAN","TIPE_2":"APOTEK","TIPE_3":"-","TELEPON":"0813-2659-0608","ALAMAT":"JL. NUSA INDAH NO.233, DERO, CONDONGCATUR, DEPOK, SLEMAN REGENCY, SPECIAL REGION OF YOGYAKARTA 55283","ID_PROV":"34","PROVINSI":"DAERAH ISTIMEWA YOGYAKARTA","ID_KABKOT":"34.04","KABKOT":"SLEMAN","ID_KEC":"34.04.07","KECAMATAN":"DEPOK","ID_DESA":"34.04.07.2003","DESA":"CONDONGCATUR","LONGITUDE":110.410872,"LATITUDE":-7.753805,"STATUS":"BUKA","TANGGAL PENGUMPULAN":"Q1 2024","TANGGAL UPDATE":"28/02/2025"}},{"type":"Feature","geometry":{"coordinates":[110.4395427,-7.7608726],"type":"Point"},"properties":{"NAMA":"APOTEK DIPO FARMA","TIPE_1":"KESEHATAN DAN PENGOBATAN","TIPE_2":"APOTEK","TIPE_3":"-","TELEPON":"0821-3562-8882","ALAMAT":"JL. P. DIPONEGORO NO.2, SEMBEGO, MAGUWOHARJO, KEC. DEPOK, KABUPATEN SLEMAN, DAERAH ISTIMEWA YOGYAKARTA 55281","ID_PROV":"34","PROVINSI":"DAERAH ISTIMEWA YOGYAKARTA","ID_KABKOT":"34.04","KABKOT":"SLEMAN","ID_KEC":"34.04.07","KECAMATAN":"DEPOK","ID_DESA":"34.04.07.2002","DESA":"MAGUWOHARJO","LONGITUDE":110.4395427,"LATITUDE":-7.7608726,"STATUS":"BUKA","TANGGAL PENGUMPULAN":"Q1 2024","TANGGAL UPDATE":"28/02/2025"}},{"type":"Feature","geometry":{"coordinates":[110.3847803,-7.7566445],"type":"Point"},"properties":{"NAMA":"APOTEK SURYA MEDIKA","TIPE_1":"KESEHATAN DAN PENGOBATAN","TIPE_2":"APOTEK","TIPE_3":"-","TELEPON":"(0274) 563043","ALAMAT":"JL. RING ROAD UTARA NO.17D, MANGGUNG, CATURTUNGGAL, KEC. DEPOK, KABUPATEN SLEMAN, DAERAH ISTIMEWA YOGYAKARTA 55281","ID_PROV":"34","PROVINSI":"DAERAH ISTIMEWA YOGYAKARTA","ID_KABKOT":"34.04","KABKOT":"SLEMAN","ID_KEC":"34.04.07","KECAMATAN":"DEPOK","ID_DESA":"34.04.07.2001","DESA":"CATURTUNGGAL","LONGITUDE":110.3847803,"LATITUDE":-7.7566445,"STATUS":"BUKA","TANGGAL PENGUMPULAN":"Q1 2024","TANGGAL UPDATE":"28/02/2025"}},{"type":"Feature","geometry":{"coordinates":[110.421287,-7.753073],"type":"Point"},"properties":{"NAMA":"APOTEK SARI DEWI MAGUWOHARJO","TIPE_1":"KESEHATAN DAN PENGOBATAN","TIPE_2":"APOTEK","TIPE_3":"-","TELEPON":"(0274) 2834948","ALAMAT":"JL. KEPUHSARI NO.18, KRODAN, MAGUWOHARJO, KEC. DEPOK, KABUPATEN SLEMAN, DAERAH ISTIMEWA YOGYAKARTA 55281","ID_PROV":"34","PROVINSI":"DAERAH ISTIMEWA YOGYAKARTA","ID_KABKOT":"34.04","KABKOT":"SLEMAN","ID_KEC":"34.04.07","KECAMATAN":"DEPOK","ID_DESA":"34.04.07.2002","DESA":"MAGUWOHARJO","LONGITUDE":110.421287,"LATITUDE":-7.753073,"STATUS":"BUKA","TANGGAL PENGUMPULAN":"Q1 2024","TANGGAL UPDATE":"28/02/2025"}},{"type":"Feature","geometry":{"coordinates":[110.425263,-7.7691859],"type":"Point"},"properties":{"NAMA":"APOTEK KHALID FARMA","TIPE_1":"KESEHATAN DAN PENGOBATAN","TIPE_2":"APOTEK","TIPE_3":"-","TELEPON":"0878-7283-3396","ALAMAT":"JL. PERJUANGAN, RT.005/RW.011, SANGGRAHAN, MAGUWOHARJO, KEC. DEPOK, KABUPATEN SLEMAN, DAERAH ISTIMEWA YOGYAKARTA 55281","ID_PROV":"34","PROVINSI":"DAERAH ISTIMEWA YOGYAKARTA","ID_KABKOT":"34.04","KABKOT":"SLEMAN","ID_KEC":"34.04.07","KECAMATAN":"DEPOK","ID_DESA":"34.04.07.2002","DESA":"MAGUWOHARJO","LONGITUDE":110.425263,"LATITUDE":-7.7691859,"STATUS":"BUKA","TANGGAL PENGUMPULAN":"Q1 2024","TANGGAL UPDATE":"28/02/2025"}},{"type":"Feature","geometry":{"coordinates":[110.4156265,-7.7745147],"type":"Point"},"properties":{"NAMA":"APOTEK ANUGERAH","TIPE_1":"KESEHATAN DAN PENGOBATAN","TIPE_2":"APOTEK","TIPE_3":"-","TELEPON":"(0274) 485964","ALAMAT":"JL. BABARSARI NO.88, TAMBAK BAYAN, CATURTUNGGAL, KEC. DEPOK, KABUPATEN SLEMAN, DAERAH ISTIMEWA YOGYAKARTA 55281","ID_PROV":"34","PROVINSI":"DAERAH ISTIMEWA YOGYAKARTA","ID_KABKOT":"34.04","KABKOT":"SLEMAN","ID_KEC":"34.04.07","KECAMATAN":"DEPOK","ID_DESA":"34.04.07.2001","DESA":"CATURTUNGGAL","LONGITUDE":110.4156265,"LATITUDE":-7.7745147,"STATUS":"BUKA","TANGGAL PENGUMPULAN":"Q1 2024","TANGGAL UPDATE":"28/02/2025"}},{"type":"Feature","geometry":{"coordinates":[110.4219508,-7.7536993],"type":"Point"},"properties":{"NAMA":"APOTEK SANATA DHARMA","TIPE_1":"KESEHATAN DAN PENGOBATAN","TIPE_2":"APOTEK","TIPE_3":"-","TELEPON":"(0274) 883037","ALAMAT":"UNIVERSITAS SANATA DHARMA, JL. PAINGAN, KRODAN, MAGUWOHARJO, KEC. DEPOK, KABUPATEN SLEMAN, DAERAH ISTIMEWA YOGYAKARTA 55282","ID_PROV":"34","PROVINSI":"DAERAH ISTIMEWA YOGYAKARTA","ID_KABKOT":"34.04","KABKOT":"SLEMAN","ID_KEC":"34.04.07","KECAMATAN":"DEPOK","ID_DESA":"34.04.07.2002","DESA":"MAGUWOHARJO","LONGITUDE":110.4219508,"LATITUDE":-7.7536993,"STATUS":"BUKA","TANGGAL PENGUMPULAN":"Q1 2024","TANGGAL UPDATE":"28/02/2025"}},{"type":"Feature","geometry":{"coordinates":[110.299825,-7.7843141],"type":"Point"},"properties":{"NAMA":"APOTEK TETRA BIBIS","TIPE_1":"KESEHATAN DAN PENGOBATAN","TIPE_2":"APOTEK","TIPE_3":"-","TELEPON":"0822-8212-6633","ALAMAT":"JL. GANCAHAN VI, RT.004/RW.013, GANCAKAN KULON, SIDOMULYO, KEC. GODEAN, KABUPATEN SLEMAN, DAERAH ISTIMEWA YOGYAKARTA 55264","ID_PROV":"34","PROVINSI":"DAERAH ISTIMEWA YOGYAKARTA","ID_KABKOT":"34.04","KABKOT":"SLEMAN","ID_KEC":"34.04.02","KECAMATAN":"GODEAN","ID_DESA":"34.04.02.2003","DESA":"SIDOMULYO","LONGITUDE":110.299825,"LATITUDE":-7.7843141,"STATUS":"BUKA","TANGGAL PENGUMPULAN":"Q1 2024","TANGGAL UPDATE":"28/02/2025"}},{"type":"Feature","geometry":{"coordinates":[110.3097199,-7.7717056],"type":"Point"},"properties":{"NAMA":"S. RINI RAHMAYANTI, S. SI, APT","TIPE_1":"KESEHATAN DAN PENGOBATAN","TIPE_2":"APOTEK","TIPE_3":"-","TELEPON":"(0274) 6497888","ALAMAT":"APOTEK KLAJURAN, JL. NGAPAK - KENTHENG NO.8, KLAJURAN, SIDOKARTO, KEC. GODEAN, KABUPATEN SLEMAN, DAERAH ISTIMEWA YOGYAKARTA 55264","ID_PROV":"34","PROVINSI":"DAERAH ISTIMEWA YOGYAKARTA","ID_KABKOT":"34.04","KABKOT":"SLEMAN","ID_KEC":"34.04.02","KECAMATAN":"GODEAN","ID_DESA":"34.04.02.2005","DESA":"SIDOKARTO","LONGITUDE":110.3097199,"LATITUDE":-7.7717056,"STATUS":"BUKA","TANGGAL PENGUMPULAN":"Q1 2024","TANGGAL UPDATE":"28/02/2025"}},{"type":"Feature","geometry":{"coordinates":[110.3121513,-7.7725214],"type":"Point"},"properties":{"NAMA":"KLINIK AMARTA MEDIKA DAN APOTEK RAJENDRA","TIPE_1":"KESEHATAN DAN PENGOBATAN","TIPE_2":"APOTEK","TIPE_3":"-","TELEPON":"","ALAMAT":"JL. GODEAN, SEMARANGAN, SIDOAGUNG, KEC. GODEAN, KABUPATEN SLEMAN, DAERAH ISTIMEWA YOGYAKARTA","ID_PROV":"34","PROVINSI":"DAERAH ISTIMEWA YOGYAKARTA","ID_KABKOT":"34.04","KABKOT":"SLEMAN","ID_KEC":"34.04.02","KECAMATAN":"GODEAN","ID_DESA":"34.04.02.2005","DESA":"SIDOKARTO","LONGITUDE":110.3121513,"LATITUDE":-7.7725214,"STATUS":"BUKA","TANGGAL PENGUMPULAN":"Q1 2024","TANGGAL UPDATE":"28/02/2025"}},{"type":"Feature","geometry":{"coordinates":[110.31497,-7.773433],"type":"Point"},"properties":{"NAMA":"ARIF WIRAHADI KUSUMA, S. FARM.,APT","TIPE_1":"KESEHATAN DAN PENGOBATAN","TIPE_2":"APOTEK","TIPE_3":"-","TELEPON":"(0274) 7124005","ALAMAT":"APOTEK BUNDA PLUS 2, JL. NGAPAK - KENTHENG NO.7,8, AREA SAWAH, SIDOMOYO, KEC. GODEAN, KABUPATEN SLEMAN, DAERAH ISTIMEWA YOGYAKARTA 55264","ID_PROV":"34","PROVINSI":"DAERAH ISTIMEWA YOGYAKARTA","ID_KABKOT":"34.04","KABKOT":"SLEMAN","ID_KEC":"34.04.02","KECAMATAN":"GODEAN","ID_DESA":"34.04.02.2007","DESA":"SIDOMOYO","LONGITUDE":110.31497,"LATITUDE":-7.773433,"STATUS":"BUKA","TANGGAL PENGUMPULAN":"Q1 2024","TANGGAL UPDATE":"28/02/2025"}},{"type":"Feature","geometry":{"coordinates":[110.3159705,-7.7733281],"type":"Point"},"properties":{"NAMA":"PT K-24 INDONESIA","TIPE_1":"KESEHATAN DAN PENGOBATAN","TIPE_2":"APOTEK","TIPE_3":"-","TELEPON":"","ALAMAT":"JL. NGAPAK - KENTHENG NO.3, AREA SAWAH, SIDOMOYO, KEC. GODEAN, KABUPATEN SLEMAN, DAERAH ISTIMEWA YOGYAKARTA 55264","ID_PROV":"34","PROVINSI":"DAERAH ISTIMEWA YOGYAKARTA","ID_KABKOT":"34.04","KABKOT":"SLEMAN","ID_KEC":"34.04.02","KECAMATAN":"GODEAN","ID_DESA":"34.04.02.2007","DESA":"SIDOMOYO","LONGITUDE":110.3159705,"LATITUDE":-7.7733281,"STATUS":"BUKA","TANGGAL PENGUMPULAN":"Q1 2024","TANGGAL UPDATE":"28/02/2025"}},{"type":"Feature","geometry":{"coordinates":[110.2994278,-7.7368656],"type":"Point"},"properties":{"NAMA":"APOTEK SAHABAT SEHAT","TIPE_1":"KESEHATAN DAN PENGOBATAN","TIPE_2":"APOTEK","TIPE_3":"-","TELEPON":"0856-4700-0464","ALAMAT":"JL. GODEAN - SEYEGAN, NGAMPON, MARGODADI, KEC. SEYEGAN, KABUPATEN SLEMAN, DAERAH ISTIMEWA YOGYAKARTA 55561","ID_PROV":"34","PROVINSI":"DAERAH ISTIMEWA YOGYAKARTA","ID_KABKOT":"34.04","KABKOT":"SLEMAN","ID_KEC":"34.04.05","KECAMATAN":"SEYEGAN","ID_DESA":"34.04.05.2002","DESA":"MARGODADI","LONGITUDE":110.2994278,"LATITUDE":-7.7368656,"STATUS":"BUKA","TANGGAL PENGUMPULAN":"Q1 2024","TANGGAL UPDATE":"28/02/2025"}},{"type":"Feature","geometry":{"coordinates":[110.3229083,-7.7822956],"type":"Point"},"properties":{"NAMA":"APOTEK DIANA FARMA SIDOARUM","TIPE_1":"KESEHATAN DAN PENGOBATAN","TIPE_2":"APOTEK","TIPE_3":"-","TELEPON":"0813-2552-8545","ALAMAT":"JL. PARKIT PERUMAHAN NO.1 BLOK 3, KRAMAT, SIDOARUM, KEC. GODEAN, YOGYAKARTA, DAERAH ISTIMEWA YOGYAKARTA 55564","ID_PROV":"34","PROVINSI":"DAERAH ISTIMEWA YOGYAKARTA","ID_KABKOT":"34.04","KABKOT":"SLEMAN","ID_KEC":"34.04.02","KECAMATAN":"GODEAN","ID_DESA":"34.04.02.2006","DESA":"SIDOARUM","LONGITUDE":110.3229083,"LATITUDE":-7.7822956,"STATUS":"BUKA","TANGGAL PENGUMPULAN":"Q1 2024","TANGGAL UPDATE":"28/02/2025"}},{"type":"Feature","geometry":{"coordinates":[110.2838539,-7.7639375],"type":"Point"},"properties":{"NAMA":"APOTIK BERSAMA SEHAT","TIPE_1":"KESEHATAN DAN PENGOBATAN","TIPE_2":"APOTEK","TIPE_3":"-","TELEPON":"","ALAMAT":"JL. NGAPAK - KENTHENG NO.KM. 11, BERJO KIDUL, SIDOLUHUR, KEC. GODEAN, KABUPATEN SLEMAN, DAERAH ISTIMEWA YOGYAKARTA 55264","ID_PROV":"34","PROVINSI":"DAERAH ISTIMEWA YOGYAKARTA","ID_KABKOT":"34.04","KABKOT":"SLEMAN","ID_KEC":"34.04.02","KECAMATAN":"GODEAN","ID_DESA":"34.04.02.2002","DESA":"SIDOLUHUR","LONGITUDE":110.2838539,"LATITUDE":-7.7639375,"STATUS":"BUKA","TANGGAL PENGUMPULAN":"Q1 2024","TANGGAL UPDATE":"28/02/2025"}},{"type":"Feature","geometry":{"coordinates":[110.3242973,-7.774572],"type":"Point"},"properties":{"NAMA":"APOTEK ALFA FARMA","TIPE_1":"KESEHATAN DAN PENGOBATAN","TIPE_2":"APOTEK","TIPE_3":"-","TELEPON":"","ALAMAT":"JL. PRAMUKA NO.6, COKRO GEDOK, SIDOARUM, KEC. GODEAN, KABUPATEN SLEMAN, DAERAH ISTIMEWA YOGYAKARTA 55264","ID_PROV":"34","PROVINSI":"DAERAH ISTIMEWA YOGYAKARTA","ID_KABKOT":"34.04","KABKOT":"SLEMAN","ID_KEC":"34.04.02","KECAMATAN":"GODEAN","ID_DESA":"34.04.02.2006","DESA":"SIDOARUM","LONGITUDE":110.3242973,"LATITUDE":-7.774572,"STATUS":"BUKA","TANGGAL PENGUMPULAN":"Q1 2024","TANGGAL UPDATE":"28/02/2025"}},{"type":"Feature","geometry":{"coordinates":[110.3228791,-7.7919738],"type":"Point"},"properties":{"NAMA":"APOTEK GWS FARMA","TIPE_1":"KESEHATAN DAN PENGOBATAN","TIPE_2":"APOTEK","TIPE_3":"-","TELEPON":"0857-2734-8102","ALAMAT":"PATUKAN RT 01, RW.2O, AMBARKETAWANG, KEC. GAMPING, KABUPATEN SLEMAN, DAERAH ISTIMEWA YOGYAKARTA 55294","ID_PROV":"34","PROVINSI":"DAERAH ISTIMEWA YOGYAKARTA","ID_KABKOT":"34.04","KABKOT":"SLEMAN","ID_KEC":"34.04.01","KECAMATAN":"GAMPING","ID_DESA":"34.04.01.2002","DESA":"AMBARKETAWANG","LONGITUDE":110.3228791,"LATITUDE":-7.7919738,"STATUS":"BUKA","TANGGAL PENGUMPULAN":"Q1 2024","TANGGAL UPDATE":"28/02/2025"}},{"type":"Feature","geometry":{"coordinates":[110.3468897,-7.755317],"type":"Point"},"properties":{"NAMA":"APOTEK MAYANG SEHAT","TIPE_1":"KESEHATAN DAN PENGOBATAN","TIPE_2":"APOTEK","TIPE_3":"-","TELEPON":"0877-3900-7600","ALAMAT":"NO., JL. KABUPATEN NO.115, AREA SAWAH, TRIHANGGO, KEC. GAMPING, KABUPATEN SLEMAN, DAERAH ISTIMEWA YOGYAKARTA 55291","ID_PROV":"34","PROVINSI":"DAERAH ISTIMEWA YOGYAKARTA","ID_KABKOT":"34.04","KABKOT":"SLEMAN","ID_KEC":"34.04.01","KECAMATAN":"GAMPING","ID_DESA":"34.04.01.2005","DESA":"TRIHANGGO","LONGITUDE":110.3468897,"LATITUDE":-7.755317,"STATUS":"BUKA","TANGGAL PENGUMPULAN":"Q1 2024","TANGGAL UPDATE":"28/02/2025"}},{"type":"Feature","geometry":{"coordinates":[110.332061,-7.799976],"type":"Point"},"properties":{"NAMA":"KIMIA FARMA GAMPING","TIPE_1":"KESEHATAN DAN PENGOBATAN","TIPE_2":"APOTEK","TIPE_3":"-","TELEPON":"0857-2903-4326","ALAMAT":"JL. WATES NO.KM 4, PELEMGURIH, BANYURADEN, KEC. GAMPING, KABUPATEN SLEMAN, DAERAH ISTIMEWA YOGYAKARTA 55293","ID_PROV":"34","PROVINSI":"DAERAH ISTIMEWA YOGYAKARTA","ID_KABKOT":"34.04","KABKOT":"SLEMAN","ID_KEC":"34.04.01","KECAMATAN":"GAMPING","ID_DESA":"34.04.01.2003","DESA":"BANYURADEN","LONGITUDE":110.332061,"LATITUDE":-7.799976,"STATUS":"BUKA","TANGGAL PENGUMPULAN":"Q1 2024","TANGGAL UPDATE":"28/02/2025"}},{"type":"Feature","geometry":{"coordinates":[110.4168649,-7.7841459],"type":"Point"},"properties":{"NAMA":"BANG IJAT","TIPE_1":"KESEHATAN DAN PENGOBATAN","TIPE_2":"APOTEK","TIPE_3":"-","TELEPON":"","ALAMAT":"GG. SANTAN 1, KALONGAN, MAGUWOHARJO, KEC. DEPOK, KABUPATEN SLEMAN, DAERAH ISTIMEWA YOGYAKARTA 55281","ID_PROV":"34","PROVINSI":"DAERAH ISTIMEWA YOGYAKARTA","ID_KABKOT":"34.04","KABKOT":"SLEMAN","ID_KEC":"34.04.07","KECAMATAN":"DEPOK","ID_DESA":"34.04.07.2002","DESA":"MAGUWOHARJO","LONGITUDE":110.4168649,"LATITUDE":-7.7841459,"STATUS":"BUKA","TANGGAL PENGUMPULAN":"Q1 2024","TANGGAL UPDATE":"28/02/2025"}},{"type":"Feature","geometry":{"coordinates":[110.4140411,-7.7831026],"type":"Point"},"properties":{"NAMA":"BABARSARI APOTIK(Ê¦§Ê¦§Ê¦‚Ê¦±Ê¦«Ê¦¶Ê¦²Ê¦„Ê¦¥Ê¦ºÊ¦´Ê¦ Ê¦¶Ê¦Ê§€)","TIPE_1":"KESEHATAN DAN PENGOBATAN","TIPE_2":"APOTEK","TIPE_3":"-","TELEPON":"(0274) 561654","ALAMAT":"JL LAKSDA ADISUCIPTO 69, YOGYAKARTA, 55282 JANTI, JANTI, CATURTUNGGAL, KEC. DEPOK, KABUPATEN SLEMAN, DAERAH ISTIMEWA YOGYAKARTA 55281","ID_PROV":"34","PROVINSI":"DAERAH ISTIMEWA YOGYAKARTA","ID_KABKOT":"34.04","KABKOT":"SLEMAN","ID_KEC":"34.04.07","KECAMATAN":"DEPOK","ID_DESA":"34.04.07.2001","DESA":"CATURTUNGGAL","LONGITUDE":110.4140411,"LATITUDE":-7.7831026,"STATUS":"BUKA","TANGGAL PENGUMPULAN":"Q1 2024","TANGGAL UPDATE":"28/02/2025"}},{"type":"Feature","geometry":{"coordinates":[110.3792748,-7.7638592],"type":"Point"},"properties":{"NAMA":"APOTEK KIMIA FARMA JAKAL 3,5","TIPE_1":"KESEHATAN DAN PENGOBATAN","TIPE_2":"APOTEK","TIPE_3":"-","TELEPON":"(0274) 5019981","ALAMAT":"KALIURANG ST NO.52, KOCORAN, CATURTUNGGAL, DEPOK, SLEMAN REGENCY, SPECIAL REGION OF YOGYAKARTA 55281","ID_PROV":"34","PROVINSI":"DAERAH ISTIMEWA YOGYAKARTA","ID_KABKOT":"34.04","KABKOT":"SLEMAN","ID_KEC":"34.04.07","KECAMATAN":"DEPOK","ID_DESA":"34.04.07.2001","DESA":"CATURTUNGGAL","LONGITUDE":110.3792748,"LATITUDE":-7.7638592,"STATUS":"BUKA","TANGGAL PENGUMPULAN":"Q1 2024","TANGGAL UPDATE":"28/02/2025"}},{"type":"Feature","geometry":{"coordinates":[110.4015342,-7.768478],"type":"Point"},"properties":{"NAMA":"APOTEK PHARMACIA","TIPE_1":"KESEHATAN DAN PENGOBATAN","TIPE_2":"APOTEK","TIPE_3":"-","TELEPON":"0822-2107-5202","ALAMAT":"JL. INDRAPRASTA NO.26A, DABAG, CONDONGCATUR, KEC. DEPOK, KABUPATEN SLEMAN, DAERAH ISTIMEWA YOGYAKARTA 55281","ID_PROV":"34","PROVINSI":"DAERAH ISTIMEWA YOGYAKARTA","ID_KABKOT":"34.04","KABKOT":"SLEMAN","ID_KEC":"34.04.07","KECAMATAN":"DEPOK","ID_DESA":"34.04.07.2003","DESA":"CONDONGCATUR","LONGITUDE":110.4015342,"LATITUDE":-7.768478,"STATUS":"BUKA","TANGGAL PENGUMPULAN":"Q1 2024","TANGGAL UPDATE":"28/02/2025"}},{"type":"Feature","geometry":{"coordinates":[110.4061231,-7.7487801],"type":"Point"},"properties":{"NAMA":"APOTEK F-21","TIPE_1":"KESEHATAN DAN PENGOBATAN","TIPE_2":"APOTEK","TIPE_3":"-","TELEPON":"0822-4380-6940","ALAMAT":"JL. GURAMEH RAYA NO.5, MLADANGAN, MINOMARTANI, KEC. NGAGLIK, KABUPATEN SLEMAN, DAERAH ISTIMEWA YOGYAKARTA 55581","ID_PROV":"34","PROVINSI":"DAERAH ISTIMEWA YOGYAKARTA","ID_KABKOT":"34.04","KABKOT":"SLEMAN","ID_KEC":"34.04.12","KECAMATAN":"NGAGLIK","ID_DESA":"34.04.12.2002","DESA":"MINOMARTANI","LONGITUDE":110.4061231,"LATITUDE":-7.7487801,"STATUS":"BUKA","TANGGAL PENGUMPULAN":"Q1 2024","TANGGAL UPDATE":"28/02/2025"}},{"type":"Feature","geometry":{"coordinates":[110.4097414,-7.7564721],"type":"Point"},"properties":{"NAMA":"APOTEK ALMUNAWAR","TIPE_1":"KESEHATAN DAN PENGOBATAN","TIPE_2":"APOTEK","TIPE_3":"-","TELEPON":"","ALAMAT":"JL. NUSA INDAH, NGRINGIN, CONDONGCATUR, SLEMAN, KABUPATEN SLEMAN, DAERAH ISTIMEWA YOGYAKARTA 55281","ID_PROV":"34","PROVINSI":"DAERAH ISTIMEWA YOGYAKARTA","ID_KABKOT":"34.04","KABKOT":"SLEMAN","ID_KEC":"34.04.07","KECAMATAN":"DEPOK","ID_DESA":"34.04.07.2003","DESA":"CONDONGCATUR","LONGITUDE":110.4097414,"LATITUDE":-7.7564721,"STATUS":"BUKA","TANGGAL PENGUMPULAN":"Q1 2024","TANGGAL UPDATE":"28/02/2025"}},{"type":"Feature","geometry":{"coordinates":[110.3988861,-7.7760235],"type":"Point"},"properties":{"NAMA":"STASIUN 3 EKOLOGI","TIPE_1":"KESEHATAN DAN PENGOBATAN","TIPE_2":"APOTEK","TIPE_3":"-","TELEPON":"","ALAMAT":"PRINGWULUNG, DEPOK, KEC. DEPOK, KABUPATEN SLEMAN, DAERAH ISTIMEWA YOGYAKARTA 55281","ID_PROV":"34","PROVINSI":"DAERAH ISTIMEWA YOGYAKARTA","ID_KABKOT":"34.04","KABKOT":"SLEMAN","ID_KEC":"34.04.07","KECAMATAN":"DEPOK","ID_DESA":"34.04.07.2001","DESA":"CATURTUNGGAL","LONGITUDE":110.3988861,"LATITUDE":-7.7760235,"STATUS":"BUKA","TANGGAL PENGUMPULAN":"Q1 2024","TANGGAL UPDATE":"28/02/2025"}},{"type":"Feature","geometry":{"coordinates":[110.41399,-7.7741129],"type":"Point"},"properties":{"NAMA":"APOTEK SRIKANDI","TIPE_1":"KESEHATAN DAN PENGOBATAN","TIPE_2":"APOTEK","TIPE_3":"-","TELEPON":"(0274) 484500","ALAMAT":"RUKO PERMATA, BLOK R, JL. BABARSARI NO.3A, TAMBAK BAYAN, CATURTUNGGAL, KABUPATEN SLEMAN, DAERAH ISTIMEWA YOGYAKARTA 55281","ID_PROV":"34","PROVINSI":"DAERAH ISTIMEWA YOGYAKARTA","ID_KABKOT":"34.04","KABKOT":"SLEMAN","ID_KEC":"34.04.07","KECAMATAN":"DEPOK","ID_DESA":"34.04.07.2001","DESA":"CATURTUNGGAL","LONGITUDE":110.41399,"LATITUDE":-7.7741129,"STATUS":"BUKA","TANGGAL PENGUMPULAN":"Q1 2024","TANGGAL UPDATE":"28/02/2025"}},{"type":"Feature","geometry":{"coordinates":[110.3987638,-7.7834493],"type":"Point"},"properties":{"NAMA":"APOTEK KIMIA FARMA ADI SUCIPTO","TIPE_1":"KESEHATAN DAN PENGOBATAN","TIPE_2":"APOTEK","TIPE_3":"-","TELEPON":"0812-2812-9992","ALAMAT":"JL. LAKSDA ADISUCIPTO NO.63 A, AMBARUKMO, CATURTUNGGAL, KEC. DEPOK, KABUPATEN SLEMAN, DAERAH ISTIMEWA YOGYAKARTA 55281","ID_PROV":"34","PROVINSI":"DAERAH ISTIMEWA YOGYAKARTA","ID_KABKOT":"34.04","KABKOT":"SLEMAN","ID_KEC":"34.04.07","KECAMATAN":"DEPOK","ID_DESA":"34.04.07.2001","DESA":"CATURTUNGGAL","LONGITUDE":110.3987638,"LATITUDE":-7.7834493,"STATUS":"BUKA","TANGGAL PENGUMPULAN":"Q1 2024","TANGGAL UPDATE":"28/02/2025"}},{"type":"Feature","geometry":{"coordinates":[110.4344897,-7.7390857],"type":"Point"},"properties":{"NAMA":"APOTEK ALTEA WEDOMARTANI","TIPE_1":"KESEHATAN DAN PENGOBATAN","TIPE_2":"APOTEK","TIPE_3":"-","TELEPON":"0897-1116-868","ALAMAT":"JL. RAYA TAJEM NO.KM 5, KENAYAN, WEDOMARTANI, NGEMPLAK, SLEMAN REGENCY, SPECIAL REGION OF YOGYAKARTA 55584","ID_PROV":"34","PROVINSI":"DAERAH ISTIMEWA YOGYAKARTA","ID_KABKOT":"34.04","KABKOT":"SLEMAN","ID_KEC":"34.04.11","KECAMATAN":"NGEMPLAK","ID_DESA":"34.04.11.2004","DESA":"WEDOMARTANI","LONGITUDE":110.4344897,"LATITUDE":-7.7390857,"STATUS":"BUKA","TANGGAL PENGUMPULAN":"Q1 2024","TANGGAL UPDATE":"28/02/2025"}},{"type":"Feature","geometry":{"coordinates":[110.4495423,-7.7602557],"type":"Point"},"properties":{"NAMA":"APOTEK SITA","TIPE_1":"KESEHATAN DAN PENGOBATAN","TIPE_2":"APOTEK","TIPE_3":"-","TELEPON":"","ALAMAT":"JALAN TIMUR JL. CANDI SAMBISARI NO.26 RT03, RW.02, SIDOKERTO, PURWOMARTANI, KEC. KALASAN, KABUPATEN SLEMAN, DAERAH ISTIMEWA YOGYAKARTA 55571","ID_PROV":"34","PROVINSI":"DAERAH ISTIMEWA YOGYAKARTA","ID_KABKOT":"34.04","KABKOT":"SLEMAN","ID_KEC":"34.04.10","KECAMATAN":"KALASAN","ID_DESA":"34.04.10.2001","DESA":"PURWOMARTANI","LONGITUDE":110.4495423,"LATITUDE":-7.7602557,"STATUS":"BUKA","TANGGAL PENGUMPULAN":"Q1 2024","TANGGAL UPDATE":"28/02/2025"}},{"type":"Feature","geometry":{"coordinates":[110.3769851,-7.7364661],"type":"Point"},"properties":{"NAMA":"APOTEK KIMIA FARMA PALAGAN TENGAH","TIPE_1":"KESEHATAN DAN PENGOBATAN","TIPE_2":"APOTEK","TIPE_3":"-","TELEPON":"0858-7767-9318","ALAMAT":"JL. PALAGAN TENTARA PELAJAR NO.202, MUDAL, SARIHARJO, NGAGLIK, SLEMAN REGENCY, SPECIAL REGION OF YOGYAKARTA 55581","ID_PROV":"34","PROVINSI":"DAERAH ISTIMEWA YOGYAKARTA","ID_KABKOT":"34.04","KABKOT":"SLEMAN","ID_KEC":"34.04.12","KECAMATAN":"NGAGLIK","ID_DESA":"34.04.12.2001","DESA":"SARIHARJO","LONGITUDE":110.3769851,"LATITUDE":-7.7364661,"STATUS":"BUKA","TANGGAL PENGUMPULAN":"Q1 2024","TANGGAL UPDATE":"28/02/2025"}},{"type":"Feature","geometry":{"coordinates":[110.3616215,-7.7671971],"type":"Point"},"properties":{"NAMA":"APOTEK AULIA","TIPE_1":"KESEHATAN DAN PENGOBATAN","TIPE_2":"APOTEK","TIPE_3":"-","TELEPON":"(0274) 543108","ALAMAT":"JL. MAGELANG, ROGOYUDAN, SINDUADI, KEC. MLATI, KABUPATEN SLEMAN, DAERAH ISTIMEWA YOGYAKARTA 55284","ID_PROV":"34","PROVINSI":"DAERAH ISTIMEWA YOGYAKARTA","ID_KABKOT":"34.04","KABKOT":"SLEMAN","ID_KEC":"34.04.06","KECAMATAN":"MLATI","ID_DESA":"34.04.06.2001","DESA":"SINDUADI","LONGITUDE":110.3616215,"LATITUDE":-7.7671971,"STATUS":"BUKA","TANGGAL PENGUMPULAN":"Q1 2024","TANGGAL UPDATE":"28/02/2025"}},{"type":"Feature","geometry":{"coordinates":[110.450783,-7.743155],"type":"Point"},"properties":{"NAMA":"SINAR FARMA APOTEK","TIPE_1":"KESEHATAN DAN PENGOBATAN","TIPE_2":"APOTEK","TIPE_3":"-","TELEPON":"","ALAMAT":"JALAN, BROMONILAN, PURWOMARTANI, KEC. KALASAN, KABUPATEN SLEMAN, DAERAH ISTIMEWA YOGYAKARTA 55571","ID_PROV":"34","PROVINSI":"DAERAH ISTIMEWA YOGYAKARTA","ID_KABKOT":"34.04","KABKOT":"SLEMAN","ID_KEC":"34.04.10","KECAMATAN":"KALASAN","ID_DESA":"34.04.10.2001","DESA":"PURWOMARTANI","LONGITUDE":110.450783,"LATITUDE":-7.743155,"STATUS":"BUKA","TANGGAL PENGUMPULAN":"Q1 2024","TANGGAL UPDATE":"28/02/2025"}},{"type":"Feature","geometry":{"coordinates":[110.469245,-7.76955],"type":"Point"},"properties":{"NAMA":"APOTEK SALSABIL FARMA","TIPE_1":"KESEHATAN DAN PENGOBATAN","TIPE_2":"APOTEK","TIPE_3":"-","TELEPON":"0813-2727-4386","ALAMAT":"GLONDONG, JL. JOGJA - SOLO, KRAJAN, TIRTOMARTANI, KEC. KALASAN, KABUPATEN SLEMAN, DAERAH ISTIMEWA YOGYAKARTA 55571","ID_PROV":"34","PROVINSI":"DAERAH ISTIMEWA YOGYAKARTA","ID_KABKOT":"34.04","KABKOT":"SLEMAN","ID_KEC":"34.04.10","KECAMATAN":"KALASAN","ID_DESA":"34.04.10.2002","DESA":"TIRTOMARTANI","LONGITUDE":110.469245,"LATITUDE":-7.76955,"STATUS":"BUKA","TANGGAL PENGUMPULAN":"Q1 2024","TANGGAL UPDATE":"28/02/2025"}},{"type":"Feature","geometry":{"coordinates":[110.465297,-7.773808],"type":"Point"},"properties":{"NAMA":"APOTEK KALASAN FARMA","TIPE_1":"KESEHATAN DAN PENGOBATAN","TIPE_2":"APOTEK","TIPE_3":"-","TELEPON":"(0274) 496531","ALAMAT":"13, JL. JOGJA - SOLO NO.KM, KRINGINAN, TIRTOMARTANI, KEC. KALASAN, KABUPATEN SLEMAN, DAERAH ISTIMEWA YOGYAKARTA 55571","ID_PROV":"34","PROVINSI":"DAERAH ISTIMEWA YOGYAKARTA","ID_KABKOT":"34.04","KABKOT":"SLEMAN","ID_KEC":"34.04.10","KECAMATAN":"KALASAN","ID_DESA":"34.04.10.2002","DESA":"TIRTOMARTANI","LONGITUDE":110.465297,"LATITUDE":-7.773808,"STATUS":"BUKA","TANGGAL PENGUMPULAN":"Q1 2024","TANGGAL UPDATE":"28/02/2025"}},{"type":"Feature","geometry":{"coordinates":[110.4333403,-7.7594093],"type":"Point"},"properties":{"NAMA":"VIVA APOTEK MUSTOKOREJO","TIPE_1":"KESEHATAN DAN PENGOBATAN","TIPE_2":"APOTEK","TIPE_3":"-","TELEPON":"(0274) 2830931","ALAMAT":"MUSTOKOREJO RT 002 RW 043, MAGUWOHARJO, SLEMAN, DI YOGYAKARTA","ID_PROV":"34","PROVINSI":"DAERAH ISTIMEWA YOGYAKARTA","ID_KABKOT":"34.04","KABKOT":"SLEMAN","ID_KEC":"34.04.07","KECAMATAN":"DEPOK","ID_DESA":"34.04.07.2002","DESA":"MAGUWOHARJO","LONGITUDE":110.4333403,"LATITUDE":-7.7594093,"STATUS":"BUKA","TANGGAL PENGUMPULAN":"Q1 2024","TANGGAL UPDATE":"28/02/2025"}},{"type":"Feature","geometry":{"coordinates":[110.39208,-7.7342447],"type":"Point"},"properties":{"NAMA":"VIVA APOTEK DAMAI","TIPE_1":"KESEHATAN DAN PENGOBATAN","TIPE_2":"APOTEK","TIPE_3":"-","TELEPON":"0821-7414-4993","ALAMAT":"JL. DAMAI 10B RT 01 RW 32 DS. PRUJAKAN, TAMBAKAN, SUMBERADI, SLEMAN, SLEMAN REGENCY, SPECIAL REGION OF YOGYAKARTA 55581","ID_PROV":"34","PROVINSI":"DAERAH ISTIMEWA YOGYAKARTA","ID_KABKOT":"34.04","KABKOT":"SLEMAN","ID_KEC":"34.04.12","KECAMATAN":"NGAGLIK","ID_DESA":"34.04.12.2003","DESA":"SINDUHARJO","LONGITUDE":110.39208,"LATITUDE":-7.7342447,"STATUS":"BUKA","TANGGAL PENGUMPULAN":"Q1 2024","TANGGAL UPDATE":"28/02/2025"}},{"type":"Feature","geometry":{"coordinates":[110.4239389,-7.7738457],"type":"Point"},"properties":{"NAMA":"APOTEK ELLAN FARMA MAGUWOHARJO","TIPE_1":"KESEHATAN DAN PENGOBATAN","TIPE_2":"APOTEK","TIPE_3":"-","TELEPON":"0898-1044-411","ALAMAT":"UTARA GAPURO DEMANGAN, JL. K.H. MUHDI, RT.02/RW.20, DEMANGAN, MAGUWOHARJO, KEC. DEPOK, YOGYAKARTA, DAERAH ISTIMEWA YOGYAKARTA 55161","ID_PROV":"34","PROVINSI":"DAERAH ISTIMEWA YOGYAKARTA","ID_KABKOT":"34.04","KABKOT":"SLEMAN","ID_KEC":"34.04.07","KECAMATAN":"DEPOK","ID_DESA":"34.04.07.2002","DESA":"MAGUWOHARJO","LONGITUDE":110.4239389,"LATITUDE":-7.7738457,"STATUS":"BUKA","TANGGAL PENGUMPULAN":"Q1 2024","TANGGAL UPDATE":"28/02/2025"}},{"type":"Feature","geometry":{"coordinates":[110.4292615,-7.7807457],"type":"Point"},"properties":{"NAMA":"CARENDO PUTRA GAMA. PT","TIPE_1":"KESEHATAN DAN PENGOBATAN","TIPE_2":"APOTEK","TIPE_3":"-","TELEPON":"(0274) 795371","ALAMAT":"JL. MAWAR, NO. A-8, PERUM JATIMAS PERMAI, SLEMAN, NAYAN, MAGUWOHARJO, KEC. DEPOK, KABUPATEN SLEMAN, DAERAH ISTIMEWA YOGYAKARTA 55281","ID_PROV":"34","PROVINSI":"DAERAH ISTIMEWA YOGYAKARTA","ID_KABKOT":"34.04","KABKOT":"SLEMAN","ID_KEC":"34.04.07","KECAMATAN":"DEPOK","ID_DESA":"34.04.07.2002","DESA":"MAGUWOHARJO","LONGITUDE":110.4292615,"LATITUDE":-7.7807457,"STATUS":"BUKA","TANGGAL PENGUMPULAN":"Q1 2024","TANGGAL UPDATE":"28/02/2025"}},{"type":"Feature","geometry":{"coordinates":[110.4093106,-7.7501146],"type":"Point"},"properties":{"NAMA":"APOTEK DAN ALKES DELIMA SAKTI","TIPE_1":"KESEHATAN DAN PENGOBATAN","TIPE_2":"APOTEK","TIPE_3":"-","TELEPON":"0821-3766-1588","ALAMAT":"JL. SWADAYA 1 NO.100, DERO, CONDONGCATUR, KEC. DEPOK, KABUPATEN SLEMAN, DAERAH ISTIMEWA YOGYAKARTA 55281","ID_PROV":"34","PROVINSI":"DAERAH ISTIMEWA YOGYAKARTA","ID_KABKOT":"34.04","KABKOT":"SLEMAN","ID_KEC":"34.04.07","KECAMATAN":"DEPOK","ID_DESA":"34.04.07.2003","DESA":"CONDONGCATUR","LONGITUDE":110.4093106,"LATITUDE":-7.7501146,"STATUS":"BUKA","TANGGAL PENGUMPULAN":"Q1 2024","TANGGAL UPDATE":"28/02/2025"}},{"type":"Feature","geometry":{"coordinates":[110.3684255,-7.748747],"type":"Point"},"properties":{"NAMA":"KUTUS KUTUS COTTON HOUSE","TIPE_1":"KESEHATAN DAN PENGOBATAN","TIPE_2":"APOTEK","TIPE_3":"-","TELEPON":"0822-3466-1569","ALAMAT":"COTTON HOUSE MONJALI, JL. AMERTA RAYA GG. KAPAS NO.99, WARAS, SARIHARJO, KEC. NGAGLIK, KABUPATEN SLEMAN, DAERAH ISTIMEWA YOGYAKARTA 55581","ID_PROV":"34","PROVINSI":"DAERAH ISTIMEWA YOGYAKARTA","ID_KABKOT":"34.04","KABKOT":"SLEMAN","ID_KEC":"34.04.12","KECAMATAN":"NGAGLIK","ID_DESA":"34.04.12.2001","DESA":"SARIHARJO","LONGITUDE":110.3684255,"LATITUDE":-7.748747,"STATUS":"BUKA","TANGGAL PENGUMPULAN":"Q1 2024","TANGGAL UPDATE":"28/02/2025"}},{"type":"Feature","geometry":{"coordinates":[110.3802585,-7.7472638],"type":"Point"},"properties":{"NAMA":"AK 19","TIPE_1":"KESEHATAN DAN PENGOBATAN","TIPE_2":"APOTEK","TIPE_3":"-","TELEPON":"","ALAMAT":"KOMPLEK AKUNTASI, RT 08, RW 61, PURWOSARI, SINDUADI, MLATI, SLEMAN REGENCY, SPECIAL REGION OF YOGYAKARTA 55284","ID_PROV":"34","PROVINSI":"DAERAH ISTIMEWA YOGYAKARTA","ID_KABKOT":"34.04","KABKOT":"SLEMAN","ID_KEC":"34.04.06","KECAMATAN":"MLATI","ID_DESA":"34.04.06.2001","DESA":"SINDUADI","LONGITUDE":110.3802585,"LATITUDE":-7.7472638,"STATUS":"BUKA","TANGGAL PENGUMPULAN":"Q1 2024","TANGGAL UPDATE":"28/02/2025"}},{"type":"Feature","geometry":{"coordinates":[110.4235177,-7.7285179],"type":"Point"},"properties":{"NAMA":"OMAH HERBAL SEHAT LILY","TIPE_1":"KESEHATAN DAN PENGOBATAN","TIPE_2":"APOTEK","TIPE_3":"-","TELEPON":"","ALAMAT":"JL. ALPUKAT 2, KARANGANYAR, WEDOMARTANI, KEC. NGEMPLAK, KABUPATEN SLEMAN, DAERAH ISTIMEWA YOGYAKARTA 55584","ID_PROV":"34","PROVINSI":"DAERAH ISTIMEWA YOGYAKARTA","ID_KABKOT":"34.04","KABKOT":"SLEMAN","ID_KEC":"34.04.11","KECAMATAN":"NGEMPLAK","ID_DESA":"34.04.11.2004","DESA":"WEDOMARTANI","LONGITUDE":110.4235177,"LATITUDE":-7.7285179,"STATUS":"BUKA","TANGGAL PENGUMPULAN":"Q1 2024","TANGGAL UPDATE":"28/02/2025"}},{"type":"Feature","geometry":{"coordinates":[110.3896334,-7.7266517],"type":"Point"},"properties":{"NAMA":"UAP SEHAT INDONEISA","TIPE_1":"KESEHATAN DAN PENGOBATAN","TIPE_2":"APOTEK","TIPE_3":"-","TELEPON":"","ALAMAT":"NGENTAK, SINDUHARJO, KEC. NGAGLIK, KABUPATEN SLEMAN, DAERAH ISTIMEWA YOGYAKARTA 55581","ID_PROV":"34","PROVINSI":"DAERAH ISTIMEWA YOGYAKARTA","ID_KABKOT":"34.04","KABKOT":"SLEMAN","ID_KEC":"34.04.12","KECAMATAN":"NGAGLIK","ID_DESA":"34.04.12.2003","DESA":"SINDUHARJO","LONGITUDE":110.3896334,"LATITUDE":-7.7266517,"STATUS":"BUKA","TANGGAL PENGUMPULAN":"Q1 2024","TANGGAL UPDATE":"28/02/2025"}},{"type":"Feature","geometry":{"coordinates":[110.3723783,-7.7368174],"type":"Point"},"properties":{"NAMA":"UFUK HERBAL","TIPE_1":"KESEHATAN DAN PENGOBATAN","TIPE_2":"APOTEK","TIPE_3":"-","TELEPON":"","ALAMAT":"GANG KASIH GG. KASI DULLAH NO.68, KARANG MOKO, SARIHARJO, KEC. NGAGLIK, KABUPATEN SLEMAN, DAERAH ISTIMEWA YOGYAKARTA 55581","ID_PROV":"34","PROVINSI":"DAERAH ISTIMEWA YOGYAKARTA","ID_KABKOT":"34.04","KABKOT":"SLEMAN","ID_KEC":"34.04.12","KECAMATAN":"NGAGLIK","ID_DESA":"34.04.12.2001","DESA":"SARIHARJO","LONGITUDE":110.3723783,"LATITUDE":-7.7368174,"STATUS":"BUKA","TANGGAL PENGUMPULAN":"Q1 2024","TANGGAL UPDATE":"28/02/2025"}},{"type":"Feature","geometry":{"coordinates":[110.3850303,-7.7322684],"type":"Point"},"properties":{"NAMA":"CARENDO PUTRAGAMA. PT","TIPE_1":"KESEHATAN DAN PENGOBATAN","TIPE_2":"APOTEK","TIPE_3":"-","TELEPON":"(0274) 683976","ALAMAT":"JL. DAMAI NO.51, WONOREJO, SARIHARJO, KEC. SLEMAN, KABUPATEN SLEMAN, DAERAH ISTIMEWA YOGYAKARTA 55581","ID_PROV":"34","PROVINSI":"DAERAH ISTIMEWA YOGYAKARTA","ID_KABKOT":"34.04","KABKOT":"SLEMAN","ID_KEC":"34.04.12","KECAMATAN":"NGAGLIK","ID_DESA":"34.04.12.2001","DESA":"SARIHARJO","LONGITUDE":110.3850303,"LATITUDE":-7.7322684,"STATUS":"BUKA","TANGGAL PENGUMPULAN":"Q1 2024","TANGGAL UPDATE":"28/02/2025"}},{"type":"Feature","geometry":{"coordinates":[110.3650704,-7.6999024],"type":"Point"},"properties":{"NAMA":"APOTEK S3 FARMA","TIPE_1":"KESEHATAN DAN PENGOBATAN","TIPE_2":"APOTEK","TIPE_3":"-","TELEPON":"","ALAMAT":"JL. PANDOWOHARJO JL. MANCASAN, KLEBEN MONCOSAN, PANDOWOHARJO, KEC. SLEMAN, KABUPATEN SLEMAN, DAERAH ISTIMEWA YOGYAKARTA 55512","ID_PROV":"34","PROVINSI":"DAERAH ISTIMEWA YOGYAKARTA","ID_KABKOT":"34.04","KABKOT":"SLEMAN","ID_KEC":"34.04.13","KECAMATAN":"SLEMAN","ID_DESA":"34.04.13.2004","DESA":"PANDOWOHARJO","LONGITUDE":110.3650704,"LATITUDE":-7.6999024,"STATUS":"BUKA","TANGGAL PENGUMPULAN":"Q1 2024","TANGGAL UPDATE":"28/02/2025"}},{"type":"Feature","geometry":{"coordinates":[110.3744447,-7.7433108],"type":"Point"},"properties":{"NAMA":"GRHA CRISTINA ,APOTEK LASRANA","TIPE_1":"KESEHATAN DAN PENGOBATAN","TIPE_2":"APOTEK","TIPE_3":"-","TELEPON":"(0274) 4464059","ALAMAT":"JL. PALAGAN TENTARA PELAJAR NO.33D, JONGKANG, SARIHARJO, KEC. NGAGLIK, KABUPATEN SLEMAN, DAERAH ISTIMEWA YOGYAKARTA 55581","ID_PROV":"34","PROVINSI":"DAERAH ISTIMEWA YOGYAKARTA","ID_KABKOT":"34.04","KABKOT":"SLEMAN","ID_KEC":"34.04.12","KECAMATAN":"NGAGLIK","ID_DESA":"34.04.12.2001","DESA":"SARIHARJO","LONGITUDE":110.3744447,"LATITUDE":-7.7433108,"STATUS":"BUKA","TANGGAL PENGUMPULAN":"Q1 2024","TANGGAL UPDATE":"28/02/2025"}},{"type":"Feature","geometry":{"coordinates":[110.3789583,-7.7190795],"type":"Point"},"properties":{"NAMA":"IMAM SAHRONI","TIPE_1":"KESEHATAN DAN PENGOBATAN","TIPE_2":"APOTEK","TIPE_3":"-","TELEPON":"0821-4118-0547","ALAMAT":"JL. GITO GATI JL. GONDANG LEGI, RT.03/RW.13, REJODANI 2, SARIHARJO, KEC. NGAGLIK, KABUPATEN SLEMAN, DAERAH ISTIMEWA YOGYAKARTA 55581","ID_PROV":"34","PROVINSI":"DAERAH ISTIMEWA YOGYAKARTA","ID_KABKOT":"34.04","KABKOT":"SLEMAN","ID_KEC":"34.04.12","KECAMATAN":"NGAGLIK","ID_DESA":"34.04.12.2001","DESA":"SARIHARJO","LONGITUDE":110.3789583,"LATITUDE":-7.7190795,"STATUS":"BUKA","TANGGAL PENGUMPULAN":"Q1 2024","TANGGAL UPDATE":"28/02/2025"}},{"type":"Feature","geometry":{"coordinates":[110.3679291,-7.7195595],"type":"Point"},"properties":{"NAMA":"APOTIK 3P","TIPE_1":"KESEHATAN DAN PENGOBATAN","TIPE_2":"APOTEK","TIPE_3":"-","TELEPON":"","ALAMAT":"JL. GITO GATI, BANARAN, PANDOWOHARJO, KEC. SLEMAN, KABUPATEN SLEMAN, DAERAH ISTIMEWA YOGYAKARTA 55581","ID_PROV":"34","PROVINSI":"DAERAH ISTIMEWA YOGYAKARTA","ID_KABKOT":"34.04","KABKOT":"SLEMAN","ID_KEC":"34.04.13","KECAMATAN":"SLEMAN","ID_DESA":"34.04.13.2004","DESA":"PANDOWOHARJO","LONGITUDE":110.3679291,"LATITUDE":-7.7195595,"STATUS":"BUKA","TANGGAL PENGUMPULAN":"Q1 2024","TANGGAL UPDATE":"28/02/2025"}},{"type":"Feature","geometry":{"coordinates":[110.3555088,-7.7452393],"type":"Point"},"properties":{"NAMA":"KOS PAK SUYITNO","TIPE_1":"KESEHATAN DAN PENGOBATAN","TIPE_2":"APOTEK","TIPE_3":"-","TELEPON":"","ALAMAT":"MLATI KRAJAN, SENDANGADI, KEC. MLATI, KABUPATEN SLEMAN, DAERAH ISTIMEWA YOGYAKARTA 55285","ID_PROV":"34","PROVINSI":"DAERAH ISTIMEWA YOGYAKARTA","ID_KABKOT":"34.04","KABKOT":"SLEMAN","ID_KEC":"34.04.06","KECAMATAN":"MLATI","ID_DESA":"34.04.06.2002","DESA":"SENDANGADI","LONGITUDE":110.3555088,"LATITUDE":-7.7452393,"STATUS":"BUKA","TANGGAL PENGUMPULAN":"Q1 2024","TANGGAL UPDATE":"28/02/2025"}},{"type":"Feature","geometry":{"coordinates":[110.4066921,-7.7492817],"type":"Point"},"properties":{"NAMA":"K-LINK JOGJA","TIPE_1":"KESEHATAN DAN PENGOBATAN","TIPE_2":"APOTEK","TIPE_3":"-","TELEPON":"","ALAMAT":"JL. BALAI BUDAYA NO.26C, MLADANGAN, MINOMARTANI, KEC. NGAGLIK, KABUPATEN SLEMAN, DAERAH ISTIMEWA YOGYAKARTA 55581","ID_PROV":"34","PROVINSI":"DAERAH ISTIMEWA YOGYAKARTA","ID_KABKOT":"34.04","KABKOT":"SLEMAN","ID_KEC":"34.04.12","KECAMATAN":"NGAGLIK","ID_DESA":"34.04.12.2002","DESA":"MINOMARTANI","LONGITUDE":110.4066921,"LATITUDE":-7.7492817,"STATUS":"BUKA","TANGGAL PENGUMPULAN":"Q1 2024","TANGGAL UPDATE":"28/02/2025"}},{"type":"Feature","geometry":{"coordinates":[110.360762,-7.6733091],"type":"Point"},"properties":{"NAMA":"APOTEK CENDRAWASIH","TIPE_1":"KESEHATAN DAN PENGOBATAN","TIPE_2":"APOTEK","TIPE_3":"-","TELEPON":"","ALAMAT":"JL. TURI, KADISOBO I / PEPEN, TRIMULYO, KEC. SLEMAN, KABUPATEN SLEMAN, DAERAH ISTIMEWA YOGYAKARTA 55513","ID_PROV":"34","PROVINSI":"DAERAH ISTIMEWA YOGYAKARTA","ID_KABKOT":"34.04","KABKOT":"SLEMAN","ID_KEC":"34.04.13","KECAMATAN":"SLEMAN","ID_DESA":"34.04.13.2005","DESA":"TRIMULYO","LONGITUDE":110.360762,"LATITUDE":-7.6733091,"STATUS":"BUKA","TANGGAL PENGUMPULAN":"Q1 2024","TANGGAL UPDATE":"28/02/2025"}},{"type":"Feature","geometry":{"coordinates":[110.379931,-7.7282265],"type":"Point"},"properties":{"NAMA":"APOTEK K-24 PALAGAN SLEMAN","TIPE_1":"KESEHATAN DAN PENGOBATAN","TIPE_2":"APOTEK","TIPE_3":"-","TELEPON":"(0274) 887696","ALAMAT":"JL. PALAGAN TENTARA PELAJAR NO.8,3, TEGAL REJO, SARIHARJO, KEC. NGAGLIK, KABUPATEN SLEMAN, DAERAH ISTIMEWA YOGYAKARTA 55581","ID_PROV":"34","PROVINSI":"DAERAH ISTIMEWA YOGYAKARTA","ID_KABKOT":"34.04","KABKOT":"SLEMAN","ID_KEC":"34.04.12","KECAMATAN":"NGAGLIK","ID_DESA":"34.04.12.2001","DESA":"SARIHARJO","LONGITUDE":110.379931,"LATITUDE":-7.7282265,"STATUS":"BUKA","TANGGAL PENGUMPULAN":"Q1 2024","TANGGAL UPDATE":"28/02/2025"}},{"type":"Feature","geometry":{"coordinates":[110.3867625,-7.7058351],"type":"Point"},"properties":{"NAMA":"LANGKAH INSAN MANDIRI. PT","TIPE_1":"KESEHATAN DAN PENGOBATAN","TIPE_2":"APOTEK","TIPE_3":"-","TELEPON":"(0274) 868065","ALAMAT":"JL. PALAGAN TENTARA PELAJAR NO.35, NGETIRAN, SARIHARJO, KEC. NGAGLIK, KABUPATEN SLEMAN, DAERAH ISTIMEWA YOGYAKARTA 55581","ID_PROV":"34","PROVINSI":"DAERAH ISTIMEWA YOGYAKARTA","ID_KABKOT":"34.04","KABKOT":"SLEMAN","ID_KEC":"34.04.12","KECAMATAN":"NGAGLIK","ID_DESA":"34.04.12.2001","DESA":"SARIHARJO","LONGITUDE":110.3867625,"LATITUDE":-7.7058351,"STATUS":"BUKA","TANGGAL PENGUMPULAN":"Q1 2024","TANGGAL UPDATE":"28/02/2025"}},{"type":"Feature","geometry":{"coordinates":[110.3967851,-7.7472873],"type":"Point"},"properties":{"NAMA":"AGEN MINYAK KUTUS KUTUS RESMI TERDAFTAR","TIPE_1":"KESEHATAN DAN PENGOBATAN","TIPE_2":"APOTEK","TIPE_3":"-","TELEPON":"0812-3265-8352","ALAMAT":"JL. SENGKAN, NGABEAN WETAN, SINDUHARJO, NGAGLIK, SLEMAN REGENCY, SPECIAL REGION OF YOGYAKARTA 55581","ID_PROV":"34","PROVINSI":"DAERAH ISTIMEWA YOGYAKARTA","ID_KABKOT":"34.04","KABKOT":"SLEMAN","ID_KEC":"34.04.12","KECAMATAN":"NGAGLIK","ID_DESA":"34.04.12.2003","DESA":"SINDUHARJO","LONGITUDE":110.3967851,"LATITUDE":-7.7472873,"STATUS":"BUKA","TANGGAL PENGUMPULAN":"Q1 2024","TANGGAL UPDATE":"28/02/2025"}},{"type":"Feature","geometry":{"coordinates":[110.4150095,-7.7266855],"type":"Point"},"properties":{"NAMA":"UD. RIZKY BARU YOGYA","TIPE_1":"KESEHATAN DAN PENGOBATAN","TIPE_2":"APOTEK","TIPE_3":"-","TELEPON":"0895-0941-6633","ALAMAT":"JL. KADEMANGAN NO.RT02/54, KRAPYAK, WEDOMARTANI, KEC. NGEMPLAK, KABUPATEN SLEMAN, DAERAH ISTIMEWA YOGYAKARTA 55584","ID_PROV":"34","PROVINSI":"DAERAH ISTIMEWA YOGYAKARTA","ID_KABKOT":"34.04","KABKOT":"SLEMAN","ID_KEC":"34.04.11","KECAMATAN":"NGEMPLAK","ID_DESA":"34.04.11.2004","DESA":"WEDOMARTANI","LONGITUDE":110.4150095,"LATITUDE":-7.7266855,"STATUS":"BUKA","TANGGAL PENGUMPULAN":"Q1 2024","TANGGAL UPDATE":"28/02/2025"}},{"type":"Feature","geometry":{"coordinates":[110.3873547,-7.7092421],"type":"Point"},"properties":{"NAMA":"APOTEK REJODANI","TIPE_1":"KESEHATAN DAN PENGOBATAN","TIPE_2":"APOTEK","TIPE_3":"-","TELEPON":"0851-0081-5701","ALAMAT":"JL. PALAGAN TENTARA PELAJAR NO.KM. 11, TAMBAK REJO, SARIHARJO, KEC. NGAGLIK, KABUPATEN SLEMAN, DAERAH ISTIMEWA YOGYAKARTA 55581","ID_PROV":"34","PROVINSI":"DAERAH ISTIMEWA YOGYAKARTA","ID_KABKOT":"34.04","KABKOT":"SLEMAN","ID_KEC":"34.04.12","KECAMATAN":"NGAGLIK","ID_DESA":"34.04.12.2001","DESA":"SARIHARJO","LONGITUDE":110.3873547,"LATITUDE":-7.7092421,"STATUS":"BUKA","TANGGAL PENGUMPULAN":"Q1 2024","TANGGAL UPDATE":"28/02/2025"}},{"type":"Feature","geometry":{"coordinates":[110.3771153,-7.7067542],"type":"Point"},"properties":{"NAMA":"RUMAH PUTRI","TIPE_1":"KESEHATAN DAN PENGOBATAN","TIPE_2":"APOTEK","TIPE_3":"-","TELEPON":"","ALAMAT":"DUSUN PANASAN, DONOHARJO, KEC. NGAGLIK, KABUPATEN SLEMAN, DAERAH ISTIMEWA YOGYAKARTA 55581","ID_PROV":"34","PROVINSI":"DAERAH ISTIMEWA YOGYAKARTA","ID_KABKOT":"34.04","KABKOT":"SLEMAN","ID_KEC":"34.04.12","KECAMATAN":"NGAGLIK","ID_DESA":"34.04.12.2006","DESA":"DONOHARJO","LONGITUDE":110.3771153,"LATITUDE":-7.7067542,"STATUS":"BUKA","TANGGAL PENGUMPULAN":"Q1 2024","TANGGAL UPDATE":"28/02/2025"}},{"type":"Feature","geometry":{"coordinates":[110.3933364,-7.7397368],"type":"Point"},"properties":{"NAMA":"APOTEK BANTENG MEDIKA","TIPE_1":"KESEHATAN DAN PENGOBATAN","TIPE_2":"APOTEK","TIPE_3":"-","TELEPON":"(0274) 2574453","ALAMAT":"JL. RAYA BANTENG 3 NO.10, NGABEAN KULON, SINDUHARJO, KEC. NGAGLIK, KABUPATEN SLEMAN, DAERAH ISTIMEWA YOGYAKARTA 55281","ID_PROV":"34","PROVINSI":"DAERAH ISTIMEWA YOGYAKARTA","ID_KABKOT":"34.04","KABKOT":"SLEMAN","ID_KEC":"34.04.12","KECAMATAN":"NGAGLIK","ID_DESA":"34.04.12.2003","DESA":"SINDUHARJO","LONGITUDE":110.3933364,"LATITUDE":-7.7397368,"STATUS":"BUKA","TANGGAL PENGUMPULAN":"Q1 2024","TANGGAL UPDATE":"28/02/2025"}},{"type":"Feature","geometry":{"coordinates":[110.3875757,-7.7086819],"type":"Point"},"properties":{"NAMA":"APOTEK K24 REJODANI","TIPE_1":"KESEHATAN DAN PENGOBATAN","TIPE_2":"APOTEK","TIPE_3":"-","TELEPON":"0823-2914-3036","ALAMAT":"JL. PALAGAN TENTARA PELAJAR NO.KM. 10, TAMBAK REJO, SARIHARJO, KEC. NGAGLIK, KABUPATEN SLEMAN, DAERAH ISTIMEWA YOGYAKARTA 55581","ID_PROV":"34","PROVINSI":"DAERAH ISTIMEWA YOGYAKARTA","ID_KABKOT":"34.04","KABKOT":"SLEMAN","ID_KEC":"34.04.12","KECAMATAN":"NGAGLIK","ID_DESA":"34.04.12.2001","DESA":"SARIHARJO","LONGITUDE":110.3875757,"LATITUDE":-7.7086819,"STATUS":"BUKA","TANGGAL PENGUMPULAN":"Q1 2024","TANGGAL UPDATE":"28/02/2025"}},{"type":"Feature","geometry":{"coordinates":[110.388784,-7.7337186],"type":"Point"},"properties":{"NAMA":"TOKO SEMBAKO REYNA","TIPE_1":"KESEHATAN DAN PENGOBATAN","TIPE_2":"APOTEK","TIPE_3":"-","TELEPON":"","ALAMAT":"JL. DAMAI, BANTENG, SINDUHARJO, KEC. NGAGLIK, KABUPATEN SLEMAN, DAERAH ISTIMEWA YOGYAKARTA 55581","ID_PROV":"34","PROVINSI":"DAERAH ISTIMEWA YOGYAKARTA","ID_KABKOT":"34.04","KABKOT":"SLEMAN","ID_KEC":"34.04.12","KECAMATAN":"NGAGLIK","ID_DESA":"34.04.12.2003","DESA":"SINDUHARJO","LONGITUDE":110.388784,"LATITUDE":-7.7337186,"STATUS":"BUKA","TANGGAL PENGUMPULAN":"Q1 2024","TANGGAL UPDATE":"28/02/2025"}},{"type":"Feature","geometry":{"coordinates":[110.3684323,-7.7013999],"type":"Point"},"properties":{"NAMA":"APOTEK KARANGASEM","TIPE_1":"KESEHATAN DAN PENGOBATAN","TIPE_2":"APOTEK","TIPE_3":"-","TELEPON":"0851-0330-7100","ALAMAT":"KARANG ASEM, PANDOWOHARJO, KEC. SLEMAN, KABUPATEN SLEMAN, DAERAH ISTIMEWA YOGYAKARTA 55512","ID_PROV":"34","PROVINSI":"DAERAH ISTIMEWA YOGYAKARTA","ID_KABKOT":"34.04","KABKOT":"SLEMAN","ID_KEC":"34.04.13","KECAMATAN":"SLEMAN","ID_DESA":"34.04.13.2004","DESA":"PANDOWOHARJO","LONGITUDE":110.3684323,"LATITUDE":-7.7013999,"STATUS":"BUKA","TANGGAL PENGUMPULAN":"Q1 2024","TANGGAL UPDATE":"28/02/2025"}},{"type":"Feature","geometry":{"coordinates":[110.3540193,-7.6911773],"type":"Point"},"properties":{"NAMA":"APOTIK PENDOWO","TIPE_1":"KESEHATAN DAN PENGOBATAN","TIPE_2":"APOTEK","TIPE_3":"-","TELEPON":"","ALAMAT":"MANTALAN / BANLONGAN, TRIMULYO, KEC. SLEMAN, KABUPATEN SLEMAN, DAERAH ISTIMEWA YOGYAKARTA 55513","ID_PROV":"34","PROVINSI":"DAERAH ISTIMEWA YOGYAKARTA","ID_KABKOT":"34.04","KABKOT":"SLEMAN","ID_KEC":"34.04.13","KECAMATAN":"SLEMAN","ID_DESA":"34.04.13.2005","DESA":"TRIMULYO","LONGITUDE":110.3540193,"LATITUDE":-7.6911773,"STATUS":"BUKA","TANGGAL PENGUMPULAN":"Q1 2024","TANGGAL UPDATE":"28/02/2025"}},{"type":"Feature","geometry":{"coordinates":[110.3959944,-7.7421846],"type":"Point"},"properties":{"NAMA":"FLIMTY FIBER OFICIAL","TIPE_1":"KESEHATAN DAN PENGOBATAN","TIPE_2":"APOTEK","TIPE_3":"-","TELEPON":"","ALAMAT":"JL. SEMERU NO.55, NGABEAN WETAN, SINDUHARJO, KEC. NGAGLIK, KABUPATEN SLEMAN, DAERAH ISTIMEWA YOGYAKARTA 55581","ID_PROV":"34","PROVINSI":"DAERAH ISTIMEWA YOGYAKARTA","ID_KABKOT":"34.04","KABKOT":"SLEMAN","ID_KEC":"34.04.12","KECAMATAN":"NGAGLIK","ID_DESA":"34.04.12.2003","DESA":"SINDUHARJO","LONGITUDE":110.3959944,"LATITUDE":-7.7421846,"STATUS":"BUKA","TANGGAL PENGUMPULAN":"Q1 2024","TANGGAL UPDATE":"28/02/2025"}},{"type":"Feature","geometry":{"coordinates":[110.3980207,-7.7043167],"type":"Point"},"properties":{"NAMA":"OMAH JAMU JENG RATU","TIPE_1":"KESEHATAN DAN PENGOBATAN","TIPE_2":"APOTEK","TIPE_3":"-","TELEPON":"0818-0597-5030","ALAMAT":"JL. KALIURANG NO.KM 12.5, TUREN, SARDONOHARJO, KEC. NGAGLIK, KABUPATEN SLEMAN, DAERAH ISTIMEWA YOGYAKARTA 55581","ID_PROV":"34","PROVINSI":"DAERAH ISTIMEWA YOGYAKARTA","ID_KABKOT":"34.04","KABKOT":"SLEMAN","ID_KEC":"34.04.12","KECAMATAN":"NGAGLIK","ID_DESA":"34.04.12.2005","DESA":"SARDONOHARJO","LONGITUDE":110.3980207,"LATITUDE":-7.7043167,"STATUS":"BUKA","TANGGAL PENGUMPULAN":"Q1 2024","TANGGAL UPDATE":"28/02/2025"}},{"type":"Feature","geometry":{"coordinates":[110.3839302,-7.7340408],"type":"Point"},"properties":{"NAMA":"PONDOK IBU/BERKAH HERBAL TOKO","TIPE_1":"KESEHATAN DAN PENGOBATAN","TIPE_2":"APOTEK","TIPE_3":"-","TELEPON":"(0274) 4463682","ALAMAT":"JL. ONTOREJO, NO. 31 B RT. 04/RW. 21, KRIKILAN, SARIHARJO, NGAGLIK, SLEMAN, WONOREJO, SARIHARJO, KEC. NGAGLIK, KABUPATEN SLEMAN, DAERAH ISTIMEWA YOGYAKARTA 55581","ID_PROV":"34","PROVINSI":"DAERAH ISTIMEWA YOGYAKARTA","ID_KABKOT":"34.04","KABKOT":"SLEMAN","ID_KEC":"34.04.12","KECAMATAN":"NGAGLIK","ID_DESA":"34.04.12.2001","DESA":"SARIHARJO","LONGITUDE":110.3839302,"LATITUDE":-7.7340408,"STATUS":"BUKA","TANGGAL PENGUMPULAN":"Q1 2024","TANGGAL UPDATE":"28/02/2025"}},{"type":"Feature","geometry":{"coordinates":[110.4826281,-7.7938562],"type":"Point"},"properties":{"NAMA":"APOTEK GENDHENG AFIAT","TIPE_1":"KESEHATAN DAN PENGOBATAN","TIPE_2":"APOTEK","TIPE_3":"-","TELEPON":"(0274) 4398801","ALAMAT":"POTROJAYAN, MADUREJO, KEC. PRAMBANAN, KABUPATEN SLEMAN, DAERAH ISTIMEWA YOGYAKARTA 55572","ID_PROV":"34","PROVINSI":"DAERAH ISTIMEWA YOGYAKARTA","ID_KABKOT":"34.04","KABKOT":"SLEMAN","ID_KEC":"34.04.09","KECAMATAN":"PRAMBANAN","ID_DESA":"34.04.09.2005","DESA":"MADUREJO","LONGITUDE":110.4826281,"LATITUDE":-7.7938562,"STATUS":"BUKA","TANGGAL PENGUMPULAN":"Q1 2024","TANGGAL UPDATE":"28/02/2025"}},{"type":"Feature","geometry":{"coordinates":[110.4892726,-7.7567345],"type":"Point"},"properties":{"NAMA":"JAMU JAWA TRADISIONAL BU SLAMET","TIPE_1":"KESEHATAN DAN PENGOBATAN","TIPE_2":"APOTEK","TIPE_3":"-","TELEPON":"0819-3172-2267","ALAMAT":"PS. PRAMBANAN, JL. PRAMBANAN LT 2, BOKO, BOKOHARJO, PRAMBANAN, SLEMAN REGENCY, SPECIAL REGION OF YOGYAKARTA 55572","ID_PROV":"34","PROVINSI":"DAERAH ISTIMEWA YOGYAKARTA","ID_KABKOT":"34.04","KABKOT":"SLEMAN","ID_KEC":"34.04.09","KECAMATAN":"PRAMBANAN","ID_DESA":"34.04.09.2006","DESA":"BOKOHARJO","LONGITUDE":110.4892726,"LATITUDE":-7.7567345,"STATUS":"BUKA","TANGGAL PENGUMPULAN":"Q1 2024","TANGGAL UPDATE":"28/02/2025"}},{"type":"Feature","geometry":{"coordinates":[110.4042186,-7.7193937],"type":"Point"},"properties":{"NAMA":"APOTEK GENTAN (Ê¦„Ê¦¥Ê¦ºÊ¦´Ê¦ Ê¦ºÊ¦Ê§€Ê¦“Ê¦ºÊ¦¤Ê§€Ê¦ Ê¦¤Ê§€)","TIPE_1":"KESEHATAN DAN PENGOBATAN","TIPE_2":"APOTEK","TIPE_3":"-","TELEPON":"","ALAMAT":"JALAN KALIURANG KM. 10, NGAGLIK, DENTAN, SINDUHARJO, KEC. SLEMAN, KABUPATEN SLEMAN, DAERAH ISTIMEWA YOGYAKARTA 55581","ID_PROV":"34","PROVINSI":"DAERAH ISTIMEWA YOGYAKARTA","ID_KABKOT":"34.04","KABKOT":"SLEMAN","ID_KEC":"34.04.12","KECAMATAN":"NGAGLIK","ID_DESA":"34.04.12.2003","DESA":"SINDUHARJO","LONGITUDE":110.4042186,"LATITUDE":-7.7193937,"STATUS":"BUKA","TANGGAL PENGUMPULAN":"Q1 2024","TANGGAL UPDATE":"28/02/2025"}},{"type":"Feature","geometry":{"coordinates":[110.4361333,-7.6841372],"type":"Point"},"properties":{"NAMA":"APOTEK TAKA MEDIKA","TIPE_1":"KESEHATAN DAN PENGOBATAN","TIPE_2":"APOTEK","TIPE_3":"-","TELEPON":"0821-3700-3082","ALAMAT":"GROGOLAN, UMBULMARTANI, KEC. SLEMAN, KABUPATEN SLEMAN, DAERAH ISTIMEWA YOGYAKARTA 55584","ID_PROV":"34","PROVINSI":"DAERAH ISTIMEWA YOGYAKARTA","ID_KABKOT":"34.04","KABKOT":"SLEMAN","ID_KEC":"34.04.11","KECAMATAN":"NGEMPLAK","ID_DESA":"34.04.11.2005","DESA":"UMBULMARTANI","LONGITUDE":110.4361333,"LATITUDE":-7.6841372,"STATUS":"BUKA","TANGGAL PENGUMPULAN":"Q1 2024","TANGGAL UPDATE":"28/02/2025"}},{"type":"Feature","geometry":{"coordinates":[110.4674182,-7.6845333],"type":"Point"},"properties":{"NAMA":"BESUR IS GUDIX","TIPE_1":"KESEHATAN DAN PENGOBATAN","TIPE_2":"APOTEK","TIPE_3":"-","TELEPON":"","ALAMAT":"UNNAMED ROAD, MORANGAN, SINDUMARTANI, KEC. NGEMPLAK, KABUPATEN SLEMAN, DAERAH ISTIMEWA YOGYAKARTA 55584","ID_PROV":"34","PROVINSI":"DAERAH ISTIMEWA YOGYAKARTA","ID_KABKOT":"34.04","KABKOT":"SLEMAN","ID_KEC":"34.04.11","KECAMATAN":"NGEMPLAK","ID_DESA":"34.04.11.2001","DESA":"SINDUMARTANI","LONGITUDE":110.4674182,"LATITUDE":-7.6845333,"STATUS":"BUKA","TANGGAL PENGUMPULAN":"Q1 2024","TANGGAL UPDATE":"28/02/2025"}},{"type":"Feature","geometry":{"coordinates":[110.4592073,-7.6645637],"type":"Point"},"properties":{"NAMA":"APOTEK BRONGGANG SEHAT","TIPE_1":"KESEHATAN DAN PENGOBATAN","TIPE_2":"APOTEK","TIPE_3":"-","TELEPON":"","ALAMAT":"JL. CANGKRINGAN BRONGGANG, SURUH, ARGOMULYO, KEC. KALASAN, YOGYAKARTA, DAERAH ISTIMEWA YOGYAKARTA 55583","ID_PROV":"34","PROVINSI":"DAERAH ISTIMEWA YOGYAKARTA","ID_KABKOT":"34.04","KABKOT":"SLEMAN","ID_KEC":"34.04.17","KECAMATAN":"CANGKRINGAN","ID_DESA":"34.04.17.2001","DESA":"ARGOMULYO","LONGITUDE":110.4592073,"LATITUDE":-7.6645637,"STATUS":"BUKA","TANGGAL PENGUMPULAN":"Q1 2024","TANGGAL UPDATE":"28/02/2025"}},{"type":"Feature","geometry":{"coordinates":[110.4462403,-7.6826655],"type":"Point"},"properties":{"NAMA":"APOTEK CASSA FARMA","TIPE_1":"KESEHATAN DAN PENGOBATAN","TIPE_2":"APOTEK","TIPE_3":"-","TELEPON":"0823-2474-0992","ALAMAT":"JL. GROGOLAN, AREA SAWAH, WIDODOMARTANI, KEC. NGEMPLAK, KABUPATEN SLEMAN, DAERAH ISTIMEWA YOGYAKARTA 55584","ID_PROV":"34","PROVINSI":"DAERAH ISTIMEWA YOGYAKARTA","ID_KABKOT":"34.04","KABKOT":"SLEMAN","ID_KEC":"34.04.11","KECAMATAN":"NGEMPLAK","ID_DESA":"34.04.11.2003","DESA":"WIDODOMARTANI","LONGITUDE":110.4462403,"LATITUDE":-7.6826655,"STATUS":"BUKA","TANGGAL PENGUMPULAN":"Q1 2024","TANGGAL UPDATE":"28/02/2025"}},{"type":"Feature","geometry":{"coordinates":[110.4645551,-7.696685],"type":"Point"},"properties":{"NAMA":"APOTEK ADITAMA","TIPE_1":"KESEHATAN DAN PENGOBATAN","TIPE_2":"APOTEK","TIPE_3":"-","TELEPON":"","ALAMAT":"JL. CANGKRINGAN JL. KOROULON, RANDUSARI, BIMOMARTANI, KEC. NGEMPLAK, KABUPATEN SLEMAN, DAERAH ISTIMEWA YOGYAKARTA 55584","ID_PROV":"34","PROVINSI":"DAERAH ISTIMEWA YOGYAKARTA","ID_KABKOT":"34.04","KABKOT":"SLEMAN","ID_KEC":"34.04.11","KECAMATAN":"NGEMPLAK","ID_DESA":"34.04.11.2002","DESA":"BIMOMARTANI","LONGITUDE":110.4645551,"LATITUDE":-7.696685,"STATUS":"BUKA","TANGGAL PENGUMPULAN":"Q1 2024","TANGGAL UPDATE":"28/02/2025"}},{"type":"Feature","geometry":{"coordinates":[110.4583873,-7.7409246],"type":"Point"},"properties":{"NAMA":"APOTEK SAKINAH FARMA","TIPE_1":"KESEHATAN DAN PENGOBATAN","TIPE_2":"APOTEK","TIPE_3":"-","TELEPON":"0882-2539-3557","ALAMAT":"JL. GRENJENG, KARANGMOJO, PURWOMARTANI, KEC. KALASAN, KABUPATEN SLEMAN, DAERAH ISTIMEWA YOGYAKARTA 55571","ID_PROV":"34","PROVINSI":"DAERAH ISTIMEWA YOGYAKARTA","ID_KABKOT":"34.04","KABKOT":"SLEMAN","ID_KEC":"34.04.10","KECAMATAN":"KALASAN","ID_DESA":"34.04.10.2001","DESA":"PURWOMARTANI","LONGITUDE":110.4583873,"LATITUDE":-7.7409246,"STATUS":"BUKA","TANGGAL PENGUMPULAN":"Q1 2024","TANGGAL UPDATE":"28/02/2025"}},{"type":"Feature","geometry":{"coordinates":[110.4195903,-7.6916142],"type":"Point"},"properties":{"NAMA":"UNITED DICO CITAS. PT","TIPE_1":"KESEHATAN DAN PENGOBATAN","TIPE_2":"APOTEK","TIPE_3":"-","TELEPON":"(0274) 514733","ALAMAT":"JL. KALIURANG KM 5, 5, TJ. MANDING, UMBULMARTANI, KEC. SLEMAN, KABUPATEN SLEMAN, DAERAH ISTIMEWA YOGYAKARTA 55582","ID_PROV":"34","PROVINSI":"DAERAH ISTIMEWA YOGYAKARTA","ID_KABKOT":"34.04","KABKOT":"SLEMAN","ID_KEC":"34.04.11","KECAMATAN":"NGEMPLAK","ID_DESA":"34.04.11.2005","DESA":"UMBULMARTANI","LONGITUDE":110.4195903,"LATITUDE":-7.6916142,"STATUS":"BUKA","TANGGAL PENGUMPULAN":"Q1 2024","TANGGAL UPDATE":"28/02/2025"}},{"type":"Feature","geometry":{"coordinates":[110.3955338,-7.6591759],"type":"Point"},"properties":{"NAMA":"APOTEK DAN KLINIK SISMA MEDIKA PULOWATU","TIPE_1":"KESEHATAN DAN PENGOBATAN","TIPE_2":"APOTEK","TIPE_3":"-","TELEPON":"(0274) 896014","ALAMAT":"JL. PAKEM - TURI NO.47, JAMBALANGAN, PURWOBINANGUN, KEC. PAKEM, KABUPATEN SLEMAN, DAERAH ISTIMEWA YOGYAKARTA 55582","ID_PROV":"34","PROVINSI":"DAERAH ISTIMEWA YOGYAKARTA","ID_KABKOT":"34.04","KABKOT":"SLEMAN","ID_KEC":"34.04.16","KECAMATAN":"PAKEM","ID_DESA":"34.04.16.2001","DESA":"PURWOBINANGUN","LONGITUDE":110.3955338,"LATITUDE":-7.6591759,"STATUS":"BUKA","TANGGAL PENGUMPULAN":"Q1 2024","TANGGAL UPDATE":"28/02/2025"}},{"type":"Feature","geometry":{"coordinates":[110.4518612,-7.7384148],"type":"Point"},"properties":{"NAMA":"APOTEK PRATAMA","TIPE_1":"KESEHATAN DAN PENGOBATAN","TIPE_2":"APOTEK","TIPE_3":"-","TELEPON":"0812-2721-3848","ALAMAT":"JALAN, BROMONILAN, PURWOMARTANI, KEC. KALASAN, KABUPATEN SLEMAN, DAERAH ISTIMEWA YOGYAKARTA 55571","ID_PROV":"34","PROVINSI":"DAERAH ISTIMEWA YOGYAKARTA","ID_KABKOT":"34.04","KABKOT":"SLEMAN","ID_KEC":"34.04.10","KECAMATAN":"KALASAN","ID_DESA":"34.04.10.2001","DESA":"PURWOMARTANI","LONGITUDE":110.4518612,"LATITUDE":-7.7384148,"STATUS":"BUKA","TANGGAL PENGUMPULAN":"Q1 2024","TANGGAL UPDATE":"28/02/2025"}},{"type":"Feature","geometry":{"coordinates":[110.4392061,-7.7360832],"type":"Point"},"properties":{"NAMA":"APOTEK GANDOK","TIPE_1":"KESEHATAN DAN PENGOBATAN","TIPE_2":"APOTEK","TIPE_3":"-","TELEPON":"0851-0115-2116","ALAMAT":"PUCANGANOM, WEDOMARTANI, KEC. NGEMPLAK, KABUPATEN SLEMAN, DAERAH ISTIMEWA YOGYAKARTA 55584","ID_PROV":"34","PROVINSI":"DAERAH ISTIMEWA YOGYAKARTA","ID_KABKOT":"34.04","KABKOT":"SLEMAN","ID_KEC":"34.04.11","KECAMATAN":"NGEMPLAK","ID_DESA":"34.04.11.2004","DESA":"WEDOMARTANI","LONGITUDE":110.4392061,"LATITUDE":-7.7360832,"STATUS":"BUKA","TANGGAL PENGUMPULAN":"Q1 2024","TANGGAL UPDATE":"28/02/2025"}},{"type":"Feature","geometry":{"coordinates":[110.3985829,-7.6839763],"type":"Point"},"properties":{"NAMA":"APOTEK AROYYAN FARMA","TIPE_1":"KESEHATAN DAN PENGOBATAN","TIPE_2":"APOTEK","TIPE_3":"-","TELEPON":"0821-3777-7807","ALAMAT":"JL. KETULAN, RT.4/RW.2, BULUS I, CANDIBINANGUN, KEC. PAKEM, KABUPATEN SLEMAN, DAERAH ISTIMEWA YOGYAKARTA 55582","ID_PROV":"34","PROVINSI":"DAERAH ISTIMEWA YOGYAKARTA","ID_KABKOT":"34.04","KABKOT":"SLEMAN","ID_KEC":"34.04.16","KECAMATAN":"PAKEM","ID_DESA":"34.04.16.2002","DESA":"CANDIBINANGUN","LONGITUDE":110.3985829,"LATITUDE":-7.6839763,"STATUS":"BUKA","TANGGAL PENGUMPULAN":"Q1 2024","TANGGAL UPDATE":"28/02/2025"}},{"type":"Feature","geometry":{"coordinates":[110.4029608,-7.720805],"type":"Point"},"properties":{"NAMA":"APOTEK REJOSARI","TIPE_1":"KESEHATAN DAN PENGOBATAN","TIPE_2":"APOTEK","TIPE_3":"-","TELEPON":"","ALAMAT":"JL. KALIURANG NO.1, GONDANGAN, SARDONOHARJO, KEC. NGAGLIK, KABUPATEN SLEMAN, DAERAH ISTIMEWA YOGYAKARTA 55581","ID_PROV":"34","PROVINSI":"DAERAH ISTIMEWA YOGYAKARTA","ID_KABKOT":"34.04","KABKOT":"SLEMAN","ID_KEC":"34.04.12","KECAMATAN":"NGAGLIK","ID_DESA":"34.04.12.2005","DESA":"SARDONOHARJO","LONGITUDE":110.4029608,"LATITUDE":-7.720805,"STATUS":"BUKA","TANGGAL PENGUMPULAN":"Q1 2024","TANGGAL UPDATE":"28/02/2025"}},{"type":"Feature","geometry":{"coordinates":[110.4113866,-7.7070102],"type":"Point"},"properties":{"NAMA":"APOTEK DOA SEHAT","TIPE_1":"KESEHATAN DAN PENGOBATAN","TIPE_2":"APOTEK","TIPE_3":"-","TELEPON":"0818-0318-1960","ALAMAT":"JLN KALIURANG NO 42, SLEMAN, JL. KALIURANG NO.KM 12, CANDI KARANG, SARDONOHARJO, KAB, KABUPATEN SLEMAN, DAERAH ISTIMEWA YOGYAKARTA 55581","ID_PROV":"34","PROVINSI":"DAERAH ISTIMEWA YOGYAKARTA","ID_KABKOT":"34.04","KABKOT":"SLEMAN","ID_KEC":"34.04.12","KECAMATAN":"NGAGLIK","ID_DESA":"34.04.12.2005","DESA":"SARDONOHARJO","LONGITUDE":110.4113866,"LATITUDE":-7.7070102,"STATUS":"BUKA","TANGGAL PENGUMPULAN":"Q1 2024","TANGGAL UPDATE":"28/02/2025"}},{"type":"Feature","geometry":{"coordinates":[110.368965,-7.698277],"type":"Point"},"properties":{"NAMA":"APOTEK KARANGASEM","TIPE_1":"KESEHATAN DAN PENGOBATAN","TIPE_2":"APOTEK","TIPE_3":"-","TELEPON":"0851-0330-7100","ALAMAT":"","ID_PROV":"34","PROVINSI":"DAERAH ISTIMEWA YOGYAKARTA","ID_KABKOT":"34.04","KABKOT":"SLEMAN","ID_KEC":"34.04.13","KECAMATAN":"SLEMAN","ID_DESA":"34.04.13.2004","DESA":"PANDOWOHARJO","LONGITUDE":110.368965,"LATITUDE":-7.698277,"STATUS":"BUKA","TANGGAL PENGUMPULAN":"Q1 2024","TANGGAL UPDATE":"28/02/2025"}},{"type":"Feature","geometry":{"coordinates":[110.4161136,-7.6644632],"type":"Point"},"properties":{"NAMA":"APOTEK MAFAZA PAKEM","TIPE_1":"KESEHATAN DAN PENGOBATAN","TIPE_2":"APOTEK","TIPE_3":"-","TELEPON":"0822-2323-9447","ALAMAT":"JL. RAYA TURI NO.34, AREA SAWAH, PAKEMBINANGUN, PAKEM, SLEMAN REGENCY, SPECIAL REGION OF YOGYAKARTA 55582","ID_PROV":"34","PROVINSI":"DAERAH ISTIMEWA YOGYAKARTA","ID_KABKOT":"34.04","KABKOT":"SLEMAN","ID_KEC":"34.04.16","KECAMATAN":"PAKEM","ID_DESA":"34.04.16.2004","DESA":"PAKEMBINANGUN","LONGITUDE":110.4161136,"LATITUDE":-7.6644632,"STATUS":"BUKA","TANGGAL PENGUMPULAN":"Q1 2024","TANGGAL UPDATE":"28/02/2025"}},{"type":"Feature","geometry":{"coordinates":[110.4309265,-7.7047521],"type":"Point"},"properties":{"NAMA":"APOTEK PERWITA","TIPE_1":"KESEHATAN DAN PENGOBATAN","TIPE_2":"APOTEK","TIPE_3":"-","TELEPON":"","ALAMAT":"JL. BESI JANGKANG, BESI, SUKOHARJO, KEC. NGAGLIK, KABUPATEN SLEMAN, DAERAH ISTIMEWA YOGYAKARTA","ID_PROV":"34","PROVINSI":"DAERAH ISTIMEWA YOGYAKARTA","ID_KABKOT":"34.04","KABKOT":"SLEMAN","ID_KEC":"34.04.12","KECAMATAN":"NGAGLIK","ID_DESA":"34.04.12.2004","DESA":"SUKOHARJO","LONGITUDE":110.4309265,"LATITUDE":-7.7047521,"STATUS":"BUKA","TANGGAL PENGUMPULAN":"Q1 2024","TANGGAL UPDATE":"28/02/2025"}},{"type":"Feature","geometry":{"coordinates":[110.4185103,-7.6873761],"type":"Point"},"properties":{"NAMA":"APOTEK UII FARMA","TIPE_1":"KESEHATAN DAN PENGOBATAN","TIPE_2":"APOTEK","TIPE_3":"-","TELEPON":"(0274) 898421","ALAMAT":"JL. KALIURANG NO.KM 14,5, LODADI, UMBULMARTANI, KEC. NGEMPLAK, KABUPATEN SLEMAN, DAERAH ISTIMEWA YOGYAKARTA 55584","ID_PROV":"34","PROVINSI":"DAERAH ISTIMEWA YOGYAKARTA","ID_KABKOT":"34.04","KABKOT":"SLEMAN","ID_KEC":"34.04.11","KECAMATAN":"NGEMPLAK","ID_DESA":"34.04.11.2005","DESA":"UMBULMARTANI","LONGITUDE":110.4185103,"LATITUDE":-7.6873761,"STATUS":"BUKA","TANGGAL PENGUMPULAN":"Q1 2024","TANGGAL UPDATE":"28/02/2025"}},{"type":"Feature","geometry":{"coordinates":[110.4160618,-7.6989444],"type":"Point"},"properties":{"NAMA":"APOTEK K-24 BESI SLEMAN","TIPE_1":"KESEHATAN DAN PENGOBATAN","TIPE_2":"APOTEK","TIPE_3":"-","TELEPON":"0811-2982-547","ALAMAT":"JL. KALIURANG KM 13, BLK. B NO.10 5, BESI, SUKOHARJO, KEC. NGAGLIK, KABUPATEN SLEMAN, DAERAH ISTIMEWA YOGYAKARTA 55581","ID_PROV":"34","PROVINSI":"DAERAH ISTIMEWA YOGYAKARTA","ID_KABKOT":"34.04","KABKOT":"SLEMAN","ID_KEC":"34.04.12","KECAMATAN":"NGAGLIK","ID_DESA":"34.04.12.2005","DESA":"SARDONOHARJO","LONGITUDE":110.4160618,"LATITUDE":-7.6989444,"STATUS":"BUKA","TANGGAL PENGUMPULAN":"Q1 2024","TANGGAL UPDATE":"28/02/2025"}},{"type":"Feature","geometry":{"coordinates":[110.4184673,-7.667496],"type":"Point"},"properties":{"NAMA":"APOTEK K-24 PAKEM SLEMAN","TIPE_1":"KESEHATAN DAN PENGOBATAN","TIPE_2":"APOTEK","TIPE_3":"-","TELEPON":"0813-2606-8755","ALAMAT":"JALAN KALIURANG KM.17 NO.2E PAKEMBINANGUN PAKEM SLEMAN YOGYAKARTA, SUKANAN, PAKEMBINANGUN, PAKEM, YOGYAKARTA, SPECIAL REGION OF YOGYAKARTA 55582","ID_PROV":"34","PROVINSI":"DAERAH ISTIMEWA YOGYAKARTA","ID_KABKOT":"34.04","KABKOT":"SLEMAN","ID_KEC":"34.04.16","KECAMATAN":"PAKEM","ID_DESA":"34.04.16.2004","DESA":"PAKEMBINANGUN","LONGITUDE":110.4184673,"LATITUDE":-7.667496,"STATUS":"BUKA","TANGGAL PENGUMPULAN":"Q1 2024","TANGGAL UPDATE":"28/02/2025"}},{"type":"Feature","geometry":{"coordinates":[110.4477417,-7.7009568],"type":"Point"},"properties":{"NAMA":"APOTEK WIDIGDO 3","TIPE_1":"KESEHATAN DAN PENGOBATAN","TIPE_2":"APOTEK","TIPE_3":"-","TELEPON":"0813-9389-1945","ALAMAT":"JANGKANG, WIDODOMARTANI, NGEMPLAK, SLEMAN REGENCY, SPECIAL REGION OF YOGYAKARTA 55584","ID_PROV":"34","PROVINSI":"DAERAH ISTIMEWA YOGYAKARTA","ID_KABKOT":"34.04","KABKOT":"SLEMAN","ID_KEC":"34.04.11","KECAMATAN":"NGEMPLAK","ID_DESA":"34.04.11.2003","DESA":"WIDODOMARTANI","LONGITUDE":110.4477417,"LATITUDE":-7.7009568,"STATUS":"BUKA","TANGGAL PENGUMPULAN":"Q1 2024","TANGGAL UPDATE":"28/02/2025"}},{"type":"Feature","geometry":{"coordinates":[110.4196614,-7.6646158],"type":"Point"},"properties":{"NAMA":"APOTEK BINANGUN","TIPE_1":"KESEHATAN DAN PENGOBATAN","TIPE_2":"APOTEK","TIPE_3":"-","TELEPON":"0856-9206-7059","ALAMAT":"JL. KALIURANG NO.15B, AREA SAWAH, PAKEMBINANGUN, KEC. PAKEM, KABUPATEN SLEMAN, DAERAH ISTIMEWA YOGYAKARTA 55582","ID_PROV":"34","PROVINSI":"DAERAH ISTIMEWA YOGYAKARTA","ID_KABKOT":"34.04","KABKOT":"SLEMAN","ID_KEC":"34.04.16","KECAMATAN":"PAKEM","ID_DESA":"34.04.16.2004","DESA":"PAKEMBINANGUN","LONGITUDE":110.4196614,"LATITUDE":-7.6646158,"STATUS":"BUKA","TANGGAL PENGUMPULAN":"Q1 2024","TANGGAL UPDATE":"28/02/2025"}},{"type":"Feature","geometry":{"coordinates":[110.4482408,-7.753281],"type":"Point"},"properties":{"NAMA":"APOTEK KARYA FARMA","TIPE_1":"KESEHATAN DAN PENGOBATAN","TIPE_2":"APOTEK","TIPE_3":"-","TELEPON":"0821-1112-7357","ALAMAT":"JL. PURWOMARTANI, KADISOKO, PURWOMARTANI, KEC. KALASAN, KABUPATEN SLEMAN, DAERAH ISTIMEWA YOGYAKARTA 55281","ID_PROV":"34","PROVINSI":"DAERAH ISTIMEWA YOGYAKARTA","ID_KABKOT":"34.04","KABKOT":"SLEMAN","ID_KEC":"34.04.10","KECAMATAN":"KALASAN","ID_DESA":"34.04.10.2001","DESA":"PURWOMARTANI","LONGITUDE":110.4482408,"LATITUDE":-7.753281,"STATUS":"BUKA","TANGGAL PENGUMPULAN":"Q1 2024","TANGGAL UPDATE":"28/02/2025"}},{"type":"Feature","geometry":{"coordinates":[110.4424602,-7.7528657],"type":"Point"},"properties":{"NAMA":"APOTEK K-24 KADISOKA SLEMAN","TIPE_1":"KESEHATAN DAN PENGOBATAN","TIPE_2":"APOTEK","TIPE_3":"-","TELEPON":"0813-8664-7634","ALAMAT":"PERUMAHAN SOKA ASRI PERMAI NO.8 BLOK N, KADISOKO, PURWOMARTANI, KEC. KALASAN, KABUPATEN SLEMAN, DAERAH ISTIMEWA YOGYAKARTA 55281","ID_PROV":"34","PROVINSI":"DAERAH ISTIMEWA YOGYAKARTA","ID_KABKOT":"34.04","KABKOT":"SLEMAN","ID_KEC":"34.04.10","KECAMATAN":"KALASAN","ID_DESA":"34.04.10.2001","DESA":"PURWOMARTANI","LONGITUDE":110.4424602,"LATITUDE":-7.7528657,"STATUS":"BUKA","TANGGAL PENGUMPULAN":"Q1 2024","TANGGAL UPDATE":"28/02/2025"}},{"type":"Feature","geometry":{"coordinates":[110.4463458,-7.7026524],"type":"Point"},"properties":{"NAMA":"APOTEK KUSUMA SEHAT","TIPE_1":"KESEHATAN DAN PENGOBATAN","TIPE_2":"APOTEK","TIPE_3":"-","TELEPON":"","ALAMAT":"JL. BESI JANGKANG, JETIS, WIDODOMARTANI, KEC. NGEMPLAK, KABUPATEN SLEMAN, DAERAH ISTIMEWA YOGYAKARTA 55584","ID_PROV":"34","PROVINSI":"DAERAH ISTIMEWA YOGYAKARTA","ID_KABKOT":"34.04","KABKOT":"SLEMAN","ID_KEC":"34.04.11","KECAMATAN":"NGEMPLAK","ID_DESA":"34.04.11.2003","DESA":"WIDODOMARTANI","LONGITUDE":110.4463458,"LATITUDE":-7.7026524,"STATUS":"BUKA","TANGGAL PENGUMPULAN":"Q1 2024","TANGGAL UPDATE":"28/02/2025"}},{"type":"Feature","geometry":{"coordinates":[110.4631587,-7.7002075],"type":"Point"},"properties":{"NAMA":"APOTEK TIGA R","TIPE_1":"KESEHATAN DAN PENGOBATAN","TIPE_2":"APOTEK","TIPE_3":"-","TELEPON":"0821-3433-4347","ALAMAT":"PURWOBINANGUN, RT.01/RW.012, BIMOMARTANI, KEC. NGEMPLAK, KABUPATEN SLEMAN, DAERAH ISTIMEWA YOGYAKARTA 55584","ID_PROV":"34","PROVINSI":"DAERAH ISTIMEWA YOGYAKARTA","ID_KABKOT":"34.04","KABKOT":"SLEMAN","ID_KEC":"34.04.11","KECAMATAN":"NGEMPLAK","ID_DESA":"34.04.11.2002","DESA":"BIMOMARTANI","LONGITUDE":110.4631587,"LATITUDE":-7.7002075,"STATUS":"BUKA","TANGGAL PENGUMPULAN":"Q1 2024","TANGGAL UPDATE":"28/02/2025"}},{"type":"Feature","geometry":{"coordinates":[110.4191254,-7.6838759],"type":"Point"},"properties":{"NAMA":"APOTEK FORMULA FARMA","TIPE_1":"KESEHATAN DAN PENGOBATAN","TIPE_2":"APOTEK","TIPE_3":"-","TELEPON":"(0274) 898327","ALAMAT":"JL. KALIURANG JL. DEGOLAN NO.KM 14.5, NGEMPLAK, UMBULMARTANI, KEC. NGEMPLAK, KABUPATEN SLEMAN, DAERAH ISTIMEWA YOGYAKARTA 55584","ID_PROV":"34","PROVINSI":"DAERAH ISTIMEWA YOGYAKARTA","ID_KABKOT":"34.04","KABKOT":"SLEMAN","ID_KEC":"34.04.11","KECAMATAN":"NGEMPLAK","ID_DESA":"34.04.11.2005","DESA":"UMBULMARTANI","LONGITUDE":110.4191254,"LATITUDE":-7.6838759,"STATUS":"BUKA","TANGGAL PENGUMPULAN":"Q1 2024","TANGGAL UPDATE":"28/02/2025"}},{"type":"Feature","geometry":{"coordinates":[110.4036923,-7.7196848],"type":"Point"},"properties":{"NAMA":"APOTEK K-24 NGAGLIK SLEMAN","TIPE_1":"KESEHATAN DAN PENGOBATAN","TIPE_2":"APOTEK","TIPE_3":"-","TELEPON":"(0274) 2836194","ALAMAT":"GENTAN, JL. KALIURANG KM. 10 NO. 9A, SINDUHARJO, KEC. NGAGLIK, KABUPATEN SLEMAN, DAERAH ISTIMEWA YOGYAKARTA 55581","ID_PROV":"34","PROVINSI":"DAERAH ISTIMEWA YOGYAKARTA","ID_KABKOT":"34.04","KABKOT":"SLEMAN","ID_KEC":"34.04.12","KECAMATAN":"NGAGLIK","ID_DESA":"34.04.12.2003","DESA":"SINDUHARJO","LONGITUDE":110.4036923,"LATITUDE":-7.7196848,"STATUS":"BUKA","TANGGAL PENGUMPULAN":"Q1 2024","TANGGAL UPDATE":"28/02/2025"}},{"type":"Feature","geometry":{"coordinates":[110.4085882,-7.7113453],"type":"Point"},"properties":{"NAMA":"APOTEK ANNISA","TIPE_1":"KESEHATAN DAN PENGOBATAN","TIPE_2":"APOTEK","TIPE_3":"-","TELEPON":"","ALAMAT":"JL. KALIURANG, PEDAK, SINDUHARJO, KEC. NGAGLIK, KABUPATEN SLEMAN, DAERAH ISTIMEWA YOGYAKARTA 55581","ID_PROV":"34","PROVINSI":"DAERAH ISTIMEWA YOGYAKARTA","ID_KABKOT":"34.04","KABKOT":"SLEMAN","ID_KEC":"34.04.12","KECAMATAN":"NGAGLIK","ID_DESA":"34.04.12.2003","DESA":"SINDUHARJO","LONGITUDE":110.4085882,"LATITUDE":-7.7113453,"STATUS":"BUKA","TANGGAL PENGUMPULAN":"Q1 2024","TANGGAL UPDATE":"28/02/2025"}},{"type":"Feature","geometry":{"coordinates":[110.4517468,-7.7297203],"type":"Point"},"properties":{"NAMA":"APOTEK AIRA","TIPE_1":"KESEHATAN DAN PENGOBATAN","TIPE_2":"APOTEK","TIPE_3":"-","TELEPON":"","ALAMAT":"DEMANGAN, SELOMARTANI, KEC. KALASAN, KABUPATEN SLEMAN, DAERAH ISTIMEWA YOGYAKARTA 55571","ID_PROV":"34","PROVINSI":"DAERAH ISTIMEWA YOGYAKARTA","ID_KABKOT":"34.04","KABKOT":"SLEMAN","ID_KEC":"34.04.10","KECAMATAN":"KALASAN","ID_DESA":"34.04.10.2004","DESA":"SELOMARTANI","LONGITUDE":110.4517468,"LATITUDE":-7.7297203,"STATUS":"BUKA","TANGGAL PENGUMPULAN":"Q1 2024","TANGGAL UPDATE":"28/02/2025"}},{"type":"Feature","geometry":{"coordinates":[110.4338743,-7.7049644],"type":"Point"},"properties":{"NAMA":"P&B PHARMACY AND BEAUTY","TIPE_1":"KESEHATAN DAN PENGOBATAN","TIPE_2":"APOTEK","TIPE_3":"-","TELEPON":"0821-3768-6373","ALAMAT":"JL. BESI JANGKANG, KARANGLO, SUKOHARJO, KEC. NGAGLIK, KABUPATEN SLEMAN, DAERAH ISTIMEWA YOGYAKARTA","ID_PROV":"34","PROVINSI":"DAERAH ISTIMEWA YOGYAKARTA","ID_KABKOT":"34.04","KABKOT":"SLEMAN","ID_KEC":"34.04.12","KECAMATAN":"NGAGLIK","ID_DESA":"34.04.12.2004","DESA":"SUKOHARJO","LONGITUDE":110.4338743,"LATITUDE":-7.7049644,"STATUS":"BUKA","TANGGAL PENGUMPULAN":"Q1 2024","TANGGAL UPDATE":"28/02/2025"}},{"type":"Feature","geometry":{"coordinates":[110.3770999,-7.7204588],"type":"Point"},"properties":{"NAMA":"APOTEK GHANI MEDIKA","TIPE_1":"KESEHATAN DAN PENGOBATAN","TIPE_2":"APOTEK","TIPE_3":"-","TELEPON":"","ALAMAT":"JL. GITO GATI NO.0, GODANG LEGI, SARIHARJO, KEC. NGAGLIK, KABUPATEN SLEMAN, DAERAH ISTIMEWA YOGYAKARTA 55581","ID_PROV":"34","PROVINSI":"DAERAH ISTIMEWA YOGYAKARTA","ID_KABKOT":"34.04","KABKOT":"SLEMAN","ID_KEC":"34.04.12","KECAMATAN":"NGAGLIK","ID_DESA":"34.04.12.2001","DESA":"SARIHARJO","LONGITUDE":110.3770999,"LATITUDE":-7.7204588,"STATUS":"BUKA","TANGGAL PENGUMPULAN":"Q1 2024","TANGGAL UPDATE":"28/02/2025"}},{"type":"Feature","geometry":{"coordinates":[110.3767975,-7.6529576],"type":"Point"},"properties":{"NAMA":"APOTEK ASTHAR FARMA 2","TIPE_1":"KESEHATAN DAN PENGOBATAN","TIPE_2":"APOTEK","TIPE_3":"-","TELEPON":"","ALAMAT":"JL. TEMPEL PULOWATU, TURI, DONOKERTO, KEC. TURI, KABUPATEN SLEMAN, DAERAH ISTIMEWA YOGYAKARTA 55551","ID_PROV":"34","PROVINSI":"DAERAH ISTIMEWA YOGYAKARTA","ID_KABKOT":"34.04","KABKOT":"SLEMAN","ID_KEC":"34.04.15","KECAMATAN":"TURI","ID_DESA":"34.04.15.2002","DESA":"DONOKERTO","LONGITUDE":110.3767975,"LATITUDE":-7.6529576,"STATUS":"BUKA","TANGGAL PENGUMPULAN":"Q1 2024","TANGGAL UPDATE":"28/02/2025"}},{"type":"Feature","geometry":{"coordinates":[110.3936708,-7.7370085],"type":"Point"},"properties":{"NAMA":"APOTEK K-24 DAYU SLEMAN","TIPE_1":"KESEHATAN DAN PENGOBATAN","TIPE_2":"APOTEK","TIPE_3":"-","TELEPON":"0823-2351-9955","ALAMAT":"JL. KALIURANG PRUJAKAN KM 8, TAMBAKAN, SINDUHARJO, KEC. NGAGLIK, KABUPATEN SLEMAN, DAERAH ISTIMEWA YOGYAKARTA 55283","ID_PROV":"34","PROVINSI":"DAERAH ISTIMEWA YOGYAKARTA","ID_KABKOT":"34.04","KABKOT":"SLEMAN","ID_KEC":"34.04.12","KECAMATAN":"NGAGLIK","ID_DESA":"34.04.12.2003","DESA":"SINDUHARJO","LONGITUDE":110.3936708,"LATITUDE":-7.7370085,"STATUS":"BUKA","TANGGAL PENGUMPULAN":"Q1 2024","TANGGAL UPDATE":"28/02/2025"}},{"type":"Feature","geometry":{"coordinates":[110.4071221,-7.7439965],"type":"Point"},"properties":{"NAMA":"APOTEK ANEKA SYIFA","TIPE_1":"KESEHATAN DAN PENGOBATAN","TIPE_2":"APOTEK","TIPE_3":"-","TELEPON":"(0274) 882644","ALAMAT":"JL. KAKAP RAYA, MLADANGAN, MINOMARTANI, KEC. NGAGLIK, KABUPATEN SLEMAN, DAERAH ISTIMEWA YOGYAKARTA 55581","ID_PROV":"34","PROVINSI":"DAERAH ISTIMEWA YOGYAKARTA","ID_KABKOT":"34.04","KABKOT":"SLEMAN","ID_KEC":"34.04.12","KECAMATAN":"NGAGLIK","ID_DESA":"34.04.12.2002","DESA":"MINOMARTANI","LONGITUDE":110.4071221,"LATITUDE":-7.7439965,"STATUS":"BUKA","TANGGAL PENGUMPULAN":"Q1 2024","TANGGAL UPDATE":"28/02/2025"}},{"type":"Feature","geometry":{"coordinates":[110.434473,-7.7352948],"type":"Point"},"properties":{"NAMA":"APOTEK NIRMALA","TIPE_1":"KESEHATAN DAN PENGOBATAN","TIPE_2":"APOTEK","TIPE_3":"-","TELEPON":"0852-2735-2069","ALAMAT":"JL. RAYA TAJEM, KENAYAN, WEDOMARTANI, KEC. NGEMPLAK, KABUPATEN SLEMAN, DAERAH ISTIMEWA YOGYAKARTA 55282","ID_PROV":"34","PROVINSI":"DAERAH ISTIMEWA YOGYAKARTA","ID_KABKOT":"34.04","KABKOT":"SLEMAN","ID_KEC":"34.04.11","KECAMATAN":"NGEMPLAK","ID_DESA":"34.04.11.2004","DESA":"WEDOMARTANI","LONGITUDE":110.434473,"LATITUDE":-7.7352948,"STATUS":"BUKA","TANGGAL PENGUMPULAN":"Q1 2024","TANGGAL UPDATE":"28/02/2025"}},{"type":"Feature","geometry":{"coordinates":[110.3775368,-7.6517537],"type":"Point"},"properties":{"NAMA":"APOTEK GIRI FARMA","TIPE_1":"KESEHATAN DAN PENGOBATAN","TIPE_2":"APOTEK","TIPE_3":"-","TELEPON":"0822-4234-0961","ALAMAT":"JL. PAKEM - TURI, TURI, DONOKERTO, KEC. TURI, KABUPATEN SLEMAN, DAERAH ISTIMEWA YOGYAKARTA 55551","ID_PROV":"34","PROVINSI":"DAERAH ISTIMEWA YOGYAKARTA","ID_KABKOT":"34.04","KABKOT":"SLEMAN","ID_KEC":"34.04.15","KECAMATAN":"TURI","ID_DESA":"34.04.15.2002","DESA":"DONOKERTO","LONGITUDE":110.3775368,"LATITUDE":-7.6517537,"STATUS":"BUKA","TANGGAL PENGUMPULAN":"Q1 2024","TANGGAL UPDATE":"28/02/2025"}},{"type":"Feature","geometry":{"coordinates":[110.4715811,-7.7397147],"type":"Point"},"properties":{"NAMA":"APOTEK NABILA FARMA","TIPE_1":"KESEHATAN DAN PENGOBATAN","TIPE_2":"APOTEK","TIPE_3":"-","TELEPON":"","ALAMAT":"KEDULAN, TIRTOMARTANI, KEC. KALASAN, KABUPATEN SLEMAN, DAERAH ISTIMEWA YOGYAKARTA 55571","ID_PROV":"34","PROVINSI":"DAERAH ISTIMEWA YOGYAKARTA","ID_KABKOT":"34.04","KABKOT":"SLEMAN","ID_KEC":"34.04.10","KECAMATAN":"KALASAN","ID_DESA":"34.04.10.2002","DESA":"TIRTOMARTANI","LONGITUDE":110.4715811,"LATITUDE":-7.7397147,"STATUS":"BUKA","TANGGAL PENGUMPULAN":"Q1 2024","TANGGAL UPDATE":"28/02/2025"}},{"type":"Feature","geometry":{"coordinates":[110.4358364,-7.7737032],"type":"Point"},"properties":{"NAMA":"VIVA APOTEK RINGINSARI","TIPE_1":"KESEHATAN DAN PENGOBATAN","TIPE_2":"APOTEK","TIPE_3":"-","TELEPON":"0813-2981-5610","ALAMAT":"JL. ANGGREK, RT.02/RW.49, NANGGULAN, MAGUWOHARJO, KEC. DEPOK, KABUPATEN SLEMAN, DAERAH ISTIMEWA YOGYAKARTA 55281","ID_PROV":"34","PROVINSI":"DAERAH ISTIMEWA YOGYAKARTA","ID_KABKOT":"34.04","KABKOT":"SLEMAN","ID_KEC":"34.04.07","KECAMATAN":"DEPOK","ID_DESA":"34.04.07.2002","DESA":"MAGUWOHARJO","LONGITUDE":110.4358364,"LATITUDE":-7.7737032,"STATUS":"BUKA","TANGGAL PENGUMPULAN":"Q1 2024","TANGGAL UPDATE":"28/02/2025"}},{"type":"Feature","geometry":{"coordinates":[110.4029952,-7.7443123],"type":"Point"},"properties":{"NAMA":"APOTEK FANSELA FARMA","TIPE_1":"KESEHATAN DAN PENGOBATAN","TIPE_2":"APOTEK","TIPE_3":"-","TELEPON":"0812-1505-6967","ALAMAT":"JL. PONDOK RAYA, RT.005/RW.007, PONDOK, CONDONGCATUR, KEC. DEPOK, KABUPATEN SLEMAN, DAERAH ISTIMEWA YOGYAKARTA 55281","ID_PROV":"34","PROVINSI":"DAERAH ISTIMEWA YOGYAKARTA","ID_KABKOT":"34.04","KABKOT":"SLEMAN","ID_KEC":"34.04.07","KECAMATAN":"DEPOK","ID_DESA":"34.04.07.2003","DESA":"CONDONGCATUR","LONGITUDE":110.4029952,"LATITUDE":-7.7443123,"STATUS":"BUKA","TANGGAL PENGUMPULAN":"Q1 2024","TANGGAL UPDATE":"28/02/2025"}},{"type":"Feature","geometry":{"coordinates":[110.3996292,-7.7845671],"type":"Point"},"properties":{"NAMA":"APOTEK GOWOK","TIPE_1":"KESEHATAN DAN PENGOBATAN","TIPE_2":"APOTEK","TIPE_3":"-","TELEPON":"(0274) 488512","ALAMAT":"KOMPLEK POLRI, JL. NOGOROJO BLOK A1, AMBARUKMO, CATURTUNGGAL, KEC. DEPOK, KABUPATEN SLEMAN, DAERAH ISTIMEWA YOGYAKARTA 55198","ID_PROV":"34","PROVINSI":"DAERAH ISTIMEWA YOGYAKARTA","ID_KABKOT":"34.04","KABKOT":"SLEMAN","ID_KEC":"34.04.07","KECAMATAN":"DEPOK","ID_DESA":"34.04.07.2001","DESA":"CATURTUNGGAL","LONGITUDE":110.3996292,"LATITUDE":-7.7845671,"STATUS":"BUKA","TANGGAL PENGUMPULAN":"Q1 2024","TANGGAL UPDATE":"28/02/2025"}},{"type":"Feature","geometry":{"coordinates":[110.4392837,-7.7650455],"type":"Point"},"properties":{"NAMA":"APOTEK NAMIYA","TIPE_1":"KESEHATAN DAN PENGOBATAN","TIPE_2":"APOTEK","TIPE_3":"-","TELEPON":"0811-346-336","ALAMAT":"JL. P. DIPONEGORO MANISREJO, RT.17/RW.39, SEMBEGO, MAGUWOHARJO, KEC. DEPOK, KABUPATEN SLEMAN, DAERAH ISTIMEWA YOGYAKARTA 55281","ID_PROV":"34","PROVINSI":"DAERAH ISTIMEWA YOGYAKARTA","ID_KABKOT":"34.04","KABKOT":"SLEMAN","ID_KEC":"34.04.07","KECAMATAN":"DEPOK","ID_DESA":"34.04.07.2002","DESA":"MAGUWOHARJO","LONGITUDE":110.4392837,"LATITUDE":-7.7650455,"STATUS":"BUKA","TANGGAL PENGUMPULAN":"Q1 2024","TANGGAL UPDATE":"28/02/2025"}},{"type":"Feature","geometry":{"coordinates":[110.4014459,-7.7719141],"type":"Point"},"properties":{"NAMA":"APOTEK \"KIMIA FARMA\"","TIPE_1":"KESEHATAN DAN PENGOBATAN","TIPE_2":"APOTEK","TIPE_3":"-","TELEPON":"0853-3633-5258","ALAMAT":"JL. WAHID HASYIM NO.44, DABAG, CONDONGCATUR, KEC. DEPOK, KABUPATEN SLEMAN, DAERAH ISTIMEWA YOGYAKARTA 55283","ID_PROV":"34","PROVINSI":"DAERAH ISTIMEWA YOGYAKARTA","ID_KABKOT":"34.04","KABKOT":"SLEMAN","ID_KEC":"34.04.07","KECAMATAN":"DEPOK","ID_DESA":"34.04.07.2003","DESA":"CONDONGCATUR","LONGITUDE":110.4014459,"LATITUDE":-7.7719141,"STATUS":"BUKA","TANGGAL PENGUMPULAN":"Q1 2024","TANGGAL UPDATE":"28/02/2025"}},{"type":"Feature","geometry":{"coordinates":[110.4005471,-7.7515658],"type":"Point"},"properties":{"NAMA":"APOTEK ASRI","TIPE_1":"KESEHATAN DAN PENGOBATAN","TIPE_2":"APOTEK","TIPE_3":"-","TELEPON":"0823-3299-6427","ALAMAT":"JALAN ANGGAJAYA KRANGKUNGAN, CONDONG CATUR, DEPOK, SANGGRAHAN, CONDONGCATUR, KECAMATAN SLEMAN, SLEMAN REGENCY, SPECIAL REGION OF YOGYAKARTA 55384","ID_PROV":"34","PROVINSI":"DAERAH ISTIMEWA YOGYAKARTA","ID_KABKOT":"34.04","KABKOT":"SLEMAN","ID_KEC":"34.04.07","KECAMATAN":"DEPOK","ID_DESA":"34.04.07.2003","DESA":"CONDONGCATUR","LONGITUDE":110.4005471,"LATITUDE":-7.7515658,"STATUS":"BUKA","TANGGAL PENGUMPULAN":"Q1 2024","TANGGAL UPDATE":"28/02/2025"}},{"type":"Feature","geometry":{"coordinates":[110.3992888,-7.7460944],"type":"Point"},"properties":{"NAMA":"APOTEK RAJAWALI","TIPE_1":"KESEHATAN DAN PENGOBATAN","TIPE_2":"APOTEK","TIPE_3":"-","TELEPON":"0812-8953-0223","ALAMAT":"JALAN RAJAWALI NO.55 SANGGRAHAN, MANUKAN, CONDONGCATUR, KEC. DEPOK, KABUPATEN SLEMAN, DAERAH ISTIMEWA YOGYAKARTA 55283","ID_PROV":"34","PROVINSI":"DAERAH ISTIMEWA YOGYAKARTA","ID_KABKOT":"34.04","KABKOT":"SLEMAN","ID_KEC":"34.04.07","KECAMATAN":"DEPOK","ID_DESA":"34.04.07.2003","DESA":"CONDONGCATUR","LONGITUDE":110.3992888,"LATITUDE":-7.7460944,"STATUS":"BUKA","TANGGAL PENGUMPULAN":"Q1 2024","TANGGAL UPDATE":"28/02/2025"}},{"type":"Feature","geometry":{"coordinates":[110.4279966,-7.7701432],"type":"Point"},"properties":{"NAMA":"APOTEK PERJUANGAN","TIPE_1":"KESEHATAN DAN PENGOBATAN","TIPE_2":"APOTEK","TIPE_3":"-","TELEPON":"","ALAMAT":"JL. PERJUANGAN NO.88, SANGGRAHAN, MAGUWOHARJO, KEC. DEPOK, KABUPATEN SLEMAN, DAERAH ISTIMEWA YOGYAKARTA 55281","ID_PROV":"34","PROVINSI":"DAERAH ISTIMEWA YOGYAKARTA","ID_KABKOT":"34.04","KABKOT":"SLEMAN","ID_KEC":"34.04.07","KECAMATAN":"DEPOK","ID_DESA":"34.04.07.2002","DESA":"MAGUWOHARJO","LONGITUDE":110.4279966,"LATITUDE":-7.7701432,"STATUS":"BUKA","TANGGAL PENGUMPULAN":"Q1 2024","TANGGAL UPDATE":"28/02/2025"}},{"type":"Feature","geometry":{"coordinates":[110.4223821,-7.7619385],"type":"Point"},"properties":{"NAMA":"APOTEK CINTA FARMA","TIPE_1":"KESEHATAN DAN PENGOBATAN","TIPE_2":"APOTEK","TIPE_3":"-","TELEPON":"0858-6964-4496","ALAMAT":"JL. TASURA NO.29, JENENGAN, MAGUWOHARJO, KEC. DEPOK, KABUPATEN SLEMAN, DAERAH ISTIMEWA YOGYAKARTA 55282","ID_PROV":"34","PROVINSI":"DAERAH ISTIMEWA YOGYAKARTA","ID_KABKOT":"34.04","KABKOT":"SLEMAN","ID_KEC":"34.04.07","KECAMATAN":"DEPOK","ID_DESA":"34.04.07.2002","DESA":"MAGUWOHARJO","LONGITUDE":110.4223821,"LATITUDE":-7.7619385,"STATUS":"BUKA","TANGGAL PENGUMPULAN":"Q1 2024","TANGGAL UPDATE":"28/02/2025"}},{"type":"Feature","geometry":{"coordinates":[110.4107103,-7.7661756],"type":"Point"},"properties":{"NAMA":"APOTEK SS","TIPE_1":"KESEHATAN DAN PENGOBATAN","TIPE_2":"APOTEK","TIPE_3":"-","TELEPON":"(0274) 486618","ALAMAT":"JL. SETURAN RAYA NO.3, KLEDOKAN, CATURTUNGGAL, KEC. DEPOK, KABUPATEN SLEMAN, DAERAH ISTIMEWA YOGYAKARTA 55281","ID_PROV":"34","PROVINSI":"DAERAH ISTIMEWA YOGYAKARTA","ID_KABKOT":"34.04","KABKOT":"SLEMAN","ID_KEC":"34.04.07","KECAMATAN":"DEPOK","ID_DESA":"34.04.07.2001","DESA":"CATURTUNGGAL","LONGITUDE":110.4107103,"LATITUDE":-7.7661756,"STATUS":"BUKA","TANGGAL PENGUMPULAN":"Q1 2024","TANGGAL UPDATE":"28/02/2025"}},{"type":"Feature","geometry":{"coordinates":[110.3911001,-7.7637195],"type":"Point"},"properties":{"NAMA":"APOTEK DERESAN","TIPE_1":"KESEHATAN DAN PENGOBATAN","TIPE_2":"APOTEK","TIPE_3":"-","TELEPON":"0882-0058-51879","ALAMAT":"JL. DERESAN I NO.2, MANGGUNG, CATURTUNGGAL, KEC. DEPOK, KABUPATEN SLEMAN, DAERAH ISTIMEWA YOGYAKARTA 55281","ID_PROV":"34","PROVINSI":"DAERAH ISTIMEWA YOGYAKARTA","ID_KABKOT":"34.04","KABKOT":"SLEMAN","ID_KEC":"34.04.07","KECAMATAN":"DEPOK","ID_DESA":"34.04.07.2001","DESA":"CATURTUNGGAL","LONGITUDE":110.3911001,"LATITUDE":-7.7637195,"STATUS":"BUKA","TANGGAL PENGUMPULAN":"Q1 2024","TANGGAL UPDATE":"28/02/2025"}},{"type":"Feature","geometry":{"coordinates":[110.395453,-7.7580289],"type":"Point"},"properties":{"NAMA":"APOTEK DEPOK","TIPE_1":"KESEHATAN DAN PENGOBATAN","TIPE_2":"APOTEK","TIPE_3":"-","TELEPON":"(0274) 886892","ALAMAT":"JL. ANGGAJAYA NO.1, RT.01/RW.29, GEJAYAN, CONDONGCATUR, KEC. DEPOK, KABUPATEN SLEMAN, DAERAH ISTIMEWA YOGYAKARTA 55283","ID_PROV":"34","PROVINSI":"DAERAH ISTIMEWA YOGYAKARTA","ID_KABKOT":"34.04","KABKOT":"SLEMAN","ID_KEC":"34.04.07","KECAMATAN":"DEPOK","ID_DESA":"34.04.07.2003","DESA":"CONDONGCATUR","LONGITUDE":110.395453,"LATITUDE":-7.7580289,"STATUS":"BUKA","TANGGAL PENGUMPULAN":"Q1 2024","TANGGAL UPDATE":"28/02/2025"}},{"type":"Feature","geometry":{"coordinates":[110.397509,-7.783005],"type":"Point"},"properties":{"NAMA":"G N C","TIPE_1":"KESEHATAN DAN PENGOBATAN","TIPE_2":"APOTEK","TIPE_3":"-","TELEPON":"(0274) 4331000","ALAMAT":"AMBARUKMO PLAZA LOWERGROUND, JL LAKSDA ADI SUCIPTO, CATUR TUNGGAL, DEPOK, SLEMAN, PAPRINGAN, CATURTUNGGAL, YOGYAKARTA, KABUPATEN SLEMAN, DAERAH ISTIMEWA YOGYAKARTA 55281","ID_PROV":"34","PROVINSI":"DAERAH ISTIMEWA YOGYAKARTA","ID_KABKOT":"34.04","KABKOT":"SLEMAN","ID_KEC":"34.04.07","KECAMATAN":"DEPOK","ID_DESA":"34.04.07.2001","DESA":"CATURTUNGGAL","LONGITUDE":110.397509,"LATITUDE":-7.783005,"STATUS":"BUKA","TANGGAL PENGUMPULAN":"Q1 2024","TANGGAL UPDATE":"28/02/2025"}},{"type":"Feature","geometry":{"coordinates":[110.4061159,-7.7830592],"type":"Point"},"properties":{"NAMA":"APOTEK ORIMEDIC","TIPE_1":"KESEHATAN DAN PENGOBATAN","TIPE_2":"APOTEK","TIPE_3":"-","TELEPON":"(0274) 484456","ALAMAT":"JL. LAKSDA ADISUCIPTO KM 6 NO.15, AMBARUKMO, CATURTUNGGAL, KEC. DEPOK, KABUPATEN SLEMAN, DAERAH ISTIMEWA YOGYAKARTA 55281","ID_PROV":"34","PROVINSI":"DAERAH ISTIMEWA YOGYAKARTA","ID_KABKOT":"34.04","KABKOT":"SLEMAN","ID_KEC":"34.04.07","KECAMATAN":"DEPOK","ID_DESA":"34.04.07.2001","DESA":"CATURTUNGGAL","LONGITUDE":110.4061159,"LATITUDE":-7.7830592,"STATUS":"BUKA","TANGGAL PENGUMPULAN":"Q1 2024","TANGGAL UPDATE":"28/02/2025"}},{"type":"Feature","geometry":{"coordinates":[110.3927905,-7.7785469],"type":"Point"},"properties":{"NAMA":"APOTEK K-24 DEMANGAN BARU YOGYAKARTA","TIPE_1":"KESEHATAN DAN PENGOBATAN","TIPE_2":"APOTEK","TIPE_3":"-","TELEPON":"0895-3230-90889","ALAMAT":"JL. DEMANGAN BARU, DEMANGAN BARU, CATURTUNGGAL, KEC. DEPOK, KABUPATEN SLEMAN, DAERAH ISTIMEWA YOGYAKARTA 55281","ID_PROV":"34","PROVINSI":"DAERAH ISTIMEWA YOGYAKARTA","ID_KABKOT":"34.04","KABKOT":"SLEMAN","ID_KEC":"34.04.07","KECAMATAN":"DEPOK","ID_DESA":"34.04.07.2001","DESA":"CATURTUNGGAL","LONGITUDE":110.3927905,"LATITUDE":-7.7785469,"STATUS":"BUKA","TANGGAL PENGUMPULAN":"Q1 2024","TANGGAL UPDATE":"28/02/2025"}},{"type":"Feature","geometry":{"coordinates":[110.2932564,-7.7513184],"type":"Point"},"properties":{"NAMA":"KURNIA FARMA APOTEK","TIPE_1":"KESEHATAN DAN PENGOBATAN","TIPE_2":"APOTEK","TIPE_3":"-","TELEPON":"0821-3768-1988","ALAMAT":"JL. GODEAN - SEYEGAN, KLACI 1, MARGOLUWIH, KEC. SEYEGAN, KABUPATEN SLEMAN, DAERAH ISTIMEWA YOGYAKARTA 55561","ID_PROV":"34","PROVINSI":"DAERAH ISTIMEWA YOGYAKARTA","ID_KABKOT":"34.04","KABKOT":"SLEMAN","ID_KEC":"34.04.05","KECAMATAN":"SEYEGAN","ID_DESA":"34.04.05.2001","DESA":"MARGOLUWIH","LONGITUDE":110.2932564,"LATITUDE":-7.7513184,"STATUS":"BUKA","TANGGAL PENGUMPULAN":"Q1 2024","TANGGAL UPDATE":"28/02/2025"}},{"type":"Feature","geometry":{"coordinates":[110.2906368,-7.763168],"type":"Point"},"properties":{"NAMA":"APOTEK SIDOLUHUR","TIPE_1":"KESEHATAN DAN PENGOBATAN","TIPE_2":"APOTEK","TIPE_3":"-","TELEPON":"0812-2263-9747","ALAMAT":"JL. JAE SUMANTORO, PANDEAN VII, SIDOLUHUR, KEC. GODEAN, KABUPATEN SLEMAN, DAERAH ISTIMEWA YOGYAKARTA 55264","ID_PROV":"34","PROVINSI":"DAERAH ISTIMEWA YOGYAKARTA","ID_KABKOT":"34.04","KABKOT":"SLEMAN","ID_KEC":"34.04.02","KECAMATAN":"GODEAN","ID_DESA":"34.04.02.2002","DESA":"SIDOLUHUR","LONGITUDE":110.2906368,"LATITUDE":-7.763168,"STATUS":"BUKA","TANGGAL PENGUMPULAN":"Q1 2024","TANGGAL UPDATE":"28/02/2025"}},{"type":"Feature","geometry":{"coordinates":[110.3162282,-7.7817116],"type":"Point"},"properties":{"NAMA":"MASNUR STORE","TIPE_1":"KESEHATAN DAN PENGOBATAN","TIPE_2":"APOTEK","TIPE_3":"-","TELEPON":"","ALAMAT":"KRAMAT KIDUL RT02 RW.19, AREA SAWAH, SIDOARUM, GODEAN, SLEMAN REGENCY, SPECIAL REGION OF YOGYAKARTA 55264","ID_PROV":"34","PROVINSI":"DAERAH ISTIMEWA YOGYAKARTA","ID_KABKOT":"34.04","KABKOT":"SLEMAN","ID_KEC":"34.04.02","KECAMATAN":"GODEAN","ID_DESA":"34.04.02.2006","DESA":"SIDOARUM","LONGITUDE":110.3162282,"LATITUDE":-7.7817116,"STATUS":"BUKA","TANGGAL PENGUMPULAN":"Q1 2024","TANGGAL UPDATE":"28/02/2025"}},{"type":"Feature","geometry":{"coordinates":[110.3218102,-7.7746276],"type":"Point"},"properties":{"NAMA":"KLINIK SULASTRI","TIPE_1":"KESEHATAN DAN PENGOBATAN","TIPE_2":"APOTEK","TIPE_3":"-","TELEPON":"0857-1202-6307","ALAMAT":"JOMBORAN, RT.13/RW.06, BANTULAN, SIDOARUM, KEC. GODEAN, KABUPATEN SLEMAN, DAERAH ISTIMEWA YOGYAKARTA 55264","ID_PROV":"34","PROVINSI":"DAERAH ISTIMEWA YOGYAKARTA","ID_KABKOT":"34.04","KABKOT":"SLEMAN","ID_KEC":"34.04.02","KECAMATAN":"GODEAN","ID_DESA":"34.04.02.2006","DESA":"SIDOARUM","LONGITUDE":110.3218102,"LATITUDE":-7.7746276,"STATUS":"BUKA","TANGGAL PENGUMPULAN":"Q1 2024","TANGGAL UPDATE":"28/02/2025"}},{"type":"Feature","geometry":{"coordinates":[110.317711,-7.773935],"type":"Point"},"properties":{"NAMA":"APOTEK SAHABAT KELUARGA","TIPE_1":"KESEHATAN DAN PENGOBATAN","TIPE_2":"APOTEK","TIPE_3":"-","TELEPON":"(0274) 6497317","ALAMAT":"JL. GESIKAN JL. NGAPAK - KENTHENG NO.7, COKRO KONTENG, SIDOARUM, KEC. GODEAN, KABUPATEN SLEMAN, DAERAH ISTIMEWA YOGYAKARTA 55264","ID_PROV":"34","PROVINSI":"DAERAH ISTIMEWA YOGYAKARTA","ID_KABKOT":"34.04","KABKOT":"SLEMAN","ID_KEC":"34.04.02","KECAMATAN":"GODEAN","ID_DESA":"34.04.02.2006","DESA":"SIDOARUM","LONGITUDE":110.317711,"LATITUDE":-7.773935,"STATUS":"BUKA","TANGGAL PENGUMPULAN":"Q1 2024","TANGGAL UPDATE":"28/02/2025"}},{"type":"Feature","geometry":{"coordinates":[110.2959381,-7.7823413],"type":"Point"},"properties":{"NAMA":"APOTEK SEMBUH","TIPE_1":"KESEHATAN DAN PENGOBATAN","TIPE_2":"APOTEK","TIPE_3":"-","TELEPON":"0895-0658-3370","ALAMAT":"SEMBUH WETAN, SIDOKARTO, KEC. GODEAN, KABUPATEN SLEMAN, DAERAH ISTIMEWA YOGYAKARTA 55264","ID_PROV":"34","PROVINSI":"DAERAH ISTIMEWA YOGYAKARTA","ID_KABKOT":"34.04","KABKOT":"SLEMAN","ID_KEC":"34.04.02","KECAMATAN":"GODEAN","ID_DESA":"34.04.02.2005","DESA":"SIDOKARTO","LONGITUDE":110.2959381,"LATITUDE":-7.7823413,"STATUS":"BUKA","TANGGAL PENGUMPULAN":"Q1 2024","TANGGAL UPDATE":"28/02/2025"}},{"type":"Feature","geometry":{"coordinates":[110.3035301,-7.7800031],"type":"Point"},"properties":{"NAMA":"APOTEK LILA MEDIKA","TIPE_1":"KESEHATAN DAN PENGOBATAN","TIPE_2":"APOTEK","TIPE_3":"-","TELEPON":"0895-0657-6570","ALAMAT":"NOGOSARI, SIDOKARTO, KEC. GODEAN, KABUPATEN SLEMAN, DAERAH ISTIMEWA YOGYAKARTA 55264","ID_PROV":"34","PROVINSI":"DAERAH ISTIMEWA YOGYAKARTA","ID_KABKOT":"34.04","KABKOT":"SLEMAN","ID_KEC":"34.04.02","KECAMATAN":"GODEAN","ID_DESA":"34.04.02.2005","DESA":"SIDOKARTO","LONGITUDE":110.3035301,"LATITUDE":-7.7800031,"STATUS":"BUKA","TANGGAL PENGUMPULAN":"Q1 2024","TANGGAL UPDATE":"28/02/2025"}},{"type":"Feature","geometry":{"coordinates":[110.2919734,-7.7598578],"type":"Point"},"properties":{"NAMA":"APOTEK WICAKSONO FARMA","TIPE_1":"KESEHATAN DAN PENGOBATAN","TIPE_2":"APOTEK","TIPE_3":"-","TELEPON":"0881-0822-02918","ALAMAT":"SENOBOYO RT 02, RW.09, SIDOAGUNG, KEC. GODEAN, KABUPATEN SLEMAN, DAERAH ISTIMEWA YOGYAKARTA 55564","ID_PROV":"34","PROVINSI":"DAERAH ISTIMEWA YOGYAKARTA","ID_KABKOT":"34.04","KABKOT":"SLEMAN","ID_KEC":"34.04.02","KECAMATAN":"GODEAN","ID_DESA":"34.04.02.2004","DESA":"SIDOAGUNG","LONGITUDE":110.2919734,"LATITUDE":-7.7598578,"STATUS":"BUKA","TANGGAL PENGUMPULAN":"Q1 2024","TANGGAL UPDATE":"28/02/2025"}},{"type":"Feature","geometry":{"coordinates":[110.2773363,-7.7627128],"type":"Point"},"properties":{"NAMA":"APOTEK JASUN","TIPE_1":"KESEHATAN DAN PENGOBATAN","TIPE_2":"APOTEK","TIPE_3":"-","TELEPON":"0822-1376-1376","ALAMAT":"JL. NGAPAK - KENTHENG NO.12, BERJO KIDUL, SIDOLUHUR, KEC. GODEAN, KABUPATEN SLEMAN, DAERAH ISTIMEWA YOGYAKARTA 55264","ID_PROV":"34","PROVINSI":"DAERAH ISTIMEWA YOGYAKARTA","ID_KABKOT":"34.04","KABKOT":"SLEMAN","ID_KEC":"34.04.02","KECAMATAN":"GODEAN","ID_DESA":"34.04.02.2002","DESA":"SIDOLUHUR","LONGITUDE":110.2773363,"LATITUDE":-7.7627128,"STATUS":"BUKA","TANGGAL PENGUMPULAN":"Q1 2024","TANGGAL UPDATE":"28/02/2025"}},{"type":"Feature","geometry":{"coordinates":[110.2721418,-7.7619891],"type":"Point"},"properties":{"NAMA":"APOTEK PS PENGASIH","TIPE_1":"KESEHATAN DAN PENGOBATAN","TIPE_2":"APOTEK","TIPE_3":"-","TELEPON":"0852-9339-9953","ALAMAT":"JL. NGAPAK - KENTHENG NO.12, AREA SAWAH, SIDOLUHUR, KEC. GODEAN, KABUPATEN SLEMAN, DAERAH ISTIMEWA YOGYAKARTA 55264","ID_PROV":"34","PROVINSI":"DAERAH ISTIMEWA YOGYAKARTA","ID_KABKOT":"34.04","KABKOT":"SLEMAN","ID_KEC":"34.04.02","KECAMATAN":"GODEAN","ID_DESA":"34.04.02.2002","DESA":"SIDOLUHUR","LONGITUDE":110.2721418,"LATITUDE":-7.7619891,"STATUS":"BUKA","TANGGAL PENGUMPULAN":"Q1 2024","TANGGAL UPDATE":"28/02/2025"}},{"type":"Feature","geometry":{"coordinates":[110.2918219,-7.7668271],"type":"Point"},"properties":{"NAMA":"APOTEK AN-NUR","TIPE_1":"KESEHATAN DAN PENGOBATAN","TIPE_2":"APOTEK","TIPE_3":"-","TELEPON":"(0274) 797620","ALAMAT":"JL. NGAPAK - KENTHENG NO.KM 10, JETIS, SIDOAGUNG, KEC. GODEAN, KABUPATEN SLEMAN, DAERAH ISTIMEWA YOGYAKARTA 55264","ID_PROV":"34","PROVINSI":"DAERAH ISTIMEWA YOGYAKARTA","ID_KABKOT":"34.04","KABKOT":"SLEMAN","ID_KEC":"34.04.02","KECAMATAN":"GODEAN","ID_DESA":"34.04.02.2004","DESA":"SIDOAGUNG","LONGITUDE":110.2918219,"LATITUDE":-7.7668271,"STATUS":"BUKA","TANGGAL PENGUMPULAN":"Q1 2024","TANGGAL UPDATE":"28/02/2025"}},{"type":"Feature","geometry":{"coordinates":[110.288839,-7.766016],"type":"Point"},"properties":{"NAMA":"APOTEK \"INSANI\"","TIPE_1":"KESEHATAN DAN PENGOBATAN","TIPE_2":"APOTEK","TIPE_3":"-","TELEPON":"(0274) 798023","ALAMAT":"JL. NGAPAK - KENTHENG NO.KM, RW.10, KUNDEN, SIDOLUHUR, KEC. GODEAN, KABUPATEN SLEMAN, DAERAH ISTIMEWA YOGYAKARTA 55264","ID_PROV":"34","PROVINSI":"DAERAH ISTIMEWA YOGYAKARTA","ID_KABKOT":"34.04","KABKOT":"SLEMAN","ID_KEC":"34.04.02","KECAMATAN":"GODEAN","ID_DESA":"34.04.02.2002","DESA":"SIDOLUHUR","LONGITUDE":110.288839,"LATITUDE":-7.766016,"STATUS":"BUKA","TANGGAL PENGUMPULAN":"Q1 2024","TANGGAL UPDATE":"28/02/2025"}},{"type":"Feature","geometry":{"coordinates":[110.3205092,-7.7569787],"type":"Point"},"properties":{"NAMA":"APOTEK PUNGGAWA FARMA SIDOMOYO","TIPE_1":"KESEHATAN DAN PENGOBATAN","TIPE_2":"APOTEK","TIPE_3":"-","TELEPON":"0896-8839-4451","ALAMAT":"JL. SIDOMOYO, DUKUH, SIDOMOYO, KEC. GODEAN, KABUPATEN SLEMAN, DAERAH ISTIMEWA YOGYAKARTA 55264","ID_PROV":"34","PROVINSI":"DAERAH ISTIMEWA YOGYAKARTA","ID_KABKOT":"34.04","KABKOT":"SLEMAN","ID_KEC":"34.04.02","KECAMATAN":"GODEAN","ID_DESA":"34.04.02.2007","DESA":"SIDOMOYO","LONGITUDE":110.3205092,"LATITUDE":-7.7569787,"STATUS":"BUKA","TANGGAL PENGUMPULAN":"Q1 2024","TANGGAL UPDATE":"28/02/2025"}},{"type":"Feature","geometry":{"coordinates":[110.5441364,-7.8191853],"type":"Point"},"properties":{"NAMA":"AVICENNA ARBY NUGROHO","TIPE_1":"KESEHATAN DAN PENGOBATAN","TIPE_2":"APOTEK","TIPE_3":"-","TELEPON":"0856-0100-0970","ALAMAT":"BUNCAR, NAWUNG, GAYAMHARJO, KEC. PRAMBANAN, KABUPATEN SLEMAN, DAERAH ISTIMEWA YOGYAKARTA 55572","ID_PROV":"34","PROVINSI":"DAERAH ISTIMEWA YOGYAKARTA","ID_KABKOT":"34.04","KABKOT":"SLEMAN","ID_KEC":"34.04.09","KECAMATAN":"PRAMBANAN","ID_DESA":"34.04.09.2003","DESA":"GAYAMHARJO","LONGITUDE":110.5441364,"LATITUDE":-7.8191853,"STATUS":"BUKA","TANGGAL PENGUMPULAN":"Q1 2024","TANGGAL UPDATE":"28/02/2025"}},{"type":"Feature","geometry":{"coordinates":[110.4714244,-7.7843899],"type":"Point"},"properties":{"NAMA":"STOKIST MILAGROS PRAMBANAN","TIPE_1":"KESEHATAN DAN PENGOBATAN","TIPE_2":"APOTEK","TIPE_3":"-","TELEPON":"0817-261-352","ALAMAT":"JAMUSAN, RT.004/RW.029, JAMUSAN, BOKOHARJO, KEC. PRAMBANAN, KABUPATEN SLEMAN, DAERAH ISTIMEWA YOGYAKARTA 55572","ID_PROV":"34","PROVINSI":"DAERAH ISTIMEWA YOGYAKARTA","ID_KABKOT":"34.04","KABKOT":"SLEMAN","ID_KEC":"34.04.09","KECAMATAN":"PRAMBANAN","ID_DESA":"34.04.09.2006","DESA":"BOKOHARJO","LONGITUDE":110.4714244,"LATITUDE":-7.7843899,"STATUS":"BUKA","TANGGAL PENGUMPULAN":"Q1 2024","TANGGAL UPDATE":"28/02/2025"}},{"type":"Feature","geometry":{"coordinates":[110.4526872,-7.7308028],"type":"Point"},"properties":{"NAMA":"AGEN MADU MURNI DAN MINYAK KAYU PUTIH MURNI PERHUTANI","TIPE_1":"KESEHATAN DAN PENGOBATAN","TIPE_2":"APOTEK","TIPE_3":"-","TELEPON":"0812-2828-852","ALAMAT":"SANGGRAHAN, PURWOMARTANI, KEC. KALASAN, KABUPATEN SLEMAN, DAERAH ISTIMEWA YOGYAKARTA 55571","ID_PROV":"34","PROVINSI":"DAERAH ISTIMEWA YOGYAKARTA","ID_KABKOT":"34.04","KABKOT":"SLEMAN","ID_KEC":"34.04.10","KECAMATAN":"KALASAN","ID_DESA":"34.04.10.2001","DESA":"PURWOMARTANI","LONGITUDE":110.4526872,"LATITUDE":-7.7308028,"STATUS":"BUKA","TANGGAL PENGUMPULAN":"Q1 2024","TANGGAL UPDATE":"28/02/2025"}},{"type":"Feature","geometry":{"coordinates":[110.4824453,-7.7797885],"type":"Point"},"properties":{"NAMA":"APOTEK AL-FAZZA 2 PRAMBANAN","TIPE_1":"KESEHATAN DAN PENGOBATAN","TIPE_2":"APOTEK","TIPE_3":"-","TELEPON":"0856-4011-3346","ALAMAT":"JL. RAYA PIYUNGAN - PRAMBANAN, KM 3.5 JOBOHAN RT 02, RW.22, BOKOHARJO, KEC. PRAMBANAN, KABUPATEN SLEMAN, DAERAH ISTIMEWA YOGYAKARTA 55572","ID_PROV":"34","PROVINSI":"DAERAH ISTIMEWA YOGYAKARTA","ID_KABKOT":"34.04","KABKOT":"SLEMAN","ID_KEC":"34.04.09","KECAMATAN":"PRAMBANAN","ID_DESA":"34.04.09.2006","DESA":"BOKOHARJO","LONGITUDE":110.4824453,"LATITUDE":-7.7797885,"STATUS":"BUKA","TANGGAL PENGUMPULAN":"Q1 2024","TANGGAL UPDATE":"28/02/2025"}},{"type":"Feature","geometry":{"coordinates":[110.4721695,-7.7302576],"type":"Point"},"properties":{"NAMA":"APOTEK TAMBAKMAS","TIPE_1":"KESEHATAN DAN PENGOBATAN","TIPE_2":"APOTEK","TIPE_3":"-","TELEPON":"","ALAMAT":"KM.6, KLEDOKAN,, JL. RAYA CANGKRINGAN, KLEDOAN, SELOMARTANI, KEC. KALASAN, KABUPATEN SLEMAN, DAERAH ISTIMEWA YOGYAKARTA 55571","ID_PROV":"34","PROVINSI":"DAERAH ISTIMEWA YOGYAKARTA","ID_KABKOT":"34.04","KABKOT":"SLEMAN","ID_KEC":"34.04.10","KECAMATAN":"KALASAN","ID_DESA":"34.04.10.2004","DESA":"SELOMARTANI","LONGITUDE":110.4721695,"LATITUDE":-7.7302576,"STATUS":"BUKA","TANGGAL PENGUMPULAN":"Q1 2024","TANGGAL UPDATE":"28/02/2025"}},{"type":"Feature","geometry":{"coordinates":[110.488972,-7.764508],"type":"Point"},"properties":{"NAMA":"APOTEK SATRIA TIGA","TIPE_1":"KESEHATAN DAN PENGOBATAN","TIPE_2":"APOTEK","TIPE_3":"-","TELEPON":"(0274) 497620","ALAMAT":"JALAN, GATAK, BOKOHARJO, KEC. PRAMBANAN, KABUPATEN SLEMAN, DAERAH ISTIMEWA YOGYAKARTA 55572","ID_PROV":"34","PROVINSI":"DAERAH ISTIMEWA YOGYAKARTA","ID_KABKOT":"34.04","KABKOT":"SLEMAN","ID_KEC":"34.04.09","KECAMATAN":"PRAMBANAN","ID_DESA":"34.04.09.2006","DESA":"BOKOHARJO","LONGITUDE":110.488972,"LATITUDE":-7.764508,"STATUS":"BUKA","TANGGAL PENGUMPULAN":"Q1 2024","TANGGAL UPDATE":"28/02/2025"}},{"type":"Feature","geometry":{"coordinates":[110.4881494,-7.7581636],"type":"Point"},"properties":{"NAMA":"APOTEK HS-23","TIPE_1":"KESEHATAN DAN PENGOBATAN","TIPE_2":"APOTEK","TIPE_3":"-","TELEPON":"(0274) 496054","ALAMAT":"JL. RAYA PIYUNGAN - PRAMBANAN NO.118, KLURAK BARU, BOKOHARJO, KEC. PRAMBANAN, KABUPATEN SLEMAN, DAERAH ISTIMEWA YOGYAKARTA 55572","ID_PROV":"34","PROVINSI":"DAERAH ISTIMEWA YOGYAKARTA","ID_KABKOT":"34.04","KABKOT":"SLEMAN","ID_KEC":"34.04.09","KECAMATAN":"PRAMBANAN","ID_DESA":"34.04.09.2006","DESA":"BOKOHARJO","LONGITUDE":110.4881494,"LATITUDE":-7.7581636,"STATUS":"BUKA","TANGGAL PENGUMPULAN":"Q1 2024","TANGGAL UPDATE":"28/02/2025"}},{"type":"Feature","geometry":{"coordinates":[110.4884914,-7.7598783],"type":"Point"},"properties":{"NAMA":"APOTEK ASY - SYIFA","TIPE_1":"KESEHATAN DAN PENGOBATAN","TIPE_2":"APOTEK","TIPE_3":"-","TELEPON":"0853-2809-0022","ALAMAT":"JL. RAYA PIYUNGAN - PRAMBANAN, KLURAK BARU, BOKOHARJO, KEC. PRAMBANAN, KABUPATEN SLEMAN, DAERAH ISTIMEWA YOGYAKARTA 55572","ID_PROV":"34","PROVINSI":"DAERAH ISTIMEWA YOGYAKARTA","ID_KABKOT":"34.04","KABKOT":"SLEMAN","ID_KEC":"34.04.09","KECAMATAN":"PRAMBANAN","ID_DESA":"34.04.09.2006","DESA":"BOKOHARJO","LONGITUDE":110.4884914,"LATITUDE":-7.7598783,"STATUS":"BUKA","TANGGAL PENGUMPULAN":"Q1 2024","TANGGAL UPDATE":"28/02/2025"}},{"type":"Feature","geometry":{"coordinates":[110.4798618,-7.727865],"type":"Point"},"properties":{"NAMA":"RUMAH HERBA ANITA-RAHMAN","TIPE_1":"KESEHATAN DAN PENGOBATAN","TIPE_2":"APOTEK","TIPE_3":"-","TELEPON":"","ALAMAT":"JL. SENDEN 1, SENDEN 1, SELOMARTANI, KEC. KALASAN, KABUPATEN SLEMAN, DAERAH ISTIMEWA YOGYAKARTA 55571","ID_PROV":"34","PROVINSI":"DAERAH ISTIMEWA YOGYAKARTA","ID_KABKOT":"34.04","KABKOT":"SLEMAN","ID_KEC":"34.04.10","KECAMATAN":"KALASAN","ID_DESA":"34.04.10.2004","DESA":"SELOMARTANI","LONGITUDE":110.4798618,"LATITUDE":-7.727865,"STATUS":"BUKA","TANGGAL PENGUMPULAN":"Q1 2024","TANGGAL UPDATE":"28/02/2025"}},{"type":"Feature","geometry":{"coordinates":[110.4857858,-7.7488392],"type":"Point"},"properties":{"NAMA":"KLINIK HERBAL CAHAYA HATI","TIPE_1":"KESEHATAN DAN PENGOBATAN","TIPE_2":"APOTEK","TIPE_3":"-","TELEPON":"","ALAMAT":"UNNAMED ROAD, KARANG MOJO, TAMANMARTANI, KEC. KALASAN, KABUPATEN SLEMAN, DAERAH ISTIMEWA YOGYAKARTA 55571","ID_PROV":"34","PROVINSI":"DAERAH ISTIMEWA YOGYAKARTA","ID_KABKOT":"34.04","KABKOT":"SLEMAN","ID_KEC":"34.04.10","KECAMATAN":"KALASAN","ID_DESA":"34.04.10.2003","DESA":"TAMANMARTANI","LONGITUDE":110.4857858,"LATITUDE":-7.7488392,"STATUS":"BUKA","TANGGAL PENGUMPULAN":"Q1 2024","TANGGAL UPDATE":"28/02/2025"}},{"type":"Feature","geometry":{"coordinates":[110.4525287,-7.7769327],"type":"Point"},"properties":{"NAMA":"I CARE STORE OFFICIAL","TIPE_1":"KESEHATAN DAN PENGOBATAN","TIPE_2":"APOTEK","TIPE_3":"-","TELEPON":"","ALAMAT":"GG. BEO, CUPUWATU I, PURWOMARTANI, KEC. KALASAN, KABUPATEN SLEMAN, DAERAH ISTIMEWA YOGYAKARTA 55571","ID_PROV":"34","PROVINSI":"DAERAH ISTIMEWA YOGYAKARTA","ID_KABKOT":"34.04","KABKOT":"SLEMAN","ID_KEC":"34.04.10","KECAMATAN":"KALASAN","ID_DESA":"34.04.10.2001","DESA":"PURWOMARTANI","LONGITUDE":110.4525287,"LATITUDE":-7.7769327,"STATUS":"BUKA","TANGGAL PENGUMPULAN":"Q1 2024","TANGGAL UPDATE":"28/02/2025"}},{"type":"Feature","geometry":{"coordinates":[110.4886048,-7.756814],"type":"Point"},"properties":{"NAMA":"KLINIK KECANTIKAN","TIPE_1":"KESEHATAN DAN PENGOBATAN","TIPE_2":"APOTEK","TIPE_3":"-","TELEPON":"","ALAMAT":"KLURAK BARU, BOKOHARJO, KEC. PRAMBANAN, KABUPATEN SLEMAN, DAERAH ISTIMEWA YOGYAKARTA 55572","ID_PROV":"34","PROVINSI":"DAERAH ISTIMEWA YOGYAKARTA","ID_KABKOT":"34.04","KABKOT":"SLEMAN","ID_KEC":"34.04.09","KECAMATAN":"PRAMBANAN","ID_DESA":"34.04.09.2006","DESA":"BOKOHARJO","LONGITUDE":110.4886048,"LATITUDE":-7.756814,"STATUS":"BUKA","TANGGAL PENGUMPULAN":"Q1 2024","TANGGAL UPDATE":"28/02/2025"}},{"type":"Feature","geometry":{"coordinates":[110.4730423,-7.7655545],"type":"Point"},"properties":{"NAMA":"APOTEK TEKAT SEHAT","TIPE_1":"KESEHATAN DAN PENGOBATAN","TIPE_2":"APOTEK","TIPE_3":"-","TELEPON":"(0274) 2854784","ALAMAT":"JL. RAYA SOLO - YOGYAKARTA JL. KALIBENING NO.KM 14, GLONDONG, TIRTOMARTANI, KEC. KALASAN, KABUPATEN SLEMAN, DAERAH ISTIMEWA YOGYAKARTA 55571","ID_PROV":"34","PROVINSI":"DAERAH ISTIMEWA YOGYAKARTA","ID_KABKOT":"34.04","KABKOT":"SLEMAN","ID_KEC":"34.04.10","KECAMATAN":"KALASAN","ID_DESA":"34.04.10.2002","DESA":"TIRTOMARTANI","LONGITUDE":110.4730423,"LATITUDE":-7.7655545,"STATUS":"BUKA","TANGGAL PENGUMPULAN":"Q1 2024","TANGGAL UPDATE":"28/02/2025"}},{"type":"Feature","geometry":{"coordinates":[110.4546575,-7.7402551],"type":"Point"},"properties":{"NAMA":"APOTEK ZHAFIRA FARMA","TIPE_1":"KESEHATAN DAN PENGOBATAN","TIPE_2":"APOTEK","TIPE_3":"-","TELEPON":"0878-2322-5783","ALAMAT":"JL. GRENJENG, KARANGMOJO, PURWOMARTANI, KEC. KALASAN, KABUPATEN SLEMAN, DAERAH ISTIMEWA YOGYAKARTA 55571","ID_PROV":"34","PROVINSI":"DAERAH ISTIMEWA YOGYAKARTA","ID_KABKOT":"34.04","KABKOT":"SLEMAN","ID_KEC":"34.04.10","KECAMATAN":"KALASAN","ID_DESA":"34.04.10.2001","DESA":"PURWOMARTANI","LONGITUDE":110.4546575,"LATITUDE":-7.7402551,"STATUS":"BUKA","TANGGAL PENGUMPULAN":"Q1 2024","TANGGAL UPDATE":"28/02/2025"}},{"type":"Feature","geometry":{"coordinates":[110.4806828,-7.7542098],"type":"Point"},"properties":{"NAMA":"APOTEK KENITEN FARMA","TIPE_1":"KESEHATAN DAN PENGOBATAN","TIPE_2":"APOTEK","TIPE_3":"-","TELEPON":"0889-8522-0797","ALAMAT":"JL. KENITEN, KENITEN, TAMANMARTANI, KEC. KALASAN, KABUPATEN SLEMAN, DAERAH ISTIMEWA YOGYAKARTA 55571","ID_PROV":"34","PROVINSI":"DAERAH ISTIMEWA YOGYAKARTA","ID_KABKOT":"34.04","KABKOT":"SLEMAN","ID_KEC":"34.04.10","KECAMATAN":"KALASAN","ID_DESA":"34.04.10.2003","DESA":"TAMANMARTANI","LONGITUDE":110.4806828,"LATITUDE":-7.7542098,"STATUS":"BUKA","TANGGAL PENGUMPULAN":"Q1 2024","TANGGAL UPDATE":"28/02/2025"}},{"type":"Feature","geometry":{"coordinates":[110.4488729,-7.7692237],"type":"Point"},"properties":{"NAMA":"APOTEK KADIROJO","TIPE_1":"KESEHATAN DAN PENGOBATAN","TIPE_2":"APOTEK","TIPE_3":"-","TELEPON":"0812-9434-4518","ALAMAT":"JL. KADIROJO 2, KADIROJO I, PURWOMARTANI, KEC. KALASAN, KABUPATEN SLEMAN, DAERAH ISTIMEWA YOGYAKARTA 55571","ID_PROV":"34","PROVINSI":"DAERAH ISTIMEWA YOGYAKARTA","ID_KABKOT":"34.04","KABKOT":"SLEMAN","ID_KEC":"34.04.10","KECAMATAN":"KALASAN","ID_DESA":"34.04.10.2001","DESA":"PURWOMARTANI","LONGITUDE":110.4488729,"LATITUDE":-7.7692237,"STATUS":"BUKA","TANGGAL PENGUMPULAN":"Q1 2024","TANGGAL UPDATE":"28/02/2025"}},{"type":"Feature","geometry":{"coordinates":[110.4411294,-7.7536862],"type":"Point"},"properties":{"NAMA":"APOTEK BERKAH FARMA","TIPE_1":"KESEHATAN DAN PENGOBATAN","TIPE_2":"APOTEK","TIPE_3":"-","TELEPON":"0819-3175-8198","ALAMAT":"JL. KADISOKA, KADISOKO, PURWOMARTANI, KEC. KALASAN, KABUPATEN SLEMAN, DAERAH ISTIMEWA YOGYAKARTA 55281","ID_PROV":"34","PROVINSI":"DAERAH ISTIMEWA YOGYAKARTA","ID_KABKOT":"34.04","KABKOT":"SLEMAN","ID_KEC":"34.04.10","KECAMATAN":"KALASAN","ID_DESA":"34.04.10.2001","DESA":"PURWOMARTANI","LONGITUDE":110.4411294,"LATITUDE":-7.7536862,"STATUS":"BUKA","TANGGAL PENGUMPULAN":"Q1 2024","TANGGAL UPDATE":"28/02/2025"}},{"type":"Feature","geometry":{"coordinates":[110.4828593,-7.7930753],"type":"Point"},"properties":{"NAMA":"APOTEK K-24 POTROJAYAN SLEMAN","TIPE_1":"KESEHATAN DAN PENGOBATAN","TIPE_2":"APOTEK","TIPE_3":"-","TELEPON":"(0274) 4542339","ALAMAT":"JL. RAYA PIYUNGAN - PRAMBANAN NO.KM. 5, POTROJAYAN, MADUREJO, KEC. PRAMBANAN, KABUPATEN SLEMAN, DAERAH ISTIMEWA YOGYAKARTA 55572","ID_PROV":"34","PROVINSI":"DAERAH ISTIMEWA YOGYAKARTA","ID_KABKOT":"34.04","KABKOT":"SLEMAN","ID_KEC":"34.04.09","KECAMATAN":"PRAMBANAN","ID_DESA":"34.04.09.2005","DESA":"MADUREJO","LONGITUDE":110.4828593,"LATITUDE":-7.7930753,"STATUS":"BUKA","TANGGAL PENGUMPULAN":"Q1 2024","TANGGAL UPDATE":"28/02/2025"}},{"type":"Feature","geometry":{"coordinates":[110.3619508,-7.7527065],"type":"Point"},"properties":{"NAMA":"APOTEK LARISSA","TIPE_1":"KESEHATAN DAN PENGOBATAN","TIPE_2":"APOTEK","TIPE_3":"-","TELEPON":"","ALAMAT":"JL. MAGELANG NO.22, KUTU PATRAN, SINDUADI, KEC. MLATI, KABUPATEN SLEMAN, DAERAH ISTIMEWA YOGYAKARTA 55284","ID_PROV":"34","PROVINSI":"DAERAH ISTIMEWA YOGYAKARTA","ID_KABKOT":"34.04","KABKOT":"SLEMAN","ID_KEC":"34.04.06","KECAMATAN":"MLATI","ID_DESA":"34.04.06.2001","DESA":"SINDUADI","LONGITUDE":110.3619508,"LATITUDE":-7.7527065,"STATUS":"BUKA","TANGGAL PENGUMPULAN":"Q1 2024","TANGGAL UPDATE":"28/02/2025"}},{"type":"Feature","geometry":{"coordinates":[110.2425838,-7.7547161],"type":"Point"},"properties":{"NAMA":"FARMASI RSU PANTI BAKTININGSIH","TIPE_1":"KESEHATAN DAN PENGOBATAN","TIPE_2":"APOTEK","TIPE_3":"-","TELEPON":"(0274) 6497209","ALAMAT":"KLEPU, SENDANGMULYO, KEC. MINGGIR, KABUPATEN SLEMAN, DAERAH ISTIMEWA YOGYAKARTA 55562","ID_PROV":"34","PROVINSI":"DAERAH ISTIMEWA YOGYAKARTA","ID_KABKOT":"34.04","KABKOT":"SLEMAN","ID_KEC":"34.04.04","KECAMATAN":"MINGGIR","ID_DESA":"34.04.04.2002","DESA":"SENDANGMULYO","LONGITUDE":110.2425838,"LATITUDE":-7.7547161,"STATUS":"BUKA","TANGGAL PENGUMPULAN":"Q1 2024","TANGGAL UPDATE":"28/02/2025"}},{"type":"Feature","geometry":{"coordinates":[110.2718541,-7.7166206],"type":"Point"},"properties":{"NAMA":"APOTEK SUMITOMO-( Ê§‹Ê¦²Ê¦¥Ê¦ºÊ¦´Ê¦ Ê¦¼Ê¦Ê§€Ê¦±Ê¦¸Ê¦©Ê¦¶Ê¦ Ê¦ºÊ¦´Ê¦©Ê¦ºÊ¦´ )","TIPE_1":"KESEHATAN DAN PENGOBATAN","TIPE_2":"APOTEK","TIPE_3":"-","TELEPON":"0857-2884-3033","ALAMAT":"JL. KEBON AGUNG NO.37, NGARAN, MARGOKATON, SEYEGAN, SLEMAN REGENCY, SPECIAL REGION OF YOGYAKARTA 55561","ID_PROV":"34","PROVINSI":"DAERAH ISTIMEWA YOGYAKARTA","ID_KABKOT":"34.04","KABKOT":"SLEMAN","ID_KEC":"34.04.05","KECAMATAN":"SEYEGAN","ID_DESA":"34.04.05.2003","DESA":"MARGOKATON","LONGITUDE":110.2718541,"LATITUDE":-7.7166206,"STATUS":"BUKA","TANGGAL PENGUMPULAN":"Q1 2024","TANGGAL UPDATE":"28/02/2025"}},{"type":"Feature","geometry":{"coordinates":[110.2623051,-7.7158417],"type":"Point"},"properties":{"NAMA":"APOTEK ANUGRAH FARMA","TIPE_1":"KESEHATAN DAN PENGOBATAN","TIPE_2":"APOTEK","TIPE_3":"-","TELEPON":"","ALAMAT":"PARAKAN WETAN, SENDANGSARI, KEC. MINGGIR, KABUPATEN SLEMAN, DAERAH ISTIMEWA YOGYAKARTA 55562","ID_PROV":"34","PROVINSI":"DAERAH ISTIMEWA YOGYAKARTA","ID_KABKOT":"34.04","KABKOT":"SLEMAN","ID_KEC":"34.04.04","KECAMATAN":"MINGGIR","ID_DESA":"34.04.04.2004","DESA":"SENDANGSARI","LONGITUDE":110.2623051,"LATITUDE":-7.7158417,"STATUS":"BUKA","TANGGAL PENGUMPULAN":"Q1 2024","TANGGAL UPDATE":"28/02/2025"}},{"type":"Feature","geometry":{"coordinates":[110.2544962,-7.7745831],"type":"Point"},"properties":{"NAMA":"AGEN STOK HNI HPAI","TIPE_1":"KESEHATAN DAN PENGOBATAN","TIPE_2":"APOTEK","TIPE_3":"-","TELEPON":"","ALAMAT":"JL. PONGGOK, PONGGOK, SUMBERAGUNG, KEC. MOYUDAN, KABUPATEN SLEMAN, DAERAH ISTIMEWA YOGYAKARTA 55563","ID_PROV":"34","PROVINSI":"DAERAH ISTIMEWA YOGYAKARTA","ID_KABKOT":"34.04","KABKOT":"SLEMAN","ID_KEC":"34.04.03","KECAMATAN":"MOYUDAN","ID_DESA":"34.04.03.2003","DESA":"SUMBERAGUNG","LONGITUDE":110.2544962,"LATITUDE":-7.7745831,"STATUS":"BUKA","TANGGAL PENGUMPULAN":"Q1 2024","TANGGAL UPDATE":"28/02/2025"}},{"type":"Feature","geometry":{"coordinates":[110.2664119,-7.7794781],"type":"Point"},"properties":{"NAMA":"STOKIS OBAT HERBAL","TIPE_1":"KESEHATAN DAN PENGOBATAN","TIPE_2":"APOTEK","TIPE_3":"-","TELEPON":"0856-0188-7737","ALAMAT":"NASRI, SUMBERSARI, KEC. MOYUDAN, KABUPATEN SLEMAN, DAERAH ISTIMEWA YOGYAKARTA 55563","ID_PROV":"34","PROVINSI":"DAERAH ISTIMEWA YOGYAKARTA","ID_KABKOT":"34.04","KABKOT":"SLEMAN","ID_KEC":"34.04.03","KECAMATAN":"MOYUDAN","ID_DESA":"34.04.03.2002","DESA":"SUMBERSARI","LONGITUDE":110.2664119,"LATITUDE":-7.7794781,"STATUS":"BUKA","TANGGAL PENGUMPULAN":"Q1 2024","TANGGAL UPDATE":"28/02/2025"}},{"type":"Feature","geometry":{"coordinates":[110.3301495,-7.7332709],"type":"Point"},"properties":{"NAMA":"APOTEK VIVA GENERIK MLATI","TIPE_1":"KESEHATAN DAN PENGOBATAN","TIPE_2":"APOTEK","TIPE_3":"-","TELEPON":"(0274) 869882","ALAMAT":"JL. GAJAH MADA NO.18, CEBONGAN LOR, TLOGOADI, KEC. MLATI, KABUPATEN SLEMAN, DAERAH ISTIMEWA YOGYAKARTA 55286","ID_PROV":"34","PROVINSI":"DAERAH ISTIMEWA YOGYAKARTA","ID_KABKOT":"34.04","KABKOT":"SLEMAN","ID_KEC":"34.04.06","KECAMATAN":"MLATI","ID_DESA":"34.04.06.2003","DESA":"TLOGOADI","LONGITUDE":110.3301495,"LATITUDE":-7.7332709,"STATUS":"BUKA","TANGGAL PENGUMPULAN":"Q1 2024","TANGGAL UPDATE":"28/02/2025"}},{"type":"Feature","geometry":{"coordinates":[110.3771729,-7.7360122],"type":"Point"},"properties":{"NAMA":"APOTEK CITO FARMA","TIPE_1":"KESEHATAN DAN PENGOBATAN","TIPE_2":"APOTEK","TIPE_3":"-","TELEPON":"","ALAMAT":"JL. PALAGAN TENTARA PELAJAR NO.203 C, RW.21, MUDAL, SARIHARJO, KEC. NGAGLIK, KABUPATEN SLEMAN, DAERAH ISTIMEWA YOGYAKARTA 55581","ID_PROV":"34","PROVINSI":"DAERAH ISTIMEWA YOGYAKARTA","ID_KABKOT":"34.04","KABKOT":"SLEMAN","ID_KEC":"34.04.12","KECAMATAN":"NGAGLIK","ID_DESA":"34.04.12.2001","DESA":"SARIHARJO","LONGITUDE":110.3771729,"LATITUDE":-7.7360122,"STATUS":"BUKA","TANGGAL PENGUMPULAN":"Q1 2024","TANGGAL UPDATE":"28/02/2025"}},{"type":"Feature","geometry":{"coordinates":[110.3691006,-7.7636642],"type":"Point"},"properties":{"NAMA":"AGEN GARAM HIMALAYA JOGJA","TIPE_1":"KESEHATAN DAN PENGOBATAN","TIPE_2":"APOTEK","TIPE_3":"-","TELEPON":"0859-7780-2272","ALAMAT":"JL. MONJALI NO.66 D, KUTU DUKUH, SINDUADI, KEC. MLATI, KABUPATEN SLEMAN, DAERAH ISTIMEWA YOGYAKARTA 55284","ID_PROV":"34","PROVINSI":"DAERAH ISTIMEWA YOGYAKARTA","ID_KABKOT":"34.04","KABKOT":"SLEMAN","ID_KEC":"34.04.06","KECAMATAN":"MLATI","ID_DESA":"34.04.06.2001","DESA":"SINDUADI","LONGITUDE":110.3691006,"LATITUDE":-7.7636642,"STATUS":"BUKA","TANGGAL PENGUMPULAN":"Q1 2024","TANGGAL UPDATE":"28/02/2025"}},{"type":"Feature","geometry":{"coordinates":[110.3206035,-7.7546742],"type":"Point"},"properties":{"NAMA":"APOTIK SYAHFANA","TIPE_1":"KESEHATAN DAN PENGOBATAN","TIPE_2":"APOTEK","TIPE_3":"-","TELEPON":"","ALAMAT":"AREA SAWAH, SIDOMOYO, KEC. GODEAN, KABUPATEN SLEMAN, DAERAH ISTIMEWA YOGYAKARTA 55264","ID_PROV":"34","PROVINSI":"DAERAH ISTIMEWA YOGYAKARTA","ID_KABKOT":"34.04","KABKOT":"SLEMAN","ID_KEC":"34.04.02","KECAMATAN":"GODEAN","ID_DESA":"34.04.02.2007","DESA":"SIDOMOYO","LONGITUDE":110.3206035,"LATITUDE":-7.7546742,"STATUS":"BUKA","TANGGAL PENGUMPULAN":"Q1 2024","TANGGAL UPDATE":"28/02/2025"}},{"type":"Feature","geometry":{"coordinates":[110.362924,-7.7454331],"type":"Point"},"properties":{"NAMA":"NOVARTIS. PT","TIPE_1":"KESEHATAN DAN PENGOBATAN","TIPE_2":"APOTEK","TIPE_3":"-","TELEPON":"(0274) 624537","ALAMAT":"JL. MAGELANG, KM. 4, 2, SINDUDADI, MLATI, JOMBOR LOR, SINDUADI, KEC. MLATI, KABUPATEN SLEMAN, DAERAH ISTIMEWA YOGYAKARTA 55284","ID_PROV":"34","PROVINSI":"DAERAH ISTIMEWA YOGYAKARTA","ID_KABKOT":"34.04","KABKOT":"SLEMAN","ID_KEC":"34.04.06","KECAMATAN":"MLATI","ID_DESA":"34.04.06.2001","DESA":"SINDUADI","LONGITUDE":110.362924,"LATITUDE":-7.7454331,"STATUS":"BUKA","TANGGAL PENGUMPULAN":"Q1 2024","TANGGAL UPDATE":"28/02/2025"}},{"type":"Feature","geometry":{"coordinates":[110.3699854,-7.7556181],"type":"Point"},"properties":{"NAMA":"TOKO HERBAL MABRUK","TIPE_1":"KESEHATAN DAN PENGOBATAN","TIPE_2":"APOTEK","TIPE_3":"-","TELEPON":"0857-0225-0222","ALAMAT":"JL. MONJALI NO.59, GEMAWANG, SINDUADI, KEC. MLATI, KABUPATEN SLEMAN, DAERAH ISTIMEWA YOGYAKARTA 55284","ID_PROV":"34","PROVINSI":"DAERAH ISTIMEWA YOGYAKARTA","ID_KABKOT":"34.04","KABKOT":"SLEMAN","ID_KEC":"34.04.06","KECAMATAN":"MLATI","ID_DESA":"34.04.06.2001","DESA":"SINDUADI","LONGITUDE":110.3699854,"LATITUDE":-7.7556181,"STATUS":"BUKA","TANGGAL PENGUMPULAN":"Q1 2024","TANGGAL UPDATE":"28/02/2025"}},{"type":"Feature","geometry":{"coordinates":[110.3082963,-7.7219163],"type":"Point"},"properties":{"NAMA":"PRADIPTA FARMA APOTEK","TIPE_1":"KESEHATAN DAN PENGOBATAN","TIPE_2":"APOTEK","TIPE_3":"-","TELEPON":"0896-1273-0137","ALAMAT":"JL. TEMPEL-SEYEGAN, KREGOLAN, MARGOMULYO, KEC. SEYEGAN, KABUPATEN SLEMAN, DAERAH ISTIMEWA YOGYAKARTA 55561","ID_PROV":"34","PROVINSI":"DAERAH ISTIMEWA YOGYAKARTA","ID_KABKOT":"34.04","KABKOT":"SLEMAN","ID_KEC":"34.04.05","KECAMATAN":"SEYEGAN","ID_DESA":"34.04.05.2002","DESA":"MARGODADI","LONGITUDE":110.3082963,"LATITUDE":-7.7219163,"STATUS":"BUKA","TANGGAL PENGUMPULAN":"Q1 2024","TANGGAL UPDATE":"28/02/2025"}},{"type":"Feature","geometry":{"coordinates":[110.3355003,-7.7161572],"type":"Point"},"properties":{"NAMA":"APOTIK DALIJO","TIPE_1":"KESEHATAN DAN PENGOBATAN","TIPE_2":"APOTEK","TIPE_3":"-","TELEPON":"(0274) 895466","ALAMAT":"JL KIOS PAKEM, NO. 7-A/8-A RT 01 RW 36, PAKEMBINANGUN, PAKEM, WARAK KIDUL, SUMBERADI, KEC. SLEMAN, KABUPATEN SLEMAN, DAERAH ISTIMEWA YOGYAKARTA 55288","ID_PROV":"34","PROVINSI":"DAERAH ISTIMEWA YOGYAKARTA","ID_KABKOT":"34.04","KABKOT":"SLEMAN","ID_KEC":"34.04.06","KECAMATAN":"MLATI","ID_DESA":"34.04.06.2005","DESA":"SUMBERADI","LONGITUDE":110.3355003,"LATITUDE":-7.7161572,"STATUS":"BUKA","TANGGAL PENGUMPULAN":"Q1 2024","TANGGAL UPDATE":"28/02/2025"}},{"type":"Feature","geometry":{"coordinates":[110.3434644,-7.7242375],"type":"Point"},"properties":{"NAMA":"NADIA LOUNDRY","TIPE_1":"KESEHATAN DAN PENGOBATAN","TIPE_2":"APOTEK","TIPE_3":"-","TELEPON":"","ALAMAT":"UNNAMED ROAD, AREA SAWAH, TLOGOADI, MLATI, SLEMAN REGENCY, SPECIAL REGION OF YOGYAKARTA 55286","ID_PROV":"34","PROVINSI":"DAERAH ISTIMEWA YOGYAKARTA","ID_KABKOT":"34.04","KABKOT":"SLEMAN","ID_KEC":"34.04.06","KECAMATAN":"MLATI","ID_DESA":"34.04.06.2003","DESA":"TLOGOADI","LONGITUDE":110.3434644,"LATITUDE":-7.7242375,"STATUS":"BUKA","TANGGAL PENGUMPULAN":"Q1 2024","TANGGAL UPDATE":"28/02/2025"}},{"type":"Feature","geometry":{"coordinates":[110.356512,-7.7289826],"type":"Point"},"properties":{"NAMA":"SC HNI SLEMAN BE HEALTHY HALAL MART","TIPE_1":"KESEHATAN DAN PENGOBATAN","TIPE_2":"APOTEK","TIPE_3":"-","TELEPON":"0877-3254-9196","ALAMAT":"JL. BUMI MONJALI, JATIREJO, SENDANGADI, KEC. MLATI, KABUPATEN SLEMAN, DAERAH ISTIMEWA YOGYAKARTA","ID_PROV":"34","PROVINSI":"DAERAH ISTIMEWA YOGYAKARTA","ID_KABKOT":"34.04","KABKOT":"SLEMAN","ID_KEC":"34.04.06","KECAMATAN":"MLATI","ID_DESA":"34.04.06.2002","DESA":"SENDANGADI","LONGITUDE":110.356512,"LATITUDE":-7.7289826,"STATUS":"BUKA","TANGGAL PENGUMPULAN":"Q1 2024","TANGGAL UPDATE":"28/02/2025"}},{"type":"Feature","geometry":{"coordinates":[110.3281145,-7.7330762],"type":"Point"},"properties":{"NAMA":"APOTEK THOYYIBAH","TIPE_1":"KESEHATAN DAN PENGOBATAN","TIPE_2":"APOTEK","TIPE_3":"-","TELEPON":"(0274) 4364301","ALAMAT":"RT.02/RW.36, BEDINGIN, SUMBERADI, KEC. MLATI, KABUPATEN SLEMAN, DAERAH ISTIMEWA YOGYAKARTA 55288","ID_PROV":"34","PROVINSI":"DAERAH ISTIMEWA YOGYAKARTA","ID_KABKOT":"34.04","KABKOT":"SLEMAN","ID_KEC":"34.04.06","KECAMATAN":"MLATI","ID_DESA":"34.04.06.2005","DESA":"SUMBERADI","LONGITUDE":110.3281145,"LATITUDE":-7.7330762,"STATUS":"BUKA","TANGGAL PENGUMPULAN":"Q1 2024","TANGGAL UPDATE":"28/02/2025"}},{"type":"Feature","geometry":{"coordinates":[110.3618542,-7.7557702],"type":"Point"},"properties":{"NAMA":"APOTEK KIMIA FARMA JAMAL 5.5","TIPE_1":"KESEHATAN DAN PENGOBATAN","TIPE_2":"APOTEK","TIPE_3":"-","TELEPON":"0811-1067-8223","ALAMAT":"JL. MAGELANG NO.62, KUTU TEGAL, SINDUADI, KEC. MLATI, KABUPATEN SLEMAN, DAERAH ISTIMEWA YOGYAKARTA 55284","ID_PROV":"34","PROVINSI":"DAERAH ISTIMEWA YOGYAKARTA","ID_KABKOT":"34.04","KABKOT":"SLEMAN","ID_KEC":"34.04.06","KECAMATAN":"MLATI","ID_DESA":"34.04.06.2001","DESA":"SINDUADI","LONGITUDE":110.3618542,"LATITUDE":-7.7557702,"STATUS":"BUKA","TANGGAL PENGUMPULAN":"Q1 2024","TANGGAL UPDATE":"28/02/2025"}},{"type":"Feature","geometry":{"coordinates":[110.3313775,-7.7314026],"type":"Point"},"properties":{"NAMA":"K24 SATELIT CEBONGAN","TIPE_1":"KESEHATAN DAN PENGOBATAN","TIPE_2":"APOTEK","TIPE_3":"-","TELEPON":"(0274) 867881","ALAMAT":"JL. KEBON AGUNG NO.KM 3, RT.04/RW.05, AREA SAWAH, TLOGOADI, KEC. MLATI, KABUPATEN SLEMAN, DAERAH ISTIMEWA YOGYAKARTA 55286","ID_PROV":"34","PROVINSI":"DAERAH ISTIMEWA YOGYAKARTA","ID_KABKOT":"34.04","KABKOT":"SLEMAN","ID_KEC":"34.04.06","KECAMATAN":"MLATI","ID_DESA":"34.04.06.2003","DESA":"TLOGOADI","LONGITUDE":110.3313775,"LATITUDE":-7.7314026,"STATUS":"BUKA","TANGGAL PENGUMPULAN":"Q1 2024","TANGGAL UPDATE":"28/02/2025"}},{"type":"Feature","geometry":{"coordinates":[110.3622883,-7.7414361],"type":"Point"},"properties":{"NAMA":"CIK MOY","TIPE_1":"KESEHATAN DAN PENGOBATAN","TIPE_2":"APOTEK","TIPE_3":"-","TELEPON":"0859-5920-7716","ALAMAT":"JL. MAGELANG NO.KM 9.5, MLATI BENINGAN, SENDANGADI, KEC. MLATI, KABUPATEN SLEMAN, DAERAH ISTIMEWA YOGYAKARTA 55285","ID_PROV":"34","PROVINSI":"DAERAH ISTIMEWA YOGYAKARTA","ID_KABKOT":"34.04","KABKOT":"SLEMAN","ID_KEC":"34.04.06","KECAMATAN":"MLATI","ID_DESA":"34.04.06.2002","DESA":"SENDANGADI","LONGITUDE":110.3622883,"LATITUDE":-7.7414361,"STATUS":"BUKA","TANGGAL PENGUMPULAN":"Q1 2024","TANGGAL UPDATE":"28/02/2025"}},{"type":"Feature","geometry":{"coordinates":[110.276903,-7.7887865],"type":"Point"},"properties":{"NAMA":"APOTEK NULIS","TIPE_1":"KESEHATAN DAN PENGOBATAN","TIPE_2":"APOTEK","TIPE_3":"-","TELEPON":"","ALAMAT":"MENULIS, SUMBERSARI, MOYUDAN, SLEMAN REGENCY, SPECIAL REGION OF YOGYAKARTA 55563","ID_PROV":"34","PROVINSI":"DAERAH ISTIMEWA YOGYAKARTA","ID_KABKOT":"34.04","KABKOT":"SLEMAN","ID_KEC":"34.04.03","KECAMATAN":"MOYUDAN","ID_DESA":"34.04.03.2002","DESA":"SUMBERSARI","LONGITUDE":110.276903,"LATITUDE":-7.7887865,"STATUS":"BUKA","TANGGAL PENGUMPULAN":"Q1 2024","TANGGAL UPDATE":"28/02/2025"}},{"type":"Feature","geometry":{"coordinates":[110.2768407,-7.7887729],"type":"Point"},"properties":{"NAMA":"APOTEK KARUNIA FARMA","TIPE_1":"KESEHATAN DAN PENGOBATAN","TIPE_2":"APOTEK","TIPE_3":"-","TELEPON":"","ALAMAT":"MENULIS, SUMBERSARI, KEC. MOYUDAN, KABUPATEN SLEMAN, DAERAH ISTIMEWA YOGYAKARTA 55563","ID_PROV":"34","PROVINSI":"DAERAH ISTIMEWA YOGYAKARTA","ID_KABKOT":"34.04","KABKOT":"SLEMAN","ID_KEC":"34.04.03","KECAMATAN":"MOYUDAN","ID_DESA":"34.04.03.2002","DESA":"SUMBERSARI","LONGITUDE":110.2768407,"LATITUDE":-7.7887729,"STATUS":"BUKA","TANGGAL PENGUMPULAN":"Q1 2024","TANGGAL UPDATE":"28/02/2025"}},{"type":"Feature","geometry":{"coordinates":[110.2383368,-7.7880928],"type":"Point"},"properties":{"NAMA":"KUSUMA HERBAL HPAI","TIPE_1":"KESEHATAN DAN PENGOBATAN","TIPE_2":"APOTEK","TIPE_3":"-","TELEPON":"0852-0129-9373","ALAMAT":"KEMBANGAN II, SUMBERRAHAYU, KEC. MOYUDAN, KABUPATEN SLEMAN, DAERAH ISTIMEWA YOGYAKARTA 55563","ID_PROV":"34","PROVINSI":"DAERAH ISTIMEWA YOGYAKARTA","ID_KABKOT":"34.04","KABKOT":"SLEMAN","ID_KEC":"34.04.03","KECAMATAN":"MOYUDAN","ID_DESA":"34.04.03.2001","DESA":"SUMBERRAHAYU","LONGITUDE":110.2383368,"LATITUDE":-7.7880928,"STATUS":"BUKA","TANGGAL PENGUMPULAN":"Q1 2024","TANGGAL UPDATE":"28/02/2025"}},{"type":"Feature","geometry":{"coordinates":[110.2645094,-7.7163459],"type":"Point"},"properties":{"NAMA":"LAS VEGAS'18","TIPE_1":"KESEHATAN DAN PENGOBATAN","TIPE_2":"APOTEK","TIPE_3":"-","TELEPON":"","ALAMAT":"JL. KEBON AGUNG, NGEPRINGAN 3, SENDANGREJO, KEC. MINGGIR, KABUPATEN SLEMAN, DAERAH ISTIMEWA YOGYAKARTA 55562","ID_PROV":"34","PROVINSI":"DAERAH ISTIMEWA YOGYAKARTA","ID_KABKOT":"34.04","KABKOT":"SLEMAN","ID_KEC":"34.04.04","KECAMATAN":"MINGGIR","ID_DESA":"34.04.04.2005","DESA":"SENDANGREJO","LONGITUDE":110.2645094,"LATITUDE":-7.7163459,"STATUS":"BUKA","TANGGAL PENGUMPULAN":"Q1 2024","TANGGAL UPDATE":"28/02/2025"}},{"type":"Feature","geometry":{"coordinates":[110.2341405,-7.7259312],"type":"Point"},"properties":{"NAMA":"KEDAI OBAT SENDANGAGUNG","TIPE_1":"KESEHATAN DAN PENGOBATAN","TIPE_2":"APOTEK","TIPE_3":"-","TELEPON":"","ALAMAT":"JL. RAYA BANJARARUM, KLIRAN, SENDANGAGUNG, KEC. MINGGIR, KABUPATEN SLEMAN, DAERAH ISTIMEWA YOGYAKARTA 55562","ID_PROV":"34","PROVINSI":"DAERAH ISTIMEWA YOGYAKARTA","ID_KABKOT":"34.04","KABKOT":"SLEMAN","ID_KEC":"34.04.04","KECAMATAN":"MINGGIR","ID_DESA":"34.04.04.2003","DESA":"SENDANGAGUNG","LONGITUDE":110.2341405,"LATITUDE":-7.7259312,"STATUS":"BUKA","TANGGAL PENGUMPULAN":"Q1 2024","TANGGAL UPDATE":"28/02/2025"}},{"type":"Feature","geometry":{"coordinates":[110.2515348,-7.7580168],"type":"Point"},"properties":{"NAMA":"APOTEK DANI'S FARMA","TIPE_1":"KESEHATAN DAN PENGOBATAN","TIPE_2":"APOTEK","TIPE_3":"-","TELEPON":"(0274) 6558421","ALAMAT":"JL. NGAPAK - KENTHENG, NGIJON, SUMBERAGUNG, KEC. MOYUDAN, KABUPATEN SLEMAN, DAERAH ISTIMEWA YOGYAKARTA 55562","ID_PROV":"34","PROVINSI":"DAERAH ISTIMEWA YOGYAKARTA","ID_KABKOT":"34.04","KABKOT":"SLEMAN","ID_KEC":"34.04.04","KECAMATAN":"MINGGIR","ID_DESA":"34.04.04.2001","DESA":"SENDANGARUM","LONGITUDE":110.2515348,"LATITUDE":-7.7580168,"STATUS":"BUKA","TANGGAL PENGUMPULAN":"Q1 2024","TANGGAL UPDATE":"28/02/2025"}},{"type":"Feature","geometry":{"coordinates":[110.2503227,-7.7576385],"type":"Point"},"properties":{"NAMA":"KEDAI OMAH OBAT NGIJON","TIPE_1":"KESEHATAN DAN PENGOBATAN","TIPE_2":"APOTEK","TIPE_3":"-","TELEPON":"0858-4236-9869","ALAMAT":"NGIJON, SENDANGARUM, KEC. MINGGIR, KABUPATEN SLEMAN, DAERAH ISTIMEWA YOGYAKARTA 55563","ID_PROV":"34","PROVINSI":"DAERAH ISTIMEWA YOGYAKARTA","ID_KABKOT":"34.04","KABKOT":"SLEMAN","ID_KEC":"34.04.04","KECAMATAN":"MINGGIR","ID_DESA":"34.04.04.2001","DESA":"SENDANGARUM","LONGITUDE":110.2503227,"LATITUDE":-7.7576385,"STATUS":"BUKA","TANGGAL PENGUMPULAN":"Q1 2024","TANGGAL UPDATE":"28/02/2025"}},{"type":"Feature","geometry":{"coordinates":[110.248272,-7.722828],"type":"Point"},"properties":{"NAMA":"PAKUALAMAN STREET","TIPE_1":"KESEHATAN DAN PENGOBATAN","TIPE_2":"APOTEK","TIPE_3":"-","TELEPON":"","ALAMAT":"UNNAMED ROAD, WATU GAJAH, SENDANGAGUNG, KEC. MINGGIR, KABUPATEN SLEMAN, DAERAH ISTIMEWA YOGYAKARTA 55562","ID_PROV":"34","PROVINSI":"DAERAH ISTIMEWA YOGYAKARTA","ID_KABKOT":"34.04","KABKOT":"SLEMAN","ID_KEC":"34.04.04","KECAMATAN":"MINGGIR","ID_DESA":"34.04.04.2003","DESA":"SENDANGAGUNG","LONGITUDE":110.248272,"LATITUDE":-7.722828,"STATUS":"BUKA","TANGGAL PENGUMPULAN":"Q1 2024","TANGGAL UPDATE":"28/02/2025"}},{"type":"Feature","geometry":{"coordinates":[110.2351125,-7.7257859],"type":"Point"},"properties":{"NAMA":"APOTEK SYIFA BONAGUNG","TIPE_1":"KESEHATAN DAN PENGOBATAN","TIPE_2":"APOTEK","TIPE_3":"-","TELEPON":"0812-2815-6063","ALAMAT":"JL. KEBON AGUNG, PLOMBANGAN, SENDANGAGUNG, KEC. MINGGIR, KABUPATEN SLEMAN, DAERAH ISTIMEWA YOGYAKARTA 55562","ID_PROV":"34","PROVINSI":"DAERAH ISTIMEWA YOGYAKARTA","ID_KABKOT":"34.04","KABKOT":"SLEMAN","ID_KEC":"34.04.04","KECAMATAN":"MINGGIR","ID_DESA":"34.04.04.2003","DESA":"SENDANGAGUNG","LONGITUDE":110.2351125,"LATITUDE":-7.7257859,"STATUS":"BUKA","TANGGAL PENGUMPULAN":"Q1 2024","TANGGAL UPDATE":"28/02/2025"}},{"type":"Feature","geometry":{"coordinates":[110.2569742,-7.7596658],"type":"Point"},"properties":{"NAMA":"APOTEK NURANI","TIPE_1":"KESEHATAN DAN PENGOBATAN","TIPE_2":"APOTEK","TIPE_3":"-","TELEPON":"(0274) 700730","ALAMAT":"JALAN GEDONGAN, AREA SAWAH, SUMBERAGUNG, KEC. MOYUDAN, KABUPATEN SLEMAN, DAERAH ISTIMEWA YOGYAKARTA 55563","ID_PROV":"34","PROVINSI":"DAERAH ISTIMEWA YOGYAKARTA","ID_KABKOT":"34.04","KABKOT":"SLEMAN","ID_KEC":"34.04.03","KECAMATAN":"MOYUDAN","ID_DESA":"34.04.03.2003","DESA":"SUMBERAGUNG","LONGITUDE":110.2569742,"LATITUDE":-7.7596658,"STATUS":"BUKA","TANGGAL PENGUMPULAN":"Q1 2024","TANGGAL UPDATE":"28/02/2025"}},{"type":"Feature","geometry":{"coordinates":[110.2718855,-7.7166179],"type":"Point"},"properties":{"NAMA":"APOTEK KOSUDGAMA TIGA","TIPE_1":"KESEHATAN DAN PENGOBATAN","TIPE_2":"APOTEK","TIPE_3":"-","TELEPON":"0856-4114-4742","ALAMAT":"JL. KEBON AGUNG NO.37, NGARAN, MARGOKATON, KEC. MINGGIR, KABUPATEN SLEMAN, DAERAH ISTIMEWA YOGYAKARTA 55561","ID_PROV":"34","PROVINSI":"DAERAH ISTIMEWA YOGYAKARTA","ID_KABKOT":"34.04","KABKOT":"SLEMAN","ID_KEC":"34.04.05","KECAMATAN":"SEYEGAN","ID_DESA":"34.04.05.2003","DESA":"MARGOKATON","LONGITUDE":110.2718855,"LATITUDE":-7.7166179,"STATUS":"BUKA","TANGGAL PENGUMPULAN":"Q1 2024","TANGGAL UPDATE":"28/02/2025"}},{"type":"Feature","geometry":{"coordinates":[110.2355897,-7.7305588],"type":"Point"},"properties":{"NAMA":"SAVIO EVAN MSI YOGY","TIPE_1":"KESEHATAN DAN PENGOBATAN","TIPE_2":"APOTEK","TIPE_3":"-","TELEPON":"0812-8282-2072","ALAMAT":"SAIDAN, RT.03/RW.18, PLOMBANGAN, SENDANGAGUNG, KEC. MINGGIR, KABUPATEN SLEMAN, DAERAH ISTIMEWA YOGYAKARTA 55562","ID_PROV":"34","PROVINSI":"DAERAH ISTIMEWA YOGYAKARTA","ID_KABKOT":"34.04","KABKOT":"SLEMAN","ID_KEC":"34.04.04","KECAMATAN":"MINGGIR","ID_DESA":"34.04.04.2003","DESA":"SENDANGAGUNG","LONGITUDE":110.2355897,"LATITUDE":-7.7305588,"STATUS":"BUKA","TANGGAL PENGUMPULAN":"Q1 2024","TANGGAL UPDATE":"28/02/2025"}},{"type":"Feature","geometry":{"coordinates":[110.3621446,-7.7625964],"type":"Point"},"properties":{"NAMA":"STOCKIST FIRMAX3 BUNDA DJUMARTI","TIPE_1":"KESEHATAN DAN PENGOBATAN","TIPE_2":"APOTEK","TIPE_3":"-","TELEPON":"0815-6880-055","ALAMAT":"KUTU DUKUH, SINDUADI, KEC. MLATI, KABUPATEN SLEMAN, DAERAH ISTIMEWA YOGYAKARTA 55284","ID_PROV":"34","PROVINSI":"DAERAH ISTIMEWA YOGYAKARTA","ID_KABKOT":"34.04","KABKOT":"SLEMAN","ID_KEC":"34.04.06","KECAMATAN":"MLATI","ID_DESA":"34.04.06.2001","DESA":"SINDUADI","LONGITUDE":110.3621446,"LATITUDE":-7.7625964,"STATUS":"BUKA","TANGGAL PENGUMPULAN":"Q1 2024","TANGGAL UPDATE":"28/02/2025"}},{"type":"Feature","geometry":{"coordinates":[110.3353266,-7.719056],"type":"Point"},"properties":{"NAMA":"APOTEK BRAGA SLEMAN","TIPE_1":"KESEHATAN DAN PENGOBATAN","TIPE_2":"APOTEK","TIPE_3":"-","TELEPON":"0853-8969-2288","ALAMAT":"JL. PURBAYA, WARAK KIDUL, SUMBERADI, MLATI, SLEMAN REGENCY, SPECIAL REGION OF YOGYAKARTA","ID_PROV":"34","PROVINSI":"DAERAH ISTIMEWA YOGYAKARTA","ID_KABKOT":"34.04","KABKOT":"SLEMAN","ID_KEC":"34.04.06","KECAMATAN":"MLATI","ID_DESA":"34.04.06.2005","DESA":"SUMBERADI","LONGITUDE":110.3353266,"LATITUDE":-7.719056,"STATUS":"BUKA","TANGGAL PENGUMPULAN":"Q1 2024","TANGGAL UPDATE":"28/02/2025"}},{"type":"Feature","geometry":{"coordinates":[110.3112345,-7.7240396],"type":"Point"},"properties":{"NAMA":"APOTEK MARGO SARAS","TIPE_1":"KESEHATAN DAN PENGOBATAN","TIPE_2":"APOTEK","TIPE_3":"-","TELEPON":"0822-2775-5005","ALAMAT":"JL. KEBON AGUNG, MRIYAN KULON, MARGOMULYO, KEC. SEYEGAN, KABUPATEN SLEMAN, DAERAH ISTIMEWA YOGYAKARTA 55561","ID_PROV":"34","PROVINSI":"DAERAH ISTIMEWA YOGYAKARTA","ID_KABKOT":"34.04","KABKOT":"SLEMAN","ID_KEC":"34.04.05","KECAMATAN":"SEYEGAN","ID_DESA":"34.04.05.2004","DESA":"MARGOMULYO","LONGITUDE":110.3112345,"LATITUDE":-7.7240396,"STATUS":"BUKA","TANGGAL PENGUMPULAN":"Q1 2024","TANGGAL UPDATE":"28/02/2025"}},{"type":"Feature","geometry":{"coordinates":[110.373591,-7.7685899],"type":"Point"},"properties":{"NAMA":"APOTEK PELENGKAP","TIPE_1":"KESEHATAN DAN PENGOBATAN","TIPE_2":"APOTEK","TIPE_3":"-","TELEPON":"(0274) 587333","ALAMAT":"RSUP DR. SARDJITO, JL. BHINNEKA TUNGGAL IKA, SENDOWO, SINDUADI, MLATI, SLEMAN REGENCY, SPECIAL REGION OF YOGYAKARTA 55284","ID_PROV":"34","PROVINSI":"DAERAH ISTIMEWA YOGYAKARTA","ID_KABKOT":"34.04","KABKOT":"SLEMAN","ID_KEC":"34.04.06","KECAMATAN":"MLATI","ID_DESA":"34.04.06.2001","DESA":"SINDUADI","LONGITUDE":110.373591,"LATITUDE":-7.7685899,"STATUS":"BUKA","TANGGAL PENGUMPULAN":"Q1 2024","TANGGAL UPDATE":"28/02/2025"}},{"type":"Feature","geometry":{"coordinates":[110.3851328,-7.7528483],"type":"Point"},"properties":{"NAMA":"CENTURY","TIPE_1":"KESEHATAN DAN PENGOBATAN","TIPE_2":"APOTEK","TIPE_3":"-","TELEPON":"(0274) 887781","ALAMAT":"SUPERINDO KALIURANG JL. KALIURANG KM 6.2 NO. 51 SINDUADI, PURWOSARI, KEC. MLATI, KABUPATEN SLEMAN, DAERAH ISTIMEWA YOGYAKARTA 55582","ID_PROV":"34","PROVINSI":"DAERAH ISTIMEWA YOGYAKARTA","ID_KABKOT":"34.04","KABKOT":"SLEMAN","ID_KEC":"34.04.07","KECAMATAN":"DEPOK","ID_DESA":"34.04.07.2001","DESA":"CATURTUNGGAL","LONGITUDE":110.3851328,"LATITUDE":-7.7528483,"STATUS":"BUKA","TANGGAL PENGUMPULAN":"Q1 2024","TANGGAL UPDATE":"28/02/2025"}},{"type":"Feature","geometry":{"coordinates":[110.3740046,-7.7228036],"type":"Point"},"properties":{"NAMA":"APOTIK INDO ALLURE","TIPE_1":"KESEHATAN DAN PENGOBATAN","TIPE_2":"APOTEK","TIPE_3":"-","TELEPON":"(0274) 889415","ALAMAT":"TEGAL WERU, SARIHARJO, KEC. NGAGLIK, KABUPATEN SLEMAN, DAERAH ISTIMEWA YOGYAKARTA 55581","ID_PROV":"34","PROVINSI":"DAERAH ISTIMEWA YOGYAKARTA","ID_KABKOT":"34.04","KABKOT":"SLEMAN","ID_KEC":"34.04.12","KECAMATAN":"NGAGLIK","ID_DESA":"34.04.12.2001","DESA":"SARIHARJO","LONGITUDE":110.3740046,"LATITUDE":-7.7228036,"STATUS":"BUKA","TANGGAL PENGUMPULAN":"Q1 2024","TANGGAL UPDATE":"28/02/2025"}},{"type":"Feature","geometry":{"coordinates":[110.3152263,-7.7376896],"type":"Point"},"properties":{"NAMA":"APOTEK PUNDONG","TIPE_1":"KESEHATAN DAN PENGOBATAN","TIPE_2":"APOTEK","TIPE_3":"-","TELEPON":"0858-6886-7575","ALAMAT":"PUNDONG 1 RT 01 RW 01 TIRTOADI MLATI SLEMAN, YOGYAKARTA, DAERAH ISTIMEWA YOGYAKARTA 55287","ID_PROV":"34","PROVINSI":"DAERAH ISTIMEWA YOGYAKARTA","ID_KABKOT":"34.04","KABKOT":"SLEMAN","ID_KEC":"34.04.06","KECAMATAN":"MLATI","ID_DESA":"34.04.06.2004","DESA":"TIRTOADI","LONGITUDE":110.3152263,"LATITUDE":-7.7376896,"STATUS":"BUKA","TANGGAL PENGUMPULAN":"Q1 2024","TANGGAL UPDATE":"28/02/2025"}},{"type":"Feature","geometry":{"coordinates":[110.3620769,-7.7449967],"type":"Point"},"properties":{"NAMA":"ZA - SENG","TIPE_1":"KESEHATAN DAN PENGOBATAN","TIPE_2":"APOTEK","TIPE_3":"-","TELEPON":"0813-9232-7933","ALAMAT":"JL. MAGELANG KM.16, MLATI BENINGAN, SENDANGADI, KEC. MLATI, KABUPATEN SLEMAN, DAERAH ISTIMEWA YOGYAKARTA 55285","ID_PROV":"34","PROVINSI":"DAERAH ISTIMEWA YOGYAKARTA","ID_KABKOT":"34.04","KABKOT":"SLEMAN","ID_KEC":"34.04.06","KECAMATAN":"MLATI","ID_DESA":"34.04.06.2001","DESA":"SINDUADI","LONGITUDE":110.3620769,"LATITUDE":-7.7449967,"STATUS":"BUKA","TANGGAL PENGUMPULAN":"Q1 2024","TANGGAL UPDATE":"28/02/2025"}},{"type":"Feature","geometry":{"coordinates":[110.335314,-7.719084],"type":"Point"},"properties":{"NAMA":"APOTEK DAN PRAKTEK DOKTER","TIPE_1":"KESEHATAN DAN PENGOBATAN","TIPE_2":"APOTEK","TIPE_3":"-","TELEPON":"","ALAMAT":"JL. PURBAYA, WARAK KIDUL, SUMBERADI, KEC. MLATI, KABUPATEN SLEMAN, DAERAH ISTIMEWA YOGYAKARTA 55288","ID_PROV":"34","PROVINSI":"DAERAH ISTIMEWA YOGYAKARTA","ID_KABKOT":"34.04","KABKOT":"SLEMAN","ID_KEC":"34.04.06","KECAMATAN":"MLATI","ID_DESA":"34.04.06.2005","DESA":"SUMBERADI","LONGITUDE":110.335314,"LATITUDE":-7.719084,"STATUS":"BUKA","TANGGAL PENGUMPULAN":"Q1 2024","TANGGAL UPDATE":"28/02/2025"}},{"type":"Feature","geometry":{"coordinates":[110.362802,-7.72477],"type":"Point"},"properties":{"NAMA":"APOTEK GOLDEN","TIPE_1":"KESEHATAN DAN PENGOBATAN","TIPE_2":"APOTEK","TIPE_3":"-","TELEPON":"(0274) 7028473","ALAMAT":"JL. MAGELANG NO.66, RT.04, BANARAN, SENDANGADI, KEC. MLATI, KABUPATEN SLEMAN, DAERAH ISTIMEWA YOGYAKARTA 55285","ID_PROV":"34","PROVINSI":"DAERAH ISTIMEWA YOGYAKARTA","ID_KABKOT":"34.04","KABKOT":"SLEMAN","ID_KEC":"34.04.06","KECAMATAN":"MLATI","ID_DESA":"34.04.06.2002","DESA":"SENDANGADI","LONGITUDE":110.362802,"LATITUDE":-7.72477,"STATUS":"BUKA","TANGGAL PENGUMPULAN":"Q1 2024","TANGGAL UPDATE":"28/02/2025"}},{"type":"Feature","geometry":{"coordinates":[110.329935,-7.7147595],"type":"Point"},"properties":{"NAMA":"APOTEK SEMBUH SAYIDAN","TIPE_1":"KESEHATAN DAN PENGOBATAN","TIPE_2":"APOTEK","TIPE_3":"-","TELEPON":"0895-4283-40729","ALAMAT":"JUMENENG KIDUL, SUMBERADI, KEC. MLATI, KABUPATEN SLEMAN, DAERAH ISTIMEWA YOGYAKARTA 55288","ID_PROV":"34","PROVINSI":"DAERAH ISTIMEWA YOGYAKARTA","ID_KABKOT":"34.04","KABKOT":"SLEMAN","ID_KEC":"34.04.06","KECAMATAN":"MLATI","ID_DESA":"34.04.06.2005","DESA":"SUMBERADI","LONGITUDE":110.329935,"LATITUDE":-7.7147595,"STATUS":"BUKA","TANGGAL PENGUMPULAN":"Q1 2024","TANGGAL UPDATE":"28/02/2025"}},{"type":"Feature","geometry":{"coordinates":[110.3618139,-7.7214293],"type":"Point"},"properties":{"NAMA":"APOTEK VIVA LA PRIMA","TIPE_1":"KESEHATAN DAN PENGOBATAN","TIPE_2":"APOTEK","TIPE_3":"-","TELEPON":"0812-2220-3170","ALAMAT":"JL. GITO GATI NO.3, DENGGUNG, TRIDADI, SLEMAN, YOGYAKARTA, SPECIAL REGION OF YOGYAKARTA 55511","ID_PROV":"34","PROVINSI":"DAERAH ISTIMEWA YOGYAKARTA","ID_KABKOT":"34.04","KABKOT":"SLEMAN","ID_KEC":"34.04.13","KECAMATAN":"SLEMAN","ID_DESA":"34.04.13.2003","DESA":"TRIDADI","LONGITUDE":110.3618139,"LATITUDE":-7.7214293,"STATUS":"BUKA","TANGGAL PENGUMPULAN":"Q1 2024","TANGGAL UPDATE":"28/02/2025"}},{"type":"Feature","geometry":{"coordinates":[110.3681164,-7.7360002],"type":"Point"},"properties":{"NAMA":"APOTEK WIDIGDO 4","TIPE_1":"KESEHATAN DAN PENGOBATAN","TIPE_2":"APOTEK","TIPE_3":"-","TELEPON":"0881-3813-088","ALAMAT":"JL. JONGKE, JONGKE TENGAH, SENDANGADI, KEC. MLATI, KABUPATEN SLEMAN, DAERAH ISTIMEWA YOGYAKARTA 55288","ID_PROV":"34","PROVINSI":"DAERAH ISTIMEWA YOGYAKARTA","ID_KABKOT":"34.04","KABKOT":"SLEMAN","ID_KEC":"34.04.06","KECAMATAN":"MLATI","ID_DESA":"34.04.06.2002","DESA":"SENDANGADI","LONGITUDE":110.3681164,"LATITUDE":-7.7360002,"STATUS":"BUKA","TANGGAL PENGUMPULAN":"Q1 2024","TANGGAL UPDATE":"28/02/2025"}},{"type":"Feature","geometry":{"coordinates":[110.3212859,-7.731593],"type":"Point"},"properties":{"NAMA":"APOTEK SURYA HUSADA","TIPE_1":"KESEHATAN DAN PENGOBATAN","TIPE_2":"APOTEK","TIPE_3":"-","TELEPON":"","ALAMAT":"CABAKAN, SUMBERADI, KEC. MLATI, KABUPATEN SLEMAN, DAERAH ISTIMEWA YOGYAKARTA 55288","ID_PROV":"34","PROVINSI":"DAERAH ISTIMEWA YOGYAKARTA","ID_KABKOT":"34.04","KABKOT":"SLEMAN","ID_KEC":"34.04.06","KECAMATAN":"MLATI","ID_DESA":"34.04.06.2005","DESA":"SUMBERADI","LONGITUDE":110.3212859,"LATITUDE":-7.731593,"STATUS":"BUKA","TANGGAL PENGUMPULAN":"Q1 2024","TANGGAL UPDATE":"28/02/2025"}},{"type":"Feature","geometry":{"coordinates":[110.3573864,-7.7251065],"type":"Point"},"properties":{"NAMA":"APOTEK S3W FARMA","TIPE_1":"KESEHATAN DAN PENGOBATAN","TIPE_2":"APOTEK","TIPE_3":"-","TELEPON":"","ALAMAT":"DUWET, SENDANGADI, KEC. MLATI, KABUPATEN SLEMAN, DAERAH ISTIMEWA YOGYAKARTA 55511","ID_PROV":"34","PROVINSI":"DAERAH ISTIMEWA YOGYAKARTA","ID_KABKOT":"34.04","KABKOT":"SLEMAN","ID_KEC":"34.04.06","KECAMATAN":"MLATI","ID_DESA":"34.04.06.2002","DESA":"SENDANGADI","LONGITUDE":110.3573864,"LATITUDE":-7.7251065,"STATUS":"BUKA","TANGGAL PENGUMPULAN":"Q1 2024","TANGGAL UPDATE":"28/02/2025"}},{"type":"Feature","geometry":{"coordinates":[110.3679865,-7.719531],"type":"Point"},"properties":{"NAMA":"GEOFARMA APOTEK","TIPE_1":"KESEHATAN DAN PENGOBATAN","TIPE_2":"APOTEK","TIPE_3":"-","TELEPON":"0856-4303-1601","ALAMAT":"JL. GITO GATI, BANARAN, SENDANGADI, KEC. MLATI, KABUPATEN SLEMAN, DAERAH ISTIMEWA YOGYAKARTA 55581","ID_PROV":"34","PROVINSI":"DAERAH ISTIMEWA YOGYAKARTA","ID_KABKOT":"34.04","KABKOT":"SLEMAN","ID_KEC":"34.04.13","KECAMATAN":"SLEMAN","ID_DESA":"34.04.13.2004","DESA":"PANDOWOHARJO","LONGITUDE":110.3679865,"LATITUDE":-7.719531,"STATUS":"BUKA","TANGGAL PENGUMPULAN":"Q1 2024","TANGGAL UPDATE":"28/02/2025"}},{"type":"Feature","geometry":{"coordinates":[110.3385979,-7.7338475],"type":"Point"},"properties":{"NAMA":"APOTEK FAMILY","TIPE_1":"KESEHATAN DAN PENGOBATAN","TIPE_2":"APOTEK","TIPE_3":"-","TELEPON":"0812-4034-1236","ALAMAT":"JL. KEBON AGUNG, GANDEKAN, TLOGOADI, KEC. MLATI, KABUPATEN SLEMAN, DAERAH ISTIMEWA YOGYAKARTA 55286","ID_PROV":"34","PROVINSI":"DAERAH ISTIMEWA YOGYAKARTA","ID_KABKOT":"34.04","KABKOT":"SLEMAN","ID_KEC":"34.04.06","KECAMATAN":"MLATI","ID_DESA":"34.04.06.2003","DESA":"TLOGOADI","LONGITUDE":110.3385979,"LATITUDE":-7.7338475,"STATUS":"BUKA","TANGGAL PENGUMPULAN":"Q1 2024","TANGGAL UPDATE":"28/02/2025"}},{"type":"Feature","geometry":{"coordinates":[110.3783839,-7.7414379],"type":"Point"},"properties":{"NAMA":"APOTEK NUR-SYIFA","TIPE_1":"KESEHATAN DAN PENGOBATAN","TIPE_2":"APOTEK","TIPE_3":"-","TELEPON":"","ALAMAT":"GG. LEMPONGSARI 5 NO.165, RANDUGUANG, SARIHARJO, KEC. NGAGLIK, KABUPATEN SLEMAN, DAERAH ISTIMEWA YOGYAKARTA 55581","ID_PROV":"34","PROVINSI":"DAERAH ISTIMEWA YOGYAKARTA","ID_KABKOT":"34.04","KABKOT":"SLEMAN","ID_KEC":"34.04.12","KECAMATAN":"NGAGLIK","ID_DESA":"34.04.12.2001","DESA":"SARIHARJO","LONGITUDE":110.3783839,"LATITUDE":-7.7414379,"STATUS":"BUKA","TANGGAL PENGUMPULAN":"Q1 2024","TANGGAL UPDATE":"28/02/2025"}},{"type":"Feature","geometry":{"coordinates":[110.3809461,-7.7599366],"type":"Point"},"properties":{"NAMA":"APOTEK PAS 24 JAM JALAN KALIURANG","TIPE_1":"KESEHATAN DAN PENGOBATAN","TIPE_2":"APOTEK","TIPE_3":"-","TELEPON":"0816-244-677","ALAMAT":"JALAN KALIURANG KM 5,2 CATUR TUNGGAL. KEC. DEPOK, KARANG WUNI, SLEMAN, DIY, YOGYAKARTA, DAERAH ISTIMEWA YOGYAKARTA 55284","ID_PROV":"34","PROVINSI":"DAERAH ISTIMEWA YOGYAKARTA","ID_KABKOT":"34.04","KABKOT":"SLEMAN","ID_KEC":"34.04.07","KECAMATAN":"DEPOK","ID_DESA":"34.04.07.2001","DESA":"CATURTUNGGAL","LONGITUDE":110.3809461,"LATITUDE":-7.7599366,"STATUS":"BUKA","TANGGAL PENGUMPULAN":"Q1 2024","TANGGAL UPDATE":"28/02/2025"}},{"type":"Feature","geometry":{"coordinates":[110.4057198,-7.7669419],"type":"Point"},"properties":{"NAMA":"APOTEK LUNAR","TIPE_1":"KESEHATAN DAN PENGOBATAN","TIPE_2":"APOTEK","TIPE_3":"-","TELEPON":"0858-7766-6608","ALAMAT":"JL. PERUMNAS, KLEDOKAN, CONDONGCATUR, KEC. DEPOK, KABUPATEN SLEMAN, DAERAH ISTIMEWA YOGYAKARTA 55281","ID_PROV":"34","PROVINSI":"DAERAH ISTIMEWA YOGYAKARTA","ID_KABKOT":"34.04","KABKOT":"SLEMAN","ID_KEC":"34.04.07","KECAMATAN":"DEPOK","ID_DESA":"34.04.07.2001","DESA":"CATURTUNGGAL","LONGITUDE":110.4057198,"LATITUDE":-7.7669419,"STATUS":"BUKA","TANGGAL PENGUMPULAN":"Q1 2024","TANGGAL UPDATE":"28/02/2025"}},{"type":"Feature","geometry":{"coordinates":[110.3481468,-7.749255],"type":"Point"},"properties":{"NAMA":"APOTEK TRIHANGGO","TIPE_1":"KESEHATAN DAN PENGOBATAN","TIPE_2":"APOTEK","TIPE_3":"-","TELEPON":"0878-8556-7200","ALAMAT":"JL. KABUPATEN NO.KM 3 5, RW.PADUKUHAN, TRINI, TRIHANGGO, KEC. GAMPING, KABUPATEN SLEMAN, DAERAH ISTIMEWA YOGYAKARTA 55291","ID_PROV":"34","PROVINSI":"DAERAH ISTIMEWA YOGYAKARTA","ID_KABKOT":"34.04","KABKOT":"SLEMAN","ID_KEC":"34.04.01","KECAMATAN":"GAMPING","ID_DESA":"34.04.01.2005","DESA":"TRIHANGGO","LONGITUDE":110.3481468,"LATITUDE":-7.749255,"STATUS":"BUKA","TANGGAL PENGUMPULAN":"Q1 2024","TANGGAL UPDATE":"28/02/2025"}},{"type":"Feature","geometry":{"coordinates":[110.3898433,-7.7711276],"type":"Point"},"properties":{"NAMA":"APOTEK HALOMEDIKA GEJAYAN","TIPE_1":"KESEHATAN DAN PENGOBATAN","TIPE_2":"APOTEK","TIPE_3":"-","TELEPON":"0813-8733-0507","ALAMAT":"JL. AFFANDI NO.27, RT./RW/RW.013/005, SANTREN, CATURTUNGGAL, KEC. DEPOK, KABUPATEN SLEMAN, DAERAH ISTIMEWA YOGYAKARTA 55281","ID_PROV":"34","PROVINSI":"DAERAH ISTIMEWA YOGYAKARTA","ID_KABKOT":"34.04","KABKOT":"SLEMAN","ID_KEC":"34.04.07","KECAMATAN":"DEPOK","ID_DESA":"34.04.07.2001","DESA":"CATURTUNGGAL","LONGITUDE":110.3898433,"LATITUDE":-7.7711276,"STATUS":"BUKA","TANGGAL PENGUMPULAN":"Q1 2024","TANGGAL UPDATE":"28/02/2025"}},{"type":"Feature","geometry":{"coordinates":[110.3618858,-7.7407321],"type":"Point"},"properties":{"NAMA":"APOTEK WAHIDIN","TIPE_1":"KESEHATAN DAN PENGOBATAN","TIPE_2":"APOTEK","TIPE_3":"-","TELEPON":"","ALAMAT":"JL. DR. WAHIDIN SUDIROHUSODO, MLATI BENINGAN, SENDANGADI, KEC. MLATI, KABUPATEN SLEMAN, DAERAH ISTIMEWA YOGYAKARTA 55285","ID_PROV":"34","PROVINSI":"DAERAH ISTIMEWA YOGYAKARTA","ID_KABKOT":"34.04","KABKOT":"SLEMAN","ID_KEC":"34.04.06","KECAMATAN":"MLATI","ID_DESA":"34.04.06.2002","DESA":"SENDANGADI","LONGITUDE":110.3618858,"LATITUDE":-7.7407321,"STATUS":"BUKA","TANGGAL PENGUMPULAN":"Q1 2024","TANGGAL UPDATE":"28/02/2025"}},{"type":"Feature","geometry":{"coordinates":[110.3511993,-7.6521083],"type":"Point"},"properties":{"NAMA":"APOTEK SARAS","TIPE_1":"KESEHATAN DAN PENGOBATAN","TIPE_2":"APOTEK","TIPE_3":"-","TELEPON":"0878-3943-7112","ALAMAT":"JALAN TEMPEL - MEDARI KENDAL, KENDAL, BANGUN KERTO, KEC. TURI, KABUPATEN SLEMAN, DAERAH ISTIMEWA YOGYAKARTA 55551","ID_PROV":"34","PROVINSI":"DAERAH ISTIMEWA YOGYAKARTA","ID_KABKOT":"34.04","KABKOT":"SLEMAN","ID_KEC":"34.04.15","KECAMATAN":"TURI","ID_DESA":"34.04.15.2001","DESA":"BANGUNKERTO","LONGITUDE":110.3511993,"LATITUDE":-7.6521083,"STATUS":"BUKA","TANGGAL PENGUMPULAN":"Q1 2024","TANGGAL UPDATE":"28/02/2025"}},{"type":"Feature","geometry":{"coordinates":[110.3678933,-7.7359592],"type":"Point"},"properties":{"NAMA":"APOTEK JONGKE","TIPE_1":"KESEHATAN DAN PENGOBATAN","TIPE_2":"APOTEK","TIPE_3":"-","TELEPON":"0812-2806-0636","ALAMAT":"JL. JONGKE KIDUL, RT.07/RW.24, JONGKE TENGAH, SENDANGADI, MLATI, SLEMAN REGENCY, SPECIAL REGION OF YOGYAKARTA 55285","ID_PROV":"34","PROVINSI":"DAERAH ISTIMEWA YOGYAKARTA","ID_KABKOT":"34.04","KABKOT":"SLEMAN","ID_KEC":"34.04.06","KECAMATAN":"MLATI","ID_DESA":"34.04.06.2002","DESA":"SENDANGADI","LONGITUDE":110.3678933,"LATITUDE":-7.7359592,"STATUS":"BUKA","TANGGAL PENGUMPULAN":"Q1 2024","TANGGAL UPDATE":"28/02/2025"}},{"type":"Feature","geometry":{"coordinates":[110.378065,-7.733717],"type":"Point"},"properties":{"NAMA":"APOTEK EBENEZER","TIPE_1":"KESEHATAN DAN PENGOBATAN","TIPE_2":"APOTEK","TIPE_3":"-","TELEPON":"(0274) 889757","ALAMAT":"JL. PALAGAN TENTARA PELAJAR NO.18, MUDAL, SARIHARJO, KEC. NGAGLIK, KABUPATEN SLEMAN, DAERAH ISTIMEWA YOGYAKARTA 55581","ID_PROV":"34","PROVINSI":"DAERAH ISTIMEWA YOGYAKARTA","ID_KABKOT":"34.04","KABKOT":"SLEMAN","ID_KEC":"34.04.12","KECAMATAN":"NGAGLIK","ID_DESA":"34.04.12.2001","DESA":"SARIHARJO","LONGITUDE":110.378065,"LATITUDE":-7.733717,"STATUS":"BUKA","TANGGAL PENGUMPULAN":"Q1 2024","TANGGAL UPDATE":"28/02/2025"}},{"type":"Feature","geometry":{"coordinates":[110.3833386,-7.7544989],"type":"Point"},"properties":{"NAMA":"APOTEK KENTUNGAN","TIPE_1":"KESEHATAN DAN PENGOBATAN","TIPE_2":"APOTEK","TIPE_3":"-","TELEPON":"(0274) 885648","ALAMAT":"JL. KALIURANG KM.6 NO.30, MANGGUNG, CATURTUNGGAL, KEC. DEPOK, KABUPATEN SLEMAN, DAERAH ISTIMEWA YOGYAKARTA 55281","ID_PROV":"34","PROVINSI":"DAERAH ISTIMEWA YOGYAKARTA","ID_KABKOT":"34.04","KABKOT":"SLEMAN","ID_KEC":"34.04.07","KECAMATAN":"DEPOK","ID_DESA":"34.04.07.2001","DESA":"CATURTUNGGAL","LONGITUDE":110.3833386,"LATITUDE":-7.7544989,"STATUS":"BUKA","TANGGAL PENGUMPULAN":"Q1 2024","TANGGAL UPDATE":"28/02/2025"}},{"type":"Feature","geometry":{"coordinates":[110.3726266,-7.7099428],"type":"Point"},"properties":{"NAMA":"APOTEK PRATAMA PANDOWO","TIPE_1":"KESEHATAN DAN PENGOBATAN","TIPE_2":"APOTEK","TIPE_3":"-","TELEPON":"(0274) 864123","ALAMAT":"RUKO TAMAN PERTAMA JL. GRIYA TAMAN ASRI NO.5, SARAGON, PANDOWOHARJO, KEC. SLEMAN, KABUPATEN SLEMAN, DAERAH ISTIMEWA YOGYAKARTA 55512","ID_PROV":"34","PROVINSI":"DAERAH ISTIMEWA YOGYAKARTA","ID_KABKOT":"34.04","KABKOT":"SLEMAN","ID_KEC":"34.04.13","KECAMATAN":"SLEMAN","ID_DESA":"34.04.13.2004","DESA":"PANDOWOHARJO","LONGITUDE":110.3726266,"LATITUDE":-7.7099428,"STATUS":"BUKA","TANGGAL PENGUMPULAN":"Q1 2024","TANGGAL UPDATE":"28/02/2025"}},{"type":"Feature","geometry":{"coordinates":[110.4064479,-7.7461985],"type":"Point"},"properties":{"NAMA":"APOTEK AMANAH","TIPE_1":"KESEHATAN DAN PENGOBATAN","TIPE_2":"APOTEK","TIPE_3":"-","TELEPON":"(0274) 7450070","ALAMAT":"JL. GURAMEH RAYA C NO.3, MLADANGAN, MINOMARTANI, KEC. NGAGLIK, KABUPATEN SLEMAN, DAERAH ISTIMEWA YOGYAKARTA 55581","ID_PROV":"34","PROVINSI":"DAERAH ISTIMEWA YOGYAKARTA","ID_KABKOT":"34.04","KABKOT":"SLEMAN","ID_KEC":"34.04.12","KECAMATAN":"NGAGLIK","ID_DESA":"34.04.12.2002","DESA":"MINOMARTANI","LONGITUDE":110.4064479,"LATITUDE":-7.7461985,"STATUS":"BUKA","TANGGAL PENGUMPULAN":"Q1 2024","TANGGAL UPDATE":"28/02/2025"}},{"type":"Feature","geometry":{"coordinates":[110.4124495,-7.7592238],"type":"Point"},"properties":{"NAMA":"APOTEK TRIAS FARMA 2","TIPE_1":"KESEHATAN DAN PENGOBATAN","TIPE_2":"APOTEK","TIPE_3":"-","TELEPON":"","ALAMAT":"JL. PRAWIRO KUAT, NGRINGIN, CONDONGCATUR, KEC. DEPOK, KABUPATEN SLEMAN, DAERAH ISTIMEWA YOGYAKARTA 55283","ID_PROV":"34","PROVINSI":"DAERAH ISTIMEWA YOGYAKARTA","ID_KABKOT":"34.04","KABKOT":"SLEMAN","ID_KEC":"34.04.07","KECAMATAN":"DEPOK","ID_DESA":"34.04.07.2003","DESA":"CONDONGCATUR","LONGITUDE":110.4124495,"LATITUDE":-7.7592238,"STATUS":"BUKA","TANGGAL PENGUMPULAN":"Q1 2024","TANGGAL UPDATE":"28/02/2025"}},{"type":"Feature","geometry":{"coordinates":[110.4008975,-7.7487169],"type":"Point"},"properties":{"NAMA":"APOTEK ANGGAJAYA","TIPE_1":"KESEHATAN DAN PENGOBATAN","TIPE_2":"APOTEK","TIPE_3":"-","TELEPON":"0851-0014-1312","ALAMAT":"JL. ANGGAJAYA 2 NO.11, SANGGRAHAN, CONDONGCATUR, KEC. DEPOK, KABUPATEN SLEMAN, DAERAH ISTIMEWA YOGYAKARTA 55281","ID_PROV":"34","PROVINSI":"DAERAH ISTIMEWA YOGYAKARTA","ID_KABKOT":"34.04","KABKOT":"SLEMAN","ID_KEC":"34.04.07","KECAMATAN":"DEPOK","ID_DESA":"34.04.07.2003","DESA":"CONDONGCATUR","LONGITUDE":110.4008975,"LATITUDE":-7.7487169,"STATUS":"BUKA","TANGGAL PENGUMPULAN":"Q1 2024","TANGGAL UPDATE":"28/02/2025"}},{"type":"Feature","geometry":{"coordinates":[110.4228017,-7.7577551],"type":"Point"},"properties":{"NAMA":"APOTEK CANDI FARMA","TIPE_1":"KESEHATAN DAN PENGOBATAN","TIPE_2":"APOTEK","TIPE_3":"-","TELEPON":"","ALAMAT":"JL. KRODAN NO.9D, KRODAN, MAGUWOHARJO, KEC. DEPOK, KABUPATEN SLEMAN, DAERAH ISTIMEWA YOGYAKARTA 55281","ID_PROV":"34","PROVINSI":"DAERAH ISTIMEWA YOGYAKARTA","ID_KABKOT":"34.04","KABKOT":"SLEMAN","ID_KEC":"34.04.07","KECAMATAN":"DEPOK","ID_DESA":"34.04.07.2002","DESA":"MAGUWOHARJO","LONGITUDE":110.4228017,"LATITUDE":-7.7577551,"STATUS":"BUKA","TANGGAL PENGUMPULAN":"Q1 2024","TANGGAL UPDATE":"28/02/2025"}},{"type":"Feature","geometry":{"coordinates":[110.3341183,-7.7214119],"type":"Point"},"properties":{"NAMA":"APOTEK WARAK","TIPE_1":"KESEHATAN DAN PENGOBATAN","TIPE_2":"APOTEK","TIPE_3":"-","TELEPON":"0813-2792-4955","ALAMAT":"WARAK KIDUL, SUMBERADI, KEC. MLATI, KABUPATEN SLEMAN, DAERAH ISTIMEWA YOGYAKARTA 55288","ID_PROV":"34","PROVINSI":"DAERAH ISTIMEWA YOGYAKARTA","ID_KABKOT":"34.04","KABKOT":"SLEMAN","ID_KEC":"34.04.06","KECAMATAN":"MLATI","ID_DESA":"34.04.06.2005","DESA":"SUMBERADI","LONGITUDE":110.3341183,"LATITUDE":-7.7214119,"STATUS":"BUKA","TANGGAL PENGUMPULAN":"Q1 2024","TANGGAL UPDATE":"28/02/2025"}},{"type":"Feature","geometry":{"coordinates":[110.387381,-7.722174],"type":"Point"},"properties":{"NAMA":"APOTEK INSAAN FARMA","TIPE_1":"KESEHATAN DAN PENGOBATAN","TIPE_2":"APOTEK","TIPE_3":"-","TELEPON":"(0274) 884291","ALAMAT":"JL. KAPTEN HARYADI NO.11 A, LOJAJAR, SINDUHARJO, KEC. NGAGLIK, KABUPATEN SLEMAN, DAERAH ISTIMEWA YOGYAKARTA 55581","ID_PROV":"34","PROVINSI":"DAERAH ISTIMEWA YOGYAKARTA","ID_KABKOT":"34.04","KABKOT":"SLEMAN","ID_KEC":"34.04.12","KECAMATAN":"NGAGLIK","ID_DESA":"34.04.12.2003","DESA":"SINDUHARJO","LONGITUDE":110.387381,"LATITUDE":-7.722174,"STATUS":"BUKA","TANGGAL PENGUMPULAN":"Q1 2024","TANGGAL UPDATE":"28/02/2025"}},{"type":"Feature","geometry":{"coordinates":[110.4204538,-7.6621605],"type":"Point"},"properties":{"NAMA":"APOTEK PAKEM","TIPE_1":"KESEHATAN DAN PENGOBATAN","TIPE_2":"APOTEK","TIPE_3":"-","TELEPON":"","ALAMAT":"JL. KALIURANG, DUWETSARI, PAKEMBINANGUN, KEC. PAKEM, KABUPATEN SLEMAN, DAERAH ISTIMEWA YOGYAKARTA 55582","ID_PROV":"34","PROVINSI":"DAERAH ISTIMEWA YOGYAKARTA","ID_KABKOT":"34.04","KABKOT":"SLEMAN","ID_KEC":"34.04.16","KECAMATAN":"PAKEM","ID_DESA":"34.04.16.2004","DESA":"PAKEMBINANGUN","LONGITUDE":110.4204538,"LATITUDE":-7.6621605,"STATUS":"BUKA","TANGGAL PENGUMPULAN":"Q1 2024","TANGGAL UPDATE":"28/02/2025"}},{"type":"Feature","geometry":{"coordinates":[110.391823,-7.740029],"type":"Point"},"properties":{"NAMA":"APOTEK KIMIA FARMA","TIPE_1":"KESEHATAN DAN PENGOBATAN","TIPE_2":"APOTEK","TIPE_3":"-","TELEPON":"0812-2798-0330","ALAMAT":"JL. KALIURANG NO.KM.7.8, NGABEAN KULON, SINDUHARJO, KEC. NGAGLIK, KABUPATEN SLEMAN, DAERAH ISTIMEWA YOGYAKARTA 55581","ID_PROV":"34","PROVINSI":"DAERAH ISTIMEWA YOGYAKARTA","ID_KABKOT":"34.04","KABKOT":"SLEMAN","ID_KEC":"34.04.12","KECAMATAN":"NGAGLIK","ID_DESA":"34.04.12.2003","DESA":"SINDUHARJO","LONGITUDE":110.391823,"LATITUDE":-7.740029,"STATUS":"BUKA","TANGGAL PENGUMPULAN":"Q1 2024","TANGGAL UPDATE":"28/02/2025"}},{"type":"Feature","geometry":{"coordinates":[110.3985683,-7.7411082],"type":"Point"},"properties":{"NAMA":"APOTEK NYIUR HIJAU","TIPE_1":"KESEHATAN DAN PENGOBATAN","TIPE_2":"APOTEK","TIPE_3":"-","TELEPON":"0856-9546-6682","ALAMAT":"JL. ASMORONDONO NO.8, MANUKAN, CONDONGCATUR, KEC. DEPOK, KABUPATEN SLEMAN, DAERAH ISTIMEWA YOGYAKARTA 55281","ID_PROV":"34","PROVINSI":"DAERAH ISTIMEWA YOGYAKARTA","ID_KABKOT":"34.04","KABKOT":"SLEMAN","ID_KEC":"34.04.07","KECAMATAN":"DEPOK","ID_DESA":"34.04.07.2003","DESA":"CONDONGCATUR","LONGITUDE":110.3985683,"LATITUDE":-7.7411082,"STATUS":"BUKA","TANGGAL PENGUMPULAN":"Q1 2024","TANGGAL UPDATE":"28/02/2025"}},{"type":"Feature","geometry":{"coordinates":[110.3712896,-7.6439996],"type":"Point"},"properties":{"NAMA":"APOTEK WIDIGDO 2","TIPE_1":"KESEHATAN DAN PENGOBATAN","TIPE_2":"APOTEK","TIPE_3":"-","TELEPON":"0881-3813-088","ALAMAT":"KENTENG, WONO KERTO, KEC. TURI, KABUPATEN SLEMAN, DAERAH ISTIMEWA YOGYAKARTA 55551","ID_PROV":"34","PROVINSI":"DAERAH ISTIMEWA YOGYAKARTA","ID_KABKOT":"34.04","KABKOT":"SLEMAN","ID_KEC":"34.04.15","KECAMATAN":"TURI","ID_DESA":"34.04.15.2004","DESA":"WONOKERTO","LONGITUDE":110.3712896,"LATITUDE":-7.6439996,"STATUS":"BUKA","TANGGAL PENGUMPULAN":"Q1 2024","TANGGAL UPDATE":"28/02/2025"}},{"type":"Feature","geometry":{"coordinates":[110.406321,-7.7194389],"type":"Point"},"properties":{"NAMA":"APOTEK ARISKA","TIPE_1":"KESEHATAN DAN PENGOBATAN","TIPE_2":"APOTEK","TIPE_3":"-","TELEPON":"0852-2992-8700","ALAMAT":"JALAN YUDHISTIRA NO.17, GENTAN, SINDUHARJO, KEC. NGAGLIK, KABUPATEN SLEMAN, DAERAH ISTIMEWA YOGYAKARTA 55581","ID_PROV":"34","PROVINSI":"DAERAH ISTIMEWA YOGYAKARTA","ID_KABKOT":"34.04","KABKOT":"SLEMAN","ID_KEC":"34.04.12","KECAMATAN":"NGAGLIK","ID_DESA":"34.04.12.2003","DESA":"SINDUHARJO","LONGITUDE":110.406321,"LATITUDE":-7.7194389,"STATUS":"BUKA","TANGGAL PENGUMPULAN":"Q1 2024","TANGGAL UPDATE":"28/02/2025"}},{"type":"Feature","geometry":{"coordinates":[110.40666,-7.7499205],"type":"Point"},"properties":{"NAMA":"APOTEK PRATAMA MINOMARTANI","TIPE_1":"KESEHATAN DAN PENGOBATAN","TIPE_2":"APOTEK","TIPE_3":"-","TELEPON":"0877-3821-6816","ALAMAT":"RUKO MINOMARTANI, GEMPOL, CONDONGCATUR, KABUPATEN SLEMAN, DAERAH ISTIMEWA YOGYAKARTA","ID_PROV":"34","PROVINSI":"DAERAH ISTIMEWA YOGYAKARTA","ID_KABKOT":"34.04","KABKOT":"SLEMAN","ID_KEC":"34.04.07","KECAMATAN":"DEPOK","ID_DESA":"34.04.07.2003","DESA":"CONDONGCATUR","LONGITUDE":110.40666,"LATITUDE":-7.7499205,"STATUS":"BUKA","TANGGAL PENGUMPULAN":"Q1 2024","TANGGAL UPDATE":"28/02/2025"}},{"type":"Feature","geometry":{"coordinates":[110.3852582,-7.7517753],"type":"Point"},"properties":{"NAMA":"APOTEK ASTUTI","TIPE_1":"KESEHATAN DAN PENGOBATAN","TIPE_2":"APOTEK","TIPE_3":"-","TELEPON":"(0274) 882618","ALAMAT":"JL. KALIURANG NO.59, PURWOSARI, SINDUADI, KEC. MLATI, KABUPATEN SLEMAN, DAERAH ISTIMEWA YOGYAKARTA 55281","ID_PROV":"34","PROVINSI":"DAERAH ISTIMEWA YOGYAKARTA","ID_KABKOT":"34.04","KABKOT":"SLEMAN","ID_KEC":"34.04.07","KECAMATAN":"DEPOK","ID_DESA":"34.04.07.2001","DESA":"CATURTUNGGAL","LONGITUDE":110.3852582,"LATITUDE":-7.7517753,"STATUS":"BUKA","TANGGAL PENGUMPULAN":"Q1 2024","TANGGAL UPDATE":"28/02/2025"}},{"type":"Feature","geometry":{"coordinates":[110.4149011,-7.7015578],"type":"Point"},"properties":{"NAMA":"APOTEK PHARM24 JAKAL","TIPE_1":"KESEHATAN DAN PENGOBATAN","TIPE_2":"APOTEK","TIPE_3":"-","TELEPON":"0856-4359-8768","ALAMAT":"JL. KALIURANG NO.12, CANDI KARANG, SARDONOHARJO, KEC. NGAGLIK, KABUPATEN SLEMAN, DAERAH ISTIMEWA YOGYAKARTA 55581","ID_PROV":"34","PROVINSI":"DAERAH ISTIMEWA YOGYAKARTA","ID_KABKOT":"34.04","KABKOT":"SLEMAN","ID_KEC":"34.04.12","KECAMATAN":"NGAGLIK","ID_DESA":"34.04.12.2005","DESA":"SARDONOHARJO","LONGITUDE":110.4149011,"LATITUDE":-7.7015578,"STATUS":"BUKA","TANGGAL PENGUMPULAN":"Q1 2024","TANGGAL UPDATE":"28/02/2025"}},{"type":"Feature","geometry":{"coordinates":[110.388947,-7.7456059],"type":"Point"},"properties":{"NAMA":"APOTEK KOLOMBO","TIPE_1":"KESEHATAN DAN PENGOBATAN","TIPE_2":"APOTEK","TIPE_3":"-","TELEPON":"(0274) 885760","ALAMAT":"PASAR KOLOMBO, JL. KALIURANG NO.KM, RW.7, KENTUNGAN, CONDONGCATUR, KEC. DEPOK, KABUPATEN SLEMAN, DAERAH ISTIMEWA YOGYAKARTA 55283","ID_PROV":"34","PROVINSI":"DAERAH ISTIMEWA YOGYAKARTA","ID_KABKOT":"34.04","KABKOT":"SLEMAN","ID_KEC":"34.04.07","KECAMATAN":"DEPOK","ID_DESA":"34.04.07.2003","DESA":"CONDONGCATUR","LONGITUDE":110.388947,"LATITUDE":-7.7456059,"STATUS":"BUKA","TANGGAL PENGUMPULAN":"Q1 2024","TANGGAL UPDATE":"28/02/2025"}},{"type":"Feature","geometry":{"coordinates":[110.3948603,-7.6607857],"type":"Point"},"properties":{"NAMA":"APOTEK REZKY FARMA","TIPE_1":"KESEHATAN DAN PENGOBATAN","TIPE_2":"APOTEK","TIPE_3":"-","TELEPON":"","ALAMAT":"GLONDONG, PURWOBINANGUN, KEC. PAKEM, KABUPATEN SLEMAN, DAERAH ISTIMEWA YOGYAKARTA","ID_PROV":"34","PROVINSI":"DAERAH ISTIMEWA YOGYAKARTA","ID_KABKOT":"34.04","KABKOT":"SLEMAN","ID_KEC":"34.04.16","KECAMATAN":"PAKEM","ID_DESA":"34.04.16.2001","DESA":"PURWOBINANGUN","LONGITUDE":110.3948603,"LATITUDE":-7.6607857,"STATUS":"BUKA","TANGGAL PENGUMPULAN":"Q1 2024","TANGGAL UPDATE":"28/02/2025"}},{"type":"Feature","geometry":{"coordinates":[110.3302536,-7.7309264],"type":"Point"},"properties":{"NAMA":"APOTEK PRATAMA CEBONGAN","TIPE_1":"KESEHATAN DAN PENGOBATAN","TIPE_2":"APOTEK","TIPE_3":"-","TELEPON":"(0274) 4364138","ALAMAT":"JL. KEBON AGUNG, AREA SAWAH, TLOGOADI, KEC. MLATI, KABUPATEN SLEMAN, DAERAH ISTIMEWA YOGYAKARTA 55286","ID_PROV":"34","PROVINSI":"DAERAH ISTIMEWA YOGYAKARTA","ID_KABKOT":"34.04","KABKOT":"SLEMAN","ID_KEC":"34.04.06","KECAMATAN":"MLATI","ID_DESA":"34.04.06.2003","DESA":"TLOGOADI","LONGITUDE":110.3302536,"LATITUDE":-7.7309264,"STATUS":"BUKA","TANGGAL PENGUMPULAN":"Q1 2024","TANGGAL UPDATE":"28/02/2025"}},{"type":"Feature","geometry":{"coordinates":[110.4136494,-7.7417607],"type":"Point"},"properties":{"NAMA":"APOTEK MUNAZAT SEHAT","TIPE_1":"KESEHATAN DAN PENGOBATAN","TIPE_2":"APOTEK","TIPE_3":"-","TELEPON":"0822-2633-4848","ALAMAT":"JL. JETIS RAYA, JETIS, WEDOMARTANI, NGEMPLAK, SLEMAN REGENCY, SPECIAL REGION OF YOGYAKARTA 55584","ID_PROV":"34","PROVINSI":"DAERAH ISTIMEWA YOGYAKARTA","ID_KABKOT":"34.04","KABKOT":"SLEMAN","ID_KEC":"34.04.11","KECAMATAN":"NGEMPLAK","ID_DESA":"34.04.11.2004","DESA":"WEDOMARTANI","LONGITUDE":110.4136494,"LATITUDE":-7.7417607,"STATUS":"BUKA","TANGGAL PENGUMPULAN":"Q1 2024","TANGGAL UPDATE":"28/02/2025"}},{"type":"Feature","geometry":{"coordinates":[110.4346303,-7.7510867],"type":"Point"},"properties":{"NAMA":"APOTEK PRATAMA","TIPE_1":"KESEHATAN DAN PENGOBATAN","TIPE_2":"APOTEK","TIPE_3":"-","TELEPON":"(0274) 8300073","ALAMAT":"JL. RAYA TAJEM NO.98, TAJEM, MAGUWOHARJO, KEC. DEPOK, KABUPATEN SLEMAN, DAERAH ISTIMEWA YOGYAKARTA 55281","ID_PROV":"34","PROVINSI":"DAERAH ISTIMEWA YOGYAKARTA","ID_KABKOT":"34.04","KABKOT":"SLEMAN","ID_KEC":"34.04.07","KECAMATAN":"DEPOK","ID_DESA":"34.04.07.2002","DESA":"MAGUWOHARJO","LONGITUDE":110.4346303,"LATITUDE":-7.7510867,"STATUS":"BUKA","TANGGAL PENGUMPULAN":"Q1 2024","TANGGAL UPDATE":"28/02/2025"}},{"type":"Feature","geometry":{"coordinates":[110.3542888,-7.7193914],"type":"Point"},"properties":{"NAMA":"APOTEK PRATAMA TRIDADI","TIPE_1":"KESEHATAN DAN PENGOBATAN","TIPE_2":"APOTEK","TIPE_3":"-","TELEPON":"0877-7641-0606","ALAMAT":"JL. KRT PRINGGODININGRAT, BERAN KIDUL, TRIDADI, KEC. SLEMAN, KABUPATEN SLEMAN, DAERAH ISTIMEWA YOGYAKARTA 55511","ID_PROV":"34","PROVINSI":"DAERAH ISTIMEWA YOGYAKARTA","ID_KABKOT":"34.04","KABKOT":"SLEMAN","ID_KEC":"34.04.13","KECAMATAN":"SLEMAN","ID_DESA":"34.04.13.2003","DESA":"TRIDADI","LONGITUDE":110.3542888,"LATITUDE":-7.7193914,"STATUS":"BUKA","TANGGAL PENGUMPULAN":"Q1 2024","TANGGAL UPDATE":"28/02/2025"}},{"type":"Feature","geometry":{"coordinates":[110.3974027,-7.7831086],"type":"Point"},"properties":{"NAMA":"APOTEK K24 AMBARUKMO","TIPE_1":"KESEHATAN DAN PENGOBATAN","TIPE_2":"APOTEK","TIPE_3":"-","TELEPON":"0813-5823-6010","ALAMAT":"JL. LAKSDA ADISUCIPTO NO.150 A, PAPRINGAN, CATURTUNGGAL, KEC. DEPOK, KABUPATEN SLEMAN, DAERAH ISTIMEWA YOGYAKARTA 55281","ID_PROV":"34","PROVINSI":"DAERAH ISTIMEWA YOGYAKARTA","ID_KABKOT":"34.04","KABKOT":"SLEMAN","ID_KEC":"34.04.07","KECAMATAN":"DEPOK","ID_DESA":"34.04.07.2001","DESA":"CATURTUNGGAL","LONGITUDE":110.3974027,"LATITUDE":-7.7831086,"STATUS":"BUKA","TANGGAL PENGUMPULAN":"Q1 2024","TANGGAL UPDATE":"28/02/2025"}},{"type":"Feature","geometry":{"coordinates":[110.409782,-7.769531],"type":"Point"},"properties":{"NAMA":"APOTEK KIMIA FARMA SETURAN","TIPE_1":"KESEHATAN DAN PENGOBATAN","TIPE_2":"APOTEK","TIPE_3":"-","TELEPON":"0811-1067-8229","ALAMAT":"JL. SETURAN RAYA NO.BLOK C 3B, KLEDOKAN, CATURTUNGGAL, KEC. DEPOK, KABUPATEN SLEMAN, DAERAH ISTIMEWA YOGYAKARTA 55281","ID_PROV":"34","PROVINSI":"DAERAH ISTIMEWA YOGYAKARTA","ID_KABKOT":"34.04","KABKOT":"SLEMAN","ID_KEC":"34.04.07","KECAMATAN":"DEPOK","ID_DESA":"34.04.07.2001","DESA":"CATURTUNGGAL","LONGITUDE":110.409782,"LATITUDE":-7.769531,"STATUS":"BUKA","TANGGAL PENGUMPULAN":"Q1 2024","TANGGAL UPDATE":"28/02/2025"}},{"type":"Feature","geometry":{"coordinates":[110.4289315,-7.6697334],"type":"Point"},"properties":{"NAMA":"APOTEK HARMONI SLEMAN","TIPE_1":"KESEHATAN DAN PENGOBATAN","TIPE_2":"APOTEK","TIPE_3":"-","TELEPON":"","ALAMAT":"JL. CANGKRINGAN NO.32, KREGAN, UMBULMARTANI, KEC. NGEMPLAK, KABUPATEN SLEMAN, DAERAH ISTIMEWA YOGYAKARTA 55584","ID_PROV":"34","PROVINSI":"DAERAH ISTIMEWA YOGYAKARTA","ID_KABKOT":"34.04","KABKOT":"SLEMAN","ID_KEC":"34.04.11","KECAMATAN":"NGEMPLAK","ID_DESA":"34.04.11.2005","DESA":"UMBULMARTANI","LONGITUDE":110.4289315,"LATITUDE":-7.6697334,"STATUS":"BUKA","TANGGAL PENGUMPULAN":"Q1 2024","TANGGAL UPDATE":"28/02/2025"}},{"type":"Feature","geometry":{"coordinates":[110.387849,-7.777512],"type":"Point"},"properties":{"NAMA":"APOTEK KIMIA FARMA COLOMBO","TIPE_1":"KESEHATAN DAN PENGOBATAN","TIPE_2":"APOTEK","TIPE_3":"-","TELEPON":"0811-1067-8220","ALAMAT":"JL. COLOMBO YOGYAKARTA NO.1, KARANG MALANG, CATURTUNGGAL, KEC. DEPOK, KABUPATEN SLEMAN, DAERAH ISTIMEWA YOGYAKARTA 55281","ID_PROV":"34","PROVINSI":"DAERAH ISTIMEWA YOGYAKARTA","ID_KABKOT":"34.04","KABKOT":"SLEMAN","ID_KEC":"34.04.07","KECAMATAN":"DEPOK","ID_DESA":"34.04.07.2001","DESA":"CATURTUNGGAL","LONGITUDE":110.387849,"LATITUDE":-7.777512,"STATUS":"BUKA","TANGGAL PENGUMPULAN":"Q1 2024","TANGGAL UPDATE":"28/02/2025"}},{"type":"Feature","geometry":{"coordinates":[110.3461151,-7.7586062],"type":"Point"},"properties":{"NAMA":"APOTEK BERKAH SEHAT","TIPE_1":"KESEHATAN DAN PENGOBATAN","TIPE_2":"APOTEK","TIPE_3":"-","TELEPON":"0823-2595-7366","ALAMAT":"JL. KABUPATEN NO.KM.2, RW.3, SALAKAN, TRIHANGGO, KEC. GAMPING, KABUPATEN SLEMAN, DAERAH ISTIMEWA YOGYAKARTA 55291","ID_PROV":"34","PROVINSI":"DAERAH ISTIMEWA YOGYAKARTA","ID_KABKOT":"34.04","KABKOT":"SLEMAN","ID_KEC":"34.04.01","KECAMATAN":"GAMPING","ID_DESA":"34.04.01.2005","DESA":"TRIHANGGO","LONGITUDE":110.3461151,"LATITUDE":-7.7586062,"STATUS":"BUKA","TANGGAL PENGUMPULAN":"Q1 2024","TANGGAL UPDATE":"28/02/2025"}},{"type":"Feature","geometry":{"coordinates":[110.3599432,-7.7072276],"type":"Point"},"properties":{"NAMA":"APOTEK MITRA SEJAHTERA SLEMAN","TIPE_1":"KESEHATAN DAN PENGOBATAN","TIPE_2":"APOTEK","TIPE_3":"-","TELEPON":"0822-2690-4136","ALAMAT":"JL. PANDOWOHARJO, SAWAHAN, PANDOWOHARJO, KEC. SLEMAN, KABUPATEN SLEMAN, DAERAH ISTIMEWA YOGYAKARTA 55512","ID_PROV":"34","PROVINSI":"DAERAH ISTIMEWA YOGYAKARTA","ID_KABKOT":"34.04","KABKOT":"SLEMAN","ID_KEC":"34.04.13","KECAMATAN":"SLEMAN","ID_DESA":"34.04.13.2004","DESA":"PANDOWOHARJO","LONGITUDE":110.3599432,"LATITUDE":-7.7072276,"STATUS":"BUKA","TANGGAL PENGUMPULAN":"Q1 2024","TANGGAL UPDATE":"28/02/2025"}},{"type":"Feature","geometry":{"coordinates":[110.3681081,-7.7673044],"type":"Point"},"properties":{"NAMA":"APOTEK PERMATA FARMA","TIPE_1":"KESEHATAN DAN PENGOBATAN","TIPE_2":"APOTEK","TIPE_3":"-","TELEPON":"","ALAMAT":"JL. NYI CONDRO LOEKITO JL. BLUNYAH GEDE, KUTU DUKUH, SINDUADI, KEC. MLATI, KABUPATEN SLEMAN, DAERAH ISTIMEWA YOGYAKARTA 55284","ID_PROV":"34","PROVINSI":"DAERAH ISTIMEWA YOGYAKARTA","ID_KABKOT":"34.04","KABKOT":"SLEMAN","ID_KEC":"34.04.06","KECAMATAN":"MLATI","ID_DESA":"34.04.06.2001","DESA":"SINDUADI","LONGITUDE":110.3681081,"LATITUDE":-7.7673044,"STATUS":"BUKA","TANGGAL PENGUMPULAN":"Q1 2024","TANGGAL UPDATE":"28/02/2025"}},{"type":"Feature","geometry":{"coordinates":[110.3842886,-7.7529949],"type":"Point"},"properties":{"NAMA":"APOTEK KIMIA FARMA JAKAL","TIPE_1":"KESEHATAN DAN PENGOBATAN","TIPE_2":"APOTEK","TIPE_3":"-","TELEPON":"0811-1067-8326","ALAMAT":"JL. KALIURANG NO.48, MANGGUNG, CATURTUNGGAL, KEC. DEPOK, KABUPATEN SLEMAN, DAERAH ISTIMEWA YOGYAKARTA 55281","ID_PROV":"34","PROVINSI":"DAERAH ISTIMEWA YOGYAKARTA","ID_KABKOT":"34.04","KABKOT":"SLEMAN","ID_KEC":"34.04.07","KECAMATAN":"DEPOK","ID_DESA":"34.04.07.2001","DESA":"CATURTUNGGAL","LONGITUDE":110.3842886,"LATITUDE":-7.7529949,"STATUS":"BUKA","TANGGAL PENGUMPULAN":"Q1 2024","TANGGAL UPDATE":"28/02/2025"}},{"type":"Feature","geometry":{"coordinates":[110.4101233,-7.7677199],"type":"Point"},"properties":{"NAMA":"APOTEK K-24","TIPE_1":"KESEHATAN DAN PENGOBATAN","TIPE_2":"APOTEK","TIPE_3":"-","TELEPON":"0895-3683-44424","ALAMAT":"JL. SETURAN RAYA NO.101A, KLEDOKAN, CATURTUNGGAL, KEC. DEPOK, KABUPATEN SLEMAN, DAERAH ISTIMEWA YOGYAKARTA 55281","ID_PROV":"34","PROVINSI":"DAERAH ISTIMEWA YOGYAKARTA","ID_KABKOT":"34.04","KABKOT":"SLEMAN","ID_KEC":"34.04.07","KECAMATAN":"DEPOK","ID_DESA":"34.04.07.2001","DESA":"CATURTUNGGAL","LONGITUDE":110.4101233,"LATITUDE":-7.7677199,"STATUS":"BUKA","TANGGAL PENGUMPULAN":"Q1 2024","TANGGAL UPDATE":"28/02/2025"}},{"type":"Feature","geometry":{"coordinates":[110.3195059,-7.7741552],"type":"Point"},"properties":{"NAMA":"APOTEK K24 MUNGGUR","TIPE_1":"KESEHATAN DAN PENGOBATAN","TIPE_2":"APOTEK","TIPE_3":"-","TELEPON":"(0274) 2821393","ALAMAT":"JL. SIDOARUM - BANTULAN, BANTULAN, SIDOARUM, KEC. GODEAN, KABUPATEN SLEMAN, DAERAH ISTIMEWA YOGYAKARTA 55264","ID_PROV":"34","PROVINSI":"DAERAH ISTIMEWA YOGYAKARTA","ID_KABKOT":"34.04","KABKOT":"SLEMAN","ID_KEC":"34.04.02","KECAMATAN":"GODEAN","ID_DESA":"34.04.02.2006","DESA":"SIDOARUM","LONGITUDE":110.3195059,"LATITUDE":-7.7741552,"STATUS":"BUKA","TANGGAL PENGUMPULAN":"Q1 2024","TANGGAL UPDATE":"28/02/2025"}},{"type":"Feature","geometry":{"coordinates":[110.3127437,-7.772654],"type":"Point"},"properties":{"NAMA":"APOTEK RAJENDRA","TIPE_1":"KESEHATAN DAN PENGOBATAN","TIPE_2":"APOTEK","TIPE_3":"-","TELEPON":"0821-3483-5161","ALAMAT":"JL. NGAPAK - KENTHENG NO.59, BANTULAN, SIDOARUM, KEC. GODEAN, KABUPATEN SLEMAN, DAERAH ISTIMEWA YOGYAKARTA 55264","ID_PROV":"34","PROVINSI":"DAERAH ISTIMEWA YOGYAKARTA","ID_KABKOT":"34.04","KABKOT":"SLEMAN","ID_KEC":"34.04.02","KECAMATAN":"GODEAN","ID_DESA":"34.04.02.2005","DESA":"SIDOKARTO","LONGITUDE":110.3127437,"LATITUDE":-7.772654,"STATUS":"BUKA","TANGGAL PENGUMPULAN":"Q1 2024","TANGGAL UPDATE":"28/02/2025"}},{"type":"Feature","geometry":{"coordinates":[110.3517334,-7.7118977],"type":"Point"},"properties":{"NAMA":"APOTIK SITA DEWI","TIPE_1":"KESEHATAN DAN PENGOBATAN","TIPE_2":"APOTEK","TIPE_3":"-","TELEPON":"","ALAMAT":"DUKUH, TRIDADI, KEC. SLEMAN, KABUPATEN SLEMAN, DAERAH ISTIMEWA YOGYAKARTA 55511","ID_PROV":"34","PROVINSI":"DAERAH ISTIMEWA YOGYAKARTA","ID_KABKOT":"34.04","KABKOT":"SLEMAN","ID_KEC":"34.04.13","KECAMATAN":"SLEMAN","ID_DESA":"34.04.13.2003","DESA":"TRIDADI","LONGITUDE":110.3517334,"LATITUDE":-7.7118977,"STATUS":"BUKA","TANGGAL PENGUMPULAN":"Q1 2024","TANGGAL UPDATE":"28/02/2025"}},{"type":"Feature","geometry":{"coordinates":[110.4494519,-7.7475509],"type":"Point"},"properties":{"NAMA":"APOTEK K-24 PURWOMARTANI","TIPE_1":"KESEHATAN DAN PENGOBATAN","TIPE_2":"APOTEK","TIPE_3":"-","TELEPON":"(0274) 2850631","ALAMAT":"JALAN, BROMONILAN, PURWOMARTANI, KEC. KALASAN, KABUPATEN SLEMAN, DAERAH ISTIMEWA YOGYAKARTA 55571","ID_PROV":"34","PROVINSI":"DAERAH ISTIMEWA YOGYAKARTA","ID_KABKOT":"34.04","KABKOT":"SLEMAN","ID_KEC":"34.04.10","KECAMATAN":"KALASAN","ID_DESA":"34.04.10.2001","DESA":"PURWOMARTANI","LONGITUDE":110.4494519,"LATITUDE":-7.7475509,"STATUS":"BUKA","TANGGAL PENGUMPULAN":"Q1 2024","TANGGAL UPDATE":"28/02/2025"}},{"type":"Feature","geometry":{"coordinates":[110.4331781,-7.7587965],"type":"Point"},"properties":{"NAMA":"APOTEK K24 STAN","TIPE_1":"KESEHATAN DAN PENGOBATAN","TIPE_2":"APOTEK","TIPE_3":"-","TELEPON":"0877-3485-2203","ALAMAT":"JL. RAYA TAJEM, DENOKAN, MAGUWOHARJO, KEC. DEPOK, KABUPATEN SLEMAN, DAERAH ISTIMEWA YOGYAKARTA 55282","ID_PROV":"34","PROVINSI":"DAERAH ISTIMEWA YOGYAKARTA","ID_KABKOT":"34.04","KABKOT":"SLEMAN","ID_KEC":"34.04.07","KECAMATAN":"DEPOK","ID_DESA":"34.04.07.2002","DESA":"MAGUWOHARJO","LONGITUDE":110.4331781,"LATITUDE":-7.7587965,"STATUS":"BUKA","TANGGAL PENGUMPULAN":"Q1 2024","TANGGAL UPDATE":"28/02/2025"}},{"type":"Feature","geometry":{"coordinates":[110.3955441,-7.7824081],"type":"Point"},"properties":{"NAMA":"APOTEK PANDEGA","TIPE_1":"KESEHATAN DAN PENGOBATAN","TIPE_2":"APOTEK","TIPE_3":"-","TELEPON":"(0274) 2624437","ALAMAT":"JL. PETUNG NO.1 A, PAPRINGAN, CATURTUNGGAL, KEC. DEPOK, KABUPATEN SLEMAN, DAERAH ISTIMEWA YOGYAKARTA 55281","ID_PROV":"34","PROVINSI":"DAERAH ISTIMEWA YOGYAKARTA","ID_KABKOT":"34.04","KABKOT":"SLEMAN","ID_KEC":"34.04.07","KECAMATAN":"DEPOK","ID_DESA":"34.04.07.2001","DESA":"CATURTUNGGAL","LONGITUDE":110.3955441,"LATITUDE":-7.7824081,"STATUS":"BUKA","TANGGAL PENGUMPULAN":"Q1 2024","TANGGAL UPDATE":"28/02/2025"}},{"type":"Feature","geometry":{"coordinates":[110.3900312,-7.7704901],"type":"Point"},"properties":{"NAMA":"APOTEK K-24 GEJAYAN","TIPE_1":"KESEHATAN DAN PENGOBATAN","TIPE_2":"APOTEK","TIPE_3":"-","TELEPON":"0896-7464-8483","ALAMAT":"JL. AFFANDI NO.29, SANTREN, CATURTUNGGAL, KEC. DEPOK, KABUPATEN SLEMAN, DAERAH ISTIMEWA YOGYAKARTA 55281","ID_PROV":"34","PROVINSI":"DAERAH ISTIMEWA YOGYAKARTA","ID_KABKOT":"34.04","KABKOT":"SLEMAN","ID_KEC":"34.04.07","KECAMATAN":"DEPOK","ID_DESA":"34.04.07.2001","DESA":"CATURTUNGGAL","LONGITUDE":110.3900312,"LATITUDE":-7.7704901,"STATUS":"BUKA","TANGGAL PENGUMPULAN":"Q1 2024","TANGGAL UPDATE":"28/02/2025"}},{"type":"Feature","geometry":{"coordinates":[110.4018189,-7.7701287],"type":"Point"},"properties":{"NAMA":"APOTEK K-24 NOLOGATEN SLEMAN","TIPE_1":"KESEHATAN DAN PENGOBATAN","TIPE_2":"APOTEK","TIPE_3":"-","TELEPON":"0812-1149-2516","ALAMAT":"JL. WAHID HASYIM, DABAG, CONDONGCATUR, KEC. DEPOK, KABUPATEN SLEMAN, DAERAH ISTIMEWA YOGYAKARTA 55281","ID_PROV":"34","PROVINSI":"DAERAH ISTIMEWA YOGYAKARTA","ID_KABKOT":"34.04","KABKOT":"SLEMAN","ID_KEC":"34.04.07","KECAMATAN":"DEPOK","ID_DESA":"34.04.07.2003","DESA":"CONDONGCATUR","LONGITUDE":110.4018189,"LATITUDE":-7.7701287,"STATUS":"BUKA","TANGGAL PENGUMPULAN":"Q1 2024","TANGGAL UPDATE":"28/02/2025"}},{"type":"Feature","geometry":{"coordinates":[110.397067,-7.7540782],"type":"Point"},"properties":{"NAMA":"APOTEK K-24 ANGGAJAYA","TIPE_1":"KESEHATAN DAN PENGOBATAN","TIPE_2":"APOTEK","TIPE_3":"-","TELEPON":"(0274) 2834464","ALAMAT":"JL. ANGGAJAYA 1 NO.188, GEJAYAN, CONDONGCATUR, KEC. DEPOK, KABUPATEN SLEMAN, DAERAH ISTIMEWA YOGYAKARTA 55283","ID_PROV":"34","PROVINSI":"DAERAH ISTIMEWA YOGYAKARTA","ID_KABKOT":"34.04","KABKOT":"SLEMAN","ID_KEC":"34.04.07","KECAMATAN":"DEPOK","ID_DESA":"34.04.07.2003","DESA":"CONDONGCATUR","LONGITUDE":110.397067,"LATITUDE":-7.7540782,"STATUS":"BUKA","TANGGAL PENGUMPULAN":"Q1 2024","TANGGAL UPDATE":"28/02/2025"}},{"type":"Feature","geometry":{"coordinates":[110.306335,-7.7714124],"type":"Point"},"properties":{"NAMA":"APOTEK SIAGA 24 GODEAN","TIPE_1":"KESEHATAN DAN PENGOBATAN","TIPE_2":"APOTEK","TIPE_3":"-","TELEPON":"0812-1260-8926","ALAMAT":"JL. SIDOKARTO, DUKUH, SIDOKARTO, KEC. GODEAN, KABUPATEN SLEMAN, DAERAH ISTIMEWA YOGYAKARTA 55564","ID_PROV":"34","PROVINSI":"DAERAH ISTIMEWA YOGYAKARTA","ID_KABKOT":"34.04","KABKOT":"SLEMAN","ID_KEC":"34.04.02","KECAMATAN":"GODEAN","ID_DESA":"34.04.02.2005","DESA":"SIDOKARTO","LONGITUDE":110.306335,"LATITUDE":-7.7714124,"STATUS":"BUKA","TANGGAL PENGUMPULAN":"Q1 2024","TANGGAL UPDATE":"28/02/2025"}},{"type":"Feature","geometry":{"coordinates":[110.3687751,-7.7691317],"type":"Point"},"properties":{"NAMA":"APOTEK BLUNYAH FARMA","TIPE_1":"KESEHATAN DAN PENGOBATAN","TIPE_2":"APOTEK","TIPE_3":"-","TELEPON":"(0274) 555603","ALAMAT":"JL. MONJALI NO.191, KUTU DUKUH, SINDUADI, KEC. MLATI, KABUPATEN SLEMAN, DAERAH ISTIMEWA YOGYAKARTA 55241","ID_PROV":"34","PROVINSI":"DAERAH ISTIMEWA YOGYAKARTA","ID_KABKOT":"34.04","KABKOT":"SLEMAN","ID_KEC":"34.04.06","KECAMATAN":"MLATI","ID_DESA":"34.04.06.2001","DESA":"SINDUADI","LONGITUDE":110.3687751,"LATITUDE":-7.7691317,"STATUS":"BUKA","TANGGAL PENGUMPULAN":"Q1 2024","TANGGAL UPDATE":"28/02/2025"}},{"type":"Feature","geometry":{"coordinates":[110.3742369,-7.7430716],"type":"Point"},"properties":{"NAMA":"APOTEK K-24 PALAGAN 2 SLEMAN","TIPE_1":"KESEHATAN DAN PENGOBATAN","TIPE_2":"APOTEK","TIPE_3":"-","TELEPON":"0811-2868-624","ALAMAT":"JL. PALAGAN TENTARA PELAJAR SEDAN, RT.02/RW.33, PANGGUNG SARI, SARIHARJO, NGAGLIK, SLEMAN REGENCY, SPECIAL REGION OF YOGYAKARTA 55581","ID_PROV":"34","PROVINSI":"DAERAH ISTIMEWA YOGYAKARTA","ID_KABKOT":"34.04","KABKOT":"SLEMAN","ID_KEC":"34.04.12","KECAMATAN":"NGAGLIK","ID_DESA":"34.04.12.2001","DESA":"SARIHARJO","LONGITUDE":110.3742369,"LATITUDE":-7.7430716,"STATUS":"BUKA","TANGGAL PENGUMPULAN":"Q1 2024","TANGGAL UPDATE":"28/02/2025"}},{"type":"Feature","geometry":{"coordinates":[110.3496461,-7.7409615],"type":"Point"},"properties":{"NAMA":"APOTEK K-24 KRONGGAHAN SLEMAN","TIPE_1":"KESEHATAN DAN PENGOBATAN","TIPE_2":"APOTEK","TIPE_3":"-","TELEPON":"0812-2211-2424","ALAMAT":"JL. KABUPATEN, KRONGGAHAN II, TRIHANGGO, GAMPING, SLEMAN REGENCY, SPECIAL REGION OF YOGYAKARTA 55291","ID_PROV":"34","PROVINSI":"DAERAH ISTIMEWA YOGYAKARTA","ID_KABKOT":"34.04","KABKOT":"SLEMAN","ID_KEC":"34.04.01","KECAMATAN":"GAMPING","ID_DESA":"34.04.01.2005","DESA":"TRIHANGGO","LONGITUDE":110.3496461,"LATITUDE":-7.7409615,"STATUS":"BUKA","TANGGAL PENGUMPULAN":"Q1 2024","TANGGAL UPDATE":"28/02/2025"}},{"type":"Feature","geometry":{"coordinates":[110.3729463,-7.7469621],"type":"Point"},"properties":{"NAMA":"APOTEK UNISIA 24 PALAGAN","TIPE_1":"KESEHATAN DAN PENGOBATAN","TIPE_2":"APOTEK","TIPE_3":"-","TELEPON":"0811-2635-992","ALAMAT":"JL. PALAGAN TENTARA PELAJAR NO.73, JONGKANG, SARIHARJO, KEC. NGAGLIK, KABUPATEN SLEMAN, DAERAH ISTIMEWA YOGYAKARTA 55581","ID_PROV":"34","PROVINSI":"DAERAH ISTIMEWA YOGYAKARTA","ID_KABKOT":"34.04","KABKOT":"SLEMAN","ID_KEC":"34.04.12","KECAMATAN":"NGAGLIK","ID_DESA":"34.04.12.2001","DESA":"SARIHARJO","LONGITUDE":110.3729463,"LATITUDE":-7.7469621,"STATUS":"BUKA","TANGGAL PENGUMPULAN":"Q1 2024","TANGGAL UPDATE":"28/02/2025"}},{"type":"Feature","geometry":{"coordinates":[110.3699394,-7.7567867],"type":"Point"},"properties":{"NAMA":"APOTEK ANUGERAH24","TIPE_1":"KESEHATAN DAN PENGOBATAN","TIPE_2":"APOTEK","TIPE_3":"-","TELEPON":"(0274) 625399","ALAMAT":"JL. MONUMEN JOGJA KEMBALI NO.67, GEMAWANG, SINDUADI, KEC. MLATI, KABUPATEN SLEMAN, DAERAH ISTIMEWA YOGYAKARTA 55284","ID_PROV":"34","PROVINSI":"DAERAH ISTIMEWA YOGYAKARTA","ID_KABKOT":"34.04","KABKOT":"SLEMAN","ID_KEC":"34.04.06","KECAMATAN":"MLATI","ID_DESA":"34.04.06.2001","DESA":"SINDUADI","LONGITUDE":110.3699394,"LATITUDE":-7.7567867,"STATUS":"BUKA","TANGGAL PENGUMPULAN":"Q1 2024","TANGGAL UPDATE":"28/02/2025"}},{"type":"Feature","geometry":{"coordinates":[110.3729854,-7.7469695],"type":"Point"},"properties":{"NAMA":"APOTEK MARI SEHAT INDONESIA PALAGAN","TIPE_1":"KESEHATAN DAN PENGOBATAN","TIPE_2":"APOTEK","TIPE_3":"-","TELEPON":"0822-4245-5594","ALAMAT":"JL. PALAGAN TENTARA PELAJAR NO.25, WARAS, SARIHARJO, KEC. NGAGLIK, KABUPATEN SLEMAN, DAERAH ISTIMEWA YOGYAKARTA 55581","ID_PROV":"34","PROVINSI":"DAERAH ISTIMEWA YOGYAKARTA","ID_KABKOT":"34.04","KABKOT":"SLEMAN","ID_KEC":"34.04.12","KECAMATAN":"NGAGLIK","ID_DESA":"34.04.12.2001","DESA":"SARIHARJO","LONGITUDE":110.3729854,"LATITUDE":-7.7469695,"STATUS":"BUKA","TANGGAL PENGUMPULAN":"Q1 2024","TANGGAL UPDATE":"28/02/2025"}},{"type":"Feature","geometry":{"coordinates":[110.3549563,-7.7196427],"type":"Point"},"properties":{"NAMA":"APOTEK K-24 DENGGUNG SLEMAN","TIPE_1":"KESEHATAN DAN PENGOBATAN","TIPE_2":"APOTEK","TIPE_3":"-","TELEPON":"0811-2458-860","ALAMAT":"JL. KRT PRINGGODININGRAT NO.14, BERAN KIDUL, TRIDADI, SLEMAN, SLEMAN REGENCY, SPECIAL REGION OF YOGYAKARTA 55511","ID_PROV":"34","PROVINSI":"DAERAH ISTIMEWA YOGYAKARTA","ID_KABKOT":"34.04","KABKOT":"SLEMAN","ID_KEC":"34.04.13","KECAMATAN":"SLEMAN","ID_DESA":"34.04.13.2003","DESA":"TRIDADI","LONGITUDE":110.3549563,"LATITUDE":-7.7196427,"STATUS":"BUKA","TANGGAL PENGUMPULAN":"Q1 2024","TANGGAL UPDATE":"28/02/2025"}},{"type":"Feature","geometry":{"coordinates":[110.3434763,-7.7796316],"type":"Point"},"properties":{"NAMA":"APOTEK K-24 JL. GODEAN SLEMAN","TIPE_1":"KESEHATAN DAN PENGOBATAN","TIPE_2":"APOTEK","TIPE_3":"-","TELEPON":"(0274) 562424","ALAMAT":"JL. NGAPAK - KENTHENG KM. 4 NO. 179, KWARASAN, NOGOTIRTO, KEC. GAMPING, KABUPATEN SLEMAN, DAERAH ISTIMEWA YOGYAKARTA 55293","ID_PROV":"34","PROVINSI":"DAERAH ISTIMEWA YOGYAKARTA","ID_KABKOT":"34.04","KABKOT":"SLEMAN","ID_KEC":"34.04.01","KECAMATAN":"GAMPING","ID_DESA":"34.04.01.2004","DESA":"NOGOTIRTO","LONGITUDE":110.3434763,"LATITUDE":-7.7796316,"STATUS":"BUKA","TANGGAL PENGUMPULAN":"Q1 2024","TANGGAL UPDATE":"28/02/2025"}},{"type":"Feature","geometry":{"coordinates":[110.3736461,-7.7445143],"type":"Point"},"properties":{"NAMA":"APOTEK KIMIA FARMA PALAGAN","TIPE_1":"KESEHATAN DAN PENGOBATAN","TIPE_2":"APOTEK","TIPE_3":"-","TELEPON":"(0274) 869944","ALAMAT":"JL. PALAGAN TENTARA PELAJAR NO.72, PANGGUNG SARI, SARIHARJO, KEC. NGAGLIK, KABUPATEN SLEMAN, DAERAH ISTIMEWA YOGYAKARTA 55581","ID_PROV":"34","PROVINSI":"DAERAH ISTIMEWA YOGYAKARTA","ID_KABKOT":"34.04","KABKOT":"SLEMAN","ID_KEC":"34.04.12","KECAMATAN":"NGAGLIK","ID_DESA":"34.04.12.2001","DESA":"SARIHARJO","LONGITUDE":110.3736461,"LATITUDE":-7.7445143,"STATUS":"BUKA","TANGGAL PENGUMPULAN":"Q1 2024","TANGGAL UPDATE":"28/02/2025"}},{"type":"Feature","geometry":{"coordinates":[110.3746042,-7.7425919],"type":"Point"},"properties":{"NAMA":"APOTEK SARI DEWI PALAGAN","TIPE_1":"KESEHATAN DAN PENGOBATAN","TIPE_2":"APOTEK","TIPE_3":"-","TELEPON":"(0274) 4463900","ALAMAT":"JL. PALAGAN TENTARA PELAJAR NO.33, JONGKANG, SARIHARJO, KEC. NGAGLIK, KABUPATEN SLEMAN, DAERAH ISTIMEWA YOGYAKARTA 55581","ID_PROV":"34","PROVINSI":"DAERAH ISTIMEWA YOGYAKARTA","ID_KABKOT":"34.04","KABKOT":"SLEMAN","ID_KEC":"34.04.12","KECAMATAN":"NGAGLIK","ID_DESA":"34.04.12.2001","DESA":"SARIHARJO","LONGITUDE":110.3746042,"LATITUDE":-7.7425919,"STATUS":"BUKA","TANGGAL PENGUMPULAN":"Q1 2024","TANGGAL UPDATE":"28/02/2025"}},{"type":"Feature","geometry":{"coordinates":[110.3722425,-7.7483612],"type":"Point"},"properties":{"NAMA":"APOTEK OMAH SEHAT JONGKANG","TIPE_1":"KESEHATAN DAN PENGOBATAN","TIPE_2":"APOTEK","TIPE_3":"-","TELEPON":"0812-1590-0202","ALAMAT":"JL. PALAGAN TENTARA PELAJAR NO.120, JONGKANG, SARIHARJO, KEC. NGAGLIK, KABUPATEN SLEMAN, DAERAH ISTIMEWA YOGYAKARTA 55581","ID_PROV":"34","PROVINSI":"DAERAH ISTIMEWA YOGYAKARTA","ID_KABKOT":"34.04","KABKOT":"SLEMAN","ID_KEC":"34.04.12","KECAMATAN":"NGAGLIK","ID_DESA":"34.04.12.2001","DESA":"SARIHARJO","LONGITUDE":110.3722425,"LATITUDE":-7.7483612,"STATUS":"BUKA","TANGGAL PENGUMPULAN":"Q1 2024","TANGGAL UPDATE":"28/02/2025"}},{"type":"Feature","geometry":{"coordinates":[110.4197062,-7.7421947],"type":"Point"},"properties":{"NAMA":"APOTEK K24 WEDOMARTANI","TIPE_1":"KESEHATAN DAN PENGOBATAN","TIPE_2":"APOTEK","TIPE_3":"-","TELEPON":"0812-2571-8726","ALAMAT":"MALANGREJO, WEDOMARTANI, KEC. NGEMPLAK, KABUPATEN SLEMAN, DAERAH ISTIMEWA YOGYAKARTA 55584","ID_PROV":"34","PROVINSI":"DAERAH ISTIMEWA YOGYAKARTA","ID_KABKOT":"34.04","KABKOT":"SLEMAN","ID_KEC":"34.04.11","KECAMATAN":"NGEMPLAK","ID_DESA":"34.04.11.2004","DESA":"WEDOMARTANI","LONGITUDE":110.4197062,"LATITUDE":-7.7421947,"STATUS":"BUKA","TANGGAL PENGUMPULAN":"Q1 2024","TANGGAL UPDATE":"28/02/2025"}},{"type":"Feature","geometry":{"coordinates":[110.3795383,-7.7629871],"type":"Point"},"properties":{"NAMA":"APOTEK K-24 JL. KALIURANG SLEMAN","TIPE_1":"KESEHATAN DAN PENGOBATAN","TIPE_2":"APOTEK","TIPE_3":"-","TELEPON":"0823-2955-9171","ALAMAT":"JL. KALIURANG NO.94 NO.KM. 5, KOCORAN, CATURTUNGGAL, KEC. DEPOK, KABUPATEN SLEMAN, DAERAH ISTIMEWA YOGYAKARTA 55281","ID_PROV":"34","PROVINSI":"DAERAH ISTIMEWA YOGYAKARTA","ID_KABKOT":"34.04","KABKOT":"SLEMAN","ID_KEC":"34.04.06","KECAMATAN":"MLATI","ID_DESA":"34.04.06.2001","DESA":"SINDUADI","LONGITUDE":110.3795383,"LATITUDE":-7.7629871,"STATUS":"BUKA","TANGGAL PENGUMPULAN":"Q1 2024","TANGGAL UPDATE":"28/02/2025"}},{"type":"Feature","geometry":{"coordinates":[110.4343861,-7.7416885],"type":"Point"},"properties":{"NAMA":"APOTEK K-24 TAJEM SLEMAN","TIPE_1":"KESEHATAN DAN PENGOBATAN","TIPE_2":"APOTEK","TIPE_3":"-","TELEPON":"0822-2034-9106","ALAMAT":"JL. RAYA TAJEM, PANJEN, WEDOMARTANI, KEC. NGEMPLAK, KABUPATEN SLEMAN, DAERAH ISTIMEWA YOGYAKARTA 55584","ID_PROV":"34","PROVINSI":"DAERAH ISTIMEWA YOGYAKARTA","ID_KABKOT":"34.04","KABKOT":"SLEMAN","ID_KEC":"34.04.11","KECAMATAN":"NGEMPLAK","ID_DESA":"34.04.11.2004","DESA":"WEDOMARTANI","LONGITUDE":110.4343861,"LATITUDE":-7.7416885,"STATUS":"BUKA","TANGGAL PENGUMPULAN":"Q1 2024","TANGGAL UPDATE":"28/02/2025"}},{"type":"Feature","geometry":{"coordinates":[110.3862438,-7.750097],"type":"Point"},"properties":{"NAMA":"APOTEK K24 KENTUNGAN","TIPE_1":"KESEHATAN DAN PENGOBATAN","TIPE_2":"APOTEK","TIPE_3":"-","TELEPON":"0858-4875-4745","ALAMAT":"JL. KALIURANG BLOK A NO.15 KM. 6.5, KENTUNGAN, CONDONGCATUR, KEC. DEPOK, KABUPATEN SLEMAN, DAERAH ISTIMEWA YOGYAKARTA 55283","ID_PROV":"34","PROVINSI":"DAERAH ISTIMEWA YOGYAKARTA","ID_KABKOT":"34.04","KABKOT":"SLEMAN","ID_KEC":"34.04.07","KECAMATAN":"DEPOK","ID_DESA":"34.04.07.2003","DESA":"CONDONGCATUR","LONGITUDE":110.3862438,"LATITUDE":-7.750097,"STATUS":"BUKA","TANGGAL PENGUMPULAN":"Q1 2024","TANGGAL UPDATE":"28/02/2025"}},{"type":"Feature","geometry":{"coordinates":[110.4097788,-7.7553173],"type":"Point"},"properties":{"NAMA":"APOTEK K-24 CONDONG CATUR SLEMAN","TIPE_1":"KESEHATAN DAN PENGOBATAN","TIPE_2":"APOTEK","TIPE_3":"-","TELEPON":"0895-2754-2824","ALAMAT":"JL. NUSA INDAH NO.408, DERO, CONDONGCATUR, KEC. DEPOK, KABUPATEN SLEMAN, DAERAH ISTIMEWA YOGYAKARTA 55281","ID_PROV":"34","PROVINSI":"DAERAH ISTIMEWA YOGYAKARTA","ID_KABKOT":"34.04","KABKOT":"SLEMAN","ID_KEC":"34.04.07","KECAMATAN":"DEPOK","ID_DESA":"34.04.07.2003","DESA":"CONDONGCATUR","LONGITUDE":110.4097788,"LATITUDE":-7.7553173,"STATUS":"BUKA","TANGGAL PENGUMPULAN":"Q1 2024","TANGGAL UPDATE":"28/02/2025"}},{"type":"Feature","geometry":{"coordinates":[110.4063017,-7.7550893],"type":"Point"},"properties":{"NAMA":"APOTEK VISI PHARMA","TIPE_1":"KESEHATAN DAN PENGOBATAN","TIPE_2":"APOTEK","TIPE_3":"-","TELEPON":"(0274) 7432226","ALAMAT":"JL. CEMP. NO.32, PERUMNAS CONDONG CATUR, CONDONGCATUR, KEC. DEPOK, KABUPATEN SLEMAN, DAERAH ISTIMEWA YOGYAKARTA 55281","ID_PROV":"34","PROVINSI":"DAERAH ISTIMEWA YOGYAKARTA","ID_KABKOT":"34.04","KABKOT":"SLEMAN","ID_KEC":"34.04.07","KECAMATAN":"DEPOK","ID_DESA":"34.04.07.2003","DESA":"CONDONGCATUR","LONGITUDE":110.4063017,"LATITUDE":-7.7550893,"STATUS":"BUKA","TANGGAL PENGUMPULAN":"Q1 2024","TANGGAL UPDATE":"28/02/2025"}},{"type":"Feature","geometry":{"coordinates":[110.3738916,-7.7189389],"type":"Point"},"properties":{"NAMA":"APOTEK K-24 GITO GATI SLEMAN","TIPE_1":"KESEHATAN DAN PENGOBATAN","TIPE_2":"APOTEK","TIPE_3":"-","TELEPON":"0813-2993-7237","ALAMAT":"JL. GITO GATI, PENEN, DONOHARJO, KEC. NGAGLIK, KABUPATEN SLEMAN, DAERAH ISTIMEWA YOGYAKARTA 55581","ID_PROV":"34","PROVINSI":"DAERAH ISTIMEWA YOGYAKARTA","ID_KABKOT":"34.04","KABKOT":"SLEMAN","ID_KEC":"34.04.12","KECAMATAN":"NGAGLIK","ID_DESA":"34.04.12.2006","DESA":"DONOHARJO","LONGITUDE":110.3738916,"LATITUDE":-7.7189389,"STATUS":"BUKA","TANGGAL PENGUMPULAN":"Q1 2024","TANGGAL UPDATE":"28/02/2025"}},{"type":"Feature","geometry":{"coordinates":[110.343504,-7.6908874],"type":"Point"},"properties":{"NAMA":"APOTEK K-24 MURANGAN","TIPE_1":"KESEHATAN DAN PENGOBATAN","TIPE_2":"APOTEK","TIPE_3":"-","TELEPON":"(0274) 865453","ALAMAT":"JL. MAGELANG KM. 13,5, MURANGAN, JL. MURANGAN VIII, PANGGERAN 8, TRIHARJO, KEC. SLEMAN, KABUPATEN SLEMAN, DAERAH ISTIMEWA YOGYAKARTA 55514","ID_PROV":"34","PROVINSI":"DAERAH ISTIMEWA YOGYAKARTA","ID_KABKOT":"34.04","KABKOT":"SLEMAN","ID_KEC":"34.04.13","KECAMATAN":"SLEMAN","ID_DESA":"34.04.13.2002","DESA":"TRIHARJO","LONGITUDE":110.343504,"LATITUDE":-7.6908874,"STATUS":"BUKA","TANGGAL PENGUMPULAN":"Q1 2024","TANGGAL UPDATE":"28/02/2025"}},{"type":"Feature","geometry":{"coordinates":[110.3079502,-7.7222316],"type":"Point"},"properties":{"NAMA":"APOTEK SEYEGAN","TIPE_1":"KESEHATAN DAN PENGOBATAN","TIPE_2":"APOTEK","TIPE_3":"-","TELEPON":"0822-2682-4359","ALAMAT":"JL. KEBON AGUNG NO.KM. 10, RW.8, KASULAN, MARGOKATON, KEC. SEYEGAN, KABUPATEN SLEMAN, DAERAH ISTIMEWA YOGYAKARTA 55561","ID_PROV":"34","PROVINSI":"DAERAH ISTIMEWA YOGYAKARTA","ID_KABKOT":"34.04","KABKOT":"SLEMAN","ID_KEC":"34.04.05","KECAMATAN":"SEYEGAN","ID_DESA":"34.04.05.2002","DESA":"MARGODADI","LONGITUDE":110.3079502,"LATITUDE":-7.7222316,"STATUS":"BUKA","TANGGAL PENGUMPULAN":"Q1 2024","TANGGAL UPDATE":"28/02/2025"}},{"type":"Feature","geometry":{"coordinates":[110.3696584,-7.756775],"type":"Point"},"properties":{"NAMA":"APOTEK K-24 MONJALI","TIPE_1":"KESEHATAN DAN PENGOBATAN","TIPE_2":"APOTEK","TIPE_3":"-","TELEPON":"0895-3253-59274","ALAMAT":"JL. MONJALI NO.60B, GEMAWANG, SINDUADI, KEC. MLATI, KABUPATEN SLEMAN, DAERAH ISTIMEWA YOGYAKARTA 55284","ID_PROV":"34","PROVINSI":"DAERAH ISTIMEWA YOGYAKARTA","ID_KABKOT":"34.04","KABKOT":"SLEMAN","ID_KEC":"34.04.06","KECAMATAN":"MLATI","ID_DESA":"34.04.06.2001","DESA":"SINDUADI","LONGITUDE":110.3696584,"LATITUDE":-7.756775,"STATUS":"BUKA","TANGGAL PENGUMPULAN":"Q1 2024","TANGGAL UPDATE":"28/02/2025"}},{"type":"Feature","geometry":{"coordinates":[110.3794305,-7.7639976],"type":"Point"},"properties":{"NAMA":"APOTEK KOBRA HUSADA","TIPE_1":"KESEHATAN DAN PENGOBATAN","TIPE_2":"APOTEK","TIPE_3":"-","TELEPON":"","ALAMAT":"JL. KALIURANG, KOCORAN, CATURTUNGGAL, KEC. DEPOK, KABUPATEN SLEMAN, DAERAH ISTIMEWA YOGYAKARTA 55281","ID_PROV":"34","PROVINSI":"DAERAH ISTIMEWA YOGYAKARTA","ID_KABKOT":"34.04","KABKOT":"SLEMAN","ID_KEC":"34.04.07","KECAMATAN":"DEPOK","ID_DESA":"34.04.07.2001","DESA":"CATURTUNGGAL","LONGITUDE":110.3794305,"LATITUDE":-7.7639976,"STATUS":"BUKA","TANGGAL PENGUMPULAN":"Q1 2024","TANGGAL UPDATE":"28/02/2025"}},{"type":"Feature","geometry":{"coordinates":[110.3447784,-7.7795284],"type":"Point"},"properties":{"NAMA":"APOTEK ANUGERAH MEDIKA","TIPE_1":"KESEHATAN DAN PENGOBATAN","TIPE_2":"APOTEK","TIPE_3":"-","TELEPON":"","ALAMAT":"JL. NUSA INDAH, KWARASAN, NOGOTIRTO, KEC. GAMPING, KABUPATEN SLEMAN, DAERAH ISTIMEWA YOGYAKARTA 55592","ID_PROV":"34","PROVINSI":"DAERAH ISTIMEWA YOGYAKARTA","ID_KABKOT":"34.04","KABKOT":"SLEMAN","ID_KEC":"34.04.01","KECAMATAN":"GAMPING","ID_DESA":"34.04.01.2004","DESA":"NOGOTIRTO","LONGITUDE":110.3447784,"LATITUDE":-7.7795284,"STATUS":"BUKA","TANGGAL PENGUMPULAN":"Q1 2024","TANGGAL UPDATE":"28/02/2025"}},{"type":"Feature","geometry":{"coordinates":[110.3374002,-7.7784832],"type":"Point"},"properties":{"NAMA":"APOTEK KIMIA FARMA GODEAN","TIPE_1":"KESEHATAN DAN PENGOBATAN","TIPE_2":"APOTEK","TIPE_3":"-","TELEPON":"0813-6540-3736","ALAMAT":"JL. NGAPAK - KENTHENG NO.23 KM. 5, MODINAN, BANYURADEN, KEC. GAMPING, KABUPATEN SLEMAN, DAERAH ISTIMEWA YOGYAKARTA 55293","ID_PROV":"34","PROVINSI":"DAERAH ISTIMEWA YOGYAKARTA","ID_KABKOT":"34.04","KABKOT":"SLEMAN","ID_KEC":"34.04.01","KECAMATAN":"GAMPING","ID_DESA":"34.04.01.2003","DESA":"BANYURADEN","LONGITUDE":110.3374002,"LATITUDE":-7.7784832,"STATUS":"BUKA","TANGGAL PENGUMPULAN":"Q1 2024","TANGGAL UPDATE":"28/02/2025"}},{"type":"Feature","geometry":{"coordinates":[110.4713979,-7.7674656],"type":"Point"},"properties":{"NAMA":"APOTEK","TIPE_1":"KESEHATAN DAN PENGOBATAN","TIPE_2":"APOTEK","TIPE_3":"-","TELEPON":"(0274) 498278","ALAMAT":"RUMAH SAKIT BHAYANGKARA POLDA, JL. RAYA SOLO - YOGYAKARTA NO.14, GLONDONG, TIRTOMARTANI, KEC. KALASAN, KABUPATEN SLEMAN, DAERAH ISTIMEWA YOGYAKARTA 55571","ID_PROV":"34","PROVINSI":"DAERAH ISTIMEWA YOGYAKARTA","ID_KABKOT":"34.04","KABKOT":"SLEMAN","ID_KEC":"34.04.10","KECAMATAN":"KALASAN","ID_DESA":"34.04.10.2002","DESA":"TIRTOMARTANI","LONGITUDE":110.4713979,"LATITUDE":-7.7674656,"STATUS":"BUKA","TANGGAL PENGUMPULAN":"Q1 2024","TANGGAL UPDATE":"28/02/2025"}},{"type":"Feature","geometry":{"coordinates":[110.2945089,-7.7679165],"type":"Point"},"properties":{"NAMA":"APOTEK K-24 PASAR GODEAN","TIPE_1":"KESEHATAN DAN PENGOBATAN","TIPE_2":"APOTEK","TIPE_3":"-","TELEPON":"0813-9294-5336","ALAMAT":"JL. NGAPAK - KENTHENG NO.KM. 10, GENENG, SIDOAGUNG, KEC. GODEAN, KABUPATEN SLEMAN, DAERAH ISTIMEWA YOGYAKARTA 55264","ID_PROV":"34","PROVINSI":"DAERAH ISTIMEWA YOGYAKARTA","ID_KABKOT":"34.04","KABKOT":"SLEMAN","ID_KEC":"34.04.02","KECAMATAN":"GODEAN","ID_DESA":"34.04.02.2004","DESA":"SIDOAGUNG","LONGITUDE":110.2945089,"LATITUDE":-7.7679165,"STATUS":"BUKA","TANGGAL PENGUMPULAN":"Q1 2024","TANGGAL UPDATE":"28/02/2025"}},{"type":"Feature","geometry":{"coordinates":[110.399537,-7.745764],"type":"Point"},"properties":{"NAMA":"APOTEK MANUKAN","TIPE_1":"KESEHATAN DAN PENGOBATAN","TIPE_2":"APOTEK","TIPE_3":"-","TELEPON":"","ALAMAT":"JL. RAYA MANUKAN NO.02, MANUKAN, CONDONGCATUR, KEC. DEPOK, KABUPATEN SLEMAN, DAERAH ISTIMEWA YOGYAKARTA 55281","ID_PROV":"34","PROVINSI":"DAERAH ISTIMEWA YOGYAKARTA","ID_KABKOT":"34.04","KABKOT":"SLEMAN","ID_KEC":"34.04.07","KECAMATAN":"DEPOK","ID_DESA":"34.04.07.2003","DESA":"CONDONGCATUR","LONGITUDE":110.399537,"LATITUDE":-7.745764,"STATUS":"BUKA","TANGGAL PENGUMPULAN":"Q1 2024","TANGGAL UPDATE":"28/02/2025"}},{"type":"Feature","geometry":{"coordinates":[110.4141035,-7.7818787],"type":"Point"},"properties":{"NAMA":"APOTEK K-24 BABARSARI SLEMAN","TIPE_1":"KESEHATAN DAN PENGOBATAN","TIPE_2":"APOTEK","TIPE_3":"-","TELEPON":"0813-9452-0000","ALAMAT":"JL. BABARSARI NO.13 B, JANTI, CATURTUNGGAL, KEC. DEPOK, KABUPATEN SLEMAN, DAERAH ISTIMEWA YOGYAKARTA 55281","ID_PROV":"34","PROVINSI":"DAERAH ISTIMEWA YOGYAKARTA","ID_KABKOT":"34.04","KABKOT":"SLEMAN","ID_KEC":"34.04.07","KECAMATAN":"DEPOK","ID_DESA":"34.04.07.2001","DESA":"CATURTUNGGAL","LONGITUDE":110.4141035,"LATITUDE":-7.7818787,"STATUS":"BUKA","TANGGAL PENGUMPULAN":"Q1 2024","TANGGAL UPDATE":"28/02/2025"}},{"type":"Feature","geometry":{"coordinates":[110.4329635,-7.7603257],"type":"Point"},"properties":{"NAMA":"APOTEK KIMIA FARMA STAN","TIPE_1":"KESEHATAN DAN PENGOBATAN","TIPE_2":"APOTEK","TIPE_3":"-","TELEPON":"0821-3486-6805","ALAMAT":"JL. RAYA TAJEM KM 1 NO.21A, MUSTOKOREJO, DENOKAN, MAGUWOHARJO, KEC. DEPOK, KABUPATEN SLEMAN, DAERAH ISTIMEWA YOGYAKARTA 55282","ID_PROV":"34","PROVINSI":"DAERAH ISTIMEWA YOGYAKARTA","ID_KABKOT":"34.04","KABKOT":"SLEMAN","ID_KEC":"34.04.07","KECAMATAN":"DEPOK","ID_DESA":"34.04.07.2002","DESA":"MAGUWOHARJO","LONGITUDE":110.4329635,"LATITUDE":-7.7603257,"STATUS":"BUKA","TANGGAL PENGUMPULAN":"Q1 2024","TANGGAL UPDATE":"28/02/2025"}},{"type":"Feature","geometry":{"coordinates":[110.381554,-7.7582374],"type":"Point"},"properties":{"NAMA":"APOTEK BINA FARMA","TIPE_1":"KESEHATAN DAN PENGOBATAN","TIPE_2":"APOTEK","TIPE_3":"-","TELEPON":"(0274) 959308","ALAMAT":"JL. KALIURANG NO.68, MANGGUNG, CATURTUNGGAL, KEC. DEPOK, KABUPATEN SLEMAN, DAERAH ISTIMEWA YOGYAKARTA 55281","ID_PROV":"34","PROVINSI":"DAERAH ISTIMEWA YOGYAKARTA","ID_KABKOT":"34.04","KABKOT":"SLEMAN","ID_KEC":"34.04.07","KECAMATAN":"DEPOK","ID_DESA":"34.04.07.2001","DESA":"CATURTUNGGAL","LONGITUDE":110.381554,"LATITUDE":-7.7582374,"STATUS":"BUKA","TANGGAL PENGUMPULAN":"Q1 2024","TANGGAL UPDATE":"28/02/2025"}},{"type":"Feature","geometry":{"coordinates":[110.3949861,-7.7871441],"type":"Point"},"properties":{"NAMA":"APOTEK HANA FARMA","TIPE_1":"KESEHATAN DAN PENGOBATAN","TIPE_2":"APOTEK","TIPE_3":"-","TELEPON":"","ALAMAT":"JL. TIMOHO, PAPRINGAN, CATURTUNGGAL, KEC. DEPOK, KOTA YOGYAKARTA, DAERAH ISTIMEWA YOGYAKARTA 55221","ID_PROV":"34","PROVINSI":"DAERAH ISTIMEWA YOGYAKARTA","ID_KABKOT":"34.04","KABKOT":"SLEMAN","ID_KEC":"34.04.07","KECAMATAN":"DEPOK","ID_DESA":"34.04.07.2001","DESA":"CATURTUNGGAL","LONGITUDE":110.3949861,"LATITUDE":-7.7871441,"STATUS":"BUKA","TANGGAL PENGUMPULAN":"Q1 2024","TANGGAL UPDATE":"28/02/2025"}},{"type":"Feature","geometry":{"coordinates":[110.2254884,-7.7525065],"type":"Point"},"properties":{"NAMA":"APOTEK WAHYU PUTRA","TIPE_1":"KESEHATAN DAN PENGOBATAN","TIPE_2":"APOTEK","TIPE_3":"-","TELEPON":"(0274) 2672227","ALAMAT":"JL. NGAPAK - KENTHENG NO.KM. 18, SEMBUHAN KIDUL, SENDANGMULYO, KEC. MINGGIR, KABUPATEN SLEMAN, DAERAH ISTIMEWA YOGYAKARTA 55562","ID_PROV":"34","PROVINSI":"DAERAH ISTIMEWA YOGYAKARTA","ID_KABKOT":"34.04","KABKOT":"SLEMAN","ID_KEC":"34.04.04","KECAMATAN":"MINGGIR","ID_DESA":"34.04.04.2002","DESA":"SENDANGMULYO","LONGITUDE":110.2254884,"LATITUDE":-7.7525065,"STATUS":"BUKA","TANGGAL PENGUMPULAN":"Q1 2024","TANGGAL UPDATE":"28/02/2025"}},{"type":"Feature","geometry":{"coordinates":[110.3572168,-7.7250285],"type":"Point"},"properties":{"NAMA":"DRG RATNA","TIPE_1":"KESEHATAN DAN PENGOBATAN","TIPE_2":"PRAKTIK DOKTER SPESIALIS","TIPE_3":"DOKTER GIGI","TELEPON":"0878-3919-1302","ALAMAT":"JL. SAMBISARI JL. KEBON AGUNG NO.18, KB. ARUNG, TRIDADI, KEC. SLEMAN, KABUPATEN SLEMAN, DAERAH ISTIMEWA YOGYAKARTA 55511","ID_PROV":"34","PROVINSI":"DAERAH ISTIMEWA YOGYAKARTA","ID_KABKOT":"34.04","KABKOT":"SLEMAN","ID_KEC":"34.04.13","KECAMATAN":"SLEMAN","ID_DESA":"34.04.13.2003","DESA":"TRIDADI","LONGITUDE":110.3572168,"LATITUDE":-7.7250285,"STATUS":"BUKA","TANGGAL PENGUMPULAN":"Q1 2024","TANGGAL UPDATE":"28/02/2025"}},{"type":"Feature","geometry":{"coordinates":[110.4251823,-7.7506269],"type":"Point"},"properties":{"NAMA":"AHLI GIGI JAYA DENTAL","TIPE_1":"KESEHATAN DAN PENGOBATAN","TIPE_2":"KLINIK","TIPE_3":"TUKANG GIGI","TELEPON":"0877-0181-9003","ALAMAT":"KARANGSARI, WEDOMARTANI, KEC. NGEMPLAK, KABUPATEN SLEMAN, DAERAH ISTIMEWA YOGYAKARTA 55584","ID_PROV":"34","PROVINSI":"DAERAH ISTIMEWA YOGYAKARTA","ID_KABKOT":"34.04","KABKOT":"SLEMAN","ID_KEC":"34.04.11","KECAMATAN":"NGEMPLAK","ID_DESA":"34.04.11.2004","DESA":"WEDOMARTANI","LONGITUDE":110.4251823,"LATITUDE":-7.7506269,"STATUS":"BUKA","TANGGAL PENGUMPULAN":"Q1 2024","TANGGAL UPDATE":"28/02/2025"}},{"type":"Feature","geometry":{"coordinates":[110.438301,-7.7488846],"type":"Point"},"properties":{"NAMA":"KLINIK GIGI SEHAT JOGJA (DRG.HELLEN,SPKGA)","TIPE_1":"KESEHATAN DAN PENGOBATAN","TIPE_2":"PRAKTIK DOKTER SPESIALIS","TIPE_3":"DOKTER GIGI","TELEPON":"0857-8650-4866","ALAMAT":"JL. TAJEM BARU NO.24, TAJEM, MAGUWOHARJO, KEC. DEPOK, KABUPATEN SLEMAN, DAERAH ISTIMEWA YOGYAKARTA 55282","ID_PROV":"34","PROVINSI":"DAERAH ISTIMEWA YOGYAKARTA","ID_KABKOT":"34.04","KABKOT":"SLEMAN","ID_KEC":"34.04.07","KECAMATAN":"DEPOK","ID_DESA":"34.04.07.2002","DESA":"MAGUWOHARJO","LONGITUDE":110.438301,"LATITUDE":-7.7488846,"STATUS":"BUKA","TANGGAL PENGUMPULAN":"Q1 2024","TANGGAL UPDATE":"28/02/2025"}},{"type":"Feature","geometry":{"coordinates":[110.39147,-7.7675784],"type":"Point"},"properties":{"NAMA":"KLINIK GIGI DRG RATNA SUDJARWO","TIPE_1":"KESEHATAN DAN PENGOBATAN","TIPE_2":"PRAKTIK DOKTER SPESIALIS","TIPE_3":"DOKTER GIGI","TELEPON":"0899-3618-080","ALAMAT":"CT X JL. AFFANDI NO.31, SANTREN, CATURTUNGGAL, KEC. DEPOK, KABUPATEN SLEMAN, DAERAH ISTIMEWA YOGYAKARTA 55281","ID_PROV":"34","PROVINSI":"DAERAH ISTIMEWA YOGYAKARTA","ID_KABKOT":"34.04","KABKOT":"SLEMAN","ID_KEC":"34.04.07","KECAMATAN":"DEPOK","ID_DESA":"34.04.07.2001","DESA":"CATURTUNGGAL","LONGITUDE":110.39147,"LATITUDE":-7.7675784,"STATUS":"BUKA","TANGGAL PENGUMPULAN":"Q1 2024","TANGGAL UPDATE":"28/02/2025"}},{"type":"Feature","geometry":{"coordinates":[110.392642,-7.7807094],"type":"Point"},"properties":{"NAMA":"PRAKTEK DOKTER GIGI DRG KUNCORO SAKTI, MM MKES","TIPE_1":"KESEHATAN DAN PENGOBATAN","TIPE_2":"PRAKTIK DOKTER SPESIALIS","TIPE_3":"DOKTER GIGI","TELEPON":"(0274) 562867","ALAMAT":"JL. DEMANGAN BARU NO.18, DEMANGAN BARU, CATURTUNGGAL, KEC. DEPOK, KABUPATEN SLEMAN, DAERAH ISTIMEWA YOGYAKARTA 55281","ID_PROV":"34","PROVINSI":"DAERAH ISTIMEWA YOGYAKARTA","ID_KABKOT":"34.04","KABKOT":"SLEMAN","ID_KEC":"34.04.07","KECAMATAN":"DEPOK","ID_DESA":"34.04.07.2001","DESA":"CATURTUNGGAL","LONGITUDE":110.392642,"LATITUDE":-7.7807094,"STATUS":"BUKA","TANGGAL PENGUMPULAN":"Q1 2024","TANGGAL UPDATE":"28/02/2025"}},{"type":"Feature","geometry":{"coordinates":[110.4112428,-7.758466],"type":"Point"},"properties":{"NAMA":"AHLI GIGI FATHUR DENTAL","TIPE_1":"KESEHATAN DAN PENGOBATAN","TIPE_2":"KLINIK","TIPE_3":"TUKANG GIGI","TELEPON":"0857-8252-3302","ALAMAT":"JL. RINGIN RAYA NO.124, NGRINGIN, CONDONGCATUR, KEC. DEPOK, KABUPATEN SLEMAN, DAERAH ISTIMEWA YOGYAKARTA 55281","ID_PROV":"34","PROVINSI":"DAERAH ISTIMEWA YOGYAKARTA","ID_KABKOT":"34.04","KABKOT":"SLEMAN","ID_KEC":"34.04.07","KECAMATAN":"DEPOK","ID_DESA":"34.04.07.2003","DESA":"CONDONGCATUR","LONGITUDE":110.4112428,"LATITUDE":-7.758466,"STATUS":"BUKA","TANGGAL PENGUMPULAN":"Q1 2024","TANGGAL UPDATE":"28/02/2025"}},{"type":"Feature","geometry":{"coordinates":[110.4050429,-7.7447595],"type":"Point"},"properties":{"NAMA":"KLINIK DRG. BUDI","TIPE_1":"KESEHATAN DAN PENGOBATAN","TIPE_2":"PRAKTIK DOKTER SPESIALIS","TIPE_3":"DOKTER GIGI","TELEPON":"0813-2741-8182","ALAMAT":"JL. PONDOK RAYA NO.8, SANGGRAHAN, CONDONGCATUR, DEPOK, SLEMAN REGENCY, SPECIAL REGION OF YOGYAKARTA 55281","ID_PROV":"34","PROVINSI":"DAERAH ISTIMEWA YOGYAKARTA","ID_KABKOT":"34.04","KABKOT":"SLEMAN","ID_KEC":"34.04.07","KECAMATAN":"DEPOK","ID_DESA":"34.04.07.2003","DESA":"CONDONGCATUR","LONGITUDE":110.4050429,"LATITUDE":-7.7447595,"STATUS":"BUKA","TANGGAL PENGUMPULAN":"Q1 2024","TANGGAL UPDATE":"28/02/2025"}},{"type":"Feature","geometry":{"coordinates":[110.4181787,-7.74257],"type":"Point"},"properties":{"NAMA":"PRAKTEK DOKTER GIGI DRG. DWI MARDIANI, JETIS RAYA [HARI MINGGU & HARI LIBUR TUTUP]","TIPE_1":"KESEHATAN DAN PENGOBATAN","TIPE_2":"PRAKTIK DOKTER SPESIALIS","TIPE_3":"DOKTER GIGI","TELEPON":"0818-0432-1059","ALAMAT":"JL. JETIS RAYA JL. BARU, PADUKUHAN JETIS, WEDOMARTANI, NGEMPLAK, SLEMAN REGENCY, SPECIAL REGION OF YOGYAKARTA 55584","ID_PROV":"34","PROVINSI":"DAERAH ISTIMEWA YOGYAKARTA","ID_KABKOT":"34.04","KABKOT":"SLEMAN","ID_KEC":"34.04.11","KECAMATAN":"NGEMPLAK","ID_DESA":"34.04.11.2004","DESA":"WEDOMARTANI","LONGITUDE":110.4181787,"LATITUDE":-7.74257,"STATUS":"BUKA","TANGGAL PENGUMPULAN":"Q1 2024","TANGGAL UPDATE":"28/02/2025"}},{"type":"Feature","geometry":{"coordinates":[110.3509041,-7.7585277],"type":"Point"},"properties":{"NAMA":"PRAKTEK DRG. YUNIAR","TIPE_1":"KESEHATAN DAN PENGOBATAN","TIPE_2":"PRAKTIK DOKTER SPESIALIS","TIPE_3":"DOKTER GIGI","TELEPON":"0856-4383-4983","ALAMAT":"JL. BATURAN RAYA, AREA SAWAH, TRIHANGGO, GAMPING, SLEMAN REGENCY, SPECIAL REGION OF YOGYAKARTA 55291","ID_PROV":"34","PROVINSI":"DAERAH ISTIMEWA YOGYAKARTA","ID_KABKOT":"34.04","KABKOT":"SLEMAN","ID_KEC":"34.04.01","KECAMATAN":"GAMPING","ID_DESA":"34.04.01.2005","DESA":"TRIHANGGO","LONGITUDE":110.3509041,"LATITUDE":-7.7585277,"STATUS":"BUKA","TANGGAL PENGUMPULAN":"Q1 2024","TANGGAL UPDATE":"28/02/2025"}},{"type":"Feature","geometry":{"coordinates":[110.3883045,-7.7777168],"type":"Point"},"properties":{"NAMA":"AHLI GIGI GEJAYAN | GIGI PALSU | SERVIS GIGI | TAMBAL GIGI | SCALING KARANG GIGI | BEHEL FASHION | PASANG GIGI PANGGILAN","TIPE_1":"KESEHATAN DAN PENGOBATAN","TIPE_2":"KLINIK","TIPE_3":"TUKANG GIGI","TELEPON":"0877-1758-2217","ALAMAT":"KIOS AHLI GIGI, JL. COLOMBO YOGYAKARTA, MRICAN, CATURTUNGGAL, KEC. DEPOK, KABUPATEN SLEMAN, DAERAH ISTIMEWA YOGYAKARTA 55821","ID_PROV":"34","PROVINSI":"DAERAH ISTIMEWA YOGYAKARTA","ID_KABKOT":"34.04","KABKOT":"SLEMAN","ID_KEC":"34.04.07","KECAMATAN":"DEPOK","ID_DESA":"34.04.07.2001","DESA":"CATURTUNGGAL","LONGITUDE":110.3883045,"LATITUDE":-7.7777168,"STATUS":"BUKA","TANGGAL PENGUMPULAN":"Q1 2024","TANGGAL UPDATE":"28/02/2025"}},{"type":"Feature","geometry":{"coordinates":[110.3162432,-7.7913703],"type":"Point"},"properties":{"NAMA":"GUYU DENTAL HOUSE - GAMPING (PRAKTEK DOKTER GIGI)","TIPE_1":"KESEHATAN DAN PENGOBATAN","TIPE_2":"PRAKTIK DOKTER SPESIALIS","TIPE_3":"DOKTER GIGI","TELEPON":"0853-1900-6161","ALAMAT":"JL. BIBIS, MEJING KIDUL, AMBARKETAWANG, GAMPING, SLEMAN REGENCY, SPECIAL REGION OF YOGYAKARTA 55294","ID_PROV":"34","PROVINSI":"DAERAH ISTIMEWA YOGYAKARTA","ID_KABKOT":"34.04","KABKOT":"SLEMAN","ID_KEC":"34.04.01","KECAMATAN":"GAMPING","ID_DESA":"34.04.01.2002","DESA":"AMBARKETAWANG","LONGITUDE":110.3162432,"LATITUDE":-7.7913703,"STATUS":"BUKA","TANGGAL PENGUMPULAN":"Q1 2024","TANGGAL UPDATE":"28/02/2025"}},{"type":"Feature","geometry":{"coordinates":[110.4333116,-7.7601728],"type":"Point"},"properties":{"NAMA":"KLINIK MATAHARI DOKTER 24 JAM","TIPE_1":"KESEHATAN DAN PENGOBATAN","TIPE_2":"PRAKTIK DOKTER SPESIALIS","TIPE_3":"DOKTER GIGI","TELEPON":"0858-6867-6278","ALAMAT":"UTARA PASAR STAN, JL. RAYA TAJEM, SEFAN, MAGUWOHARJO, KEC. DEPOK, KABUPATEN SLEMAN, DAERAH ISTIMEWA YOGYAKARTA 55282","ID_PROV":"34","PROVINSI":"DAERAH ISTIMEWA YOGYAKARTA","ID_KABKOT":"34.04","KABKOT":"SLEMAN","ID_KEC":"34.04.07","KECAMATAN":"DEPOK","ID_DESA":"34.04.07.2002","DESA":"MAGUWOHARJO","LONGITUDE":110.4333116,"LATITUDE":-7.7601728,"STATUS":"BUKA","TANGGAL PENGUMPULAN":"Q1 2024","TANGGAL UPDATE":"28/02/2025"}},{"type":"Feature","geometry":{"coordinates":[110.3731524,-7.7085514],"type":"Point"},"properties":{"NAMA":"ANDINI DENTAL JOGJA - DOKTER GIGI SPESIALIS KONSERVASI & DOKTER GIGI UMUM","TIPE_1":"KESEHATAN DAN PENGOBATAN","TIPE_2":"PRAKTIK DOKTER SPESIALIS","TIPE_3":"DOKTER GIGI","TELEPON":"0813-2255-2214","ALAMAT":"JL. GRIYA TAMAN ASRI NO.103, SARAGON, PANDOWOHARJO, SLEMAN, SLEMAN REGENCY, SPECIAL REGION OF YOGYAKARTA 55512","ID_PROV":"34","PROVINSI":"DAERAH ISTIMEWA YOGYAKARTA","ID_KABKOT":"34.04","KABKOT":"SLEMAN","ID_KEC":"34.04.13","KECAMATAN":"SLEMAN","ID_DESA":"34.04.13.2004","DESA":"PANDOWOHARJO","LONGITUDE":110.3731524,"LATITUDE":-7.7085514,"STATUS":"BUKA","TANGGAL PENGUMPULAN":"Q1 2024","TANGGAL UPDATE":"28/02/2025"}},{"type":"Feature","geometry":{"coordinates":[110.3772638,-7.7559179],"type":"Point"},"properties":{"NAMA":"PRAKTEK DOKTER GIGI","TIPE_1":"KESEHATAN DAN PENGOBATAN","TIPE_2":"PRAKTIK DOKTER SPESIALIS","TIPE_3":"DOKTER GIGI","TELEPON":"0899-7229-191","ALAMAT":"JL. PANDEGA MARTA NO.336A, POGUNG LOR, SINDUADI, KEC. MLATI, KABUPATEN SLEMAN, DAERAH ISTIMEWA YOGYAKARTA 55284","ID_PROV":"34","PROVINSI":"DAERAH ISTIMEWA YOGYAKARTA","ID_KABKOT":"34.04","KABKOT":"SLEMAN","ID_KEC":"34.04.06","KECAMATAN":"MLATI","ID_DESA":"34.04.06.2001","DESA":"SINDUADI","LONGITUDE":110.3772638,"LATITUDE":-7.7559179,"STATUS":"BUKA","TANGGAL PENGUMPULAN":"Q1 2024","TANGGAL UPDATE":"28/02/2025"}},{"type":"Feature","geometry":{"coordinates":[110.3365461,-7.7633995],"type":"Point"},"properties":{"NAMA":"DOKTER GIGI JOGJA SYAIFY DENTAL","TIPE_1":"KESEHATAN DAN PENGOBATAN","TIPE_2":"PRAKTIK DOKTER SPESIALIS","TIPE_3":"DOKTER GIGI","TELEPON":"(0274) 584567","ALAMAT":"JL. PERKUTUT NO.4, MLANGI, NOGOTIRTO, KEC. GAMPING, KABUPATEN SLEMAN, DAERAH ISTIMEWA YOGYAKARTA 55292","ID_PROV":"34","PROVINSI":"DAERAH ISTIMEWA YOGYAKARTA","ID_KABKOT":"34.04","KABKOT":"SLEMAN","ID_KEC":"34.04.01","KECAMATAN":"GAMPING","ID_DESA":"34.04.01.2004","DESA":"NOGOTIRTO","LONGITUDE":110.3365461,"LATITUDE":-7.7633995,"STATUS":"BUKA","TANGGAL PENGUMPULAN":"Q1 2024","TANGGAL UPDATE":"28/02/2025"}},{"type":"Feature","geometry":{"coordinates":[110.3613943,-7.7613423],"type":"Point"},"properties":{"NAMA":"AHLI GIGI SYAM DENTAL","TIPE_1":"KESEHATAN DAN PENGOBATAN","TIPE_2":"KLINIK","TIPE_3":"TUKANG GIGI","TELEPON":"0822-2882-0522","ALAMAT":"JL. MAGELANG NO.KM.5, RT.NO.109/RW.49, KUTU ASEM, SINDUADI, KEC. MLATI, KABUPATEN SLEMAN, DAERAH ISTIMEWA YOGYAKARTA 55284","ID_PROV":"34","PROVINSI":"DAERAH ISTIMEWA YOGYAKARTA","ID_KABKOT":"34.04","KABKOT":"SLEMAN","ID_KEC":"34.04.06","KECAMATAN":"MLATI","ID_DESA":"34.04.06.2001","DESA":"SINDUADI","LONGITUDE":110.3613943,"LATITUDE":-7.7613423,"STATUS":"BUKA","TANGGAL PENGUMPULAN":"Q1 2024","TANGGAL UPDATE":"28/02/2025"}},{"type":"Feature","geometry":{"coordinates":[110.4344192,-7.741014],"type":"Point"},"properties":{"NAMA":"PRAKTEK DOKTER GIGI DRG. NAJIB ALBANA DAULAY","TIPE_1":"KESEHATAN DAN PENGOBATAN","TIPE_2":"PRAKTIK DOKTER SPESIALIS","TIPE_3":"DOKTER GIGI","TELEPON":"0852-2854-8854","ALAMAT":"JL. RAYA TAJEM, KENAYAN, WEDOMARTANI, KEC. NGEMPLAK, KABUPATEN SLEMAN, DAERAH ISTIMEWA YOGYAKARTA 55282","ID_PROV":"34","PROVINSI":"DAERAH ISTIMEWA YOGYAKARTA","ID_KABKOT":"34.04","KABKOT":"SLEMAN","ID_KEC":"34.04.11","KECAMATAN":"NGEMPLAK","ID_DESA":"34.04.11.2004","DESA":"WEDOMARTANI","LONGITUDE":110.4344192,"LATITUDE":-7.741014,"STATUS":"BUKA","TANGGAL PENGUMPULAN":"Q1 2024","TANGGAL UPDATE":"28/02/2025"}},{"type":"Feature","geometry":{"coordinates":[110.4355469,-7.740779],"type":"Point"},"properties":{"NAMA":"PRAKTEKAN BARU DOKTER GIGI LAELIA","TIPE_1":"KESEHATAN DAN PENGOBATAN","TIPE_2":"PRAKTIK DOKTER SPESIALIS","TIPE_3":"DOKTER GIGI","TELEPON":"0853-2699-6382","ALAMAT":"KENAYAN, WEDOMARTANI, NGEMPLAK, SLEMAN REGENCY, SPECIAL REGION OF YOGYAKARTA 55584","ID_PROV":"34","PROVINSI":"DAERAH ISTIMEWA YOGYAKARTA","ID_KABKOT":"34.04","KABKOT":"SLEMAN","ID_KEC":"34.04.11","KECAMATAN":"NGEMPLAK","ID_DESA":"34.04.11.2004","DESA":"WEDOMARTANI","LONGITUDE":110.4355469,"LATITUDE":-7.740779,"STATUS":"BUKA","TANGGAL PENGUMPULAN":"Q1 2024","TANGGAL UPDATE":"28/02/2025"}},{"type":"Feature","geometry":{"coordinates":[110.3509313,-7.7373358],"type":"Point"},"properties":{"NAMA":"DENTIST CARE PRAKTIK DOKTER GIGI","TIPE_1":"KESEHATAN DAN PENGOBATAN","TIPE_2":"PRAKTIK DOKTER SPESIALIS","TIPE_3":"DOKTER GIGI","TELEPON":"0823-1332-7778","ALAMAT":"JL. KEBON AGUNG, KRANGGAHAN I, SENDANGADI, MLATI, SLEMAN REGENCY, SPECIAL REGION OF YOGYAKARTA 55291","ID_PROV":"34","PROVINSI":"DAERAH ISTIMEWA YOGYAKARTA","ID_KABKOT":"34.04","KABKOT":"SLEMAN","ID_KEC":"34.04.01","KECAMATAN":"GAMPING","ID_DESA":"34.04.01.2005","DESA":"TRIHANGGO","LONGITUDE":110.3509313,"LATITUDE":-7.7373358,"STATUS":"BUKA","TANGGAL PENGUMPULAN":"Q1 2024","TANGGAL UPDATE":"28/02/2025"}},{"type":"Feature","geometry":{"coordinates":[110.3209557,-7.7746162],"type":"Point"},"properties":{"NAMA":"DRG. SETYAWATI H. TYA","TIPE_1":"KESEHATAN DAN PENGOBATAN","TIPE_2":"PRAKTIK DOKTER SPESIALIS","TIPE_3":"DOKTER GIGI","TELEPON":"","ALAMAT":"KLINIK GIGI, JL. NGAPAK - KENTHENG NO.7, BANTULAN, SIDOARUM, KEC. GODEAN, KABUPATEN SLEMAN, DAERAH ISTIMEWA YOGYAKARTA 55264","ID_PROV":"34","PROVINSI":"DAERAH ISTIMEWA YOGYAKARTA","ID_KABKOT":"34.04","KABKOT":"SLEMAN","ID_KEC":"34.04.02","KECAMATAN":"GODEAN","ID_DESA":"34.04.02.2006","DESA":"SIDOARUM","LONGITUDE":110.3209557,"LATITUDE":-7.7746162,"STATUS":"BUKA","TANGGAL PENGUMPULAN":"Q1 2024","TANGGAL UPDATE":"28/02/2025"}},{"type":"Feature","geometry":{"coordinates":[110.3112622,-7.7720981],"type":"Point"},"properties":{"NAMA":"KLINIK SPESIALIS DOKTER GIGI DRG. ASIKIN","TIPE_1":"KESEHATAN DAN PENGOBATAN","TIPE_2":"PRAKTIK DOKTER SPESIALIS","TIPE_3":"DOKTER GIGI","TELEPON":"","ALAMAT":"KLAJURAN, SIDOKARTO, KEC. GODEAN, KABUPATEN SLEMAN, DAERAH ISTIMEWA YOGYAKARTA 55264","ID_PROV":"34","PROVINSI":"DAERAH ISTIMEWA YOGYAKARTA","ID_KABKOT":"34.04","KABKOT":"SLEMAN","ID_KEC":"34.04.02","KECAMATAN":"GODEAN","ID_DESA":"34.04.02.2005","DESA":"SIDOKARTO","LONGITUDE":110.3112622,"LATITUDE":-7.7720981,"STATUS":"BUKA","TANGGAL PENGUMPULAN":"Q1 2024","TANGGAL UPDATE":"28/02/2025"}},{"type":"Feature","geometry":{"coordinates":[110.3264793,-7.7729719],"type":"Point"},"properties":{"NAMA":"PRAKTEK DOKTER GIGI DRG. FERIKA","TIPE_1":"KESEHATAN DAN PENGOBATAN","TIPE_2":"PRAKTIK DOKTER SPESIALIS","TIPE_3":"DOKTER GIGI","TELEPON":"0812-2951-499","ALAMAT":"JL. MERPATI, NGLARANG RT 001/010, COKRO GEDOK, SIDOARUM, GODEAN, SLEMAN REGENCY, SPECIAL REGION OF YOGYAKARTA 55264","ID_PROV":"34","PROVINSI":"DAERAH ISTIMEWA YOGYAKARTA","ID_KABKOT":"34.04","KABKOT":"SLEMAN","ID_KEC":"34.04.02","KECAMATAN":"GODEAN","ID_DESA":"34.04.02.2006","DESA":"SIDOARUM","LONGITUDE":110.3264793,"LATITUDE":-7.7729719,"STATUS":"BUKA","TANGGAL PENGUMPULAN":"Q1 2024","TANGGAL UPDATE":"28/02/2025"}},{"type":"Feature","geometry":{"coordinates":[110.3003874,-7.8048848],"type":"Point"},"properties":{"NAMA":"KLINIK GIGI KATA DENTAL CARE | DOKTER GIGI TERDEKAT","TIPE_1":"KESEHATAN DAN PENGOBATAN","TIPE_2":"PRAKTIK DOKTER SPESIALIS","TIPE_3":"DOKTER GIGI","TELEPON":"0882-2252-8288","ALAMAT":"JALAN YOGYAKARTA - WATES NO.KM. 7.5, PASEKAN LOR, BALECATUR, KEC. GAMPING, KABUPATEN SLEMAN, DAERAH ISTIMEWA YOGYAKARTA 55295","ID_PROV":"34","PROVINSI":"DAERAH ISTIMEWA YOGYAKARTA","ID_KABKOT":"34.04","KABKOT":"SLEMAN","ID_KEC":"34.04.01","KECAMATAN":"GAMPING","ID_DESA":"34.04.01.2001","DESA":"BALECATUR","LONGITUDE":110.3003874,"LATITUDE":-7.8048848,"STATUS":"BUKA","TANGGAL PENGUMPULAN":"Q1 2024","TANGGAL UPDATE":"28/02/2025"}},{"type":"Feature","geometry":{"coordinates":[110.2869559,-7.7653658],"type":"Point"},"properties":{"NAMA":"JOFA DENTAL CARE | DRG. HENDARGO, SP. KG & DRG. ELOK FAIQ","TIPE_1":"KESEHATAN DAN PENGOBATAN","TIPE_2":"PRAKTIK DOKTER SPESIALIS","TIPE_3":"DOKTER GIGI","TELEPON":"0811-2646-191","ALAMAT":"JL. NGAPAK - KENTHENG NO.KM 10,5, AREA SAWAH, SIDOLUHUR, GODEAN, SLEMAN REGENCY, SPECIAL REGION OF YOGYAKARTA 55264","ID_PROV":"34","PROVINSI":"DAERAH ISTIMEWA YOGYAKARTA","ID_KABKOT":"34.04","KABKOT":"SLEMAN","ID_KEC":"34.04.02","KECAMATAN":"GODEAN","ID_DESA":"34.04.02.2002","DESA":"SIDOLUHUR","LONGITUDE":110.2869559,"LATITUDE":-7.7653658,"STATUS":"BUKA","TANGGAL PENGUMPULAN":"Q1 2024","TANGGAL UPDATE":"28/02/2025"}},{"type":"Feature","geometry":{"coordinates":[110.3135095,-7.7714957],"type":"Point"},"properties":{"NAMA":"DRG. SURYONO, PH.D (DENTAL CLINIC) YOGYAKARTA","TIPE_1":"KESEHATAN DAN PENGOBATAN","TIPE_2":"PRAKTIK DOKTER SPESIALIS","TIPE_3":"DOKTER GIGI","TELEPON":"","ALAMAT":"JL GODEAN KM.7 GG ANGGREK NO.28 KLAJURAN, SIDOKARTO, GODEAN, KLAJURAN, SIDOKARTO, SLEMAN, SLEMAN REGENCY, SPECIAL REGION OF YOGYAKARTA 55264","ID_PROV":"34","PROVINSI":"DAERAH ISTIMEWA YOGYAKARTA","ID_KABKOT":"34.04","KABKOT":"SLEMAN","ID_KEC":"34.04.02","KECAMATAN":"GODEAN","ID_DESA":"34.04.02.2005","DESA":"SIDOKARTO","LONGITUDE":110.3135095,"LATITUDE":-7.7714957,"STATUS":"BUKA","TANGGAL PENGUMPULAN":"Q1 2024","TANGGAL UPDATE":"28/02/2025"}},{"type":"Feature","geometry":{"coordinates":[110.295409,-7.782454],"type":"Point"},"properties":{"NAMA":"DRG. HENI SUSILOWATI, MKES., PHD","TIPE_1":"KESEHATAN DAN PENGOBATAN","TIPE_2":"PRAKTIK DOKTER SPESIALIS","TIPE_3":"DOKTER GIGI","TELEPON":"0812-2712-2443","ALAMAT":"JALAN GANCAHAN 5 RT.01/RW.09, GANCAKAN KULON, SIDOMULYO, KEC. GODEAN, KABUPATEN SLEMAN, DAERAH ISTIMEWA YOGYAKARTA 55264","ID_PROV":"34","PROVINSI":"DAERAH ISTIMEWA YOGYAKARTA","ID_KABKOT":"34.04","KABKOT":"SLEMAN","ID_KEC":"34.04.02","KECAMATAN":"GODEAN","ID_DESA":"34.04.02.2003","DESA":"SIDOMULYO","LONGITUDE":110.295409,"LATITUDE":-7.782454,"STATUS":"BUKA","TANGGAL PENGUMPULAN":"Q1 2024","TANGGAL UPDATE":"28/02/2025"}},{"type":"Feature","geometry":{"coordinates":[110.2783079,-7.7626295],"type":"Point"},"properties":{"NAMA":"DRG. BUDI SANTOSO","TIPE_1":"KESEHATAN DAN PENGOBATAN","TIPE_2":"PRAKTIK DOKTER SPESIALIS","TIPE_3":"DOKTER GIGI","TELEPON":"0877-3967-1041","ALAMAT":"JL. NGAPAK - KENTHENG NO.12, BERJO KULON, SIDOLUHUR, KEC. GODEAN, KABUPATEN SLEMAN, DAERAH ISTIMEWA YOGYAKARTA 55264","ID_PROV":"34","PROVINSI":"DAERAH ISTIMEWA YOGYAKARTA","ID_KABKOT":"34.04","KABKOT":"SLEMAN","ID_KEC":"34.04.02","KECAMATAN":"GODEAN","ID_DESA":"34.04.02.2002","DESA":"SIDOLUHUR","LONGITUDE":110.2783079,"LATITUDE":-7.7626295,"STATUS":"BUKA","TANGGAL PENGUMPULAN":"Q1 2024","TANGGAL UPDATE":"28/02/2025"}},{"type":"Feature","geometry":{"coordinates":[110.2746668,-7.7509707],"type":"Point"},"properties":{"NAMA":"DRG. SRI WIJAYANTI","TIPE_1":"KESEHATAN DAN PENGOBATAN","TIPE_2":"PRAKTIK DOKTER SPESIALIS","TIPE_3":"DOKTER GIGI","TELEPON":"0823-2423-6518","ALAMAT":"KLIWONAN, SIDOREJO, KEC. GODEAN, KABUPATEN SLEMAN, DAERAH ISTIMEWA YOGYAKARTA 55264","ID_PROV":"34","PROVINSI":"DAERAH ISTIMEWA YOGYAKARTA","ID_KABKOT":"34.04","KABKOT":"SLEMAN","ID_KEC":"34.04.02","KECAMATAN":"GODEAN","ID_DESA":"34.04.02.2001","DESA":"SIDOREJO","LONGITUDE":110.2746668,"LATITUDE":-7.7509707,"STATUS":"BUKA","TANGGAL PENGUMPULAN":"Q1 2024","TANGGAL UPDATE":"28/02/2025"}},{"type":"Feature","geometry":{"coordinates":[110.3032132,-7.7824601],"type":"Point"},"properties":{"NAMA":"DOKTER GIGI FENY ANANTA","TIPE_1":"KESEHATAN DAN PENGOBATAN","TIPE_2":"PRAKTIK DOKTER SPESIALIS","TIPE_3":"DOKTER GIGI","TELEPON":"0815-6606-210","ALAMAT":"REWULU WETAN, SIDOKARTO, KEC. GODEAN, KABUPATEN SLEMAN, DAERAH ISTIMEWA YOGYAKARTA 55264","ID_PROV":"34","PROVINSI":"DAERAH ISTIMEWA YOGYAKARTA","ID_KABKOT":"34.04","KABKOT":"SLEMAN","ID_KEC":"34.04.02","KECAMATAN":"GODEAN","ID_DESA":"34.04.02.2005","DESA":"SIDOKARTO","LONGITUDE":110.3032132,"LATITUDE":-7.7824601,"STATUS":"BUKA","TANGGAL PENGUMPULAN":"Q1 2024","TANGGAL UPDATE":"28/02/2025"}},{"type":"Feature","geometry":{"coordinates":[110.2869095,-7.7622032],"type":"Point"},"properties":{"NAMA":"DRG. NISRINA NUR KHASNA","TIPE_1":"KESEHATAN DAN PENGOBATAN","TIPE_2":"PRAKTIK DOKTER SPESIALIS","TIPE_3":"DOKTER GIGI","TELEPON":"0895-4020-33033","ALAMAT":"PANDEAN VII RT 003/RW017, SIDOLUHUR, KABUPATEN SLEMAN, DAERAH ISTIMEWA YOGYAKARTA 55564","ID_PROV":"34","PROVINSI":"DAERAH ISTIMEWA YOGYAKARTA","ID_KABKOT":"34.04","KABKOT":"SLEMAN","ID_KEC":"34.04.02","KECAMATAN":"GODEAN","ID_DESA":"34.04.02.2002","DESA":"SIDOLUHUR","LONGITUDE":110.2869095,"LATITUDE":-7.7622032,"STATUS":"BUKA","TANGGAL PENGUMPULAN":"Q1 2024","TANGGAL UPDATE":"28/02/2025"}},{"type":"Feature","geometry":{"coordinates":[110.309254,-7.7715204],"type":"Point"},"properties":{"NAMA":"DOKTER GIGI PURWANINGSIH","TIPE_1":"KESEHATAN DAN PENGOBATAN","TIPE_2":"PRAKTIK DOKTER SPESIALIS","TIPE_3":"DOKTER GIGI","TELEPON":"","ALAMAT":"JL. GODEAN NO.KM 8.5, KLAJURAN, SIDOKARTO, GODEAN, SLEMAN REGENCY, SPECIAL REGION OF YOGYAKARTA 55264","ID_PROV":"34","PROVINSI":"DAERAH ISTIMEWA YOGYAKARTA","ID_KABKOT":"34.04","KABKOT":"SLEMAN","ID_KEC":"34.04.02","KECAMATAN":"GODEAN","ID_DESA":"34.04.02.2005","DESA":"SIDOKARTO","LONGITUDE":110.309254,"LATITUDE":-7.7715204,"STATUS":"BUKA","TANGGAL PENGUMPULAN":"Q1 2024","TANGGAL UPDATE":"28/02/2025"}},{"type":"Feature","geometry":{"coordinates":[110.397106,-7.753907],"type":"Point"},"properties":{"NAMA":"PRAKTEK DRG ERLINA LISTANTIANI","TIPE_1":"KESEHATAN DAN PENGOBATAN","TIPE_2":"PRAKTIK DOKTER SPESIALIS","TIPE_3":"DOKTER GIGI","TELEPON":"0899-0909-095","ALAMAT":"JL. ANGGAJAYA 1, GEJAYAN, CONDONGCATUR, KEC. DEPOK, KABUPATEN SLEMAN, DAERAH ISTIMEWA YOGYAKARTA 55283","ID_PROV":"34","PROVINSI":"DAERAH ISTIMEWA YOGYAKARTA","ID_KABKOT":"34.04","KABKOT":"SLEMAN","ID_KEC":"34.04.07","KECAMATAN":"DEPOK","ID_DESA":"34.04.07.2003","DESA":"CONDONGCATUR","LONGITUDE":110.397106,"LATITUDE":-7.753907,"STATUS":"BUKA","TANGGAL PENGUMPULAN":"Q1 2024","TANGGAL UPDATE":"28/02/2025"}},{"type":"Feature","geometry":{"coordinates":[110.4014403,-7.7464111],"type":"Point"},"properties":{"NAMA":"AHLI GIGI MANUKAN","TIPE_1":"KESEHATAN DAN PENGOBATAN","TIPE_2":"KLINIK","TIPE_3":"TUKANG GIGI","TELEPON":"0852-3624-7571","ALAMAT":"JL. CENDRAWASIH, MANUKAN, CONDONGCATUR, KEC. DEPOK, KABUPATEN SLEMAN, DAERAH ISTIMEWA YOGYAKARTA 55283","ID_PROV":"34","PROVINSI":"DAERAH ISTIMEWA YOGYAKARTA","ID_KABKOT":"34.04","KABKOT":"SLEMAN","ID_KEC":"34.04.07","KECAMATAN":"DEPOK","ID_DESA":"34.04.07.2003","DESA":"CONDONGCATUR","LONGITUDE":110.4014403,"LATITUDE":-7.7464111,"STATUS":"BUKA","TANGGAL PENGUMPULAN":"Q1 2024","TANGGAL UPDATE":"28/02/2025"}},{"type":"Feature","geometry":{"coordinates":[110.4004051,-7.7776808],"type":"Point"},"properties":{"NAMA":"AHLI GIGI BERRY DENTAL","TIPE_1":"KESEHATAN DAN PENGOBATAN","TIPE_2":"KLINIK","TIPE_3":"TUKANG GIGI","TELEPON":"0857-1556-6282","ALAMAT":"JALAN NOLOGATEN NO. 130. RT/RW 04/01, NOLOGATEN, CATUR TUNGGAL, DEPOK,, SLEMAN, NOLOGATEN, CATURTUNGGAL, KEC. DEPOK, KABUPATEN SLEMAN, DAERAH ISTIMEWA YOGYAKARTA 55281","ID_PROV":"34","PROVINSI":"DAERAH ISTIMEWA YOGYAKARTA","ID_KABKOT":"34.04","KABKOT":"SLEMAN","ID_KEC":"34.04.07","KECAMATAN":"DEPOK","ID_DESA":"34.04.07.2001","DESA":"CATURTUNGGAL","LONGITUDE":110.4004051,"LATITUDE":-7.7776808,"STATUS":"BUKA","TANGGAL PENGUMPULAN":"Q1 2024","TANGGAL UPDATE":"28/02/2025"}},{"type":"Feature","geometry":{"coordinates":[110.4232028,-7.7590066],"type":"Point"},"properties":{"NAMA":"KLINIK DRG. ERNA AMBARWATI","TIPE_1":"KESEHATAN DAN PENGOBATAN","TIPE_2":"PRAKTIK DOKTER SPESIALIS","TIPE_3":"DOKTER GIGI","TELEPON":"0812-1503-5456","ALAMAT":"JL. TIMBULREJO NO.8, KRODAN, MAGUWOHARJO, KEC. DEPOK, KABUPATEN SLEMAN, DAERAH ISTIMEWA YOGYAKARTA 55281","ID_PROV":"34","PROVINSI":"DAERAH ISTIMEWA YOGYAKARTA","ID_KABKOT":"34.04","KABKOT":"SLEMAN","ID_KEC":"34.04.07","KECAMATAN":"DEPOK","ID_DESA":"34.04.07.2002","DESA":"MAGUWOHARJO","LONGITUDE":110.4232028,"LATITUDE":-7.7590066,"STATUS":"BUKA","TANGGAL PENGUMPULAN":"Q1 2024","TANGGAL UPDATE":"28/02/2025"}},{"type":"Feature","geometry":{"coordinates":[110.3324742,-7.7973147],"type":"Point"},"properties":{"NAMA":"PRAKTEK DRG TRI KRISTYANTO","TIPE_1":"KESEHATAN DAN PENGOBATAN","TIPE_2":"PRAKTIK DOKTER SPESIALIS","TIPE_3":"DOKTER GIGI","TELEPON":"0812-8763-015","ALAMAT":"JL. SRI RAHAYU JL. SOMODARAN, AREA SAWAH, BANYURADEN, KEC. GAMPING, KABUPATEN SLEMAN, DAERAH ISTIMEWA YOGYAKARTA 55293","ID_PROV":"34","PROVINSI":"DAERAH ISTIMEWA YOGYAKARTA","ID_KABKOT":"34.04","KABKOT":"SLEMAN","ID_KEC":"34.04.01","KECAMATAN":"GAMPING","ID_DESA":"34.04.01.2003","DESA":"BANYURADEN","LONGITUDE":110.3324742,"LATITUDE":-7.7973147,"STATUS":"BUKA","TANGGAL PENGUMPULAN":"Q1 2024","TANGGAL UPDATE":"28/02/2025"}},{"type":"Feature","geometry":{"coordinates":[110.2949721,-7.8063735],"type":"Point"},"properties":{"NAMA":"DOKTER GIGI SYAMSU INDRIYATUN","TIPE_1":"KESEHATAN DAN PENGOBATAN","TIPE_2":"PRAKTIK DOKTER SPESIALIS","TIPE_3":"DOKTER GIGI","TELEPON":"0878-3031-4617","ALAMAT":"JL. WATES - PURWOREJO NO.1, PERENGGAMOL, BALECATUR, KEC. GAMPING, KABUPATEN SLEMAN, DAERAH ISTIMEWA YOGYAKARTA 55295","ID_PROV":"34","PROVINSI":"DAERAH ISTIMEWA YOGYAKARTA","ID_KABKOT":"34.04","KABKOT":"SLEMAN","ID_KEC":"34.04.01","KECAMATAN":"GAMPING","ID_DESA":"34.04.01.2001","DESA":"BALECATUR","LONGITUDE":110.2949721,"LATITUDE":-7.8063735,"STATUS":"BUKA","TANGGAL PENGUMPULAN":"Q1 2024","TANGGAL UPDATE":"28/02/2025"}},{"type":"Feature","geometry":{"coordinates":[110.3228844,-7.7937705],"type":"Point"},"properties":{"NAMA":"KLINIK DRG ERNAWATI RATIH DEWANTI","TIPE_1":"KESEHATAN DAN PENGOBATAN","TIPE_2":"PRAKTIK DOKTER SPESIALIS","TIPE_3":"DOKTER GIGI","TELEPON":"","ALAMAT":"NURUL JUICE, GG. PATUKAN NO.1, PATUKAN, AMBARKETAWANG, GAMPING, SLEMAN REGENCY, SPECIAL REGION OF YOGYAKARTA 55294","ID_PROV":"34","PROVINSI":"DAERAH ISTIMEWA YOGYAKARTA","ID_KABKOT":"34.04","KABKOT":"SLEMAN","ID_KEC":"34.04.01","KECAMATAN":"GAMPING","ID_DESA":"34.04.01.2002","DESA":"AMBARKETAWANG","LONGITUDE":110.3228844,"LATITUDE":-7.7937705,"STATUS":"BUKA","TANGGAL PENGUMPULAN":"Q1 2024","TANGGAL UPDATE":"28/02/2025"}},{"type":"Feature","geometry":{"coordinates":[110.3473412,-7.7663474],"type":"Point"},"properties":{"NAMA":"KLINIK DRG. HUNIK RIMAWATI","TIPE_1":"KESEHATAN DAN PENGOBATAN","TIPE_2":"PRAKTIK DOKTER SPESIALIS","TIPE_3":"DOKTER GIGI","TELEPON":"(0274) 6415046","ALAMAT":"JL. PANGGUNGAN NO.32, MAYAAN, TRIHANGGO, KEC. GAMPING, KABUPATEN SLEMAN, DAERAH ISTIMEWA YOGYAKARTA 55291","ID_PROV":"34","PROVINSI":"DAERAH ISTIMEWA YOGYAKARTA","ID_KABKOT":"34.04","KABKOT":"SLEMAN","ID_KEC":"34.04.01","KECAMATAN":"GAMPING","ID_DESA":"34.04.01.2005","DESA":"TRIHANGGO","LONGITUDE":110.3473412,"LATITUDE":-7.7663474,"STATUS":"BUKA","TANGGAL PENGUMPULAN":"Q1 2024","TANGGAL UPDATE":"28/02/2025"}},{"type":"Feature","geometry":{"coordinates":[110.292781,-7.8206463],"type":"Point"},"properties":{"NAMA":"PRAKTEK DOKTER GIGI DRG. SETYAWATI H. (TYA)","TIPE_1":"KESEHATAN DAN PENGOBATAN","TIPE_2":"PRAKTIK DOKTER SPESIALIS","TIPE_3":"DOKTER GIGI","TELEPON":"","ALAMAT":"JITENGAN, BALECATUR, KEC. GAMPING, KABUPATEN SLEMAN, DAERAH ISTIMEWA YOGYAKARTA 55295","ID_PROV":"34","PROVINSI":"DAERAH ISTIMEWA YOGYAKARTA","ID_KABKOT":"34.04","KABKOT":"SLEMAN","ID_KEC":"34.04.01","KECAMATAN":"GAMPING","ID_DESA":"34.04.01.2001","DESA":"BALECATUR","LONGITUDE":110.292781,"LATITUDE":-7.8206463,"STATUS":"BUKA","TANGGAL PENGUMPULAN":"Q1 2024","TANGGAL UPDATE":"28/02/2025"}},{"type":"Feature","geometry":{"coordinates":[110.3295665,-7.7769277],"type":"Point"},"properties":{"NAMA":"PRAKTEK DOKTER GIGI DRG PUSPANEKA WIJAYANTI","TIPE_1":"KESEHATAN DAN PENGOBATAN","TIPE_2":"PRAKTIK DOKTER SPESIALIS","TIPE_3":"DOKTER GIGI","TELEPON":"0882-0085-92000","ALAMAT":"JL. NGAPAK - KENTHENG NO.217, NOGOSAREN, NOGOTIRTO, KEC. GAMPING, KABUPATEN SLEMAN, DAERAH ISTIMEWA YOGYAKARTA 55264","ID_PROV":"34","PROVINSI":"DAERAH ISTIMEWA YOGYAKARTA","ID_KABKOT":"34.04","KABKOT":"SLEMAN","ID_KEC":"34.04.01","KECAMATAN":"GAMPING","ID_DESA":"34.04.01.2004","DESA":"NOGOTIRTO","LONGITUDE":110.3295665,"LATITUDE":-7.7769277,"STATUS":"BUKA","TANGGAL PENGUMPULAN":"Q1 2024","TANGGAL UPDATE":"28/02/2025"}},{"type":"Feature","geometry":{"coordinates":[110.3434721,-7.7802047],"type":"Point"},"properties":{"NAMA":"PRAKTEK BERKELOMPOK DOKTER GIGI DENTES","TIPE_1":"KESEHATAN DAN PENGOBATAN","TIPE_2":"PRAKTIK DOKTER SPESIALIS","TIPE_3":"DOKTER GIGI","TELEPON":"0851-0050-0202","ALAMAT":"JL. BUMI INTAN PERMAI RESIDENCE, AREA SAWAH, BANYURADEN, KEC. GAMPING, KABUPATEN SLEMAN, DAERAH ISTIMEWA YOGYAKARTA 55293","ID_PROV":"34","PROVINSI":"DAERAH ISTIMEWA YOGYAKARTA","ID_KABKOT":"34.04","KABKOT":"SLEMAN","ID_KEC":"34.04.01","KECAMATAN":"GAMPING","ID_DESA":"34.04.01.2003","DESA":"BANYURADEN","LONGITUDE":110.3434721,"LATITUDE":-7.7802047,"STATUS":"BUKA","TANGGAL PENGUMPULAN":"Q1 2024","TANGGAL UPDATE":"28/02/2025"}},{"type":"Feature","geometry":{"coordinates":[110.3323357,-7.7740286],"type":"Point"},"properties":{"NAMA":"DRG. AYU PURBAYANTI L.S.","TIPE_1":"KESEHATAN DAN PENGOBATAN","TIPE_2":"PRAKTIK DOKTER SPESIALIS","TIPE_3":"DOKTER GIGI","TELEPON":"(0274) 622578","ALAMAT":"JL. RING ROAD BAR., NOGOSAREN, NOGOTIRTO, KEC. GAMPING, KABUPATEN SLEMAN, DAERAH ISTIMEWA YOGYAKARTA 55592","ID_PROV":"34","PROVINSI":"DAERAH ISTIMEWA YOGYAKARTA","ID_KABKOT":"34.04","KABKOT":"SLEMAN","ID_KEC":"34.04.01","KECAMATAN":"GAMPING","ID_DESA":"34.04.01.2004","DESA":"NOGOTIRTO","LONGITUDE":110.3323357,"LATITUDE":-7.7740286,"STATUS":"BUKA","TANGGAL PENGUMPULAN":"Q1 2024","TANGGAL UPDATE":"28/02/2025"}},{"type":"Feature","geometry":{"coordinates":[110.3420075,-7.764819],"type":"Point"},"properties":{"NAMA":"PRAKTEK MANDIRI DRG. SHERLIANA","TIPE_1":"KESEHATAN DAN PENGOBATAN","TIPE_2":"PRAKTIK DOKTER SPESIALIS","TIPE_3":"DOKTER GIGI","TELEPON":"","ALAMAT":"JL. DUSUN BIRU, NUSUPAN, TRIHANGGO, KEC. GAMPING, KABUPATEN SLEMAN, DAERAH ISTIMEWA YOGYAKARTA 55291","ID_PROV":"34","PROVINSI":"DAERAH ISTIMEWA YOGYAKARTA","ID_KABKOT":"34.04","KABKOT":"SLEMAN","ID_KEC":"34.04.01","KECAMATAN":"GAMPING","ID_DESA":"34.04.01.2005","DESA":"TRIHANGGO","LONGITUDE":110.3420075,"LATITUDE":-7.764819,"STATUS":"BUKA","TANGGAL PENGUMPULAN":"Q1 2024","TANGGAL UPDATE":"28/02/2025"}},{"type":"Feature","geometry":{"coordinates":[110.4105927,-7.784384],"type":"Point"},"properties":{"NAMA":"PRAKTEK DOKTER GIGI BILIANI TANUJAYA","TIPE_1":"KESEHATAN DAN PENGOBATAN","TIPE_2":"PRAKTIK DOKTER SPESIALIS","TIPE_3":"DOKTER GIGI","TELEPON":"","ALAMAT":"JL. RAYA JANTI NO.15A, GOWOK, CATURTUNGGAL, KEC. DEPOK, KABUPATEN SLEMAN, DAERAH ISTIMEWA YOGYAKARTA 55281","ID_PROV":"34","PROVINSI":"DAERAH ISTIMEWA YOGYAKARTA","ID_KABKOT":"34.04","KABKOT":"SLEMAN","ID_KEC":"34.04.07","KECAMATAN":"DEPOK","ID_DESA":"34.04.07.2001","DESA":"CATURTUNGGAL","LONGITUDE":110.4105927,"LATITUDE":-7.784384,"STATUS":"BUKA","TANGGAL PENGUMPULAN":"Q1 2024","TANGGAL UPDATE":"28/02/2025"}},{"type":"Feature","geometry":{"coordinates":[110.4231526,-7.7789962],"type":"Point"},"properties":{"NAMA":"PRAKTEK DOKTER UMUM DAN GIGI \"SIAGA 24\"","TIPE_1":"KESEHATAN DAN PENGOBATAN","TIPE_2":"PRAKTIK DOKTER SPESIALIS","TIPE_3":"DOKTER GIGI","TELEPON":"0822-2132-0725","ALAMAT":"JL. K.H. MUHDI, NAYAN, MAGUWOHARJO, KEC. DEPOK, KABUPATEN SLEMAN, DAERAH ISTIMEWA YOGYAKARTA 55282","ID_PROV":"34","PROVINSI":"DAERAH ISTIMEWA YOGYAKARTA","ID_KABKOT":"34.04","KABKOT":"SLEMAN","ID_KEC":"34.04.07","KECAMATAN":"DEPOK","ID_DESA":"34.04.07.2002","DESA":"MAGUWOHARJO","LONGITUDE":110.4231526,"LATITUDE":-7.7789962,"STATUS":"BUKA","TANGGAL PENGUMPULAN":"Q1 2024","TANGGAL UPDATE":"28/02/2025"}},{"type":"Feature","geometry":{"coordinates":[110.3999974,-7.7846148],"type":"Point"},"properties":{"NAMA":"DOKTER GIGI AGUSTINUS MHT","TIPE_1":"KESEHATAN DAN PENGOBATAN","TIPE_2":"PRAKTIK DOKTER SPESIALIS","TIPE_3":"DOKTER GIGI","TELEPON":"0813-9233-2416","ALAMAT":"JL. NOGOPURO NO.1B, AMBARUKMO, CATURTUNGGAL, KEC. DEPOK, KABUPATEN BANTUL, DAERAH ISTIMEWA YOGYAKARTA 55281","ID_PROV":"34","PROVINSI":"DAERAH ISTIMEWA YOGYAKARTA","ID_KABKOT":"34.04","KABKOT":"SLEMAN","ID_KEC":"34.04.07","KECAMATAN":"DEPOK","ID_DESA":"34.04.07.2001","DESA":"CATURTUNGGAL","LONGITUDE":110.3999974,"LATITUDE":-7.7846148,"STATUS":"BUKA","TANGGAL PENGUMPULAN":"Q1 2024","TANGGAL UPDATE":"28/02/2025"}},{"type":"Feature","geometry":{"coordinates":[110.4078247,-7.7425318],"type":"Point"},"properties":{"NAMA":"DOKTER GIGI BAMBANG DWIRAHARDJO SPBM(K)","TIPE_1":"KESEHATAN DAN PENGOBATAN","TIPE_2":"PRAKTIK DOKTER SPESIALIS","TIPE_3":"DOKTER GIGI","TELEPON":"0812-2958-757","ALAMAT":"JL. KAKAP RAYA GG. 1 NO.1, MLADANGAN, MINOMARTANI, KEC. NGAGLIK, KABUPATEN SLEMAN, DAERAH ISTIMEWA YOGYAKARTA 55581","ID_PROV":"34","PROVINSI":"DAERAH ISTIMEWA YOGYAKARTA","ID_KABKOT":"34.04","KABKOT":"SLEMAN","ID_KEC":"34.04.12","KECAMATAN":"NGAGLIK","ID_DESA":"34.04.12.2002","DESA":"MINOMARTANI","LONGITUDE":110.4078247,"LATITUDE":-7.7425318,"STATUS":"BUKA","TANGGAL PENGUMPULAN":"Q1 2024","TANGGAL UPDATE":"28/02/2025"}},{"type":"Feature","geometry":{"coordinates":[110.3847654,-7.7065031],"type":"Point"},"properties":{"NAMA":"KLINIK GIGI DRG. DHANI","TIPE_1":"KESEHATAN DAN PENGOBATAN","TIPE_2":"PRAKTIK DOKTER SPESIALIS","TIPE_3":"DOKTER GIGI","TELEPON":"","ALAMAT":"BANTARJO, DONOHARJO, KEC. NGAGLIK, KABUPATEN SLEMAN, DAERAH ISTIMEWA YOGYAKARTA 55581","ID_PROV":"34","PROVINSI":"DAERAH ISTIMEWA YOGYAKARTA","ID_KABKOT":"34.04","KABKOT":"SLEMAN","ID_KEC":"34.04.12","KECAMATAN":"NGAGLIK","ID_DESA":"34.04.12.2006","DESA":"DONOHARJO","LONGITUDE":110.3847654,"LATITUDE":-7.7065031,"STATUS":"BUKA","TANGGAL PENGUMPULAN":"Q1 2024","TANGGAL UPDATE":"28/02/2025"}},{"type":"Feature","geometry":{"coordinates":[110.4207697,-7.7006398],"type":"Point"},"properties":{"NAMA":"PRAKTIK DOKTER GIGI - DRG. INTAN RUSPITA, M.KES., PH.D., SP.PROS.(K)","TIPE_1":"KESEHATAN DAN PENGOBATAN","TIPE_2":"PRAKTIK DOKTER SPESIALIS","TIPE_3":"DOKTER GIGI","TELEPON":"","ALAMAT":"KALIURANG ST PERUM. GPW, KASUARI NO.11 KM.13, SEMBUNG, SUKOHARJO, NGAGLIK, SLEMAN REGENCY, SPECIAL REGION OF YOGYAKARTA 55581","ID_PROV":"34","PROVINSI":"DAERAH ISTIMEWA YOGYAKARTA","ID_KABKOT":"34.04","KABKOT":"SLEMAN","ID_KEC":"34.04.12","KECAMATAN":"NGAGLIK","ID_DESA":"34.04.12.2004","DESA":"SUKOHARJO","LONGITUDE":110.4207697,"LATITUDE":-7.7006398,"STATUS":"BUKA","TANGGAL PENGUMPULAN":"Q1 2024","TANGGAL UPDATE":"28/02/2025"}},{"type":"Feature","geometry":{"coordinates":[110.4707695,-7.7594368],"type":"Point"},"properties":{"NAMA":"PRAKTEK DRG.ATIKAH NURHESTI","TIPE_1":"KESEHATAN DAN PENGOBATAN","TIPE_2":"PRAKTIK DOKTER SPESIALIS","TIPE_3":"DOKTER GIGI","TELEPON":"","ALAMAT":"RAYA LPM/JL. NGAJEG,, JL. CANGKRINGAN, DURI, TIRTOMARTANI, KEC. KALASAN, KABUPATEN SLEMAN, DAERAH ISTIMEWA YOGYAKARTA 55571","ID_PROV":"34","PROVINSI":"DAERAH ISTIMEWA YOGYAKARTA","ID_KABKOT":"34.04","KABKOT":"SLEMAN","ID_KEC":"34.04.10","KECAMATAN":"KALASAN","ID_DESA":"34.04.10.2002","DESA":"TIRTOMARTANI","LONGITUDE":110.4707695,"LATITUDE":-7.7594368,"STATUS":"BUKA","TANGGAL PENGUMPULAN":"Q1 2024","TANGGAL UPDATE":"28/02/2025"}},{"type":"Feature","geometry":{"coordinates":[110.4171658,-7.6770402],"type":"Point"},"properties":{"NAMA":"DOKTER GIGI KAHFI","TIPE_1":"KESEHATAN DAN PENGOBATAN","TIPE_2":"PRAKTIK DOKTER SPESIALIS","TIPE_3":"DOKTER GIGI","TELEPON":"","ALAMAT":"LEGOLAN, UMBULMARTANI, KEC. NGEMPLAK, KABUPATEN SLEMAN, DAERAH ISTIMEWA YOGYAKARTA 55584","ID_PROV":"34","PROVINSI":"DAERAH ISTIMEWA YOGYAKARTA","ID_KABKOT":"34.04","KABKOT":"SLEMAN","ID_KEC":"34.04.11","KECAMATAN":"NGEMPLAK","ID_DESA":"34.04.11.2005","DESA":"UMBULMARTANI","LONGITUDE":110.4171658,"LATITUDE":-7.6770402,"STATUS":"BUKA","TANGGAL PENGUMPULAN":"Q1 2024","TANGGAL UPDATE":"28/02/2025"}},{"type":"Feature","geometry":{"coordinates":[110.4115945,-7.7052335],"type":"Point"},"properties":{"NAMA":"KLINIK GIGI DUO DENTIST DRG NURMIYATI","TIPE_1":"KESEHATAN DAN PENGOBATAN","TIPE_2":"PRAKTIK DOKTER SPESIALIS","TIPE_3":"DOKTER GIGI","TELEPON":"0851-7406-1524","ALAMAT":"JL. KALIURANG NO.KM 12, CANDI KARANG, SARDONOHARJO, KEC. NGAGLIK, KABUPATEN SLEMAN, DAERAH ISTIMEWA YOGYAKARTA 55581","ID_PROV":"34","PROVINSI":"DAERAH ISTIMEWA YOGYAKARTA","ID_KABKOT":"34.04","KABKOT":"SLEMAN","ID_KEC":"34.04.12","KECAMATAN":"NGAGLIK","ID_DESA":"34.04.12.2005","DESA":"SARDONOHARJO","LONGITUDE":110.4115945,"LATITUDE":-7.7052335,"STATUS":"BUKA","TANGGAL PENGUMPULAN":"Q1 2024","TANGGAL UPDATE":"28/02/2025"}},{"type":"Feature","geometry":{"coordinates":[110.4186678,-7.6905439],"type":"Point"},"properties":{"NAMA":"PRAKTIK DOKTER GIGI LASTA SATYAGRAHA","TIPE_1":"KESEHATAN DAN PENGOBATAN","TIPE_2":"PRAKTIK DOKTER SPESIALIS","TIPE_3":"DOKTER GIGI","TELEPON":"0819-1553-6510","ALAMAT":"JL KALIURANG KM14 UTARA STIKES PANTIRAPIH / SELATAN SENDIK ATM BRI, TEGAL MANDING, UMBULMARTANI, KEC. NGEMPLAK, KABUPATEN SLEMAN, DAERAH ISTIMEWA YOGYAKARTA 55584","ID_PROV":"34","PROVINSI":"DAERAH ISTIMEWA YOGYAKARTA","ID_KABKOT":"34.04","KABKOT":"SLEMAN","ID_KEC":"34.04.11","KECAMATAN":"NGEMPLAK","ID_DESA":"34.04.11.2005","DESA":"UMBULMARTANI","LONGITUDE":110.4186678,"LATITUDE":-7.6905439,"STATUS":"BUKA","TANGGAL PENGUMPULAN":"Q1 2024","TANGGAL UPDATE":"28/02/2025"}},{"type":"Feature","geometry":{"coordinates":[110.4215442,-7.6894783],"type":"Point"},"properties":{"NAMA":"KLINIK DOKTER GIGI A.H.KRISTIANI","TIPE_1":"KESEHATAN DAN PENGOBATAN","TIPE_2":"PRAKTIK DOKTER SPESIALIS","TIPE_3":"DOKTER GIGI","TELEPON":"(0274) 895671","ALAMAT":"JL. PAMUNGKAS NO.6, KOPLAK, UMBULMARTANI, KEC. NGEMPLAK, KABUPATEN SLEMAN, DAERAH ISTIMEWA YOGYAKARTA 55584","ID_PROV":"34","PROVINSI":"DAERAH ISTIMEWA YOGYAKARTA","ID_KABKOT":"34.04","KABKOT":"SLEMAN","ID_KEC":"34.04.11","KECAMATAN":"NGEMPLAK","ID_DESA":"34.04.11.2005","DESA":"UMBULMARTANI","LONGITUDE":110.4215442,"LATITUDE":-7.6894783,"STATUS":"BUKA","TANGGAL PENGUMPULAN":"Q1 2024","TANGGAL UPDATE":"28/02/2025"}},{"type":"Feature","geometry":{"coordinates":[110.4341016,-7.6263581],"type":"Point"},"properties":{"NAMA":"AHLI GIGI YOGI DENTAL","TIPE_1":"KESEHATAN DAN PENGOBATAN","TIPE_2":"KLINIK","TIPE_3":"TUKANG GIGI","TELEPON":"0853-3922-3374","ALAMAT":"KARANGGENENG, UMBULHARJO, KEC. CANGKRINGAN, KABUPATEN SLEMAN, DAERAH ISTIMEWA YOGYAKARTA 55583","ID_PROV":"34","PROVINSI":"DAERAH ISTIMEWA YOGYAKARTA","ID_KABKOT":"34.04","KABKOT":"SLEMAN","ID_KEC":"34.04.17","KECAMATAN":"CANGKRINGAN","ID_DESA":"34.04.17.2005","DESA":"UMBULHARJO","LONGITUDE":110.4341016,"LATITUDE":-7.6263581,"STATUS":"BUKA","TANGGAL PENGUMPULAN":"Q1 2024","TANGGAL UPDATE":"28/02/2025"}},{"type":"Feature","geometry":{"coordinates":[110.3865601,-7.7495427],"type":"Point"},"properties":{"NAMA":"KLINIK DOKTER GIGI RINI DEWI","TIPE_1":"KESEHATAN DAN PENGOBATAN","TIPE_2":"PRAKTIK DOKTER SPESIALIS","TIPE_3":"DOKTER GIGI","TELEPON":"0815-5332-0000","ALAMAT":"JL. KALIURANG NO.20, KENTUNGAN, CONDONGCATUR, KEC. DEPOK, KABUPATEN SLEMAN, DAERAH ISTIMEWA YOGYAKARTA 55281","ID_PROV":"34","PROVINSI":"DAERAH ISTIMEWA YOGYAKARTA","ID_KABKOT":"34.04","KABKOT":"SLEMAN","ID_KEC":"34.04.07","KECAMATAN":"DEPOK","ID_DESA":"34.04.07.2003","DESA":"CONDONGCATUR","LONGITUDE":110.3865601,"LATITUDE":-7.7495427,"STATUS":"BUKA","TANGGAL PENGUMPULAN":"Q1 2024","TANGGAL UPDATE":"28/02/2025"}},{"type":"Feature","geometry":{"coordinates":[110.3986609,-7.7511561],"type":"Point"},"properties":{"NAMA":"KLINIK GIGI DOKTER MILA","TIPE_1":"KESEHATAN DAN PENGOBATAN","TIPE_2":"PRAKTIK DOKTER SPESIALIS","TIPE_3":"DOKTER GIGI","TELEPON":"0822-4326-9191","ALAMAT":"JL. SUKOHARJO NO.5, SANGGRAHAN, CONDONGCATUR, DEPOK, SLEMAN REGENCY, SPECIAL REGION OF YOGYAKARTA 55281","ID_PROV":"34","PROVINSI":"DAERAH ISTIMEWA YOGYAKARTA","ID_KABKOT":"34.04","KABKOT":"SLEMAN","ID_KEC":"34.04.07","KECAMATAN":"DEPOK","ID_DESA":"34.04.07.2003","DESA":"CONDONGCATUR","LONGITUDE":110.3986609,"LATITUDE":-7.7511561,"STATUS":"BUKA","TANGGAL PENGUMPULAN":"Q1 2024","TANGGAL UPDATE":"28/02/2025"}},{"type":"Feature","geometry":{"coordinates":[110.3850788,-7.7521269],"type":"Point"},"properties":{"NAMA":"DOKTER GIGI DRG AGUS W","TIPE_1":"KESEHATAN DAN PENGOBATAN","TIPE_2":"PRAKTIK DOKTER SPESIALIS","TIPE_3":"DOKTER GIGI","TELEPON":"0815-6897-516","ALAMAT":"JL. KALIURANG NO.6,4, PURWOSARI, SINDUADI, KEC. MLATI, KABUPATEN SLEMAN, DAERAH ISTIMEWA YOGYAKARTA 55281","ID_PROV":"34","PROVINSI":"DAERAH ISTIMEWA YOGYAKARTA","ID_KABKOT":"34.04","KABKOT":"SLEMAN","ID_KEC":"34.04.07","KECAMATAN":"DEPOK","ID_DESA":"34.04.07.2001","DESA":"CATURTUNGGAL","LONGITUDE":110.3850788,"LATITUDE":-7.7521269,"STATUS":"BUKA","TANGGAL PENGUMPULAN":"Q1 2024","TANGGAL UPDATE":"28/02/2025"}},{"type":"Feature","geometry":{"coordinates":[110.4392582,-7.7652875],"type":"Point"},"properties":{"NAMA":"DOKTER GIGI SAY DENTAL CARE MAGUWOHARJO JOGJA","TIPE_1":"KESEHATAN DAN PENGOBATAN","TIPE_2":"PRAKTIK DOKTER SPESIALIS","TIPE_3":"DOKTER GIGI","TELEPON":"0812-2919-2221","ALAMAT":"JL. P. DIPONEGORO NO.178, SEMBEGO, MAGUWOHARJO, KEC. DEPOK, KABUPATEN SLEMAN, DAERAH ISTIMEWA YOGYAKARTA 55282","ID_PROV":"34","PROVINSI":"DAERAH ISTIMEWA YOGYAKARTA","ID_KABKOT":"34.04","KABKOT":"SLEMAN","ID_KEC":"34.04.07","KECAMATAN":"DEPOK","ID_DESA":"34.04.07.2002","DESA":"MAGUWOHARJO","LONGITUDE":110.4392582,"LATITUDE":-7.7652875,"STATUS":"BUKA","TANGGAL PENGUMPULAN":"Q1 2024","TANGGAL UPDATE":"28/02/2025"}},{"type":"Feature","geometry":{"coordinates":[110.3492646,-7.701897],"type":"Point"},"properties":{"NAMA":"PRAKTEK DOKTER BERSAMA PERI GIGI","TIPE_1":"KESEHATAN DAN PENGOBATAN","TIPE_2":"PRAKTIK DOKTER SPESIALIS","TIPE_3":"DOKTER GIGI","TELEPON":"","ALAMAT":"JL. MAGELANG - YOGYAKARTA, WADAS, TRIDADI, KEC. SLEMAN, KABUPATEN SLEMAN, DAERAH ISTIMEWA YOGYAKARTA 55511","ID_PROV":"34","PROVINSI":"DAERAH ISTIMEWA YOGYAKARTA","ID_KABKOT":"34.04","KABKOT":"SLEMAN","ID_KEC":"34.04.13","KECAMATAN":"SLEMAN","ID_DESA":"34.04.13.2003","DESA":"TRIDADI","LONGITUDE":110.3492646,"LATITUDE":-7.701897,"STATUS":"BUKA","TANGGAL PENGUMPULAN":"Q1 2024","TANGGAL UPDATE":"28/02/2025"}},{"type":"Feature","geometry":{"coordinates":[110.3952636,-7.7797465],"type":"Point"},"properties":{"NAMA":"PRAKTEK DOKTER GIGI DRG. DESSY DWI TANTONO, SPKGA","TIPE_1":"KESEHATAN DAN PENGOBATAN","TIPE_2":"PRAKTIK DOKTER SPESIALIS","TIPE_3":"DOKTER GIGI","TELEPON":"0817-0407-314","ALAMAT":"JL. AMPEL 23C, PAPRINGAN, DEMANGAN BARU, CATURTUNGGAL, SLEMAN, KABUPATEN SLEMAN, DAERAH ISTIMEWA YOGYAKARTA 55281","ID_PROV":"34","PROVINSI":"DAERAH ISTIMEWA YOGYAKARTA","ID_KABKOT":"34.04","KABKOT":"SLEMAN","ID_KEC":"34.04.07","KECAMATAN":"DEPOK","ID_DESA":"34.04.07.2001","DESA":"CATURTUNGGAL","LONGITUDE":110.3952636,"LATITUDE":-7.7797465,"STATUS":"BUKA","TANGGAL PENGUMPULAN":"Q1 2024","TANGGAL UPDATE":"28/02/2025"}},{"type":"Feature","geometry":{"coordinates":[110.3100777,-7.7455212],"type":"Point"},"properties":{"NAMA":"PRAKTEK DOKTER GIGI NAYAKA DENTAL CARE","TIPE_1":"KESEHATAN DAN PENGOBATAN","TIPE_2":"PRAKTIK DOKTER SPESIALIS","TIPE_3":"DOKTER GIGI","TELEPON":"0838-9668-1881","ALAMAT":"JL. PUNDONG NO.V, PUNDONG V, TIRTOADI, KEC. MLATI, KABUPATEN SLEMAN, DAERAH ISTIMEWA YOGYAKARTA 55287","ID_PROV":"34","PROVINSI":"DAERAH ISTIMEWA YOGYAKARTA","ID_KABKOT":"34.04","KABKOT":"SLEMAN","ID_KEC":"34.04.06","KECAMATAN":"MLATI","ID_DESA":"34.04.06.2004","DESA":"TIRTOADI","LONGITUDE":110.3100777,"LATITUDE":-7.7455212,"STATUS":"BUKA","TANGGAL PENGUMPULAN":"Q1 2024","TANGGAL UPDATE":"28/02/2025"}},{"type":"Feature","geometry":{"coordinates":[110.3919926,-7.7637312],"type":"Point"},"properties":{"NAMA":"DOKTER GIGI RETNO NURMAWATI","TIPE_1":"KESEHATAN DAN PENGOBATAN","TIPE_2":"PRAKTIK DOKTER SPESIALIS","TIPE_3":"DOKTER GIGI","TELEPON":"0812-2941-585","ALAMAT":"GANG BAKUNG NO.14 BERESAN, SANTREN, CATURTUNGGAL, KEC. DEPOK, KABUPATEN SLEMAN, DAERAH ISTIMEWA YOGYAKARTA 55281","ID_PROV":"34","PROVINSI":"DAERAH ISTIMEWA YOGYAKARTA","ID_KABKOT":"34.04","KABKOT":"SLEMAN","ID_KEC":"34.04.07","KECAMATAN":"DEPOK","ID_DESA":"34.04.07.2001","DESA":"CATURTUNGGAL","LONGITUDE":110.3919926,"LATITUDE":-7.7637312,"STATUS":"BUKA","TANGGAL PENGUMPULAN":"Q1 2024","TANGGAL UPDATE":"28/02/2025"}},{"type":"Feature","geometry":{"coordinates":[110.3600335,-7.7236283],"type":"Point"},"properties":{"NAMA":"DENTICIA DENTAL (PRAKTEK DOKTER GIGI)","TIPE_1":"KESEHATAN DAN PENGOBATAN","TIPE_2":"PRAKTIK DOKTER SPESIALIS","TIPE_3":"DOKTER GIGI","TELEPON":"0811-2879-191","ALAMAT":"JABAN, TRIDADI, KEC. SLEMAN, KABUPATEN SLEMAN, DAERAH ISTIMEWA YOGYAKARTA 55511","ID_PROV":"34","PROVINSI":"DAERAH ISTIMEWA YOGYAKARTA","ID_KABKOT":"34.04","KABKOT":"SLEMAN","ID_KEC":"34.04.13","KECAMATAN":"SLEMAN","ID_DESA":"34.04.13.2003","DESA":"TRIDADI","LONGITUDE":110.3600335,"LATITUDE":-7.7236283,"STATUS":"BUKA","TANGGAL PENGUMPULAN":"Q1 2024","TANGGAL UPDATE":"28/02/2025"}},{"type":"Feature","geometry":{"coordinates":[110.4449907,-7.6989207],"type":"Point"},"properties":{"NAMA":"AHLI GIGI MAS JUN","TIPE_1":"KESEHATAN DAN PENGOBATAN","TIPE_2":"KLINIK","TIPE_3":"TUKANG GIGI","TELEPON":"","ALAMAT":"AREA SAWAH, WIDODOMARTANI, KEC. NGEMPLAK, KABUPATEN SLEMAN, DAERAH ISTIMEWA YOGYAKARTA 55584","ID_PROV":"34","PROVINSI":"DAERAH ISTIMEWA YOGYAKARTA","ID_KABKOT":"34.04","KABKOT":"SLEMAN","ID_KEC":"34.04.11","KECAMATAN":"NGEMPLAK","ID_DESA":"34.04.11.2003","DESA":"WIDODOMARTANI","LONGITUDE":110.4449907,"LATITUDE":-7.6989207,"STATUS":"BUKA","TANGGAL PENGUMPULAN":"Q1 2024","TANGGAL UPDATE":"28/02/2025"}},{"type":"Feature","geometry":{"coordinates":[110.3809737,-7.7596229],"type":"Point"},"properties":{"NAMA":"PRAKTIK DOKTER GIGI DRG.YENNY MARIA","TIPE_1":"KESEHATAN DAN PENGOBATAN","TIPE_2":"PRAKTIK DOKTER SPESIALIS","TIPE_3":"DOKTER GIGI","TELEPON":"(0274) 8556688","ALAMAT":"JL. KALIURANG KM.5 NO.34, KARANG WUNI, CATURTUNGGAL, KEC. DEPOK, KABUPATEN SLEMAN, DAERAH ISTIMEWA YOGYAKARTA 55582","ID_PROV":"34","PROVINSI":"DAERAH ISTIMEWA YOGYAKARTA","ID_KABKOT":"34.04","KABKOT":"SLEMAN","ID_KEC":"34.04.07","KECAMATAN":"DEPOK","ID_DESA":"34.04.07.2001","DESA":"CATURTUNGGAL","LONGITUDE":110.3809737,"LATITUDE":-7.7596229,"STATUS":"BUKA","TANGGAL PENGUMPULAN":"Q1 2024","TANGGAL UPDATE":"28/02/2025"}},{"type":"Feature","geometry":{"coordinates":[110.3841753,-7.7530284],"type":"Point"},"properties":{"NAMA":"DOKTER GIGI AGUS RAMLI","TIPE_1":"KESEHATAN DAN PENGOBATAN","TIPE_2":"PRAKTIK DOKTER SPESIALIS","TIPE_3":"DOKTER GIGI","TELEPON":"0811-253-450","ALAMAT":"JL. KALIURANG NO.KM 6 NO 48, MANGGUNG, CONDONGCATUR, KEC. MLATI, KABUPATEN SLEMAN, DAERAH ISTIMEWA YOGYAKARTA 55281","ID_PROV":"34","PROVINSI":"DAERAH ISTIMEWA YOGYAKARTA","ID_KABKOT":"34.04","KABKOT":"SLEMAN","ID_KEC":"34.04.07","KECAMATAN":"DEPOK","ID_DESA":"34.04.07.2001","DESA":"CATURTUNGGAL","LONGITUDE":110.3841753,"LATITUDE":-7.7530284,"STATUS":"BUKA","TANGGAL PENGUMPULAN":"Q1 2024","TANGGAL UPDATE":"28/02/2025"}},{"type":"Feature","geometry":{"coordinates":[110.3693499,-7.681471],"type":"Point"},"properties":{"NAMA":"DOKTER GIGI SARI","TIPE_1":"KESEHATAN DAN PENGOBATAN","TIPE_2":"PRAKTIK DOKTER SPESIALIS","TIPE_3":"DOKTER GIGI","TELEPON":"0817-9026-161","ALAMAT":"PLALANGAN, PANDOWOHARJO, KEC. SLEMAN, KABUPATEN SLEMAN, DAERAH ISTIMEWA YOGYAKARTA 55512","ID_PROV":"34","PROVINSI":"DAERAH ISTIMEWA YOGYAKARTA","ID_KABKOT":"34.04","KABKOT":"SLEMAN","ID_KEC":"34.04.13","KECAMATAN":"SLEMAN","ID_DESA":"34.04.13.2004","DESA":"PANDOWOHARJO","LONGITUDE":110.3693499,"LATITUDE":-7.681471,"STATUS":"BUKA","TANGGAL PENGUMPULAN":"Q1 2024","TANGGAL UPDATE":"28/02/2025"}},{"type":"Feature","geometry":{"coordinates":[110.3820555,-7.7231499],"type":"Point"},"properties":{"NAMA":"KLINIK GIGI DUWA DENTAL BY DRG. PRIMA ANANTA, SP.ORT","TIPE_1":"KESEHATAN DAN PENGOBATAN","TIPE_2":"PRAKTIK DOKTER SPESIALIS","TIPE_3":"DOKTER GIGI","TELEPON":"0812-7447-9191","ALAMAT":"JL. PALAGAN TENTARA PELAJAR KM.8,75 NO.79A, TEGAL REJO, SARIHARJO, KEC. NGAGLIK, KABUPATEN SLEMAN, DAERAH ISTIMEWA YOGYAKARTA 55581","ID_PROV":"34","PROVINSI":"DAERAH ISTIMEWA YOGYAKARTA","ID_KABKOT":"34.04","KABKOT":"SLEMAN","ID_KEC":"34.04.12","KECAMATAN":"NGAGLIK","ID_DESA":"34.04.12.2001","DESA":"SARIHARJO","LONGITUDE":110.3820555,"LATITUDE":-7.7231499,"STATUS":"BUKA","TANGGAL PENGUMPULAN":"Q1 2024","TANGGAL UPDATE":"28/02/2025"}},{"type":"Feature","geometry":{"coordinates":[110.4821042,-7.8145796],"type":"Point"},"properties":{"NAMA":"AHLI GIGI. GIGI AGKRILIK, GIGI VALPLAS, BERSIHKAN KARANG GIGI","TIPE_1":"KESEHATAN DAN PENGOBATAN","TIPE_2":"KLINIK","TIPE_3":"TUKANG GIGI","TELEPON":"0878-1237-5858","ALAMAT":"JL. RAYA PIYUNGAN, BULU, JOGOTIRTO, KEC. BERBAH, KABUPATEN SLEMAN, DAERAH ISTIMEWA YOGYAKARTA 55573","ID_PROV":"34","PROVINSI":"DAERAH ISTIMEWA YOGYAKARTA","ID_KABKOT":"34.04","KABKOT":"SLEMAN","ID_KEC":"34.04.08","KECAMATAN":"BERBAH","ID_DESA":"34.04.08.2004","DESA":"JOGOTIRTO","LONGITUDE":110.4821042,"LATITUDE":-7.8145796,"STATUS":"BUKA","TANGGAL PENGUMPULAN":"Q1 2024","TANGGAL UPDATE":"28/02/2025"}},{"type":"Feature","geometry":{"coordinates":[110.4642473,-7.7953005],"type":"Point"},"properties":{"NAMA":"ARIF PRAMONO.DRG","TIPE_1":"KESEHATAN DAN PENGOBATAN","TIPE_2":"PRAKTIK DOKTER SPESIALIS","TIPE_3":"DOKTER GIGI","TELEPON":"0813-3983-5773","ALAMAT":"TANJUNG, KALITIRTO, KEC. BERBAH, KABUPATEN SLEMAN, DAERAH ISTIMEWA YOGYAKARTA 55573","ID_PROV":"34","PROVINSI":"DAERAH ISTIMEWA YOGYAKARTA","ID_KABKOT":"34.04","KABKOT":"SLEMAN","ID_KEC":"34.04.08","KECAMATAN":"BERBAH","ID_DESA":"34.04.08.2003","DESA":"KALITIRTO","LONGITUDE":110.4642473,"LATITUDE":-7.7953005,"STATUS":"BUKA","TANGGAL PENGUMPULAN":"Q1 2024","TANGGAL UPDATE":"28/02/2025"}},{"type":"Feature","geometry":{"coordinates":[110.3871568,-7.7091697],"type":"Point"},"properties":{"NAMA":"PRAKTEK DOKTER GIGI FER","TIPE_1":"KESEHATAN DAN PENGOBATAN","TIPE_2":"PRAKTIK DOKTER SPESIALIS","TIPE_3":"DOKTER GIGI","TELEPON":"","ALAMAT":"JL. PALAGAN TENTARA PELAJAR JL. REJODANI KM. 10, NGETIRAN, SARIHARJO, KEC. NGAGLIK, KABUPATEN SLEMAN, DAERAH ISTIMEWA YOGYAKARTA 55581","ID_PROV":"34","PROVINSI":"DAERAH ISTIMEWA YOGYAKARTA","ID_KABKOT":"34.04","KABKOT":"SLEMAN","ID_KEC":"34.04.12","KECAMATAN":"NGAGLIK","ID_DESA":"34.04.12.2001","DESA":"SARIHARJO","LONGITUDE":110.3871568,"LATITUDE":-7.7091697,"STATUS":"BUKA","TANGGAL PENGUMPULAN":"Q1 2024","TANGGAL UPDATE":"28/02/2025"}},{"type":"Feature","geometry":{"coordinates":[110.4021772,-7.7666267],"type":"Point"},"properties":{"NAMA":"PRAKTEK DOKTER GIGI SETURAN","TIPE_1":"KESEHATAN DAN PENGOBATAN","TIPE_2":"PRAKTIK DOKTER SPESIALIS","TIPE_3":"DOKTER GIGI","TELEPON":"","ALAMAT":"DABAG, CONDONGCATUR, KEC. DEPOK, KABUPATEN SLEMAN, DAERAH ISTIMEWA YOGYAKARTA 55281","ID_PROV":"34","PROVINSI":"DAERAH ISTIMEWA YOGYAKARTA","ID_KABKOT":"34.04","KABKOT":"SLEMAN","ID_KEC":"34.04.07","KECAMATAN":"DEPOK","ID_DESA":"34.04.07.2003","DESA":"CONDONGCATUR","LONGITUDE":110.4021772,"LATITUDE":-7.7666267,"STATUS":"BUKA","TANGGAL PENGUMPULAN":"Q1 2024","TANGGAL UPDATE":"28/02/2025"}},{"type":"Feature","geometry":{"coordinates":[110.3824909,-7.721349],"type":"Point"},"properties":{"NAMA":"KLINIK GIGI DRG. ENDAH NPS","TIPE_1":"KESEHATAN DAN PENGOBATAN","TIPE_2":"PRAKTIK DOKTER SPESIALIS","TIPE_3":"DOKTER GIGI","TELEPON":"","ALAMAT":"JL. PALAGAN TENTARA PELAJAR NO.6, TEGAL REJO, SARIHARJO, KEC. NGAGLIK, KABUPATEN SLEMAN, DAERAH ISTIMEWA YOGYAKARTA 55581","ID_PROV":"34","PROVINSI":"DAERAH ISTIMEWA YOGYAKARTA","ID_KABKOT":"34.04","KABKOT":"SLEMAN","ID_KEC":"34.04.12","KECAMATAN":"NGAGLIK","ID_DESA":"34.04.12.2001","DESA":"SARIHARJO","LONGITUDE":110.3824909,"LATITUDE":-7.721349,"STATUS":"BUKA","TANGGAL PENGUMPULAN":"Q1 2024","TANGGAL UPDATE":"28/02/2025"}},{"type":"Feature","geometry":{"coordinates":[110.3312309,-7.687345],"type":"Point"},"properties":{"NAMA":"DOKTER GIGI JOGJA RH DENTAL - KLINIK GIGI PRAKTIK DOKTER GIGI","TIPE_1":"KESEHATAN DAN PENGOBATAN","TIPE_2":"PRAKTIK DOKTER SPESIALIS","TIPE_3":"DOKTER GIGI","TELEPON":"0821-1870-6161","ALAMAT":"PERUM.GRIYA JANABADRA ASRI BLOK A NO.14, MEDAN, CATURHARJO, KEC. SLEMAN, KABUPATEN SLEMAN, DAERAH ISTIMEWA YOGYAKARTA 55515","ID_PROV":"34","PROVINSI":"DAERAH ISTIMEWA YOGYAKARTA","ID_KABKOT":"34.04","KABKOT":"SLEMAN","ID_KEC":"34.04.13","KECAMATAN":"SLEMAN","ID_DESA":"34.04.13.2001","DESA":"CATURHARJO","LONGITUDE":110.3312309,"LATITUDE":-7.687345,"STATUS":"BUKA","TANGGAL PENGUMPULAN":"Q1 2024","TANGGAL UPDATE":"28/02/2025"}},{"type":"Feature","geometry":{"coordinates":[110.3867049,-7.7334969],"type":"Point"},"properties":{"NAMA":"PRAKTEK DOKTER GIGI AGNES ENDRA PURDIANA","TIPE_1":"KESEHATAN DAN PENGOBATAN","TIPE_2":"PRAKTIK DOKTER SPESIALIS","TIPE_3":"DOKTER GIGI","TELEPON":"0816-669-658","ALAMAT":"JL. DAMAI NO.2, BANTENG, SINDUHARJO, KEC. NGAGLIK, KABUPATEN SLEMAN, DAERAH ISTIMEWA YOGYAKARTA 55581","ID_PROV":"34","PROVINSI":"DAERAH ISTIMEWA YOGYAKARTA","ID_KABKOT":"34.04","KABKOT":"SLEMAN","ID_KEC":"34.04.12","KECAMATAN":"NGAGLIK","ID_DESA":"34.04.12.2003","DESA":"SINDUHARJO","LONGITUDE":110.3867049,"LATITUDE":-7.7334969,"STATUS":"BUKA","TANGGAL PENGUMPULAN":"Q1 2024","TANGGAL UPDATE":"28/02/2025"}},{"type":"Feature","geometry":{"coordinates":[110.4356596,-7.7407594],"type":"Point"},"properties":{"NAMA":"PRAKTEK DOKTER GIGI LAELIA, SPESIALIS GIGI ANAK","TIPE_1":"KESEHATAN DAN PENGOBATAN","TIPE_2":"PRAKTIK DOKTER SPESIALIS","TIPE_3":"DOKTER GIGI","TELEPON":"","ALAMAT":"JL. RAYA TAJEM, KENAYAN, WEDOMARTANI, NGEMPLAK, SLEMAN REGENCY, SPECIAL REGION OF YOGYAKARTA 55584","ID_PROV":"34","PROVINSI":"DAERAH ISTIMEWA YOGYAKARTA","ID_KABKOT":"34.04","KABKOT":"SLEMAN","ID_KEC":"34.04.11","KECAMATAN":"NGEMPLAK","ID_DESA":"34.04.11.2004","DESA":"WEDOMARTANI","LONGITUDE":110.4356596,"LATITUDE":-7.7407594,"STATUS":"BUKA","TANGGAL PENGUMPULAN":"Q1 2024","TANGGAL UPDATE":"28/02/2025"}},{"type":"Feature","geometry":{"coordinates":[110.3713178,-7.7371319],"type":"Point"},"properties":{"NAMA":"DOKTER GIGI SPESIALIS KONSERVASI, DRG. LIKA YODA SARI, SP. KG","TIPE_1":"KESEHATAN DAN PENGOBATAN","TIPE_2":"PRAKTIK DOKTER SPESIALIS","TIPE_3":"DOKTER GIGI","TELEPON":"0813-1580-6161","ALAMAT":"JL. PADMA PERUMAHAN TIRTA AMARTHA NO.2A, KARANG MOKO, SARIHARJO, NGAGLIK, SLEMAN REGENCY, SPECIAL REGION OF YOGYAKARTA 55581","ID_PROV":"34","PROVINSI":"DAERAH ISTIMEWA YOGYAKARTA","ID_KABKOT":"34.04","KABKOT":"SLEMAN","ID_KEC":"34.04.12","KECAMATAN":"NGAGLIK","ID_DESA":"34.04.12.2001","DESA":"SARIHARJO","LONGITUDE":110.3713178,"LATITUDE":-7.7371319,"STATUS":"BUKA","TANGGAL PENGUMPULAN":"Q1 2024","TANGGAL UPDATE":"28/02/2025"}},{"type":"Feature","geometry":{"coordinates":[110.3819862,-7.7312069],"type":"Point"},"properties":{"NAMA":"DOKTER GIGI\"NANNY\"","TIPE_1":"KESEHATAN DAN PENGOBATAN","TIPE_2":"PRAKTIK DOKTER SPESIALIS","TIPE_3":"DOKTER GIGI","TELEPON":"0812-7312-452","ALAMAT":"JL. DAMAI, WONOREJO, SARIHARJO, KEC. NGAGLIK, KABUPATEN SLEMAN, DAERAH ISTIMEWA YOGYAKARTA 55581","ID_PROV":"34","PROVINSI":"DAERAH ISTIMEWA YOGYAKARTA","ID_KABKOT":"34.04","KABKOT":"SLEMAN","ID_KEC":"34.04.12","KECAMATAN":"NGAGLIK","ID_DESA":"34.04.12.2001","DESA":"SARIHARJO","LONGITUDE":110.3819862,"LATITUDE":-7.7312069,"STATUS":"BUKA","TANGGAL PENGUMPULAN":"Q1 2024","TANGGAL UPDATE":"28/02/2025"}},{"type":"Feature","geometry":{"coordinates":[110.3807048,-7.6480852],"type":"Point"},"properties":{"NAMA":"DOKTER GIGI R TRI ENDRA UNTARA, SPKG","TIPE_1":"KESEHATAN DAN PENGOBATAN","TIPE_2":"PRAKTIK DOKTER SPESIALIS","TIPE_3":"DOKTER GIGI","TELEPON":"0821-3839-9399","ALAMAT":"JL. PAKEM - TURI, KARANGGAWANG, GIRIKERTO, KEC. TURI, KABUPATEN SLEMAN, DAERAH ISTIMEWA YOGYAKARTA 55551","ID_PROV":"34","PROVINSI":"DAERAH ISTIMEWA YOGYAKARTA","ID_KABKOT":"34.04","KABKOT":"SLEMAN","ID_KEC":"34.04.15","KECAMATAN":"TURI","ID_DESA":"34.04.15.2003","DESA":"GIRIKERTO","LONGITUDE":110.3807048,"LATITUDE":-7.6480852,"STATUS":"BUKA","TANGGAL PENGUMPULAN":"Q1 2024","TANGGAL UPDATE":"28/02/2025"}},{"type":"Feature","geometry":{"coordinates":[110.3834813,-7.7631863],"type":"Point"},"properties":{"NAMA":"KLINIK DR. DRG. DAHLIA HERAWATI, S.U., SP PERIO (K)","TIPE_1":"KESEHATAN DAN PENGOBATAN","TIPE_2":"PRAKTIK DOKTER SPESIALIS","TIPE_3":"DOKTER GIGI","TELEPON":"(0274) 583506","ALAMAT":"JL. KALIURANG KM. 5, NO. 18, GANG MEGATRUH BLOK. D, SLEMAN, MANGGUNG, CATURTUNGGAL, KEC. DEPOK, KABUPATEN SLEMAN, DAERAH ISTIMEWA YOGYAKARTA 55281","ID_PROV":"34","PROVINSI":"DAERAH ISTIMEWA YOGYAKARTA","ID_KABKOT":"34.04","KABKOT":"SLEMAN","ID_KEC":"34.04.07","KECAMATAN":"DEPOK","ID_DESA":"34.04.07.2001","DESA":"CATURTUNGGAL","LONGITUDE":110.3834813,"LATITUDE":-7.7631863,"STATUS":"BUKA","TANGGAL PENGUMPULAN":"Q1 2024","TANGGAL UPDATE":"28/02/2025"}},{"type":"Feature","geometry":{"coordinates":[110.3857479,-7.7504497],"type":"Point"},"properties":{"NAMA":"PRAKTEK DRG.ADE IRMA S.A","TIPE_1":"KESEHATAN DAN PENGOBATAN","TIPE_2":"PRAKTIK DOKTER SPESIALIS","TIPE_3":"DOKTER GIGI","TELEPON":"0851-0081-6141","ALAMAT":"JL. KALIURANG NO.15B, KENTUNGAN, CONDONGCATUR, KEC. DEPOK, KABUPATEN SLEMAN, DAERAH ISTIMEWA YOGYAKARTA 55281","ID_PROV":"34","PROVINSI":"DAERAH ISTIMEWA YOGYAKARTA","ID_KABKOT":"34.04","KABKOT":"SLEMAN","ID_KEC":"34.04.07","KECAMATAN":"DEPOK","ID_DESA":"34.04.07.2003","DESA":"CONDONGCATUR","LONGITUDE":110.3857479,"LATITUDE":-7.7504497,"STATUS":"BUKA","TANGGAL PENGUMPULAN":"Q1 2024","TANGGAL UPDATE":"28/02/2025"}},{"type":"Feature","geometry":{"coordinates":[110.4349854,-7.7625266],"type":"Point"},"properties":{"NAMA":"SEHATI DENTAL PRAKTEK DOKTER GIGI JOGJA","TIPE_1":"KESEHATAN DAN PENGOBATAN","TIPE_2":"PRAKTIK DOKTER SPESIALIS","TIPE_3":"DOKTER GIGI","TELEPON":"0877-4090-2994","ALAMAT":"JL. RAYA PASEKAN NO.65, SEFAN, GEDUNG TIMUR, DEPOK, SLEMAN REGENCY, SPECIAL REGION OF YOGYAKARTA 55282","ID_PROV":"34","PROVINSI":"DAERAH ISTIMEWA YOGYAKARTA","ID_KABKOT":"34.04","KABKOT":"SLEMAN","ID_KEC":"34.04.07","KECAMATAN":"DEPOK","ID_DESA":"34.04.07.2002","DESA":"MAGUWOHARJO","LONGITUDE":110.4349854,"LATITUDE":-7.7625266,"STATUS":"BUKA","TANGGAL PENGUMPULAN":"Q1 2024","TANGGAL UPDATE":"28/02/2025"}},{"type":"Feature","geometry":{"coordinates":[110.4057899,-7.7448417],"type":"Point"},"properties":{"NAMA":"KLINIK GIGI DRG M AZKA HAIZAM","TIPE_1":"KESEHATAN DAN PENGOBATAN","TIPE_2":"PRAKTIK DOKTER SPESIALIS","TIPE_3":"DOKTER GIGI","TELEPON":"0813-2741-8182","ALAMAT":"JL. PONDOK RAYA NO.16B, SANGGRAHAN, CONDONGCATUR, KEC. DEPOK, KABUPATEN SLEMAN, DAERAH ISTIMEWA YOGYAKARTA 55281","ID_PROV":"34","PROVINSI":"DAERAH ISTIMEWA YOGYAKARTA","ID_KABKOT":"34.04","KABKOT":"SLEMAN","ID_KEC":"34.04.07","KECAMATAN":"DEPOK","ID_DESA":"34.04.07.2003","DESA":"CONDONGCATUR","LONGITUDE":110.4057899,"LATITUDE":-7.7448417,"STATUS":"BUKA","TANGGAL PENGUMPULAN":"Q1 2024","TANGGAL UPDATE":"28/02/2025"}},{"type":"Feature","geometry":{"coordinates":[110.3917465,-7.7677232],"type":"Point"},"properties":{"NAMA":"KLINIK DRG ERWAN SUGIATNO","TIPE_1":"KESEHATAN DAN PENGOBATAN","TIPE_2":"PRAKTIK DOKTER SPESIALIS","TIPE_3":"DOKTER GIGI","TELEPON":"","ALAMAT":"KARANG GAYAM, CATURTUNGGAL, KEC. DEPOK, KABUPATEN SLEMAN, DAERAH ISTIMEWA YOGYAKARTA 55281","ID_PROV":"34","PROVINSI":"DAERAH ISTIMEWA YOGYAKARTA","ID_KABKOT":"34.04","KABKOT":"SLEMAN","ID_KEC":"34.04.07","KECAMATAN":"DEPOK","ID_DESA":"34.04.07.2001","DESA":"CATURTUNGGAL","LONGITUDE":110.3917465,"LATITUDE":-7.7677232,"STATUS":"BUKA","TANGGAL PENGUMPULAN":"Q1 2024","TANGGAL UPDATE":"28/02/2025"}},{"type":"Feature","geometry":{"coordinates":[110.393066,-7.7248594],"type":"Point"},"properties":{"NAMA":"RH DENTAL 3 - PRAKTIK DOKTER GIGI","TIPE_1":"KESEHATAN DAN PENGOBATAN","TIPE_2":"PRAKTIK DOKTER SPESIALIS","TIPE_3":"DOKTER GIGI","TELEPON":"0821-3421-6161","ALAMAT":"JL. KAPTEN HARYADI, NGEBEL GEDE, SARDONOHARJO, KEC. NGAGLIK, KABUPATEN SLEMAN, DAERAH ISTIMEWA YOGYAKARTA 55581","ID_PROV":"34","PROVINSI":"DAERAH ISTIMEWA YOGYAKARTA","ID_KABKOT":"34.04","KABKOT":"SLEMAN","ID_KEC":"34.04.12","KECAMATAN":"NGAGLIK","ID_DESA":"34.04.12.2005","DESA":"SARDONOHARJO","LONGITUDE":110.393066,"LATITUDE":-7.7248594,"STATUS":"BUKA","TANGGAL PENGUMPULAN":"Q1 2024","TANGGAL UPDATE":"28/02/2025"}},{"type":"Feature","geometry":{"coordinates":[110.342173,-7.7348385],"type":"Point"},"properties":{"NAMA":"PRAKTEK DOKTER GIGI NR","TIPE_1":"KESEHATAN DAN PENGOBATAN","TIPE_2":"PRAKTIK DOKTER SPESIALIS","TIPE_3":"DOKTER GIGI","TELEPON":"0856-2316-333","ALAMAT":"RUKO, GRAND TLOGOADI JL. KEBON AGUNG NO.10, TLOGOADI, KEC. MLATI, KABUPATEN SLEMAN, DAERAH ISTIMEWA YOGYAKARTA 55286","ID_PROV":"34","PROVINSI":"DAERAH ISTIMEWA YOGYAKARTA","ID_KABKOT":"34.04","KABKOT":"SLEMAN","ID_KEC":"34.04.06","KECAMATAN":"MLATI","ID_DESA":"34.04.06.2003","DESA":"TLOGOADI","LONGITUDE":110.342173,"LATITUDE":-7.7348385,"STATUS":"BUKA","TANGGAL PENGUMPULAN":"Q1 2024","TANGGAL UPDATE":"28/02/2025"}},{"type":"Feature","geometry":{"coordinates":[110.391321,-7.7676499],"type":"Point"},"properties":{"NAMA":"DOKTER M RATNA SUDJARWO","TIPE_1":"KESEHATAN DAN PENGOBATAN","TIPE_2":"PRAKTIK DOKTER SPESIALIS","TIPE_3":"DOKTER GIGI","TELEPON":"","ALAMAT":"JL. AFFANDI, KARANG GAYAM, CATURTUNGGAL, KEC. DEPOK, KABUPATEN SLEMAN, DAERAH ISTIMEWA YOGYAKARTA 55281","ID_PROV":"34","PROVINSI":"DAERAH ISTIMEWA YOGYAKARTA","ID_KABKOT":"34.04","KABKOT":"SLEMAN","ID_KEC":"34.04.07","KECAMATAN":"DEPOK","ID_DESA":"34.04.07.2001","DESA":"CATURTUNGGAL","LONGITUDE":110.391321,"LATITUDE":-7.7676499,"STATUS":"BUKA","TANGGAL PENGUMPULAN":"Q1 2024","TANGGAL UPDATE":"28/02/2025"}},{"type":"Feature","geometry":{"coordinates":[110.3990703,-7.7542596],"type":"Point"},"properties":{"NAMA":"DRG ESTER SPKG DENTAL CARE","TIPE_1":"KESEHATAN DAN PENGOBATAN","TIPE_2":"PRAKTIK DOKTER SPESIALIS","TIPE_3":"DOKTER GIGI","TELEPON":"0812-8238-9191","ALAMAT":"JL. GARUDA NO.157A, GEJAYAN, CONDONGCATUR, KEC. DEPOK, KABUPATEN SLEMAN, DAERAH ISTIMEWA YOGYAKARTA 55281","ID_PROV":"34","PROVINSI":"DAERAH ISTIMEWA YOGYAKARTA","ID_KABKOT":"34.04","KABKOT":"SLEMAN","ID_KEC":"34.04.07","KECAMATAN":"DEPOK","ID_DESA":"34.04.07.2003","DESA":"CONDONGCATUR","LONGITUDE":110.3990703,"LATITUDE":-7.7542596,"STATUS":"BUKA","TANGGAL PENGUMPULAN":"Q1 2024","TANGGAL UPDATE":"28/02/2025"}},{"type":"Feature","geometry":{"coordinates":[110.3714053,-7.750494],"type":"Point"},"properties":{"NAMA":"PRAKTEK DOKTER GIGI RISNI YUNIARTI","TIPE_1":"KESEHATAN DAN PENGOBATAN","TIPE_2":"PRAKTIK DOKTER SPESIALIS","TIPE_3":"DOKTER GIGI","TELEPON":"0852-2993-0293","ALAMAT":"JL. PALAGAN TENTARA PELAJAR NO.132 A, SUMBERAN, SARIHARJO, KEC. NGAGLIK, KABUPATEN SLEMAN, DAERAH ISTIMEWA YOGYAKARTA 55581","ID_PROV":"34","PROVINSI":"DAERAH ISTIMEWA YOGYAKARTA","ID_KABKOT":"34.04","KABKOT":"SLEMAN","ID_KEC":"34.04.12","KECAMATAN":"NGAGLIK","ID_DESA":"34.04.12.2001","DESA":"SARIHARJO","LONGITUDE":110.3714053,"LATITUDE":-7.750494,"STATUS":"BUKA","TANGGAL PENGUMPULAN":"Q1 2024","TANGGAL UPDATE":"28/02/2025"}},{"type":"Feature","geometry":{"coordinates":[110.4008097,-7.7224157],"type":"Point"},"properties":{"NAMA":"DRG. TRI ESTININGTYAS UTAMI","TIPE_1":"KESEHATAN DAN PENGOBATAN","TIPE_2":"PRAKTIK DOKTER SPESIALIS","TIPE_3":"DOKTER GIGI","TELEPON":"0852-2828-4686","ALAMAT":"JL. KALIURANG NO.8, GONDANGAN, SARDONOHARJO, KEC. NGAGLIK, KABUPATEN SLEMAN, DAERAH ISTIMEWA YOGYAKARTA 55581","ID_PROV":"34","PROVINSI":"DAERAH ISTIMEWA YOGYAKARTA","ID_KABKOT":"34.04","KABKOT":"SLEMAN","ID_KEC":"34.04.12","KECAMATAN":"NGAGLIK","ID_DESA":"34.04.12.2005","DESA":"SARDONOHARJO","LONGITUDE":110.4008097,"LATITUDE":-7.7224157,"STATUS":"BUKA","TANGGAL PENGUMPULAN":"Q1 2024","TANGGAL UPDATE":"28/02/2025"}},{"type":"Feature","geometry":{"coordinates":[110.444122,-7.804511],"type":"Point"},"properties":{"NAMA":"DOKTER GIGI FITRI SRI WITANTI (Ê¦£Ê¦ºÊ¦´Ê¦Ê§€Ê¦ Ê¦¼Ê¦‚Ê¦’Ê¦¶Ê¦’Ê¦¶Ê¦¥Ê¦³Ê¦¶Ê¦ Ê¦¿Ê¦¶Ê¦±Ê¦¿Ê¦¶Ê¦®Ê¦¶Ê¦ Ê¦¤Ê§€Ê¦ Ê¦¶)","TIPE_1":"KESEHATAN DAN PENGOBATAN","TIPE_2":"PRAKTIK DOKTER SPESIALIS","TIPE_3":"DOKTER GIGI","TELEPON":"0822-6215-9191","ALAMAT":"JL. RAYA BERBAH, BERBAH, TEGALTIRTO, KEC. BERBAH, KABUPATEN SLEMAN, DAERAH ISTIMEWA YOGYAKARTA 55573","ID_PROV":"34","PROVINSI":"DAERAH ISTIMEWA YOGYAKARTA","ID_KABKOT":"34.04","KABKOT":"SLEMAN","ID_KEC":"34.04.08","KECAMATAN":"BERBAH","ID_DESA":"34.04.08.2002","DESA":"TEGALTIRTO","LONGITUDE":110.444122,"LATITUDE":-7.804511,"STATUS":"BUKA","TANGGAL PENGUMPULAN":"Q1 2024","TANGGAL UPDATE":"28/02/2025"}},{"type":"Feature","geometry":{"coordinates":[110.4722355,-7.8027951],"type":"Point"},"properties":{"NAMA":"DOKTER GIGI MAYUN","TIPE_1":"KESEHATAN DAN PENGOBATAN","TIPE_2":"PRAKTIK DOKTER SPESIALIS","TIPE_3":"DOKTER GIGI","TELEPON":"0897-5022-238","ALAMAT":"JL. TANDAN KECIKAN, MORO BANGUN, JOGOTIRTO, KEC. BERBAH, KABUPATEN SLEMAN, DAERAH ISTIMEWA YOGYAKARTA 55573","ID_PROV":"34","PROVINSI":"DAERAH ISTIMEWA YOGYAKARTA","ID_KABKOT":"34.04","KABKOT":"SLEMAN","ID_KEC":"34.04.08","KECAMATAN":"BERBAH","ID_DESA":"34.04.08.2004","DESA":"JOGOTIRTO","LONGITUDE":110.4722355,"LATITUDE":-7.8027951,"STATUS":"BUKA","TANGGAL PENGUMPULAN":"Q1 2024","TANGGAL UPDATE":"28/02/2025"}},{"type":"Feature","geometry":{"coordinates":[110.4825554,-7.7877005],"type":"Point"},"properties":{"NAMA":"KLINIK YEZIO (DRG. DYAH NUGRAHANI)","TIPE_1":"KESEHATAN DAN PENGOBATAN","TIPE_2":"PRAKTIK DOKTER SPESIALIS","TIPE_3":"DOKTER GIGI","TELEPON":"(0274) 4398419","ALAMAT":"POTROJAYAN, MADUREJO, KEC. PRAMBANAN, KABUPATEN SLEMAN, DAERAH ISTIMEWA YOGYAKARTA 55572","ID_PROV":"34","PROVINSI":"DAERAH ISTIMEWA YOGYAKARTA","ID_KABKOT":"34.04","KABKOT":"SLEMAN","ID_KEC":"34.04.09","KECAMATAN":"PRAMBANAN","ID_DESA":"34.04.09.2005","DESA":"MADUREJO","LONGITUDE":110.4825554,"LATITUDE":-7.7877005,"STATUS":"BUKA","TANGGAL PENGUMPULAN":"Q1 2024","TANGGAL UPDATE":"28/02/2025"}},{"type":"Feature","geometry":{"coordinates":[110.4606283,-7.681977],"type":"Point"},"properties":{"NAMA":"AHLI GIGI YENDI DENTAL","TIPE_1":"KESEHATAN DAN PENGOBATAN","TIPE_2":"KLINIK","TIPE_3":"TUKANG GIGI","TELEPON":"0852-2977-6228","ALAMAT":"BANJAR HARJO, BIMOMARTANI, KEC. NGEMPLAK, KABUPATEN SLEMAN, DAERAH ISTIMEWA YOGYAKARTA 55584","ID_PROV":"34","PROVINSI":"DAERAH ISTIMEWA YOGYAKARTA","ID_KABKOT":"34.04","KABKOT":"SLEMAN","ID_KEC":"34.04.11","KECAMATAN":"NGEMPLAK","ID_DESA":"34.04.11.2002","DESA":"BIMOMARTANI","LONGITUDE":110.4606283,"LATITUDE":-7.681977,"STATUS":"BUKA","TANGGAL PENGUMPULAN":"Q1 2024","TANGGAL UPDATE":"28/02/2025"}},{"type":"Feature","geometry":{"coordinates":[110.410304,-7.7088055],"type":"Point"},"properties":{"NAMA":"KLINIL GIGI DRG. DIAN NIRMALASARI","TIPE_1":"KESEHATAN DAN PENGOBATAN","TIPE_2":"PRAKTIK DOKTER SPESIALIS","TIPE_3":"DOKTER GIGI","TELEPON":"","ALAMAT":"JL KALIURANG KM 12 RUKO CANDI KAV 5, CANDI, SARDONOHARJO, NGAGLIK, SLEMAN REGENCY, SPECIAL REGION OF YOGYAKARTA 55581","ID_PROV":"34","PROVINSI":"DAERAH ISTIMEWA YOGYAKARTA","ID_KABKOT":"34.04","KABKOT":"SLEMAN","ID_KEC":"34.04.12","KECAMATAN":"NGAGLIK","ID_DESA":"34.04.12.2005","DESA":"SARDONOHARJO","LONGITUDE":110.410304,"LATITUDE":-7.7088055,"STATUS":"BUKA","TANGGAL PENGUMPULAN":"Q1 2024","TANGGAL UPDATE":"28/02/2025"}},{"type":"Feature","geometry":{"coordinates":[110.3745669,-7.7426811],"type":"Point"},"properties":{"NAMA":"AGUS SRI GUNARTO DRG SPBM","TIPE_1":"KESEHATAN DAN PENGOBATAN","TIPE_2":"PRAKTIK DOKTER SPESIALIS","TIPE_3":"DOKTER GIGI","TELEPON":"(0274) 888507","ALAMAT":"JL. PALAGAN TENTARA PELAJAR NO.33-A, JONGKANG, SARIHARJO, KEC. NGAGLIK, KABUPATEN SLEMAN, DAERAH ISTIMEWA YOGYAKARTA 55231","ID_PROV":"34","PROVINSI":"DAERAH ISTIMEWA YOGYAKARTA","ID_KABKOT":"34.04","KABKOT":"SLEMAN","ID_KEC":"34.04.12","KECAMATAN":"NGAGLIK","ID_DESA":"34.04.12.2001","DESA":"SARIHARJO","LONGITUDE":110.3745669,"LATITUDE":-7.7426811,"STATUS":"BUKA","TANGGAL PENGUMPULAN":"Q1 2024","TANGGAL UPDATE":"28/02/2025"}},{"type":"Feature","geometry":{"coordinates":[110.4221265,-7.7522504],"type":"Point"},"properties":{"NAMA":"PRAKTEK DRG. MARIA STELLA","TIPE_1":"KESEHATAN DAN PENGOBATAN","TIPE_2":"PRAKTIK DOKTER SPESIALIS","TIPE_3":"DOKTER GIGI","TELEPON":"0811-2534-023","ALAMAT":"JL. CINDELARAS GG. RANDU NO.19, KRODAN, MAGUWOHARJO, KEC. DEPOK, KABUPATEN SLEMAN, DAERAH ISTIMEWA YOGYAKARTA 55281","ID_PROV":"34","PROVINSI":"DAERAH ISTIMEWA YOGYAKARTA","ID_KABKOT":"34.04","KABKOT":"SLEMAN","ID_KEC":"34.04.07","KECAMATAN":"DEPOK","ID_DESA":"34.04.07.2002","DESA":"MAGUWOHARJO","LONGITUDE":110.4221265,"LATITUDE":-7.7522504,"STATUS":"BUKA","TANGGAL PENGUMPULAN":"Q1 2024","TANGGAL UPDATE":"28/02/2025"}},{"type":"Feature","geometry":{"coordinates":[110.3594049,-7.6637453],"type":"Point"},"properties":{"NAMA":"PRAKTEK DOKTER GIGI NANIK HARI UTAMI","TIPE_1":"KESEHATAN DAN PENGOBATAN","TIPE_2":"PRAKTIK DOKTER SPESIALIS","TIPE_3":"DOKTER GIGI","TELEPON":"0857-2901-1157","ALAMAT":"JALAN, KENARUHAN, DONOKERTO, KEC. TURI, KABUPATEN SLEMAN, DAERAH ISTIMEWA YOGYAKARTA 55551","ID_PROV":"34","PROVINSI":"DAERAH ISTIMEWA YOGYAKARTA","ID_KABKOT":"34.04","KABKOT":"SLEMAN","ID_KEC":"34.04.15","KECAMATAN":"TURI","ID_DESA":"34.04.15.2002","DESA":"DONOKERTO","LONGITUDE":110.3594049,"LATITUDE":-7.6637453,"STATUS":"BUKA","TANGGAL PENGUMPULAN":"Q1 2024","TANGGAL UPDATE":"28/02/2025"}},{"type":"Feature","geometry":{"coordinates":[110.43638,-7.733228],"type":"Point"},"properties":{"NAMA":"PRAKTEK DOKTER GIGI SRI BUDI BARUNAWATI SP.PROS","TIPE_1":"KESEHATAN DAN PENGOBATAN","TIPE_2":"PRAKTIK DOKTER SPESIALIS","TIPE_3":"DOKTER GIGI","TELEPON":"0812-1551-4683","ALAMAT":"JL. RAYA TAJEM NO.DOLO, GONDANG LEGI, WEDOMARTANI, KEC. NGEMPLAK, KABUPATEN SLEMAN, DAERAH ISTIMEWA YOGYAKARTA 55584","ID_PROV":"34","PROVINSI":"DAERAH ISTIMEWA YOGYAKARTA","ID_KABKOT":"34.04","KABKOT":"SLEMAN","ID_KEC":"34.04.11","KECAMATAN":"NGEMPLAK","ID_DESA":"34.04.11.2004","DESA":"WEDOMARTANI","LONGITUDE":110.43638,"LATITUDE":-7.733228,"STATUS":"BUKA","TANGGAL PENGUMPULAN":"Q1 2024","TANGGAL UPDATE":"28/02/2025"}},{"type":"Feature","geometry":{"coordinates":[110.4139127,-7.7451066],"type":"Point"},"properties":{"NAMA":"DRG. MELYANA KUSUMAWATY, SP. PROS","TIPE_1":"KESEHATAN DAN PENGOBATAN","TIPE_2":"PRAKTIK DOKTER SPESIALIS","TIPE_3":"DOKTER GIGI","TELEPON":"(0274) 880413","ALAMAT":"JETIS, WEDOMARTANI, KEC. NGEMPLAK, KABUPATEN SLEMAN, DAERAH ISTIMEWA YOGYAKARTA 55584","ID_PROV":"34","PROVINSI":"DAERAH ISTIMEWA YOGYAKARTA","ID_KABKOT":"34.04","KABKOT":"SLEMAN","ID_KEC":"34.04.11","KECAMATAN":"NGEMPLAK","ID_DESA":"34.04.11.2004","DESA":"WEDOMARTANI","LONGITUDE":110.4139127,"LATITUDE":-7.7451066,"STATUS":"BUKA","TANGGAL PENGUMPULAN":"Q1 2024","TANGGAL UPDATE":"28/02/2025"}},{"type":"Feature","geometry":{"coordinates":[110.4449934,-7.6990495],"type":"Point"},"properties":{"NAMA":"TUKANG GIGI JAKAL SLEMAN","TIPE_1":"KESEHATAN DAN PENGOBATAN","TIPE_2":"KLINIK","TIPE_3":"TUKANG GIGI","TELEPON":"","ALAMAT":"AREA SAWAH, WIDODOMARTANI, KEC. NGEMPLAK, KABUPATEN SLEMAN, DAERAH ISTIMEWA YOGYAKARTA 55584","ID_PROV":"34","PROVINSI":"DAERAH ISTIMEWA YOGYAKARTA","ID_KABKOT":"34.04","KABKOT":"SLEMAN","ID_KEC":"34.04.11","KECAMATAN":"NGEMPLAK","ID_DESA":"34.04.11.2003","DESA":"WIDODOMARTANI","LONGITUDE":110.4449934,"LATITUDE":-7.6990495,"STATUS":"BUKA","TANGGAL PENGUMPULAN":"Q1 2024","TANGGAL UPDATE":"28/02/2025"}},{"type":"Feature","geometry":{"coordinates":[110.4494968,-7.7475652],"type":"Point"},"properties":{"NAMA":"PRAKTEK DRG.HERWIN","TIPE_1":"KESEHATAN DAN PENGOBATAN","TIPE_2":"PRAKTIK DOKTER SPESIALIS","TIPE_3":"DOKTER GIGI","TELEPON":"","ALAMAT":"BROMONILAN, PURWOMARTANI, KEC. KALASAN, KABUPATEN SLEMAN, DAERAH ISTIMEWA YOGYAKARTA 55571","ID_PROV":"34","PROVINSI":"DAERAH ISTIMEWA YOGYAKARTA","ID_KABKOT":"34.04","KABKOT":"SLEMAN","ID_KEC":"34.04.10","KECAMATAN":"KALASAN","ID_DESA":"34.04.10.2001","DESA":"PURWOMARTANI","LONGITUDE":110.4494968,"LATITUDE":-7.7475652,"STATUS":"BUKA","TANGGAL PENGUMPULAN":"Q1 2024","TANGGAL UPDATE":"28/02/2025"}},{"type":"Feature","geometry":{"coordinates":[110.4410894,-7.7836395],"type":"Point"},"properties":{"NAMA":"DRG. EMUT LUKITO, S.U","TIPE_1":"KESEHATAN DAN PENGOBATAN","TIPE_2":"PRAKTIK DOKTER SPESIALIS","TIPE_3":"DOKTER GIGI","TELEPON":"","ALAMAT":"JALAN SOLO-JOGJA NO.10,5, SOROGENAN I, PURWOMARTANI, KEC. KALASAN, KABUPATEN SLEMAN, DAERAH ISTIMEWA YOGYAKARTA 55571","ID_PROV":"34","PROVINSI":"DAERAH ISTIMEWA YOGYAKARTA","ID_KABKOT":"34.04","KABKOT":"SLEMAN","ID_KEC":"34.04.10","KECAMATAN":"KALASAN","ID_DESA":"34.04.10.2001","DESA":"PURWOMARTANI","LONGITUDE":110.4410894,"LATITUDE":-7.7836395,"STATUS":"BUKA","TANGGAL PENGUMPULAN":"Q1 2024","TANGGAL UPDATE":"28/02/2025"}},{"type":"Feature","geometry":{"coordinates":[110.4798285,-7.736096],"type":"Point"},"properties":{"NAMA":"DOKTER BPJS KALASAN-KLINIK RHMEDIKA (KODE FASKES 0179B535)","TIPE_1":"KESEHATAN DAN PENGOBATAN","TIPE_2":"PRAKTIK DOKTER SPESIALIS","TIPE_3":"DOKTER GIGI","TELEPON":"(0274) 2850411","ALAMAT":"JL. TULUNG, RINGINSARAI, TAMANMARTANI KALASAN (UTARA PASAR TULUNG), RINGIN SARI, TAMANMARTANI, KEC. KALASAN, KABUPATEN SLEMAN, DAERAH ISTIMEWA YOGYAKARTA 55571","ID_PROV":"34","PROVINSI":"DAERAH ISTIMEWA YOGYAKARTA","ID_KABKOT":"34.04","KABKOT":"SLEMAN","ID_KEC":"34.04.10","KECAMATAN":"KALASAN","ID_DESA":"34.04.10.2003","DESA":"TAMANMARTANI","LONGITUDE":110.4798285,"LATITUDE":-7.736096,"STATUS":"BUKA","TANGGAL PENGUMPULAN":"Q1 2024","TANGGAL UPDATE":"28/02/2025"}},{"type":"Feature","geometry":{"coordinates":[110.4638567,-7.7740855],"type":"Point"},"properties":{"NAMA":"DOKTER GIGI RULLY UTAMI","TIPE_1":"KESEHATAN DAN PENGOBATAN","TIPE_2":"PRAKTIK DOKTER SPESIALIS","TIPE_3":"DOKTER GIGI","TELEPON":"","ALAMAT":"JL. SOLO, KRINGINAN, TIRTOMARTANI, KEC. KALASAN, KABUPATEN SLEMAN, DAERAH ISTIMEWA YOGYAKARTA 55571","ID_PROV":"34","PROVINSI":"DAERAH ISTIMEWA YOGYAKARTA","ID_KABKOT":"34.04","KABKOT":"SLEMAN","ID_KEC":"34.04.10","KECAMATAN":"KALASAN","ID_DESA":"34.04.10.2002","DESA":"TIRTOMARTANI","LONGITUDE":110.4638567,"LATITUDE":-7.7740855,"STATUS":"BUKA","TANGGAL PENGUMPULAN":"Q1 2024","TANGGAL UPDATE":"28/02/2025"}},{"type":"Feature","geometry":{"coordinates":[110.4504532,-7.7435404],"type":"Point"},"properties":{"NAMA":"DENTAL JAYA AHLI GIGI","TIPE_1":"KESEHATAN DAN PENGOBATAN","TIPE_2":"KLINIK","TIPE_3":"TUKANG GIGI","TELEPON":"","ALAMAT":"JL. PURWOMARTANI, BROMONILAN, PURWOMARTANI, KEC. KALASAN, KABUPATEN SLEMAN, DAERAH ISTIMEWA YOGYAKARTA 55571","ID_PROV":"34","PROVINSI":"DAERAH ISTIMEWA YOGYAKARTA","ID_KABKOT":"34.04","KABKOT":"SLEMAN","ID_KEC":"34.04.10","KECAMATAN":"KALASAN","ID_DESA":"34.04.10.2001","DESA":"PURWOMARTANI","LONGITUDE":110.4504532,"LATITUDE":-7.7435404,"STATUS":"BUKA","TANGGAL PENGUMPULAN":"Q1 2024","TANGGAL UPDATE":"28/02/2025"}},{"type":"Feature","geometry":{"coordinates":[110.4114463,-7.7737546],"type":"Point"},"properties":{"NAMA":"DENTIST","TIPE_1":"KESEHATAN DAN PENGOBATAN","TIPE_2":"KLINIK","TIPE_3":"KLINIK DAN DOKTER GIGI","TELEPON":"0821-3809-6524","ALAMAT":"JL. BABARSARI NO.48, KLEDOKAN, CATURTUNGGAL, KEC. DEPOK, KABUPATEN SLEMAN, DAERAH ISTIMEWA YOGYAKARTA 55281","ID_PROV":"34","PROVINSI":"DAERAH ISTIMEWA YOGYAKARTA","ID_KABKOT":"34.04","KABKOT":"SLEMAN","ID_KEC":"34.04.07","KECAMATAN":"DEPOK","ID_DESA":"34.04.07.2001","DESA":"CATURTUNGGAL","LONGITUDE":110.4114463,"LATITUDE":-7.7737546,"STATUS":"BUKA","TANGGAL PENGUMPULAN":"Q1 2024","TANGGAL UPDATE":"28/02/2025"}},{"type":"Feature","geometry":{"coordinates":[110.4322548,-7.7634213],"type":"Point"},"properties":{"NAMA":"KLINIK GIGI KANINA MAGUWO","TIPE_1":"KESEHATAN DAN PENGOBATAN","TIPE_2":"KLINIK","TIPE_3":"KLINIK DAN DOKTER GIGI","TELEPON":"0851-0037-1991","ALAMAT":"JL. RAYA TAJEM NO.0.4, RT.05/RW.47, MEGUWO, MAGUWOHARJO, KEC. DEPOK, KABUPATEN SLEMAN, DAERAH ISTIMEWA YOGYAKARTA 55281","ID_PROV":"34","PROVINSI":"DAERAH ISTIMEWA YOGYAKARTA","ID_KABKOT":"34.04","KABKOT":"SLEMAN","ID_KEC":"34.04.07","KECAMATAN":"DEPOK","ID_DESA":"34.04.07.2002","DESA":"MAGUWOHARJO","LONGITUDE":110.4322548,"LATITUDE":-7.7634213,"STATUS":"BUKA","TANGGAL PENGUMPULAN":"Q1 2024","TANGGAL UPDATE":"28/02/2025"}},{"type":"Feature","geometry":{"coordinates":[110.3248905,-7.7279076],"type":"Point"},"properties":{"NAMA":"PRAKTEK DRG ANY ASTUTIE","TIPE_1":"KESEHATAN DAN PENGOBATAN","TIPE_2":"PRAKTIK DOKTER SPESIALIS","TIPE_3":"DOKTER GIGI","TELEPON":"0878-3924-8880","ALAMAT":"55288, CABAKAN, SUMBERADI, MLATI, SLEMAN REGENCY, SPECIAL REGION OF YOGYAKARTA 55288","ID_PROV":"34","PROVINSI":"DAERAH ISTIMEWA YOGYAKARTA","ID_KABKOT":"34.04","KABKOT":"SLEMAN","ID_KEC":"34.04.06","KECAMATAN":"MLATI","ID_DESA":"34.04.06.2005","DESA":"SUMBERADI","LONGITUDE":110.3248905,"LATITUDE":-7.7279076,"STATUS":"BUKA","TANGGAL PENGUMPULAN":"Q1 2024","TANGGAL UPDATE":"28/02/2025"}},{"type":"Feature","geometry":{"coordinates":[110.3344009,-7.7300042],"type":"Point"},"properties":{"NAMA":"AHLI GIGI SLEMAN YOGYAKARTA","TIPE_1":"KESEHATAN DAN PENGOBATAN","TIPE_2":"KLINIK","TIPE_3":"TUKANG GIGI","TELEPON":"0821-4464-6444","ALAMAT":"GABAHAN, SUMBERADI, KEC. MLATI, KABUPATEN SLEMAN, DAERAH ISTIMEWA YOGYAKARTA 55288","ID_PROV":"34","PROVINSI":"DAERAH ISTIMEWA YOGYAKARTA","ID_KABKOT":"34.04","KABKOT":"SLEMAN","ID_KEC":"34.04.06","KECAMATAN":"MLATI","ID_DESA":"34.04.06.2005","DESA":"SUMBERADI","LONGITUDE":110.3344009,"LATITUDE":-7.7300042,"STATUS":"BUKA","TANGGAL PENGUMPULAN":"Q1 2024","TANGGAL UPDATE":"28/02/2025"}},{"type":"Feature","geometry":{"coordinates":[110.3138304,-7.7344915],"type":"Point"},"properties":{"NAMA":"IDE_CLINIC (PRAKTEK DOKTER GIGI IKSANUDIN)","TIPE_1":"KESEHATAN DAN PENGOBATAN","TIPE_2":"PRAKTIK DOKTER SPESIALIS","TIPE_3":"DOKTER GIGI","TELEPON":"0813-2971-4728","ALAMAT":"JAMBLANGAN, MARGOMULYO, KEC. MLATI, KABUPATEN SLEMAN, DAERAH ISTIMEWA YOGYAKARTA","ID_PROV":"34","PROVINSI":"DAERAH ISTIMEWA YOGYAKARTA","ID_KABKOT":"34.04","KABKOT":"SLEMAN","ID_KEC":"34.04.05","KECAMATAN":"SEYEGAN","ID_DESA":"34.04.05.2004","DESA":"MARGOMULYO","LONGITUDE":110.3138304,"LATITUDE":-7.7344915,"STATUS":"BUKA","TANGGAL PENGUMPULAN":"Q1 2024","TANGGAL UPDATE":"28/02/2025"}},{"type":"Feature","geometry":{"coordinates":[110.380422,-7.746438],"type":"Point"},"properties":{"NAMA":"PRAKTEK DOKTER GIGI YAYA","TIPE_1":"KESEHATAN DAN PENGOBATAN","TIPE_2":"PRAKTIK DOKTER SPESIALIS","TIPE_3":"DOKTER GIGI","TELEPON":"","ALAMAT":"PURWOSARI, SINDUADI, KEC. MLATI, KABUPATEN SLEMAN, DAERAH ISTIMEWA YOGYAKARTA 55284","ID_PROV":"34","PROVINSI":"DAERAH ISTIMEWA YOGYAKARTA","ID_KABKOT":"34.04","KABKOT":"SLEMAN","ID_KEC":"34.04.06","KECAMATAN":"MLATI","ID_DESA":"34.04.06.2001","DESA":"SINDUADI","LONGITUDE":110.380422,"LATITUDE":-7.746438,"STATUS":"BUKA","TANGGAL PENGUMPULAN":"Q1 2024","TANGGAL UPDATE":"28/02/2025"}},{"type":"Feature","geometry":{"coordinates":[110.3456648,-7.6956663],"type":"Point"},"properties":{"NAMA":"DRG BOUDY","TIPE_1":"KESEHATAN DAN PENGOBATAN","TIPE_2":"PRAKTIK DOKTER SPESIALIS","TIPE_3":"DOKTER GIGI","TELEPON":"0899-5257-8818","ALAMAT":"JL. MAGELANG - YOGYAKARTA, KRAPYAK, TRIHARJO, KEC. SLEMAN, KABUPATEN SLEMAN, DAERAH ISTIMEWA YOGYAKARTA 55514","ID_PROV":"34","PROVINSI":"DAERAH ISTIMEWA YOGYAKARTA","ID_KABKOT":"34.04","KABKOT":"SLEMAN","ID_KEC":"34.04.13","KECAMATAN":"SLEMAN","ID_DESA":"34.04.13.2002","DESA":"TRIHARJO","LONGITUDE":110.3456648,"LATITUDE":-7.6956663,"STATUS":"BUKA","TANGGAL PENGUMPULAN":"Q1 2024","TANGGAL UPDATE":"28/02/2025"}},{"type":"Feature","geometry":{"coordinates":[110.380572,-7.7463391],"type":"Point"},"properties":{"NAMA":"PRAKTEK DRG INDRIA","TIPE_1":"KESEHATAN DAN PENGOBATAN","TIPE_2":"PRAKTIK DOKTER SPESIALIS","TIPE_3":"DOKTER GIGI","TELEPON":"","ALAMAT":"JL. MULIA, PURWOSARI, SINDUADI, KEC. MLATI, KABUPATEN SLEMAN, DAERAH ISTIMEWA YOGYAKARTA 55284","ID_PROV":"34","PROVINSI":"DAERAH ISTIMEWA YOGYAKARTA","ID_KABKOT":"34.04","KABKOT":"SLEMAN","ID_KEC":"34.04.06","KECAMATAN":"MLATI","ID_DESA":"34.04.06.2001","DESA":"SINDUADI","LONGITUDE":110.380572,"LATITUDE":-7.7463391,"STATUS":"BUKA","TANGGAL PENGUMPULAN":"Q1 2024","TANGGAL UPDATE":"28/02/2025"}},{"type":"Feature","geometry":{"coordinates":[110.3804653,-7.746442],"type":"Point"},"properties":{"NAMA":"DRG. ATIEK DRIANA RAHMAWATI","TIPE_1":"KESEHATAN DAN PENGOBATAN","TIPE_2":"PRAKTIK DOKTER SPESIALIS","TIPE_3":"DOKTER GIGI","TELEPON":"","ALAMAT":"PURWOSARI, SINDUADI, KEC. MLATI, KABUPATEN SLEMAN, DAERAH ISTIMEWA YOGYAKARTA 55284","ID_PROV":"34","PROVINSI":"DAERAH ISTIMEWA YOGYAKARTA","ID_KABKOT":"34.04","KABKOT":"SLEMAN","ID_KEC":"34.04.06","KECAMATAN":"MLATI","ID_DESA":"34.04.06.2001","DESA":"SINDUADI","LONGITUDE":110.3804653,"LATITUDE":-7.746442,"STATUS":"BUKA","TANGGAL PENGUMPULAN":"Q1 2024","TANGGAL UPDATE":"28/02/2025"}},{"type":"Feature","geometry":{"coordinates":[110.2574803,-7.7595072],"type":"Point"},"properties":{"NAMA":"DOKTER GIGI A' YUN M. KES","TIPE_1":"KESEHATAN DAN PENGOBATAN","TIPE_2":"PRAKTIK DOKTER SPESIALIS","TIPE_3":"DOKTER GIGI","TELEPON":"0812-1211-1918","ALAMAT":"JL. NGAPAK - KENTHENG NO.13, GEDONGAN, SUMBERAGUNG, KEC. MOYUDAN, KABUPATEN SLEMAN, DAERAH ISTIMEWA YOGYAKARTA 55264","ID_PROV":"34","PROVINSI":"DAERAH ISTIMEWA YOGYAKARTA","ID_KABKOT":"34.04","KABKOT":"SLEMAN","ID_KEC":"34.04.03","KECAMATAN":"MOYUDAN","ID_DESA":"34.04.03.2003","DESA":"SUMBERAGUNG","LONGITUDE":110.2574803,"LATITUDE":-7.7595072,"STATUS":"BUKA","TANGGAL PENGUMPULAN":"Q1 2024","TANGGAL UPDATE":"28/02/2025"}},{"type":"Feature","geometry":{"coordinates":[110.3719547,-7.746122],"type":"Point"},"properties":{"NAMA":"PRAKTEK DRG DEWI DAMARSASI SP KG","TIPE_1":"KESEHATAN DAN PENGOBATAN","TIPE_2":"PRAKTIK DOKTER SPESIALIS","TIPE_3":"DOKTER GIGI","TELEPON":"0813-2881-8458","ALAMAT":"GG. GAMBIR JL. PALAGAN TENTARA PELAJAR, WARAS, SARIHARJO, KEC. NGAGLIK, KABUPATEN SLEMAN, DAERAH ISTIMEWA YOGYAKARTA 55581","ID_PROV":"34","PROVINSI":"DAERAH ISTIMEWA YOGYAKARTA","ID_KABKOT":"34.04","KABKOT":"SLEMAN","ID_KEC":"34.04.12","KECAMATAN":"NGAGLIK","ID_DESA":"34.04.12.2001","DESA":"SARIHARJO","LONGITUDE":110.3719547,"LATITUDE":-7.746122,"STATUS":"BUKA","TANGGAL PENGUMPULAN":"Q1 2024","TANGGAL UPDATE":"28/02/2025"}},{"type":"Feature","geometry":{"coordinates":[110.3637999,-7.7462151],"type":"Point"},"properties":{"NAMA":"KLINIK DRG. YURISKA MURESTININGGAR","TIPE_1":"KESEHATAN DAN PENGOBATAN","TIPE_2":"PRAKTIK DOKTER SPESIALIS","TIPE_3":"DOKTER GIGI","TELEPON":"0857-2957-9092","ALAMAT":"JL. TEGAL MELATI JL. JOMBOR LOR NO.6, JOMBOR LOR, SINDUADI, KEC. MLATI, KABUPATEN SLEMAN, DAERAH ISTIMEWA YOGYAKARTA 55581","ID_PROV":"34","PROVINSI":"DAERAH ISTIMEWA YOGYAKARTA","ID_KABKOT":"34.04","KABKOT":"SLEMAN","ID_KEC":"34.04.06","KECAMATAN":"MLATI","ID_DESA":"34.04.06.2001","DESA":"SINDUADI","LONGITUDE":110.3637999,"LATITUDE":-7.7462151,"STATUS":"BUKA","TANGGAL PENGUMPULAN":"Q1 2024","TANGGAL UPDATE":"28/02/2025"}},{"type":"Feature","geometry":{"coordinates":[110.3697406,-7.7591719],"type":"Point"},"properties":{"NAMA":"DRG. HANDOKO SUSILO","TIPE_1":"KESEHATAN DAN PENGOBATAN","TIPE_2":"PRAKTIK DOKTER SPESIALIS","TIPE_3":"DOKTER GIGI","TELEPON":"(0274) 6500101","ALAMAT":"JL. MONUMEN JOGJA KEMBALI, GEMAWANG, SINDUADI, KEC. MLATI, KABUPATEN SLEMAN, DAERAH ISTIMEWA YOGYAKARTA 55284","ID_PROV":"34","PROVINSI":"DAERAH ISTIMEWA YOGYAKARTA","ID_KABKOT":"34.04","KABKOT":"SLEMAN","ID_KEC":"34.04.06","KECAMATAN":"MLATI","ID_DESA":"34.04.06.2001","DESA":"SINDUADI","LONGITUDE":110.3697406,"LATITUDE":-7.7591719,"STATUS":"BUKA","TANGGAL PENGUMPULAN":"Q1 2024","TANGGAL UPDATE":"28/02/2025"}},{"type":"Feature","geometry":{"coordinates":[110.4069738,-7.7439396],"type":"Point"},"properties":{"NAMA":"PRAKTEK DOKTER KELUARGA","TIPE_1":"KESEHATAN DAN PENGOBATAN","TIPE_2":"PRAKTIK DOKTER SPESIALIS","TIPE_3":"DOKTER GIGI","TELEPON":"(0274) 2680425","ALAMAT":"JL. PONDOK RAYA, MLADANGAN, MINOMARTANI, KEC. NGAGLIK, KABUPATEN SLEMAN, DAERAH ISTIMEWA YOGYAKARTA 55581","ID_PROV":"34","PROVINSI":"DAERAH ISTIMEWA YOGYAKARTA","ID_KABKOT":"34.04","KABKOT":"SLEMAN","ID_KEC":"34.04.12","KECAMATAN":"NGAGLIK","ID_DESA":"34.04.12.2002","DESA":"MINOMARTANI","LONGITUDE":110.4069738,"LATITUDE":-7.7439396,"STATUS":"BUKA","TANGGAL PENGUMPULAN":"Q1 2024","TANGGAL UPDATE":"28/02/2025"}},{"type":"Feature","geometry":{"coordinates":[110.3680898,-7.7412172],"type":"Point"},"properties":{"NAMA":"AHLI GIGI PAK MADI","TIPE_1":"KESEHATAN DAN PENGOBATAN","TIPE_2":"KLINIK","TIPE_3":"TUKANG GIGI","TELEPON":"0815-6892-342","ALAMAT":"DUSUN WARAS, RW31 JL. PANGGUNGSARI NO.RT 01, PANGGUNG SARI, SARIHARJO, KEC. NGAGLIK, KABUPATEN SLEMAN, DAERAH ISTIMEWA YOGYAKARTA 55581","ID_PROV":"34","PROVINSI":"DAERAH ISTIMEWA YOGYAKARTA","ID_KABKOT":"34.04","KABKOT":"SLEMAN","ID_KEC":"34.04.12","KECAMATAN":"NGAGLIK","ID_DESA":"34.04.12.2001","DESA":"SARIHARJO","LONGITUDE":110.3680898,"LATITUDE":-7.7412172,"STATUS":"BUKA","TANGGAL PENGUMPULAN":"Q1 2024","TANGGAL UPDATE":"28/02/2025"}},{"type":"Feature","geometry":{"coordinates":[110.3188527,-7.7310393],"type":"Point"},"properties":{"NAMA":"PRAKTEK DOKTER GIGI RH DENTAL 2","TIPE_1":"KESEHATAN DAN PENGOBATAN","TIPE_2":"PRAKTIK DOKTER SPESIALIS","TIPE_3":"DOKTER GIGI","TELEPON":"0812-9338-6161","ALAMAT":"DEPAN INGKUNG MBAK SRI, JL. KEBON AGUNG NO.16, BEDINGIN, SUMBERADI, KEC. MLATI, KABUPATEN SLEMAN, DAERAH ISTIMEWA YOGYAKARTA 55288","ID_PROV":"34","PROVINSI":"DAERAH ISTIMEWA YOGYAKARTA","ID_KABKOT":"34.04","KABKOT":"SLEMAN","ID_KEC":"34.04.06","KECAMATAN":"MLATI","ID_DESA":"34.04.06.2005","DESA":"SUMBERADI","LONGITUDE":110.3188527,"LATITUDE":-7.7310393,"STATUS":"BUKA","TANGGAL PENGUMPULAN":"Q1 2024","TANGGAL UPDATE":"28/02/2025"}},{"type":"Feature","geometry":{"coordinates":[110.2669012,-7.7241595],"type":"Point"},"properties":{"NAMA":"KLINIK ZORA DENTAL, DRG. MIRA ZORAYA","TIPE_1":"KESEHATAN DAN PENGOBATAN","TIPE_2":"PRAKTIK DOKTER SPESIALIS","TIPE_3":"DOKTER GIGI","TELEPON":"0822-6008-4400","ALAMAT":"TOBAYAN, SENDANGREJO, KEC. MINGGIR, KABUPATEN SLEMAN, DAERAH ISTIMEWA YOGYAKARTA","ID_PROV":"34","PROVINSI":"DAERAH ISTIMEWA YOGYAKARTA","ID_KABKOT":"34.04","KABKOT":"SLEMAN","ID_KEC":"34.04.04","KECAMATAN":"MINGGIR","ID_DESA":"34.04.04.2005","DESA":"SENDANGREJO","LONGITUDE":110.2669012,"LATITUDE":-7.7241595,"STATUS":"BUKA","TANGGAL PENGUMPULAN":"Q1 2024","TANGGAL UPDATE":"28/02/2025"}},{"type":"Feature","geometry":{"coordinates":[110.2695887,-7.715823],"type":"Point"},"properties":{"NAMA":"DOKTER PRAKTEK UMUM DR AYU WIKAN HELMANU","TIPE_1":"KESEHATAN DAN PENGOBATAN","TIPE_2":"PRAKTIK DOKTER SPESIALIS","TIPE_3":"DOKTER GIGI","TELEPON":"0821-3597-2125","ALAMAT":"JL. NGEPRINGAN IV, NGEPRINGAN 4, SENDANGREJO, KEC. MINGGIR, KABUPATEN SLEMAN, DAERAH ISTIMEWA YOGYAKARTA 55562","ID_PROV":"34","PROVINSI":"DAERAH ISTIMEWA YOGYAKARTA","ID_KABKOT":"34.04","KABKOT":"SLEMAN","ID_KEC":"34.04.04","KECAMATAN":"MINGGIR","ID_DESA":"34.04.04.2005","DESA":"SENDANGREJO","LONGITUDE":110.2695887,"LATITUDE":-7.715823,"STATUS":"BUKA","TANGGAL PENGUMPULAN":"Q1 2024","TANGGAL UPDATE":"28/02/2025"}},{"type":"Feature","geometry":{"coordinates":[110.2803373,-7.7262849],"type":"Point"},"properties":{"NAMA":"PRAKTEK DOKTER GIGI DRG. UMI","TIPE_1":"KESEHATAN DAN PENGOBATAN","TIPE_2":"PRAKTIK DOKTER SPESIALIS","TIPE_3":"DOKTER GIGI","TELEPON":"0812-2961-265","ALAMAT":"UNNAMED ROAD, NGLENGKING, SENDANGREJO, KEC. MINGGIR, KABUPATEN SLEMAN, DAERAH ISTIMEWA YOGYAKARTA 55562","ID_PROV":"34","PROVINSI":"DAERAH ISTIMEWA YOGYAKARTA","ID_KABKOT":"34.04","KABKOT":"SLEMAN","ID_KEC":"34.04.05","KECAMATAN":"SEYEGAN","ID_DESA":"34.04.05.2003","DESA":"MARGOKATON","LONGITUDE":110.2803373,"LATITUDE":-7.7262849,"STATUS":"BUKA","TANGGAL PENGUMPULAN":"Q1 2024","TANGGAL UPDATE":"28/02/2025"}},{"type":"Feature","geometry":{"coordinates":[110.3808334,-7.7374695],"type":"Point"},"properties":{"NAMA":"DRG. TITUS ANDY KURNIA, MDSC, SPKGA & DRG. RESKHA RACHMANTA","TIPE_1":"KESEHATAN DAN PENGOBATAN","TIPE_2":"PRAKTIK DOKTER SPESIALIS","TIPE_3":"DOKTER GIGI","TELEPON":"0898-7399-191","ALAMAT":"JL. NGLEMPONG SARI NO.153 D, WONOREJO, SARIHARJO, KEC. NGAGLIK, KABUPATEN SLEMAN, DAERAH ISTIMEWA YOGYAKARTA 55581","ID_PROV":"34","PROVINSI":"DAERAH ISTIMEWA YOGYAKARTA","ID_KABKOT":"34.04","KABKOT":"SLEMAN","ID_KEC":"34.04.12","KECAMATAN":"NGAGLIK","ID_DESA":"34.04.12.2001","DESA":"SARIHARJO","LONGITUDE":110.3808334,"LATITUDE":-7.7374695,"STATUS":"BUKA","TANGGAL PENGUMPULAN":"Q1 2024","TANGGAL UPDATE":"28/02/2025"}},{"type":"Feature","geometry":{"coordinates":[110.4049155,-7.6993326],"type":"Point"},"properties":{"NAMA":"DRG.ISA DHARMAWIDJAJA, M.KES","TIPE_1":"KESEHATAN DAN PENGOBATAN","TIPE_2":"PRAKTIK DOKTER SPESIALIS","TIPE_3":"DOKTER GIGI","TELEPON":"0895-4135-99488","ALAMAT":"TUREN, SARDONOHARJO, KEC. NGAGLIK, KABUPATEN SLEMAN, DAERAH ISTIMEWA YOGYAKARTA 55581","ID_PROV":"34","PROVINSI":"DAERAH ISTIMEWA YOGYAKARTA","ID_KABKOT":"34.04","KABKOT":"SLEMAN","ID_KEC":"34.04.12","KECAMATAN":"NGAGLIK","ID_DESA":"34.04.12.2005","DESA":"SARDONOHARJO","LONGITUDE":110.4049155,"LATITUDE":-7.6993326,"STATUS":"BUKA","TANGGAL PENGUMPULAN":"Q1 2024","TANGGAL UPDATE":"28/02/2025"}},{"type":"Feature","geometry":{"coordinates":[110.40392,-7.720614],"type":"Point"},"properties":{"NAMA":"TUKANG GIGI AMEL DENTAL","TIPE_1":"KESEHATAN DAN PENGOBATAN","TIPE_2":"KLINIK","TIPE_3":"TUKANG GIGI","TELEPON":"0815-7889-1282","ALAMAT":"JL. BIMA, DENTAN, SINDUHARJO, KEC. NGAGLIK, KABUPATEN SLEMAN, DAERAH ISTIMEWA YOGYAKARTA 55581","ID_PROV":"34","PROVINSI":"DAERAH ISTIMEWA YOGYAKARTA","ID_KABKOT":"34.04","KABKOT":"SLEMAN","ID_KEC":"34.04.12","KECAMATAN":"NGAGLIK","ID_DESA":"34.04.12.2003","DESA":"SINDUHARJO","LONGITUDE":110.40392,"LATITUDE":-7.720614,"STATUS":"BUKA","TANGGAL PENGUMPULAN":"Q1 2024","TANGGAL UPDATE":"28/02/2025"}},{"type":"Feature","geometry":{"coordinates":[110.3898823,-7.7337278],"type":"Point"},"properties":{"NAMA":"DOKTER GIGI HENDRI SUSANTO","TIPE_1":"KESEHATAN DAN PENGOBATAN","TIPE_2":"PRAKTIK DOKTER SPESIALIS","TIPE_3":"DOKTER GIGI","TELEPON":"(0274) 9118575","ALAMAT":"JL. DAMAI, BANTENG, SINDUHARJO, KEC. NGAGLIK, KABUPATEN SLEMAN, DAERAH ISTIMEWA YOGYAKARTA 55581","ID_PROV":"34","PROVINSI":"DAERAH ISTIMEWA YOGYAKARTA","ID_KABKOT":"34.04","KABKOT":"SLEMAN","ID_KEC":"34.04.12","KECAMATAN":"NGAGLIK","ID_DESA":"34.04.12.2003","DESA":"SINDUHARJO","LONGITUDE":110.3898823,"LATITUDE":-7.7337278,"STATUS":"BUKA","TANGGAL PENGUMPULAN":"Q1 2024","TANGGAL UPDATE":"28/02/2025"}},{"type":"Feature","geometry":{"coordinates":[110.3771203,-7.7359583],"type":"Point"},"properties":{"NAMA":"DENTAL CLINIC DRG. PURNAMI APRIATI H","TIPE_1":"KESEHATAN DAN PENGOBATAN","TIPE_2":"PRAKTIK DOKTER SPESIALIS","TIPE_3":"DOKTER GIGI","TELEPON":"0851-0359-3100","ALAMAT":"JL. PALAGAN TENTARA PELAJAR NO.203 C, RW.21, MUDAL, SARIHARJO, KEC. NGAGLIK, KABUPATEN SLEMAN, DAERAH ISTIMEWA YOGYAKARTA 55581","ID_PROV":"34","PROVINSI":"DAERAH ISTIMEWA YOGYAKARTA","ID_KABKOT":"34.04","KABKOT":"SLEMAN","ID_KEC":"34.04.12","KECAMATAN":"NGAGLIK","ID_DESA":"34.04.12.2001","DESA":"SARIHARJO","LONGITUDE":110.3771203,"LATITUDE":-7.7359583,"STATUS":"BUKA","TANGGAL PENGUMPULAN":"Q1 2024","TANGGAL UPDATE":"28/02/2025"}},{"type":"Feature","geometry":{"coordinates":[110.4270175,-7.7042793],"type":"Point"},"properties":{"NAMA":"AHLI GIGI JAYA DENTAL","TIPE_1":"KESEHATAN DAN PENGOBATAN","TIPE_2":"KLINIK","TIPE_3":"TUKANG GIGI","TELEPON":"0852-3589-1388","ALAMAT":"JL. BESI JANGKANG, BESI, SUKOHARJO, KEC. NGAGLIK, KABUPATEN SLEMAN, DAERAH ISTIMEWA YOGYAKARTA 55581","ID_PROV":"34","PROVINSI":"DAERAH ISTIMEWA YOGYAKARTA","ID_KABKOT":"34.04","KABKOT":"SLEMAN","ID_KEC":"34.04.12","KECAMATAN":"NGAGLIK","ID_DESA":"34.04.12.2004","DESA":"SUKOHARJO","LONGITUDE":110.4270175,"LATITUDE":-7.7042793,"STATUS":"BUKA","TANGGAL PENGUMPULAN":"Q1 2024","TANGGAL UPDATE":"28/02/2025"}},{"type":"Feature","geometry":{"coordinates":[110.371608,-7.7505341],"type":"Point"},"properties":{"NAMA":"DRG. ANASTASIA KUNTARINI","TIPE_1":"KESEHATAN DAN PENGOBATAN","TIPE_2":"PRAKTIK DOKTER SPESIALIS","TIPE_3":"DOKTER GIGI","TELEPON":"","ALAMAT":"JL. PALAGAN TENTARA PELAJAR NO.113A, SUMBERAN, SARIHARJO, KEC. NGAGLIK, KABUPATEN SLEMAN, DAERAH ISTIMEWA YOGYAKARTA 55581","ID_PROV":"34","PROVINSI":"DAERAH ISTIMEWA YOGYAKARTA","ID_KABKOT":"34.04","KABKOT":"SLEMAN","ID_KEC":"34.04.12","KECAMATAN":"NGAGLIK","ID_DESA":"34.04.12.2001","DESA":"SARIHARJO","LONGITUDE":110.371608,"LATITUDE":-7.7505341,"STATUS":"BUKA","TANGGAL PENGUMPULAN":"Q1 2024","TANGGAL UPDATE":"28/02/2025"}},{"type":"Feature","geometry":{"coordinates":[110.3977391,-7.7276865],"type":"Point"},"properties":{"NAMA":"DRG HANDOKO SPKG","TIPE_1":"KESEHATAN DAN PENGOBATAN","TIPE_2":"PRAKTIK DOKTER SPESIALIS","TIPE_3":"DOKTER GIGI","TELEPON":"0813-2839-8789","ALAMAT":"PERUMAHAN PESONA MENTARI, JL. KALIURANG NO.KM 9 BLOK G NO.4, RW.3, GONDANGAN, SINDUHARJO, KEC. NGAGLIK, KABUPATEN SLEMAN, DAERAH ISTIMEWA YOGYAKARTA 55581","ID_PROV":"34","PROVINSI":"DAERAH ISTIMEWA YOGYAKARTA","ID_KABKOT":"34.04","KABKOT":"SLEMAN","ID_KEC":"34.04.12","KECAMATAN":"NGAGLIK","ID_DESA":"34.04.12.2003","DESA":"SINDUHARJO","LONGITUDE":110.3977391,"LATITUDE":-7.7276865,"STATUS":"BUKA","TANGGAL PENGUMPULAN":"Q1 2024","TANGGAL UPDATE":"28/02/2025"}},{"type":"Feature","geometry":{"coordinates":[110.36097,-7.7615505],"type":"Point"},"properties":{"NAMA":"PRAKTEK DOKTER GIGI DRG. DEWI WIDOWATI","TIPE_1":"KESEHATAN DAN PENGOBATAN","TIPE_2":"PRAKTIK DOKTER SPESIALIS","TIPE_3":"DOKTER GIGI","TELEPON":"0858-0101-5899","ALAMAT":"JL. MAGELANG NO.KM 5, RT.04/RW.17, KUTU ASEM, SINDUADI, KEC. MLATI, KABUPATEN SLEMAN, DAERAH ISTIMEWA YOGYAKARTA 55284","ID_PROV":"34","PROVINSI":"DAERAH ISTIMEWA YOGYAKARTA","ID_KABKOT":"34.04","KABKOT":"SLEMAN","ID_KEC":"34.04.06","KECAMATAN":"MLATI","ID_DESA":"34.04.06.2001","DESA":"SINDUADI","LONGITUDE":110.36097,"LATITUDE":-7.7615505,"STATUS":"BUKA","TANGGAL PENGUMPULAN":"Q1 2024","TANGGAL UPDATE":"28/02/2025"}},{"type":"Feature","geometry":{"coordinates":[110.3850566,-7.6393252],"type":"Point"},"properties":{"NAMA":"PRAKTEK DOKTER GIGI DRG.LIANA PUTRI SUSANTI","TIPE_1":"KESEHATAN DAN PENGOBATAN","TIPE_2":"PRAKTIK DOKTER SPESIALIS","TIPE_3":"DOKTER GIGI","TELEPON":"","ALAMAT":"DALEMAN, GIRIKERTO, KEC. TURI, KABUPATEN SLEMAN, DAERAH ISTIMEWA YOGYAKARTA","ID_PROV":"34","PROVINSI":"DAERAH ISTIMEWA YOGYAKARTA","ID_KABKOT":"34.04","KABKOT":"SLEMAN","ID_KEC":"34.04.15","KECAMATAN":"TURI","ID_DESA":"34.04.15.2003","DESA":"GIRIKERTO","LONGITUDE":110.3850566,"LATITUDE":-7.6393252,"STATUS":"BUKA","TANGGAL PENGUMPULAN":"Q1 2024","TANGGAL UPDATE":"28/02/2025"}},{"type":"Feature","geometry":{"coordinates":[110.407254,-7.736756],"type":"Point"},"properties":{"NAMA":"DOKTER UMUM DR. FARIDA LAMSURI, M. KES","TIPE_1":"KESEHATAN DAN PENGOBATAN","TIPE_2":"PRAKTIK DOKTER SPESIALIS","TIPE_3":"DOKTER GIGI","TELEPON":"(0274) 886869","ALAMAT":"JL. PLOSOKUNING RAYA, PLOSO KUNING IV, MINOMARTANI, KEC. NGAGLIK, KABUPATEN SLEMAN, DAERAH ISTIMEWA YOGYAKARTA 55581","ID_PROV":"34","PROVINSI":"DAERAH ISTIMEWA YOGYAKARTA","ID_KABKOT":"34.04","KABKOT":"SLEMAN","ID_KEC":"34.04.12","KECAMATAN":"NGAGLIK","ID_DESA":"34.04.12.2002","DESA":"MINOMARTANI","LONGITUDE":110.407254,"LATITUDE":-7.736756,"STATUS":"BUKA","TANGGAL PENGUMPULAN":"Q1 2024","TANGGAL UPDATE":"28/02/2025"}},{"type":"Feature","geometry":{"coordinates":[110.3873452,-7.7156728],"type":"Point"},"properties":{"NAMA":"PRAKTIK DRG RESI MANUA YASSA (JOGLO DENTAL CARE)","TIPE_1":"KESEHATAN DAN PENGOBATAN","TIPE_2":"PRAKTIK DOKTER SPESIALIS","TIPE_3":"DOKTER GIGI","TELEPON":"","ALAMAT":"JL. PELAJAR NO.537 B, WONOREJO, SARIHARJO, KEC. NGAGLIK, KABUPATEN SLEMAN, DAERAH ISTIMEWA YOGYAKARTA 55581","ID_PROV":"34","PROVINSI":"DAERAH ISTIMEWA YOGYAKARTA","ID_KABKOT":"34.04","KABKOT":"SLEMAN","ID_KEC":"34.04.12","KECAMATAN":"NGAGLIK","ID_DESA":"34.04.12.2001","DESA":"SARIHARJO","LONGITUDE":110.3873452,"LATITUDE":-7.7156728,"STATUS":"BUKA","TANGGAL PENGUMPULAN":"Q1 2024","TANGGAL UPDATE":"28/02/2025"}},{"type":"Feature","geometry":{"coordinates":[110.3525475,-7.652226],"type":"Point"},"properties":{"NAMA":"RATIH DENTAL CARE, DRG. RATIH INDRIASARI SUSKAMTO","TIPE_1":"KESEHATAN DAN PENGOBATAN","TIPE_2":"PRAKTIK DOKTER SPESIALIS","TIPE_3":"DOKTER GIGI","TELEPON":"0878-6114-0361","ALAMAT":"BANGUNHARJO, BANGUN KERTO, KEC. TURI, KABUPATEN SLEMAN, DAERAH ISTIMEWA YOGYAKARTA 55551","ID_PROV":"34","PROVINSI":"DAERAH ISTIMEWA YOGYAKARTA","ID_KABKOT":"34.04","KABKOT":"SLEMAN","ID_KEC":"34.04.15","KECAMATAN":"TURI","ID_DESA":"34.04.15.2001","DESA":"BANGUNKERTO","LONGITUDE":110.3525475,"LATITUDE":-7.652226,"STATUS":"BUKA","TANGGAL PENGUMPULAN":"Q1 2024","TANGGAL UPDATE":"28/02/2025"}},{"type":"Feature","geometry":{"coordinates":[110.3057696,-7.6739062],"type":"Point"},"properties":{"NAMA":"APOTEK FARAH FARMA","TIPE_1":"KESEHATAN DAN PENGOBATAN","TIPE_2":"APOTEK","TIPE_3":"-","TELEPON":"0877-1947-81111","ALAMAT":"GLAGAHOMBO, PONDOKREJO, KEC. TEMPEL, KABUPATEN SLEMAN, DAERAH ISTIMEWA YOGYAKARTA 55552","ID_PROV":"34","PROVINSI":"DAERAH ISTIMEWA YOGYAKARTA","ID_KABKOT":"34.04","KABKOT":"SLEMAN","ID_KEC":"34.04.14","KECAMATAN":"TEMPEL","ID_DESA":"34.04.14.2004","DESA":"PONDOKREJO","LONGITUDE":110.3057696,"LATITUDE":-7.6739062,"STATUS":"BUKA","TANGGAL PENGUMPULAN":"Q1 2024","TANGGAL UPDATE":"28/02/2025"}},{"type":"Feature","geometry":{"coordinates":[110.3261688,-7.6456898],"type":"Point"},"properties":{"NAMA":"APOTEK SYIFA","TIPE_1":"KESEHATAN DAN PENGOBATAN","TIPE_2":"APOTEK","TIPE_3":"-","TELEPON":"0878-3887-4529","ALAMAT":"JL. TEMPEL - TURI NO.KM. 0.5, KROMODANGSAN, LUMBUNGREJO, KEC. TEMPEL, KABUPATEN SLEMAN, DAERAH ISTIMEWA YOGYAKARTA 55552","ID_PROV":"34","PROVINSI":"DAERAH ISTIMEWA YOGYAKARTA","ID_KABKOT":"34.04","KABKOT":"SLEMAN","ID_KEC":"34.04.14","KECAMATAN":"TEMPEL","ID_DESA":"34.04.14.2007","DESA":"LUMBUNGREJO","LONGITUDE":110.3261688,"LATITUDE":-7.6456898,"STATUS":"BUKA","TANGGAL PENGUMPULAN":"Q1 2024","TANGGAL UPDATE":"28/02/2025"}},{"type":"Feature","geometry":{"coordinates":[110.3199654,-7.6835567],"type":"Point"},"properties":{"NAMA":"APOTEK CATURHARJO","TIPE_1":"KESEHATAN DAN PENGOBATAN","TIPE_2":"APOTEK","TIPE_3":"-","TELEPON":"","ALAMAT":"KLEBEN, CATURHARJO, KEC. SLEMAN, KABUPATEN SLEMAN, DAERAH ISTIMEWA YOGYAKARTA","ID_PROV":"34","PROVINSI":"DAERAH ISTIMEWA YOGYAKARTA","ID_KABKOT":"34.04","KABKOT":"SLEMAN","ID_KEC":"34.04.13","KECAMATAN":"SLEMAN","ID_DESA":"34.04.13.2001","DESA":"CATURHARJO","LONGITUDE":110.3199654,"LATITUDE":-7.6835567,"STATUS":"BUKA","TANGGAL PENGUMPULAN":"Q1 2024","TANGGAL UPDATE":"28/02/2025"}},{"type":"Feature","geometry":{"coordinates":[110.3392095,-7.6602519],"type":"Point"},"properties":{"NAMA":"APOTEK SHINA MEDIKA","TIPE_1":"KESEHATAN DAN PENGOBATAN","TIPE_2":"APOTEK","TIPE_3":"-","TELEPON":"0895-0977-7789","ALAMAT":"KADILUWIH, MARGOREJO, KEC. TEMPEL, KABUPATEN SLEMAN, DAERAH ISTIMEWA YOGYAKARTA 55552","ID_PROV":"34","PROVINSI":"DAERAH ISTIMEWA YOGYAKARTA","ID_KABKOT":"34.04","KABKOT":"SLEMAN","ID_KEC":"34.04.14","KECAMATAN":"TEMPEL","ID_DESA":"34.04.14.2006","DESA":"MARGOREJO","LONGITUDE":110.3392095,"LATITUDE":-7.6602519,"STATUS":"BUKA","TANGGAL PENGUMPULAN":"Q1 2024","TANGGAL UPDATE":"28/02/2025"}},{"type":"Feature","geometry":{"coordinates":[110.3436749,-7.7129704],"type":"Point"},"properties":{"NAMA":"APOTEK INDIKA","TIPE_1":"KESEHATAN DAN PENGOBATAN","TIPE_2":"APOTEK","TIPE_3":"-","TELEPON":"0812-2700-716","ALAMAT":"JL. KRT PRINGGODININGRAT, PATEN, TRIDADI, KEC. SLEMAN, KABUPATEN SLEMAN, DAERAH ISTIMEWA YOGYAKARTA 55511","ID_PROV":"34","PROVINSI":"DAERAH ISTIMEWA YOGYAKARTA","ID_KABKOT":"34.04","KABKOT":"SLEMAN","ID_KEC":"34.04.13","KECAMATAN":"SLEMAN","ID_DESA":"34.04.13.2003","DESA":"TRIDADI","LONGITUDE":110.3436749,"LATITUDE":-7.7129704,"STATUS":"BUKA","TANGGAL PENGUMPULAN":"Q1 2024","TANGGAL UPDATE":"28/02/2025"}},{"type":"Feature","geometry":{"coordinates":[110.328319,-7.6859716],"type":"Point"},"properties":{"NAMA":"APOTEK DHIFA FARMA","TIPE_1":"KESEHATAN DAN PENGOBATAN","TIPE_2":"APOTEK","TIPE_3":"-","TELEPON":"0851-0555-1155","ALAMAT":"JL. MEDARI - CEMORO, MALANGREJO, CATURHARJO, KEC. SLEMAN, KABUPATEN SLEMAN, DAERAH ISTIMEWA YOGYAKARTA 55515","ID_PROV":"34","PROVINSI":"DAERAH ISTIMEWA YOGYAKARTA","ID_KABKOT":"34.04","KABKOT":"SLEMAN","ID_KEC":"34.04.13","KECAMATAN":"SLEMAN","ID_DESA":"34.04.13.2001","DESA":"CATURHARJO","LONGITUDE":110.328319,"LATITUDE":-7.6859716,"STATUS":"BUKA","TANGGAL PENGUMPULAN":"Q1 2024","TANGGAL UPDATE":"28/02/2025"}},{"type":"Feature","geometry":{"coordinates":[110.3425413,-7.6888494],"type":"Point"},"properties":{"NAMA":"APOTEK UNISIA 24 MURANGAN","TIPE_1":"KESEHATAN DAN PENGOBATAN","TIPE_2":"APOTEK","TIPE_3":"-","TELEPON":"0811-2958-202","ALAMAT":"JL. MURANGAN VIII, PANGGERAN 8, TRIHARJO, KEC. SLEMAN, KABUPATEN SLEMAN, DAERAH ISTIMEWA YOGYAKARTA 55514","ID_PROV":"34","PROVINSI":"DAERAH ISTIMEWA YOGYAKARTA","ID_KABKOT":"34.04","KABKOT":"SLEMAN","ID_KEC":"34.04.13","KECAMATAN":"SLEMAN","ID_DESA":"34.04.13.2002","DESA":"TRIHARJO","LONGITUDE":110.3425413,"LATITUDE":-7.6888494,"STATUS":"BUKA","TANGGAL PENGUMPULAN":"Q1 2024","TANGGAL UPDATE":"28/02/2025"}},{"type":"Feature","geometry":{"coordinates":[110.3406675,-7.7003581],"type":"Point"},"properties":{"NAMA":"APOTEK ANISA SLEMAN","TIPE_1":"KESEHATAN DAN PENGOBATAN","TIPE_2":"APOTEK","TIPE_3":"-","TELEPON":"(0274) 6691038","ALAMAT":"JL. LETKOL SUBADRI NO.97, SLEMAN 3, TRIHARJO, KEC. SLEMAN, KABUPATEN SLEMAN, DAERAH ISTIMEWA YOGYAKARTA 55514","ID_PROV":"34","PROVINSI":"DAERAH ISTIMEWA YOGYAKARTA","ID_KABKOT":"34.04","KABKOT":"SLEMAN","ID_KEC":"34.04.13","KECAMATAN":"SLEMAN","ID_DESA":"34.04.13.2002","DESA":"TRIHARJO","LONGITUDE":110.3406675,"LATITUDE":-7.7003581,"STATUS":"BUKA","TANGGAL PENGUMPULAN":"Q1 2024","TANGGAL UPDATE":"28/02/2025"}},{"type":"Feature","geometry":{"coordinates":[110.3352338,-7.6991027],"type":"Point"},"properties":{"NAMA":"APOTEK FITRI","TIPE_1":"KESEHATAN DAN PENGOBATAN","TIPE_2":"APOTEK","TIPE_3":"-","TELEPON":"(0274) 866775","ALAMAT":"JL. LETKOL SUBADRI NO.90, CIMPLING, TRIHARJO, KEC. SLEMAN, KABUPATEN SLEMAN, DAERAH ISTIMEWA YOGYAKARTA 55514","ID_PROV":"34","PROVINSI":"DAERAH ISTIMEWA YOGYAKARTA","ID_KABKOT":"34.04","KABKOT":"SLEMAN","ID_KEC":"34.04.13","KECAMATAN":"SLEMAN","ID_DESA":"34.04.13.2002","DESA":"TRIHARJO","LONGITUDE":110.3352338,"LATITUDE":-7.6991027,"STATUS":"BUKA","TANGGAL PENGUMPULAN":"Q1 2024","TANGGAL UPDATE":"28/02/2025"}},{"type":"Feature","geometry":{"coordinates":[110.344673,-7.7010879],"type":"Point"},"properties":{"NAMA":"APOTEK GEMILANG","TIPE_1":"KESEHATAN DAN PENGOBATAN","TIPE_2":"APOTEK","TIPE_3":"-","TELEPON":"0851-2156-69704","ALAMAT":"JL. LETKOL SUBADRI NO.17, KALAKIJO, TRIHARJO, KEC. SLEMAN, KABUPATEN SLEMAN, DAERAH ISTIMEWA YOGYAKARTA 55514","ID_PROV":"34","PROVINSI":"DAERAH ISTIMEWA YOGYAKARTA","ID_KABKOT":"34.04","KABKOT":"SLEMAN","ID_KEC":"34.04.13","KECAMATAN":"SLEMAN","ID_DESA":"34.04.13.2002","DESA":"TRIHARJO","LONGITUDE":110.344673,"LATITUDE":-7.7010879,"STATUS":"BUKA","TANGGAL PENGUMPULAN":"Q1 2024","TANGGAL UPDATE":"28/02/2025"}},{"type":"Feature","geometry":{"coordinates":[110.344772,-7.693574],"type":"Point"},"properties":{"NAMA":"OBAT PERKASA","TIPE_1":"KESEHATAN DAN PENGOBATAN","TIPE_2":"APOTEK","TIPE_3":"-","TELEPON":"","ALAMAT":"KRAPYAK, TRIHARJO, KEC. SLEMAN, KABUPATEN SLEMAN, DAERAH ISTIMEWA YOGYAKARTA","ID_PROV":"34","PROVINSI":"DAERAH ISTIMEWA YOGYAKARTA","ID_KABKOT":"34.04","KABKOT":"SLEMAN","ID_KEC":"34.04.13","KECAMATAN":"SLEMAN","ID_DESA":"34.04.13.2002","DESA":"TRIHARJO","LONGITUDE":110.344772,"LATITUDE":-7.693574,"STATUS":"BUKA","TANGGAL PENGUMPULAN":"Q1 2024","TANGGAL UPDATE":"28/02/2025"}},{"type":"Feature","geometry":{"coordinates":[110.3366935,-7.6760521],"type":"Point"},"properties":{"NAMA":"INDOSWAN PHARMACY","TIPE_1":"KESEHATAN DAN PENGOBATAN","TIPE_2":"APOTEK","TIPE_3":"-","TELEPON":"0858-5011-6695","ALAMAT":"JL. MAGELANG NO.92, NGANGKRUK, CATURHARJO, KEC. SLEMAN, KABUPATEN SLEMAN, DAERAH ISTIMEWA YOGYAKARTA 55515","ID_PROV":"34","PROVINSI":"DAERAH ISTIMEWA YOGYAKARTA","ID_KABKOT":"34.04","KABKOT":"SLEMAN","ID_KEC":"34.04.13","KECAMATAN":"SLEMAN","ID_DESA":"34.04.13.2001","DESA":"CATURHARJO","LONGITUDE":110.3366935,"LATITUDE":-7.6760521,"STATUS":"BUKA","TANGGAL PENGUMPULAN":"Q1 2024","TANGGAL UPDATE":"28/02/2025"}},{"type":"Feature","geometry":{"coordinates":[110.2891031,-7.7007684],"type":"Point"},"properties":{"NAMA":"APOTEK FARAH FARMA","TIPE_1":"KESEHATAN DAN PENGOBATAN","TIPE_2":"APOTEK","TIPE_3":"-","TELEPON":"","ALAMAT":"JL. TEMPEL-DEKSO, BARONGAN, BANYUREJO, KEC. TEMPEL, KABUPATEN SLEMAN, DAERAH ISTIMEWA YOGYAKARTA 55552","ID_PROV":"34","PROVINSI":"DAERAH ISTIMEWA YOGYAKARTA","ID_KABKOT":"34.04","KABKOT":"SLEMAN","ID_KEC":"34.04.14","KECAMATAN":"TEMPEL","ID_DESA":"34.04.14.2001","DESA":"BANYUREJO","LONGITUDE":110.2891031,"LATITUDE":-7.7007684,"STATUS":"BUKA","TANGGAL PENGUMPULAN":"Q1 2024","TANGGAL UPDATE":"28/02/2025"}},{"type":"Feature","geometry":{"coordinates":[110.3390166,-7.6821925],"type":"Point"},"properties":{"NAMA":"KANTOR DPD PPDI DIY","TIPE_1":"KESEHATAN DAN PENGOBATAN","TIPE_2":"APOTEK","TIPE_3":"-","TELEPON":"0812-2736-908","ALAMAT":"JL. MAGELANG KM 14 MEDARI, GANJURAN, CATURHARJO, KEC. SLEMAN, KABUPATEN SLEMAN, DAERAH ISTIMEWA YOGYAKARTA 55515","ID_PROV":"34","PROVINSI":"DAERAH ISTIMEWA YOGYAKARTA","ID_KABKOT":"34.04","KABKOT":"SLEMAN","ID_KEC":"34.04.13","KECAMATAN":"SLEMAN","ID_DESA":"34.04.13.2001","DESA":"CATURHARJO","LONGITUDE":110.3390166,"LATITUDE":-7.6821925,"STATUS":"BUKA","TANGGAL PENGUMPULAN":"Q1 2024","TANGGAL UPDATE":"28/02/2025"}},{"type":"Feature","geometry":{"coordinates":[110.3544252,-7.6695169],"type":"Point"},"properties":{"NAMA":"PAK DUKUH KLELEN","TIPE_1":"KESEHATAN DAN PENGOBATAN","TIPE_2":"APOTEK","TIPE_3":"-","TELEPON":"","ALAMAT":"KLOLER, TRIMULYO, KEC. SLEMAN, KABUPATEN SLEMAN, DAERAH ISTIMEWA YOGYAKARTA 55513","ID_PROV":"34","PROVINSI":"DAERAH ISTIMEWA YOGYAKARTA","ID_KABKOT":"34.04","KABKOT":"SLEMAN","ID_KEC":"34.04.13","KECAMATAN":"SLEMAN","ID_DESA":"34.04.13.2005","DESA":"TRIMULYO","LONGITUDE":110.3544252,"LATITUDE":-7.6695169,"STATUS":"BUKA","TANGGAL PENGUMPULAN":"Q1 2024","TANGGAL UPDATE":"28/02/2025"}},{"type":"Feature","geometry":{"coordinates":[110.3418384,-7.6912326],"type":"Point"},"properties":{"NAMA":"PT. RELSA INDONESIA JAYA","TIPE_1":"KESEHATAN DAN PENGOBATAN","TIPE_2":"APOTEK","TIPE_3":"-","TELEPON":"(0274) 2883579","ALAMAT":"JL. PURNAJA, PANGGERAN 8, TRIHARJO, KEC. SLEMAN, KABUPATEN SLEMAN, DAERAH ISTIMEWA YOGYAKARTA 55514","ID_PROV":"34","PROVINSI":"DAERAH ISTIMEWA YOGYAKARTA","ID_KABKOT":"34.04","KABKOT":"SLEMAN","ID_KEC":"34.04.13","KECAMATAN":"SLEMAN","ID_DESA":"34.04.13.2002","DESA":"TRIHARJO","LONGITUDE":110.3418384,"LATITUDE":-7.6912326,"STATUS":"BUKA","TANGGAL PENGUMPULAN":"Q1 2024","TANGGAL UPDATE":"28/02/2025"}},{"type":"Feature","geometry":{"coordinates":[110.3452832,-7.6944319],"type":"Point"},"properties":{"NAMA":"PUSAT PROPOLIS SLEMAN","TIPE_1":"KESEHATAN DAN PENGOBATAN","TIPE_2":"APOTEK","TIPE_3":"-","TELEPON":"(0274) 868848","ALAMAT":"KRAPYAK, TRIHARJO, KEC. SLEMAN, KABUPATEN SLEMAN, DAERAH ISTIMEWA YOGYAKARTA 55514","ID_PROV":"34","PROVINSI":"DAERAH ISTIMEWA YOGYAKARTA","ID_KABKOT":"34.04","KABKOT":"SLEMAN","ID_KEC":"34.04.13","KECAMATAN":"SLEMAN","ID_DESA":"34.04.13.2002","DESA":"TRIHARJO","LONGITUDE":110.3452832,"LATITUDE":-7.6944319,"STATUS":"BUKA","TANGGAL PENGUMPULAN":"Q1 2024","TANGGAL UPDATE":"28/02/2025"}},{"type":"Feature","geometry":{"coordinates":[110.308844,-7.7016601],"type":"Point"},"properties":{"NAMA":"MERAPI FARMA HERBAL","TIPE_1":"KESEHATAN DAN PENGOBATAN","TIPE_2":"APOTEK","TIPE_3":"-","TELEPON":"","ALAMAT":"NGINOGONDANG, MARGOAGUNG, KEC. SEYEGAN, KABUPATEN SLEMAN, DAERAH ISTIMEWA YOGYAKARTA","ID_PROV":"34","PROVINSI":"DAERAH ISTIMEWA YOGYAKARTA","ID_KABKOT":"34.04","KABKOT":"SLEMAN","ID_KEC":"34.04.05","KECAMATAN":"SEYEGAN","ID_DESA":"34.04.05.2005","DESA":"MARGOAGUNG","LONGITUDE":110.308844,"LATITUDE":-7.7016601,"STATUS":"BUKA","TANGGAL PENGUMPULAN":"Q1 2024","TANGGAL UPDATE":"28/02/2025"}},{"type":"Feature","geometry":{"coordinates":[110.3487443,-7.700869],"type":"Point"},"properties":{"NAMA":"APOTEK ASTHAR FARMA","TIPE_1":"KESEHATAN DAN PENGOBATAN","TIPE_2":"APOTEK","TIPE_3":"-","TELEPON":"0817-0420-530","ALAMAT":"JALAN RINGROAD BARAT, WADAS, TRIDADI, KEC. SLEMAN, KABUPATEN SLEMAN, DAERAH ISTIMEWA YOGYAKARTA 55511","ID_PROV":"34","PROVINSI":"DAERAH ISTIMEWA YOGYAKARTA","ID_KABKOT":"34.04","KABKOT":"SLEMAN","ID_KEC":"34.04.13","KECAMATAN":"SLEMAN","ID_DESA":"34.04.13.2003","DESA":"TRIDADI","LONGITUDE":110.3487443,"LATITUDE":-7.700869,"STATUS":"BUKA","TANGGAL PENGUMPULAN":"Q1 2024","TANGGAL UPDATE":"28/02/2025"}},{"type":"Feature","geometry":{"coordinates":[110.2987301,-7.6845673],"type":"Point"},"properties":{"NAMA":"APOTEK MORANGAN SEJAHTERA","TIPE_1":"KESEHATAN DAN PENGOBATAN","TIPE_2":"APOTEK","TIPE_3":"-","TELEPON":"0811-2648-682","ALAMAT":"JL. TEMPEL-DEKSO NO.KM5, AREA SAWAH, TAMBAKREJO, KEC. TEMPEL, KABUPATEN SLEMAN, DAERAH ISTIMEWA YOGYAKARTA 55552","ID_PROV":"34","PROVINSI":"DAERAH ISTIMEWA YOGYAKARTA","ID_KABKOT":"34.04","KABKOT":"SLEMAN","ID_KEC":"34.04.14","KECAMATAN":"TEMPEL","ID_DESA":"34.04.14.2002","DESA":"TAMBAKREJO","LONGITUDE":110.2987301,"LATITUDE":-7.6845673,"STATUS":"BUKA","TANGGAL PENGUMPULAN":"Q1 2024","TANGGAL UPDATE":"28/02/2025"}},{"type":"Feature","geometry":{"coordinates":[110.3214925,-7.6938032],"type":"Point"},"properties":{"NAMA":"APOTEK KILLA FARMA","TIPE_1":"KESEHATAN DAN PENGOBATAN","TIPE_2":"APOTEK","TIPE_3":"-","TELEPON":"0877-4226-3221","ALAMAT":"RT.02/RW.31, NGEMPLAK, CATURHARJO, KEC. SLEMAN, KABUPATEN SLEMAN, DAERAH ISTIMEWA YOGYAKARTA 55515","ID_PROV":"34","PROVINSI":"DAERAH ISTIMEWA YOGYAKARTA","ID_KABKOT":"34.04","KABKOT":"SLEMAN","ID_KEC":"34.04.13","KECAMATAN":"SLEMAN","ID_DESA":"34.04.13.2001","DESA":"CATURHARJO","LONGITUDE":110.3214925,"LATITUDE":-7.6938032,"STATUS":"BUKA","TANGGAL PENGUMPULAN":"Q1 2024","TANGGAL UPDATE":"28/02/2025"}},{"type":"Feature","geometry":{"coordinates":[110.4348843,-7.7327809],"type":"Point"},"properties":{"NAMA":"APOTEK NUR-SYIFA","TIPE_1":"KESEHATAN DAN PENGOBATAN","TIPE_2":"APOTEK","TIPE_3":"-","TELEPON":"","ALAMAT":"GONDANG LEGI, WEDOMARTANI, KEC. NGEMPLAK, KABUPATEN SLEMAN, DAERAH ISTIMEWA YOGYAKARTA","ID_PROV":"34","PROVINSI":"DAERAH ISTIMEWA YOGYAKARTA","ID_KABKOT":"34.04","KABKOT":"SLEMAN","ID_KEC":"34.04.11","KECAMATAN":"NGEMPLAK","ID_DESA":"34.04.11.2004","DESA":"WEDOMARTANI","LONGITUDE":110.4348843,"LATITUDE":-7.7327809,"STATUS":"BUKA","TANGGAL PENGUMPULAN":"Q1 2024","TANGGAL UPDATE":"28/02/2025"}},{"type":"Feature","geometry":{"coordinates":[110.3100457,-7.7235856],"type":"Point"},"properties":{"NAMA":"MRIYAN X","TIPE_1":"KESEHATAN DAN PENGOBATAN","TIPE_2":"APOTEK","TIPE_3":"-","TELEPON":"","ALAMAT":"MRIYAN KULON, MARGOMULYO, KEC. SEYEGAN, KABUPATEN SLEMAN, DAERAH ISTIMEWA YOGYAKARTA 55561","ID_PROV":"34","PROVINSI":"DAERAH ISTIMEWA YOGYAKARTA","ID_KABKOT":"34.04","KABKOT":"SLEMAN","ID_KEC":"34.04.05","KECAMATAN":"SEYEGAN","ID_DESA":"34.04.05.2004","DESA":"MARGOMULYO","LONGITUDE":110.3100457,"LATITUDE":-7.7235856,"STATUS":"BUKA","TANGGAL PENGUMPULAN":"Q1 2024","TANGGAL UPDATE":"28/02/2025"}},{"type":"Feature","geometry":{"coordinates":[110.2977733,-7.7044148],"type":"Point"},"properties":{"NAMA":"APOTEK BUMY MEDIKA","TIPE_1":"KESEHATAN DAN PENGOBATAN","TIPE_2":"APOTEK","TIPE_3":"-","TELEPON":"0895-4012-48484","ALAMAT":"JL. TEMPEL-DEKSO, RT.07/RW.09MARGOAGUNG, KARANG GENDEK, BANYUURIP, KEC. SEYEGAN, KABUPATEN SLEMAN, DAERAH ISTIMEWA YOGYAKARTA 55561","ID_PROV":"34","PROVINSI":"DAERAH ISTIMEWA YOGYAKARTA","ID_KABKOT":"34.04","KABKOT":"SLEMAN","ID_KEC":"34.04.05","KECAMATAN":"SEYEGAN","ID_DESA":"34.04.05.2005","DESA":"MARGOAGUNG","LONGITUDE":110.2977733,"LATITUDE":-7.7044148,"STATUS":"BUKA","TANGGAL PENGUMPULAN":"Q1 2024","TANGGAL UPDATE":"28/02/2025"}},{"type":"Feature","geometry":{"coordinates":[110.3013846,-7.7063264],"type":"Point"},"properties":{"NAMA":"APOTEK MARGOAGUNG","TIPE_1":"KESEHATAN DAN PENGOBATAN","TIPE_2":"APOTEK","TIPE_3":"-","TELEPON":"0856-4342-7371","ALAMAT":"KRAPYAK, MARGOAGUNG, KEC. SEYEGAN, KABUPATEN SLEMAN, DAERAH ISTIMEWA YOGYAKARTA 55561","ID_PROV":"34","PROVINSI":"DAERAH ISTIMEWA YOGYAKARTA","ID_KABKOT":"34.04","KABKOT":"SLEMAN","ID_KEC":"34.04.05","KECAMATAN":"SEYEGAN","ID_DESA":"34.04.05.2005","DESA":"MARGOAGUNG","LONGITUDE":110.3013846,"LATITUDE":-7.7063264,"STATUS":"BUKA","TANGGAL PENGUMPULAN":"Q1 2024","TANGGAL UPDATE":"28/02/2025"}},{"type":"Feature","geometry":{"coordinates":[110.3023876,-7.7385639],"type":"Point"},"properties":{"NAMA":"PRODUKSI JAMU JAWA WASIAT IBU","TIPE_1":"KESEHATAN DAN PENGOBATAN","TIPE_2":"APOTEK","TIPE_3":"-","TELEPON":"","ALAMAT":"KADIPIRO, MARGODADI, KEC. SEYEGAN, KABUPATEN SLEMAN, DAERAH ISTIMEWA YOGYAKARTA 55561","ID_PROV":"34","PROVINSI":"DAERAH ISTIMEWA YOGYAKARTA","ID_KABKOT":"34.04","KABKOT":"SLEMAN","ID_KEC":"34.04.05","KECAMATAN":"SEYEGAN","ID_DESA":"34.04.05.2002","DESA":"MARGODADI","LONGITUDE":110.3023876,"LATITUDE":-7.7385639,"STATUS":"BUKA","TANGGAL PENGUMPULAN":"Q1 2024","TANGGAL UPDATE":"28/02/2025"}},{"type":"Feature","geometry":{"coordinates":[110.2988127,-7.7047784],"type":"Point"},"properties":{"NAMA":"JAMU BISMA SEHAT","TIPE_1":"KESEHATAN DAN PENGOBATAN","TIPE_2":"APOTEK","TIPE_3":"-","TELEPON":"","ALAMAT":"JL. TEMPEL-DEKSO, JETIS, MARGOAGUNG, KEC. SEYEGAN, KABUPATEN SLEMAN, DAERAH ISTIMEWA YOGYAKARTA 55561","ID_PROV":"34","PROVINSI":"DAERAH ISTIMEWA YOGYAKARTA","ID_KABKOT":"34.04","KABKOT":"SLEMAN","ID_KEC":"34.04.05","KECAMATAN":"SEYEGAN","ID_DESA":"34.04.05.2005","DESA":"MARGOAGUNG","LONGITUDE":110.2988127,"LATITUDE":-7.7047784,"STATUS":"BUKA","TANGGAL PENGUMPULAN":"Q1 2024","TANGGAL UPDATE":"28/02/2025"}},{"type":"Feature","geometry":{"coordinates":[110.3022219,-7.7195792],"type":"Point"},"properties":{"NAMA":"APOTEK ATMAKA MEDIKA","TIPE_1":"KESEHATAN DAN PENGOBATAN","TIPE_2":"APOTEK","TIPE_3":"-","TELEPON":"0813-2622-6202","ALAMAT":"PETE, MARGODADI, KEC. SEYEGAN, KABUPATEN SLEMAN, DAERAH ISTIMEWA YOGYAKARTA 55561","ID_PROV":"34","PROVINSI":"DAERAH ISTIMEWA YOGYAKARTA","ID_KABKOT":"34.04","KABKOT":"SLEMAN","ID_KEC":"34.04.05","KECAMATAN":"SEYEGAN","ID_DESA":"34.04.05.2003","DESA":"MARGOKATON","LONGITUDE":110.3022219,"LATITUDE":-7.7195792,"STATUS":"BUKA","TANGGAL PENGUMPULAN":"Q1 2024","TANGGAL UPDATE":"28/02/2025"}},{"type":"Feature","geometry":{"coordinates":[110.3066074,-7.7120304],"type":"Point"},"properties":{"NAMA":"APOTEK OZORA MEDIKA","TIPE_1":"KESEHATAN DAN PENGOBATAN","TIPE_2":"APOTEK","TIPE_3":"-","TELEPON":"0897-3404-334","ALAMAT":"JL. TEMPEL-SEYEGAN KRAPYAK VII, NGANGGRUNG, MARGOAGUNG, KEC. SEYEGAN, KABUPATEN SLEMAN, DAERAH ISTIMEWA YOGYAKARTA 55561","ID_PROV":"34","PROVINSI":"DAERAH ISTIMEWA YOGYAKARTA","ID_KABKOT":"34.04","KABKOT":"SLEMAN","ID_KEC":"34.04.05","KECAMATAN":"SEYEGAN","ID_DESA":"34.04.05.2005","DESA":"MARGOAGUNG","LONGITUDE":110.3066074,"LATITUDE":-7.7120304,"STATUS":"BUKA","TANGGAL PENGUMPULAN":"Q1 2024","TANGGAL UPDATE":"28/02/2025"}},{"type":"Feature","geometry":{"coordinates":[110.2833583,-7.809955],"type":"Point"},"properties":{"NAMA":"APOTEK PROGO FARMA","TIPE_1":"KESEHATAN DAN PENGOBATAN","TIPE_2":"APOTEK","TIPE_3":"-","TELEPON":"(0274) 6538722","ALAMAT":"JL. RAYA WATES - JOGJAKARTA NO.KM. 9, JATIPERENG, BALECATUR, KEC. GAMPING, KABUPATEN SLEMAN, DAERAH ISTIMEWA YOGYAKARTA 55295","ID_PROV":"34","PROVINSI":"DAERAH ISTIMEWA YOGYAKARTA","ID_KABKOT":"34.04","KABKOT":"SLEMAN","ID_KEC":"34.04.01","KECAMATAN":"GAMPING","ID_DESA":"34.04.01.2001","DESA":"BALECATUR","LONGITUDE":110.2833583,"LATITUDE":-7.809955,"STATUS":"BUKA","TANGGAL PENGUMPULAN":"Q1 2024","TANGGAL UPDATE":"28/02/2025"}},{"type":"Feature","geometry":{"coordinates":[110.3982334,-7.7560908],"type":"Point"},"properties":{"NAMA":"EPZA AESTHETIC","TIPE_1":"KESEHATAN DAN PENGOBATAN","TIPE_2":"KLINIK","TIPE_3":"KLINIK KECANTIKAN","TELEPON":"0851-5520-3998","ALAMAT":"JL. ANGGAJAYA 2 NO.84, SANGGRAHAN, CONDONGCATUR, KEC. DEPOK, KABUPATEN SLEMAN, DAERAH ISTIMEWA YOGYAKARTA","ID_PROV":"34","PROVINSI":"DAERAH ISTIMEWA YOGYAKARTA","ID_KABKOT":"34.04","KABKOT":"SLEMAN","ID_KEC":"34.04.07","KECAMATAN":"DEPOK","ID_DESA":"34.04.07.2003","DESA":"CONDONGCATUR","LONGITUDE":110.3982334,"LATITUDE":-7.7560908,"STATUS":"BUKA","TANGGAL PENGUMPULAN":"Q1 2024","TANGGAL UPDATE":"28/02/2025"}},{"type":"Feature","geometry":{"coordinates":[110.3869143,-7.698254],"type":"Point"},"properties":{"NAMA":"DISTRIBUTOR NUSKIN YOGYAKARTA","TIPE_1":"KESEHATAN DAN PENGOBATAN","TIPE_2":"KLINIK","TIPE_3":"KLINIK KECANTIKAN","TELEPON":"0813-2811-1777","ALAMAT":"PERUM PESONA PALAGAN. 7, JL. PALAGAN KM 12, GONDANGLUTUNG RT 09, SARDONOHARJO, KABUPATEN SLEMAN, DAERAH ISTIMEWA YOGYAKARTA 55581","ID_PROV":"34","PROVINSI":"DAERAH ISTIMEWA YOGYAKARTA","ID_KABKOT":"34.04","KABKOT":"SLEMAN","ID_KEC":"34.04.12","KECAMATAN":"NGAGLIK","ID_DESA":"34.04.12.2006","DESA":"DONOHARJO","LONGITUDE":110.3869143,"LATITUDE":-7.698254,"STATUS":"BUKA","TANGGAL PENGUMPULAN":"Q1 2024","TANGGAL UPDATE":"28/02/2025"}},{"type":"Feature","geometry":{"coordinates":[110.3816033,-7.7463851],"type":"Point"},"properties":{"NAMA":"JUAL K-ION NANO JOGJA","TIPE_1":"KESEHATAN DAN PENGOBATAN","TIPE_2":"KLINIK","TIPE_3":"KLINIK MATA","TELEPON":"0815-7962-840","ALAMAT":"BALE AGUNG RESIDENCE KAV 51, PURWOSARI, SINDUADI, KEC. MLATI, KABUPATEN SLEMAN, DAERAH ISTIMEWA YOGYAKARTA 55284","ID_PROV":"34","PROVINSI":"DAERAH ISTIMEWA YOGYAKARTA","ID_KABKOT":"34.04","KABKOT":"SLEMAN","ID_KEC":"34.04.06","KECAMATAN":"MLATI","ID_DESA":"34.04.06.2001","DESA":"SINDUADI","LONGITUDE":110.3816033,"LATITUDE":-7.7463851,"STATUS":"BUKA","TANGGAL PENGUMPULAN":"Q1 2024","TANGGAL UPDATE":"28/02/2025"}}]}