{"type":"FeatureCollection","features":[{"type":"Feature","geometry":{"coordinates":[110.3969222,-7.7538418],"type":"Point"},"properties":{"fid":6531,"NAMA":"BAZAR SWALAYAN","TIPE_1":"PERDAGANGAN DAN RETAIL","TIPE_2":"MINIMARKET","TIPE_3":"LAINNYA","TELEPON":"0818-0402-4334","ALAMAT":"JL. GARUDA NO.170E, GEJAYAN, CONDONGCATUR, KEC. DEPOK, KABUPATEN SLEMAN, DAERAH ISTIMEWA YOGYAKARTA 55283","ID_PROV":34,"PROVINSI":"DAERAH ISTIMEWA YOGYAKARTA","ID_KABKOT":34.04,"KABKOT":"SLEMAN","ID_KEC":"34.04.07","KECAMATAN":"DEPOK","ID_DESA":"34.04.07.2003","DESA":"CONDONGCATUR","LATITUDE":-7.7538418,"LONGITUDE":110.3969222,"STATUS":"BUKA","TANGGAL PENGUMPULAN":"Q4 2023","TANGGAL UPDATE":"28/01/2025"}},{"type":"Feature","geometry":{"coordinates":[110.395517,-7.7621163],"type":"Point"},"properties":{"fid":6680,"NAMA":"SWALAYAN GADING MAS 4","TIPE_1":"PERDAGANGAN DAN RETAIL","TIPE_2":"MINIMARKET","TIPE_3":"LAINNYA","TELEPON":"","ALAMAT":"JL. GEJAYAN SOROPADAN XII NO.74B, KALIWARU, CONDONGCATUR, KEC. DEPOK, KABUPATEN SLEMAN, DAERAH ISTIMEWA YOGYAKARTA 55283","ID_PROV":34,"PROVINSI":"DAERAH ISTIMEWA YOGYAKARTA","ID_KABKOT":34.04,"KABKOT":"SLEMAN","ID_KEC":"34.04.07","KECAMATAN":"DEPOK","ID_DESA":"34.04.07.2003","DESA":"CONDONGCATUR","LATITUDE":-7.7621163,"LONGITUDE":110.395517,"STATUS":"BUKA","TANGGAL PENGUMPULAN":"Q4 2023","TANGGAL UPDATE":"28/01/2025"}},{"type":"Feature","geometry":{"coordinates":[110.3681952,-7.7195435],"type":"Point"},"properties":{"fid":6713,"NAMA":"INDOMARET GITO GATI","TIPE_1":"PERDAGANGAN DAN RETAIL","TIPE_2":"MINIMARKET","TIPE_3":"INDOMARET","TELEPON":"(0274) 4360825","ALAMAT":"JL. GITO GATI, GROJOGAN, PANDOWOHARJO, KEC. SLEMAN, KABUPATEN SLEMAN, DAERAH ISTIMEWA YOGYAKARTA 55512","ID_PROV":34,"PROVINSI":"DAERAH ISTIMEWA YOGYAKARTA","ID_KABKOT":34.04,"KABKOT":"SLEMAN","ID_KEC":"34.04.13","KECAMATAN":"SLEMAN","ID_DESA":"34.04.13.2004","DESA":"PANDOWOHARJO","LATITUDE":-7.7195435,"LONGITUDE":110.3681952,"STATUS":"BUKA","TANGGAL PENGUMPULAN":"Q4 2023","TANGGAL UPDATE":"28/01/2025"}},{"type":"Feature","geometry":{"coordinates":[110.2992934,-7.7370654],"type":"Point"},"properties":{"fid":6768,"NAMA":"TOKO MINI MARKET","TIPE_1":"PERDAGANGAN DAN RETAIL","TIPE_2":"MINIMARKET","TIPE_3":"LAINNYA","TELEPON":"","ALAMAT":"JL. GODEAN - SEYEGAN, BASAK II, MARGOLUWIH, KEC. SEYEGAN, KABUPATEN SLEMAN, DAERAH ISTIMEWA YOGYAKARTA 55562","ID_PROV":34,"PROVINSI":"DAERAH ISTIMEWA YOGYAKARTA","ID_KABKOT":34.04,"KABKOT":"SLEMAN","ID_KEC":"34.04.05","KECAMATAN":"SEYEGAN","ID_DESA":"34.04.05.2002","DESA":"MARGODADI","LATITUDE":-7.7370654,"LONGITUDE":110.2992934,"STATUS":"BUKA","TANGGAL PENGUMPULAN":"Q4 2023","TANGGAL UPDATE":"28/01/2025"}},{"type":"Feature","geometry":{"coordinates":[110.2936162,-7.7498385],"type":"Point"},"properties":{"fid":6769,"NAMA":"INDOMARET MARGOLUWIH","TIPE_1":"PERDAGANGAN DAN RETAIL","TIPE_2":"MINIMARKET","TIPE_3":"INDOMARET","TELEPON":"","ALAMAT":"JL. GODEAN - SEYEGAN, MARGOLUWIH KM 2, KLANGKAPAN II, MARGOLUWIH, KEC. SEYEGAN, KABUPATEN SLEMAN, DAERAH ISTIMEWA YOGYAKARTA 55561","ID_PROV":34,"PROVINSI":"DAERAH ISTIMEWA YOGYAKARTA","ID_KABKOT":34.04,"KABKOT":"SLEMAN","ID_KEC":"34.04.05","KECAMATAN":"SEYEGAN","ID_DESA":"34.04.05.2001","DESA":"MARGOLUWIH","LATITUDE":-7.7498385,"LONGITUDE":110.2936162,"STATUS":"BUKA","TANGGAL PENGUMPULAN":"Q4 2023","TANGGAL UPDATE":"28/01/2025"}},{"type":"Feature","geometry":{"coordinates":[110.3428034,-7.7796925],"type":"Point"},"properties":{"fid":6770,"NAMA":"INDOMARET GODEAN","TIPE_1":"PERDAGANGAN DAN RETAIL","TIPE_2":"MINIMARKET","TIPE_3":"INDOMARET","TELEPON":"(021) 1500580","ALAMAT":"JL. GODEAN KM 5, GODEAN, BANYURADEN, AREA SAWAH, BANYURADEN, KEC. GAMPING, KABUPATEN SLEMAN, DAERAH ISTIMEWA YOGYAKARTA 55564","ID_PROV":34,"PROVINSI":"DAERAH ISTIMEWA YOGYAKARTA","ID_KABKOT":34.04,"KABKOT":"SLEMAN","ID_KEC":"34.04.01","KECAMATAN":"GAMPING","ID_DESA":"34.04.01.2003","DESA":"BANYURADEN","LATITUDE":-7.7796925,"LONGITUDE":110.3428034,"STATUS":"BUKA","TANGGAL PENGUMPULAN":"Q4 2023","TANGGAL UPDATE":"28/01/2025"}},{"type":"Feature","geometry":{"coordinates":[110.3059514,-7.7710007],"type":"Point"},"properties":{"fid":6771,"NAMA":"INDOMARET SIDOKARTO","TIPE_1":"PERDAGANGAN DAN RETAIL","TIPE_2":"MINIMARKET","TIPE_3":"INDOMARET","TELEPON":"(0274) 797457","ALAMAT":"JL. GODEAN KM 9, DUKUH, SEMARANGAN, SIDOKARTO, KEC. GODEAN, KABUPATEN SLEMAN, DAERAH ISTIMEWA YOGYAKARTA 55264","ID_PROV":34,"PROVINSI":"DAERAH ISTIMEWA YOGYAKARTA","ID_KABKOT":34.04,"KABKOT":"SLEMAN","ID_KEC":"34.04.02","KECAMATAN":"GODEAN","ID_DESA":"34.04.02.2005","DESA":"SIDOKARTO","LATITUDE":-7.7710007,"LONGITUDE":110.3059514,"STATUS":"BUKA","TANGGAL PENGUMPULAN":"Q4 2023","TANGGAL UPDATE":"28/01/2025"}},{"type":"Feature","geometry":{"coordinates":[110.3198339,-7.7744268],"type":"Point"},"properties":{"fid":6772,"NAMA":"ALFAMART SIDOARUM","TIPE_1":"PERDAGANGAN DAN RETAIL","TIPE_2":"MINIMARKET","TIPE_3":"ALFAMART","TELEPON":"1 500 959","ALAMAT":"JL. GODEAN KM. 06 DS, BANTULAN, SIDOARUM, GODEAN, SLEMAN REGENCY, SPECIAL REGION OF YOGYAKARTA 55564","ID_PROV":34,"PROVINSI":"DAERAH ISTIMEWA YOGYAKARTA","ID_KABKOT":34.04,"KABKOT":"SLEMAN","ID_KEC":"34.04.02","KECAMATAN":"GODEAN","ID_DESA":"34.04.02.2006","DESA":"SIDOARUM","LATITUDE":-7.7744268,"LONGITUDE":110.3198339,"STATUS":"BUKA","TANGGAL PENGUMPULAN":"Q4 2023","TANGGAL UPDATE":"28/01/2025"}},{"type":"Feature","geometry":{"coordinates":[110.3082259,-7.7712591],"type":"Point"},"properties":{"fid":6773,"NAMA":"TOSERBA WS GODEAN","TIPE_1":"PERDAGANGAN DAN RETAIL","TIPE_2":"MINIMARKET","TIPE_3":"LAINNYA","TELEPON":"","ALAMAT":"JL. GODEAN KM. 8, 5, AREA SAWAH, SIDOKARTO, KEC. GODEAN, KABUPATEN SLEMAN, DAERAH ISTIMEWA YOGYAKARTA 55564","ID_PROV":34,"PROVINSI":"DAERAH ISTIMEWA YOGYAKARTA","ID_KABKOT":34.04,"KABKOT":"SLEMAN","ID_KEC":"34.04.02","KECAMATAN":"GODEAN","ID_DESA":"34.04.02.2005","DESA":"SIDOKARTO","LATITUDE":-7.7712591,"LONGITUDE":110.3082259,"STATUS":"BUKA","TANGGAL PENGUMPULAN":"Q4 2023","TANGGAL UPDATE":"28/01/2025"}},{"type":"Feature","geometry":{"coordinates":[110.3185544,-7.7738768],"type":"Point"},"properties":{"fid":6774,"NAMA":"INDOMARET BANTULAN","TIPE_1":"PERDAGANGAN DAN RETAIL","TIPE_2":"MINIMARKET","TIPE_3":"INDOMARET","TELEPON":"0816-500-580","ALAMAT":"JL. GODEAN KM.75 BANTULAN, SIDOARUM, GODEAN, BANTULAN, SIDOARUM, SLEMAN, KABUPATEN SLEMAN, DAERAH ISTIMEWA YOGYAKARTA 55564","ID_PROV":34,"PROVINSI":"DAERAH ISTIMEWA YOGYAKARTA","ID_KABKOT":34.04,"KABKOT":"SLEMAN","ID_KEC":"34.04.02","KECAMATAN":"GODEAN","ID_DESA":"34.04.02.2006","DESA":"SIDOARUM","LATITUDE":-7.7738768,"LONGITUDE":110.3185544,"STATUS":"BUKA","TANGGAL PENGUMPULAN":"Q4 2023","TANGGAL UPDATE":"28/01/2025"}},{"type":"Feature","geometry":{"coordinates":[110.3252428,-7.7758481],"type":"Point"},"properties":{"fid":6775,"NAMA":"ALFAMART GODEAN KM 7","TIPE_1":"PERDAGANGAN DAN RETAIL","TIPE_2":"MINIMARKET","TIPE_3":"ALFAMART","TELEPON":"1 500 959","ALAMAT":"JL. GODEAN NO.KM. 07, RT.05/RW.11, COKRO GEDOK, SIDOARUM, GODEAN, SLEMAN REGENCY, SPECIAL REGION OF YOGYAKARTA 55564","ID_PROV":34,"PROVINSI":"DAERAH ISTIMEWA YOGYAKARTA","ID_KABKOT":34.04,"KABKOT":"SLEMAN","ID_KEC":"34.04.02","KECAMATAN":"GODEAN","ID_DESA":"34.04.02.2006","DESA":"SIDOARUM","LATITUDE":-7.7758481,"LONGITUDE":110.3252428,"STATUS":"BUKA","TANGGAL PENGUMPULAN":"Q4 2023","TANGGAL UPDATE":"28/01/2025"}},{"type":"Feature","geometry":{"coordinates":[110.3201506,-7.7746012],"type":"Point"},"properties":{"fid":6776,"NAMA":"PANDAN SWALAYAN","TIPE_1":"PERDAGANGAN DAN RETAIL","TIPE_2":"MINIMARKET","TIPE_3":"LAINNYA","TELEPON":"(0274) 6496444","ALAMAT":"JL. GODEAN, KM. 8.1, GODEAN, BANTULAN, SIDOARUM, KEC. GODEAN, KABUPATEN SLEMAN, DAERAH ISTIMEWA YOGYAKARTA 55264","ID_PROV":34,"PROVINSI":"DAERAH ISTIMEWA YOGYAKARTA","ID_KABKOT":34.04,"KABKOT":"SLEMAN","ID_KEC":"34.04.02","KECAMATAN":"GODEAN","ID_DESA":"34.04.02.2006","DESA":"SIDOARUM","LATITUDE":-7.7746012,"LONGITUDE":110.3201506,"STATUS":"BUKA","TANGGAL PENGUMPULAN":"Q4 2023","TANGGAL UPDATE":"28/01/2025"}},{"type":"Feature","geometry":{"coordinates":[110.482382,-7.7934354],"type":"Point"},"properties":{"fid":6836,"NAMA":"TOKO DAMAI INDAH SWALAYAN","TIPE_1":"PERDAGANGAN DAN RETAIL","TIPE_2":"MINIMARKET","TIPE_3":"LAINNYA","TELEPON":"(0274) 4398460","ALAMAT":"JL. GREMBYANGAN NO.3, POTROJAYAN, MADUREJO, SLEMAN, KABUPATEN SLEMAN, DAERAH ISTIMEWA YOGYAKARTA 55572","ID_PROV":34,"PROVINSI":"DAERAH ISTIMEWA YOGYAKARTA","ID_KABKOT":34.04,"KABKOT":"SLEMAN","ID_KEC":"34.04.09","KECAMATAN":"PRAMBANAN","ID_DESA":"34.04.09.2005","DESA":"MADUREJO","LATITUDE":-7.7934354,"LONGITUDE":110.482382,"STATUS":"BUKA","TANGGAL PENGUMPULAN":"Q4 2023","TANGGAL UPDATE":"28/01/2025"}},{"type":"Feature","geometry":{"coordinates":[110.3725409,-7.709669],"type":"Point"},"properties":{"fid":6862,"NAMA":"INDOMARET GRIYA TAMAN ASRI","TIPE_1":"PERDAGANGAN DAN RETAIL","TIPE_2":"MINIMARKET","TIPE_3":"INDOMARET","TELEPON":"","ALAMAT":"JL. GRIYA TAMAN ASRI NO.126, SARAGON, PANDOWOHARJO, KEC. SLEMAN, KABUPATEN SLEMAN, DAERAH ISTIMEWA YOGYAKARTA 55512","ID_PROV":34,"PROVINSI":"DAERAH ISTIMEWA YOGYAKARTA","ID_KABKOT":34.04,"KABKOT":"SLEMAN","ID_KEC":"34.04.13","KECAMATAN":"SLEMAN","ID_DESA":"34.04.13.2004","DESA":"PANDOWOHARJO","LATITUDE":-7.709669,"LONGITUDE":110.3725409,"STATUS":"BUKA","TANGGAL PENGUMPULAN":"Q4 2023","TANGGAL UPDATE":"28/01/2025"}},{"type":"Feature","geometry":{"coordinates":[110.4060879,-7.7493801],"type":"Point"},"properties":{"fid":6918,"NAMA":"INDOMARET GURAMEH SELATAN","TIPE_1":"PERDAGANGAN DAN RETAIL","TIPE_2":"MINIMARKET","TIPE_3":"INDOMARET","TELEPON":"","ALAMAT":"JL. GURAMEH RAYA NO.20, MLADANGAN, MINOMARTANI, KEC. NGAGLIK, KABUPATEN SLEMAN, DAERAH ISTIMEWA YOGYAKARTA 55581","ID_PROV":34,"PROVINSI":"DAERAH ISTIMEWA YOGYAKARTA","ID_KABKOT":34.04,"KABKOT":"SLEMAN","ID_KEC":"34.04.12","KECAMATAN":"NGAGLIK","ID_DESA":"34.04.12.2002","DESA":"MINOMARTANI","LATITUDE":-7.7493801,"LONGITUDE":110.4060879,"STATUS":"BUKA","TANGGAL PENGUMPULAN":"Q4 2023","TANGGAL UPDATE":"28/01/2025"}},{"type":"Feature","geometry":{"coordinates":[110.4065617,-7.7469081],"type":"Point"},"properties":{"fid":6919,"NAMA":"INDOMARET GURAMEH RAYA","TIPE_1":"PERDAGANGAN DAN RETAIL","TIPE_2":"MINIMARKET","TIPE_3":"INDOMARET","TELEPON":"","ALAMAT":"JL. GURAMEH RAYA NO.21, MLADANGAN, MINOMARTANI, KEC. NGAGLIK, KABUPATEN SLEMAN, DAERAH ISTIMEWA YOGYAKARTA 55581","ID_PROV":34,"PROVINSI":"DAERAH ISTIMEWA YOGYAKARTA","ID_KABKOT":34.04,"KABKOT":"SLEMAN","ID_KEC":"34.04.12","KECAMATAN":"NGAGLIK","ID_DESA":"34.04.12.2002","DESA":"MINOMARTANI","LATITUDE":-7.7469081,"LONGITUDE":110.4065617,"STATUS":"BUKA","TANGGAL PENGUMPULAN":"Q4 2023","TANGGAL UPDATE":"28/01/2025"}},{"type":"Feature","geometry":{"coordinates":[110.3416992,-7.760528],"type":"Point"},"properties":{"fid":7209,"NAMA":"CEMPAKA SWALAYAN","TIPE_1":"PERDAGANGAN DAN RETAIL","TIPE_2":"MINIMARKET","TIPE_3":"LAINNYA","TELEPON":"0895-6154-99012","ALAMAT":"JL. HIMALAYA, NUSUPAN, TRIHANGGO, KEC. GAMPING, KABUPATEN SLEMAN, DAERAH ISTIMEWA YOGYAKARTA 55291","ID_PROV":34,"PROVINSI":"DAERAH ISTIMEWA YOGYAKARTA","ID_KABKOT":34.04,"KABKOT":"SLEMAN","ID_KEC":"34.04.01","KECAMATAN":"GAMPING","ID_DESA":"34.04.01.2005","DESA":"TRIHANGGO","LATITUDE":-7.760528,"LONGITUDE":110.3416992,"STATUS":"BUKA","TANGGAL PENGUMPULAN":"Q4 2023","TANGGAL UPDATE":"28/01/2025"}},{"type":"Feature","geometry":{"coordinates":[110.3495816,-7.7649335],"type":"Point"},"properties":{"fid":7644,"NAMA":"KIRANA MART","TIPE_1":"PERDAGANGAN DAN RETAIL","TIPE_2":"MINIMARKET","TIPE_3":"LAINNYA","TELEPON":"0811-255-133","ALAMAT":"JL. JAMBON NO.85, BIRU, TRIHANGGO, KEC. GAMPING, KABUPATEN SLEMAN, DAERAH ISTIMEWA YOGYAKARTA 55291","ID_PROV":34,"PROVINSI":"DAERAH ISTIMEWA YOGYAKARTA","ID_KABKOT":34.04,"KABKOT":"SLEMAN","ID_KEC":"34.04.01","KECAMATAN":"GAMPING","ID_DESA":"34.04.01.2005","DESA":"TRIHANGGO","LATITUDE":-7.7649335,"LONGITUDE":110.3495816,"STATUS":"BUKA","TANGGAL PENGUMPULAN":"Q4 2023","TANGGAL UPDATE":"28/01/2025"}},{"type":"Feature","geometry":{"coordinates":[110.4469774,-7.7020749],"type":"Point"},"properties":{"fid":7689,"NAMA":"TIARA SWALAYAN","TIPE_1":"PERDAGANGAN DAN RETAIL","TIPE_2":"MINIMARKET","TIPE_3":"LAINNYA","TELEPON":"","ALAMAT":"JL. JANGKANG BARAT, AREA SAWAH, WIDODOMARTANI, KEC. NGEMPLAK, KABUPATEN SLEMAN, DAERAH ISTIMEWA YOGYAKARTA 55584","ID_PROV":34,"PROVINSI":"DAERAH ISTIMEWA YOGYAKARTA","ID_KABKOT":34.04,"KABKOT":"SLEMAN","ID_KEC":"34.04.11","KECAMATAN":"NGEMPLAK","ID_DESA":"34.04.11.2003","DESA":"WIDODOMARTANI","LATITUDE":-7.7020749,"LONGITUDE":110.4469774,"STATUS":"BUKA","TANGGAL PENGUMPULAN":"Q4 2023","TANGGAL UPDATE":"28/01/2025"}},{"type":"Feature","geometry":{"coordinates":[110.3717415,-7.7370268],"type":"Point"},"properties":{"fid":7744,"NAMA":"INDOMARET TEGAL WARAS","TIPE_1":"PERDAGANGAN DAN RETAIL","TIPE_2":"MINIMARKET","TIPE_3":"INDOMARET","TELEPON":"","ALAMAT":"JL. JATIREJO, KARANG MOKO, SENDANGADI, KEC. NGAGLIK, KABUPATEN SLEMAN, DAERAH ISTIMEWA YOGYAKARTA 55285","ID_PROV":34,"PROVINSI":"DAERAH ISTIMEWA YOGYAKARTA","ID_KABKOT":34.04,"KABKOT":"SLEMAN","ID_KEC":"34.04.12","KECAMATAN":"NGAGLIK","ID_DESA":"34.04.12.2001","DESA":"SARIHARJO","LATITUDE":-7.7370268,"LONGITUDE":110.3717415,"STATUS":"BUKA","TANGGAL PENGUMPULAN":"Q4 2023","TANGGAL UPDATE":"28/01/2025"}},{"type":"Feature","geometry":{"coordinates":[110.32602,-7.657043],"type":"Point"},"properties":{"fid":8114,"NAMA":"INDOMARET MAGELANG KM175","TIPE_1":"PERDAGANGAN DAN RETAIL","TIPE_2":"MINIMARKET","TIPE_3":"INDOMARET","TELEPON":"","ALAMAT":"JL. JLEGONGAN KULON JL. MAGELANG NO.KM 18, JLEGINGAN, MARGOREJO, KEC. TEMPEL, KABUPATEN SLEMAN, DAERAH ISTIMEWA YOGYAKARTA 55552","ID_PROV":34,"PROVINSI":"DAERAH ISTIMEWA YOGYAKARTA","ID_KABKOT":34.04,"KABKOT":"SLEMAN","ID_KEC":"34.04.14","KECAMATAN":"TEMPEL","ID_DESA":"34.04.14.2006","DESA":"MARGOREJO","LATITUDE":-7.657043,"LONGITUDE":110.32602,"STATUS":"BUKA","TANGGAL PENGUMPULAN":"Q4 2023","TANGGAL UPDATE":"28/01/2025"}},{"type":"Feature","geometry":{"coordinates":[110.4682666,-7.7710853],"type":"Point"},"properties":{"fid":8115,"NAMA":"INDOMARET KALASAN","TIPE_1":"PERDAGANGAN DAN RETAIL","TIPE_2":"MINIMARKET","TIPE_3":"INDOMARET","TELEPON":"(021) 500580","ALAMAT":"JL. JOGJA - SOLO NO.13, RW.5, KRAJAN, TIRTOMARTANI, KEC. KALASAN, KABUPATEN SLEMAN, DAERAH ISTIMEWA YOGYAKARTA 55571","ID_PROV":34,"PROVINSI":"DAERAH ISTIMEWA YOGYAKARTA","ID_KABKOT":34.04,"KABKOT":"SLEMAN","ID_KEC":"34.04.10","KECAMATAN":"KALASAN","ID_DESA":"34.04.10.2002","DESA":"TIRTOMARTANI","LATITUDE":-7.7710853,"LONGITUDE":110.4682666,"STATUS":"BUKA","TANGGAL PENGUMPULAN":"Q4 2023","TANGGAL UPDATE":"28/01/2025"}},{"type":"Feature","geometry":{"coordinates":[110.4681308,-7.7713346],"type":"Point"},"properties":{"fid":8116,"NAMA":"ALFAMART TIRTOMARTANI","TIPE_1":"PERDAGANGAN DAN RETAIL","TIPE_2":"MINIMARKET","TIPE_3":"ALFAMART","TELEPON":"","ALAMAT":"JL. JOGJA - SOLO NO.KM 13, KRAJAN, TIRTOMARTANI, KEC. KALASAN, KABUPATEN SLEMAN, DAERAH ISTIMEWA YOGYAKARTA 55571","ID_PROV":34,"PROVINSI":"DAERAH ISTIMEWA YOGYAKARTA","ID_KABKOT":34.04,"KABKOT":"SLEMAN","ID_KEC":"34.04.10","KECAMATAN":"KALASAN","ID_DESA":"34.04.10.2002","DESA":"TIRTOMARTANI","LATITUDE":-7.7713346,"LONGITUDE":110.4681308,"STATUS":"BUKA","TANGGAL PENGUMPULAN":"Q4 2023","TANGGAL UPDATE":"28/01/2025"}},{"type":"Feature","geometry":{"coordinates":[110.4414257,-7.8276471],"type":"Point"},"properties":{"fid":8118,"NAMA":"ALFAMART WONOSARI KM 10","TIPE_1":"PERDAGANGAN DAN RETAIL","TIPE_2":"MINIMARKET","TIPE_3":"ALFAMART","TELEPON":"1 500 959","ALAMAT":"JL. JOGJA - WONOSARI NO.KM. 10, RT.6/RW.18, KUTON, TEGALTIRTO, BERBAH, SLEMAN REGENCY, SPECIAL REGION OF YOGYAKARTA 55573","ID_PROV":34,"PROVINSI":"DAERAH ISTIMEWA YOGYAKARTA","ID_KABKOT":34.04,"KABKOT":"SLEMAN","ID_KEC":"34.04.08","KECAMATAN":"BERBAH","ID_DESA":"34.04.08.2002","DESA":"TEGALTIRTO","LATITUDE":-7.8276471,"LONGITUDE":110.4414257,"STATUS":"BUKA","TANGGAL PENGUMPULAN":"Q4 2023","TANGGAL UPDATE":"28/01/2025"}},{"type":"Feature","geometry":{"coordinates":[110.3630043,-7.7331358],"type":"Point"},"properties":{"fid":8154,"NAMA":"INDOMARET SENDANGADI","TIPE_1":"PERDAGANGAN DAN RETAIL","TIPE_2":"MINIMARKET","TIPE_3":"INDOMARET","TELEPON":"0816-500-580","ALAMAT":"JL. JONGKE MLATI GLONDONG SENDANGADI, MLATI GLONDONG, SENDANGADI, MLATI, SLEMAN REGENCY, SPECIAL REGION OF YOGYAKARTA 55285","ID_PROV":34,"PROVINSI":"DAERAH ISTIMEWA YOGYAKARTA","ID_KABKOT":34.04,"KABKOT":"SLEMAN","ID_KEC":"34.04.06","KECAMATAN":"MLATI","ID_DESA":"34.04.06.2002","DESA":"SENDANGADI","LATITUDE":-7.7331358,"LONGITUDE":110.3630043,"STATUS":"BUKA","TANGGAL PENGUMPULAN":"Q4 2023","TANGGAL UPDATE":"28/01/2025"}},{"type":"Feature","geometry":{"coordinates":[110.4228282,-7.7815158],"type":"Point"},"properties":{"fid":8189,"NAMA":"TOKO BU SUPRIH","TIPE_1":"PERDAGANGAN DAN RETAIL","TIPE_2":"MINIMARKET","TIPE_3":"LAINNYA","TELEPON":"","ALAMAT":"JL. K.H. MUHDI NO.134, NAYAN, MAGUWOHARJO, KEC. DEPOK, KABUPATEN SLEMAN, DAERAH ISTIMEWA YOGYAKARTA 55281","ID_PROV":34,"PROVINSI":"DAERAH ISTIMEWA YOGYAKARTA","ID_KABKOT":34.04,"KABKOT":"SLEMAN","ID_KEC":"34.04.07","KECAMATAN":"DEPOK","ID_DESA":"34.04.07.2002","DESA":"MAGUWOHARJO","LATITUDE":-7.7815158,"LONGITUDE":110.4228282,"STATUS":"BUKA","TANGGAL PENGUMPULAN":"Q4 2023","TANGGAL UPDATE":"28/01/2025"}},{"type":"Feature","geometry":{"coordinates":[110.3476996,-7.7518248],"type":"Point"},"properties":{"fid":8214,"NAMA":"INDOMARET KABUPATEN KM3","TIPE_1":"PERDAGANGAN DAN RETAIL","TIPE_2":"MINIMARKET","TIPE_3":"INDOMARET","TELEPON":"","ALAMAT":"JL. KABUPATEN NO.3, NGAWEAN, TRIHANGGO, KEC. GAMPING, KABUPATEN SLEMAN, DAERAH ISTIMEWA YOGYAKARTA 55291","ID_PROV":34,"PROVINSI":"DAERAH ISTIMEWA YOGYAKARTA","ID_KABKOT":34.04,"KABKOT":"SLEMAN","ID_KEC":"34.04.01","KECAMATAN":"GAMPING","ID_DESA":"34.04.01.2005","DESA":"TRIHANGGO","LATITUDE":-7.7518248,"LONGITUDE":110.3476996,"STATUS":"BUKA","TANGGAL PENGUMPULAN":"Q4 2023","TANGGAL UPDATE":"28/01/2025"}},{"type":"Feature","geometry":{"coordinates":[110.3429479,-7.7710855],"type":"Point"},"properties":{"fid":8215,"NAMA":"INDOMARET KABUPATEN KM 1","TIPE_1":"PERDAGANGAN DAN RETAIL","TIPE_2":"MINIMARKET","TIPE_3":"INDOMARET","TELEPON":"","ALAMAT":"JL. KABUPATEN NO.KM 1, KARANG TENGAH, NOGOTIRTO, GAMPING, SLEMAN REGENCY, SPECIAL REGION OF YOGYAKARTA 55291","ID_PROV":34,"PROVINSI":"DAERAH ISTIMEWA YOGYAKARTA","ID_KABKOT":34.04,"KABKOT":"SLEMAN","ID_KEC":"34.04.01","KECAMATAN":"GAMPING","ID_DESA":"34.04.01.2004","DESA":"NOGOTIRTO","LATITUDE":-7.7710855,"LONGITUDE":110.3429479,"STATUS":"BUKA","TANGGAL PENGUMPULAN":"Q4 2023","TANGGAL UPDATE":"28/01/2025"}},{"type":"Feature","geometry":{"coordinates":[110.4486725,-7.7674068],"type":"Point"},"properties":{"fid":8222,"NAMA":"INDOMARET BULOG KM 15","TIPE_1":"PERDAGANGAN DAN RETAIL","TIPE_2":"MINIMARKET","TIPE_3":"INDOMARET","TELEPON":"","ALAMAT":"JL. KADIROJO 2, KADIROJO II, PURWOMARTANI, KEC. KALASAN, KABUPATEN SLEMAN, DAERAH ISTIMEWA YOGYAKARTA 55571","ID_PROV":34,"PROVINSI":"DAERAH ISTIMEWA YOGYAKARTA","ID_KABKOT":34.04,"KABKOT":"SLEMAN","ID_KEC":"34.04.10","KECAMATAN":"KALASAN","ID_DESA":"34.04.10.2001","DESA":"PURWOMARTANI","LATITUDE":-7.7674068,"LONGITUDE":110.4486725,"STATUS":"BUKA","TANGGAL PENGUMPULAN":"Q4 2023","TANGGAL UPDATE":"28/01/2025"}},{"type":"Feature","geometry":{"coordinates":[110.4422252,-7.7526288],"type":"Point"},"properties":{"fid":8223,"NAMA":"INDOMARET KADISOKO 1","TIPE_1":"PERDAGANGAN DAN RETAIL","TIPE_2":"MINIMARKET","TIPE_3":"INDOMARET","TELEPON":"(0274) 4395042","ALAMAT":"JL. KADISOKA, KADISOKO, PURWOMARTANI, KEC. KALASAN, KABUPATEN SLEMAN, DAERAH ISTIMEWA YOGYAKARTA 55281","ID_PROV":34,"PROVINSI":"DAERAH ISTIMEWA YOGYAKARTA","ID_KABKOT":34.04,"KABKOT":"SLEMAN","ID_KEC":"34.04.10","KECAMATAN":"KALASAN","ID_DESA":"34.04.10.2001","DESA":"PURWOMARTANI","LATITUDE":-7.7526288,"LONGITUDE":110.4422252,"STATUS":"BUKA","TANGGAL PENGUMPULAN":"Q4 2023","TANGGAL UPDATE":"28/01/2025"}},{"type":"Feature","geometry":{"coordinates":[110.4084822,-7.7404594],"type":"Point"},"properties":{"fid":8239,"NAMA":"MC2 PASAR SEMBAKO","TIPE_1":"PERDAGANGAN DAN RETAIL","TIPE_2":"MINIMARKET","TIPE_3":"LAINNYA","TELEPON":"0895-0930-2360","ALAMAT":"JL. KAKAP RAYA, MLADANGAN, MINOMARTANI, KEC. NGAGLIK, KABUPATEN SLEMAN, DAERAH ISTIMEWA YOGYAKARTA 55518","ID_PROV":34,"PROVINSI":"DAERAH ISTIMEWA YOGYAKARTA","ID_KABKOT":34.04,"KABKOT":"SLEMAN","ID_KEC":"34.04.12","KECAMATAN":"NGAGLIK","ID_DESA":"34.04.12.2002","DESA":"MINOMARTANI","LATITUDE":-7.7404594,"LONGITUDE":110.4084822,"STATUS":"BUKA","TANGGAL PENGUMPULAN":"Q4 2023","TANGGAL UPDATE":"28/01/2025"}},{"type":"Feature","geometry":{"coordinates":[110.4082971,-7.7403459],"type":"Point"},"properties":{"fid":8240,"NAMA":"INDOMARET KAKAP","TIPE_1":"PERDAGANGAN DAN RETAIL","TIPE_2":"MINIMARKET","TIPE_3":"INDOMARET","TELEPON":"(0274) 8722071","ALAMAT":"JL. KAKAP RAYA, MLADANGAN, MINOMARTANI, KEC. NGAGLIK, KABUPATEN SLEMAN, DAERAH ISTIMEWA YOGYAKARTA 55581","ID_PROV":34,"PROVINSI":"DAERAH ISTIMEWA YOGYAKARTA","ID_KABKOT":34.04,"KABKOT":"SLEMAN","ID_KEC":"34.04.12","KECAMATAN":"NGAGLIK","ID_DESA":"34.04.12.2002","DESA":"MINOMARTANI","LATITUDE":-7.7403459,"LONGITUDE":110.4082971,"STATUS":"BUKA","TANGGAL PENGUMPULAN":"Q4 2023","TANGGAL UPDATE":"28/01/2025"}},{"type":"Feature","geometry":{"coordinates":[110.4181892,-7.6950451],"type":"Point"},"properties":{"fid":8309,"NAMA":"INDOMARET KALIURANG KM135","TIPE_1":"PERDAGANGAN DAN RETAIL","TIPE_2":"MINIMARKET","TIPE_3":"INDOMARET","TELEPON":"","ALAMAT":"JL. KALIURANG A NO.04, BESI, SUKOHARJO, KEC. NGAGLIK, KABUPATEN SLEMAN, DAERAH ISTIMEWA YOGYAKARTA 55581","ID_PROV":34,"PROVINSI":"DAERAH ISTIMEWA YOGYAKARTA","ID_KABKOT":34.04,"KABKOT":"SLEMAN","ID_KEC":"34.04.12","KECAMATAN":"NGAGLIK","ID_DESA":"34.04.12.2004","DESA":"SUKOHARJO","LATITUDE":-7.6950451,"LONGITUDE":110.4181892,"STATUS":"BUKA","TANGGAL PENGUMPULAN":"Q4 2023","TANGGAL UPDATE":"28/01/2025"}},{"type":"Feature","geometry":{"coordinates":[110.3990057,-7.7284252],"type":"Point"},"properties":{"fid":8310,"NAMA":"INDOMARET PLUS JL KALIURANG KM 93","TIPE_1":"PERDAGANGAN DAN RETAIL","TIPE_2":"MINIMARKET","TIPE_3":"INDOMARET","TELEPON":"(021) 1500580","ALAMAT":"JL. KALIURANG KLABANAN KM.9,3, GONDANGAN, SARDONOHARJO, KEC. NGAGLIK, KABUPATEN SLEMAN, DAERAH ISTIMEWA YOGYAKARTA 55281","ID_PROV":34,"PROVINSI":"DAERAH ISTIMEWA YOGYAKARTA","ID_KABKOT":34.04,"KABKOT":"SLEMAN","ID_KEC":"34.04.12","KECAMATAN":"NGAGLIK","ID_DESA":"34.04.12.2005","DESA":"SARDONOHARJO","LATITUDE":-7.7284252,"LONGITUDE":110.3990057,"STATUS":"BUKA","TANGGAL PENGUMPULAN":"Q4 2023","TANGGAL UPDATE":"28/01/2025"}},{"type":"Feature","geometry":{"coordinates":[110.4189461,-7.6884081],"type":"Point"},"properties":{"fid":8311,"NAMA":"INDOMARET UMBUL MARTANI","TIPE_1":"PERDAGANGAN DAN RETAIL","TIPE_2":"MINIMARKET","TIPE_3":"INDOMARET","TELEPON":"","ALAMAT":"JL. KALIURANG KM 14, RT 05 / RW 02, UMBULMARTANI, NGEMPLAK, LODADI, UMBULMARTANI, KEC. NGEMPLAK, KABUPATEN SLEMAN, DAERAH ISTIMEWA YOGYAKARTA 55584","ID_PROV":34,"PROVINSI":"DAERAH ISTIMEWA YOGYAKARTA","ID_KABKOT":34.04,"KABKOT":"SLEMAN","ID_KEC":"34.04.11","KECAMATAN":"NGEMPLAK","ID_DESA":"34.04.11.2005","DESA":"UMBULMARTANI","LATITUDE":-7.6884081,"LONGITUDE":110.4189461,"STATUS":"BUKA","TANGGAL PENGUMPULAN":"Q4 2023","TANGGAL UPDATE":"28/01/2025"}},{"type":"Feature","geometry":{"coordinates":[110.4194065,-7.6649198],"type":"Point"},"properties":{"fid":8312,"NAMA":"INDOMARET PAKEM (PUJO)","TIPE_1":"PERDAGANGAN DAN RETAIL","TIPE_2":"MINIMARKET","TIPE_3":"INDOMARET","TELEPON":"0816-500-580","ALAMAT":"JL. KALIURANG KM 17, PAKEMBINANGUN, PAKEM, LABASAN, HARGOBINANGUN, SLEMAN, SLEMAN REGENCY, SPECIAL REGION OF YOGYAKARTA 55582","ID_PROV":34,"PROVINSI":"DAERAH ISTIMEWA YOGYAKARTA","ID_KABKOT":34.04,"KABKOT":"SLEMAN","ID_KEC":"34.04.16","KECAMATAN":"PAKEM","ID_DESA":"34.04.16.2004","DESA":"PAKEMBINANGUN","LATITUDE":-7.6649198,"LONGITUDE":110.4194065,"STATUS":"BUKA","TANGGAL PENGUMPULAN":"Q4 2023","TANGGAL UPDATE":"28/01/2025"}},{"type":"Feature","geometry":{"coordinates":[110.3819896,-7.756957],"type":"Point"},"properties":{"fid":8313,"NAMA":"ALFAMART","TIPE_1":"PERDAGANGAN DAN RETAIL","TIPE_2":"MINIMARKET","TIPE_3":"ALFAMART","TELEPON":"1 500 959","ALAMAT":"JL. KALIURANG KM 5.6 RT 01 RW 01, DK MANGGUNG KEL, MANGGUNG, CATURTUNGGAL, KEC. DEPOK, KABUPATEN SLEMAN, DAERAH ISTIMEWA YOGYAKARTA 55281","ID_PROV":34,"PROVINSI":"DAERAH ISTIMEWA YOGYAKARTA","ID_KABKOT":34.04,"KABKOT":"SLEMAN","ID_KEC":"34.04.07","KECAMATAN":"DEPOK","ID_DESA":"34.04.07.2001","DESA":"CATURTUNGGAL","LATITUDE":-7.756957,"LONGITUDE":110.3819896,"STATUS":"BUKA","TANGGAL PENGUMPULAN":"Q4 2023","TANGGAL UPDATE":"28/01/2025"}},{"type":"Feature","geometry":{"coordinates":[110.3946775,-7.7358086],"type":"Point"},"properties":{"fid":8314,"NAMA":"INDOMARET JL KALIURANG KM 83","TIPE_1":"PERDAGANGAN DAN RETAIL","TIPE_2":"MINIMARKET","TIPE_3":"INDOMARET","TELEPON":"","ALAMAT":"JL. KALIURANG KM 8.3 PRUJUKAN RT 2/3 SINDUHARJO, TAMBAKAN, SINDUHARJO, SLEMAN, SLEMAN REGENCY, SPECIAL REGION OF YOGYAKARTA 55581","ID_PROV":34,"PROVINSI":"DAERAH ISTIMEWA YOGYAKARTA","ID_KABKOT":34.04,"KABKOT":"SLEMAN","ID_KEC":"34.04.12","KECAMATAN":"NGAGLIK","ID_DESA":"34.04.12.2003","DESA":"SINDUHARJO","LATITUDE":-7.7358086,"LONGITUDE":110.3946775,"STATUS":"BUKA","TANGGAL PENGUMPULAN":"Q4 2023","TANGGAL UPDATE":"28/01/2025"}},{"type":"Feature","geometry":{"coordinates":[110.379285,-7.763745],"type":"Point"},"properties":{"fid":8315,"NAMA":"CIRCLE K KALIURANG BAWAH","TIPE_1":"PERDAGANGAN DAN RETAIL","TIPE_2":"MINIMARKET","TIPE_3":"CIRCLE K","TELEPON":"(0274) 556286","ALAMAT":"JL. KALIURANG KM. 4.5 NO. 22, CATURTUNGGAL, DEPOK, KOCORAN, CATURTUNGGAL, KEC. DEPOK, KABUPATEN SLEMAN, DAERAH ISTIMEWA YOGYAKARTA 55281","ID_PROV":34,"PROVINSI":"DAERAH ISTIMEWA YOGYAKARTA","ID_KABKOT":34.04,"KABKOT":"SLEMAN","ID_KEC":"34.04.07","KECAMATAN":"DEPOK","ID_DESA":"34.04.07.2001","DESA":"CATURTUNGGAL","LATITUDE":-7.763745,"LONGITUDE":110.379285,"STATUS":"BUKA","TANGGAL PENGUMPULAN":"Q4 2023","TANGGAL UPDATE":"28/01/2025"}},{"type":"Feature","geometry":{"coordinates":[110.3817647,-7.7584411],"type":"Point"},"properties":{"fid":8316,"NAMA":"CIRCLE K KALIURANG KM 55","TIPE_1":"PERDAGANGAN DAN RETAIL","TIPE_2":"MINIMARKET","TIPE_3":"CIRCLE K","TELEPON":"(0274) 558322","ALAMAT":"JL. KALIURANG KM.5,5 NO.44, MANGGUNG, CATURTUNGGAL, KEC. DEPOK, KABUPATEN SLEMAN, DAERAH ISTIMEWA YOGYAKARTA 55284","ID_PROV":34,"PROVINSI":"DAERAH ISTIMEWA YOGYAKARTA","ID_KABKOT":34.04,"KABKOT":"SLEMAN","ID_KEC":"34.04.07","KECAMATAN":"DEPOK","ID_DESA":"34.04.07.2001","DESA":"CATURTUNGGAL","LATITUDE":-7.7584411,"LONGITUDE":110.3817647,"STATUS":"BUKA","TANGGAL PENGUMPULAN":"Q4 2023","TANGGAL UPDATE":"28/01/2025"}},{"type":"Feature","geometry":{"coordinates":[110.4028372,-7.721589],"type":"Point"},"properties":{"fid":8318,"NAMA":"INDOMARET KALIURANG KM10","TIPE_1":"PERDAGANGAN DAN RETAIL","TIPE_2":"MINIMARKET","TIPE_3":"INDOMARET","TELEPON":"","ALAMAT":"JL. KALIURANG NO.15, GONDANGAN, SARDONOHARJO, KEC. NGAGLIK, KABUPATEN SLEMAN, DAERAH ISTIMEWA YOGYAKARTA 55581","ID_PROV":34,"PROVINSI":"DAERAH ISTIMEWA YOGYAKARTA","ID_KABKOT":34.04,"KABKOT":"SLEMAN","ID_KEC":"34.04.12","KECAMATAN":"NGAGLIK","ID_DESA":"34.04.12.2005","DESA":"SARDONOHARJO","LATITUDE":-7.721589,"LONGITUDE":110.4028372,"STATUS":"BUKA","TANGGAL PENGUMPULAN":"Q4 2023","TANGGAL UPDATE":"28/01/2025"}},{"type":"Feature","geometry":{"coordinates":[110.3808438,-7.7599776],"type":"Point"},"properties":{"fid":8319,"NAMA":"INDOMARET JAKAL KM 5","TIPE_1":"PERDAGANGAN DAN RETAIL","TIPE_2":"MINIMARKET","TIPE_3":"INDOMARET","TELEPON":"","ALAMAT":"JL. KALIURANG NO.24, KARANG WUNI, CATURTUNGGAL, KEC. DEPOK, KABUPATEN SLEMAN, DAERAH ISTIMEWA YOGYAKARTA 55281","ID_PROV":34,"PROVINSI":"DAERAH ISTIMEWA YOGYAKARTA","ID_KABKOT":34.04,"KABKOT":"SLEMAN","ID_KEC":"34.04.07","KECAMATAN":"DEPOK","ID_DESA":"34.04.07.2001","DESA":"CATURTUNGGAL","LATITUDE":-7.7599776,"LONGITUDE":110.3808438,"STATUS":"BUKA","TANGGAL PENGUMPULAN":"Q4 2023","TANGGAL UPDATE":"28/01/2025"}},{"type":"Feature","geometry":{"coordinates":[110.4194745,-7.6836919],"type":"Point"},"properties":{"fid":8320,"NAMA":"CIRCLE K KALIURANG KM 15","TIPE_1":"PERDAGANGAN DAN RETAIL","TIPE_2":"MINIMARKET","TIPE_3":"CIRCLE K","TELEPON":"","ALAMAT":"JL. KALIURANG NO.57, NGEMPLAK, UMBULMARTANI, KEC. NGEMPLAK, KABUPATEN SLEMAN, DAERAH ISTIMEWA YOGYAKARTA 55584","ID_PROV":34,"PROVINSI":"DAERAH ISTIMEWA YOGYAKARTA","ID_KABKOT":34.04,"KABKOT":"SLEMAN","ID_KEC":"34.04.11","KECAMATAN":"NGEMPLAK","ID_DESA":"34.04.11.2005","DESA":"UMBULMARTANI","LATITUDE":-7.6836919,"LONGITUDE":110.4194745,"STATUS":"BUKA","TANGGAL PENGUMPULAN":"Q4 2023","TANGGAL UPDATE":"28/01/2025"}},{"type":"Feature","geometry":{"coordinates":[110.3923309,-7.7392652],"type":"Point"},"properties":{"fid":8321,"NAMA":"INDOMARET SINDUHARJO","TIPE_1":"PERDAGANGAN DAN RETAIL","TIPE_2":"MINIMARKET","TIPE_3":"INDOMARET","TELEPON":"","ALAMAT":"JL. KALIURANG NO.7,8, NGABEAN KULON, SINDUHARJO, KEC. NGAGLIK, KABUPATEN SLEMAN, DAERAH ISTIMEWA YOGYAKARTA 55281","ID_PROV":34,"PROVINSI":"DAERAH ISTIMEWA YOGYAKARTA","ID_KABKOT":34.04,"KABKOT":"SLEMAN","ID_KEC":"34.04.12","KECAMATAN":"NGAGLIK","ID_DESA":"34.04.12.2003","DESA":"SINDUHARJO","LATITUDE":-7.7392652,"LONGITUDE":110.3923309,"STATUS":"BUKA","TANGGAL PENGUMPULAN":"Q4 2023","TANGGAL UPDATE":"28/01/2025"}},{"type":"Feature","geometry":{"coordinates":[110.4173378,-7.6705147],"type":"Point"},"properties":{"fid":8322,"NAMA":"INDOMARET PAKEM 2","TIPE_1":"PERDAGANGAN DAN RETAIL","TIPE_2":"MINIMARKET","TIPE_3":"INDOMARET","TELEPON":"(021) 1500280","ALAMAT":"JL. KALIURANG NO.KM. 16.5, KLEDOKAN, UMBULMARTANI, KEC. NGEMPLAK, KABUPATEN SLEMAN, DAERAH ISTIMEWA YOGYAKARTA 55786","ID_PROV":34,"PROVINSI":"DAERAH ISTIMEWA YOGYAKARTA","ID_KABKOT":34.04,"KABKOT":"SLEMAN","ID_KEC":"34.04.11","KECAMATAN":"NGEMPLAK","ID_DESA":"34.04.11.2005","DESA":"UMBULMARTANI","LATITUDE":-7.6705147,"LONGITUDE":110.4173378,"STATUS":"BUKA","TANGGAL PENGUMPULAN":"Q4 2023","TANGGAL UPDATE":"28/01/2025"}},{"type":"Feature","geometry":{"coordinates":[110.4134323,-7.7026191],"type":"Point"},"properties":{"fid":8323,"NAMA":"ALFAMART JAKAL KM 125","TIPE_1":"PERDAGANGAN DAN RETAIL","TIPE_2":"MINIMARKET","TIPE_3":"ALFAMART","TELEPON":"1 500 959","ALAMAT":"JL. KALIURANG NO.KM.12, 5, RT.02/RW.08, CANDI KARANG, SARDONOHARJO, KEC. NGAGLIK, KABUPATEN SLEMAN, DAERAH ISTIMEWA YOGYAKARTA 55581","ID_PROV":34,"PROVINSI":"DAERAH ISTIMEWA YOGYAKARTA","ID_KABKOT":34.04,"KABKOT":"SLEMAN","ID_KEC":"34.04.12","KECAMATAN":"NGAGLIK","ID_DESA":"34.04.12.2005","DESA":"SARDONOHARJO","LATITUDE":-7.7026191,"LONGITUDE":110.4134323,"STATUS":"BUKA","TANGGAL PENGUMPULAN":"Q4 2023","TANGGAL UPDATE":"28/01/2025"}},{"type":"Feature","geometry":{"coordinates":[110.4207579,-7.6613833],"type":"Point"},"properties":{"fid":8324,"NAMA":"MITRA MINA SWALAYAN PAKEM","TIPE_1":"PERDAGANGAN DAN RETAIL","TIPE_2":"MINIMARKET","TIPE_3":"LAINNYA","TELEPON":"0811-2646-257","ALAMAT":"JL. KALIURANG NO.KM.17, AREA SAWAH, PAKEMBINANGUN, KEC. PAKEM, KABUPATEN SLEMAN, DAERAH ISTIMEWA YOGYAKARTA 55582","ID_PROV":34,"PROVINSI":"DAERAH ISTIMEWA YOGYAKARTA","ID_KABKOT":34.04,"KABKOT":"SLEMAN","ID_KEC":"34.04.16","KECAMATAN":"PAKEM","ID_DESA":"34.04.16.2004","DESA":"PAKEMBINANGUN","LATITUDE":-7.6613833,"LONGITUDE":110.4207579,"STATUS":"BUKA","TANGGAL PENGUMPULAN":"Q4 2023","TANGGAL UPDATE":"28/01/2025"}},{"type":"Feature","geometry":{"coordinates":[110.3852921,-7.7512123],"type":"Point"},"properties":{"fid":8325,"NAMA":"INDOMARET KENTUNGAN","TIPE_1":"PERDAGANGAN DAN RETAIL","TIPE_2":"MINIMARKET","TIPE_3":"INDOMARET","TELEPON":"1 500 580","ALAMAT":"JL. KALIURANG, KENTUNGAN, CONDONGCATUR, KEC. DEPOK, KABUPATEN SLEMAN, DAERAH ISTIMEWA YOGYAKARTA 55281","ID_PROV":34,"PROVINSI":"DAERAH ISTIMEWA YOGYAKARTA","ID_KABKOT":34.04,"KABKOT":"SLEMAN","ID_KEC":"34.04.07","KECAMATAN":"DEPOK","ID_DESA":"34.04.07.2003","DESA":"CONDONGCATUR","LATITUDE":-7.7512123,"LONGITUDE":110.3852921,"STATUS":"BUKA","TANGGAL PENGUMPULAN":"Q4 2023","TANGGAL UPDATE":"28/01/2025"}},{"type":"Feature","geometry":{"coordinates":[110.380854,-7.759951],"type":"Point"},"properties":{"fid":8326,"NAMA":"INDOMARET KALIURANG 2","TIPE_1":"PERDAGANGAN DAN RETAIL","TIPE_2":"MINIMARKET","TIPE_3":"INDOMARET","TELEPON":"(0274) 542236","ALAMAT":"JL. KALIURANG, KM 5, 2, CATUR TUNGGAL, KEC. DEPOK, JL. KALIURANG NO.27, KARANG WUNI, CATURTUNGGAL, KEC. DEPOK, KABUPATEN SLEMAN, DAERAH ISTIMEWA YOGYAKARTA 55284","ID_PROV":34,"PROVINSI":"DAERAH ISTIMEWA YOGYAKARTA","ID_KABKOT":34.04,"KABKOT":"SLEMAN","ID_KEC":"34.04.07","KECAMATAN":"DEPOK","ID_DESA":"34.04.07.2001","DESA":"CATURTUNGGAL","LATITUDE":-7.759951,"LONGITUDE":110.380854,"STATUS":"BUKA","TANGGAL PENGUMPULAN":"Q4 2023","TANGGAL UPDATE":"28/01/2025"}},{"type":"Feature","geometry":{"coordinates":[110.4250433,-7.6330706],"type":"Point"},"properties":{"fid":8327,"NAMA":"ADANTE SWALAYAN","TIPE_1":"PERDAGANGAN DAN RETAIL","TIPE_2":"MINIMARKET","TIPE_3":"LAINNYA","TELEPON":"0856-4251-5558","ALAMAT":"JL. KALIURANG, PURWOREJO, HARGOBINANGUN, KEC. PAKEM, KABUPATEN SLEMAN, DAERAH ISTIMEWA YOGYAKARTA 55582","ID_PROV":34,"PROVINSI":"DAERAH ISTIMEWA YOGYAKARTA","ID_KABKOT":34.04,"KABKOT":"SLEMAN","ID_KEC":"34.04.16","KECAMATAN":"PAKEM","ID_DESA":"34.04.16.2005","DESA":"HARGOBINANGUN","LATITUDE":-7.6330706,"LONGITUDE":110.4250433,"STATUS":"BUKA","TANGGAL PENGUMPULAN":"Q4 2023","TANGGAL UPDATE":"28/01/2025"}},{"type":"Feature","geometry":{"coordinates":[110.4082558,-7.781213],"type":"Point"},"properties":{"fid":8362,"NAMA":"INDOMARET KLEDOKAN","TIPE_1":"PERDAGANGAN DAN RETAIL","TIPE_2":"MINIMARKET","TIPE_3":"INDOMARET","TELEPON":"","ALAMAT":"JL. KAPAS NO.7, NGENTAK, CATURTUNGGAL, KEC. DEPOK, KABUPATEN SLEMAN, DAERAH ISTIMEWA YOGYAKARTA 55281","ID_PROV":34,"PROVINSI":"DAERAH ISTIMEWA YOGYAKARTA","ID_KABKOT":34.04,"KABKOT":"SLEMAN","ID_KEC":"34.04.07","KECAMATAN":"DEPOK","ID_DESA":"34.04.07.2001","DESA":"CATURTUNGGAL","LATITUDE":-7.781213,"LONGITUDE":110.4082558,"STATUS":"BUKA","TANGGAL PENGUMPULAN":"Q4 2023","TANGGAL UPDATE":"28/01/2025"}},{"type":"Feature","geometry":{"coordinates":[110.3867197,-7.7216646],"type":"Point"},"properties":{"fid":8379,"NAMA":"ALFAMART KAPTEN HARYADI","TIPE_1":"PERDAGANGAN DAN RETAIL","TIPE_2":"MINIMARKET","TIPE_3":"ALFAMART","TELEPON":"1 500 959","ALAMAT":"JL. KAPT HARYADI DUSUN LOJAJAR RT.01, RW.21, LOJAJAR, SINDUHARJO, NGAGLIK, SLEMAN REGENCY, SPECIAL REGION OF YOGYAKARTA 55581","ID_PROV":34,"PROVINSI":"DAERAH ISTIMEWA YOGYAKARTA","ID_KABKOT":34.04,"KABKOT":"SLEMAN","ID_KEC":"34.04.12","KECAMATAN":"NGAGLIK","ID_DESA":"34.04.12.2003","DESA":"SINDUHARJO","LATITUDE":-7.7216646,"LONGITUDE":110.3867197,"STATUS":"BUKA","TANGGAL PENGUMPULAN":"Q4 2023","TANGGAL UPDATE":"28/01/2025"}},{"type":"Feature","geometry":{"coordinates":[110.3950064,-7.7252852],"type":"Point"},"properties":{"fid":8411,"NAMA":"INDOMARET NGEBEL GEDE","TIPE_1":"PERDAGANGAN DAN RETAIL","TIPE_2":"MINIMARKET","TIPE_3":"INDOMARET","TELEPON":"","ALAMAT":"JL. KAPTEN HARYADI NGEBELGEDE NO.51, DAYAKAN, SARDONOHARJO, KEC. NGAGLIK, KABUPATEN SLEMAN, DAERAH ISTIMEWA YOGYAKARTA 55581","ID_PROV":34,"PROVINSI":"DAERAH ISTIMEWA YOGYAKARTA","ID_KABKOT":34.04,"KABKOT":"SLEMAN","ID_KEC":"34.04.12","KECAMATAN":"NGAGLIK","ID_DESA":"34.04.12.2005","DESA":"SARDONOHARJO","LATITUDE":-7.7252852,"LONGITUDE":110.3950064,"STATUS":"BUKA","TANGGAL PENGUMPULAN":"Q4 2023","TANGGAL UPDATE":"28/01/2025"}},{"type":"Feature","geometry":{"coordinates":[110.3872424,-7.7218601],"type":"Point"},"properties":{"fid":8412,"NAMA":"INDOMARET KAPTEN HARYADI","TIPE_1":"PERDAGANGAN DAN RETAIL","TIPE_2":"MINIMARKET","TIPE_3":"INDOMARET","TELEPON":"","ALAMAT":"JL. KAPTEN HARYADI, LOJAJAR, SINDUHARJO, KEC. NGAGLIK, KABUPATEN SLEMAN, DAERAH ISTIMEWA YOGYAKARTA 55581","ID_PROV":34,"PROVINSI":"DAERAH ISTIMEWA YOGYAKARTA","ID_KABKOT":34.04,"KABKOT":"SLEMAN","ID_KEC":"34.04.12","KECAMATAN":"NGAGLIK","ID_DESA":"34.04.12.2003","DESA":"SINDUHARJO","LATITUDE":-7.7218601,"LONGITUDE":110.3872424,"STATUS":"BUKA","TANGGAL PENGUMPULAN":"Q4 2023","TANGGAL UPDATE":"28/01/2025"}},{"type":"Feature","geometry":{"coordinates":[110.3232592,-7.7319736],"type":"Point"},"properties":{"fid":8704,"NAMA":"INDOMARET KEBON AGUNG SUMBERADI","TIPE_1":"PERDAGANGAN DAN RETAIL","TIPE_2":"MINIMARKET","TIPE_3":"INDOMARET","TELEPON":"(0274) 869323","ALAMAT":"JL. KEBON AGUNG NO.16B, BEDINGIN, SUMBERADI, MLATI, SLEMAN REGENCY, SPECIAL REGION OF YOGYAKARTA 55286","ID_PROV":34,"PROVINSI":"DAERAH ISTIMEWA YOGYAKARTA","ID_KABKOT":34.04,"KABKOT":"SLEMAN","ID_KEC":"34.04.06","KECAMATAN":"MLATI","ID_DESA":"34.04.06.2005","DESA":"SUMBERADI","LATITUDE":-7.7319736,"LONGITUDE":110.3232592,"STATUS":"BUKA","TANGGAL PENGUMPULAN":"Q4 2023","TANGGAL UPDATE":"28/01/2025"}},{"type":"Feature","geometry":{"coordinates":[110.361911,-7.74835],"type":"Point"},"properties":{"fid":8705,"NAMA":"AULIA MINI MARKET","TIPE_1":"PERDAGANGAN DAN RETAIL","TIPE_2":"MINIMARKET","TIPE_3":"LAINNYA","TELEPON":"(0274) 869412","ALAMAT":"JL. KEBON AGUNG NO.278, MLATI DUKUH, SENDANGADI, KEC. MLATI, KABUPATEN SLEMAN, DAERAH ISTIMEWA YOGYAKARTA 55285","ID_PROV":34,"PROVINSI":"DAERAH ISTIMEWA YOGYAKARTA","ID_KABKOT":34.04,"KABKOT":"SLEMAN","ID_KEC":"34.04.06","KECAMATAN":"MLATI","ID_DESA":"34.04.06.2001","DESA":"SINDUADI","LATITUDE":-7.74835,"LONGITUDE":110.361911,"STATUS":"BUKA","TANGGAL PENGUMPULAN":"Q4 2023","TANGGAL UPDATE":"28/01/2025"}},{"type":"Feature","geometry":{"coordinates":[110.3559544,-7.743351],"type":"Point"},"properties":{"fid":8706,"NAMA":"INDOMARET KEBON AGUNG MLATI","TIPE_1":"PERDAGANGAN DAN RETAIL","TIPE_2":"MINIMARKET","TIPE_3":"INDOMARET","TELEPON":"","ALAMAT":"JL. KEBON AGUNG NO.8, KARANG GENENG, SENDANGADI, MLATI, SLEMAN REGENCY, SPECIAL REGION OF YOGYAKARTA 55285","ID_PROV":34,"PROVINSI":"DAERAH ISTIMEWA YOGYAKARTA","ID_KABKOT":34.04,"KABKOT":"SLEMAN","ID_KEC":"34.04.06","KECAMATAN":"MLATI","ID_DESA":"34.04.06.2002","DESA":"SENDANGADI","LATITUDE":-7.743351,"LONGITUDE":110.3559544,"STATUS":"BUKA","TANGGAL PENGUMPULAN":"Q4 2023","TANGGAL UPDATE":"28/01/2025"}},{"type":"Feature","geometry":{"coordinates":[110.3101708,-7.7233259],"type":"Point"},"properties":{"fid":8708,"NAMA":"INDOMARET KASURAN","TIPE_1":"PERDAGANGAN DAN RETAIL","TIPE_2":"MINIMARKET","TIPE_3":"INDOMARET","TELEPON":"","ALAMAT":"JL. KEBON AGUNG, KASURAN WETAN, MARGOMULYO, KEC. SEYEGAN, KABUPATEN SLEMAN, DAERAH ISTIMEWA YOGYAKARTA 55561","ID_PROV":34,"PROVINSI":"DAERAH ISTIMEWA YOGYAKARTA","ID_KABKOT":34.04,"KABKOT":"SLEMAN","ID_KEC":"34.04.05","KECAMATAN":"SEYEGAN","ID_DESA":"34.04.05.2004","DESA":"MARGOMULYO","LATITUDE":-7.7233259,"LONGITUDE":110.3101708,"STATUS":"BUKA","TANGGAL PENGUMPULAN":"Q4 2023","TANGGAL UPDATE":"28/01/2025"}},{"type":"Feature","geometry":{"coordinates":[110.3101655,-7.7233603],"type":"Point"},"properties":{"fid":8709,"NAMA":"INDOMART SEYEGAN","TIPE_1":"PERDAGANGAN DAN RETAIL","TIPE_2":"MINIMARKET","TIPE_3":"INDOMARET","TELEPON":"","ALAMAT":"JL. KEBON AGUNG, MRIYAN KULON, MARGOMULYO, KEC. SEYEGAN, KABUPATEN SLEMAN, DAERAH ISTIMEWA YOGYAKARTA 55561","ID_PROV":34,"PROVINSI":"DAERAH ISTIMEWA YOGYAKARTA","ID_KABKOT":34.04,"KABKOT":"SLEMAN","ID_KEC":"34.04.05","KECAMATAN":"SEYEGAN","ID_DESA":"34.04.05.2004","DESA":"MARGOMULYO","LATITUDE":-7.7233603,"LONGITUDE":110.3101655,"STATUS":"BUKA","TANGGAL PENGUMPULAN":"Q4 2023","TANGGAL UPDATE":"28/01/2025"}},{"type":"Feature","geometry":{"coordinates":[110.3210912,-7.731534],"type":"Point"},"properties":{"fid":8743,"NAMA":"ALFAMART BEDINGIN","TIPE_1":"PERDAGANGAN DAN RETAIL","TIPE_2":"MINIMARKET","TIPE_3":"ALFAMART","TELEPON":"1 500 959","ALAMAT":"JL. KEBUN AGUNG RT. 04 RW. 34, DSN, BEDINGIN, SUMBERADI, KEC. MLATI, KABUPATEN SLEMAN, DAERAH ISTIMEWA YOGYAKARTA 55288","ID_PROV":34,"PROVINSI":"DAERAH ISTIMEWA YOGYAKARTA","ID_KABKOT":34.04,"KABKOT":"SLEMAN","ID_KEC":"34.04.06","KECAMATAN":"MLATI","ID_DESA":"34.04.06.2005","DESA":"SUMBERADI","LATITUDE":-7.731534,"LONGITUDE":110.3210912,"STATUS":"BUKA","TANGGAL PENGUMPULAN":"Q4 2023","TANGGAL UPDATE":"28/01/2025"}},{"type":"Feature","geometry":{"coordinates":[110.4209952,-7.7531447],"type":"Point"},"properties":{"fid":8962,"NAMA":"DEWI MINIMARKET","TIPE_1":"PERDAGANGAN DAN RETAIL","TIPE_2":"MINIMARKET","TIPE_3":"LAINNYA","TELEPON":"(0274) 885638","ALAMAT":"JL. KEPUHSARI NO.17, KRODAN, MAGUWOHARJO, KEC. DEPOK, KABUPATEN SLEMAN, DAERAH ISTIMEWA YOGYAKARTA 55281","ID_PROV":34,"PROVINSI":"DAERAH ISTIMEWA YOGYAKARTA","ID_KABKOT":34.04,"KABKOT":"SLEMAN","ID_KEC":"34.04.07","KECAMATAN":"DEPOK","ID_DESA":"34.04.07.2002","DESA":"MAGUWOHARJO","LATITUDE":-7.7531447,"LONGITUDE":110.4209952,"STATUS":"BUKA","TANGGAL PENGUMPULAN":"Q4 2023","TANGGAL UPDATE":"28/01/2025"}},{"type":"Feature","geometry":{"coordinates":[110.3624977,-7.726073],"type":"Point"},"properties":{"fid":9635,"NAMA":"INDOMART FIHZ JAMAL 9","TIPE_1":"PERDAGANGAN DAN RETAIL","TIPE_2":"MINIMARKET","TIPE_3":"INDOMARET","TELEPON":"","ALAMAT":"JL. KRISNA, MULUNGAN KULON, SENDANGADI, KEC. MLATI, KABUPATEN SLEMAN, DAERAH ISTIMEWA YOGYAKARTA 55285","ID_PROV":34,"PROVINSI":"DAERAH ISTIMEWA YOGYAKARTA","ID_KABKOT":34.04,"KABKOT":"SLEMAN","ID_KEC":"34.04.06","KECAMATAN":"MLATI","ID_DESA":"34.04.06.2002","DESA":"SENDANGADI","LATITUDE":-7.726073,"LONGITUDE":110.3624977,"STATUS":"BUKA","TANGGAL PENGUMPULAN":"Q4 2023","TANGGAL UPDATE":"28/01/2025"}},{"type":"Feature","geometry":{"coordinates":[110.4003252,-7.7833847],"type":"Point"},"properties":{"fid":9771,"NAMA":"ALFAMART ADI SUCIPTO","TIPE_1":"PERDAGANGAN DAN RETAIL","TIPE_2":"MINIMARKET","TIPE_3":"ALFAMART","TELEPON":"1 500 959","ALAMAT":"JL. LAKSDA ADISUCIPTO KEL NO.103, AMBARUKMO, CATURTUNGGAL, KEC. DEPOK, KABUPATEN SLEMAN, DAERAH ISTIMEWA YOGYAKARTA 55281","ID_PROV":34,"PROVINSI":"DAERAH ISTIMEWA YOGYAKARTA","ID_KABKOT":34.04,"KABKOT":"SLEMAN","ID_KEC":"34.04.07","KECAMATAN":"DEPOK","ID_DESA":"34.04.07.2001","DESA":"CATURTUNGGAL","LATITUDE":-7.7833847,"LONGITUDE":110.4003252,"STATUS":"BUKA","TANGGAL PENGUMPULAN":"Q4 2023","TANGGAL UPDATE":"28/01/2025"}},{"type":"Feature","geometry":{"coordinates":[110.4090289,-7.7835063],"type":"Point"},"properties":{"fid":9772,"NAMA":"CIRCLE K LAKSDA ADI SUCIPTO 66","TIPE_1":"PERDAGANGAN DAN RETAIL","TIPE_2":"MINIMARKET","TIPE_3":"CIRCLE K","TELEPON":"","ALAMAT":"JL. LAKSDA ADISUCIPTO NO.66, NGENTAK, CATURTUNGGAL, KEC. DEPOK, KABUPATEN SLEMAN, DAERAH ISTIMEWA YOGYAKARTA 55281","ID_PROV":34,"PROVINSI":"DAERAH ISTIMEWA YOGYAKARTA","ID_KABKOT":34.04,"KABKOT":"SLEMAN","ID_KEC":"34.04.07","KECAMATAN":"DEPOK","ID_DESA":"34.04.07.2001","DESA":"CATURTUNGGAL","LATITUDE":-7.7835063,"LONGITUDE":110.4090289,"STATUS":"BUKA","TANGGAL PENGUMPULAN":"Q4 2023","TANGGAL UPDATE":"28/01/2025"}},{"type":"Feature","geometry":{"coordinates":[110.4247906,-7.7835958],"type":"Point"},"properties":{"fid":9775,"NAMA":"INDOMARET LAKSDA ADISUCIPTO KM 83","TIPE_1":"PERDAGANGAN DAN RETAIL","TIPE_2":"MINIMARKET","TIPE_3":"INDOMARET","TELEPON":"0812-9515-8435","ALAMAT":"JL. LAKSDA ADISUCIPTO, KALONGAN, MAGUWOHARJO, KEC. DEPOK, KABUPATEN SLEMAN, DAERAH ISTIMEWA YOGYAKARTA 55281","ID_PROV":34,"PROVINSI":"DAERAH ISTIMEWA YOGYAKARTA","ID_KABKOT":34.04,"KABKOT":"SLEMAN","ID_KEC":"34.04.07","KECAMATAN":"DEPOK","ID_DESA":"34.04.07.2002","DESA":"MAGUWOHARJO","LATITUDE":-7.7835958,"LONGITUDE":110.4247906,"STATUS":"BUKA","TANGGAL PENGUMPULAN":"Q4 2023","TANGGAL UPDATE":"28/01/2025"}},{"type":"Feature","geometry":{"coordinates":[110.348652,-7.701529],"type":"Point"},"properties":{"fid":9982,"NAMA":"RBW SWALAYAN","TIPE_1":"PERDAGANGAN DAN RETAIL","TIPE_2":"MINIMARKET","TIPE_3":"LAINNYA","TELEPON":"0810-0352-987","ALAMAT":"JL. LETKOL SUBADRI NO.1, WADAS, TRIDADI, KEC. SLEMAN, KABUPATEN SLEMAN, DAERAH ISTIMEWA YOGYAKARTA 55514","ID_PROV":34,"PROVINSI":"DAERAH ISTIMEWA YOGYAKARTA","ID_KABKOT":34.04,"KABKOT":"SLEMAN","ID_KEC":"34.04.13","KECAMATAN":"SLEMAN","ID_DESA":"34.04.13.2003","DESA":"TRIDADI","LATITUDE":-7.701529,"LONGITUDE":110.348652,"STATUS":"BUKA","TANGGAL PENGUMPULAN":"Q4 2023","TANGGAL UPDATE":"28/01/2025"}},{"type":"Feature","geometry":{"coordinates":[110.3320838,-7.7087537],"type":"Point"},"properties":{"fid":9983,"NAMA":"TRIHARJO MART","TIPE_1":"PERDAGANGAN DAN RETAIL","TIPE_2":"MINIMARKET","TIPE_3":"LAINNYA","TELEPON":"0811-2634-022","ALAMAT":"JL. LETKOL SUBADRI, JUMENENG LOR, SUMBERADI, KEC. MLATI, KABUPATEN SLEMAN, DAERAH ISTIMEWA YOGYAKARTA 55288","ID_PROV":34,"PROVINSI":"DAERAH ISTIMEWA YOGYAKARTA","ID_KABKOT":34.04,"KABKOT":"SLEMAN","ID_KEC":"34.04.13","KECAMATAN":"SLEMAN","ID_DESA":"34.04.13.2002","DESA":"TRIHARJO","LATITUDE":-7.7087537,"LONGITUDE":110.3320838,"STATUS":"BUKA","TANGGAL PENGUMPULAN":"Q4 2023","TANGGAL UPDATE":"28/01/2025"}},{"type":"Feature","geometry":{"coordinates":[110.3414245,-7.686545],"type":"Point"},"properties":{"fid":10219,"NAMA":"ALFAMART MURANGAN","TIPE_1":"PERDAGANGAN DAN RETAIL","TIPE_2":"MINIMARKET","TIPE_3":"ALFAMART","TELEPON":"1 500 959","ALAMAT":"JL. MAGELANG KM 13.8, DUSUN JL. MURANGAN VII NO.KEL, RT.15/RW.32, PANGGERAN 8, TRIHARJO, KEC. SLEMAN, KABUPATEN SLEMAN, DAERAH ISTIMEWA YOGYAKARTA 55514","ID_PROV":34,"PROVINSI":"DAERAH ISTIMEWA YOGYAKARTA","ID_KABKOT":34.04,"KABKOT":"SLEMAN","ID_KEC":"34.04.13","KECAMATAN":"SLEMAN","ID_DESA":"34.04.13.2002","DESA":"TRIHARJO","LATITUDE":-7.686545,"LONGITUDE":110.3414245,"STATUS":"BUKA","TANGGAL PENGUMPULAN":"Q4 2023","TANGGAL UPDATE":"28/01/2025"}},{"type":"Feature","geometry":{"coordinates":[110.3431116,-7.6898338],"type":"Point"},"properties":{"fid":10220,"NAMA":"INDOMARET MURANGAN","TIPE_1":"PERDAGANGAN DAN RETAIL","TIPE_2":"MINIMARKET","TIPE_3":"INDOMARET","TELEPON":"0816-500-580","ALAMAT":"JL. MAGELANG KM 135 RT.11/29, TRIHARJO, SLEMAN, PANGGERAN 8, TRIHARJO, SLEMAN, SLEMAN REGENCY, SPECIAL REGION OF YOGYAKARTA 55514","ID_PROV":34,"PROVINSI":"DAERAH ISTIMEWA YOGYAKARTA","ID_KABKOT":34.04,"KABKOT":"SLEMAN","ID_KEC":"34.04.13","KECAMATAN":"SLEMAN","ID_DESA":"34.04.13.2002","DESA":"TRIHARJO","LATITUDE":-7.6898338,"LONGITUDE":110.3431116,"STATUS":"BUKA","TANGGAL PENGUMPULAN":"Q4 2023","TANGGAL UPDATE":"28/01/2025"}},{"type":"Feature","geometry":{"coordinates":[110.3622841,-7.7552255],"type":"Point"},"properties":{"fid":10221,"NAMA":"ALFAMART MAGELANG 56","TIPE_1":"PERDAGANGAN DAN RETAIL","TIPE_2":"MINIMARKET","TIPE_3":"ALFAMART","TELEPON":"1 500 959","ALAMAT":"JL. MAGELANG KM 5.6 DESA KUTU TEGAL, RT. 09 RW. 25 KEL, KUTU TEGAL, SINDUADI, KEC. MLATI, KABUPATEN SLEMAN, DAERAH ISTIMEWA YOGYAKARTA 55284","ID_PROV":34,"PROVINSI":"DAERAH ISTIMEWA YOGYAKARTA","ID_KABKOT":34.04,"KABKOT":"SLEMAN","ID_KEC":"34.04.06","KECAMATAN":"MLATI","ID_DESA":"34.04.06.2001","DESA":"SINDUADI","LATITUDE":-7.7552255,"LONGITUDE":110.3622841,"STATUS":"BUKA","TANGGAL PENGUMPULAN":"Q4 2023","TANGGAL UPDATE":"28/01/2025"}},{"type":"Feature","geometry":{"coordinates":[110.3622775,-7.7428691],"type":"Point"},"properties":{"fid":10222,"NAMA":"CIRCLE K JL MAGELANG KM 7","TIPE_1":"PERDAGANGAN DAN RETAIL","TIPE_2":"MINIMARKET","TIPE_3":"CIRCLE K","TELEPON":"","ALAMAT":"JL. MAGELANG KM.7 NO.9, MLATI BENINGAN, SENDANGADI, KEC. MLATI, KABUPATEN SLEMAN, DAERAH ISTIMEWA YOGYAKARTA 55285","ID_PROV":34,"PROVINSI":"DAERAH ISTIMEWA YOGYAKARTA","ID_KABKOT":34.04,"KABKOT":"SLEMAN","ID_KEC":"34.04.06","KECAMATAN":"MLATI","ID_DESA":"34.04.06.2002","DESA":"SENDANGADI","LATITUDE":-7.7428691,"LONGITUDE":110.3622775,"STATUS":"BUKA","TANGGAL PENGUMPULAN":"Q4 2023","TANGGAL UPDATE":"28/01/2025"}},{"type":"Feature","geometry":{"coordinates":[110.362652,-7.7476031],"type":"Point"},"properties":{"fid":10223,"NAMA":"INDOMARET JOMBOR","TIPE_1":"PERDAGANGAN DAN RETAIL","TIPE_2":"MINIMARKET","TIPE_3":"INDOMARET","TELEPON":"","ALAMAT":"JL. MAGELANG NO.01, JOMBOR LOR, SENDANGADI, KEC. MLATI, KABUPATEN SLEMAN, DAERAH ISTIMEWA YOGYAKARTA 55284","ID_PROV":34,"PROVINSI":"DAERAH ISTIMEWA YOGYAKARTA","ID_KABKOT":34.04,"KABKOT":"SLEMAN","ID_KEC":"34.04.06","KECAMATAN":"MLATI","ID_DESA":"34.04.06.2001","DESA":"SINDUADI","LATITUDE":-7.7476031,"LONGITUDE":110.362652,"STATUS":"BUKA","TANGGAL PENGUMPULAN":"Q4 2023","TANGGAL UPDATE":"28/01/2025"}},{"type":"Feature","geometry":{"coordinates":[110.343116,-7.6898315],"type":"Point"},"properties":{"fid":10225,"NAMA":"SAY BREAD INDOMARET MURANGAN","TIPE_1":"PERDAGANGAN DAN RETAIL","TIPE_2":"MINIMARKET","TIPE_3":"INDOMARET","TELEPON":"","ALAMAT":"JL. MAGELANG NO.117, PANGGERAN 8, SINDUADI, KEC. MLATI, KABUPATEN SLEMAN, DAERAH ISTIMEWA YOGYAKARTA 55515","ID_PROV":34,"PROVINSI":"DAERAH ISTIMEWA YOGYAKARTA","ID_KABKOT":34.04,"KABKOT":"SLEMAN","ID_KEC":"34.04.13","KECAMATAN":"SLEMAN","ID_DESA":"34.04.13.2002","DESA":"TRIHARJO","LATITUDE":-7.6898315,"LONGITUDE":110.343116,"STATUS":"BUKA","TANGGAL PENGUMPULAN":"Q4 2023","TANGGAL UPDATE":"28/01/2025"}},{"type":"Feature","geometry":{"coordinates":[110.3262909,-7.6563736],"type":"Point"},"properties":{"fid":10226,"NAMA":"INDOMARET JL MAGELANG KM 17 TW4P","TIPE_1":"PERDAGANGAN DAN RETAIL","TIPE_2":"MINIMARKET","TIPE_3":"INDOMARET","TELEPON":"","ALAMAT":"JL. MAGELANG NO.12, NGEBONG, MARGOREJO, KEC. TEMPEL, KABUPATEN SLEMAN, DAERAH ISTIMEWA YOGYAKARTA 55552","ID_PROV":34,"PROVINSI":"DAERAH ISTIMEWA YOGYAKARTA","ID_KABKOT":34.04,"KABKOT":"SLEMAN","ID_KEC":"34.04.14","KECAMATAN":"TEMPEL","ID_DESA":"34.04.14.2006","DESA":"MARGOREJO","LATITUDE":-7.6563736,"LONGITUDE":110.3262909,"STATUS":"BUKA","TANGGAL PENGUMPULAN":"Q4 2023","TANGGAL UPDATE":"28/01/2025"}},{"type":"Feature","geometry":{"coordinates":[110.3617526,-7.7570598],"type":"Point"},"properties":{"fid":10227,"NAMA":"INDOMARET FRDO JAMAL 55","TIPE_1":"PERDAGANGAN DAN RETAIL","TIPE_2":"MINIMARKET","TIPE_3":"INDOMARET","TELEPON":"","ALAMAT":"JL. MAGELANG NO.5 NO.KM 5, KUTU ASEM, SINDUADI, KEC. MLATI, KABUPATEN SLEMAN, DAERAH ISTIMEWA YOGYAKARTA 55284","ID_PROV":34,"PROVINSI":"DAERAH ISTIMEWA YOGYAKARTA","ID_KABKOT":34.04,"KABKOT":"SLEMAN","ID_KEC":"34.04.06","KECAMATAN":"MLATI","ID_DESA":"34.04.06.2001","DESA":"SINDUADI","LATITUDE":-7.7570598,"LONGITUDE":110.3617526,"STATUS":"BUKA","TANGGAL PENGUMPULAN":"Q4 2023","TANGGAL UPDATE":"28/01/2025"}},{"type":"Feature","geometry":{"coordinates":[110.3619177,-7.7552712],"type":"Point"},"properties":{"fid":10228,"NAMA":"CIRCLE K JL MAGELANG KM 5","TIPE_1":"PERDAGANGAN DAN RETAIL","TIPE_2":"MINIMARKET","TIPE_3":"CIRCLE K","TELEPON":"","ALAMAT":"JL. MAGELANG NO.58, KUTU TEGAL, SINDUADI, KEC. MLATI, KABUPATEN SLEMAN, DAERAH ISTIMEWA YOGYAKARTA 55284","ID_PROV":34,"PROVINSI":"DAERAH ISTIMEWA YOGYAKARTA","ID_KABKOT":34.04,"KABKOT":"SLEMAN","ID_KEC":"34.04.06","KECAMATAN":"MLATI","ID_DESA":"34.04.06.2001","DESA":"SINDUADI","LATITUDE":-7.7552712,"LONGITUDE":110.3619177,"STATUS":"BUKA","TANGGAL PENGUMPULAN":"Q4 2023","TANGGAL UPDATE":"28/01/2025"}},{"type":"Feature","geometry":{"coordinates":[110.3618,-7.7663695],"type":"Point"},"properties":{"fid":10230,"NAMA":"INDOMARET MAGELANG KM5 TVRI","TIPE_1":"PERDAGANGAN DAN RETAIL","TIPE_2":"MINIMARKET","TIPE_3":"INDOMARET","TELEPON":"","ALAMAT":"JL. MAGELANG NO.KM 5, ROGOYUDAN, SINDUADI, KEC. MLATI, KABUPATEN SLEMAN, DAERAH ISTIMEWA YOGYAKARTA 55284","ID_PROV":34,"PROVINSI":"DAERAH ISTIMEWA YOGYAKARTA","ID_KABKOT":34.04,"KABKOT":"SLEMAN","ID_KEC":"34.04.06","KECAMATAN":"MLATI","ID_DESA":"34.04.06.2001","DESA":"SINDUADI","LATITUDE":-7.7663695,"LONGITUDE":110.3618,"STATUS":"BUKA","TANGGAL PENGUMPULAN":"Q4 2023","TANGGAL UPDATE":"28/01/2025"}},{"type":"Feature","geometry":{"coordinates":[110.349269,-7.701807],"type":"Point"},"properties":{"fid":10231,"NAMA":"INDOMARET MAGELANG KM12","TIPE_1":"PERDAGANGAN DAN RETAIL","TIPE_2":"MINIMARKET","TIPE_3":"INDOMARET","TELEPON":"","ALAMAT":"JL. MAGELANG NO.KM.12, WADAS, TRIDADI, KEC. SLEMAN, KABUPATEN SLEMAN, DAERAH ISTIMEWA YOGYAKARTA 55511","ID_PROV":34,"PROVINSI":"DAERAH ISTIMEWA YOGYAKARTA","ID_KABKOT":34.04,"KABKOT":"SLEMAN","ID_KEC":"34.04.13","KECAMATAN":"SLEMAN","ID_DESA":"34.04.13.2003","DESA":"TRIDADI","LATITUDE":-7.701807,"LONGITUDE":110.349269,"STATUS":"BUKA","TANGGAL PENGUMPULAN":"Q4 2023","TANGGAL UPDATE":"28/01/2025"}},{"type":"Feature","geometry":{"coordinates":[110.363641,-7.730885],"type":"Point"},"properties":{"fid":10232,"NAMA":"INDOMARET MAGELANG KM8","TIPE_1":"PERDAGANGAN DAN RETAIL","TIPE_2":"MINIMARKET","TIPE_3":"INDOMARET","TELEPON":"","ALAMAT":"JL. MAGELANG NO.KM.8, MULUNGAN WETAN, SENDANGADI, KEC. SLEMAN, KABUPATEN SLEMAN, DAERAH ISTIMEWA YOGYAKARTA 55285","ID_PROV":34,"PROVINSI":"DAERAH ISTIMEWA YOGYAKARTA","ID_KABKOT":34.04,"KABKOT":"SLEMAN","ID_KEC":"34.04.06","KECAMATAN":"MLATI","ID_DESA":"34.04.06.2002","DESA":"SENDANGADI","LATITUDE":-7.730885,"LONGITUDE":110.363641,"STATUS":"BUKA","TANGGAL PENGUMPULAN":"Q4 2023","TANGGAL UPDATE":"28/01/2025"}},{"type":"Feature","geometry":{"coordinates":[110.3691864,-7.7659454],"type":"Point"},"properties":{"fid":11011,"NAMA":"INDOMARET KARANGJATI","TIPE_1":"PERDAGANGAN DAN RETAIL","TIPE_2":"MINIMARKET","TIPE_3":"INDOMARET","TELEPON":"(0274) 6411190","ALAMAT":"JL. MONJALI, KUTU DUKUH, SINDUADI, KEC. MLATI, KABUPATEN SLEMAN, DAERAH ISTIMEWA YOGYAKARTA 55284","ID_PROV":34,"PROVINSI":"DAERAH ISTIMEWA YOGYAKARTA","ID_KABKOT":34.04,"KABKOT":"SLEMAN","ID_KEC":"34.04.06","KECAMATAN":"MLATI","ID_DESA":"34.04.06.2001","DESA":"SINDUADI","LATITUDE":-7.7659454,"LONGITUDE":110.3691864,"STATUS":"BUKA","TANGGAL PENGUMPULAN":"Q4 2023","TANGGAL UPDATE":"28/01/2025"}},{"type":"Feature","geometry":{"coordinates":[110.369629,-7.756844],"type":"Point"},"properties":{"fid":11012,"NAMA":"INDOMARCO PRISMATAMA PT","TIPE_1":"PERDAGANGAN DAN RETAIL","TIPE_2":"MINIMARKET","TIPE_3":"INDOMARET","TELEPON":"(0274) 6411310","ALAMAT":"JL. MONJALI, RT. 06 RW. 45, GEMAWANG, SINDUADI, MLATI, 55281, GEMAWANG, SINDUADI, KEC. SLEMAN, KABUPATEN SLEMAN, DAERAH ISTIMEWA YOGYAKARTA 55284","ID_PROV":34,"PROVINSI":"DAERAH ISTIMEWA YOGYAKARTA","ID_KABKOT":34.04,"KABKOT":"SLEMAN","ID_KEC":"34.04.06","KECAMATAN":"MLATI","ID_DESA":"34.04.06.2001","DESA":"SINDUADI","LATITUDE":-7.756844,"LONGITUDE":110.369629,"STATUS":"BUKA","TANGGAL PENGUMPULAN":"Q4 2023","TANGGAL UPDATE":"28/01/2025"}},{"type":"Feature","geometry":{"coordinates":[110.3693505,-7.7606607],"type":"Point"},"properties":{"fid":11017,"NAMA":"INDOMARET MONJALI SELATAN","TIPE_1":"PERDAGANGAN DAN RETAIL","TIPE_2":"MINIMARKET","TIPE_3":"INDOMARET","TELEPON":"(0274) 6411310","ALAMAT":"JL. MONUMEN JOGJA KEMBALI, GEMAWANG, SINDUADI, KEC. MLATI, KABUPATEN SLEMAN, DAERAH ISTIMEWA YOGYAKARTA 55284","ID_PROV":34,"PROVINSI":"DAERAH ISTIMEWA YOGYAKARTA","ID_KABKOT":34.04,"KABKOT":"SLEMAN","ID_KEC":"34.04.06","KECAMATAN":"MLATI","ID_DESA":"34.04.06.2001","DESA":"SINDUADI","LATITUDE":-7.7606607,"LONGITUDE":110.3693505,"STATUS":"BUKA","TANGGAL PENGUMPULAN":"Q4 2023","TANGGAL UPDATE":"28/01/2025"}},{"type":"Feature","geometry":{"coordinates":[110.2860842,-7.8090742],"type":"Point"},"properties":{"fid":11258,"NAMA":"INDOMARET WATES KM 9","TIPE_1":"PERDAGANGAN DAN RETAIL","TIPE_2":"MINIMARKET","TIPE_3":"INDOMARET","TELEPON":"(0274) 2820330","ALAMAT":"JL. NASIONAL III, JATIPERENG, BALECATUR, KEC. GAMPING, KABUPATEN SLEMAN, DAERAH ISTIMEWA YOGYAKARTA 55295","ID_PROV":34,"PROVINSI":"DAERAH ISTIMEWA YOGYAKARTA","ID_KABKOT":34.04,"KABKOT":"SLEMAN","ID_KEC":"34.04.01","KECAMATAN":"GAMPING","ID_DESA":"34.04.01.2001","DESA":"BALECATUR","LATITUDE":-7.8090742,"LONGITUDE":110.2860842,"STATUS":"BUKA","TANGGAL PENGUMPULAN":"Q4 2023","TANGGAL UPDATE":"28/01/2025"}},{"type":"Feature","geometry":{"coordinates":[110.3373264,-7.7782712],"type":"Point"},"properties":{"fid":11294,"NAMA":"ALFAMART GODEAN KM 5","TIPE_1":"PERDAGANGAN DAN RETAIL","TIPE_2":"MINIMARKET","TIPE_3":"ALFAMART","TELEPON":"1 500 959","ALAMAT":"JL. NGAPAK - KENTHENG KEL NO.KM. 05, AREA SAWAH, NOGOTIRTO, KEC. GAMPING, KABUPATEN SLEMAN, DAERAH ISTIMEWA YOGYAKARTA 55292","ID_PROV":34,"PROVINSI":"DAERAH ISTIMEWA YOGYAKARTA","ID_KABKOT":34.04,"KABKOT":"SLEMAN","ID_KEC":"34.04.01","KECAMATAN":"GAMPING","ID_DESA":"34.04.01.2004","DESA":"NOGOTIRTO","LATITUDE":-7.7782712,"LONGITUDE":110.3373264,"STATUS":"BUKA","TANGGAL PENGUMPULAN":"Q4 2023","TANGGAL UPDATE":"28/01/2025"}},{"type":"Feature","geometry":{"coordinates":[110.2591171,-7.7599034],"type":"Point"},"properties":{"fid":11296,"NAMA":"INDOMARET MOYUDAN","TIPE_1":"PERDAGANGAN DAN RETAIL","TIPE_2":"MINIMARKET","TIPE_3":"INDOMARET","TELEPON":"","ALAMAT":"JL. NGAPAK - KENTHENG NO.13, GEDONGAN, SUMBERAGUNG, KEC. MOYUDAN, KABUPATEN SLEMAN, DAERAH ISTIMEWA YOGYAKARTA 55264","ID_PROV":34,"PROVINSI":"DAERAH ISTIMEWA YOGYAKARTA","ID_KABKOT":34.04,"KABKOT":"SLEMAN","ID_KEC":"34.04.03","KECAMATAN":"MOYUDAN","ID_DESA":"34.04.03.2003","DESA":"SUMBERAGUNG","LATITUDE":-7.7599034,"LONGITUDE":110.2591171,"STATUS":"BUKA","TANGGAL PENGUMPULAN":"Q4 2023","TANGGAL UPDATE":"28/01/2025"}},{"type":"Feature","geometry":{"coordinates":[110.2806609,-7.7632943],"type":"Point"},"properties":{"fid":11297,"NAMA":"INDOMARET GODEAN KM12","TIPE_1":"PERDAGANGAN DAN RETAIL","TIPE_2":"MINIMARKET","TIPE_3":"INDOMARET","TELEPON":"(021) 1500280","ALAMAT":"JL. NGAPAK - KENTHENG NO.25, BERJO KULON, SIDOLUHUR, KEC. GODEAN, KABUPATEN SLEMAN, DAERAH ISTIMEWA YOGYAKARTA 55264","ID_PROV":34,"PROVINSI":"DAERAH ISTIMEWA YOGYAKARTA","ID_KABKOT":34.04,"KABKOT":"SLEMAN","ID_KEC":"34.04.02","KECAMATAN":"GODEAN","ID_DESA":"34.04.02.2002","DESA":"SIDOLUHUR","LATITUDE":-7.7632943,"LONGITUDE":110.2806609,"STATUS":"BUKA","TANGGAL PENGUMPULAN":"Q4 2023","TANGGAL UPDATE":"28/01/2025"}},{"type":"Feature","geometry":{"coordinates":[110.3391168,-7.7789748],"type":"Point"},"properties":{"fid":11298,"NAMA":"INDOMARET BANYURADEN","TIPE_1":"PERDAGANGAN DAN RETAIL","TIPE_2":"MINIMARKET","TIPE_3":"INDOMARET","TELEPON":"(021) 1500580","ALAMAT":"JL. NGAPAK - KENTHENG NO.9-23, AREA SAWAH, BANYURADEN, KEC. GAMPING, KABUPATEN SLEMAN, DAERAH ISTIMEWA YOGYAKARTA 55293","ID_PROV":34,"PROVINSI":"DAERAH ISTIMEWA YOGYAKARTA","ID_KABKOT":34.04,"KABKOT":"SLEMAN","ID_KEC":"34.04.01","KECAMATAN":"GAMPING","ID_DESA":"34.04.01.2003","DESA":"BANYURADEN","LATITUDE":-7.7789748,"LONGITUDE":110.3391168,"STATUS":"BUKA","TANGGAL PENGUMPULAN":"Q4 2023","TANGGAL UPDATE":"28/01/2025"}},{"type":"Feature","geometry":{"coordinates":[110.304082,-7.770244],"type":"Point"},"properties":{"fid":11299,"NAMA":"INDOMARET SIDOAGUNG","TIPE_1":"PERDAGANGAN DAN RETAIL","TIPE_2":"MINIMARKET","TIPE_3":"INDOMARET","TELEPON":"","ALAMAT":"JL. NGAPAK - KENTHENG NO.KM 9, AREA SAWAH, SIDOAGUNG, KEC. GODEAN, KABUPATEN SLEMAN, DAERAH ISTIMEWA YOGYAKARTA 55264","ID_PROV":34,"PROVINSI":"DAERAH ISTIMEWA YOGYAKARTA","ID_KABKOT":34.04,"KABKOT":"SLEMAN","ID_KEC":"34.04.02","KECAMATAN":"GODEAN","ID_DESA":"34.04.02.2004","DESA":"SIDOAGUNG","LATITUDE":-7.770244,"LONGITUDE":110.304082,"STATUS":"BUKA","TANGGAL PENGUMPULAN":"Q4 2023","TANGGAL UPDATE":"28/01/2025"}},{"type":"Feature","geometry":{"coordinates":[110.311703,-7.7724169],"type":"Point"},"properties":{"fid":11300,"NAMA":"INDOMARET GODEAN KM8","TIPE_1":"PERDAGANGAN DAN RETAIL","TIPE_2":"MINIMARKET","TIPE_3":"INDOMARET","TELEPON":"(0274) 6496177","ALAMAT":"JL. NGAPAK - KENTHENG NO.KM. 08, KLAJURAN, SIDOKARTO, KEC. GODEAN, KABUPATEN SLEMAN, DAERAH ISTIMEWA YOGYAKARTA 55264","ID_PROV":34,"PROVINSI":"DAERAH ISTIMEWA YOGYAKARTA","ID_KABKOT":34.04,"KABKOT":"SLEMAN","ID_KEC":"34.04.02","KECAMATAN":"GODEAN","ID_DESA":"34.04.02.2005","DESA":"SIDOKARTO","LATITUDE":-7.7724169,"LONGITUDE":110.311703,"STATUS":"BUKA","TANGGAL PENGUMPULAN":"Q4 2023","TANGGAL UPDATE":"28/01/2025"}},{"type":"Feature","geometry":{"coordinates":[110.316747,-7.77355],"type":"Point"},"properties":{"fid":11301,"NAMA":"ANDRA MART","TIPE_1":"PERDAGANGAN DAN RETAIL","TIPE_2":"MINIMARKET","TIPE_3":"LAINNYA","TELEPON":"0857-4738-0078","ALAMAT":"JL. NGAPAK - KENTHENG NO.KM.8, COKRO KONTENG, SIDOARUM, KEC. GODEAN, KABUPATEN SLEMAN, DAERAH ISTIMEWA YOGYAKARTA 55264","ID_PROV":34,"PROVINSI":"DAERAH ISTIMEWA YOGYAKARTA","ID_KABKOT":34.04,"KABKOT":"SLEMAN","ID_KEC":"34.04.02","KECAMATAN":"GODEAN","ID_DESA":"34.04.02.2006","DESA":"SIDOARUM","LATITUDE":-7.77355,"LONGITUDE":110.316747,"STATUS":"BUKA","TANGGAL PENGUMPULAN":"Q4 2023","TANGGAL UPDATE":"28/01/2025"}},{"type":"Feature","geometry":{"coordinates":[110.3271757,-7.7763655],"type":"Point"},"properties":{"fid":11302,"NAMA":"INDOMARET GODEAN KM 6","TIPE_1":"PERDAGANGAN DAN RETAIL","TIPE_2":"MINIMARKET","TIPE_3":"INDOMARET","TELEPON":"(0274) 6497747","ALAMAT":"JL. NGAPAK - KENTHENG, COKRO GEDOK, SIDOARUM, KEC. GODEAN, KABUPATEN SLEMAN, DAERAH ISTIMEWA YOGYAKARTA 55264","ID_PROV":34,"PROVINSI":"DAERAH ISTIMEWA YOGYAKARTA","ID_KABKOT":34.04,"KABKOT":"SLEMAN","ID_KEC":"34.04.02","KECAMATAN":"GODEAN","ID_DESA":"34.04.02.2006","DESA":"SIDOARUM","LATITUDE":-7.7763655,"LONGITUDE":110.3271757,"STATUS":"BUKA","TANGGAL PENGUMPULAN":"Q4 2023","TANGGAL UPDATE":"28/01/2025"}},{"type":"Feature","geometry":{"coordinates":[110.3773759,-7.7430068],"type":"Point"},"properties":{"fid":11329,"NAMA":"MINA SWALAYAN NGLEMPONG SARI","TIPE_1":"PERDAGANGAN DAN RETAIL","TIPE_2":"MINIMARKET","TIPE_3":"LAINNYA","TELEPON":"(0274) 6534022","ALAMAT":"JL. NGLEMPONG SARI NO.130, JONGKANG, SARIHARJO, KEC. NGAGLIK, KABUPATEN SLEMAN, DAERAH ISTIMEWA YOGYAKARTA 55581","ID_PROV":34,"PROVINSI":"DAERAH ISTIMEWA YOGYAKARTA","ID_KABKOT":34.04,"KABKOT":"SLEMAN","ID_KEC":"34.04.12","KECAMATAN":"NGAGLIK","ID_DESA":"34.04.12.2001","DESA":"SARIHARJO","LATITUDE":-7.7430068,"LONGITUDE":110.3773759,"STATUS":"BUKA","TANGGAL PENGUMPULAN":"Q4 2023","TANGGAL UPDATE":"28/01/2025"}},{"type":"Feature","geometry":{"coordinates":[110.3996892,-7.7868962],"type":"Point"},"properties":{"fid":11365,"NAMA":"INDOMARET NOGOROJO","TIPE_1":"PERDAGANGAN DAN RETAIL","TIPE_2":"MINIMARKET","TIPE_3":"INDOMARET","TELEPON":"","ALAMAT":"JL. NOGOROJO NO.15, AMBARUKMO, CATURTUNGGAL, KEC. DEPOK, KABUPATEN SLEMAN, DAERAH ISTIMEWA YOGYAKARTA 55198","ID_PROV":34,"PROVINSI":"DAERAH ISTIMEWA YOGYAKARTA","ID_KABKOT":34.04,"KABKOT":"SLEMAN","ID_KEC":"34.04.07","KECAMATAN":"DEPOK","ID_DESA":"34.04.07.2001","DESA":"CATURTUNGGAL","LATITUDE":-7.7868962,"LONGITUDE":110.3996892,"STATUS":"BUKA","TANGGAL PENGUMPULAN":"Q4 2023","TANGGAL UPDATE":"28/01/2025"}},{"type":"Feature","geometry":{"coordinates":[110.4004355,-7.77848],"type":"Point"},"properties":{"fid":11370,"NAMA":"CIRCLE K NOLOGATEN SQUARE","TIPE_1":"PERDAGANGAN DAN RETAIL","TIPE_2":"MINIMARKET","TIPE_3":"CIRCLE K","TELEPON":"","ALAMAT":"JL. NOLOGATEN, NOLOGATEN, CATURTUNGGAL, KEC. DEPOK, KABUPATEN SLEMAN, DAERAH ISTIMEWA YOGYAKARTA 55281","ID_PROV":34,"PROVINSI":"DAERAH ISTIMEWA YOGYAKARTA","ID_KABKOT":34.04,"KABKOT":"SLEMAN","ID_KEC":"34.04.07","KECAMATAN":"DEPOK","ID_DESA":"34.04.07.2001","DESA":"CATURTUNGGAL","LATITUDE":-7.77848,"LONGITUDE":110.4004355,"STATUS":"BUKA","TANGGAL PENGUMPULAN":"Q4 2023","TANGGAL UPDATE":"28/01/2025"}},{"type":"Feature","geometry":{"coordinates":[110.4102645,-7.7545172],"type":"Point"},"properties":{"fid":11387,"NAMA":"INDOMARET NUSA INDAH NO 50","TIPE_1":"PERDAGANGAN DAN RETAIL","TIPE_2":"MINIMARKET","TIPE_3":"INDOMARET","TELEPON":"","ALAMAT":"JL. NUSA INDAH II NO.50, DERO, CONDONGCATUR, DEPOK, SLEMAN REGENCY, SPECIAL REGION OF YOGYAKARTA 55281","ID_PROV":34,"PROVINSI":"DAERAH ISTIMEWA YOGYAKARTA","ID_KABKOT":34.04,"KABKOT":"SLEMAN","ID_KEC":"34.04.07","KECAMATAN":"DEPOK","ID_DESA":"34.04.07.2003","DESA":"CONDONGCATUR","LATITUDE":-7.7545172,"LONGITUDE":110.4102645,"STATUS":"BUKA","TANGGAL PENGUMPULAN":"Q4 2023","TANGGAL UPDATE":"28/01/2025"}},{"type":"Feature","geometry":{"coordinates":[110.4114341,-7.7512997],"type":"Point"},"properties":{"fid":11388,"NAMA":"INDOMARET NUSA INDAH 249  250","TIPE_1":"PERDAGANGAN DAN RETAIL","TIPE_2":"MINIMARKET","TIPE_3":"INDOMARET","TELEPON":"","ALAMAT":"JL. NUSA INDAH NO.249, DERO, CONDONGCATUR, DEPOK, SLEMAN REGENCY, SPECIAL REGION OF YOGYAKARTA 55281","ID_PROV":34,"PROVINSI":"DAERAH ISTIMEWA YOGYAKARTA","ID_KABKOT":34.04,"KABKOT":"SLEMAN","ID_KEC":"34.04.07","KECAMATAN":"DEPOK","ID_DESA":"34.04.07.2003","DESA":"CONDONGCATUR","LATITUDE":-7.7512997,"LONGITUDE":110.4114341,"STATUS":"BUKA","TANGGAL PENGUMPULAN":"Q4 2023","TANGGAL UPDATE":"28/01/2025"}},{"type":"Feature","geometry":{"coordinates":[110.3455382,-7.7765239],"type":"Point"},"properties":{"fid":11389,"NAMA":"INDOMARET NUSA INDAH","TIPE_1":"PERDAGANGAN DAN RETAIL","TIPE_2":"MINIMARKET","TIPE_3":"INDOMARET","TELEPON":"(0274) 2922727","ALAMAT":"JL. NUSA INDAH NO.55, KWARASAN, NOGOTIRTO, KEC. GAMPING, KABUPATEN SLEMAN, DAERAH ISTIMEWA YOGYAKARTA 55592","ID_PROV":34,"PROVINSI":"DAERAH ISTIMEWA YOGYAKARTA","ID_KABKOT":34.04,"KABKOT":"SLEMAN","ID_KEC":"34.04.01","KECAMATAN":"GAMPING","ID_DESA":"34.04.01.2004","DESA":"NOGOTIRTO","LATITUDE":-7.7765239,"LONGITUDE":110.3455382,"STATUS":"BUKA","TANGGAL PENGUMPULAN":"Q4 2023","TANGGAL UPDATE":"28/01/2025"}},{"type":"Feature","geometry":{"coordinates":[110.368764,-7.7681797],"type":"Point"},"properties":{"fid":11431,"NAMA":"PRIMA JAYA SWALAYAN","TIPE_1":"PERDAGANGAN DAN RETAIL","TIPE_2":"MINIMARKET","TIPE_3":"LAINNYA","TELEPON":"(0274) 580067","ALAMAT":"JL. NYI TJONDROLUKITO, KUTU DUKUH, SINDUADI, KEC. MLATI, KABUPATEN SLEMAN, DAERAH ISTIMEWA YOGYAKARTA 55262","ID_PROV":34,"PROVINSI":"DAERAH ISTIMEWA YOGYAKARTA","ID_KABKOT":34.04,"KABKOT":"SLEMAN","ID_KEC":"34.04.06","KECAMATAN":"MLATI","ID_DESA":"34.04.06.2001","DESA":"SINDUADI","LATITUDE":-7.7681797,"LONGITUDE":110.368764,"STATUS":"BUKA","TANGGAL PENGUMPULAN":"Q4 2023","TANGGAL UPDATE":"28/01/2025"}},{"type":"Feature","geometry":{"coordinates":[110.4386504,-7.7695825],"type":"Point"},"properties":{"fid":11482,"NAMA":"INDOMARET PANGERAN DIPONEGORO SLEMAN","TIPE_1":"PERDAGANGAN DAN RETAIL","TIPE_2":"MINIMARKET","TIPE_3":"INDOMARET","TELEPON":"","ALAMAT":"JL. P. DIPONEGORO NO.1, MEGUWO, MAGUWOHARJO, KEC. DEPOK, KABUPATEN SLEMAN, DAERAH ISTIMEWA YOGYAKARTA 55281","ID_PROV":34,"PROVINSI":"DAERAH ISTIMEWA YOGYAKARTA","ID_KABKOT":34.04,"KABKOT":"SLEMAN","ID_KEC":"34.04.07","KECAMATAN":"DEPOK","ID_DESA":"34.04.07.2002","DESA":"MAGUWOHARJO","LATITUDE":-7.7695825,"LONGITUDE":110.4386504,"STATUS":"BUKA","TANGGAL PENGUMPULAN":"Q4 2023","TANGGAL UPDATE":"28/01/2025"}},{"type":"Feature","geometry":{"coordinates":[110.4678361,-7.7057967],"type":"Point"},"properties":{"fid":11699,"NAMA":"INDOMARET KOROULON","TIPE_1":"PERDAGANGAN DAN RETAIL","TIPE_2":"MINIMARKET","TIPE_3":"INDOMARET","TELEPON":"","ALAMAT":"JL. PAKEM - KALASAN, AREA SAWAH, BIMOMARTANI, KEC. NGEMPLAK, KABUPATEN SLEMAN, DAERAH ISTIMEWA YOGYAKARTA 55584","ID_PROV":34,"PROVINSI":"DAERAH ISTIMEWA YOGYAKARTA","ID_KABKOT":34.04,"KABKOT":"SLEMAN","ID_KEC":"34.04.11","KECAMATAN":"NGEMPLAK","ID_DESA":"34.04.11.2002","DESA":"BIMOMARTANI","LATITUDE":-7.7057967,"LONGITUDE":110.4678361,"STATUS":"BUKA","TANGGAL PENGUMPULAN":"Q4 2023","TANGGAL UPDATE":"28/01/2025"}},{"type":"Feature","geometry":{"coordinates":[110.4096983,-7.7708377],"type":"Point"},"properties":{"fid":490,"NAMA":"INDOMARET SETURAN","TIPE_1":"PERDAGANGAN DAN RETAIL","TIPE_2":"MINIMARKET","TIPE_3":"INDOMARET","TELEPON":"1 500 580","ALAMAT":"JL. SETURAN RAYA NO.5 A NO.5, KLEDOKAN, CATURTUNGGAL, KEC. DEPOK, KABUPATEN SLEMAN, DAERAH ISTIMEWA YOGYAKARTA 55281","ID_PROV":34,"PROVINSI":"DAERAH ISTIMEWA YOGYAKARTA","ID_KABKOT":34.04,"KABKOT":"SLEMAN","ID_KEC":"34.04.07","KECAMATAN":"DEPOK","ID_DESA":"34.04.07.2001","DESA":"CATURTUNGGAL","LATITUDE":-7.7708377,"LONGITUDE":110.4096983,"STATUS":"BUKA","TANGGAL PENGUMPULAN":"Q4 2023","TANGGAL UPDATE":"28/01/2025"}},{"type":"Feature","geometry":{"coordinates":[110.3391492,-7.7787965],"type":"Point"},"properties":{"fid":634,"NAMA":"INDOMARET KM 5 GODEAN","TIPE_1":"PERDAGANGAN DAN RETAIL","TIPE_2":"MINIMARKET","TIPE_3":"INDOMARET","TELEPON":"","ALAMAT":"AREA SAWAH, BANYURADEN, KEC. GAMPING, KABUPATEN SLEMAN, DAERAH ISTIMEWA YOGYAKARTA 55293","ID_PROV":34,"PROVINSI":"DAERAH ISTIMEWA YOGYAKARTA","ID_KABKOT":34.04,"KABKOT":"SLEMAN","ID_KEC":"34.04.01","KECAMATAN":"GAMPING","ID_DESA":"34.04.01.2003","DESA":"BANYURADEN","LATITUDE":-7.7787965,"LONGITUDE":110.3391492,"STATUS":"BUKA","TANGGAL PENGUMPULAN":"Q4 2023","TANGGAL UPDATE":"28/01/2025"}},{"type":"Feature","geometry":{"coordinates":[110.3420966,-7.7841273],"type":"Point"},"properties":{"fid":635,"NAMA":"INDOMARET TITI BUMI","TIPE_1":"PERDAGANGAN DAN RETAIL","TIPE_2":"MINIMARKET","TIPE_3":"INDOMARET","TELEPON":"(022) 1500580","ALAMAT":"AREA SAWAH, BANYURADEN, KEC. GAMPING, KABUPATEN SLEMAN, DAERAH ISTIMEWA YOGYAKARTA 55293","ID_PROV":34,"PROVINSI":"DAERAH ISTIMEWA YOGYAKARTA","ID_KABKOT":34.04,"KABKOT":"SLEMAN","ID_KEC":"34.04.01","KECAMATAN":"GAMPING","ID_DESA":"34.04.01.2003","DESA":"BANYURADEN","LATITUDE":-7.7841273,"LONGITUDE":110.3420966,"STATUS":"BUKA","TANGGAL PENGUMPULAN":"Q4 2023","TANGGAL UPDATE":"28/01/2025"}},{"type":"Feature","geometry":{"coordinates":[110.3428181,-7.7348931],"type":"Point"},"properties":{"fid":638,"NAMA":"INDOMARET TLOGOADI","TIPE_1":"PERDAGANGAN DAN RETAIL","TIPE_2":"MINIMARKET","TIPE_3":"INDOMARET","TELEPON":"(0274) 880176","ALAMAT":"AREA SAWAH, TLOGOADI, KEC. MLATI, KABUPATEN SLEMAN, DAERAH ISTIMEWA YOGYAKARTA 55286","ID_PROV":34,"PROVINSI":"DAERAH ISTIMEWA YOGYAKARTA","ID_KABKOT":34.04,"KABKOT":"SLEMAN","ID_KEC":"34.04.06","KECAMATAN":"MLATI","ID_DESA":"34.04.06.2003","DESA":"TLOGOADI","LATITUDE":-7.7348931,"LONGITUDE":110.3428181,"STATUS":"BUKA","TANGGAL PENGUMPULAN":"Q4 2023","TANGGAL UPDATE":"28/01/2025"}},{"type":"Feature","geometry":{"coordinates":[110.329939,-7.733685],"type":"Point"},"properties":{"fid":639,"NAMA":"KN MINIMARKET","TIPE_1":"PERDAGANGAN DAN RETAIL","TIPE_2":"MINIMARKET","TIPE_3":"LAINNYA","TELEPON":"","ALAMAT":"AREA SAWAH, TLOGOADI, KEC. MLATI, KABUPATEN SLEMAN, DAERAH ISTIMEWA YOGYAKARTA 55286","ID_PROV":34,"PROVINSI":"DAERAH ISTIMEWA YOGYAKARTA","ID_KABKOT":34.04,"KABKOT":"SLEMAN","ID_KEC":"34.04.06","KECAMATAN":"MLATI","ID_DESA":"34.04.06.2003","DESA":"TLOGOADI","LATITUDE":-7.733685,"LONGITUDE":110.329939,"STATUS":"BUKA","TANGGAL PENGUMPULAN":"Q4 2023","TANGGAL UPDATE":"28/01/2025"}},{"type":"Feature","geometry":{"coordinates":[110.4468283,-7.7022097],"type":"Point"},"properties":{"fid":640,"NAMA":"JANGKANG NGEMPLAK HALAL MART HNI","TIPE_1":"PERDAGANGAN DAN RETAIL","TIPE_2":"MINIMARKET","TIPE_3":"HALAL MART","TELEPON":"","ALAMAT":"AREA SAWAH, WIDODOMARTANI, KEC. NGEMPLAK, KABUPATEN SLEMAN, DAERAH ISTIMEWA YOGYAKARTA 55584","ID_PROV":34,"PROVINSI":"DAERAH ISTIMEWA YOGYAKARTA","ID_KABKOT":34.04,"KABKOT":"SLEMAN","ID_KEC":"34.04.11","KECAMATAN":"NGEMPLAK","ID_DESA":"34.04.11.2003","DESA":"WIDODOMARTANI","LATITUDE":-7.7022097,"LONGITUDE":110.4468283,"STATUS":"BUKA","TANGGAL PENGUMPULAN":"Q4 2023","TANGGAL UPDATE":"28/01/2025"}},{"type":"Feature","geometry":{"coordinates":[110.2340761,-7.7256791],"type":"Point"},"properties":{"fid":673,"NAMA":"SWALAYAN SRI REJEKI","TIPE_1":"PERDAGANGAN DAN RETAIL","TIPE_2":"MINIMARKET","TIPE_3":"LAINNYA","TELEPON":"","ALAMAT":"BABADAN, SENDANGAGUNG, KEC. MINGGIR, KABUPATEN SLEMAN, DAERAH ISTIMEWA YOGYAKARTA 55562","ID_PROV":34,"PROVINSI":"DAERAH ISTIMEWA YOGYAKARTA","ID_KABKOT":34.04,"KABKOT":"SLEMAN","ID_KEC":"34.04.04","KECAMATAN":"MINGGIR","ID_DESA":"34.04.04.2003","DESA":"SENDANGAGUNG","LATITUDE":-7.7256791,"LONGITUDE":110.2340761,"STATUS":"BUKA","TANGGAL PENGUMPULAN":"Q4 2023","TANGGAL UPDATE":"28/01/2025"}},{"type":"Feature","geometry":{"coordinates":[110.3895479,-7.680946],"type":"Point"},"properties":{"fid":724,"NAMA":"PASS SWALAYAN","TIPE_1":"PERDAGANGAN DAN RETAIL","TIPE_2":"MINIMARKET","TIPE_3":"LAINNYA","TELEPON":"","ALAMAT":"BALONG, DONOHARJO, KEC. NGAGLIK, KABUPATEN SLEMAN, DAERAH ISTIMEWA YOGYAKARTA 55581","ID_PROV":34,"PROVINSI":"DAERAH ISTIMEWA YOGYAKARTA","ID_KABKOT":34.04,"KABKOT":"SLEMAN","ID_KEC":"34.04.12","KECAMATAN":"NGAGLIK","ID_DESA":"34.04.12.2006","DESA":"DONOHARJO","LATITUDE":-7.680946,"LONGITUDE":110.3895479,"STATUS":"BUKA","TANGGAL PENGUMPULAN":"Q4 2023","TANGGAL UPDATE":"28/01/2025"}},{"type":"Feature","geometry":{"coordinates":[110.461148,-7.8225358],"type":"Point"},"properties":{"fid":750,"NAMA":"TOKO SUBURSABAR MINIMARKET","TIPE_1":"PERDAGANGAN DAN RETAIL","TIPE_2":"MINIMARKET","TIPE_3":"LAINNYA","TELEPON":"0818-0617-8000","ALAMAT":"BANGKEL NO.RT 04, BANGKIL, SRIMULYO, KEC. PIYUNGAN, YOGYAKARTA, DAERAH ISTIMEWA YOGYAKARTA 55792","ID_PROV":34,"PROVINSI":"DAERAH ISTIMEWA YOGYAKARTA","ID_KABKOT":34.04,"KABKOT":"SLEMAN","ID_KEC":"34.04.08","KECAMATAN":"BERBAH","ID_DESA":"34.04.08.2004","DESA":"JOGOTIRTO","LATITUDE":-7.8225358,"LONGITUDE":110.461148,"STATUS":"BUKA","TANGGAL PENGUMPULAN":"Q4 2023","TANGGAL UPDATE":"28/01/2025"}},{"type":"Feature","geometry":{"coordinates":[110.458164,-7.6829187],"type":"Point"},"properties":{"fid":764,"NAMA":"TOKO MEKAR & POM MINI","TIPE_1":"PERDAGANGAN DAN RETAIL","TIPE_2":"MINIMARKET","TIPE_3":"LAINNYA","TELEPON":"0813-9256-3057","ALAMAT":"BANJARHARJO, JATEN, BIMOMARTANI, KEC. NGEMPLAK, KABUPATEN SLEMAN, DAERAH ISTIMEWA YOGYAKARTA 55584","ID_PROV":34,"PROVINSI":"DAERAH ISTIMEWA YOGYAKARTA","ID_KABKOT":34.04,"KABKOT":"SLEMAN","ID_KEC":"34.04.11","KECAMATAN":"NGEMPLAK","ID_DESA":"34.04.11.2002","DESA":"BIMOMARTANI","LATITUDE":-7.6829187,"LONGITUDE":110.458164,"STATUS":"BUKA","TANGGAL PENGUMPULAN":"Q4 2023","TANGGAL UPDATE":"28/01/2025"}},{"type":"Feature","geometry":{"coordinates":[110.4401176,-7.7533797],"type":"Point"},"properties":{"fid":767,"NAMA":"INDOMARET KADISOKATACJ","TIPE_1":"PERDAGANGAN DAN RETAIL","TIPE_2":"MINIMARKET","TIPE_3":"INDOMARET","TELEPON":"","ALAMAT":"BANJENG, MAGUWOHARJO, DEPOK, SLEMAN REGENCY, SPECIAL REGION OF YOGYAKARTA 55281","ID_PROV":34,"PROVINSI":"DAERAH ISTIMEWA YOGYAKARTA","ID_KABKOT":34.04,"KABKOT":"SLEMAN","ID_KEC":"34.04.07","KECAMATAN":"DEPOK","ID_DESA":"34.04.07.2002","DESA":"MAGUWOHARJO","LATITUDE":-7.7533797,"LONGITUDE":110.4401176,"STATUS":"BUKA","TANGGAL PENGUMPULAN":"Q4 2023","TANGGAL UPDATE":"28/01/2025"}},{"type":"Feature","geometry":{"coordinates":[110.336604,-7.7583149],"type":"Point"},"properties":{"fid":856,"NAMA":"INDOMARET DC YOGYA","TIPE_1":"PERDAGANGAN DAN RETAIL","TIPE_2":"MINIMARKET","TIPE_3":"INDOMARET","TELEPON":"","ALAMAT":"BEDOG, TRIHANGGO, KEC. GAMPING, KABUPATEN SLEMAN, DAERAH ISTIMEWA YOGYAKARTA 55592","ID_PROV":34,"PROVINSI":"DAERAH ISTIMEWA YOGYAKARTA","ID_KABKOT":34.04,"KABKOT":"SLEMAN","ID_KEC":"34.04.01","KECAMATAN":"GAMPING","ID_DESA":"34.04.01.2005","DESA":"TRIHANGGO","LATITUDE":-7.7583149,"LONGITUDE":110.336604,"STATUS":"BUKA","TANGGAL PENGUMPULAN":"Q4 2023","TANGGAL UPDATE":"28/01/2025"}},{"type":"Feature","geometry":{"coordinates":[110.4437431,-7.8044716],"type":"Point"},"properties":{"fid":914,"NAMA":"BERBAH MART","TIPE_1":"PERDAGANGAN DAN RETAIL","TIPE_2":"MINIMARKET","TIPE_3":"LAINNYA","TELEPON":"","ALAMAT":"BERBAH, TEGALTIRTO, KEC. BERBAH, KABUPATEN SLEMAN, DAERAH ISTIMEWA YOGYAKARTA 55573","ID_PROV":34,"PROVINSI":"DAERAH ISTIMEWA YOGYAKARTA","ID_KABKOT":34.04,"KABKOT":"SLEMAN","ID_KEC":"34.04.08","KECAMATAN":"BERBAH","ID_DESA":"34.04.08.2002","DESA":"TEGALTIRTO","LATITUDE":-7.8044716,"LONGITUDE":110.4437431,"STATUS":"BUKA","TANGGAL PENGUMPULAN":"Q4 2023","TANGGAL UPDATE":"28/01/2025"}},{"type":"Feature","geometry":{"coordinates":[110.4166067,-7.6983733],"type":"Point"},"properties":{"fid":923,"NAMA":"ALFAMART","TIPE_1":"PERDAGANGAN DAN RETAIL","TIPE_2":"MINIMARKET","TIPE_3":"ALFAMART","TELEPON":"1 500 959","ALAMAT":"BESI BLOK D NO. 02, RT.04/RW.31, CANDIREJO, SARDONOHARJO, KEC. NGAGLIK, KABUPATEN SLEMAN, DAERAH ISTIMEWA YOGYAKARTA 55581","ID_PROV":34,"PROVINSI":"DAERAH ISTIMEWA YOGYAKARTA","ID_KABKOT":34.04,"KABKOT":"SLEMAN","ID_KEC":"34.04.12","KECAMATAN":"NGAGLIK","ID_DESA":"34.04.12.2004","DESA":"SUKOHARJO","LATITUDE":-7.6983733,"LONGITUDE":110.4166067,"STATUS":"BUKA","TANGGAL PENGUMPULAN":"Q4 2023","TANGGAL UPDATE":"28/01/2025"}},{"type":"Feature","geometry":{"coordinates":[110.3785492,-7.7482604],"type":"Point"},"properties":{"fid":972,"NAMA":"INDOMARET PLEMBURAN","TIPE_1":"PERDAGANGAN DAN RETAIL","TIPE_2":"MINIMARKET","TIPE_3":"INDOMARET","TELEPON":"1 500 580","ALAMAT":"BLK. B JL. PLEMBURAN NO.11, SEDAN, SARIHARJO, KEC. NGAGLIK, KABUPATEN SLEMAN, DAERAH ISTIMEWA YOGYAKARTA 55581","ID_PROV":34,"PROVINSI":"DAERAH ISTIMEWA YOGYAKARTA","ID_KABKOT":34.04,"KABKOT":"SLEMAN","ID_KEC":"34.04.12","KECAMATAN":"NGAGLIK","ID_DESA":"34.04.12.2001","DESA":"SARIHARJO","LATITUDE":-7.7482604,"LONGITUDE":110.3785492,"STATUS":"BUKA","TANGGAL PENGUMPULAN":"Q4 2023","TANGGAL UPDATE":"28/01/2025"}},{"type":"Feature","geometry":{"coordinates":[110.3140915,-7.8026516],"type":"Point"},"properties":{"fid":1084,"NAMA":"ALFAMART AMBARKETAWANG","TIPE_1":"PERDAGANGAN DAN RETAIL","TIPE_2":"MINIMARKET","TIPE_3":"ALFAMART","TELEPON":"","ALAMAT":"BODEH, AMBARKETAWANG, KEC. GAMPING, KABUPATEN SLEMAN, DAERAH ISTIMEWA YOGYAKARTA","ID_PROV":34,"PROVINSI":"DAERAH ISTIMEWA YOGYAKARTA","ID_KABKOT":34.04,"KABKOT":"SLEMAN","ID_KEC":"34.04.01","KECAMATAN":"GAMPING","ID_DESA":"34.04.01.2002","DESA":"AMBARKETAWANG","LATITUDE":-7.8026516,"LONGITUDE":110.3140915,"STATUS":"BUKA","TANGGAL PENGUMPULAN":"Q4 2023","TANGGAL UPDATE":"28/01/2025"}},{"type":"Feature","geometry":{"coordinates":[110.4493589,-7.7476676],"type":"Point"},"properties":{"fid":1156,"NAMA":"INDOMARET PURWOMARTANI A7","TIPE_1":"PERDAGANGAN DAN RETAIL","TIPE_2":"MINIMARKET","TIPE_3":"INDOMARET","TELEPON":"","ALAMAT":"BROMONILAN, PURWOMARTANI, KEC. KALASAN, KABUPATEN SLEMAN, DAERAH ISTIMEWA YOGYAKARTA 55571","ID_PROV":34,"PROVINSI":"DAERAH ISTIMEWA YOGYAKARTA","ID_KABKOT":34.04,"KABKOT":"SLEMAN","ID_KEC":"34.04.10","KECAMATAN":"KALASAN","ID_DESA":"34.04.10.2001","DESA":"PURWOMARTANI","LATITUDE":-7.7476676,"LONGITUDE":110.4493589,"STATUS":"BUKA","TANGGAL PENGUMPULAN":"Q4 2023","TANGGAL UPDATE":"28/01/2025"}},{"type":"Feature","geometry":{"coordinates":[110.4111397,-7.7514724],"type":"Point"},"properties":{"fid":1497,"NAMA":"CIRCLE K NUSA INDAH","TIPE_1":"PERDAGANGAN DAN RETAIL","TIPE_2":"MINIMARKET","TIPE_3":"CIRCLE K","TELEPON":"(0274) 7461350","ALAMAT":"CIRCLE K, JL. NUSA INDAH, DERO, CONDONGCATUR, KEC. DEPOK, KABUPATEN SLEMAN, DAERAH ISTIMEWA YOGYAKARTA 55281","ID_PROV":34,"PROVINSI":"DAERAH ISTIMEWA YOGYAKARTA","ID_KABKOT":34.04,"KABKOT":"SLEMAN","ID_KEC":"34.04.07","KECAMATAN":"DEPOK","ID_DESA":"34.04.07.2003","DESA":"CONDONGCATUR","LATITUDE":-7.7514724,"LONGITUDE":110.4111397,"STATUS":"BUKA","TANGGAL PENGUMPULAN":"Q4 2023","TANGGAL UPDATE":"28/01/2025"}},{"type":"Feature","geometry":{"coordinates":[110.4049484,-7.7723207],"type":"Point"},"properties":{"fid":1566,"NAMA":"CIRCLE K GATIC CONDONG SARI","TIPE_1":"PERDAGANGAN DAN RETAIL","TIPE_2":"MINIMARKET","TIPE_3":"CIRCLE K","TELEPON":"0818-156-670","ALAMAT":"DABAG, CONDONGCATUR, KEC. DEPOK, KABUPATEN SLEMAN, DAERAH ISTIMEWA YOGYAKARTA 55281","ID_PROV":34,"PROVINSI":"DAERAH ISTIMEWA YOGYAKARTA","ID_KABKOT":34.04,"KABKOT":"SLEMAN","ID_KEC":"34.04.07","KECAMATAN":"DEPOK","ID_DESA":"34.04.07.2001","DESA":"CATURTUNGGAL","LATITUDE":-7.7723207,"LONGITUDE":110.4049484,"STATUS":"BUKA","TANGGAL PENGUMPULAN":"Q4 2023","TANGGAL UPDATE":"28/01/2025"}},{"type":"Feature","geometry":{"coordinates":[110.362915,-7.7510399],"type":"Point"},"properties":{"fid":1859,"NAMA":"INDOGROSIR YOGYAKARTA","TIPE_1":"PERDAGANGAN DAN RETAIL","TIPE_2":"MINIMARKET","TIPE_3":"LAINNYA","TELEPON":"(0274) 622040","ALAMAT":"FOODCOURT INDOGROSIR, JL. MAGELANG KM.6 NO.LT.1, KUTU PATRAN, SINDUADI, KEC. MLATI, KABUPATEN SLEMAN, DAERAH ISTIMEWA YOGYAKARTA 55288","ID_PROV":34,"PROVINSI":"DAERAH ISTIMEWA YOGYAKARTA","ID_KABKOT":34.04,"KABKOT":"SLEMAN","ID_KEC":"34.04.06","KECAMATAN":"MLATI","ID_DESA":"34.04.06.2001","DESA":"SINDUADI","LATITUDE":-7.7510399,"LONGITUDE":110.362915,"STATUS":"BUKA","TANGGAL PENGUMPULAN":"Q4 2023","TANGGAL UPDATE":"28/01/2025"}},{"type":"Feature","geometry":{"coordinates":[110.3263954,-7.8006483],"type":"Point"},"properties":{"fid":1882,"NAMA":"AHLI MINIMARKET","TIPE_1":"PERDAGANGAN DAN RETAIL","TIPE_2":"MINIMARKET","TIPE_3":"LAINNYA","TELEPON":"","ALAMAT":"GAMPING TENGAH, AMBARKETAWANG, KEC. GAMPING, KABUPATEN SLEMAN, DAERAH ISTIMEWA YOGYAKARTA","ID_PROV":34,"PROVINSI":"DAERAH ISTIMEWA YOGYAKARTA","ID_KABKOT":34.04,"KABKOT":"SLEMAN","ID_KEC":"34.04.01","KECAMATAN":"GAMPING","ID_DESA":"34.04.01.2002","DESA":"AMBARKETAWANG","LATITUDE":-7.8006483,"LONGITUDE":110.3263954,"STATUS":"BUKA","TANGGAL PENGUMPULAN":"Q4 2023","TANGGAL UPDATE":"28/01/2025"}},{"type":"Feature","geometry":{"coordinates":[110.4294133,-7.8245385],"type":"Point"},"properties":{"fid":1893,"NAMA":"INDOMARET","TIPE_1":"PERDAGANGAN DAN RETAIL","TIPE_2":"MINIMARKET","TIPE_3":"INDOMARET","TELEPON":"","ALAMAT":"GANDU, SENDANGTIRTO, KEC. BERBAH, KABUPATEN SLEMAN, DAERAH ISTIMEWA YOGYAKARTA","ID_PROV":34,"PROVINSI":"DAERAH ISTIMEWA YOGYAKARTA","ID_KABKOT":34.04,"KABKOT":"SLEMAN","ID_KEC":"34.04.08","KECAMATAN":"BERBAH","ID_DESA":"34.04.08.2001","DESA":"SENDANGTIRTO","LATITUDE":-7.8245385,"LONGITUDE":110.4294133,"STATUS":"BUKA","TANGGAL PENGUMPULAN":"Q4 2023","TANGGAL UPDATE":"28/01/2025"}},{"type":"Feature","geometry":{"coordinates":[110.3701013,-7.7538094],"type":"Point"},"properties":{"fid":2006,"NAMA":"INDOMARET MONJALI","TIPE_1":"PERDAGANGAN DAN RETAIL","TIPE_2":"MINIMARKET","TIPE_3":"INDOMARET","TELEPON":"(021) 1500580","ALAMAT":"GG. INTAN, NANDAN, SARIHARJO, KEC. NGAGLIK, KABUPATEN SLEMAN, DAERAH ISTIMEWA YOGYAKARTA 55288","ID_PROV":34,"PROVINSI":"DAERAH ISTIMEWA YOGYAKARTA","ID_KABKOT":34.04,"KABKOT":"SLEMAN","ID_KEC":"34.04.12","KECAMATAN":"NGAGLIK","ID_DESA":"34.04.12.2001","DESA":"SARIHARJO","LATITUDE":-7.7538094,"LONGITUDE":110.3701013,"STATUS":"BUKA","TANGGAL PENGUMPULAN":"Q4 2023","TANGGAL UPDATE":"28/01/2025"}},{"type":"Feature","geometry":{"coordinates":[110.3950678,-7.7635816],"type":"Point"},"properties":{"fid":2012,"NAMA":"ALFAMART JEMBATAN MERAH","TIPE_1":"PERDAGANGAN DAN RETAIL","TIPE_2":"MINIMARKET","TIPE_3":"ALFAMART","TELEPON":"","ALAMAT":"GG. JEMB. MERAH KEL NO.103 A, RT.04/RW.06, SOROPADAN, CATURTUNGGAL, KEC. DEPOK, KABUPATEN SLEMAN, DAERAH ISTIMEWA YOGYAKARTA 55281","ID_PROV":34,"PROVINSI":"DAERAH ISTIMEWA YOGYAKARTA","ID_KABKOT":34.04,"KABKOT":"SLEMAN","ID_KEC":"34.04.07","KECAMATAN":"DEPOK","ID_DESA":"34.04.07.2003","DESA":"CONDONGCATUR","LATITUDE":-7.7635816,"LONGITUDE":110.3950678,"STATUS":"BUKA","TANGGAL PENGUMPULAN":"Q4 2023","TANGGAL UPDATE":"28/01/2025"}},{"type":"Feature","geometry":{"coordinates":[110.4228336,-7.7409002],"type":"Point"},"properties":{"fid":2096,"NAMA":"TOKO BU AMINI","TIPE_1":"PERDAGANGAN DAN RETAIL","TIPE_2":"MINIMARKET","TIPE_3":"LAINNYA","TELEPON":"","ALAMAT":"GG. TAWES, MALANGREJO, WEDOMARTANI, KEC. NGEMPLAK, KABUPATEN SLEMAN, DAERAH ISTIMEWA YOGYAKARTA 55584","ID_PROV":34,"PROVINSI":"DAERAH ISTIMEWA YOGYAKARTA","ID_KABKOT":34.04,"KABKOT":"SLEMAN","ID_KEC":"34.04.11","KECAMATAN":"NGEMPLAK","ID_DESA":"34.04.11.2004","DESA":"WEDOMARTANI","LATITUDE":-7.7409002,"LONGITUDE":110.4228336,"STATUS":"BUKA","TANGGAL PENGUMPULAN":"Q4 2023","TANGGAL UPDATE":"28/01/2025"}},{"type":"Feature","geometry":{"coordinates":[110.3952676,-7.6598791],"type":"Point"},"properties":{"fid":2114,"NAMA":"CERIAMART","TIPE_1":"PERDAGANGAN DAN RETAIL","TIPE_2":"MINIMARKET","TIPE_3":"CERIA MART","TELEPON":"","ALAMAT":"GLONDONG, PURWOBINANGUN, KEC. PAKEM, KABUPATEN SLEMAN, DAERAH ISTIMEWA YOGYAKARTA 55582","ID_PROV":34,"PROVINSI":"DAERAH ISTIMEWA YOGYAKARTA","ID_KABKOT":34.04,"KABKOT":"SLEMAN","ID_KEC":"34.04.16","KECAMATAN":"PAKEM","ID_DESA":"34.04.16.2001","DESA":"PURWOBINANGUN","LATITUDE":-7.6598791,"LONGITUDE":110.3952676,"STATUS":"BUKA","TANGGAL PENGUMPULAN":"Q4 2023","TANGGAL UPDATE":"28/01/2025"}},{"type":"Feature","geometry":{"coordinates":[110.3696883,-7.7568668],"type":"Point"},"properties":{"fid":2312,"NAMA":"INDOMARET GEMAWANG","TIPE_1":"PERDAGANGAN DAN RETAIL","TIPE_2":"MINIMARKET","TIPE_3":"INDOMARET","TELEPON":"0816-500-580","ALAMAT":"INDOMARET, JL. MONJALI GEMAWANG NO.60 RT 01 RW 43, SINDUADI, MLATI, SINDUADI, SLEMAN, JL. MONUMEN JOGJA KEMBALI, GEMAWANG, SINDUADI, KEC. MLATI, KABUPATEN SLEMAN, DAERAH ISTIMEWA YOGYAKARTA 55284","ID_PROV":34,"PROVINSI":"DAERAH ISTIMEWA YOGYAKARTA","ID_KABKOT":34.04,"KABKOT":"SLEMAN","ID_KEC":"34.04.06","KECAMATAN":"MLATI","ID_DESA":"34.04.06.2001","DESA":"SINDUADI","LATITUDE":-7.7568668,"LONGITUDE":110.3696883,"STATUS":"BUKA","TANGGAL PENGUMPULAN":"Q4 2023","TANGGAL UPDATE":"28/01/2025"}},{"type":"Feature","geometry":{"coordinates":[110.4058914,-7.7663202],"type":"Point"},"properties":{"fid":2314,"NAMA":"INDOMARET PERUMNAS","TIPE_1":"PERDAGANGAN DAN RETAIL","TIPE_2":"MINIMARKET","TIPE_3":"INDOMARET","TELEPON":"","ALAMAT":"INDOMARET, JL. PERUMNAS, NGROPOH, CONDONGCATUR, KEC. DEPOK, KABUPATEN SLEMAN, DAERAH ISTIMEWA YOGYAKARTA 55281","ID_PROV":34,"PROVINSI":"DAERAH ISTIMEWA YOGYAKARTA","ID_KABKOT":34.04,"KABKOT":"SLEMAN","ID_KEC":"34.04.07","KECAMATAN":"DEPOK","ID_DESA":"34.04.07.2001","DESA":"CATURTUNGGAL","LATITUDE":-7.7663202,"LONGITUDE":110.4058914,"STATUS":"BUKA","TANGGAL PENGUMPULAN":"Q4 2023","TANGGAL UPDATE":"28/01/2025"}},{"type":"Feature","geometry":{"coordinates":[110.4003852,-7.7506917],"type":"Point"},"properties":{"fid":2388,"NAMA":"INDOMARET ANGGAJAYA 2","TIPE_1":"PERDAGANGAN DAN RETAIL","TIPE_2":"MINIMARKET","TIPE_3":"INDOMARET","TELEPON":"(0274) 887772","ALAMAT":"JALAN ANGGAJAYA 2, CONDONG CATUR, KECAMATAN DEPOK, SANGGRAHAN, CONDONGCATUR, KEC. DEPOK, KABUPATEN SLEMAN, DAERAH ISTIMEWA YOGYAKARTA 55281","ID_PROV":34,"PROVINSI":"DAERAH ISTIMEWA YOGYAKARTA","ID_KABKOT":34.04,"KABKOT":"SLEMAN","ID_KEC":"34.04.07","KECAMATAN":"DEPOK","ID_DESA":"34.04.07.2003","DESA":"CONDONGCATUR","LATITUDE":-7.7506917,"LONGITUDE":110.4003852,"STATUS":"BUKA","TANGGAL PENGUMPULAN":"Q4 2023","TANGGAL UPDATE":"28/01/2025"}},{"type":"Feature","geometry":{"coordinates":[110.4156899,-7.7756168],"type":"Point"},"properties":{"fid":2395,"NAMA":"CIRCLE K BABARSARI","TIPE_1":"PERDAGANGAN DAN RETAIL","TIPE_2":"MINIMARKET","TIPE_3":"CIRCLE K","TELEPON":"(0274) 7461325","ALAMAT":"JALAN BABARSARI, CATUR TUNGGAL, KECAMATAN DEPOK, TAMBAK BAYAN, CATURTUNGGAL, SLEMAN, KABUPATEN SLEMAN, DAERAH ISTIMEWA YOGYAKARTA 55281","ID_PROV":34,"PROVINSI":"DAERAH ISTIMEWA YOGYAKARTA","ID_KABKOT":34.04,"KABKOT":"SLEMAN","ID_KEC":"34.04.07","KECAMATAN":"DEPOK","ID_DESA":"34.04.07.2001","DESA":"CATURTUNGGAL","LATITUDE":-7.7756168,"LONGITUDE":110.4156899,"STATUS":"BUKA","TANGGAL PENGUMPULAN":"Q4 2023","TANGGAL UPDATE":"28/01/2025"}},{"type":"Feature","geometry":{"coordinates":[110.414959,-7.7458915],"type":"Point"},"properties":{"fid":2529,"NAMA":"INDOMARET CANDI GEBANG E16","TIPE_1":"PERDAGANGAN DAN RETAIL","TIPE_2":"MINIMARKET","TIPE_3":"INDOMARET","TELEPON":"","ALAMAT":"JALAN JETIS, NGEMPLAK, JETIS, WEDOMARTANI, SLEMAN, KABUPATEN SLEMAN, DAERAH ISTIMEWA YOGYAKARTA 55584","ID_PROV":34,"PROVINSI":"DAERAH ISTIMEWA YOGYAKARTA","ID_KABKOT":34.04,"KABKOT":"SLEMAN","ID_KEC":"34.04.11","KECAMATAN":"NGEMPLAK","ID_DESA":"34.04.11.2004","DESA":"WEDOMARTANI","LATITUDE":-7.7458915,"LONGITUDE":110.414959,"STATUS":"BUKA","TANGGAL PENGUMPULAN":"Q4 2023","TANGGAL UPDATE":"28/01/2025"}},{"type":"Feature","geometry":{"coordinates":[110.3408125,-7.6738665],"type":"Point"},"properties":{"fid":2538,"NAMA":"WH MINIMARKET","TIPE_1":"PERDAGANGAN DAN RETAIL","TIPE_2":"MINIMARKET","TIPE_3":"LAINNYA","TELEPON":"(0274) 866513","ALAMAT":"JALAN KALIRASE TRIMULYO, SEBAYU, TRIHARJO, KEC. SLEMAN, KABUPATEN SLEMAN, DAERAH ISTIMEWA YOGYAKARTA 55514","ID_PROV":34,"PROVINSI":"DAERAH ISTIMEWA YOGYAKARTA","ID_KABKOT":34.04,"KABKOT":"SLEMAN","ID_KEC":"34.04.13","KECAMATAN":"SLEMAN","ID_DESA":"34.04.13.2002","DESA":"TRIHARJO","LATITUDE":-7.6738665,"LONGITUDE":110.3408125,"STATUS":"BUKA","TANGGAL PENGUMPULAN":"Q4 2023","TANGGAL UPDATE":"28/01/2025"}},{"type":"Feature","geometry":{"coordinates":[110.384912,-7.7529754],"type":"Point"},"properties":{"fid":2539,"NAMA":"MIROTA PASARAYA","TIPE_1":"PERDAGANGAN DAN RETAIL","TIPE_2":"MINIMARKET","TIPE_3":"LAINNYA","TELEPON":"(0274) 884571","ALAMAT":"JALAN KALIURANG 6,1 49 B, MANGGUNG, CATURTUNGGAL, KEC. DEPOK, KABUPATEN SLEMAN, DAERAH ISTIMEWA YOGYAKARTA 55281","ID_PROV":34,"PROVINSI":"DAERAH ISTIMEWA YOGYAKARTA","ID_KABKOT":34.04,"KABKOT":"SLEMAN","ID_KEC":"34.04.07","KECAMATAN":"DEPOK","ID_DESA":"34.04.07.2001","DESA":"CATURTUNGGAL","LATITUDE":-7.7529754,"LONGITUDE":110.384912,"STATUS":"BUKA","TANGGAL PENGUMPULAN":"Q4 2023","TANGGAL UPDATE":"28/01/2025"}},{"type":"Feature","geometry":{"coordinates":[110.4133861,-7.7030024],"type":"Point"},"properties":{"fid":2540,"NAMA":"INDOMARET KALIURANG KM125","TIPE_1":"PERDAGANGAN DAN RETAIL","TIPE_2":"MINIMARKET","TIPE_3":"INDOMARET","TELEPON":"","ALAMAT":"JALAN KALIURANG KM 12, GG. TEJO DISASTRO NO.:03 5","ID_PROV":34,"PROVINSI":"DAERAH ISTIMEWA YOGYAKARTA","ID_KABKOT":34.04,"KABKOT":"SLEMAN","ID_KEC":"34.04.12","KECAMATAN":"NGAGLIK","ID_DESA":"34.04.12.2005","DESA":"SARDONOHARJO","LATITUDE":-7.7030024,"LONGITUDE":110.4133861,"STATUS":"BUKA","TANGGAL PENGUMPULAN":"Q4 2023","TANGGAL UPDATE":"28/01/2025"}},{"type":"Feature","geometry":{"coordinates":[110.4152158,-7.7004168],"type":"Point"},"properties":{"fid":2541,"NAMA":"INDOMARET CANDISARI","TIPE_1":"PERDAGANGAN DAN RETAIL","TIPE_2":"MINIMARKET","TIPE_3":"INDOMARET","TELEPON":"(021) 1500580","ALAMAT":"JALAN KALIURANG KM. 13, SARDONOHARJO, NGAGLIK, KEC. SLEMAN, CANDI KARANG, SARDONOHARJO, KEC. SLEMAN, KABUPATEN SLEMAN, DAERAH ISTIMEWA YOGYAKARTA 55581","ID_PROV":34,"PROVINSI":"DAERAH ISTIMEWA YOGYAKARTA","ID_KABKOT":34.04,"KABKOT":"SLEMAN","ID_KEC":"34.04.12","KECAMATAN":"NGAGLIK","ID_DESA":"34.04.12.2005","DESA":"SARDONOHARJO","LATITUDE":-7.7004168,"LONGITUDE":110.4152158,"STATUS":"BUKA","TANGGAL PENGUMPULAN":"Q4 2023","TANGGAL UPDATE":"28/01/2025"}},{"type":"Feature","geometry":{"coordinates":[110.3322864,-7.7314842],"type":"Point"},"properties":{"fid":2553,"NAMA":"JANU PUTRA PASARAYA","TIPE_1":"PERDAGANGAN DAN RETAIL","TIPE_2":"MINIMARKET","TIPE_3":"LAINNYA","TELEPON":"(0274) 864568","ALAMAT":"JALAN KEBON AGUNG NO.170, TLOGOADI, MLATI, SUMBERADI, TLOGOADI, AREA SAWAH, TLOGOADI, KEC. MLATI, KABUPATEN SLEMAN, DAERAH ISTIMEWA YOGYAKARTA 55286","ID_PROV":34,"PROVINSI":"DAERAH ISTIMEWA YOGYAKARTA","ID_KABKOT":34.04,"KABKOT":"SLEMAN","ID_KEC":"34.04.06","KECAMATAN":"MLATI","ID_DESA":"34.04.06.2003","DESA":"TLOGOADI","LATITUDE":-7.7314842,"LONGITUDE":110.3322864,"STATUS":"BUKA","TANGGAL PENGUMPULAN":"Q4 2023","TANGGAL UPDATE":"28/01/2025"}},{"type":"Feature","geometry":{"coordinates":[110.3525408,-7.7381368],"type":"Point"},"properties":{"fid":2554,"NAMA":"HAYA SWALAYAN","TIPE_1":"PERDAGANGAN DAN RETAIL","TIPE_2":"MINIMARKET","TIPE_3":"LAINNYA","TELEPON":"(0274) 865014","ALAMAT":"JALAN KEBON AGUNG, KRONGGAHAN, TRIHANGGO, GAMPING, KRANGGAHAN I, TRIHANGGO, KEC. GAMPING, KABUPATEN SLEMAN, DAERAH ISTIMEWA YOGYAKARTA 55291","ID_PROV":34,"PROVINSI":"DAERAH ISTIMEWA YOGYAKARTA","ID_KABKOT":34.04,"KABKOT":"SLEMAN","ID_KEC":"34.04.01","KECAMATAN":"GAMPING","ID_DESA":"34.04.01.2005","DESA":"TRIHANGGO","LATITUDE":-7.7381368,"LONGITUDE":110.3525408,"STATUS":"BUKA","TANGGAL PENGUMPULAN":"Q4 2023","TANGGAL UPDATE":"28/01/2025"}},{"type":"Feature","geometry":{"coordinates":[110.3826079,-7.7546316],"type":"Point"},"properties":{"fid":2647,"NAMA":"INDOMARET FRESH PANDEGA MARTA","TIPE_1":"PERDAGANGAN DAN RETAIL","TIPE_2":"MINIMARKET","TIPE_3":"INDOMARET","TELEPON":"(021) 1500280","ALAMAT":"JALAN PANDEGA MARTA NO. 1 SARIMULYO MANGGUNG, MANGGUNG, CATURTUNGGAL, KEC. DEPOK, KABUPATEN SLEMAN, DAERAH ISTIMEWA YOGYAKARTA 55281","ID_PROV":34,"PROVINSI":"DAERAH ISTIMEWA YOGYAKARTA","ID_KABKOT":34.04,"KABKOT":"SLEMAN","ID_KEC":"34.04.07","KECAMATAN":"DEPOK","ID_DESA":"34.04.07.2001","DESA":"CATURTUNGGAL","LATITUDE":-7.7546316,"LONGITUDE":110.3826079,"STATUS":"BUKA","TANGGAL PENGUMPULAN":"Q4 2023","TANGGAL UPDATE":"28/01/2025"}},{"type":"Feature","geometry":{"coordinates":[110.4339193,-7.734822],"type":"Point"},"properties":{"fid":2789,"NAMA":"PAAS MART","TIPE_1":"PERDAGANGAN DAN RETAIL","TIPE_2":"MINIMARKET","TIPE_3":"LAINNYA","TELEPON":"(0274) 4531655","ALAMAT":"JALAN RAYA TAJEM MAGUWOHARJO, YOGYAKARTA, KENAYAN, WEDOMARTANI, KEC. NGEMPLAK, KABUPATEN SLEMAN, DAERAH ISTIMEWA YOGYAKARTA 55282","ID_PROV":34,"PROVINSI":"DAERAH ISTIMEWA YOGYAKARTA","ID_KABKOT":34.04,"KABKOT":"SLEMAN","ID_KEC":"34.04.11","KECAMATAN":"NGEMPLAK","ID_DESA":"34.04.11.2004","DESA":"WEDOMARTANI","LATITUDE":-7.734822,"LONGITUDE":110.4339193,"STATUS":"BUKA","TANGGAL PENGUMPULAN":"Q4 2023","TANGGAL UPDATE":"28/01/2025"}},{"type":"Feature","geometry":{"coordinates":[110.434446,-7.7520447],"type":"Point"},"properties":{"fid":2790,"NAMA":"PENI AYU SWALAYAN","TIPE_1":"PERDAGANGAN DAN RETAIL","TIPE_2":"MINIMARKET","TIPE_3":"LAINNYA","TELEPON":"(0274) 4462814","ALAMAT":"JALAN RAYA TAJEM, WEDOMARTANI, NGEMPLAK, DENOKAN, MAGUWOHARJO, KEC. DEPOK, KABUPATEN SLEMAN, DAERAH ISTIMEWA YOGYAKARTA 55584","ID_PROV":34,"PROVINSI":"DAERAH ISTIMEWA YOGYAKARTA","ID_KABKOT":34.04,"KABKOT":"SLEMAN","ID_KEC":"34.04.07","KECAMATAN":"DEPOK","ID_DESA":"34.04.07.2002","DESA":"MAGUWOHARJO","LATITUDE":-7.7520447,"LONGITUDE":110.434446,"STATUS":"BUKA","TANGGAL PENGUMPULAN":"Q4 2023","TANGGAL UPDATE":"28/01/2025"}},{"type":"Feature","geometry":{"coordinates":[110.4348072,-7.7308943],"type":"Point"},"properties":{"fid":2791,"NAMA":"GMT SWALAYAN","TIPE_1":"PERDAGANGAN DAN RETAIL","TIPE_2":"MINIMARKET","TIPE_3":"LAINNYA","TELEPON":"0877-3852-7609","ALAMAT":"JALAN RAYA TAJEM, WEDOMARTANI, NGEMPLAK, SLEMAN, YOGYAKARTA 55584, SLEMAN, YOGYAKARTA 55584, GONDANG LEGI, WEDOMARTANI, KEC. NGEMPLAK, YOGYAKARTA, DAERAH ISTIMEWA YOGYAKARTA 55584","ID_PROV":34,"PROVINSI":"DAERAH ISTIMEWA YOGYAKARTA","ID_KABKOT":34.04,"KABKOT":"SLEMAN","ID_KEC":"34.04.11","KECAMATAN":"NGEMPLAK","ID_DESA":"34.04.11.2004","DESA":"WEDOMARTANI","LATITUDE":-7.7308943,"LONGITUDE":110.4348072,"STATUS":"BUKA","TANGGAL PENGUMPULAN":"Q4 2023","TANGGAL UPDATE":"28/01/2025"}},{"type":"Feature","geometry":{"coordinates":[110.333474,-7.7722349],"type":"Point"},"properties":{"fid":2796,"NAMA":"INDOMARET DEMAK IJO","TIPE_1":"PERDAGANGAN DAN RETAIL","TIPE_2":"MINIMARKET","TIPE_3":"INDOMARET","TELEPON":"500580","ALAMAT":"JALAN RAYA WATES-JOGJAKARTA, NOGOSAREN, NOGOTIRTO, KEC. GAMPING, KABUPATEN SLEMAN, DAERAH ISTIMEWA YOGYAKARTA 55294","ID_PROV":34,"PROVINSI":"DAERAH ISTIMEWA YOGYAKARTA","ID_KABKOT":34.04,"KABKOT":"SLEMAN","ID_KEC":"34.04.01","KECAMATAN":"GAMPING","ID_DESA":"34.04.01.2004","DESA":"NOGOTIRTO","LATITUDE":-7.7722349,"LONGITUDE":110.333474,"STATUS":"BUKA","TANGGAL PENGUMPULAN":"Q4 2023","TANGGAL UPDATE":"28/01/2025"}},{"type":"Feature","geometry":{"coordinates":[110.3272203,-7.8010316],"type":"Point"},"properties":{"fid":2884,"NAMA":"INDOMARET WATES KM45","TIPE_1":"PERDAGANGAN DAN RETAIL","TIPE_2":"MINIMARKET","TIPE_3":"INDOMARET","TELEPON":"","ALAMAT":"JALAN RINGROAD BARAT NO.99 RT.16/RW.02 GAMPING KIDUL, GAMPING KIDUL, AMBARKETAWANG, KEC. GAMPING, KABUPATEN SLEMAN, DAERAH ISTIMEWA YOGYAKARTA 55294","ID_PROV":34,"PROVINSI":"DAERAH ISTIMEWA YOGYAKARTA","ID_KABKOT":34.04,"KABKOT":"SLEMAN","ID_KEC":"34.04.01","KECAMATAN":"GAMPING","ID_DESA":"34.04.01.2002","DESA":"AMBARKETAWANG","LATITUDE":-7.8010316,"LONGITUDE":110.3272203,"STATUS":"BUKA","TANGGAL PENGUMPULAN":"Q4 2023","TANGGAL UPDATE":"28/01/2025"}},{"type":"Feature","geometry":{"coordinates":[110.3375897,-7.7582408],"type":"Point"},"properties":{"fid":2885,"NAMA":"INDOMARET RR 99","TIPE_1":"PERDAGANGAN DAN RETAIL","TIPE_2":"MINIMARKET","TIPE_3":"INDOMARET","TELEPON":"(0274) 66499150","ALAMAT":"JALAN RINGROAD BARAT NO.99, TRIHANGGO, GAMPING, BEDOG, TRIHANGGO, KEC. GAMPING, KABUPATEN SLEMAN, DAERAH ISTIMEWA YOGYAKARTA 55291","ID_PROV":34,"PROVINSI":"DAERAH ISTIMEWA YOGYAKARTA","ID_KABKOT":34.04,"KABKOT":"SLEMAN","ID_KEC":"34.04.01","KECAMATAN":"GAMPING","ID_DESA":"34.04.01.2005","DESA":"TRIHANGGO","LATITUDE":-7.7582408,"LONGITUDE":110.3375897,"STATUS":"BUKA","TANGGAL PENGUMPULAN":"Q4 2023","TANGGAL UPDATE":"28/01/2025"}},{"type":"Feature","geometry":{"coordinates":[110.4156042,-7.7628471],"type":"Point"},"properties":{"fid":2886,"NAMA":"ALFAMART MANCASAN KIDUL","TIPE_1":"PERDAGANGAN DAN RETAIL","TIPE_2":"MINIMARKET","TIPE_3":"ALFAMART","TELEPON":"","ALAMAT":"JALAN RINGROAD UTARA, MANCASAN KIDUL, NGROPOH, CONDONGCATUR, KEC. DEPOK, KABUPATEN SLEMAN, DAERAH ISTIMEWA YOGYAKARTA 55281","ID_PROV":34,"PROVINSI":"DAERAH ISTIMEWA YOGYAKARTA","ID_KABKOT":34.04,"KABKOT":"SLEMAN","ID_KEC":"34.04.07","KECAMATAN":"DEPOK","ID_DESA":"34.04.07.2003","DESA":"CONDONGCATUR","LATITUDE":-7.7628471,"LONGITUDE":110.4156042,"STATUS":"BUKA","TANGGAL PENGUMPULAN":"Q4 2023","TANGGAL UPDATE":"28/01/2025"}},{"type":"Feature","geometry":{"coordinates":[110.2905256,-7.7654835],"type":"Point"},"properties":{"fid":2896,"NAMA":"MATAHARI GODEAN","TIPE_1":"PERDAGANGAN DAN RETAIL","TIPE_2":"MINIMARKET","TIPE_3":"LAINNYA","TELEPON":"0812-4004-4004","ALAMAT":"JALAN SARONO DIPOYO, KEC. GODEAN, KABUPATEN SLEMAN, DAERAH ISTIMEWA YOGYAKARTA 55264","ID_PROV":34,"PROVINSI":"DAERAH ISTIMEWA YOGYAKARTA","ID_KABKOT":34.04,"KABKOT":"SLEMAN","ID_KEC":"34.04.02","KECAMATAN":"GODEAN","ID_DESA":"34.04.02.2002","DESA":"SIDOLUHUR","LATITUDE":-7.7654835,"LONGITUDE":110.2905256,"STATUS":"BUKA","TANGGAL PENGUMPULAN":"Q4 2023","TANGGAL UPDATE":"28/01/2025"}},{"type":"Feature","geometry":{"coordinates":[110.3381539,-7.7718037],"type":"Point"},"properties":{"fid":2986,"NAMA":"INDOMARET NOGOTIRTO","TIPE_1":"PERDAGANGAN DAN RETAIL","TIPE_2":"MINIMARKET","TIPE_3":"INDOMARET","TELEPON":"(021) 1500280","ALAMAT":"JALAN, KARANG WETAN, NOGOTIRTO, KEC. GAMPING, KABUPATEN SLEMAN, DAERAH ISTIMEWA YOGYAKARTA 55592","ID_PROV":34,"PROVINSI":"DAERAH ISTIMEWA YOGYAKARTA","ID_KABKOT":34.04,"KABKOT":"SLEMAN","ID_KEC":"34.04.01","KECAMATAN":"GAMPING","ID_DESA":"34.04.01.2004","DESA":"NOGOTIRTO","LATITUDE":-7.7718037,"LONGITUDE":110.3381539,"STATUS":"BUKA","TANGGAL PENGUMPULAN":"Q4 2023","TANGGAL UPDATE":"28/01/2025"}},{"type":"Feature","geometry":{"coordinates":[110.2831268,-7.8096331],"type":"Point"},"properties":{"fid":3062,"NAMA":"INDOMARET ARGOMULYO","TIPE_1":"PERDAGANGAN DAN RETAIL","TIPE_2":"MINIMARKET","TIPE_3":"INDOMARET","TELEPON":"","ALAMAT":"JATIPERENG, ARGOMULYO, KEC. SEDAYU, KABUPATEN BANTUL, DAERAH ISTIMEWA YOGYAKARTA 55752","ID_PROV":34,"PROVINSI":"DAERAH ISTIMEWA YOGYAKARTA","ID_KABKOT":34.04,"KABKOT":"SLEMAN","ID_KEC":"34.04.01","KECAMATAN":"GAMPING","ID_DESA":"34.04.01.2001","DESA":"BALECATUR","LATITUDE":-7.8096331,"LONGITUDE":110.2831268,"STATUS":"BUKA","TANGGAL PENGUMPULAN":"Q4 2023","TANGGAL UPDATE":"28/01/2025"}},{"type":"Feature","geometry":{"coordinates":[110.3249335,-7.7929473],"type":"Point"},"properties":{"fid":3188,"NAMA":"INDOMARET","TIPE_1":"PERDAGANGAN DAN RETAIL","TIPE_2":"MINIMARKET","TIPE_3":"INDOMARET","TELEPON":"","ALAMAT":"JL KM 4.5, GAMPING LOR, AMBARKETAWANG, KEC. GAMPING, KABUPATEN SLEMAN, DAERAH ISTIMEWA YOGYAKARTA 55294","ID_PROV":34,"PROVINSI":"DAERAH ISTIMEWA YOGYAKARTA","ID_KABKOT":34.04,"KABKOT":"SLEMAN","ID_KEC":"34.04.01","KECAMATAN":"GAMPING","ID_DESA":"34.04.01.2002","DESA":"AMBARKETAWANG","LATITUDE":-7.7929473,"LONGITUDE":110.3249335,"STATUS":"BUKA","TANGGAL PENGUMPULAN":"Q4 2023","TANGGAL UPDATE":"28/01/2025"}},{"type":"Feature","geometry":{"coordinates":[110.3896462,-7.7721855],"type":"Point"},"properties":{"fid":3588,"NAMA":"ALFA MART","TIPE_1":"PERDAGANGAN DAN RETAIL","TIPE_2":"MINIMARKET","TIPE_3":"ALFAMART","TELEPON":"1 500 959","ALAMAT":"JL. AFFANDI KEL NO.21 A, SANTREN, CATURTUNGGAL, KEC. DEPOK, KABUPATEN SLEMAN, DAERAH ISTIMEWA YOGYAKARTA 55281","ID_PROV":34,"PROVINSI":"DAERAH ISTIMEWA YOGYAKARTA","ID_KABKOT":34.04,"KABKOT":"SLEMAN","ID_KEC":"34.04.07","KECAMATAN":"DEPOK","ID_DESA":"34.04.07.2001","DESA":"CATURTUNGGAL","LATITUDE":-7.7721855,"LONGITUDE":110.3896462,"STATUS":"BUKA","TANGGAL PENGUMPULAN":"Q4 2023","TANGGAL UPDATE":"28/01/2025"}},{"type":"Feature","geometry":{"coordinates":[110.3889835,-7.7748621],"type":"Point"},"properties":{"fid":3589,"NAMA":"MS SWALAYAN UNY","TIPE_1":"PERDAGANGAN DAN RETAIL","TIPE_2":"MINIMARKET","TIPE_3":"LAINNYA","TELEPON":"","ALAMAT":"JL. AFFANDI NO.1 C, SANTREN, CATURTUNGGAL, DEPOK, SLEMAN REGENCY, SPECIAL REGION OF YOGYAKARTA 55281","ID_PROV":34,"PROVINSI":"DAERAH ISTIMEWA YOGYAKARTA","ID_KABKOT":34.04,"KABKOT":"SLEMAN","ID_KEC":"34.04.07","KECAMATAN":"DEPOK","ID_DESA":"34.04.07.2001","DESA":"CATURTUNGGAL","LATITUDE":-7.7748621,"LONGITUDE":110.3889835,"STATUS":"BUKA","TANGGAL PENGUMPULAN":"Q4 2023","TANGGAL UPDATE":"28/01/2025"}},{"type":"Feature","geometry":{"coordinates":[110.3895973,-7.7723399],"type":"Point"},"properties":{"fid":3590,"NAMA":"CIRCLE K GEJAYAN 17C","TIPE_1":"PERDAGANGAN DAN RETAIL","TIPE_2":"MINIMARKET","TIPE_3":"CIRCLE K","TELEPON":"","ALAMAT":"JL. AFFANDI NO.17C, SANTREN, CATURTUNGGAL, KEC. DEPOK, KABUPATEN SLEMAN, DAERAH ISTIMEWA YOGYAKARTA 55281","ID_PROV":34,"PROVINSI":"DAERAH ISTIMEWA YOGYAKARTA","ID_KABKOT":34.04,"KABKOT":"SLEMAN","ID_KEC":"34.04.07","KECAMATAN":"DEPOK","ID_DESA":"34.04.07.2001","DESA":"CATURTUNGGAL","LATITUDE":-7.7723399,"LONGITUDE":110.3895973,"STATUS":"BUKA","TANGGAL PENGUMPULAN":"Q4 2023","TANGGAL UPDATE":"28/01/2025"}},{"type":"Feature","geometry":{"coordinates":[110.3950658,-7.7600602],"type":"Point"},"properties":{"fid":3591,"NAMA":"INDOMARET AFFANDI","TIPE_1":"PERDAGANGAN DAN RETAIL","TIPE_2":"MINIMARKET","TIPE_3":"INDOMARET","TELEPON":"(0274) 6411504","ALAMAT":"JL. AFFANDI NO.23, SOROPADAN, CONDONGCATUR, KEC. DEPOK, KABUPATEN SLEMAN, DAERAH ISTIMEWA YOGYAKARTA 55283","ID_PROV":34,"PROVINSI":"DAERAH ISTIMEWA YOGYAKARTA","ID_KABKOT":34.04,"KABKOT":"SLEMAN","ID_KEC":"34.04.07","KECAMATAN":"DEPOK","ID_DESA":"34.04.07.2003","DESA":"CONDONGCATUR","LATITUDE":-7.7600602,"LONGITUDE":110.3950658,"STATUS":"BUKA","TANGGAL PENGUMPULAN":"Q4 2023","TANGGAL UPDATE":"28/01/2025"}},{"type":"Feature","geometry":{"coordinates":[110.3899224,-7.7705763],"type":"Point"},"properties":{"fid":3592,"NAMA":"VIKITA SWALAYAN","TIPE_1":"PERDAGANGAN DAN RETAIL","TIPE_2":"MINIMARKET","TIPE_3":"LAINNYA","TELEPON":"(0274) 564301","ALAMAT":"JL. AFFANDI NO.29B, KARANG GAYAM, CATURTUNGGAL, KEC. DEPOK, KABUPATEN SLEMAN, DAERAH ISTIMEWA YOGYAKARTA 55281","ID_PROV":34,"PROVINSI":"DAERAH ISTIMEWA YOGYAKARTA","ID_KABKOT":34.04,"KABKOT":"SLEMAN","ID_KEC":"34.04.07","KECAMATAN":"DEPOK","ID_DESA":"34.04.07.2001","DESA":"CATURTUNGGAL","LATITUDE":-7.7705763,"LONGITUDE":110.3899224,"STATUS":"BUKA","TANGGAL PENGUMPULAN":"Q4 2023","TANGGAL UPDATE":"28/01/2025"}},{"type":"Feature","geometry":{"coordinates":[110.3913365,-7.7678853],"type":"Point"},"properties":{"fid":3593,"NAMA":"INDOMARET SANTREN","TIPE_1":"PERDAGANGAN DAN RETAIL","TIPE_2":"MINIMARKET","TIPE_3":"INDOMARET","TELEPON":"","ALAMAT":"JL. AFFANDI NO.31A, KARANG GAYAM, CATURTUNGGAL, KEC. DEPOK, KABUPATEN SLEMAN, DAERAH ISTIMEWA YOGYAKARTA 55281","ID_PROV":34,"PROVINSI":"DAERAH ISTIMEWA YOGYAKARTA","ID_KABKOT":34.04,"KABKOT":"SLEMAN","ID_KEC":"34.04.07","KECAMATAN":"DEPOK","ID_DESA":"34.04.07.2001","DESA":"CATURTUNGGAL","LATITUDE":-7.7678853,"LONGITUDE":110.3913365,"STATUS":"BUKA","TANGGAL PENGUMPULAN":"Q4 2023","TANGGAL UPDATE":"28/01/2025"}},{"type":"Feature","geometry":{"coordinates":[110.3901197,-7.7702672],"type":"Point"},"properties":{"fid":3594,"NAMA":"INDOMARET FRESH GEJAYAN","TIPE_1":"PERDAGANGAN DAN RETAIL","TIPE_2":"MINIMARKET","TIPE_3":"INDOMARET","TELEPON":"","ALAMAT":"JL. AFFANDI, KARANG GAYAM, CATURTUNGGAL, KEC. DEPOK, KABUPATEN SLEMAN, DAERAH ISTIMEWA YOGYAKARTA 55281","ID_PROV":34,"PROVINSI":"DAERAH ISTIMEWA YOGYAKARTA","ID_KABKOT":34.04,"KABKOT":"SLEMAN","ID_KEC":"34.04.07","KECAMATAN":"DEPOK","ID_DESA":"34.04.07.2001","DESA":"CATURTUNGGAL","LATITUDE":-7.7702672,"LONGITUDE":110.3901197,"STATUS":"BUKA","TANGGAL PENGUMPULAN":"Q4 2023","TANGGAL UPDATE":"28/01/2025"}},{"type":"Feature","geometry":{"coordinates":[110.3935784,-7.7631851],"type":"Point"},"properties":{"fid":3595,"NAMA":"SWALAYAN COM","TIPE_1":"PERDAGANGAN DAN RETAIL","TIPE_2":"MINIMARKET","TIPE_3":"LAINNYA","TELEPON":"(0274) 7834460","ALAMAT":"JL. AFFANDI, KARANG GAYAM, CATURTUNGGAL, KEC. DEPOK, KABUPATEN SLEMAN, DAERAH ISTIMEWA YOGYAKARTA 55281","ID_PROV":34,"PROVINSI":"DAERAH ISTIMEWA YOGYAKARTA","ID_KABKOT":34.04,"KABKOT":"SLEMAN","ID_KEC":"34.04.07","KECAMATAN":"DEPOK","ID_DESA":"34.04.07.2001","DESA":"CATURTUNGGAL","LATITUDE":-7.7631851,"LONGITUDE":110.3935784,"STATUS":"BUKA","TANGGAL PENGUMPULAN":"Q4 2023","TANGGAL UPDATE":"28/01/2025"}},{"type":"Feature","geometry":{"coordinates":[110.3434521,-7.6871765],"type":"Point"},"properties":{"fid":3597,"NAMA":"BANGUNAN JAYA HYPERMART","TIPE_1":"PERDAGANGAN DAN RETAIL","TIPE_2":"MINIMARKET","TIPE_3":"LAINNYA","TELEPON":"(0274) 623741","ALAMAT":"JL. AGROWISATA NO.8, PANGGERAN 8, TRIHARJO, KEC. SLEMAN, KABUPATEN SLEMAN, DAERAH ISTIMEWA YOGYAKARTA 55514","ID_PROV":34,"PROVINSI":"DAERAH ISTIMEWA YOGYAKARTA","ID_KABKOT":34.04,"KABKOT":"SLEMAN","ID_KEC":"34.04.13","KECAMATAN":"SLEMAN","ID_DESA":"34.04.13.2002","DESA":"TRIHARJO","LATITUDE":-7.6871765,"LONGITUDE":110.3434521,"STATUS":"BUKA","TANGGAL PENGUMPULAN":"Q4 2023","TANGGAL UPDATE":"28/01/2025"}},{"type":"Feature","geometry":{"coordinates":[110.3963482,-7.75621],"type":"Point"},"properties":{"fid":3919,"NAMA":"INDOMARET ANGGAJAYA 1","TIPE_1":"PERDAGANGAN DAN RETAIL","TIPE_2":"MINIMARKET","TIPE_3":"INDOMARET","TELEPON":"(0274) 4462952","ALAMAT":"JL. ANGGAJAYA 1 NO.282, SANGGRAHAN, CONDONGCATUR, KEC. DEPOK, KABUPATEN SLEMAN, DAERAH ISTIMEWA YOGYAKARTA 55283","ID_PROV":34,"PROVINSI":"DAERAH ISTIMEWA YOGYAKARTA","ID_KABKOT":34.04,"KABKOT":"SLEMAN","ID_KEC":"34.04.07","KECAMATAN":"DEPOK","ID_DESA":"34.04.07.2003","DESA":"CONDONGCATUR","LATITUDE":-7.75621,"LONGITUDE":110.3963482,"STATUS":"BUKA","TANGGAL PENGUMPULAN":"Q4 2023","TANGGAL UPDATE":"28/01/2025"}},{"type":"Feature","geometry":{"coordinates":[110.3991672,-7.7549127],"type":"Point"},"properties":{"fid":3920,"NAMA":"ALFAMART ANGGAJAYA","TIPE_1":"PERDAGANGAN DAN RETAIL","TIPE_2":"MINIMARKET","TIPE_3":"ALFAMART","TELEPON":"","ALAMAT":"JL. ANGGAJAYA 2 KEL NO.75B, RT.04/RW.09, SANGGRAHAN, CONDONGCATUR, KEC. DEPOK, KABUPATEN SLEMAN, DAERAH ISTIMEWA YOGYAKARTA 55283","ID_PROV":34,"PROVINSI":"DAERAH ISTIMEWA YOGYAKARTA","ID_KABKOT":34.04,"KABKOT":"SLEMAN","ID_KEC":"34.04.07","KECAMATAN":"DEPOK","ID_DESA":"34.04.07.2003","DESA":"CONDONGCATUR","LATITUDE":-7.7549127,"LONGITUDE":110.3991672,"STATUS":"BUKA","TANGGAL PENGUMPULAN":"Q4 2023","TANGGAL UPDATE":"28/01/2025"}},{"type":"Feature","geometry":{"coordinates":[110.3944598,-7.7567892],"type":"Point"},"properties":{"fid":3921,"NAMA":"INDOMARET ANGGAJAYA 3","TIPE_1":"PERDAGANGAN DAN RETAIL","TIPE_2":"MINIMARKET","TIPE_3":"INDOMARET","TELEPON":"","ALAMAT":"JL. ANGGAJAYA III NO.66, GEJAYAN, CONDONGCATUR, KEC. DEPOK, KABUPATEN SLEMAN, DAERAH ISTIMEWA YOGYAKARTA 55283","ID_PROV":34,"PROVINSI":"DAERAH ISTIMEWA YOGYAKARTA","ID_KABKOT":34.04,"KABKOT":"SLEMAN","ID_KEC":"34.04.07","KECAMATAN":"DEPOK","ID_DESA":"34.04.07.2003","DESA":"CONDONGCATUR","LATITUDE":-7.7567892,"LONGITUDE":110.3944598,"STATUS":"BUKA","TANGGAL PENGUMPULAN":"Q4 2023","TANGGAL UPDATE":"28/01/2025"}},{"type":"Feature","geometry":{"coordinates":[110.4360432,-7.7737],"type":"Point"},"properties":{"fid":3937,"NAMA":"ALFAMART SAMBILEGI","TIPE_1":"PERDAGANGAN DAN RETAIL","TIPE_2":"MINIMARKET","TIPE_3":"ALFAMART","TELEPON":"","ALAMAT":"JL. ANGGREK, RINGINSARI, MAGUWOHARJO, KEC. DEPOK, KABUPATEN SLEMAN, DAERAH ISTIMEWA YOGYAKARTA 55282","ID_PROV":34,"PROVINSI":"DAERAH ISTIMEWA YOGYAKARTA","ID_KABKOT":34.04,"KABKOT":"SLEMAN","ID_KEC":"34.04.07","KECAMATAN":"DEPOK","ID_DESA":"34.04.07.2002","DESA":"MAGUWOHARJO","LATITUDE":-7.7737,"LONGITUDE":110.4360432,"STATUS":"BUKA","TANGGAL PENGUMPULAN":"Q4 2023","TANGGAL UPDATE":"28/01/2025"}},{"type":"Feature","geometry":{"coordinates":[110.4357263,-7.774207],"type":"Point"},"properties":{"fid":3938,"NAMA":"INDOMARET ANGGREK","TIPE_1":"PERDAGANGAN DAN RETAIL","TIPE_2":"MINIMARKET","TIPE_3":"INDOMARET","TELEPON":"","ALAMAT":"JL. ANGGREK, RINGINSARI, MAGUWOHARJO, KEC. DEPOK, KABUPATEN SLEMAN, DAERAH ISTIMEWA YOGYAKARTA 55282","ID_PROV":34,"PROVINSI":"DAERAH ISTIMEWA YOGYAKARTA","ID_KABKOT":34.04,"KABKOT":"SLEMAN","ID_KEC":"34.04.07","KECAMATAN":"DEPOK","ID_DESA":"34.04.07.2002","DESA":"MAGUWOHARJO","LATITUDE":-7.774207,"LONGITUDE":110.4357263,"STATUS":"BUKA","TANGGAL PENGUMPULAN":"Q4 2023","TANGGAL UPDATE":"28/01/2025"}},{"type":"Feature","geometry":{"coordinates":[110.4136,-7.774254],"type":"Point"},"properties":{"fid":4176,"NAMA":"ALFAMART BABARSARI","TIPE_1":"PERDAGANGAN DAN RETAIL","TIPE_2":"MINIMARKET","TIPE_3":"ALFAMART","TELEPON":"","ALAMAT":"JL. BABARSARI CT 19, KEL, TAMBAK BAYAN, CATURTUNGGAL, KEC. DEPOK, KABUPATEN SLEMAN, DAERAH ISTIMEWA YOGYAKARTA 55281","ID_PROV":34,"PROVINSI":"DAERAH ISTIMEWA YOGYAKARTA","ID_KABKOT":34.04,"KABKOT":"SLEMAN","ID_KEC":"34.04.07","KECAMATAN":"DEPOK","ID_DESA":"34.04.07.2001","DESA":"CATURTUNGGAL","LATITUDE":-7.774254,"LONGITUDE":110.4136,"STATUS":"BUKA","TANGGAL PENGUMPULAN":"Q4 2023","TANGGAL UPDATE":"28/01/2025"}},{"type":"Feature","geometry":{"coordinates":[110.4141492,-7.781762],"type":"Point"},"properties":{"fid":4177,"NAMA":"INDOMARET BABARSARI 2","TIPE_1":"PERDAGANGAN DAN RETAIL","TIPE_2":"MINIMARKET","TIPE_3":"INDOMARET","TELEPON":"","ALAMAT":"JL. BABARSARI NO.11, JANTI, CATURTUNGGAL, KEC. DEPOK, KABUPATEN SLEMAN, DAERAH ISTIMEWA YOGYAKARTA 55281","ID_PROV":34,"PROVINSI":"DAERAH ISTIMEWA YOGYAKARTA","ID_KABKOT":34.04,"KABKOT":"SLEMAN","ID_KEC":"34.04.07","KECAMATAN":"DEPOK","ID_DESA":"34.04.07.2001","DESA":"CATURTUNGGAL","LATITUDE":-7.781762,"LONGITUDE":110.4141492,"STATUS":"BUKA","TANGGAL PENGUMPULAN":"Q4 2023","TANGGAL UPDATE":"28/01/2025"}},{"type":"Feature","geometry":{"coordinates":[110.4091571,-7.7735373],"type":"Point"},"properties":{"fid":4178,"NAMA":"CITROULI SWALAYAN","TIPE_1":"PERDAGANGAN DAN RETAIL","TIPE_2":"MINIMARKET","TIPE_3":"LAINNYA","TELEPON":"(0274) 487352","ALAMAT":"JL. BABARSARI NO.112, KLEDOKAN, CATURTUNGGAL, KEC. DEPOK, KABUPATEN SLEMAN, DAERAH ISTIMEWA YOGYAKARTA 55281","ID_PROV":34,"PROVINSI":"DAERAH ISTIMEWA YOGYAKARTA","ID_KABKOT":34.04,"KABKOT":"SLEMAN","ID_KEC":"34.04.07","KECAMATAN":"DEPOK","ID_DESA":"34.04.07.2001","DESA":"CATURTUNGGAL","LATITUDE":-7.7735373,"LONGITUDE":110.4091571,"STATUS":"BUKA","TANGGAL PENGUMPULAN":"Q4 2023","TANGGAL UPDATE":"28/01/2025"}},{"type":"Feature","geometry":{"coordinates":[110.4100113,-7.7738257],"type":"Point"},"properties":{"fid":4179,"NAMA":"CIRCLE K BABARSARI 2","TIPE_1":"PERDAGANGAN DAN RETAIL","TIPE_2":"MINIMARKET","TIPE_3":"CIRCLE K","TELEPON":"","ALAMAT":"JL. BABARSARI, KLEDOKAN, CATURTUNGGAL, KEC. DEPOK, KABUPATEN SLEMAN, DAERAH ISTIMEWA YOGYAKARTA 55281","ID_PROV":34,"PROVINSI":"DAERAH ISTIMEWA YOGYAKARTA","ID_KABKOT":34.04,"KABKOT":"SLEMAN","ID_KEC":"34.04.07","KECAMATAN":"DEPOK","ID_DESA":"34.04.07.2001","DESA":"CATURTUNGGAL","LATITUDE":-7.7738257,"LONGITUDE":110.4100113,"STATUS":"BUKA","TANGGAL PENGUMPULAN":"Q4 2023","TANGGAL UPDATE":"28/01/2025"}},{"type":"Feature","geometry":{"coordinates":[110.4157365,-7.7744127],"type":"Point"},"properties":{"fid":4180,"NAMA":"INDOMARET BABARSARI 1","TIPE_1":"PERDAGANGAN DAN RETAIL","TIPE_2":"MINIMARKET","TIPE_3":"INDOMARET","TELEPON":"1 500 580","ALAMAT":"JL. BABARSARI, TAMBAK BAYAN, CATURTUNGGAL, KEC. DEPOK, KABUPATEN SLEMAN, DAERAH ISTIMEWA YOGYAKARTA 55281","ID_PROV":34,"PROVINSI":"DAERAH ISTIMEWA YOGYAKARTA","ID_KABKOT":34.04,"KABKOT":"SLEMAN","ID_KEC":"34.04.07","KECAMATAN":"DEPOK","ID_DESA":"34.04.07.2001","DESA":"CATURTUNGGAL","LATITUDE":-7.7744127,"LONGITUDE":110.4157365,"STATUS":"BUKA","TANGGAL PENGUMPULAN":"Q4 2023","TANGGAL UPDATE":"28/01/2025"}},{"type":"Feature","geometry":{"coordinates":[110.453875,-7.68369],"type":"Point"},"properties":{"fid":4311,"NAMA":"PELANGI MINIMARKET","TIPE_1":"PERDAGANGAN DAN RETAIL","TIPE_2":"MINIMARKET","TIPE_3":"LAINNYA","TELEPON":"0823-8389-2375","ALAMAT":"JL. BANJARHARJO JL. GROGOLAN, BALONG, BIMOMARTANI, KEC. NGEMPLAK, KABUPATEN SLEMAN, DAERAH ISTIMEWA YOGYAKARTA 55583","ID_PROV":34,"PROVINSI":"DAERAH ISTIMEWA YOGYAKARTA","ID_KABKOT":34.04,"KABKOT":"SLEMAN","ID_KEC":"34.04.11","KECAMATAN":"NGEMPLAK","ID_DESA":"34.04.11.2002","DESA":"BIMOMARTANI","LATITUDE":-7.68369,"LONGITUDE":110.453875,"STATUS":"BUKA","TANGGAL PENGUMPULAN":"Q4 2023","TANGGAL UPDATE":"28/01/2025"}},{"type":"Feature","geometry":{"coordinates":[110.3897693,-7.7383762],"type":"Point"},"properties":{"fid":4332,"NAMA":"INDOMARET BANTENG","TIPE_1":"PERDAGANGAN DAN RETAIL","TIPE_2":"MINIMARKET","TIPE_3":"INDOMARET","TELEPON":"(0274) 885374","ALAMAT":"JL. BANTENG RAYA, BANTENG, SINDUHARJO, KEC. NGAGLIK, KABUPATEN SLEMAN, DAERAH ISTIMEWA YOGYAKARTA 55281","ID_PROV":34,"PROVINSI":"DAERAH ISTIMEWA YOGYAKARTA","ID_KABKOT":34.04,"KABKOT":"SLEMAN","ID_KEC":"34.04.12","KECAMATAN":"NGAGLIK","ID_DESA":"34.04.12.2003","DESA":"SINDUHARJO","LATITUDE":-7.7383762,"LONGITUDE":110.3897693,"STATUS":"BUKA","TANGGAL PENGUMPULAN":"Q4 2023","TANGGAL UPDATE":"28/01/2025"}},{"type":"Feature","geometry":{"coordinates":[110.3223319,-7.778965],"type":"Point"},"properties":{"fid":4339,"NAMA":"MAGA 4 SWALAYAN","TIPE_1":"PERDAGANGAN DAN RETAIL","TIPE_2":"MINIMARKET","TIPE_3":"LAINNYA","TELEPON":"(0274) 9312004","ALAMAT":"JL. BANTULAN NO.100, KRAMAT, SIDOARUM, KEC. GODEAN, KABUPATEN SLEMAN, DAERAH ISTIMEWA YOGYAKARTA 55564","ID_PROV":34,"PROVINSI":"DAERAH ISTIMEWA YOGYAKARTA","ID_KABKOT":34.04,"KABKOT":"SLEMAN","ID_KEC":"34.04.02","KECAMATAN":"GODEAN","ID_DESA":"34.04.02.2006","DESA":"SIDOARUM","LATITUDE":-7.778965,"LONGITUDE":110.3223319,"STATUS":"BUKA","TANGGAL PENGUMPULAN":"Q4 2023","TANGGAL UPDATE":"28/01/2025"}},{"type":"Feature","geometry":{"coordinates":[110.3224346,-7.7770265],"type":"Point"},"properties":{"fid":4340,"NAMA":"INDOMARET SIDOARUM UTARA","TIPE_1":"PERDAGANGAN DAN RETAIL","TIPE_2":"MINIMARKET","TIPE_3":"INDOMARET","TELEPON":"(0274) 6499300","ALAMAT":"JL. BANTULAN NO.GAMPING, COKRO GEDOK, SIDOARUM, GODEAN, SLEMAN REGENCY, SPECIAL REGION OF YOGYAKARTA 55564","ID_PROV":34,"PROVINSI":"DAERAH ISTIMEWA YOGYAKARTA","ID_KABKOT":34.04,"KABKOT":"SLEMAN","ID_KEC":"34.04.02","KECAMATAN":"GODEAN","ID_DESA":"34.04.02.2006","DESA":"SIDOARUM","LATITUDE":-7.7770265,"LONGITUDE":110.3224346,"STATUS":"BUKA","TANGGAL PENGUMPULAN":"Q4 2023","TANGGAL UPDATE":"28/01/2025"}},{"type":"Feature","geometry":{"coordinates":[110.4314642,-7.7049499],"type":"Point"},"properties":{"fid":4576,"NAMA":"ALFAMART JANGKANG","TIPE_1":"PERDAGANGAN DAN RETAIL","TIPE_2":"MINIMARKET","TIPE_3":"ALFAMART","TELEPON":"1 500 959","ALAMAT":"JL. BESI JANGKANG NO.KM. 01, KARANGLO, SUKOHARJO, NGAGLIK, SLEMAN REGENCY, SPECIAL REGION OF YOGYAKARTA 55581","ID_PROV":34,"PROVINSI":"DAERAH ISTIMEWA YOGYAKARTA","ID_KABKOT":34.04,"KABKOT":"SLEMAN","ID_KEC":"34.04.12","KECAMATAN":"NGAGLIK","ID_DESA":"34.04.12.2004","DESA":"SUKOHARJO","LATITUDE":-7.7049499,"LONGITUDE":110.4314642,"STATUS":"BUKA","TANGGAL PENGUMPULAN":"Q4 2023","TANGGAL UPDATE":"28/01/2025"}},{"type":"Feature","geometry":{"coordinates":[110.4264684,-7.7043381],"type":"Point"},"properties":{"fid":4577,"NAMA":"MINA SWALAYAN BESI JANGKANG","TIPE_1":"PERDAGANGAN DAN RETAIL","TIPE_2":"MINIMARKET","TIPE_3":"LAINNYA","TELEPON":"(0274) 7371035","ALAMAT":"JL. BESI JANGKANG, KLIDON, SUKOHARJO, KEC. NGAGLIK, KABUPATEN SLEMAN, DAERAH ISTIMEWA YOGYAKARTA 55581","ID_PROV":34,"PROVINSI":"DAERAH ISTIMEWA YOGYAKARTA","ID_KABKOT":34.04,"KABKOT":"SLEMAN","ID_KEC":"34.04.12","KECAMATAN":"NGAGLIK","ID_DESA":"34.04.12.2004","DESA":"SUKOHARJO","LATITUDE":-7.7043381,"LONGITUDE":110.4264684,"STATUS":"BUKA","TANGGAL PENGUMPULAN":"Q4 2023","TANGGAL UPDATE":"28/01/2025"}},{"type":"Feature","geometry":{"coordinates":[110.4304216,-7.7048245],"type":"Point"},"properties":{"fid":4578,"NAMA":"INDOMARET MINDI","TIPE_1":"PERDAGANGAN DAN RETAIL","TIPE_2":"MINIMARKET","TIPE_3":"INDOMARET","TELEPON":"","ALAMAT":"JL. BESI JANGKANG, MINDI, SUKOHARJO, KEC. NGAGLIK, KABUPATEN SLEMAN, DAERAH ISTIMEWA YOGYAKARTA 55581","ID_PROV":34,"PROVINSI":"DAERAH ISTIMEWA YOGYAKARTA","ID_KABKOT":34.04,"KABKOT":"SLEMAN","ID_KEC":"34.04.12","KECAMATAN":"NGAGLIK","ID_DESA":"34.04.12.2004","DESA":"SUKOHARJO","LATITUDE":-7.7048245,"LONGITUDE":110.4304216,"STATUS":"BUKA","TANGGAL PENGUMPULAN":"Q4 2023","TANGGAL UPDATE":"28/01/2025"}},{"type":"Feature","geometry":{"coordinates":[110.41843,-7.696926],"type":"Point"},"properties":{"fid":4579,"NAMA":"MIRAH MINIMARKET","TIPE_1":"PERDAGANGAN DAN RETAIL","TIPE_2":"MINIMARKET","TIPE_3":"LAINNYA","TELEPON":"0851-0801-3233","ALAMAT":"JL. BESI JAYA, BESI, SUKOHARJO, KEC. NGAGLIK, YOGYAKARTA, DAERAH ISTIMEWA YOGYAKARTA 55581","ID_PROV":34,"PROVINSI":"DAERAH ISTIMEWA YOGYAKARTA","ID_KABKOT":34.04,"KABKOT":"SLEMAN","ID_KEC":"34.04.12","KECAMATAN":"NGAGLIK","ID_DESA":"34.04.12.2004","DESA":"SUKOHARJO","LATITUDE":-7.696926,"LONGITUDE":110.41843,"STATUS":"BUKA","TANGGAL PENGUMPULAN":"Q4 2023","TANGGAL UPDATE":"28/01/2025"}},{"type":"Feature","geometry":{"coordinates":[110.4109558,-7.752665],"type":"Point"},"properties":{"fid":5164,"NAMA":"CIRCLE K NUSA INDAH 2","TIPE_1":"PERDAGANGAN DAN RETAIL","TIPE_2":"MINIMARKET","TIPE_3":"CIRCLE K","TELEPON":"","ALAMAT":"JL. CANDI GEBANG NO.15, DERO, CONDONGCATUR, KEC. DEPOK, KABUPATEN SLEMAN, DAERAH ISTIMEWA YOGYAKARTA 55281","ID_PROV":34,"PROVINSI":"DAERAH ISTIMEWA YOGYAKARTA","ID_KABKOT":34.04,"KABKOT":"SLEMAN","ID_KEC":"34.04.07","KECAMATAN":"DEPOK","ID_DESA":"34.04.07.2003","DESA":"CONDONGCATUR","LATITUDE":-7.752665,"LONGITUDE":110.4109558,"STATUS":"BUKA","TANGGAL PENGUMPULAN":"Q4 2023","TANGGAL UPDATE":"28/01/2025"}},{"type":"Feature","geometry":{"coordinates":[110.4122152,-7.747073],"type":"Point"},"properties":{"fid":5165,"NAMA":"INDOMARET CANDIGEBANG","TIPE_1":"PERDAGANGAN DAN RETAIL","TIPE_2":"MINIMARKET","TIPE_3":"INDOMARET","TELEPON":"(0274) 4462119","ALAMAT":"JL. CANDI GEBANG, JETIS, WEDOMARTANI, KEC. NGEMPLAK, KABUPATEN SLEMAN, DAERAH ISTIMEWA YOGYAKARTA 55282","ID_PROV":34,"PROVINSI":"DAERAH ISTIMEWA YOGYAKARTA","ID_KABKOT":34.04,"KABKOT":"SLEMAN","ID_KEC":"34.04.11","KECAMATAN":"NGEMPLAK","ID_DESA":"34.04.11.2004","DESA":"WEDOMARTANI","LATITUDE":-7.747073,"LONGITUDE":110.4122152,"STATUS":"BUKA","TANGGAL PENGUMPULAN":"Q4 2023","TANGGAL UPDATE":"28/01/2025"}},{"type":"Feature","geometry":{"coordinates":[110.4443902,-7.7754451],"type":"Point"},"properties":{"fid":5169,"NAMA":"INDOMARET CANDI SAMBISARI","TIPE_1":"PERDAGANGAN DAN RETAIL","TIPE_2":"MINIMARKET","TIPE_3":"INDOMARET","TELEPON":"","ALAMAT":"JL. CANDI SAMBISARI NO.283, JUWANGEN, PURWOMARTANI, KEC. KALASAN, KABUPATEN SLEMAN, DAERAH ISTIMEWA YOGYAKARTA 55571","ID_PROV":34,"PROVINSI":"DAERAH ISTIMEWA YOGYAKARTA","ID_KABKOT":34.04,"KABKOT":"SLEMAN","ID_KEC":"34.04.10","KECAMATAN":"KALASAN","ID_DESA":"34.04.10.2001","DESA":"PURWOMARTANI","LATITUDE":-7.7754451,"LONGITUDE":110.4443902,"STATUS":"BUKA","TANGGAL PENGUMPULAN":"Q4 2023","TANGGAL UPDATE":"28/01/2025"}},{"type":"Feature","geometry":{"coordinates":[110.4284964,-7.6686469],"type":"Point"},"properties":{"fid":5174,"NAMA":"INDOMARET POKOH SLEMAN TGKW","TIPE_1":"PERDAGANGAN DAN RETAIL","TIPE_2":"MINIMARKET","TIPE_3":"INDOMARET","TELEPON":"","ALAMAT":"JL. CANGKRINGAN NO.22, KREGAN, UMBULMARTANI, KEC. NGEMPLAK, KABUPATEN SLEMAN, DAERAH ISTIMEWA YOGYAKARTA 55584","ID_PROV":34,"PROVINSI":"DAERAH ISTIMEWA YOGYAKARTA","ID_KABKOT":34.04,"KABKOT":"SLEMAN","ID_KEC":"34.04.11","KECAMATAN":"NGEMPLAK","ID_DESA":"34.04.11.2005","DESA":"UMBULMARTANI","LATITUDE":-7.6686469,"LONGITUDE":110.4284964,"STATUS":"BUKA","TANGGAL PENGUMPULAN":"Q4 2023","TANGGAL UPDATE":"28/01/2025"}},{"type":"Feature","geometry":{"coordinates":[110.461328,-7.6896075],"type":"Point"},"properties":{"fid":5175,"NAMA":"INDOMARET SPBU BIMOMARTANI","TIPE_1":"PERDAGANGAN DAN RETAIL","TIPE_2":"MINIMARKET","TIPE_3":"INDOMARET","TELEPON":"","ALAMAT":"JL. CANGKRINGAN NO.3, KRAGILAN, BIMOMARTANI, KEC. NGEMPLAK, KABUPATEN SLEMAN, DAERAH ISTIMEWA YOGYAKARTA 55584","ID_PROV":34,"PROVINSI":"DAERAH ISTIMEWA YOGYAKARTA","ID_KABKOT":34.04,"KABKOT":"SLEMAN","ID_KEC":"34.04.11","KECAMATAN":"NGEMPLAK","ID_DESA":"34.04.11.2002","DESA":"BIMOMARTANI","LATITUDE":-7.6896075,"LONGITUDE":110.461328,"STATUS":"BUKA","TANGGAL PENGUMPULAN":"Q4 2023","TANGGAL UPDATE":"28/01/2025"}},{"type":"Feature","geometry":{"coordinates":[110.3208286,-7.7496415],"type":"Point"},"properties":{"fid":5188,"NAMA":"INDOMARET SIDOMOYO UTARA","TIPE_1":"PERDAGANGAN DAN RETAIL","TIPE_2":"MINIMARKET","TIPE_3":"INDOMARET","TELEPON":"","ALAMAT":"JL. CEBONGAN, BELURAN, SIDOMOYO, KEC. GODEAN, KABUPATEN SLEMAN, DAERAH ISTIMEWA YOGYAKARTA 55264","ID_PROV":34,"PROVINSI":"DAERAH ISTIMEWA YOGYAKARTA","ID_KABKOT":34.04,"KABKOT":"SLEMAN","ID_KEC":"34.04.02","KECAMATAN":"GODEAN","ID_DESA":"34.04.02.2007","DESA":"SIDOMOYO","LATITUDE":-7.7496415,"LONGITUDE":110.3208286,"STATUS":"BUKA","TANGGAL PENGUMPULAN":"Q4 2023","TANGGAL UPDATE":"28/01/2025"}},{"type":"Feature","geometry":{"coordinates":[110.4066938,-7.7534832],"type":"Point"},"properties":{"fid":5228,"NAMA":"INDOMARET CEMPAKA 59 (FB3S)","TIPE_1":"PERDAGANGAN DAN RETAIL","TIPE_2":"MINIMARKET","TIPE_3":"INDOMARET","TELEPON":"","ALAMAT":"JL. CEMP. NO.60, DERO, CONDONGCATUR, KEC. DEPOK, KABUPATEN SLEMAN, DAERAH ISTIMEWA YOGYAKARTA 55281","ID_PROV":34,"PROVINSI":"DAERAH ISTIMEWA YOGYAKARTA","ID_KABKOT":34.04,"KABKOT":"SLEMAN","ID_KEC":"34.04.07","KECAMATAN":"DEPOK","ID_DESA":"34.04.07.2003","DESA":"CONDONGCATUR","LATITUDE":-7.7534832,"LONGITUDE":110.4066938,"STATUS":"BUKA","TANGGAL PENGUMPULAN":"Q4 2023","TANGGAL UPDATE":"28/01/2025"}},{"type":"Feature","geometry":{"coordinates":[110.3899001,-7.7637464],"type":"Point"},"properties":{"fid":5236,"NAMA":"INDOMARET CEMPAKA 38","TIPE_1":"PERDAGANGAN DAN RETAIL","TIPE_2":"MINIMARKET","TIPE_3":"INDOMARET","TELEPON":"","ALAMAT":"JL. CEMPAKA NO.38, MANGGUNG, CATURTUNGGAL, KEC. DEPOK, KABUPATEN SLEMAN, DAERAH ISTIMEWA YOGYAKARTA 55281","ID_PROV":34,"PROVINSI":"DAERAH ISTIMEWA YOGYAKARTA","ID_KABKOT":34.04,"KABKOT":"SLEMAN","ID_KEC":"34.04.07","KECAMATAN":"DEPOK","ID_DESA":"34.04.07.2001","DESA":"CATURTUNGGAL","LATITUDE":-7.7637464,"LONGITUDE":110.3899001,"STATUS":"BUKA","TANGGAL PENGUMPULAN":"Q4 2023","TANGGAL UPDATE":"28/01/2025"}},{"type":"Feature","geometry":{"coordinates":[110.4226886,-7.7531887],"type":"Point"},"properties":{"fid":5544,"NAMA":"FAMILY MART","TIPE_1":"PERDAGANGAN DAN RETAIL","TIPE_2":"MINIMARKET","TIPE_3":"FAMILYMART","TELEPON":"","ALAMAT":"JL. CINDELARAS RAYA JL. KEPUHSARI NO.28, KRODAN, MAGUWOHARJO, KEC. DEPOK, KABUPATEN SLEMAN, DAERAH ISTIMEWA YOGYAKARTA 55281","ID_PROV":34,"PROVINSI":"DAERAH ISTIMEWA YOGYAKARTA","ID_KABKOT":34.04,"KABKOT":"SLEMAN","ID_KEC":"34.04.07","KECAMATAN":"DEPOK","ID_DESA":"34.04.07.2002","DESA":"MAGUWOHARJO","LATITUDE":-7.7531887,"LONGITUDE":110.4226886,"STATUS":"BUKA","TANGGAL PENGUMPULAN":"Q4 2023","TANGGAL UPDATE":"28/01/2025"}},{"type":"Feature","geometry":{"coordinates":[110.3855506,-7.777802],"type":"Point"},"properties":{"fid":5709,"NAMA":"ALFAMART","TIPE_1":"PERDAGANGAN DAN RETAIL","TIPE_2":"MINIMARKET","TIPE_3":"ALFAMART","TELEPON":"1 500 959","ALAMAT":"JL. COLOMBO 13/30, DESA KEL NO.RT. 04, RT.04/RW.02, SAMIRONO, CATURTUNGGAL, DEPOK, SLEMAN REGENCY, SPECIAL REGION OF YOGYAKARTA 55281","ID_PROV":34,"PROVINSI":"DAERAH ISTIMEWA YOGYAKARTA","ID_KABKOT":34.04,"KABKOT":"SLEMAN","ID_KEC":"34.04.07","KECAMATAN":"DEPOK","ID_DESA":"34.04.07.2001","DESA":"CATURTUNGGAL","LATITUDE":-7.777802,"LONGITUDE":110.3855506,"STATUS":"BUKA","TANGGAL PENGUMPULAN":"Q4 2023","TANGGAL UPDATE":"28/01/2025"}},{"type":"Feature","geometry":{"coordinates":[110.3845495,-7.7776055],"type":"Point"},"properties":{"fid":5710,"NAMA":"INDOMARET FRESH COLOMBO","TIPE_1":"PERDAGANGAN DAN RETAIL","TIPE_2":"MINIMARKET","TIPE_3":"INDOMARET","TELEPON":"(021) 1500580","ALAMAT":"JL. COLOMBO, KARANG MALANG, CATURTUNGGAL, KEC. DEPOK, KABUPATEN SLEMAN, DAERAH ISTIMEWA YOGYAKARTA 55281","ID_PROV":34,"PROVINSI":"DAERAH ISTIMEWA YOGYAKARTA","ID_KABKOT":34.04,"KABKOT":"SLEMAN","ID_KEC":"34.04.07","KECAMATAN":"DEPOK","ID_DESA":"34.04.07.2001","DESA":"CATURTUNGGAL","LATITUDE":-7.7776055,"LONGITUDE":110.3845495,"STATUS":"BUKA","TANGGAL PENGUMPULAN":"Q4 2023","TANGGAL UPDATE":"28/01/2025"}},{"type":"Feature","geometry":{"coordinates":[110.3916503,-7.7342131],"type":"Point"},"properties":{"fid":5779,"NAMA":"ALFAMART DAMAI","TIPE_1":"PERDAGANGAN DAN RETAIL","TIPE_2":"MINIMARKET","TIPE_3":"ALFAMART","TELEPON":"1 500 959","ALAMAT":"JL. DAMAI DK. PRUJAKAN, RT.01/RW.32, TAMBAKAN, SINDUHARJO, KEC. NGAGLIK, KABUPATEN SLEMAN, DAERAH ISTIMEWA YOGYAKARTA 55581","ID_PROV":34,"PROVINSI":"DAERAH ISTIMEWA YOGYAKARTA","ID_KABKOT":34.04,"KABKOT":"SLEMAN","ID_KEC":"34.04.12","KECAMATAN":"NGAGLIK","ID_DESA":"34.04.12.2003","DESA":"SINDUHARJO","LATITUDE":-7.7342131,"LONGITUDE":110.3916503,"STATUS":"BUKA","TANGGAL PENGUMPULAN":"Q4 2023","TANGGAL UPDATE":"28/01/2025"}},{"type":"Feature","geometry":{"coordinates":[110.384182,-7.7315973],"type":"Point"},"properties":{"fid":5781,"NAMA":"ALFAMIDI DAMAI","TIPE_1":"PERDAGANGAN DAN RETAIL","TIPE_2":"MINIMARKET","TIPE_3":"ALFAMIDI","TELEPON":"0821-1357-7252","ALAMAT":"JL. DAMAI NO.27, WONOREJO, SARIHARJO, KEC. NGAGLIK, KABUPATEN SLEMAN, DAERAH ISTIMEWA YOGYAKARTA 55581","ID_PROV":34,"PROVINSI":"DAERAH ISTIMEWA YOGYAKARTA","ID_KABKOT":34.04,"KABKOT":"SLEMAN","ID_KEC":"34.04.12","KECAMATAN":"NGAGLIK","ID_DESA":"34.04.12.2001","DESA":"SARIHARJO","LATITUDE":-7.7315973,"LONGITUDE":110.384182,"STATUS":"BUKA","TANGGAL PENGUMPULAN":"Q4 2023","TANGGAL UPDATE":"28/01/2025"}},{"type":"Feature","geometry":{"coordinates":[110.384924,-7.732676],"type":"Point"},"properties":{"fid":5782,"NAMA":"INDOMARET DAMAI BARAT","TIPE_1":"PERDAGANGAN DAN RETAIL","TIPE_2":"MINIMARKET","TIPE_3":"INDOMARET","TELEPON":"","ALAMAT":"JL. DAMAI NO.32, WONOREJO, SARIHARJO, KEC. NGAGLIK, KABUPATEN SLEMAN, DAERAH ISTIMEWA YOGYAKARTA 55581","ID_PROV":34,"PROVINSI":"DAERAH ISTIMEWA YOGYAKARTA","ID_KABKOT":34.04,"KABKOT":"SLEMAN","ID_KEC":"34.04.12","KECAMATAN":"NGAGLIK","ID_DESA":"34.04.12.2001","DESA":"SARIHARJO","LATITUDE":-7.732676,"LONGITUDE":110.384924,"STATUS":"BUKA","TANGGAL PENGUMPULAN":"Q4 2023","TANGGAL UPDATE":"28/01/2025"}},{"type":"Feature","geometry":{"coordinates":[110.3809459,-7.7307753],"type":"Point"},"properties":{"fid":5783,"NAMA":"INDOMARET DAMAI SLEMAN","TIPE_1":"PERDAGANGAN DAN RETAIL","TIPE_2":"MINIMARKET","TIPE_3":"INDOMARET","TELEPON":"","ALAMAT":"JL. DAMAI NO.36, KARANG MOKO, SARIHARJO, NGAGLIK, SLEMAN REGENCY, SPECIAL REGION OF YOGYAKARTA 55581","ID_PROV":34,"PROVINSI":"DAERAH ISTIMEWA YOGYAKARTA","ID_KABKOT":34.04,"KABKOT":"SLEMAN","ID_KEC":"34.04.12","KECAMATAN":"NGAGLIK","ID_DESA":"34.04.12.2001","DESA":"SARIHARJO","LATITUDE":-7.7307753,"LONGITUDE":110.3809459,"STATUS":"BUKA","TANGGAL PENGUMPULAN":"Q4 2023","TANGGAL UPDATE":"28/01/2025"}},{"type":"Feature","geometry":{"coordinates":[110.3898091,-7.7340085],"type":"Point"},"properties":{"fid":5785,"NAMA":"INDOMARET DAMAI","TIPE_1":"PERDAGANGAN DAN RETAIL","TIPE_2":"MINIMARKET","TIPE_3":"INDOMARET","TELEPON":"(0274) 880169","ALAMAT":"JL. DAMAI NO.6, RT.6/RW.30, BANTENG, SINDUHARJO, KEC. NGAGLIK, KABUPATEN SLEMAN, DAERAH ISTIMEWA YOGYAKARTA 55581","ID_PROV":34,"PROVINSI":"DAERAH ISTIMEWA YOGYAKARTA","ID_KABKOT":34.04,"KABKOT":"SLEMAN","ID_KEC":"34.04.12","KECAMATAN":"NGAGLIK","ID_DESA":"34.04.12.2003","DESA":"SINDUHARJO","LATITUDE":-7.7340085,"LONGITUDE":110.3898091,"STATUS":"BUKA","TANGGAL PENGUMPULAN":"Q4 2023","TANGGAL UPDATE":"28/01/2025"}},{"type":"Feature","geometry":{"coordinates":[110.3944815,-7.7346332],"type":"Point"},"properties":{"fid":5786,"NAMA":"FAMILI MINI MARKET","TIPE_1":"PERDAGANGAN DAN RETAIL","TIPE_2":"MINIMARKET","TIPE_3":"FAMILI MART","TELEPON":"(0274) 7479348","ALAMAT":"JL. DAMAI NO.6, TAMBAKAN, SINDUHARJO, KEC. NGAGLIK, KABUPATEN SLEMAN, DAERAH ISTIMEWA YOGYAKARTA 55581","ID_PROV":34,"PROVINSI":"DAERAH ISTIMEWA YOGYAKARTA","ID_KABKOT":34.04,"KABKOT":"SLEMAN","ID_KEC":"34.04.12","KECAMATAN":"NGAGLIK","ID_DESA":"34.04.12.2003","DESA":"SINDUHARJO","LATITUDE":-7.7346332,"LONGITUDE":110.3944815,"STATUS":"BUKA","TANGGAL PENGUMPULAN":"Q4 2023","TANGGAL UPDATE":"28/01/2025"}},{"type":"Feature","geometry":{"coordinates":[110.3938231,-7.7342411],"type":"Point"},"properties":{"fid":5787,"NAMA":"FAMILYMART","TIPE_1":"PERDAGANGAN DAN RETAIL","TIPE_2":"MINIMARKET","TIPE_3":"FAMILYMART","TELEPON":"(0274) 7479348","ALAMAT":"JL. DAMAI NO.6, TAMBAKAN, SINDUHARJO, KEC. NGAGLIK, KABUPATEN SLEMAN, DAERAH ISTIMEWA YOGYAKARTA 55581","ID_PROV":34,"PROVINSI":"DAERAH ISTIMEWA YOGYAKARTA","ID_KABKOT":34.04,"KABKOT":"SLEMAN","ID_KEC":"34.04.12","KECAMATAN":"NGAGLIK","ID_DESA":"34.04.12.2003","DESA":"SINDUHARJO","LATITUDE":-7.7342411,"LONGITUDE":110.3938231,"STATUS":"BUKA","TANGGAL PENGUMPULAN":"Q4 2023","TANGGAL UPDATE":"28/01/2025"}},{"type":"Feature","geometry":{"coordinates":[110.3923708,-7.7791913],"type":"Point"},"properties":{"fid":5890,"NAMA":"INDOMARET DEMANGAN BARU","TIPE_1":"PERDAGANGAN DAN RETAIL","TIPE_2":"MINIMARKET","TIPE_3":"INDOMARET","TELEPON":"(021) 1500580","ALAMAT":"JL. DEMANGAN BARU NO.19, DEMANGAN BARU, CATURTUNGGAL, KEC. DEPOK, KABUPATEN SLEMAN, DAERAH ISTIMEWA YOGYAKARTA 55281","ID_PROV":34,"PROVINSI":"DAERAH ISTIMEWA YOGYAKARTA","ID_KABKOT":34.04,"KABKOT":"SLEMAN","ID_KEC":"34.04.07","KECAMATAN":"DEPOK","ID_DESA":"34.04.07.2001","DESA":"CATURTUNGGAL","LATITUDE":-7.7791913,"LONGITUDE":110.3923708,"STATUS":"BUKA","TANGGAL PENGUMPULAN":"Q4 2023","TANGGAL UPDATE":"28/01/2025"}},{"type":"Feature","geometry":{"coordinates":[110.3927723,-7.7783721],"type":"Point"},"properties":{"fid":5891,"NAMA":"CIRCLE K DEMANGAN","TIPE_1":"PERDAGANGAN DAN RETAIL","TIPE_2":"MINIMARKET","TIPE_3":"CIRCLE K","TELEPON":"0878-7761-1026","ALAMAT":"JL. DEMANGAN BARU, DEMANGAN BARU, CATURTUNGGAL, KEC. DEPOK, KABUPATEN SLEMAN, DAERAH ISTIMEWA YOGYAKARTA 55281","ID_PROV":34,"PROVINSI":"DAERAH ISTIMEWA YOGYAKARTA","ID_KABKOT":34.04,"KABKOT":"SLEMAN","ID_KEC":"34.04.07","KECAMATAN":"DEPOK","ID_DESA":"34.04.07.2001","DESA":"CATURTUNGGAL","LATITUDE":-7.7783721,"LONGITUDE":110.3927723,"STATUS":"BUKA","TANGGAL PENGUMPULAN":"Q4 2023","TANGGAL UPDATE":"28/01/2025"}},{"type":"Feature","geometry":{"coordinates":[110.3449894,-7.7115207],"type":"Point"},"properties":{"fid":6116,"NAMA":"MAS SWALAYAN","TIPE_1":"PERDAGANGAN DAN RETAIL","TIPE_2":"MINIMARKET","TIPE_3":"LAINNYA","TELEPON":"0851-0248-0508","ALAMAT":"JL. DR. RADJIMIN NO.40, PATEN, TRIDADI, KEC. SLEMAN, KABUPATEN SLEMAN, DAERAH ISTIMEWA YOGYAKARTA 55511","ID_PROV":34,"PROVINSI":"DAERAH ISTIMEWA YOGYAKARTA","ID_KABKOT":34.04,"KABKOT":"SLEMAN","ID_KEC":"34.04.13","KECAMATAN":"SLEMAN","ID_DESA":"34.04.13.2003","DESA":"TRIDADI","LATITUDE":-7.7115207,"LONGITUDE":110.3449894,"STATUS":"BUKA","TANGGAL PENGUMPULAN":"Q4 2023","TANGGAL UPDATE":"28/01/2025"}},{"type":"Feature","geometry":{"coordinates":[110.3441814,-7.7658724],"type":"Point"},"properties":{"fid":6248,"NAMA":"INDOMARET DUSUN BIRU","TIPE_1":"PERDAGANGAN DAN RETAIL","TIPE_2":"MINIMARKET","TIPE_3":"INDOMARET","TELEPON":"","ALAMAT":"JL. DUSUN BIRU JL. KABUPATEN, NUSUPAN, TRIHANGGO, KEC. GAMPING, YOGYAKARTA, DAERAH ISTIMEWA YOGYAKARTA","ID_PROV":34,"PROVINSI":"DAERAH ISTIMEWA YOGYAKARTA","ID_KABKOT":34.04,"KABKOT":"SLEMAN","ID_KEC":"34.04.01","KECAMATAN":"GAMPING","ID_DESA":"34.04.01.2005","DESA":"TRIHANGGO","LATITUDE":-7.7658724,"LONGITUDE":110.3441814,"STATUS":"BUKA","TANGGAL PENGUMPULAN":"Q4 2023","TANGGAL UPDATE":"28/01/2025"}},{"type":"Feature","geometry":{"coordinates":[110.3960665,-7.7677051],"type":"Point"},"properties":{"fid":6296,"NAMA":"INDOMARET EMPU TANTULAR","TIPE_1":"PERDAGANGAN DAN RETAIL","TIPE_2":"MINIMARKET","TIPE_3":"INDOMARET","TELEPON":"(0274) 565028","ALAMAT":"JL. EMPU TANTULAR, NO. 106, PRINGWULUNG, CONDONGCATUR, DEPOK, JL. TANTULAR NO.103, KALIWARU, CONDONGCATUR, KEC. DEPOK, KABUPATEN SLEMAN, DAERAH ISTIMEWA YOGYAKARTA 55281","ID_PROV":34,"PROVINSI":"DAERAH ISTIMEWA YOGYAKARTA","ID_KABKOT":34.04,"KABKOT":"SLEMAN","ID_KEC":"34.04.07","KECAMATAN":"DEPOK","ID_DESA":"34.04.07.2003","DESA":"CONDONGCATUR","LATITUDE":-7.7677051,"LONGITUDE":110.3960665,"STATUS":"BUKA","TANGGAL PENGUMPULAN":"Q4 2023","TANGGAL UPDATE":"28/01/2025"}},{"type":"Feature","geometry":{"coordinates":[110.3309797,-7.7313334],"type":"Point"},"properties":{"fid":6439,"NAMA":"INDOMARET","TIPE_1":"PERDAGANGAN DAN RETAIL","TIPE_2":"MINIMARKET","TIPE_3":"INDOMARET","TELEPON":"(0274) 4364090","ALAMAT":"JL. GAJAH MADA, AREA SAWAH, TLOGOADI, KEC. MLATI, KABUPATEN SLEMAN, DAERAH ISTIMEWA YOGYAKARTA 55286","ID_PROV":34,"PROVINSI":"DAERAH ISTIMEWA YOGYAKARTA","ID_KABKOT":34.04,"KABKOT":"SLEMAN","ID_KEC":"34.04.06","KECAMATAN":"MLATI","ID_DESA":"34.04.06.2003","DESA":"TLOGOADI","LATITUDE":-7.7313334,"LONGITUDE":110.3309797,"STATUS":"BUKA","TANGGAL PENGUMPULAN":"Q4 2023","TANGGAL UPDATE":"28/01/2025"}},{"type":"Feature","geometry":{"coordinates":[110.3619974,-7.7248565],"type":"Point"},"properties":{"fid":19429,"NAMA":"ALFAMART MAGELANG KM 9","TIPE_1":"PERDAGANGAN DAN RETAIL","TIPE_2":"MINIMARKET","TIPE_3":"ALFAMART","TELEPON":"1 500 959","ALAMAT":"JL.MAGELANG KM.9 DSN.MULUNGAN KULON, KEL, RT.003/RW.014, BANARAN, SENDANGADI, MLATI, SLEMAN REGENCY, SPECIAL REGION OF YOGYAKARTA 55285","ID_PROV":34,"PROVINSI":"DAERAH ISTIMEWA YOGYAKARTA","ID_KABKOT":34.04,"KABKOT":"SLEMAN","ID_KEC":"34.04.06","KECAMATAN":"MLATI","ID_DESA":"34.04.06.2002","DESA":"SENDANGADI","LATITUDE":-7.7248565,"LONGITUDE":110.3619974,"STATUS":"BUKA","TANGGAL PENGUMPULAN":"Q4 2023","TANGGAL UPDATE":"28/01/2025"}},{"type":"Feature","geometry":{"coordinates":[110.4418452,-7.783168],"type":"Point"},"properties":{"fid":19613,"NAMA":"ALFAMART SOROGENEN SLEMAN","TIPE_1":"PERDAGANGAN DAN RETAIL","TIPE_2":"MINIMARKET","TIPE_3":"ALFAMART","TELEPON":"1 500 959","ALAMAT":"JL.SOLO - JOGJA DK.SOROGENEN, RT.002/RW.007, SOROGENAN I, PURWOMARTANI, KEC. KALASAN, KABUPATEN SLEMAN, DAERAH ISTIMEWA YOGYAKARTA 55571","ID_PROV":34,"PROVINSI":"DAERAH ISTIMEWA YOGYAKARTA","ID_KABKOT":34.04,"KABKOT":"SLEMAN","ID_KEC":"34.04.10","KECAMATAN":"KALASAN","ID_DESA":"34.04.10.2001","DESA":"PURWOMARTANI","LATITUDE":-7.783168,"LONGITUDE":110.4418452,"STATUS":"BUKA","TANGGAL PENGUMPULAN":"Q4 2023","TANGGAL UPDATE":"28/01/2025"}},{"type":"Feature","geometry":{"coordinates":[110.2816145,-7.7030147],"type":"Point"},"properties":{"fid":19628,"NAMA":"ALFAMART BANYUREJO TEMPEL","TIPE_1":"PERDAGANGAN DAN RETAIL","TIPE_2":"MINIMARKET","TIPE_3":"ALFAMART","TELEPON":"1 500 959","ALAMAT":"JL.TEMPEL - BALANGAN DSN.SIPETEK, RT.004/RW.016, BULAN, BANYUREJO, KEC. TEMPEL, KABUPATEN SLEMAN, DAERAH ISTIMEWA YOGYAKARTA 55552","ID_PROV":34,"PROVINSI":"DAERAH ISTIMEWA YOGYAKARTA","ID_KABKOT":34.04,"KABKOT":"SLEMAN","ID_KEC":"34.04.14","KECAMATAN":"TEMPEL","ID_DESA":"34.04.14.2001","DESA":"BANYUREJO","LATITUDE":-7.7030147,"LONGITUDE":110.2816145,"STATUS":"BUKA","TANGGAL PENGUMPULAN":"Q4 2023","TANGGAL UPDATE":"28/01/2025"}},{"type":"Feature","geometry":{"coordinates":[110.4295736,-7.8245625],"type":"Point"},"properties":{"fid":19675,"NAMA":"INDOMARET JL WONOSARI KM 85","TIPE_1":"PERDAGANGAN DAN RETAIL","TIPE_2":"MINIMARKET","TIPE_3":"INDOMARET","TELEPON":"","ALAMAT":"JLN WONOSARI KM8 GANDU BARU RT07 RW06, GANDU, SENDANGTIRTO, KEC. BERBAH, KABUPATEN SLEMAN, DAERAH ISTIMEWA YOGYAKARTA 55573","ID_PROV":34,"PROVINSI":"DAERAH ISTIMEWA YOGYAKARTA","ID_KABKOT":34.04,"KABKOT":"SLEMAN","ID_KEC":"34.04.08","KECAMATAN":"BERBAH","ID_DESA":"34.04.08.2001","DESA":"SENDANGTIRTO","LATITUDE":-7.8245625,"LONGITUDE":110.4295736,"STATUS":"BUKA","TANGGAL PENGUMPULAN":"Q4 2023","TANGGAL UPDATE":"28/01/2025"}},{"type":"Feature","geometry":{"coordinates":[110.414273,-7.7794404],"type":"Point"},"properties":{"fid":19708,"NAMA":"CIRCLE K JWALK","TIPE_1":"PERDAGANGAN DAN RETAIL","TIPE_2":"MINIMARKET","TIPE_3":"CIRCLE K","TELEPON":"","ALAMAT":"JOGJA WALK MALL, NGENTAK, CATURTUNGGAL, KEC. DEPOK, KABUPATEN SLEMAN, DAERAH ISTIMEWA YOGYAKARTA 55281","ID_PROV":34,"PROVINSI":"DAERAH ISTIMEWA YOGYAKARTA","ID_KABKOT":34.04,"KABKOT":"SLEMAN","ID_KEC":"34.04.07","KECAMATAN":"DEPOK","ID_DESA":"34.04.07.2001","DESA":"CATURTUNGGAL","LATITUDE":-7.7794404,"LONGITUDE":110.414273,"STATUS":"BUKA","TANGGAL PENGUMPULAN":"Q4 2023","TANGGAL UPDATE":"28/01/2025"}},{"type":"Feature","geometry":{"coordinates":[110.3301704,-7.7145612],"type":"Point"},"properties":{"fid":19722,"NAMA":"INDOMARET KOLONEL SUBADRI","TIPE_1":"PERDAGANGAN DAN RETAIL","TIPE_2":"MINIMARKET","TIPE_3":"INDOMARET","TELEPON":"","ALAMAT":"JUMENENG KIDUL, SUMBERADI, KEC. MLATI, KABUPATEN SLEMAN, DAERAH ISTIMEWA YOGYAKARTA 55288","ID_PROV":34,"PROVINSI":"DAERAH ISTIMEWA YOGYAKARTA","ID_KABKOT":34.04,"KABKOT":"SLEMAN","ID_KEC":"34.04.06","KECAMATAN":"MLATI","ID_DESA":"34.04.06.2005","DESA":"SUMBERADI","LATITUDE":-7.7145612,"LONGITUDE":110.3301704,"STATUS":"BUKA","TANGGAL PENGUMPULAN":"Q4 2023","TANGGAL UPDATE":"28/01/2025"}},{"type":"Feature","geometry":{"coordinates":[110.4485105,-7.7823976],"type":"Point"},"properties":{"fid":19728,"NAMA":"INDOMARET JL SOLO KM 11","TIPE_1":"PERDAGANGAN DAN RETAIL","TIPE_2":"MINIMARKET","TIPE_3":"INDOMARET","TELEPON":"","ALAMAT":"JUWANGEN, PURWOMARTANI, KEC. KALASAN, KABUPATEN SLEMAN, DAERAH ISTIMEWA YOGYAKARTA 55571","ID_PROV":34,"PROVINSI":"DAERAH ISTIMEWA YOGYAKARTA","ID_KABKOT":34.04,"KABKOT":"SLEMAN","ID_KEC":"34.04.10","KECAMATAN":"KALASAN","ID_DESA":"34.04.10.2001","DESA":"PURWOMARTANI","LATITUDE":-7.7823976,"LONGITUDE":110.4485105,"STATUS":"BUKA","TANGGAL PENGUMPULAN":"Q4 2023","TANGGAL UPDATE":"28/01/2025"}},{"type":"Feature","geometry":{"coordinates":[110.4150512,-7.7011614],"type":"Point"},"properties":{"fid":19777,"NAMA":"INDOMARET KALIURANG KM12","TIPE_1":"PERDAGANGAN DAN RETAIL","TIPE_2":"MINIMARKET","TIPE_3":"INDOMARET","TELEPON":"","ALAMAT":"KALIURANG ST NO.12, CANDI KARANG, SARDONOHARJO, NGAGLIK, SLEMAN REGENCY, SPECIAL REGION OF YOGYAKARTA 55581","ID_PROV":34,"PROVINSI":"DAERAH ISTIMEWA YOGYAKARTA","ID_KABKOT":34.04,"KABKOT":"SLEMAN","ID_KEC":"34.04.12","KECAMATAN":"NGAGLIK","ID_DESA":"34.04.12.2005","DESA":"SARDONOHARJO","LATITUDE":-7.7011614,"LONGITUDE":110.4150512,"STATUS":"BUKA","TANGGAL PENGUMPULAN":"Q4 2023","TANGGAL UPDATE":"28/01/2025"}},{"type":"Feature","geometry":{"coordinates":[110.3890008,-7.6873168],"type":"Point"},"properties":{"fid":19908,"NAMA":"MINA SWALAYAN","TIPE_1":"PERDAGANGAN DAN RETAIL","TIPE_2":"MINIMARKET","TIPE_3":"LAINNYA","TELEPON":"","ALAMAT":"KASENAN, DONOHARJO, KEC. NGAGLIK, KABUPATEN SLEMAN, DAERAH ISTIMEWA YOGYAKARTA 55581","ID_PROV":34,"PROVINSI":"DAERAH ISTIMEWA YOGYAKARTA","ID_KABKOT":34.04,"KABKOT":"SLEMAN","ID_KEC":"34.04.12","KECAMATAN":"NGAGLIK","ID_DESA":"34.04.12.2006","DESA":"DONOHARJO","LATITUDE":-7.6873168,"LONGITUDE":110.3890008,"STATUS":"BUKA","TANGGAL PENGUMPULAN":"Q4 2023","TANGGAL UPDATE":"28/01/2025"}},{"type":"Feature","geometry":{"coordinates":[110.3080948,-7.7222868],"type":"Point"},"properties":{"fid":19912,"NAMA":"RAHAYU MINIMARKET","TIPE_1":"PERDAGANGAN DAN RETAIL","TIPE_2":"MINIMARKET","TIPE_3":"LAINNYA","TELEPON":"","ALAMAT":"KASULAN, MARGODADI, KEC. SEYEGAN, KABUPATEN SLEMAN, DAERAH ISTIMEWA YOGYAKARTA 55561","ID_PROV":34,"PROVINSI":"DAERAH ISTIMEWA YOGYAKARTA","ID_KABKOT":34.04,"KABKOT":"SLEMAN","ID_KEC":"34.04.05","KECAMATAN":"SEYEGAN","ID_DESA":"34.04.05.2002","DESA":"MARGODADI","LATITUDE":-7.7222868,"LONGITUDE":110.3080948,"STATUS":"BUKA","TANGGAL PENGUMPULAN":"Q4 2023","TANGGAL UPDATE":"28/01/2025"}},{"type":"Feature","geometry":{"coordinates":[110.4484829,-7.7123698],"type":"Point"},"properties":{"fid":20058,"NAMA":"RB MART","TIPE_1":"PERDAGANGAN DAN RETAIL","TIPE_2":"MINIMARKET","TIPE_3":"LAINNYA","TELEPON":"0882-2847-2351","ALAMAT":"KEMASAN, WIDODOMARTANI, KEC. NGEMPLAK, KABUPATEN SLEMAN, DAERAH ISTIMEWA YOGYAKARTA 55584","ID_PROV":34,"PROVINSI":"DAERAH ISTIMEWA YOGYAKARTA","ID_KABKOT":34.04,"KABKOT":"SLEMAN","ID_KEC":"34.04.11","KECAMATAN":"NGEMPLAK","ID_DESA":"34.04.11.2003","DESA":"WIDODOMARTANI","LATITUDE":-7.7123698,"LONGITUDE":110.4484829,"STATUS":"BUKA","TANGGAL PENGUMPULAN":"Q4 2023","TANGGAL UPDATE":"28/01/2025"}},{"type":"Feature","geometry":{"coordinates":[110.3365678,-7.6763435],"type":"Point"},"properties":{"fid":20061,"NAMA":"INDOMARET SPBU MEDARI","TIPE_1":"PERDAGANGAN DAN RETAIL","TIPE_2":"MINIMARKET","TIPE_3":"INDOMARET","TELEPON":"0811-2517-522","ALAMAT":"KEMLOKO, CATURHARJO, KEC. SLEMAN, KABUPATEN SLEMAN, DAERAH ISTIMEWA YOGYAKARTA 55515","ID_PROV":34,"PROVINSI":"DAERAH ISTIMEWA YOGYAKARTA","ID_KABKOT":34.04,"KABKOT":"SLEMAN","ID_KEC":"34.04.13","KECAMATAN":"SLEMAN","ID_DESA":"34.04.13.2001","DESA":"CATURHARJO","LATITUDE":-7.6763435,"LONGITUDE":110.3365678,"STATUS":"BUKA","TANGGAL PENGUMPULAN":"Q4 2023","TANGGAL UPDATE":"28/01/2025"}},{"type":"Feature","geometry":{"coordinates":[110.4721444,-7.7313514],"type":"Point"},"properties":{"fid":20144,"NAMA":"FAMILY MART","TIPE_1":"PERDAGANGAN DAN RETAIL","TIPE_2":"MINIMARKET","TIPE_3":"FAMILYMART","TELEPON":"","ALAMAT":"KLEDOAN, SELOMARTANI, KEC. KALASAN, KABUPATEN SLEMAN, DAERAH ISTIMEWA YOGYAKARTA 55571","ID_PROV":34,"PROVINSI":"DAERAH ISTIMEWA YOGYAKARTA","ID_KABKOT":34.04,"KABKOT":"SLEMAN","ID_KEC":"34.04.10","KECAMATAN":"KALASAN","ID_DESA":"34.04.10.2004","DESA":"SELOMARTANI","LATITUDE":-7.7313514,"LONGITUDE":110.4721444,"STATUS":"BUKA","TANGGAL PENGUMPULAN":"Q4 2023","TANGGAL UPDATE":"28/01/2025"}},{"type":"Feature","geometry":{"coordinates":[110.2344753,-7.7262706],"type":"Point"},"properties":{"fid":20147,"NAMA":"MINGGIR MART","TIPE_1":"PERDAGANGAN DAN RETAIL","TIPE_2":"MINIMARKET","TIPE_3":"LAINNYA","TELEPON":"","ALAMAT":"KLIRAN, SENDANGAGUNG, KEC. MINGGIR, KABUPATEN SLEMAN, DAERAH ISTIMEWA YOGYAKARTA 55562","ID_PROV":34,"PROVINSI":"DAERAH ISTIMEWA YOGYAKARTA","ID_KABKOT":34.04,"KABKOT":"SLEMAN","ID_KEC":"34.04.04","KECAMATAN":"MINGGIR","ID_DESA":"34.04.04.2003","DESA":"SENDANGAGUNG","LATITUDE":-7.7262706,"LONGITUDE":110.2344753,"STATUS":"BUKA","TANGGAL PENGUMPULAN":"Q4 2023","TANGGAL UPDATE":"28/01/2025"}},{"type":"Feature","geometry":{"coordinates":[110.3292835,-7.7172138],"type":"Point"},"properties":{"fid":20165,"NAMA":"ARTESIS SWALAYAN","TIPE_1":"PERDAGANGAN DAN RETAIL","TIPE_2":"MINIMARKET","TIPE_3":"LAINNYA","TELEPON":"","ALAMAT":"KM. 4,5 SAYIDAN, JL. LETKOL SUBADRI NO.ROAD, BAKALAN, SUMBERADI, MLATI, SLEMAN REGENCY, SPECIAL REGION OF YOGYAKARTA 55288","ID_PROV":34,"PROVINSI":"DAERAH ISTIMEWA YOGYAKARTA","ID_KABKOT":34.04,"KABKOT":"SLEMAN","ID_KEC":"34.04.06","KECAMATAN":"MLATI","ID_DESA":"34.04.06.2005","DESA":"SUMBERADI","LATITUDE":-7.7172138,"LONGITUDE":110.3292835,"STATUS":"BUKA","TANGGAL PENGUMPULAN":"Q4 2023","TANGGAL UPDATE":"28/01/2025"}},{"type":"Feature","geometry":{"coordinates":[110.4294352,-7.7607872],"type":"Point"},"properties":{"fid":20235,"NAMA":"INDOMARET TAJEM 2","TIPE_1":"PERDAGANGAN DAN RETAIL","TIPE_2":"MINIMARKET","TIPE_3":"INDOMARET","TELEPON":"","ALAMAT":"KOMP. SABO, DENOKAN, MAGUWOHARJO, KEC. DEPOK, KABUPATEN SLEMAN, DAERAH ISTIMEWA YOGYAKARTA 55281","ID_PROV":34,"PROVINSI":"DAERAH ISTIMEWA YOGYAKARTA","ID_KABKOT":34.04,"KABKOT":"SLEMAN","ID_KEC":"34.04.07","KECAMATAN":"DEPOK","ID_DESA":"34.04.07.2002","DESA":"MAGUWOHARJO","LATITUDE":-7.7607872,"LONGITUDE":110.4294352,"STATUS":"BUKA","TANGGAL PENGUMPULAN":"Q4 2023","TANGGAL UPDATE":"28/01/2025"}},{"type":"Feature","geometry":{"coordinates":[110.4697746,-7.7694576],"type":"Point"},"properties":{"fid":20612,"NAMA":"INDOMARET JL YOGYA SOLO KM 135","TIPE_1":"PERDAGANGAN DAN RETAIL","TIPE_2":"MINIMARKET","TIPE_3":"INDOMARET","TELEPON":"","ALAMAT":"KRAJAN, TIRTOMARTANI, KEC. KALASAN, KABUPATEN SLEMAN, DAERAH ISTIMEWA YOGYAKARTA 55571","ID_PROV":34,"PROVINSI":"DAERAH ISTIMEWA YOGYAKARTA","ID_KABKOT":34.04,"KABKOT":"SLEMAN","ID_KEC":"34.04.10","KECAMATAN":"KALASAN","ID_DESA":"34.04.10.2002","DESA":"TIRTOMARTANI","LATITUDE":-7.7694576,"LONGITUDE":110.4697746,"STATUS":"BUKA","TANGGAL PENGUMPULAN":"Q4 2023","TANGGAL UPDATE":"28/01/2025"}},{"type":"Feature","geometry":{"coordinates":[110.3286831,-7.6424601],"type":"Point"},"properties":{"fid":20631,"NAMA":"INDOMARET TEMPEL TURI","TIPE_1":"PERDAGANGAN DAN RETAIL","TIPE_2":"MINIMARKET","TIPE_3":"INDOMARET","TELEPON":"","ALAMAT":"KROMODANGSAN, LUMBUNGREJO, KEC. TEMPEL, KABUPATEN SLEMAN, DAERAH ISTIMEWA YOGYAKARTA 55552","ID_PROV":34,"PROVINSI":"DAERAH ISTIMEWA YOGYAKARTA","ID_KABKOT":34.04,"KABKOT":"SLEMAN","ID_KEC":"34.04.14","KECAMATAN":"TEMPEL","ID_DESA":"34.04.14.2007","DESA":"LUMBUNGREJO","LATITUDE":-7.6424601,"LONGITUDE":110.3286831,"STATUS":"BUKA","TANGGAL PENGUMPULAN":"Q4 2023","TANGGAL UPDATE":"28/01/2025"}},{"type":"Feature","geometry":{"coordinates":[110.3623766,-7.75502],"type":"Point"},"properties":{"fid":20664,"NAMA":"INDOMARET HYBRID SINDUADI","TIPE_1":"PERDAGANGAN DAN RETAIL","TIPE_2":"MINIMARKET","TIPE_3":"INDOMARET","TELEPON":"","ALAMAT":"KUTU TEGAL, SINDUADI, KEC. MLATI, KABUPATEN SLEMAN, DAERAH ISTIMEWA YOGYAKARTA 55284","ID_PROV":34,"PROVINSI":"DAERAH ISTIMEWA YOGYAKARTA","ID_KABKOT":34.04,"KABKOT":"SLEMAN","ID_KEC":"34.04.06","KECAMATAN":"MLATI","ID_DESA":"34.04.06.2001","DESA":"SINDUADI","LATITUDE":-7.75502,"LONGITUDE":110.3623766,"STATUS":"BUKA","TANGGAL PENGUMPULAN":"Q4 2023","TANGGAL UPDATE":"28/01/2025"}},{"type":"Feature","geometry":{"coordinates":[110.3618848,-7.7572465],"type":"Point"},"properties":{"fid":20925,"NAMA":"INDOMARET MAGELANG KM55","TIPE_1":"PERDAGANGAN DAN RETAIL","TIPE_2":"MINIMARKET","TIPE_3":"INDOMARET","TELEPON":"","ALAMAT":"MAGELANG ST NO.KM NO.6, KUTU ASEM, SINDUADI, MLATI, SLEMAN REGENCY, SPECIAL REGION OF YOGYAKARTA 55284","ID_PROV":34,"PROVINSI":"DAERAH ISTIMEWA YOGYAKARTA","ID_KABKOT":34.04,"KABKOT":"SLEMAN","ID_KEC":"34.04.06","KECAMATAN":"MLATI","ID_DESA":"34.04.06.2001","DESA":"SINDUADI","LATITUDE":-7.7572465,"LONGITUDE":110.3618848,"STATUS":"BUKA","TANGGAL PENGUMPULAN":"Q4 2023","TANGGAL UPDATE":"28/01/2025"}},{"type":"Feature","geometry":{"coordinates":[110.3606413,-7.7450077],"type":"Point"},"properties":{"fid":21150,"NAMA":"TOKO BU HARTINI","TIPE_1":"PERDAGANGAN DAN RETAIL","TIPE_2":"MINIMARKET","TIPE_3":"LAINNYA","TELEPON":"","ALAMAT":"MLATI BENINGAN, SENDANGADI, KEC. MLATI, KABUPATEN SLEMAN, DAERAH ISTIMEWA YOGYAKARTA 55285","ID_PROV":34,"PROVINSI":"DAERAH ISTIMEWA YOGYAKARTA","ID_KABKOT":34.04,"KABKOT":"SLEMAN","ID_KEC":"34.04.06","KECAMATAN":"MLATI","ID_DESA":"34.04.06.2002","DESA":"SENDANGADI","LATITUDE":-7.7450077,"LONGITUDE":110.3606413,"STATUS":"BUKA","TANGGAL PENGUMPULAN":"Q4 2023","TANGGAL UPDATE":"28/01/2025"}},{"type":"Feature","geometry":{"coordinates":[110.3699445,-7.7563937],"type":"Point"},"properties":{"fid":21161,"NAMA":"INDOMARET MONJALI 63A","TIPE_1":"PERDAGANGAN DAN RETAIL","TIPE_2":"MINIMARKET","TIPE_3":"INDOMARET","TELEPON":"","ALAMAT":"MONJALI ST NO.48, GEMAWANG, SINDUADI, MLATI, SLEMAN REGENCY, SPECIAL REGION OF YOGYAKARTA 55284","ID_PROV":34,"PROVINSI":"DAERAH ISTIMEWA YOGYAKARTA","ID_KABKOT":34.04,"KABKOT":"SLEMAN","ID_KEC":"34.04.06","KECAMATAN":"MLATI","ID_DESA":"34.04.06.2001","DESA":"SINDUADI","LATITUDE":-7.7563937,"LONGITUDE":110.3699445,"STATUS":"BUKA","TANGGAL PENGUMPULAN":"Q4 2023","TANGGAL UPDATE":"28/01/2025"}},{"type":"Feature","geometry":{"coordinates":[110.3443542,-7.6926291],"type":"Point"},"properties":{"fid":21200,"NAMA":"INDOMARET MAGELANG KM132","TIPE_1":"PERDAGANGAN DAN RETAIL","TIPE_2":"MINIMARKET","TIPE_3":"INDOMARET","TELEPON":"","ALAMAT":"MURANGAN, TRIHARJO, SUMBERADI, MLATI, PANGGERAN 7, TRIHARJO, KEC. SLEMAN, KABUPATEN SLEMAN, DAERAH ISTIMEWA YOGYAKARTA 55514","ID_PROV":34,"PROVINSI":"DAERAH ISTIMEWA YOGYAKARTA","ID_KABKOT":34.04,"KABKOT":"SLEMAN","ID_KEC":"34.04.13","KECAMATAN":"SLEMAN","ID_DESA":"34.04.13.2002","DESA":"TRIHARJO","LATITUDE":-7.6926291,"LONGITUDE":110.3443542,"STATUS":"BUKA","TANGGAL PENGUMPULAN":"Q4 2023","TANGGAL UPDATE":"28/01/2025"}},{"type":"Feature","geometry":{"coordinates":[110.4316104,-7.7748043],"type":"Point"},"properties":{"fid":21239,"NAMA":"DEPOK MART ECERAN FROZEN FOOD & BEEF SLICE JOGJA","TIPE_1":"PERDAGANGAN DAN RETAIL","TIPE_2":"MINIMARKET","TIPE_3":"LAINNYA","TELEPON":"(0274) 4462393","ALAMAT":"NANGGULAN, MAGUWOHARJO, KEC. DEPOK, KABUPATEN SLEMAN, DAERAH ISTIMEWA YOGYAKARTA 55281","ID_PROV":34,"PROVINSI":"DAERAH ISTIMEWA YOGYAKARTA","ID_KABKOT":34.04,"KABKOT":"SLEMAN","ID_KEC":"34.04.07","KECAMATAN":"DEPOK","ID_DESA":"34.04.07.2002","DESA":"MAGUWOHARJO","LATITUDE":-7.7748043,"LONGITUDE":110.4316104,"STATUS":"BUKA","TANGGAL PENGUMPULAN":"Q4 2023","TANGGAL UPDATE":"28/01/2025"}},{"type":"Feature","geometry":{"coordinates":[110.286347,-7.8090616],"type":"Point"},"properties":{"fid":21247,"NAMA":"ALFAMART RAYA BALECATUR","TIPE_1":"PERDAGANGAN DAN RETAIL","TIPE_2":"MINIMARKET","TIPE_3":"ALFAMART","TELEPON":"","ALAMAT":"NATIONAL RTE 3, JATIPERENG, BALECATUR, GAMPING, SLEMAN REGENCY, SPECIAL REGION OF YOGYAKARTA 55295","ID_PROV":34,"PROVINSI":"DAERAH ISTIMEWA YOGYAKARTA","ID_KABKOT":34.04,"KABKOT":"SLEMAN","ID_KEC":"34.04.01","KECAMATAN":"GAMPING","ID_DESA":"34.04.01.2001","DESA":"BALECATUR","LATITUDE":-7.8090616,"LONGITUDE":110.286347,"STATUS":"BUKA","TANGGAL PENGUMPULAN":"Q4 2023","TANGGAL UPDATE":"28/01/2025"}},{"type":"Feature","geometry":{"coordinates":[110.423587,-7.7534173],"type":"Point"},"properties":{"fid":21472,"NAMA":"ALFAMART PAINGAN","TIPE_1":"PERDAGANGAN DAN RETAIL","TIPE_2":"MINIMARKET","TIPE_3":"ALFAMART","TELEPON":"1 500 959","ALAMAT":"PAINGAN RT. 05 RW. 06, PEDUKUHAN, KRODAN, MAGUWOHARJO, KEC. DEPOK, KABUPATEN SLEMAN, DAERAH ISTIMEWA YOGYAKARTA 55282","ID_PROV":34,"PROVINSI":"DAERAH ISTIMEWA YOGYAKARTA","ID_KABKOT":34.04,"KABKOT":"SLEMAN","ID_KEC":"34.04.07","KECAMATAN":"DEPOK","ID_DESA":"34.04.07.2002","DESA":"MAGUWOHARJO","LATITUDE":-7.7534173,"LONGITUDE":110.423587,"STATUS":"BUKA","TANGGAL PENGUMPULAN":"Q4 2023","TANGGAL UPDATE":"28/01/2025"}},{"type":"Feature","geometry":{"coordinates":[110.3436278,-7.6918136],"type":"Point"},"properties":{"fid":21547,"NAMA":"INDOMARET FRESH JL MAGELANG KM 135","TIPE_1":"PERDAGANGAN DAN RETAIL","TIPE_2":"MINIMARKET","TIPE_3":"INDOMARET","TELEPON":"","ALAMAT":"PANGGERAN 7, TRIHARJO, KEC. SLEMAN, KABUPATEN SLEMAN, DAERAH ISTIMEWA YOGYAKARTA 55514","ID_PROV":34,"PROVINSI":"DAERAH ISTIMEWA YOGYAKARTA","ID_KABKOT":34.04,"KABKOT":"SLEMAN","ID_KEC":"34.04.13","KECAMATAN":"SLEMAN","ID_DESA":"34.04.13.2002","DESA":"TRIHARJO","LATITUDE":-7.6918136,"LONGITUDE":110.3436278,"STATUS":"BUKA","TANGGAL PENGUMPULAN":"Q4 2023","TANGGAL UPDATE":"28/01/2025"}},{"type":"Feature","geometry":{"coordinates":[110.4485746,-7.7529876],"type":"Point"},"properties":{"fid":21882,"NAMA":"ALFAMART PURWOMARTANI","TIPE_1":"PERDAGANGAN DAN RETAIL","TIPE_2":"MINIMARKET","TIPE_3":"ALFAMART","TELEPON":"1 500 959","ALAMAT":"PERUM PURWOMARTANI, RT.07/RW.02, KADISOKO, PURWOMARTANI, KEC. KALASAN, KABUPATEN SLEMAN, DAERAH ISTIMEWA YOGYAKARTA 55571","ID_PROV":34,"PROVINSI":"DAERAH ISTIMEWA YOGYAKARTA","ID_KABKOT":34.04,"KABKOT":"SLEMAN","ID_KEC":"34.04.10","KECAMATAN":"KALASAN","ID_DESA":"34.04.10.2001","DESA":"PURWOMARTANI","LATITUDE":-7.7529876,"LONGITUDE":110.4485746,"STATUS":"BUKA","TANGGAL PENGUMPULAN":"Q4 2023","TANGGAL UPDATE":"28/01/2025"}},{"type":"Feature","geometry":{"coordinates":[110.3229257,-7.7820554],"type":"Point"},"properties":{"fid":21974,"NAMA":"INDOMARET SIDOARUM","TIPE_1":"PERDAGANGAN DAN RETAIL","TIPE_2":"MINIMARKET","TIPE_3":"INDOMARET","TELEPON":"(0274) 797401","ALAMAT":"PERUMAHAN SIDOARUM BLOK III, JL. GARUDA, KRAMAT, SIDOARUM, KEC. GODEAN, KOTA YOGYAKARTA, DAERAH ISTIMEWA YOGYAKARTA 55198","ID_PROV":34,"PROVINSI":"DAERAH ISTIMEWA YOGYAKARTA","ID_KABKOT":34.04,"KABKOT":"SLEMAN","ID_KEC":"34.04.02","KECAMATAN":"GODEAN","ID_DESA":"34.04.02.2006","DESA":"SIDOARUM","LATITUDE":-7.7820554,"LONGITUDE":110.3229257,"STATUS":"BUKA","TANGGAL PENGUMPULAN":"Q4 2023","TANGGAL UPDATE":"28/01/2025"}},{"type":"Feature","geometry":{"coordinates":[110.4014722,-7.7814473],"type":"Point"},"properties":{"fid":22037,"NAMA":"TRANSMART PLAZA AMBARRUKMO YOGYA","TIPE_1":"PERDAGANGAN DAN RETAIL","TIPE_2":"MINIMARKET","TIPE_3":"LAINNYA","TELEPON":"0822-0825-5116","ALAMAT":"PLAZA AMBARRUKMO JL LAKSDA ADISUCIPTO KM 5.2 55281, TEMPEL, CATURTUNGGAL, KEC. DEPOK, KOTA YOGYAKARTA, DAERAH ISTIMEWA YOGYAKARTA 55281","ID_PROV":34,"PROVINSI":"DAERAH ISTIMEWA YOGYAKARTA","ID_KABKOT":34.04,"KABKOT":"SLEMAN","ID_KEC":"34.04.07","KECAMATAN":"DEPOK","ID_DESA":"34.04.07.2001","DESA":"CATURTUNGGAL","LATITUDE":-7.7814473,"LONGITUDE":110.4014722,"STATUS":"BUKA","TANGGAL PENGUMPULAN":"Q4 2023","TANGGAL UPDATE":"28/01/2025"}},{"type":"Feature","geometry":{"coordinates":[110.4115875,-7.6622338],"type":"Point"},"properties":{"fid":22057,"NAMA":"ADIBAMART","TIPE_1":"PERDAGANGAN DAN RETAIL","TIPE_2":"MINIMARKET","TIPE_3":"LAINNYA","TELEPON":"0812-6059-7834","ALAMAT":"PLEMBON, HARJOBINANGUN, KEC. PAKEM, KABUPATEN SLEMAN, DAERAH ISTIMEWA YOGYAKARTA 55582","ID_PROV":34,"PROVINSI":"DAERAH ISTIMEWA YOGYAKARTA","ID_KABKOT":34.04,"KABKOT":"SLEMAN","ID_KEC":"34.04.16","KECAMATAN":"PAKEM","ID_DESA":"34.04.16.2003","DESA":"HARJOBINANGUN","LATITUDE":-7.6622338,"LONGITUDE":110.4115875,"STATUS":"BUKA","TANGGAL PENGUMPULAN":"Q4 2023","TANGGAL UPDATE":"28/01/2025"}},{"type":"Feature","geometry":{"coordinates":[110.3334882,-7.7722129],"type":"Point"},"properties":{"fid":22078,"NAMA":"INDOMARET PONOWAREN","TIPE_1":"PERDAGANGAN DAN RETAIL","TIPE_2":"MINIMARKET","TIPE_3":"INDOMARET","TELEPON":"(021) 1500580","ALAMAT":"PONOWAREN, NOGOSAREN, NOGOTIRTO, KEC. GAMPING, KABUPATEN SLEMAN, DAERAH ISTIMEWA YOGYAKARTA 55592","ID_PROV":34,"PROVINSI":"DAERAH ISTIMEWA YOGYAKARTA","ID_KABKOT":34.04,"KABKOT":"SLEMAN","ID_KEC":"34.04.01","KECAMATAN":"GAMPING","ID_DESA":"34.04.01.2004","DESA":"NOGOTIRTO","LATITUDE":-7.7722129,"LONGITUDE":110.3334882,"STATUS":"BUKA","TANGGAL PENGUMPULAN":"Q4 2023","TANGGAL UPDATE":"28/01/2025"}},{"type":"Feature","geometry":{"coordinates":[110.4033776,-7.7576375],"type":"Point"},"properties":{"fid":22377,"NAMA":"FAMILY MINI MARKET","TIPE_1":"PERDAGANGAN DAN RETAIL","TIPE_2":"MINIMARKET","TIPE_3":"FAMILYMART","TELEPON":"(0274) 8207685","ALAMAT":"RS JIH, JL. RING ROAD UTARA LANTAI 3, PERUMNAS CONDONG CATUR, CONDONGCATUR, KEC. DEPOK, KABUPATEN SLEMAN, DAERAH ISTIMEWA YOGYAKARTA 55283","ID_PROV":34,"PROVINSI":"DAERAH ISTIMEWA YOGYAKARTA","ID_KABKOT":34.04,"KABKOT":"SLEMAN","ID_KEC":"34.04.07","KECAMATAN":"DEPOK","ID_DESA":"34.04.07.2003","DESA":"CONDONGCATUR","LATITUDE":-7.7576375,"LONGITUDE":110.4033776,"STATUS":"BUKA","TANGGAL PENGUMPULAN":"Q4 2023","TANGGAL UPDATE":"28/01/2025"}},{"type":"Feature","geometry":{"coordinates":[110.4638878,-7.7740552],"type":"Point"},"properties":{"fid":22384,"NAMA":"INDOMARET FRESH JL SOLO KM 13","TIPE_1":"PERDAGANGAN DAN RETAIL","TIPE_2":"MINIMARKET","TIPE_3":"INDOMARET","TELEPON":"0816-500-580","ALAMAT":"RT 05/ 03, JL. SOLO KM.13 NO.32, KRINGINAN, TIRTOMARTANI, KALASAN, SLEMAN REGENCY, SPECIAL REGION OF YOGYAKARTA 55571","ID_PROV":34,"PROVINSI":"DAERAH ISTIMEWA YOGYAKARTA","ID_KABKOT":34.04,"KABKOT":"SLEMAN","ID_KEC":"34.04.10","KECAMATAN":"KALASAN","ID_DESA":"34.04.10.2002","DESA":"TIRTOMARTANI","LATITUDE":-7.7740552,"LONGITUDE":110.4638878,"STATUS":"BUKA","TANGGAL PENGUMPULAN":"Q4 2023","TANGGAL UPDATE":"28/01/2025"}},{"type":"Feature","geometry":{"coordinates":[110.4077056,-7.783133],"type":"Point"},"properties":{"fid":22843,"NAMA":"INDOMARET LAKSDA ADISUCIPTO KM 66","TIPE_1":"PERDAGANGAN DAN RETAIL","TIPE_2":"MINIMARKET","TIPE_3":"INDOMARET","TELEPON":"","ALAMAT":"RUKO JANTI, JL. LAKSDA ADISUCIPTO NO.155A, NGENTAK, CATURTUNGGAL, KEC. DEPOK, KABUPATEN SLEMAN, DAERAH ISTIMEWA YOGYAKARTA 55281","ID_PROV":34,"PROVINSI":"DAERAH ISTIMEWA YOGYAKARTA","ID_KABKOT":34.04,"KABKOT":"SLEMAN","ID_KEC":"34.04.07","KECAMATAN":"DEPOK","ID_DESA":"34.04.07.2001","DESA":"CATURTUNGGAL","LATITUDE":-7.783133,"LONGITUDE":110.4077056,"STATUS":"BUKA","TANGGAL PENGUMPULAN":"Q4 2023","TANGGAL UPDATE":"28/01/2025"}},{"type":"Feature","geometry":{"coordinates":[110.4110312,-7.7645866],"type":"Point"},"properties":{"fid":22934,"NAMA":"INDOMARET SETURAN 2","TIPE_1":"PERDAGANGAN DAN RETAIL","TIPE_2":"MINIMARKET","TIPE_3":"INDOMARET","TELEPON":"","ALAMAT":"RUKO PULOHDADI, JL. SETURAN RAYA BLOK A2, KLEDOKAN, CATURTUNGGAL, KEC. DEPOK, KABUPATEN SLEMAN, DAERAH ISTIMEWA YOGYAKARTA 55281","ID_PROV":34,"PROVINSI":"DAERAH ISTIMEWA YOGYAKARTA","ID_KABKOT":34.04,"KABKOT":"SLEMAN","ID_KEC":"34.04.07","KECAMATAN":"DEPOK","ID_DESA":"34.04.07.2001","DESA":"CATURTUNGGAL","LATITUDE":-7.7645866,"LONGITUDE":110.4110312,"STATUS":"BUKA","TANGGAL PENGUMPULAN":"Q4 2023","TANGGAL UPDATE":"28/01/2025"}},{"type":"Feature","geometry":{"coordinates":[110.4205457,-7.7638838],"type":"Point"},"properties":{"fid":23006,"NAMA":"INDOMARET RR PUGERAN","TIPE_1":"PERDAGANGAN DAN RETAIL","TIPE_2":"MINIMARKET","TIPE_3":"INDOMARET","TELEPON":"","ALAMAT":"RUMAH JL. P. PUGER 1 NO.2, PUGERAN, MAGUWOHARJO, KEC. DEPOK, KABUPATEN SLEMAN, DAERAH ISTIMEWA YOGYAKARTA 55281","ID_PROV":34,"PROVINSI":"DAERAH ISTIMEWA YOGYAKARTA","ID_KABKOT":34.04,"KABKOT":"SLEMAN","ID_KEC":"34.04.07","KECAMATAN":"DEPOK","ID_DESA":"34.04.07.2002","DESA":"MAGUWOHARJO","LATITUDE":-7.7638838,"LONGITUDE":110.4205457,"STATUS":"BUKA","TANGGAL PENGUMPULAN":"Q4 2023","TANGGAL UPDATE":"28/01/2025"}},{"type":"Feature","geometry":{"coordinates":[110.4217051,-7.7008697],"type":"Point"},"properties":{"fid":23195,"NAMA":"INDOMARET NO 12","TIPE_1":"PERDAGANGAN DAN RETAIL","TIPE_2":"MINIMARKET","TIPE_3":"INDOMARET","TELEPON":"","ALAMAT":"SEMBUNG, SUKOHARJO, KEC. NGAGLIK, KABUPATEN SLEMAN, DAERAH ISTIMEWA YOGYAKARTA 55581","ID_PROV":34,"PROVINSI":"DAERAH ISTIMEWA YOGYAKARTA","ID_KABKOT":34.04,"KABKOT":"SLEMAN","ID_KEC":"34.04.12","KECAMATAN":"NGAGLIK","ID_DESA":"34.04.12.2004","DESA":"SUKOHARJO","LATITUDE":-7.7008697,"LONGITUDE":110.4217051,"STATUS":"BUKA","TANGGAL PENGUMPULAN":"Q4 2023","TANGGAL UPDATE":"28/01/2025"}},{"type":"Feature","geometry":{"coordinates":[110.2520238,-7.7466331],"type":"Point"},"properties":{"fid":23387,"NAMA":"TOKO KELONTONG MAK SUPAR","TIPE_1":"PERDAGANGAN DAN RETAIL","TIPE_2":"MINIMARKET","TIPE_3":"LAINNYA","TELEPON":"","ALAMAT":"SOROMINTAN, SENDANGARUM, KEC. MINGGIR, KABUPATEN SLEMAN, DAERAH ISTIMEWA YOGYAKARTA 55562","ID_PROV":34,"PROVINSI":"DAERAH ISTIMEWA YOGYAKARTA","ID_KABKOT":34.04,"KABKOT":"SLEMAN","ID_KEC":"34.04.04","KECAMATAN":"MINGGIR","ID_DESA":"34.04.04.2001","DESA":"SENDANGARUM","LATITUDE":-7.7466331,"LONGITUDE":110.2520238,"STATUS":"BUKA","TANGGAL PENGUMPULAN":"Q4 2023","TANGGAL UPDATE":"28/01/2025"}},{"type":"Feature","geometry":{"coordinates":[110.3730521,-7.7513272],"type":"Point"},"properties":{"fid":23587,"NAMA":"INDOMARET NANDAN","TIPE_1":"PERDAGANGAN DAN RETAIL","TIPE_2":"MINIMARKET","TIPE_3":"INDOMARET","TELEPON":"0816-500-500","ALAMAT":"SUMBERAN, SARIHARJO, KEC. NGAGLIK, KABUPATEN SLEMAN, DAERAH ISTIMEWA YOGYAKARTA 55581","ID_PROV":34,"PROVINSI":"DAERAH ISTIMEWA YOGYAKARTA","ID_KABKOT":34.04,"KABKOT":"SLEMAN","ID_KEC":"34.04.12","KECAMATAN":"NGAGLIK","ID_DESA":"34.04.12.2001","DESA":"SARIHARJO","LATITUDE":-7.7513272,"LONGITUDE":110.3730521,"STATUS":"BUKA","TANGGAL PENGUMPULAN":"Q4 2023","TANGGAL UPDATE":"28/01/2025"}},{"type":"Feature","geometry":{"coordinates":[110.468748,-7.6957959],"type":"Point"},"properties":{"fid":23754,"NAMA":"CLARISSA SWALAYAN","TIPE_1":"PERDAGANGAN DAN RETAIL","TIPE_2":"MINIMARKET","TIPE_3":"LARIS","TELEPON":"","ALAMAT":"TAMBAAN, BIMOMARTANI, KEC. NGEMPLAK, KABUPATEN SLEMAN, DAERAH ISTIMEWA YOGYAKARTA 55584","ID_PROV":34,"PROVINSI":"DAERAH ISTIMEWA YOGYAKARTA","ID_KABKOT":34.04,"KABKOT":"SLEMAN","ID_KEC":"34.04.11","KECAMATAN":"NGEMPLAK","ID_DESA":"34.04.11.2002","DESA":"BIMOMARTANI","LATITUDE":-7.6957959,"LONGITUDE":110.468748,"STATUS":"BUKA","TANGGAL PENGUMPULAN":"Q4 2023","TANGGAL UPDATE":"28/01/2025"}},{"type":"Feature","geometry":{"coordinates":[110.3846544,-7.7162697],"type":"Point"},"properties":{"fid":23757,"NAMA":"INDOMARET TENTARA PELAJAR KM95","TIPE_1":"PERDAGANGAN DAN RETAIL","TIPE_2":"MINIMARKET","TIPE_3":"INDOMARET","TELEPON":"","ALAMAT":"TAMBAK REJO, SARIHARJO, NGAGLIK, SLEMAN REGENCY, SPECIAL REGION OF YOGYAKARTA 55581","ID_PROV":34,"PROVINSI":"DAERAH ISTIMEWA YOGYAKARTA","ID_KABKOT":34.04,"KABKOT":"SLEMAN","ID_KEC":"34.04.12","KECAMATAN":"NGAGLIK","ID_DESA":"34.04.12.2001","DESA":"SARIHARJO","LATITUDE":-7.7162697,"LONGITUDE":110.3846544,"STATUS":"BUKA","TANGGAL PENGUMPULAN":"Q4 2023","TANGGAL UPDATE":"28/01/2025"}},{"type":"Feature","geometry":{"coordinates":[110.382105,-7.7229041],"type":"Point"},"properties":{"fid":23832,"NAMA":"INDOMARET SARIHARJO","TIPE_1":"PERDAGANGAN DAN RETAIL","TIPE_2":"MINIMARKET","TIPE_3":"INDOMARET","TELEPON":"","ALAMAT":"TEGAL REJO, SARIHARJO, KEC. NGAGLIK, KABUPATEN SLEMAN, DAERAH ISTIMEWA YOGYAKARTA 55581","ID_PROV":34,"PROVINSI":"DAERAH ISTIMEWA YOGYAKARTA","ID_KABKOT":34.04,"KABKOT":"SLEMAN","ID_KEC":"34.04.12","KECAMATAN":"NGAGLIK","ID_DESA":"34.04.12.2001","DESA":"SARIHARJO","LATITUDE":-7.7229041,"LONGITUDE":110.382105,"STATUS":"BUKA","TANGGAL PENGUMPULAN":"Q4 2023","TANGGAL UPDATE":"28/01/2025"}},{"type":"Feature","geometry":{"coordinates":[110.4430641,-7.8280514],"type":"Point"},"properties":{"fid":23835,"NAMA":"INDOMARET","TIPE_1":"PERDAGANGAN DAN RETAIL","TIPE_2":"MINIMARKET","TIPE_3":"INDOMARET","TELEPON":"","ALAMAT":"TEGAL SARI, TEGALTIRTO, KEC. BERBAH, KABUPATEN SLEMAN, DAERAH ISTIMEWA YOGYAKARTA","ID_PROV":34,"PROVINSI":"DAERAH ISTIMEWA YOGYAKARTA","ID_KABKOT":34.04,"KABKOT":"SLEMAN","ID_KEC":"34.04.08","KECAMATAN":"BERBAH","ID_DESA":"34.04.08.2002","DESA":"TEGALTIRTO","LATITUDE":-7.8280514,"LONGITUDE":110.4430641,"STATUS":"BUKA","TANGGAL PENGUMPULAN":"Q4 2023","TANGGAL UPDATE":"28/01/2025"}},{"type":"Feature","geometry":{"coordinates":[110.4190534,-7.6895992],"type":"Point"},"properties":{"fid":23854,"NAMA":"MITRA SWALAYAN","TIPE_1":"PERDAGANGAN DAN RETAIL","TIPE_2":"MINIMARKET","TIPE_3":"MITRA SWALAYAN","TELEPON":"","ALAMAT":"TEGALMANDING, TJ. MANDING, UMBULMARTANI, KEC. NGEMPLAK, KABUPATEN SLEMAN, DAERAH ISTIMEWA YOGYAKARTA 55584","ID_PROV":34,"PROVINSI":"DAERAH ISTIMEWA YOGYAKARTA","ID_KABKOT":34.04,"KABKOT":"SLEMAN","ID_KEC":"34.04.11","KECAMATAN":"NGEMPLAK","ID_DESA":"34.04.11.2005","DESA":"UMBULMARTANI","LATITUDE":-7.6895992,"LONGITUDE":110.4190534,"STATUS":"BUKA","TANGGAL PENGUMPULAN":"Q4 2023","TANGGAL UPDATE":"28/01/2025"}},{"type":"Feature","geometry":{"coordinates":[110.3652999,-7.7051644],"type":"Point"},"properties":{"fid":24033,"NAMA":"TOSERBA SWALAYAN & FITRI CELL","TIPE_1":"PERDAGANGAN DAN RETAIL","TIPE_2":"MINIMARKET","TIPE_3":"LAINNYA","TELEPON":"0852-3431-2292","ALAMAT":"TOINO, PANDOWOHARJO, KEC. SLEMAN, KABUPATEN SLEMAN, DAERAH ISTIMEWA YOGYAKARTA 55512","ID_PROV":34,"PROVINSI":"DAERAH ISTIMEWA YOGYAKARTA","ID_KABKOT":34.04,"KABKOT":"SLEMAN","ID_KEC":"34.04.13","KECAMATAN":"SLEMAN","ID_DESA":"34.04.13.2004","DESA":"PANDOWOHARJO","LATITUDE":-7.7051644,"LONGITUDE":110.3652999,"STATUS":"BUKA","TANGGAL PENGUMPULAN":"Q4 2023","TANGGAL UPDATE":"28/01/2025"}},{"type":"Feature","geometry":{"coordinates":[110.3416221,-7.7139845],"type":"Point"},"properties":{"fid":24088,"NAMA":"INDOMARET PURBAYA","TIPE_1":"PERDAGANGAN DAN RETAIL","TIPE_2":"MINIMARKET","TIPE_3":"INDOMARET","TELEPON":"(0274) 869589","ALAMAT":"TUNDAN, JL. PURBAYA, WARAK LOR, SUMBERADI, KABUPATEN SLEMAN, DAERAH ISTIMEWA YOGYAKARTA 55288","ID_PROV":34,"PROVINSI":"DAERAH ISTIMEWA YOGYAKARTA","ID_KABKOT":34.04,"KABKOT":"SLEMAN","ID_KEC":"34.04.06","KECAMATAN":"MLATI","ID_DESA":"34.04.06.2005","DESA":"SUMBERADI","LATITUDE":-7.7139845,"LONGITUDE":110.3416221,"STATUS":"BUKA","TANGGAL PENGUMPULAN":"Q4 2023","TANGGAL UPDATE":"28/01/2025"}},{"type":"Feature","geometry":{"coordinates":[110.3431355,-7.7130486],"type":"Point"},"properties":{"fid":24113,"NAMA":"RICE SMART","TIPE_1":"PERDAGANGAN DAN RETAIL","TIPE_2":"MINIMARKET","TIPE_3":"LAINNYA","TELEPON":"","ALAMAT":"UTARA POM BENSIN, JL. PURBAYA NO.2, PATEN, TRIDADI, KEC. SLEMAN, KABUPATEN SLEMAN, DAERAH ISTIMEWA YOGYAKARTA 55511","ID_PROV":34,"PROVINSI":"DAERAH ISTIMEWA YOGYAKARTA","ID_KABKOT":34.04,"KABKOT":"SLEMAN","ID_KEC":"34.04.13","KECAMATAN":"SLEMAN","ID_DESA":"34.04.13.2003","DESA":"TRIDADI","LATITUDE":-7.7130486,"LONGITUDE":110.3431355,"STATUS":"BUKA","TANGGAL PENGUMPULAN":"Q4 2023","TANGGAL UPDATE":"28/01/2025"}},{"type":"Feature","geometry":{"coordinates":[110.3392629,-7.715629],"type":"Point"},"properties":{"fid":24165,"NAMA":"TOSERBA SIDOAGUNG SA TOSERBA MLATI","TIPE_1":"PERDAGANGAN DAN RETAIL","TIPE_2":"MINIMARKET","TIPE_3":"LAINNYA","TELEPON":"","ALAMAT":"WARAK LOR, SUMBERADI, KEC. MLATI, KABUPATEN SLEMAN, DAERAH ISTIMEWA YOGYAKARTA 55288","ID_PROV":34,"PROVINSI":"DAERAH ISTIMEWA YOGYAKARTA","ID_KABKOT":34.04,"KABKOT":"SLEMAN","ID_KEC":"34.04.06","KECAMATAN":"MLATI","ID_DESA":"34.04.06.2005","DESA":"SUMBERADI","LATITUDE":-7.715629,"LONGITUDE":110.3392629,"STATUS":"BUKA","TANGGAL PENGUMPULAN":"Q4 2023","TANGGAL UPDATE":"28/01/2025"}},{"type":"Feature","geometry":{"coordinates":[110.3216037,-7.8009668],"type":"Point"},"properties":{"fid":24194,"NAMA":"INDOMARET WATES KM5","TIPE_1":"PERDAGANGAN DAN RETAIL","TIPE_2":"MINIMARKET","TIPE_3":"INDOMARET","TELEPON":"","ALAMAT":"WATES ST NO.235, PATUKAN, AMBARKETAWANG, GAMPING, SLEMAN REGENCY, SPECIAL REGION OF YOGYAKARTA 55294","ID_PROV":34,"PROVINSI":"DAERAH ISTIMEWA YOGYAKARTA","ID_KABKOT":34.04,"KABKOT":"SLEMAN","ID_KEC":"34.04.01","KECAMATAN":"GAMPING","ID_DESA":"34.04.01.2002","DESA":"AMBARKETAWANG","LATITUDE":-7.8009668,"LONGITUDE":110.3216037,"STATUS":"BUKA","TANGGAL PENGUMPULAN":"Q4 2023","TANGGAL UPDATE":"28/01/2025"}},{"type":"Feature","geometry":{"coordinates":[110.374858,-7.655496],"type":"Point"},"properties":{"fid":24218,"NAMA":"ROBI MART SWALAYAN","TIPE_1":"PERDAGANGAN DAN RETAIL","TIPE_2":"MINIMARKET","TIPE_3":"LAINNYA","TELEPON":"0877-4149-0900","ALAMAT":"WETAN KALI, DONOKERTO, KEC. TURI, KABUPATEN SLEMAN, DAERAH ISTIMEWA YOGYAKARTA 55551","ID_PROV":34,"PROVINSI":"DAERAH ISTIMEWA YOGYAKARTA","ID_KABKOT":34.04,"KABKOT":"SLEMAN","ID_KEC":"34.04.15","KECAMATAN":"TURI","ID_DESA":"34.04.15.2002","DESA":"DONOKERTO","LATITUDE":-7.655496,"LONGITUDE":110.374858,"STATUS":"BUKA","TANGGAL PENGUMPULAN":"Q4 2023","TANGGAL UPDATE":"28/01/2025"}},{"type":"Feature","geometry":{"coordinates":[110.4720367,-7.7289899],"type":"Point"},"properties":{"fid":11700,"NAMA":"MINA SWALAYAN SELOMARTANI","TIPE_1":"PERDAGANGAN DAN RETAIL","TIPE_2":"MINIMARKET","TIPE_3":"LAINNYA","TELEPON":"","ALAMAT":"JL. PAKEM - KALASAN, KLEDOAN, SELOMARTANI, KEC. KALASAN, KABUPATEN SLEMAN, DAERAH ISTIMEWA YOGYAKARTA 55571","ID_PROV":34,"PROVINSI":"DAERAH ISTIMEWA YOGYAKARTA","ID_KABKOT":34.04,"KABKOT":"SLEMAN","ID_KEC":"34.04.10","KECAMATAN":"KALASAN","ID_DESA":"34.04.10.2004","DESA":"SELOMARTANI","LATITUDE":-7.7289899,"LONGITUDE":110.4720367,"STATUS":"BUKA","TANGGAL PENGUMPULAN":"Q4 2023","TANGGAL UPDATE":"28/01/2025"}},{"type":"Feature","geometry":{"coordinates":[110.3905602,-7.6772604],"type":"Point"},"properties":{"fid":11719,"NAMA":"ALFAMART BALONG","TIPE_1":"PERDAGANGAN DAN RETAIL","TIPE_2":"MINIMARKET","TIPE_3":"ALFAMART","TELEPON":"1 500 959","ALAMAT":"JL. PALAGAN TENTARA PELAJAR BALONG NO.DS, RT.02/RW.01, BALONG, DONOHARJO, KEC. NGAGLIK, KABUPATEN SLEMAN, DAERAH ISTIMEWA YOGYAKARTA 55581","ID_PROV":34,"PROVINSI":"DAERAH ISTIMEWA YOGYAKARTA","ID_KABKOT":34.04,"KABKOT":"SLEMAN","ID_KEC":"34.04.12","KECAMATAN":"NGAGLIK","ID_DESA":"34.04.12.2006","DESA":"DONOHARJO","LATITUDE":-7.6772604,"LONGITUDE":110.3905602,"STATUS":"BUKA","TANGGAL PENGUMPULAN":"Q4 2023","TANGGAL UPDATE":"28/01/2025"}},{"type":"Feature","geometry":{"coordinates":[110.3876364,-7.708425],"type":"Point"},"properties":{"fid":11720,"NAMA":"MADANI SWALAYAN","TIPE_1":"PERDAGANGAN DAN RETAIL","TIPE_2":"MINIMARKET","TIPE_3":"LAINNYA","TELEPON":"0881-0821-27219","ALAMAT":"JL. PALAGAN TENTARA PELAJAR JL. REJODANI KM.10, TAMBAK REJO, SARIHARJO, KEC. NGAGLIK, KABUPATEN SLEMAN, DAERAH ISTIMEWA YOGYAKARTA 55581","ID_PROV":34,"PROVINSI":"DAERAH ISTIMEWA YOGYAKARTA","ID_KABKOT":34.04,"KABKOT":"SLEMAN","ID_KEC":"34.04.12","KECAMATAN":"NGAGLIK","ID_DESA":"34.04.12.2001","DESA":"SARIHARJO","LATITUDE":-7.708425,"LONGITUDE":110.3876364,"STATUS":"BUKA","TANGGAL PENGUMPULAN":"Q4 2023","TANGGAL UPDATE":"28/01/2025"}},{"type":"Feature","geometry":{"coordinates":[110.3729918,-7.7463503],"type":"Point"},"properties":{"fid":11721,"NAMA":"INDOMARET PALAGAN","TIPE_1":"PERDAGANGAN DAN RETAIL","TIPE_2":"MINIMARKET","TIPE_3":"INDOMARET","TELEPON":"","ALAMAT":"JL. PALAGAN TENTARA PELAJAR NO.100-84, WARAS, SARIHARJO, NGAGLIK, SLEMAN REGENCY, SPECIAL REGION OF YOGYAKARTA 55581","ID_PROV":34,"PROVINSI":"DAERAH ISTIMEWA YOGYAKARTA","ID_KABKOT":34.04,"KABKOT":"SLEMAN","ID_KEC":"34.04.12","KECAMATAN":"NGAGLIK","ID_DESA":"34.04.12.2001","DESA":"SARIHARJO","LATITUDE":-7.7463503,"LONGITUDE":110.3729918,"STATUS":"BUKA","TANGGAL PENGUMPULAN":"Q4 2023","TANGGAL UPDATE":"28/01/2025"}},{"type":"Feature","geometry":{"coordinates":[110.3729191,-7.7464552],"type":"Point"},"properties":{"fid":11722,"NAMA":"DAWET KEMAYU INDOMARET PALAGAN","TIPE_1":"PERDAGANGAN DAN RETAIL","TIPE_2":"MINIMARKET","TIPE_3":"INDOMARET","TELEPON":"0851-6171-9181","ALAMAT":"JL. PALAGAN TENTARA PELAJAR NO.100-84WARAS, WARAS, SARIHARJO, KEC. NGAGLIK, KABUPATEN SLEMAN, DAERAH ISTIMEWA YOGYAKARTA 55581","ID_PROV":34,"PROVINSI":"DAERAH ISTIMEWA YOGYAKARTA","ID_KABKOT":34.04,"KABKOT":"SLEMAN","ID_KEC":"34.04.12","KECAMATAN":"NGAGLIK","ID_DESA":"34.04.12.2001","DESA":"SARIHARJO","LATITUDE":-7.7464552,"LONGITUDE":110.3729191,"STATUS":"BUKA","TANGGAL PENGUMPULAN":"Q4 2023","TANGGAL UPDATE":"28/01/2025"}},{"type":"Feature","geometry":{"coordinates":[110.3778311,-7.7335961],"type":"Point"},"properties":{"fid":11723,"NAMA":"INDOMARET PALAGAN 75","TIPE_1":"PERDAGANGAN DAN RETAIL","TIPE_2":"MINIMARKET","TIPE_3":"INDOMARET","TELEPON":"","ALAMAT":"JL. PALAGAN TENTARA PELAJAR NO.24 B, MUDAL, SARIHARJO, KEC. NGAGLIK, KABUPATEN SLEMAN, DAERAH ISTIMEWA YOGYAKARTA 55581","ID_PROV":34,"PROVINSI":"DAERAH ISTIMEWA YOGYAKARTA","ID_KABKOT":34.04,"KABKOT":"SLEMAN","ID_KEC":"34.04.12","KECAMATAN":"NGAGLIK","ID_DESA":"34.04.12.2001","DESA":"SARIHARJO","LATITUDE":-7.7335961,"LONGITUDE":110.3778311,"STATUS":"BUKA","TANGGAL PENGUMPULAN":"Q4 2023","TANGGAL UPDATE":"28/01/2025"}},{"type":"Feature","geometry":{"coordinates":[110.3734356,-7.7456833],"type":"Point"},"properties":{"fid":11724,"NAMA":"INDOMARET PALAGAN 63","TIPE_1":"PERDAGANGAN DAN RETAIL","TIPE_2":"MINIMARKET","TIPE_3":"INDOMARET","TELEPON":"(0274) 888186","ALAMAT":"JL. PALAGAN TENTARA PELAJAR NO.63, PANGGUNG SARI, SARIHARJO, KEC. NGAGLIK, KABUPATEN SLEMAN, DAERAH ISTIMEWA YOGYAKARTA 55581","ID_PROV":34,"PROVINSI":"DAERAH ISTIMEWA YOGYAKARTA","ID_KABKOT":34.04,"KABKOT":"SLEMAN","ID_KEC":"34.04.12","KECAMATAN":"NGAGLIK","ID_DESA":"34.04.12.2001","DESA":"SARIHARJO","LATITUDE":-7.7456833,"LONGITUDE":110.3734356,"STATUS":"BUKA","TANGGAL PENGUMPULAN":"Q4 2023","TANGGAL UPDATE":"28/01/2025"}},{"type":"Feature","geometry":{"coordinates":[110.3949621,-7.6600104],"type":"Point"},"properties":{"fid":11725,"NAMA":"ALFAMART PURWOBINANGUN SLEMAN","TIPE_1":"PERDAGANGAN DAN RETAIL","TIPE_2":"MINIMARKET","TIPE_3":"ALFAMART","TELEPON":"1 500 959","ALAMAT":"JL. PALAGAN TENTARA PELAJAR NO.KM.16, RT.003/RW.024, GLONDONG, PURWOBINANGUN, KEC. PAKEM, KABUPATEN SLEMAN, DAERAH ISTIMEWA YOGYAKARTA 55582","ID_PROV":34,"PROVINSI":"DAERAH ISTIMEWA YOGYAKARTA","ID_KABKOT":34.04,"KABKOT":"SLEMAN","ID_KEC":"34.04.16","KECAMATAN":"PAKEM","ID_DESA":"34.04.16.2001","DESA":"PURWOBINANGUN","LATITUDE":-7.6600104,"LONGITUDE":110.3949621,"STATUS":"BUKA","TANGGAL PENGUMPULAN":"Q4 2023","TANGGAL UPDATE":"28/01/2025"}},{"type":"Feature","geometry":{"coordinates":[110.3734595,-7.7459227],"type":"Point"},"properties":{"fid":11726,"NAMA":"ALFAMART TENTARA PELAJAR SLEMAN","TIPE_1":"PERDAGANGAN DAN RETAIL","TIPE_2":"MINIMARKET","TIPE_3":"ALFAMART","TELEPON":"","ALAMAT":"JL. PALAGAN TENTARA PELAJAR, JONGKANG, SARIHARJO, KEC. NGAGLIK, KABUPATEN SLEMAN, DAERAH ISTIMEWA YOGYAKARTA 55581","ID_PROV":34,"PROVINSI":"DAERAH ISTIMEWA YOGYAKARTA","ID_KABKOT":34.04,"KABKOT":"SLEMAN","ID_KEC":"34.04.12","KECAMATAN":"NGAGLIK","ID_DESA":"34.04.12.2001","DESA":"SARIHARJO","LATITUDE":-7.7459227,"LONGITUDE":110.3734595,"STATUS":"BUKA","TANGGAL PENGUMPULAN":"Q4 2023","TANGGAL UPDATE":"28/01/2025"}},{"type":"Feature","geometry":{"coordinates":[110.3768482,-7.7369867],"type":"Point"},"properties":{"fid":11727,"NAMA":"INDOMARET PALAGAN","TIPE_1":"PERDAGANGAN DAN RETAIL","TIPE_2":"MINIMARKET","TIPE_3":"INDOMARET","TELEPON":"(0274) 4362670","ALAMAT":"JL. PALAGAN TENTARA PELAJAR, NO. 69 RT. 13/ 35, MUDAL, SARIHARJO, KEC. NGAGLIK, KABUPATEN SLEMAN, DAERAH ISTIMEWA YOGYAKARTA 55581","ID_PROV":34,"PROVINSI":"DAERAH ISTIMEWA YOGYAKARTA","ID_KABKOT":34.04,"KABKOT":"SLEMAN","ID_KEC":"34.04.12","KECAMATAN":"NGAGLIK","ID_DESA":"34.04.12.2001","DESA":"SARIHARJO","LATITUDE":-7.7369867,"LONGITUDE":110.3768482,"STATUS":"BUKA","TANGGAL PENGUMPULAN":"Q4 2023","TANGGAL UPDATE":"28/01/2025"}},{"type":"Feature","geometry":{"coordinates":[110.3233575,-7.7961393],"type":"Point"},"properties":{"fid":12179,"NAMA":"ALFAMART AMBARKETAWANG 2","TIPE_1":"PERDAGANGAN DAN RETAIL","TIPE_2":"MINIMARKET","TIPE_3":"ALFAMART","TELEPON":"","ALAMAT":"JL. PATUKAN RT 08 RW 22 KEL.KETAWANG, PATUKAN, AMBARKETAWANG, GAMPING, SLEMAN REGENCY, SPECIAL REGION OF YOGYAKARTA 55294","ID_PROV":34,"PROVINSI":"DAERAH ISTIMEWA YOGYAKARTA","ID_KABKOT":34.04,"KABKOT":"SLEMAN","ID_KEC":"34.04.01","KECAMATAN":"GAMPING","ID_DESA":"34.04.01.2002","DESA":"AMBARKETAWANG","LATITUDE":-7.7961393,"LONGITUDE":110.3233575,"STATUS":"BUKA","TANGGAL PENGUMPULAN":"Q4 2023","TANGGAL UPDATE":"28/01/2025"}},{"type":"Feature","geometry":{"coordinates":[110.2765245,-7.7895598],"type":"Point"},"properties":{"fid":12255,"NAMA":"INDOMARET PEDES�GODEAN","TIPE_1":"PERDAGANGAN DAN RETAIL","TIPE_2":"MINIMARKET","TIPE_3":"INDOMARET","TELEPON":"0888-0270-279","ALAMAT":"JL. PEDES-GODEAN, MENULIS, SUMBERSARI, KEC. MOYUDAN, KABUPATEN SLEMAN, DAERAH ISTIMEWA YOGYAKARTA 55563","ID_PROV":34,"PROVINSI":"DAERAH ISTIMEWA YOGYAKARTA","ID_KABKOT":34.04,"KABKOT":"SLEMAN","ID_KEC":"34.04.03","KECAMATAN":"MOYUDAN","ID_DESA":"34.04.03.2002","DESA":"SUMBERSARI","LATITUDE":-7.7895598,"LONGITUDE":110.2765245,"STATUS":"BUKA","TANGGAL PENGUMPULAN":"Q4 2023","TANGGAL UPDATE":"28/01/2025"}},{"type":"Feature","geometry":{"coordinates":[110.4046307,-7.7729664],"type":"Point"},"properties":{"fid":12700,"NAMA":"ALFAMART PERUMNAS SLEMAN","TIPE_1":"PERDAGANGAN DAN RETAIL","TIPE_2":"MINIMARKET","TIPE_3":"ALFAMART","TELEPON":"(0274) 4415269","ALAMAT":"JL. PERUMNAS NO. 85, KOMPLEK GRAHA STRATEGIC BLOK A3 / A4 KEL, DABAG, CATURTUNGGAL, KEC. DEPOK, KABUPATEN SLEMAN, DAERAH ISTIMEWA YOGYAKARTA 55281","ID_PROV":34,"PROVINSI":"DAERAH ISTIMEWA YOGYAKARTA","ID_KABKOT":34.04,"KABKOT":"SLEMAN","ID_KEC":"34.04.07","KECAMATAN":"DEPOK","ID_DESA":"34.04.07.2001","DESA":"CATURTUNGGAL","LATITUDE":-7.7729664,"LONGITUDE":110.4046307,"STATUS":"BUKA","TANGGAL PENGUMPULAN":"Q4 2023","TANGGAL UPDATE":"28/01/2025"}},{"type":"Feature","geometry":{"coordinates":[110.405681,-7.765056],"type":"Point"},"properties":{"fid":12701,"NAMA":"ALFAMART CONDONGSARI","TIPE_1":"PERDAGANGAN DAN RETAIL","TIPE_2":"MINIMARKET","TIPE_3":"ALFAMART","TELEPON":"","ALAMAT":"JL. PERUMNAS NO.106, DABAG, CONDONGCATUR, KEC. DEPOK, KABUPATEN SLEMAN, DAERAH ISTIMEWA YOGYAKARTA 55281","ID_PROV":34,"PROVINSI":"DAERAH ISTIMEWA YOGYAKARTA","ID_KABKOT":34.04,"KABKOT":"SLEMAN","ID_KEC":"34.04.07","KECAMATAN":"DEPOK","ID_DESA":"34.04.07.2003","DESA":"CONDONGCATUR","LATITUDE":-7.765056,"LONGITUDE":110.405681,"STATUS":"BUKA","TANGGAL PENGUMPULAN":"Q4 2023","TANGGAL UPDATE":"28/01/2025"}},{"type":"Feature","geometry":{"coordinates":[110.4052112,-7.7696447],"type":"Point"},"properties":{"fid":12702,"NAMA":"INDOMARET HYBRID PERUMNAS","TIPE_1":"PERDAGANGAN DAN RETAIL","TIPE_2":"MINIMARKET","TIPE_3":"INDOMARET","TELEPON":"(0274) 2801410","ALAMAT":"JL. PERUMNAS NO.8, DABAG, CONDONGCATUR, KEC. DEPOK, KABUPATEN SLEMAN, DAERAH ISTIMEWA YOGYAKARTA 55281","ID_PROV":34,"PROVINSI":"DAERAH ISTIMEWA YOGYAKARTA","ID_KABKOT":34.04,"KABKOT":"SLEMAN","ID_KEC":"34.04.07","KECAMATAN":"DEPOK","ID_DESA":"34.04.07.2003","DESA":"CONDONGCATUR","LATITUDE":-7.7696447,"LONGITUDE":110.4052112,"STATUS":"BUKA","TANGGAL PENGUMPULAN":"Q4 2023","TANGGAL UPDATE":"28/01/2025"}},{"type":"Feature","geometry":{"coordinates":[110.4045795,-7.7747844],"type":"Point"},"properties":{"fid":12705,"NAMA":"INDOMARET MUNDU","TIPE_1":"PERDAGANGAN DAN RETAIL","TIPE_2":"MINIMARKET","TIPE_3":"INDOMARET","TELEPON":"","ALAMAT":"JL. PERUMNAS, NOLOGATEN, CATURTUNGGAL, KEC. DEPOK, KABUPATEN SLEMAN, DAERAH ISTIMEWA YOGYAKARTA 55281","ID_PROV":34,"PROVINSI":"DAERAH ISTIMEWA YOGYAKARTA","ID_KABKOT":34.04,"KABKOT":"SLEMAN","ID_KEC":"34.04.07","KECAMATAN":"DEPOK","ID_DESA":"34.04.07.2001","DESA":"CATURTUNGGAL","LATITUDE":-7.7747844,"LONGITUDE":110.4045795,"STATUS":"BUKA","TANGGAL PENGUMPULAN":"Q4 2023","TANGGAL UPDATE":"28/01/2025"}},{"type":"Feature","geometry":{"coordinates":[110.3957658,-7.7818568],"type":"Point"},"properties":{"fid":12767,"NAMA":"INDOMARET PAPRINGAN","TIPE_1":"PERDAGANGAN DAN RETAIL","TIPE_2":"MINIMARKET","TIPE_3":"INDOMARET","TELEPON":"","ALAMAT":"JL. PETUNG NO.7, PAPRINGAN, CATURTUNGGAL, KEC. DEPOK, KABUPATEN SLEMAN, DAERAH ISTIMEWA YOGYAKARTA 55281","ID_PROV":34,"PROVINSI":"DAERAH ISTIMEWA YOGYAKARTA","ID_KABKOT":34.04,"KABKOT":"SLEMAN","ID_KEC":"34.04.07","KECAMATAN":"DEPOK","ID_DESA":"34.04.07.2001","DESA":"CATURTUNGGAL","LATITUDE":-7.7818568,"LONGITUDE":110.3957658,"STATUS":"BUKA","TANGGAL PENGUMPULAN":"Q4 2023","TANGGAL UPDATE":"28/01/2025"}},{"type":"Feature","geometry":{"coordinates":[110.3743053,-7.7634898],"type":"Point"},"properties":{"fid":12898,"NAMA":"MINIMARKET NABILA ILHAM","TIPE_1":"PERDAGANGAN DAN RETAIL","TIPE_2":"MINIMARKET","TIPE_3":"LAINNYA","TELEPON":"0857-9926-7181","ALAMAT":"JL. POGUNG KIDUL NO.3, POGUNG KIDUL, SINDUADI, KEC. MLATI, KABUPATEN SLEMAN, DAERAH ISTIMEWA YOGYAKARTA 55284","ID_PROV":34,"PROVINSI":"DAERAH ISTIMEWA YOGYAKARTA","ID_KABKOT":34.04,"KABKOT":"SLEMAN","ID_KEC":"34.04.06","KECAMATAN":"MLATI","ID_DESA":"34.04.06.2001","DESA":"SINDUADI","LATITUDE":-7.7634898,"LONGITUDE":110.3743053,"STATUS":"BUKA","TANGGAL PENGUMPULAN":"Q4 2023","TANGGAL UPDATE":"28/01/2025"}},{"type":"Feature","geometry":{"coordinates":[110.3644906,-7.7004644],"type":"Point"},"properties":{"fid":13043,"NAMA":"INDOMARET PANDOWO","TIPE_1":"PERDAGANGAN DAN RETAIL","TIPE_2":"MINIMARKET","TIPE_3":"INDOMARET","TELEPON":"","ALAMAT":"JL. PRAMUKA, TEMON, PANDOWOHARJO, KEC. SLEMAN, KABUPATEN SLEMAN, DAERAH ISTIMEWA YOGYAKARTA 55512","ID_PROV":34,"PROVINSI":"DAERAH ISTIMEWA YOGYAKARTA","ID_KABKOT":34.04,"KABKOT":"SLEMAN","ID_KEC":"34.04.13","KECAMATAN":"SLEMAN","ID_DESA":"34.04.13.2004","DESA":"PANDOWOHARJO","LATITUDE":-7.7004644,"LONGITUDE":110.3644906,"STATUS":"BUKA","TANGGAL PENGUMPULAN":"Q4 2023","TANGGAL UPDATE":"28/01/2025"}},{"type":"Feature","geometry":{"coordinates":[110.3933246,-7.775668],"type":"Point"},"properties":{"fid":13060,"NAMA":"CIRCLE K DEMANGAN 2","TIPE_1":"PERDAGANGAN DAN RETAIL","TIPE_2":"MINIMARKET","TIPE_3":"CIRCLE K","TELEPON":"0817-6903-634","ALAMAT":"JL. PRINGGODANI NO.6 E, RW.02, MRICAN, CATURTUNGGAL, KEC. DEPOK, KABUPATEN SLEMAN, DAERAH ISTIMEWA YOGYAKARTA 55281","ID_PROV":34,"PROVINSI":"DAERAH ISTIMEWA YOGYAKARTA","ID_KABKOT":34.04,"KABKOT":"SLEMAN","ID_KEC":"34.04.07","KECAMATAN":"DEPOK","ID_DESA":"34.04.07.2001","DESA":"CATURTUNGGAL","LATITUDE":-7.775668,"LONGITUDE":110.3933246,"STATUS":"BUKA","TANGGAL PENGUMPULAN":"Q4 2023","TANGGAL UPDATE":"28/01/2025"}},{"type":"Feature","geometry":{"coordinates":[110.3937066,-7.774118],"type":"Point"},"properties":{"fid":13061,"NAMA":"INDOMARET PRINGGODANI","TIPE_1":"PERDAGANGAN DAN RETAIL","TIPE_2":"MINIMARKET","TIPE_3":"INDOMARET","TELEPON":"(0274) 542398","ALAMAT":"JL. PRINGGODANI, NO. 20, CATUR TUNGGAL, DEPOK, MRICAN, CATURTUNGGAL, SLEMAN, KABUPATEN SLEMAN, DAERAH ISTIMEWA YOGYAKARTA 55281","ID_PROV":34,"PROVINSI":"DAERAH ISTIMEWA YOGYAKARTA","ID_KABKOT":34.04,"KABKOT":"SLEMAN","ID_KEC":"34.04.07","KECAMATAN":"DEPOK","ID_DESA":"34.04.07.2001","DESA":"CATURTUNGGAL","LATITUDE":-7.774118,"LONGITUDE":110.3937066,"STATUS":"BUKA","TANGGAL PENGUMPULAN":"Q4 2023","TANGGAL UPDATE":"28/01/2025"}},{"type":"Feature","geometry":{"coordinates":[110.3935704,-7.7752215],"type":"Point"},"properties":{"fid":13062,"NAMA":"ALFAMART PRINGGODANI","TIPE_1":"PERDAGANGAN DAN RETAIL","TIPE_2":"MINIMARKET","TIPE_3":"ALFAMART","TELEPON":"1 500 959","ALAMAT":"JL. PRINGGONDANI KEL NO.8, RT.19/RW.14, MRICAN, CATURTUNGGAL, KEC. DEPOK, KABUPATEN SLEMAN, DAERAH ISTIMEWA YOGYAKARTA 55281","ID_PROV":34,"PROVINSI":"DAERAH ISTIMEWA YOGYAKARTA","ID_KABKOT":34.04,"KABKOT":"SLEMAN","ID_KEC":"34.04.07","KECAMATAN":"DEPOK","ID_DESA":"34.04.07.2001","DESA":"CATURTUNGGAL","LATITUDE":-7.7752215,"LONGITUDE":110.3935704,"STATUS":"BUKA","TANGGAL PENGUMPULAN":"Q4 2023","TANGGAL UPDATE":"28/01/2025"}},{"type":"Feature","geometry":{"coordinates":[110.3415811,-7.7565768],"type":"Point"},"properties":{"fid":13174,"NAMA":"SUKSES MART","TIPE_1":"PERDAGANGAN DAN RETAIL","TIPE_2":"MINIMARKET","TIPE_3":"LAINNYA","TELEPON":"","ALAMAT":"JL. PS. JAMBON TRIHANGGO NO.88, BEDOG, TRIHANGGO, KEC. GAMPING, KABUPATEN SLEMAN, DAERAH ISTIMEWA YOGYAKARTA 55291","ID_PROV":34,"PROVINSI":"DAERAH ISTIMEWA YOGYAKARTA","ID_KABKOT":34.04,"KABKOT":"SLEMAN","ID_KEC":"34.04.01","KECAMATAN":"GAMPING","ID_DESA":"34.04.01.2005","DESA":"TRIHANGGO","LATITUDE":-7.7565768,"LONGITUDE":110.3415811,"STATUS":"BUKA","TANGGAL PENGUMPULAN":"Q4 2023","TANGGAL UPDATE":"28/01/2025"}},{"type":"Feature","geometry":{"coordinates":[110.4522441,-7.7390046],"type":"Point"},"properties":{"fid":13321,"NAMA":"INDOMARET PURWOMARTANI SIDOREJO","TIPE_1":"PERDAGANGAN DAN RETAIL","TIPE_2":"MINIMARKET","TIPE_3":"INDOMARET","TELEPON":"","ALAMAT":"JL. PURWOMARTANI NO.13, SANGGRAHAN, PURWOMARTANI, KALASAN, SLEMAN REGENCY, SPECIAL REGION OF YOGYAKARTA 55571","ID_PROV":34,"PROVINSI":"DAERAH ISTIMEWA YOGYAKARTA","ID_KABKOT":34.04,"KABKOT":"SLEMAN","ID_KEC":"34.04.10","KECAMATAN":"KALASAN","ID_DESA":"34.04.10.2001","DESA":"PURWOMARTANI","LATITUDE":-7.7390046,"LONGITUDE":110.4522441,"STATUS":"BUKA","TANGGAL PENGUMPULAN":"Q4 2023","TANGGAL UPDATE":"28/01/2025"}},{"type":"Feature","geometry":{"coordinates":[110.3991354,-7.7473756],"type":"Point"},"properties":{"fid":13533,"NAMA":"INDOMARET SUKOHARJO 2","TIPE_1":"PERDAGANGAN DAN RETAIL","TIPE_2":"MINIMARKET","TIPE_3":"INDOMARET","TELEPON":"0877-3890-9183","ALAMAT":"JL. RAJAWALI RAYA NO.32, SANGGRAHAN, CONDONGCATUR, KEC. DEPOK, KABUPATEN SLEMAN, DAERAH ISTIMEWA YOGYAKARTA 55281","ID_PROV":34,"PROVINSI":"DAERAH ISTIMEWA YOGYAKARTA","ID_KABKOT":34.04,"KABKOT":"SLEMAN","ID_KEC":"34.04.07","KECAMATAN":"DEPOK","ID_DESA":"34.04.07.2003","DESA":"CONDONGCATUR","LATITUDE":-7.7473756,"LONGITUDE":110.3991354,"STATUS":"BUKA","TANGGAL PENGUMPULAN":"Q4 2023","TANGGAL UPDATE":"28/01/2025"}},{"type":"Feature","geometry":{"coordinates":[110.3998347,-7.7439556],"type":"Point"},"properties":{"fid":13535,"NAMA":"INDOMARET RAJAWALI","TIPE_1":"PERDAGANGAN DAN RETAIL","TIPE_2":"MINIMARKET","TIPE_3":"INDOMARET","TELEPON":"","ALAMAT":"JL. RAJAWALI RAYA, MANUKAN, CONDONGCATUR, KEC. DEPOK, KABUPATEN SLEMAN, DAERAH ISTIMEWA YOGYAKARTA 55281","ID_PROV":34,"PROVINSI":"DAERAH ISTIMEWA YOGYAKARTA","ID_KABKOT":34.04,"KABKOT":"SLEMAN","ID_KEC":"34.04.07","KECAMATAN":"DEPOK","ID_DESA":"34.04.07.2003","DESA":"CONDONGCATUR","LATITUDE":-7.7439556,"LONGITUDE":110.3998347,"STATUS":"BUKA","TANGGAL PENGUMPULAN":"Q4 2023","TANGGAL UPDATE":"28/01/2025"}},{"type":"Feature","geometry":{"coordinates":[110.234181,-7.7257476],"type":"Point"},"properties":{"fid":13792,"NAMA":"TOSERBA SRI REJEKI STAR","TIPE_1":"PERDAGANGAN DAN RETAIL","TIPE_2":"MINIMARKET","TIPE_3":"LAINNYA","TELEPON":"0857-2992-1411","ALAMAT":"JL. RAYA BANJARARUM, BABADAN, SENDANGAGUNG, KEC. MINGGIR, KABUPATEN SLEMAN, DAERAH ISTIMEWA YOGYAKARTA 55562","ID_PROV":34,"PROVINSI":"DAERAH ISTIMEWA YOGYAKARTA","ID_KABKOT":34.04,"KABKOT":"SLEMAN","ID_KEC":"34.04.04","KECAMATAN":"MINGGIR","ID_DESA":"34.04.04.2003","DESA":"SENDANGAGUNG","LATITUDE":-7.7257476,"LONGITUDE":110.234181,"STATUS":"BUKA","TANGGAL PENGUMPULAN":"Q4 2023","TANGGAL UPDATE":"28/01/2025"}},{"type":"Feature","geometry":{"coordinates":[110.2339521,-7.7256383],"type":"Point"},"properties":{"fid":13793,"NAMA":"TOKO ASMI","TIPE_1":"PERDAGANGAN DAN RETAIL","TIPE_2":"MINIMARKET","TIPE_3":"LAINNYA","TELEPON":"","ALAMAT":"JL. RAYA BANJARARUM, POJOK 5, SENDANGAGUNG, KEC. MINGGIR, KABUPATEN SLEMAN, DAERAH ISTIMEWA YOGYAKARTA 55562","ID_PROV":34,"PROVINSI":"DAERAH ISTIMEWA YOGYAKARTA","ID_KABKOT":34.04,"KABKOT":"SLEMAN","ID_KEC":"34.04.04","KECAMATAN":"MINGGIR","ID_DESA":"34.04.04.2003","DESA":"SENDANGAGUNG","LATITUDE":-7.7256383,"LONGITUDE":110.2339521,"STATUS":"BUKA","TANGGAL PENGUMPULAN":"Q4 2023","TANGGAL UPDATE":"28/01/2025"}},{"type":"Feature","geometry":{"coordinates":[110.445844,-7.805568],"type":"Point"},"properties":{"fid":13872,"NAMA":"INDOMARET SPBU BERBAH","TIPE_1":"PERDAGANGAN DAN RETAIL","TIPE_2":"MINIMARKET","TIPE_3":"INDOMARET","TELEPON":"","ALAMAT":"JL. RAYA BERBAH NO.4B, SUMBER KIDUL, KALITIRTO, BERBAH, SLEMAN REGENCY, SPECIAL REGION OF YOGYAKARTA 55573","ID_PROV":34,"PROVINSI":"DAERAH ISTIMEWA YOGYAKARTA","ID_KABKOT":34.04,"KABKOT":"SLEMAN","ID_KEC":"34.04.08","KECAMATAN":"BERBAH","ID_DESA":"34.04.08.2003","DESA":"KALITIRTO","LATITUDE":-7.805568,"LONGITUDE":110.445844,"STATUS":"BUKA","TANGGAL PENGUMPULAN":"Q4 2023","TANGGAL UPDATE":"28/01/2025"}},{"type":"Feature","geometry":{"coordinates":[110.4455075,-7.8040895],"type":"Point"},"properties":{"fid":13873,"NAMA":"INDOMARET","TIPE_1":"PERDAGANGAN DAN RETAIL","TIPE_2":"MINIMARKET","TIPE_3":"INDOMARET","TELEPON":"","ALAMAT":"JL. RAYA BERBAH UTARA NO.192, BERBAH, TEGALTIRTO, KEC. BERBAH, KABUPATEN SLEMAN, DAERAH ISTIMEWA YOGYAKARTA 55573","ID_PROV":34,"PROVINSI":"DAERAH ISTIMEWA YOGYAKARTA","ID_KABKOT":34.04,"KABKOT":"SLEMAN","ID_KEC":"34.04.08","KECAMATAN":"BERBAH","ID_DESA":"34.04.08.2002","DESA":"TEGALTIRTO","LATITUDE":-7.8040895,"LONGITUDE":110.4455075,"STATUS":"BUKA","TANGGAL PENGUMPULAN":"Q4 2023","TANGGAL UPDATE":"28/01/2025"}},{"type":"Feature","geometry":{"coordinates":[110.4123946,-7.7468592],"type":"Point"},"properties":{"fid":14004,"NAMA":"ALFAMART CANDI GEBANG","TIPE_1":"PERDAGANGAN DAN RETAIL","TIPE_2":"MINIMARKET","TIPE_3":"ALFAMART","TELEPON":"1 500 959","ALAMAT":"JL. RAYA CANDI GEBANG NO. 9 RT:06 RW:04, JETIS, WEDOMARTANI, KEC. NGEMPLAK, KABUPATEN SLEMAN, DAERAH ISTIMEWA YOGYAKARTA 55584","ID_PROV":34,"PROVINSI":"DAERAH ISTIMEWA YOGYAKARTA","ID_KABKOT":34.04,"KABKOT":"SLEMAN","ID_KEC":"34.04.11","KECAMATAN":"NGEMPLAK","ID_DESA":"34.04.11.2004","DESA":"WEDOMARTANI","LATITUDE":-7.7468592,"LONGITUDE":110.4123946,"STATUS":"BUKA","TANGGAL PENGUMPULAN":"Q4 2023","TANGGAL UPDATE":"28/01/2025"}},{"type":"Feature","geometry":{"coordinates":[110.3231222,-7.7824042],"type":"Point"},"properties":{"fid":14449,"NAMA":"ANDY JAYA SWALAYAN","TIPE_1":"PERDAGANGAN DAN RETAIL","TIPE_2":"MINIMARKET","TIPE_3":"LAINNYA","TELEPON":"(0274) 798895","ALAMAT":"JL. RAYA GAMPING KRAMAT, BANTULAN, SIDOARUM, KEC. GODEAN, KABUPATEN SLEMAN, DAERAH ISTIMEWA YOGYAKARTA 55264","ID_PROV":34,"PROVINSI":"DAERAH ISTIMEWA YOGYAKARTA","ID_KABKOT":34.04,"KABKOT":"SLEMAN","ID_KEC":"34.04.02","KECAMATAN":"GODEAN","ID_DESA":"34.04.02.2006","DESA":"SIDOARUM","LATITUDE":-7.7824042,"LONGITUDE":110.3231222,"STATUS":"BUKA","TANGGAL PENGUMPULAN":"Q4 2023","TANGGAL UPDATE":"28/01/2025"}},{"type":"Feature","geometry":{"coordinates":[110.4102718,-7.7838758],"type":"Point"},"properties":{"fid":14576,"NAMA":"ALFAMART SAT RAYA JANTI","TIPE_1":"PERDAGANGAN DAN RETAIL","TIPE_2":"MINIMARKET","TIPE_3":"ALFAMART","TELEPON":"","ALAMAT":"JL. RAYA JANTI NO.2, GOWOK, CATURTUNGGAL, KEC. DEPOK, KABUPATEN SLEMAN, DAERAH ISTIMEWA YOGYAKARTA 55281","ID_PROV":34,"PROVINSI":"DAERAH ISTIMEWA YOGYAKARTA","ID_KABKOT":34.04,"KABKOT":"SLEMAN","ID_KEC":"34.04.07","KECAMATAN":"DEPOK","ID_DESA":"34.04.07.2001","DESA":"CATURTUNGGAL","LATITUDE":-7.7838758,"LONGITUDE":110.4102718,"STATUS":"BUKA","TANGGAL PENGUMPULAN":"Q4 2023","TANGGAL UPDATE":"28/01/2025"}},{"type":"Feature","geometry":{"coordinates":[110.410604,-7.783821],"type":"Point"},"properties":{"fid":14577,"NAMA":"INDOMARET JANTI","TIPE_1":"PERDAGANGAN DAN RETAIL","TIPE_2":"MINIMARKET","TIPE_3":"INDOMARET","TELEPON":"(0274) 484715","ALAMAT":"JL. RAYA JANTI NO.3, GOWOK, CATURTUNGGAL, KEC. DEPOK, KABUPATEN SLEMAN, DAERAH ISTIMEWA YOGYAKARTA 55281","ID_PROV":34,"PROVINSI":"DAERAH ISTIMEWA YOGYAKARTA","ID_KABKOT":34.04,"KABKOT":"SLEMAN","ID_KEC":"34.04.07","KECAMATAN":"DEPOK","ID_DESA":"34.04.07.2001","DESA":"CATURTUNGGAL","LATITUDE":-7.783821,"LONGITUDE":110.410604,"STATUS":"BUKA","TANGGAL PENGUMPULAN":"Q4 2023","TANGGAL UPDATE":"28/01/2025"}},{"type":"Feature","geometry":{"coordinates":[110.4715282,-7.7493461],"type":"Point"},"properties":{"fid":15032,"NAMA":"ALFAMART KARANGNONGKO","TIPE_1":"PERDAGANGAN DAN RETAIL","TIPE_2":"MINIMARKET","TIPE_3":"ALFAMART","TELEPON":"(021) 1500959","ALAMAT":"JL. RAYA LPMP JL. DUSUN KARANGNONGKO, RT.05/RW.28, KARANG NONGKO, TIRTOMARTANI, KEC. KALASAN, KABUPATEN SLEMAN, DAERAH ISTIMEWA YOGYAKARTA 55571","ID_PROV":34,"PROVINSI":"DAERAH ISTIMEWA YOGYAKARTA","ID_KABKOT":34.04,"KABKOT":"SLEMAN","ID_KEC":"34.04.10","KECAMATAN":"KALASAN","ID_DESA":"34.04.10.2002","DESA":"TIRTOMARTANI","LATITUDE":-7.7493461,"LONGITUDE":110.4715282,"STATUS":"BUKA","TANGGAL PENGUMPULAN":"Q4 2023","TANGGAL UPDATE":"28/01/2025"}},{"type":"Feature","geometry":{"coordinates":[110.4830445,-7.8056179],"type":"Point"},"properties":{"fid":15580,"NAMA":"MINIMARKET / ALFAMART KSB SUMBERHARJO","TIPE_1":"PERDAGANGAN DAN RETAIL","TIPE_2":"MINIMARKET","TIPE_3":"ALFAMART","TELEPON":"","ALAMAT":"JL. RAYA PIYUNGAN - PRAMBANAN NO.KM 7, DALEMAN, SUMBERHARJO, PRAMBANAN, SLEMAN REGENCY, SPECIAL REGION OF YOGYAKARTA 55572","ID_PROV":34,"PROVINSI":"DAERAH ISTIMEWA YOGYAKARTA","ID_KABKOT":34.04,"KABKOT":"SLEMAN","ID_KEC":"34.04.09","KECAMATAN":"PRAMBANAN","ID_DESA":"34.04.09.2001","DESA":"SUMBERHARJO","LATITUDE":-7.8056179,"LONGITUDE":110.4830445,"STATUS":"BUKA","TANGGAL PENGUMPULAN":"Q4 2023","TANGGAL UPDATE":"28/01/2025"}},{"type":"Feature","geometry":{"coordinates":[110.4830445,-7.8056179],"type":"Point"},"properties":{"fid":15581,"NAMA":"MINIMARKET / ALFAMART KSB SUMBERHARJO","TIPE_1":"PERDAGANGAN DAN RETAIL","TIPE_2":"MINIMARKET","TIPE_3":"ALFAMART","TELEPON":"","ALAMAT":"JL. RAYA PIYUNGAN - PRAMBANAN NO.KM 7, DALEMAN, SUMBERHARJO, PRAMBANAN, SLEMAN REGENCY, SPECIAL REGION OF YOGYAKARTA 55572","ID_PROV":34,"PROVINSI":"DAERAH ISTIMEWA YOGYAKARTA","ID_KABKOT":34.04,"KABKOT":"SLEMAN","ID_KEC":"34.04.09","KECAMATAN":"PRAMBANAN","ID_DESA":"34.04.09.2001","DESA":"SUMBERHARJO","LATITUDE":-7.8056179,"LONGITUDE":110.4830445,"STATUS":"BUKA","TANGGAL PENGUMPULAN":"Q4 2023","TANGGAL UPDATE":"28/01/2025"}},{"type":"Feature","geometry":{"coordinates":[110.4794399,-7.8241802],"type":"Point"},"properties":{"fid":15582,"NAMA":"ALFAMART JOGOTIRTO","TIPE_1":"PERDAGANGAN DAN RETAIL","TIPE_2":"MINIMARKET","TIPE_3":"ALFAMART","TELEPON":"1 500 959","ALAMAT":"JL. RAYA PIYUNGAN - PRAMBANAN NO.KM. 1,5, RT.02/RW.30, KRNGGAN 2, KOTENGAN BARU, BERBAH, SLEMAN REGENCY, SPECIAL REGION OF YOGYAKARTA 55573","ID_PROV":34,"PROVINSI":"DAERAH ISTIMEWA YOGYAKARTA","ID_KABKOT":34.04,"KABKOT":"SLEMAN","ID_KEC":"34.04.08","KECAMATAN":"BERBAH","ID_DESA":"34.04.08.2004","DESA":"JOGOTIRTO","LATITUDE":-7.8241802,"LONGITUDE":110.4794399,"STATUS":"BUKA","TANGGAL PENGUMPULAN":"Q4 2023","TANGGAL UPDATE":"28/01/2025"}},{"type":"Feature","geometry":{"coordinates":[110.4727143,-7.7653068],"type":"Point"},"properties":{"fid":15942,"NAMA":"ALFAMART KALASAN","TIPE_1":"PERDAGANGAN DAN RETAIL","TIPE_2":"MINIMARKET","TIPE_3":"ALFAMART","TELEPON":"1 500 959","ALAMAT":"JL. RAYA SOLO - YOGYAKARTA DSN.BENDAN NO.KM.14, RT.001/RW.002, GLONDONG, TIRTOMARTANI, KALASAN, SLEMAN REGENCY, SPECIAL REGION OF YOGYAKARTA 55571","ID_PROV":34,"PROVINSI":"DAERAH ISTIMEWA YOGYAKARTA","ID_KABKOT":34.04,"KABKOT":"SLEMAN","ID_KEC":"34.04.10","KECAMATAN":"KALASAN","ID_DESA":"34.04.10.2002","DESA":"TIRTOMARTANI","LATITUDE":-7.7653068,"LONGITUDE":110.4727143,"STATUS":"BUKA","TANGGAL PENGUMPULAN":"Q4 2023","TANGGAL UPDATE":"28/01/2025"}},{"type":"Feature","geometry":{"coordinates":[110.4468854,-7.7836942],"type":"Point"},"properties":{"fid":15943,"NAMA":"ALFAMART BERBAH","TIPE_1":"PERDAGANGAN DAN RETAIL","TIPE_2":"MINIMARKET","TIPE_3":"ALFAMART","TELEPON":"","ALAMAT":"JL. RAYA SOLO - YOGYAKARTA JL. JAGALAN, RT.09/RW.03, JAGALAN, TEGALTIRTO, BERBAH, SLEMAN REGENCY, SPECIAL REGION OF YOGYAKARTA 55573","ID_PROV":34,"PROVINSI":"DAERAH ISTIMEWA YOGYAKARTA","ID_KABKOT":34.04,"KABKOT":"SLEMAN","ID_KEC":"34.04.08","KECAMATAN":"BERBAH","ID_DESA":"34.04.08.2002","DESA":"TEGALTIRTO","LATITUDE":-7.7836942,"LONGITUDE":110.4468854,"STATUS":"BUKA","TANGGAL PENGUMPULAN":"Q4 2023","TANGGAL UPDATE":"28/01/2025"}},{"type":"Feature","geometry":{"coordinates":[110.4137698,-7.7831443],"type":"Point"},"properties":{"fid":15944,"NAMA":"INDOMARET LAKSDA ADISUCIPTO NO 211","TIPE_1":"PERDAGANGAN DAN RETAIL","TIPE_2":"MINIMARKET","TIPE_3":"INDOMARET","TELEPON":"","ALAMAT":"JL. RAYA SOLO - YOGYAKARTA JL. RAYA JANTI NO.211, JANTI, CATURTUNGGAL, KEC. DEPOK, KABUPATEN SLEMAN, DAERAH ISTIMEWA YOGYAKARTA 55281","ID_PROV":34,"PROVINSI":"DAERAH ISTIMEWA YOGYAKARTA","ID_KABKOT":34.04,"KABKOT":"SLEMAN","ID_KEC":"34.04.07","KECAMATAN":"DEPOK","ID_DESA":"34.04.07.2001","DESA":"CATURTUNGGAL","LATITUDE":-7.7831443,"LONGITUDE":110.4137698,"STATUS":"BUKA","TANGGAL PENGUMPULAN":"Q4 2023","TANGGAL UPDATE":"28/01/2025"}},{"type":"Feature","geometry":{"coordinates":[110.4769145,-7.7607019],"type":"Point"},"properties":{"fid":15945,"NAMA":"INDOMARET JL SOLO KM 15","TIPE_1":"PERDAGANGAN DAN RETAIL","TIPE_2":"MINIMARKET","TIPE_3":"INDOMARET","TELEPON":"","ALAMAT":"JL. RAYA SOLO - YOGYAKARTA NO.15, KEPATIHAN, TAMANMARTANI, KALASAN, SLEMAN REGENCY, SPECIAL REGION OF YOGYAKARTA 55571","ID_PROV":34,"PROVINSI":"DAERAH ISTIMEWA YOGYAKARTA","ID_KABKOT":34.04,"KABKOT":"SLEMAN","ID_KEC":"34.04.10","KECAMATAN":"KALASAN","ID_DESA":"34.04.10.2003","DESA":"TAMANMARTANI","LATITUDE":-7.7607019,"LONGITUDE":110.4769145,"STATUS":"BUKA","TANGGAL PENGUMPULAN":"Q4 2023","TANGGAL UPDATE":"28/01/2025"}},{"type":"Feature","geometry":{"coordinates":[110.4681875,-7.7711693],"type":"Point"},"properties":{"fid":15947,"NAMA":"INDOMARET TIRTOMARTANI KALASAN","TIPE_1":"PERDAGANGAN DAN RETAIL","TIPE_2":"MINIMARKET","TIPE_3":"INDOMARET","TELEPON":"","ALAMAT":"JL. RAYA SOLO - YOGYAKARTA NO.18, KRAJAN, TIRTOMARTANI, KEC. KALASAN, KABUPATEN SLEMAN, DAERAH ISTIMEWA YOGYAKARTA 55571","ID_PROV":34,"PROVINSI":"DAERAH ISTIMEWA YOGYAKARTA","ID_KABKOT":34.04,"KABKOT":"SLEMAN","ID_KEC":"34.04.10","KECAMATAN":"KALASAN","ID_DESA":"34.04.10.2002","DESA":"TIRTOMARTANI","LATITUDE":-7.7711693,"LONGITUDE":110.4681875,"STATUS":"BUKA","TANGGAL PENGUMPULAN":"Q4 2023","TANGGAL UPDATE":"28/01/2025"}},{"type":"Feature","geometry":{"coordinates":[110.4787458,-7.7590951],"type":"Point"},"properties":{"fid":15949,"NAMA":"ALFAMART KALASAN 2","TIPE_1":"PERDAGANGAN DAN RETAIL","TIPE_2":"MINIMARKET","TIPE_3":"ALFAMART","TELEPON":"0821-1121-0845","ALAMAT":"JL. RAYA SOLO - YOGYAKARTA NO.21, KEPATIHAN, TAMANMARTANI, KEC. KALASAN, KABUPATEN SLEMAN, DAERAH ISTIMEWA YOGYAKARTA 55571","ID_PROV":34,"PROVINSI":"DAERAH ISTIMEWA YOGYAKARTA","ID_KABKOT":34.04,"KABKOT":"SLEMAN","ID_KEC":"34.04.10","KECAMATAN":"KALASAN","ID_DESA":"34.04.10.2003","DESA":"TAMANMARTANI","LATITUDE":-7.7590951,"LONGITUDE":110.4787458,"STATUS":"BUKA","TANGGAL PENGUMPULAN":"Q4 2023","TANGGAL UPDATE":"28/01/2025"}},{"type":"Feature","geometry":{"coordinates":[110.454206,-7.779845],"type":"Point"},"properties":{"fid":15953,"NAMA":"INDOMARET JL SOLO KM 115","TIPE_1":"PERDAGANGAN DAN RETAIL","TIPE_2":"MINIMARKET","TIPE_3":"INDOMARET","TELEPON":"","ALAMAT":"JL. RAYA SOLO - YOGYAKARTA NO.KM 11, RW.5, MANGUNAN, KALITIRTO, KEC. BERBAH, KABUPATEN SLEMAN, DAERAH ISTIMEWA YOGYAKARTA 55571","ID_PROV":34,"PROVINSI":"DAERAH ISTIMEWA YOGYAKARTA","ID_KABKOT":34.04,"KABKOT":"SLEMAN","ID_KEC":"34.04.08","KECAMATAN":"BERBAH","ID_DESA":"34.04.08.2003","DESA":"KALITIRTO","LATITUDE":-7.779845,"LONGITUDE":110.454206,"STATUS":"BUKA","TANGGAL PENGUMPULAN":"Q4 2023","TANGGAL UPDATE":"28/01/2025"}},{"type":"Feature","geometry":{"coordinates":[110.4458976,-7.7833945],"type":"Point"},"properties":{"fid":15957,"NAMA":"INDOMARET JOGJA  SOLO KM 105","TIPE_1":"PERDAGANGAN DAN RETAIL","TIPE_2":"MINIMARKET","TIPE_3":"INDOMARET","TELEPON":"","ALAMAT":"JL. RAYA SOLO - YOGYAKARTA, JUWANGEN, PURWOMARTANI, KEC. KALASAN, KABUPATEN SLEMAN, DAERAH ISTIMEWA YOGYAKARTA 55571","ID_PROV":34,"PROVINSI":"DAERAH ISTIMEWA YOGYAKARTA","ID_KABKOT":34.04,"KABKOT":"SLEMAN","ID_KEC":"34.04.10","KECAMATAN":"KALASAN","ID_DESA":"34.04.10.2001","DESA":"PURWOMARTANI","LATITUDE":-7.7833945,"LONGITUDE":110.4458976,"STATUS":"BUKA","TANGGAL PENGUMPULAN":"Q4 2023","TANGGAL UPDATE":"28/01/2025"}},{"type":"Feature","geometry":{"coordinates":[110.4449585,-7.7833645],"type":"Point"},"properties":{"fid":15958,"NAMA":"INDOMARET KALASAN","TIPE_1":"PERDAGANGAN DAN RETAIL","TIPE_2":"MINIMARKET","TIPE_3":"INDOMARET","TELEPON":"","ALAMAT":"JL. RAYA SOLO - YOGYAKARTA, JUWANGEN, PURWOMARTANI, KEC. KALASAN, KABUPATEN SLEMAN, DAERAH ISTIMEWA YOGYAKARTA 55571","ID_PROV":34,"PROVINSI":"DAERAH ISTIMEWA YOGYAKARTA","ID_KABKOT":34.04,"KABKOT":"SLEMAN","ID_KEC":"34.04.10","KECAMATAN":"KALASAN","ID_DESA":"34.04.10.2001","DESA":"PURWOMARTANI","LATITUDE":-7.7833645,"LONGITUDE":110.4449585,"STATUS":"BUKA","TANGGAL PENGUMPULAN":"Q4 2023","TANGGAL UPDATE":"28/01/2025"}},{"type":"Feature","geometry":{"coordinates":[110.4237781,-7.7835356],"type":"Point"},"properties":{"fid":15959,"NAMA":"CIRCLE K JL SOLO KM 8","TIPE_1":"PERDAGANGAN DAN RETAIL","TIPE_2":"MINIMARKET","TIPE_3":"CIRCLE K","TELEPON":"(0274) 7461332","ALAMAT":"JL. RAYA SOLO - YOGYAKARTA, KALONGAN, MAGUWOHARJO, KEC. DEPOK, KABUPATEN SLEMAN, DAERAH ISTIMEWA YOGYAKARTA 55282","ID_PROV":34,"PROVINSI":"DAERAH ISTIMEWA YOGYAKARTA","ID_KABKOT":34.04,"KABKOT":"SLEMAN","ID_KEC":"34.04.07","KECAMATAN":"DEPOK","ID_DESA":"34.04.07.2002","DESA":"MAGUWOHARJO","LATITUDE":-7.7835356,"LONGITUDE":110.4237781,"STATUS":"BUKA","TANGGAL PENGUMPULAN":"Q4 2023","TANGGAL UPDATE":"28/01/2025"}},{"type":"Feature","geometry":{"coordinates":[110.4406889,-7.7833773],"type":"Point"},"properties":{"fid":15964,"NAMA":"CIRCLE K SOROGENEN I","TIPE_1":"PERDAGANGAN DAN RETAIL","TIPE_2":"MINIMARKET","TIPE_3":"CIRCLE K","TELEPON":"(0274) 7461348","ALAMAT":"JL. RAYA SOLO - YOGYAKARTA, SOROGENAN I, PURWOMARTANI, KEC. KALASAN, KABUPATEN SLEMAN, DAERAH ISTIMEWA YOGYAKARTA 55282","ID_PROV":34,"PROVINSI":"DAERAH ISTIMEWA YOGYAKARTA","ID_KABKOT":34.04,"KABKOT":"SLEMAN","ID_KEC":"34.04.10","KECAMATAN":"KALASAN","ID_DESA":"34.04.10.2001","DESA":"PURWOMARTANI","LATITUDE":-7.7833773,"LONGITUDE":110.4406889,"STATUS":"BUKA","TANGGAL PENGUMPULAN":"Q4 2023","TANGGAL UPDATE":"28/01/2025"}},{"type":"Feature","geometry":{"coordinates":[110.4346773,-7.7493007],"type":"Point"},"properties":{"fid":16076,"NAMA":"ALFAMART","TIPE_1":"PERDAGANGAN DAN RETAIL","TIPE_2":"MINIMARKET","TIPE_3":"ALFAMART","TELEPON":"1 500 959","ALAMAT":"JL. RAYA TAJEM DUSUN, RT.02/RW.30, TAJEM, KEL.MAGUWOREJO, DEPOK, SLEMAN REGENCY, SPECIAL REGION OF YOGYAKARTA 55282","ID_PROV":34,"PROVINSI":"DAERAH ISTIMEWA YOGYAKARTA","ID_KABKOT":34.04,"KABKOT":"SLEMAN","ID_KEC":"34.04.07","KECAMATAN":"DEPOK","ID_DESA":"34.04.07.2002","DESA":"MAGUWOHARJO","LATITUDE":-7.7493007,"LONGITUDE":110.4346773,"STATUS":"BUKA","TANGGAL PENGUMPULAN":"Q4 2023","TANGGAL UPDATE":"28/01/2025"}},{"type":"Feature","geometry":{"coordinates":[110.4413431,-7.7535218],"type":"Point"},"properties":{"fid":16077,"NAMA":"ALFAMART KADISOKO","TIPE_1":"PERDAGANGAN DAN RETAIL","TIPE_2":"MINIMARKET","TIPE_3":"ALFAMART","TELEPON":"1 500 959","ALAMAT":"JL. RAYA TAJEM JL. KADISOKA, RT.01/RW.01, KADISOKO, PURWOMARTANI, KEC. KALASAN, KABUPATEN SLEMAN, DAERAH ISTIMEWA YOGYAKARTA 55571","ID_PROV":34,"PROVINSI":"DAERAH ISTIMEWA YOGYAKARTA","ID_KABKOT":34.04,"KABKOT":"SLEMAN","ID_KEC":"34.04.10","KECAMATAN":"KALASAN","ID_DESA":"34.04.10.2001","DESA":"PURWOMARTANI","LATITUDE":-7.7535218,"LONGITUDE":110.4413431,"STATUS":"BUKA","TANGGAL PENGUMPULAN":"Q4 2023","TANGGAL UPDATE":"28/01/2025"}},{"type":"Feature","geometry":{"coordinates":[110.4346025,-7.7505697],"type":"Point"},"properties":{"fid":16078,"NAMA":"INDOMARET TAJEM","TIPE_1":"PERDAGANGAN DAN RETAIL","TIPE_2":"MINIMARKET","TIPE_3":"INDOMARET","TELEPON":"","ALAMAT":"JL. RAYA TAJEM NO.32, TAJEM, MAGUWOHARJO, KEC. DEPOK, KABUPATEN SLEMAN, DAERAH ISTIMEWA YOGYAKARTA 55281","ID_PROV":34,"PROVINSI":"DAERAH ISTIMEWA YOGYAKARTA","ID_KABKOT":34.04,"KABKOT":"SLEMAN","ID_KEC":"34.04.07","KECAMATAN":"DEPOK","ID_DESA":"34.04.07.2002","DESA":"MAGUWOHARJO","LATITUDE":-7.7505697,"LONGITUDE":110.4346025,"STATUS":"BUKA","TANGGAL PENGUMPULAN":"Q4 2023","TANGGAL UPDATE":"28/01/2025"}},{"type":"Feature","geometry":{"coordinates":[110.4331874,-7.7539446],"type":"Point"},"properties":{"fid":16079,"NAMA":"TOKOKU","TIPE_1":"PERDAGANGAN DAN RETAIL","TIPE_2":"MINIMARKET","TIPE_3":"LAINNYA","TELEPON":"0857-5442-1213","ALAMAT":"JL. RAYA TAJEM NO.46, DENOKAN, MAGUWOHARJO, KEC. DEPOK, KABUPATEN SLEMAN, DAERAH ISTIMEWA YOGYAKARTA 55281","ID_PROV":34,"PROVINSI":"DAERAH ISTIMEWA YOGYAKARTA","ID_KABKOT":34.04,"KABKOT":"SLEMAN","ID_KEC":"34.04.07","KECAMATAN":"DEPOK","ID_DESA":"34.04.07.2002","DESA":"MAGUWOHARJO","LATITUDE":-7.7539446,"LONGITUDE":110.4331874,"STATUS":"BUKA","TANGGAL PENGUMPULAN":"Q4 2023","TANGGAL UPDATE":"28/01/2025"}},{"type":"Feature","geometry":{"coordinates":[110.4347799,-7.735886],"type":"Point"},"properties":{"fid":16080,"NAMA":"ALFAMART WEDOMARTANI","TIPE_1":"PERDAGANGAN DAN RETAIL","TIPE_2":"MINIMARKET","TIPE_3":"ALFAMART","TELEPON":"","ALAMAT":"JL. RAYA TAJEM, KENAYAN, WEDOMARTANI, KEC. NGEMPLAK, KABUPATEN SLEMAN, DAERAH ISTIMEWA YOGYAKARTA 55584","ID_PROV":34,"PROVINSI":"DAERAH ISTIMEWA YOGYAKARTA","ID_KABKOT":34.04,"KABKOT":"SLEMAN","ID_KEC":"34.04.11","KECAMATAN":"NGEMPLAK","ID_DESA":"34.04.11.2004","DESA":"WEDOMARTANI","LATITUDE":-7.735886,"LONGITUDE":110.4347799,"STATUS":"BUKA","TANGGAL PENGUMPULAN":"Q4 2023","TANGGAL UPDATE":"28/01/2025"}},{"type":"Feature","geometry":{"coordinates":[110.4342708,-7.7390798],"type":"Point"},"properties":{"fid":16081,"NAMA":"INDOMARET TAJEM KM 5","TIPE_1":"PERDAGANGAN DAN RETAIL","TIPE_2":"MINIMARKET","TIPE_3":"INDOMARET","TELEPON":"","ALAMAT":"JL. RAYA TAJEM, KENAYAN, WEDOMARTANI, KEC. NGEMPLAK, KABUPATEN SLEMAN, DAERAH ISTIMEWA YOGYAKARTA 55584","ID_PROV":34,"PROVINSI":"DAERAH ISTIMEWA YOGYAKARTA","ID_KABKOT":34.04,"KABKOT":"SLEMAN","ID_KEC":"34.04.11","KECAMATAN":"NGEMPLAK","ID_DESA":"34.04.11.2004","DESA":"WEDOMARTANI","LATITUDE":-7.7390798,"LONGITUDE":110.4342708,"STATUS":"BUKA","TANGGAL PENGUMPULAN":"Q4 2023","TANGGAL UPDATE":"28/01/2025"}},{"type":"Feature","geometry":{"coordinates":[110.4345577,-7.735879],"type":"Point"},"properties":{"fid":16082,"NAMA":"INDOMARET WEDOMARTANI","TIPE_1":"PERDAGANGAN DAN RETAIL","TIPE_2":"MINIMARKET","TIPE_3":"INDOMARET","TELEPON":"0857-4001-1654","ALAMAT":"JL. RAYA TAJEM, KENAYAN, WEDOMARTANI, KEC. NGEMPLAK, KABUPATEN SLEMAN, DAERAH ISTIMEWA YOGYAKARTA 55584","ID_PROV":34,"PROVINSI":"DAERAH ISTIMEWA YOGYAKARTA","ID_KABKOT":34.04,"KABKOT":"SLEMAN","ID_KEC":"34.04.11","KECAMATAN":"NGEMPLAK","ID_DESA":"34.04.11.2004","DESA":"WEDOMARTANI","LATITUDE":-7.735879,"LONGITUDE":110.4345577,"STATUS":"BUKA","TANGGAL PENGUMPULAN":"Q4 2023","TANGGAL UPDATE":"28/01/2025"}},{"type":"Feature","geometry":{"coordinates":[110.4355931,-7.7407347],"type":"Point"},"properties":{"fid":16083,"NAMA":"MELLA TAJEM","TIPE_1":"PERDAGANGAN DAN RETAIL","TIPE_2":"MINIMARKET","TIPE_3":"LAINNYA","TELEPON":"0857-2603-2703","ALAMAT":"JL. RAYA TAJEM, KENAYAN, WEDOMARTANI, KEC. NGEMPLAK, KABUPATEN SLEMAN, DAERAH ISTIMEWA YOGYAKARTA 55584","ID_PROV":34,"PROVINSI":"DAERAH ISTIMEWA YOGYAKARTA","ID_KABKOT":34.04,"KABKOT":"SLEMAN","ID_KEC":"34.04.11","KECAMATAN":"NGEMPLAK","ID_DESA":"34.04.11.2004","DESA":"WEDOMARTANI","LATITUDE":-7.7407347,"LONGITUDE":110.4355931,"STATUS":"BUKA","TANGGAL PENGUMPULAN":"Q4 2023","TANGGAL UPDATE":"28/01/2025"}},{"type":"Feature","geometry":{"coordinates":[110.4074498,-7.6607561],"type":"Point"},"properties":{"fid":16201,"NAMA":"ALFAMART HARJOBINANGUN SLEMAN","TIPE_1":"PERDAGANGAN DAN RETAIL","TIPE_2":"MINIMARKET","TIPE_3":"ALFAMART","TELEPON":"0821-7589-2981","ALAMAT":"JL. RAYA TURI NO.23, PLEMBON, PAKEMBINANGUN, KEC. PAKEM, KABUPATEN SLEMAN, DAERAH ISTIMEWA YOGYAKARTA 55582","ID_PROV":34,"PROVINSI":"DAERAH ISTIMEWA YOGYAKARTA","ID_KABKOT":34.04,"KABKOT":"SLEMAN","ID_KEC":"34.04.16","KECAMATAN":"PAKEM","ID_DESA":"34.04.16.2003","DESA":"HARJOBINANGUN","LATITUDE":-7.6607561,"LONGITUDE":110.4074498,"STATUS":"BUKA","TANGGAL PENGUMPULAN":"Q4 2023","TANGGAL UPDATE":"28/01/2025"}},{"type":"Feature","geometry":{"coordinates":[110.4311645,-7.7713583],"type":"Point"},"properties":{"fid":16375,"NAMA":"INDOMARET RING ROAD UTARA GONDANGAN","TIPE_1":"PERDAGANGAN DAN RETAIL","TIPE_2":"MINIMARKET","TIPE_3":"INDOMARET","TELEPON":"","ALAMAT":"JL. RING ROAD UTARA NO.10, GONDANGAN, RINGINSARI, MAGUWOHARJO, KEC. DEPOK, KABUPATEN SLEMAN, DAERAH ISTIMEWA YOGYAKARTA 55282","ID_PROV":34,"PROVINSI":"DAERAH ISTIMEWA YOGYAKARTA","ID_KABKOT":34.04,"KABKOT":"SLEMAN","ID_KEC":"34.04.07","KECAMATAN":"DEPOK","ID_DESA":"34.04.07.2002","DESA":"MAGUWOHARJO","LATITUDE":-7.7713583,"LONGITUDE":110.4311645,"STATUS":"BUKA","TANGGAL PENGUMPULAN":"Q4 2023","TANGGAL UPDATE":"28/01/2025"}},{"type":"Feature","geometry":{"coordinates":[110.4059856,-7.7597196],"type":"Point"},"properties":{"fid":16376,"NAMA":"ALFAMART AMPEL GADING","TIPE_1":"PERDAGANGAN DAN RETAIL","TIPE_2":"MINIMARKET","TIPE_3":"ALFAMART","TELEPON":"1 500 959","ALAMAT":"JL. RING ROAD UTARA NO.KEL, PERUMNAS CONDONG CATUR, CONDONGCATUR, DEPOK, SLEMAN REGENCY, SPECIAL REGION OF YOGYAKARTA 55283","ID_PROV":34,"PROVINSI":"DAERAH ISTIMEWA YOGYAKARTA","ID_KABKOT":34.04,"KABKOT":"SLEMAN","ID_KEC":"34.04.07","KECAMATAN":"DEPOK","ID_DESA":"34.04.07.2003","DESA":"CONDONGCATUR","LATITUDE":-7.7597196,"LONGITUDE":110.4059856,"STATUS":"BUKA","TANGGAL PENGUMPULAN":"Q4 2023","TANGGAL UPDATE":"28/01/2025"}},{"type":"Feature","geometry":{"coordinates":[110.3988823,-7.7608998],"type":"Point"},"properties":{"fid":16377,"NAMA":"HYPERMART PAKUWON MALL YOGYAKARTA","TIPE_1":"PERDAGANGAN DAN RETAIL","TIPE_2":"MINIMARKET","TIPE_3":"LAINNYA","TELEPON":"(0274) 2924044","ALAMAT":"JL. RING ROAD UTARA, KALIWARU, CONDONGCATUR, KEC. DEPOK, KABUPATEN SLEMAN, DAERAH ISTIMEWA YOGYAKARTA 55283","ID_PROV":34,"PROVINSI":"DAERAH ISTIMEWA YOGYAKARTA","ID_KABKOT":34.04,"KABKOT":"SLEMAN","ID_KEC":"34.04.07","KECAMATAN":"DEPOK","ID_DESA":"34.04.07.2003","DESA":"CONDONGCATUR","LATITUDE":-7.7608998,"LONGITUDE":110.3988823,"STATUS":"BUKA","TANGGAL PENGUMPULAN":"Q4 2023","TANGGAL UPDATE":"28/01/2025"}},{"type":"Feature","geometry":{"coordinates":[110.4331665,-7.7667417],"type":"Point"},"properties":{"fid":16378,"NAMA":"LOTTE GROSIR","TIPE_1":"PERDAGANGAN DAN RETAIL","TIPE_2":"MINIMARKET","TIPE_3":"LAINNYA","TELEPON":"(0274) 4462616","ALAMAT":"JL. RING ROAD UTARA, MEGUWO, MAGUWOHARJO, KEC. DEPOK, KABUPATEN SLEMAN, DAERAH ISTIMEWA YOGYAKARTA 55282","ID_PROV":34,"PROVINSI":"DAERAH ISTIMEWA YOGYAKARTA","ID_KABKOT":34.04,"KABKOT":"SLEMAN","ID_KEC":"34.04.07","KECAMATAN":"DEPOK","ID_DESA":"34.04.07.2002","DESA":"MAGUWOHARJO","LATITUDE":-7.7667417,"LONGITUDE":110.4331665,"STATUS":"BUKA","TANGGAL PENGUMPULAN":"Q4 2023","TANGGAL UPDATE":"28/01/2025"}},{"type":"Feature","geometry":{"coordinates":[110.3704561,-7.7513172],"type":"Point"},"properties":{"fid":16379,"NAMA":"INDOMARET RING ROAD MONJALI","TIPE_1":"PERDAGANGAN DAN RETAIL","TIPE_2":"MINIMARKET","TIPE_3":"INDOMARET","TELEPON":"","ALAMAT":"JL. RING ROAD UTARA, NANDAN, SARIHARJO, KEC. NGAGLIK, KABUPATEN SLEMAN, DAERAH ISTIMEWA YOGYAKARTA 55581","ID_PROV":34,"PROVINSI":"DAERAH ISTIMEWA YOGYAKARTA","ID_KABKOT":34.04,"KABKOT":"SLEMAN","ID_KEC":"34.04.12","KECAMATAN":"NGAGLIK","ID_DESA":"34.04.12.2001","DESA":"SARIHARJO","LATITUDE":-7.7513172,"LONGITUDE":110.3704561,"STATUS":"BUKA","TANGGAL PENGUMPULAN":"Q4 2023","TANGGAL UPDATE":"28/01/2025"}},{"type":"Feature","geometry":{"coordinates":[110.4194998,-7.7631722],"type":"Point"},"properties":{"fid":16387,"NAMA":"INDOMARET CASA GRANDE","TIPE_1":"PERDAGANGAN DAN RETAIL","TIPE_2":"MINIMARKET","TIPE_3":"INDOMARET","TELEPON":"1 500 580","ALAMAT":"JL. RINGROAD UTARA KOMPLEK CASAGRANDE RUKO NO 4-5, MAGUWOHARJO, DEPOK, JL. RING ROAD UTARA, JENENGAN, MAGUWOHARJO, SLEMAN, KABUPATEN SLEMAN, DAERAH ISTIMEWA YOGYAKARTA 55282","ID_PROV":34,"PROVINSI":"DAERAH ISTIMEWA YOGYAKARTA","ID_KABKOT":34.04,"KABKOT":"SLEMAN","ID_KEC":"34.04.07","KECAMATAN":"DEPOK","ID_DESA":"34.04.07.2002","DESA":"MAGUWOHARJO","LATITUDE":-7.7631722,"LONGITUDE":110.4194998,"STATUS":"BUKA","TANGGAL PENGUMPULAN":"Q4 2023","TANGGAL UPDATE":"28/01/2025"}},{"type":"Feature","geometry":{"coordinates":[110.4487065,-7.7647818],"type":"Point"},"properties":{"fid":16451,"NAMA":"ALFAMART SAMBI SARI","TIPE_1":"PERDAGANGAN DAN RETAIL","TIPE_2":"MINIMARKET","TIPE_3":"ALFAMART","TELEPON":"1 500 959","ALAMAT":"JL. RUKO CANDI SAMBISARI DSN.SAMBISARI, RT.01/RW.01, KADIROJO II, PURWOMARTANI, KEC. KALASAN, KABUPATEN SLEMAN, DAERAH ISTIMEWA YOGYAKARTA 55571","ID_PROV":34,"PROVINSI":"DAERAH ISTIMEWA YOGYAKARTA","ID_KABKOT":34.04,"KABKOT":"SLEMAN","ID_KEC":"34.04.10","KECAMATAN":"KALASAN","ID_DESA":"34.04.10.2001","DESA":"PURWOMARTANI","LATITUDE":-7.7647818,"LONGITUDE":110.4487065,"STATUS":"BUKA","TANGGAL PENGUMPULAN":"Q4 2023","TANGGAL UPDATE":"28/01/2025"}},{"type":"Feature","geometry":{"coordinates":[110.4419588,-7.8044951],"type":"Point"},"properties":{"fid":16592,"NAMA":"ALFAMART SANGGRAHAN","TIPE_1":"PERDAGANGAN DAN RETAIL","TIPE_2":"MINIMARKET","TIPE_3":"ALFAMART","TELEPON":"1 500 959","ALAMAT":"JL. SANGGRAHAN-BERBAH, BERBAH, TEGALTIRTO, KEC. BERBAH, KABUPATEN SLEMAN, DAERAH ISTIMEWA YOGYAKARTA 55573","ID_PROV":34,"PROVINSI":"DAERAH ISTIMEWA YOGYAKARTA","ID_KABKOT":34.04,"KABKOT":"SLEMAN","ID_KEC":"34.04.08","KECAMATAN":"BERBAH","ID_DESA":"34.04.08.2002","DESA":"TEGALTIRTO","LATITUDE":-7.8044951,"LONGITUDE":110.4419588,"STATUS":"BUKA","TANGGAL PENGUMPULAN":"Q4 2023","TANGGAL UPDATE":"28/01/2025"}},{"type":"Feature","geometry":{"coordinates":[110.4102793,-7.7681996],"type":"Point"},"properties":{"fid":16943,"NAMA":"CIRCLE K SETURAN YKPN","TIPE_1":"PERDAGANGAN DAN RETAIL","TIPE_2":"MINIMARKET","TIPE_3":"CIRCLE K","TELEPON":"0817-6903-638","ALAMAT":"JL. SETURAN RAYA NO.081 327, RW.588KLEDOKAN, KLEDOKAN, CATURTUNGGAL, KEC. DEPOK, KABUPATEN SLEMAN, DAERAH ISTIMEWA YOGYAKARTA 55281","ID_PROV":34,"PROVINSI":"DAERAH ISTIMEWA YOGYAKARTA","ID_KABKOT":34.04,"KABKOT":"SLEMAN","ID_KEC":"34.04.07","KECAMATAN":"DEPOK","ID_DESA":"34.04.07.2001","DESA":"CATURTUNGGAL","LATITUDE":-7.7681996,"LONGITUDE":110.4102793,"STATUS":"BUKA","TANGGAL PENGUMPULAN":"Q4 2023","TANGGAL UPDATE":"28/01/2025"}},{"type":"Feature","geometry":{"coordinates":[110.4095507,-7.7717332],"type":"Point"},"properties":{"fid":16944,"NAMA":"CIRCLE K SETURAN","TIPE_1":"PERDAGANGAN DAN RETAIL","TIPE_2":"MINIMARKET","TIPE_3":"CIRCLE K","TELEPON":"0818-156-662","ALAMAT":"JL. SETURAN RAYA NO.88, KLEDOKAN, CATURTUNGGAL, KEC. DEPOK, KABUPATEN SLEMAN, DAERAH ISTIMEWA YOGYAKARTA 55281","ID_PROV":34,"PROVINSI":"DAERAH ISTIMEWA YOGYAKARTA","ID_KABKOT":34.04,"KABKOT":"SLEMAN","ID_KEC":"34.04.07","KECAMATAN":"DEPOK","ID_DESA":"34.04.07.2001","DESA":"CATURTUNGGAL","LATITUDE":-7.7717332,"LONGITUDE":110.4095507,"STATUS":"BUKA","TANGGAL PENGUMPULAN":"Q4 2023","TANGGAL UPDATE":"28/01/2025"}},{"type":"Feature","geometry":{"coordinates":[110.4098586,-7.7692811],"type":"Point"},"properties":{"fid":16945,"NAMA":"ALFAMART","TIPE_1":"PERDAGANGAN DAN RETAIL","TIPE_2":"MINIMARKET","TIPE_3":"ALFAMART","TELEPON":"(021) 1500959","ALAMAT":"JL. SETURAN RAYA NO.KEL BLOK C NO.5, KLEDOKAN, CATURTUNGGAL, KEC. DEPOK, KABUPATEN SLEMAN, DAERAH ISTIMEWA YOGYAKARTA 55281","ID_PROV":34,"PROVINSI":"DAERAH ISTIMEWA YOGYAKARTA","ID_KABKOT":34.04,"KABKOT":"SLEMAN","ID_KEC":"34.04.07","KECAMATAN":"DEPOK","ID_DESA":"34.04.07.2001","DESA":"CATURTUNGGAL","LATITUDE":-7.7692811,"LONGITUDE":110.4098586,"STATUS":"BUKA","TANGGAL PENGUMPULAN":"Q4 2023","TANGGAL UPDATE":"28/01/2025"}},{"type":"Feature","geometry":{"coordinates":[110.4112678,-7.7644274],"type":"Point"},"properties":{"fid":16946,"NAMA":"BETA SWALAYAN & BAKERY","TIPE_1":"PERDAGANGAN DAN RETAIL","TIPE_2":"MINIMARKET","TIPE_3":"LAINNYA","TELEPON":"","ALAMAT":"JL. SETURAN RAYA, KLEDOKAN, CATURTUNGGAL, KEC. DEPOK, KABUPATEN SLEMAN, DAERAH ISTIMEWA YOGYAKARTA 55281","ID_PROV":34,"PROVINSI":"DAERAH ISTIMEWA YOGYAKARTA","ID_KABKOT":34.04,"KABKOT":"SLEMAN","ID_KEC":"34.04.07","KECAMATAN":"DEPOK","ID_DESA":"34.04.07.2001","DESA":"CATURTUNGGAL","LATITUDE":-7.7644274,"LONGITUDE":110.4112678,"STATUS":"BUKA","TANGGAL PENGUMPULAN":"Q4 2023","TANGGAL UPDATE":"28/01/2025"}},{"type":"Feature","geometry":{"coordinates":[110.3233422,-7.7846692],"type":"Point"},"properties":{"fid":16969,"NAMA":"INDOMARET SIDOARUM SELATAN","TIPE_1":"PERDAGANGAN DAN RETAIL","TIPE_2":"MINIMARKET","TIPE_3":"INDOMARET","TELEPON":"(0274) 4546599","ALAMAT":"JL. SIDOARUM - BANTULAN, MEJING WETAN, AMBARKETAWANG, KEC. GAMPING, KABUPATEN SLEMAN, DAERAH ISTIMEWA YOGYAKARTA 55294","ID_PROV":34,"PROVINSI":"DAERAH ISTIMEWA YOGYAKARTA","ID_KABKOT":34.04,"KABKOT":"SLEMAN","ID_KEC":"34.04.01","KECAMATAN":"GAMPING","ID_DESA":"34.04.01.2002","DESA":"AMBARKETAWANG","LATITUDE":-7.7846692,"LONGITUDE":110.3233422,"STATUS":"BUKA","TANGGAL PENGUMPULAN":"Q4 2023","TANGGAL UPDATE":"28/01/2025"}},{"type":"Feature","geometry":{"coordinates":[110.3225985,-7.7940446],"type":"Point"},"properties":{"fid":16970,"NAMA":"INDOMARET AMBARKETAWANG","TIPE_1":"PERDAGANGAN DAN RETAIL","TIPE_2":"MINIMARKET","TIPE_3":"INDOMARET","TELEPON":"(0274) 6499748","ALAMAT":"JL. SIDOARUM - BANTULAN, PATUKAN, AMBARKETAWANG, KEC. GAMPING, KABUPATEN SLEMAN, DAERAH ISTIMEWA YOGYAKARTA 55294","ID_PROV":34,"PROVINSI":"DAERAH ISTIMEWA YOGYAKARTA","ID_KABKOT":34.04,"KABKOT":"SLEMAN","ID_KEC":"34.04.01","KECAMATAN":"GAMPING","ID_DESA":"34.04.01.2002","DESA":"AMBARKETAWANG","LATITUDE":-7.7940446,"LONGITUDE":110.3225985,"STATUS":"BUKA","TANGGAL PENGUMPULAN":"Q4 2023","TANGGAL UPDATE":"28/01/2025"}},{"type":"Feature","geometry":{"coordinates":[110.3230419,-7.7849046],"type":"Point"},"properties":{"fid":16971,"NAMA":"ALFAMART AMBARKETAWANG 1","TIPE_1":"PERDAGANGAN DAN RETAIL","TIPE_2":"MINIMARKET","TIPE_3":"ALFAMART","TELEPON":"1 500 959","ALAMAT":"JL. SIDOARUM-GAMPING NO.KEL, RT.02/RW.03, BANTULAN, KETAWANG, GAMPING, SLEMAN REGENCY, SPECIAL REGION OF YOGYAKARTA 55294","ID_PROV":34,"PROVINSI":"DAERAH ISTIMEWA YOGYAKARTA","ID_KABKOT":34.04,"KABKOT":"SLEMAN","ID_KEC":"34.04.01","KECAMATAN":"GAMPING","ID_DESA":"34.04.01.2002","DESA":"AMBARKETAWANG","LATITUDE":-7.7849046,"LONGITUDE":110.3230419,"STATUS":"BUKA","TANGGAL PENGUMPULAN":"Q4 2023","TANGGAL UPDATE":"28/01/2025"}},{"type":"Feature","geometry":{"coordinates":[110.3205406,-7.7612728],"type":"Point"},"properties":{"fid":16977,"NAMA":"INDOMARET SIDOMOYO","TIPE_1":"PERDAGANGAN DAN RETAIL","TIPE_2":"MINIMARKET","TIPE_3":"INDOMARET","TELEPON":"0811-2517-550","ALAMAT":"JL. SIDOMOYO NO.KM.1, TEGALAN, SIDOMOYO, KEC. GODEAN, KABUPATEN SLEMAN, DAERAH ISTIMEWA YOGYAKARTA 55264","ID_PROV":34,"PROVINSI":"DAERAH ISTIMEWA YOGYAKARTA","ID_KABKOT":34.04,"KABKOT":"SLEMAN","ID_KEC":"34.04.02","KECAMATAN":"GODEAN","ID_DESA":"34.04.02.2007","DESA":"SIDOMOYO","LATITUDE":-7.7612728,"LONGITUDE":110.3205406,"STATUS":"BUKA","TANGGAL PENGUMPULAN":"Q4 2023","TANGGAL UPDATE":"28/01/2025"}},{"type":"Feature","geometry":{"coordinates":[110.3202857,-7.761313],"type":"Point"},"properties":{"fid":16978,"NAMA":"ALFAMART SIDOMOYO","TIPE_1":"PERDAGANGAN DAN RETAIL","TIPE_2":"MINIMARKET","TIPE_3":"ALFAMART","TELEPON":"1 500 959","ALAMAT":"JL. SIDOMOYO, RT.01/RW.12, KARAKAN, SIDOMOYO, GODEAN, SLEMAN REGENCY, SPECIAL REGION OF YOGYAKARTA 55564","ID_PROV":34,"PROVINSI":"DAERAH ISTIMEWA YOGYAKARTA","ID_KABKOT":34.04,"KABKOT":"SLEMAN","ID_KEC":"34.04.02","KECAMATAN":"GODEAN","ID_DESA":"34.04.02.2007","DESA":"SIDOMOYO","LATITUDE":-7.761313,"LONGITUDE":110.3202857,"STATUS":"BUKA","TANGGAL PENGUMPULAN":"Q4 2023","TANGGAL UPDATE":"28/01/2025"}},{"type":"Feature","geometry":{"coordinates":[110.4467382,-7.7837114],"type":"Point"},"properties":{"fid":17264,"NAMA":"INDOMARET TEGALTIRTO","TIPE_1":"PERDAGANGAN DAN RETAIL","TIPE_2":"MINIMARKET","TIPE_3":"INDOMARET","TELEPON":"0816-500-580","ALAMAT":"JL. SOLO KM.10JAGALAN RT.09/03, TEGAL TIRTO, BERBAH, TEGALTIRTO, BERBAH, TEGALTIRTO, KEC. BERBAH, KABUPATEN SLEMAN, DAERAH ISTIMEWA YOGYAKARTA 55573","ID_PROV":34,"PROVINSI":"DAERAH ISTIMEWA YOGYAKARTA","ID_KABKOT":34.04,"KABKOT":"SLEMAN","ID_KEC":"34.04.08","KECAMATAN":"BERBAH","ID_DESA":"34.04.08.2002","DESA":"TEGALTIRTO","LATITUDE":-7.7837114,"LONGITUDE":110.4467382,"STATUS":"BUKA","TANGGAL PENGUMPULAN":"Q4 2023","TANGGAL UPDATE":"28/01/2025"}},{"type":"Feature","geometry":{"coordinates":[110.4376366,-7.7841255],"type":"Point"},"properties":{"fid":17265,"NAMA":"UTAMA SWALAYAN","TIPE_1":"PERDAGANGAN DAN RETAIL","TIPE_2":"MINIMARKET","TIPE_3":"LAINNYA","TELEPON":"(0274) 488056","ALAMAT":"JL. SOLO KM.9 NO.8, KARANGPLOSO, MAGUWOHARJO, KEC. DEPOK, KABUPATEN SLEMAN, DAERAH ISTIMEWA YOGYAKARTA 55281","ID_PROV":34,"PROVINSI":"DAERAH ISTIMEWA YOGYAKARTA","ID_KABKOT":34.04,"KABKOT":"SLEMAN","ID_KEC":"34.04.07","KECAMATAN":"DEPOK","ID_DESA":"34.04.07.2002","DESA":"MAGUWOHARJO","LATITUDE":-7.7841255,"LONGITUDE":110.4376366,"STATUS":"BUKA","TANGGAL PENGUMPULAN":"Q4 2023","TANGGAL UPDATE":"28/01/2025"}},{"type":"Feature","geometry":{"coordinates":[110.4635357,-7.7747109],"type":"Point"},"properties":{"fid":17266,"NAMA":"INDOMARET JL SOLOKALASAN","TIPE_1":"PERDAGANGAN DAN RETAIL","TIPE_2":"MINIMARKET","TIPE_3":"INDOMARET","TELEPON":"","ALAMAT":"JL. SOLO NO.13, KRINGINAN, TIRTOMARTANI, KEC. KALASAN, KABUPATEN SLEMAN, DAERAH ISTIMEWA YOGYAKARTA 55571","ID_PROV":34,"PROVINSI":"DAERAH ISTIMEWA YOGYAKARTA","ID_KABKOT":34.04,"KABKOT":"SLEMAN","ID_KEC":"34.04.10","KECAMATAN":"KALASAN","ID_DESA":"34.04.10.2002","DESA":"TIRTOMARTANI","LATITUDE":-7.7747109,"LONGITUDE":110.4635357,"STATUS":"BUKA","TANGGAL PENGUMPULAN":"Q4 2023","TANGGAL UPDATE":"28/01/2025"}},{"type":"Feature","geometry":{"coordinates":[110.4273696,-7.7836678],"type":"Point"},"properties":{"fid":17267,"NAMA":"ALFAMART KALONGAN SLEMAN","TIPE_1":"PERDAGANGAN DAN RETAIL","TIPE_2":"MINIMARKET","TIPE_3":"ALFAMART","TELEPON":"","ALAMAT":"JL. SOLO NO.KM. 08, RT.03/RW.27, KALONGAN, MAGUWOHARJO, KEC. DEPOK, KABUPATEN SLEMAN, DAERAH ISTIMEWA YOGYAKARTA 55282","ID_PROV":34,"PROVINSI":"DAERAH ISTIMEWA YOGYAKARTA","ID_KABKOT":34.04,"KABKOT":"SLEMAN","ID_KEC":"34.04.07","KECAMATAN":"DEPOK","ID_DESA":"34.04.07.2002","DESA":"MAGUWOHARJO","LATITUDE":-7.7836678,"LONGITUDE":110.4273696,"STATUS":"BUKA","TANGGAL PENGUMPULAN":"Q4 2023","TANGGAL UPDATE":"28/01/2025"}},{"type":"Feature","geometry":{"coordinates":[110.4232423,-7.7502442],"type":"Point"},"properties":{"fid":17350,"NAMA":"INDOMARET STADION MAGUWOHARJO","TIPE_1":"PERDAGANGAN DAN RETAIL","TIPE_2":"MINIMARKET","TIPE_3":"INDOMARET","TELEPON":"","ALAMAT":"JL. STADION, KARANGSARI, KEC. NGEMPLAK, KABUPATEN SLEMAN, DAERAH ISTIMEWA YOGYAKARTA 55584","ID_PROV":34,"PROVINSI":"DAERAH ISTIMEWA YOGYAKARTA","ID_KABKOT":34.04,"KABKOT":"SLEMAN","ID_KEC":"34.04.11","KECAMATAN":"NGEMPLAK","ID_DESA":"34.04.11.2004","DESA":"WEDOMARTANI","LATITUDE":-7.7502442,"LONGITUDE":110.4232423,"STATUS":"BUKA","TANGGAL PENGUMPULAN":"Q4 2023","TANGGAL UPDATE":"28/01/2025"}},{"type":"Feature","geometry":{"coordinates":[110.3984032,-7.7518807],"type":"Point"},"properties":{"fid":17459,"NAMA":"INDOMARET SUKOHARJO","TIPE_1":"PERDAGANGAN DAN RETAIL","TIPE_2":"MINIMARKET","TIPE_3":"INDOMARET","TELEPON":"","ALAMAT":"JL. SUKOHARJO NO.133 A, SANGGRAHAN, CONDONGCATUR, KEC. DEPOK, KABUPATEN SLEMAN, DAERAH ISTIMEWA YOGYAKARTA 55281","ID_PROV":34,"PROVINSI":"DAERAH ISTIMEWA YOGYAKARTA","ID_KABKOT":34.04,"KABKOT":"SLEMAN","ID_KEC":"34.04.07","KECAMATAN":"DEPOK","ID_DESA":"34.04.07.2003","DESA":"CONDONGCATUR","LATITUDE":-7.7518807,"LONGITUDE":110.3984032,"STATUS":"BUKA","TANGGAL PENGUMPULAN":"Q4 2023","TANGGAL UPDATE":"28/01/2025"}},{"type":"Feature","geometry":{"coordinates":[110.4225594,-7.7594849],"type":"Point"},"properties":{"fid":18120,"NAMA":"INDOMARET TASURO","TIPE_1":"PERDAGANGAN DAN RETAIL","TIPE_2":"MINIMARKET","TIPE_3":"INDOMARET","TELEPON":"","ALAMAT":"JL. TASURA, KRODAN, MAGUWOHARJO, KEC. DEPOK, KABUPATEN SLEMAN, DAERAH ISTIMEWA YOGYAKARTA 55282","ID_PROV":34,"PROVINSI":"DAERAH ISTIMEWA YOGYAKARTA","ID_KABKOT":34.04,"KABKOT":"SLEMAN","ID_KEC":"34.04.07","KECAMATAN":"DEPOK","ID_DESA":"34.04.07.2002","DESA":"MAGUWOHARJO","LATITUDE":-7.7594849,"LONGITUDE":110.4225594,"STATUS":"BUKA","TANGGAL PENGUMPULAN":"Q4 2023","TANGGAL UPDATE":"28/01/2025"}},{"type":"Feature","geometry":{"coordinates":[110.34284,-7.78012],"type":"Point"},"properties":{"fid":18121,"NAMA":"MINI MARKET MEGA BUMI","TIPE_1":"PERDAGANGAN DAN RETAIL","TIPE_2":"MINIMARKET","TIPE_3":"LAINNYA","TELEPON":"(0274) 617905","ALAMAT":"JL. TATA BUMI NO.4 A, AREA SAWAH, BANYURADEN, KEC. GAMPING, KABUPATEN SLEMAN, DAERAH ISTIMEWA YOGYAKARTA 55293","ID_PROV":34,"PROVINSI":"DAERAH ISTIMEWA YOGYAKARTA","ID_KABKOT":34.04,"KABKOT":"SLEMAN","ID_KEC":"34.04.01","KECAMATAN":"GAMPING","ID_DESA":"34.04.01.2003","DESA":"BANYURADEN","LATITUDE":-7.78012,"LONGITUDE":110.34284,"STATUS":"BUKA","TANGGAL PENGUMPULAN":"Q4 2023","TANGGAL UPDATE":"28/01/2025"}},{"type":"Feature","geometry":{"coordinates":[110.3732457,-7.6526099],"type":"Point"},"properties":{"fid":18233,"NAMA":"ALFAMART TURI SLEMAN","TIPE_1":"PERDAGANGAN DAN RETAIL","TIPE_2":"MINIMARKET","TIPE_3":"ALFAMART","TELEPON":"1 500 959","ALAMAT":"JL. TEMPEL - TURI, RT.001/RW.001, BALONG, DONOKERTO, KEC. TURI, KABUPATEN SLEMAN, DAERAH ISTIMEWA YOGYAKARTA 55551","ID_PROV":34,"PROVINSI":"DAERAH ISTIMEWA YOGYAKARTA","ID_KABKOT":34.04,"KABKOT":"SLEMAN","ID_KEC":"34.04.15","KECAMATAN":"TURI","ID_DESA":"34.04.15.2002","DESA":"DONOKERTO","LATITUDE":-7.6526099,"LONGITUDE":110.3732457,"STATUS":"BUKA","TANGGAL PENGUMPULAN":"Q4 2023","TANGGAL UPDATE":"28/01/2025"}},{"type":"Feature","geometry":{"coordinates":[110.4034839,-7.7502558],"type":"Point"},"properties":{"fid":18246,"NAMA":"SLEMAN MART","TIPE_1":"PERDAGANGAN DAN RETAIL","TIPE_2":"MINIMARKET","TIPE_3":"LAINNYA","TELEPON":"0856-2811-664","ALAMAT":"JL. TENGIRI RAYA, GEMPOL, CONDONGCATUR, KEC. DEPOK, KABUPATEN SLEMAN, DAERAH ISTIMEWA YOGYAKARTA 55281","ID_PROV":34,"PROVINSI":"DAERAH ISTIMEWA YOGYAKARTA","ID_KABKOT":34.04,"KABKOT":"SLEMAN","ID_KEC":"34.04.07","KECAMATAN":"DEPOK","ID_DESA":"34.04.07.2003","DESA":"CONDONGCATUR","LATITUDE":-7.7502558,"LONGITUDE":110.4034839,"STATUS":"BUKA","TANGGAL PENGUMPULAN":"Q4 2023","TANGGAL UPDATE":"28/01/2025"}},{"type":"Feature","geometry":{"coordinates":[110.3948765,-7.7867686],"type":"Point"},"properties":{"fid":18454,"NAMA":"INDOMARET SAPEN","TIPE_1":"PERDAGANGAN DAN RETAIL","TIPE_2":"MINIMARKET","TIPE_3":"INDOMARET","TELEPON":"0816-500-580","ALAMAT":"JL. TIMOHO 52 E SAPEN, CATUR TUNGGAL, DEPOK, PAPRINGAN, CATURTUNGGAL, SLEMAN, SLEMAN REGENCY, SPECIAL REGION OF YOGYAKARTA 55281","ID_PROV":34,"PROVINSI":"DAERAH ISTIMEWA YOGYAKARTA","ID_KABKOT":34.04,"KABKOT":"SLEMAN","ID_KEC":"34.04.07","KECAMATAN":"DEPOK","ID_DESA":"34.04.07.2001","DESA":"CATURTUNGGAL","LATITUDE":-7.7867686,"LONGITUDE":110.3948765,"STATUS":"BUKA","TANGGAL PENGUMPULAN":"Q4 2023","TANGGAL UPDATE":"28/01/2025"}},{"type":"Feature","geometry":{"coordinates":[110.3728947,-7.6591678],"type":"Point"},"properties":{"fid":18745,"NAMA":"SAFAMART SWALAYAN","TIPE_1":"PERDAGANGAN DAN RETAIL","TIPE_2":"MINIMARKET","TIPE_3":"LAINNYA","TELEPON":"(0274) 4461958","ALAMAT":"JL. TURI SLEMAN KM 01, KEMBANGARUM, DONOKERTO, TURI, SLEMAN, BANDARAN, DONOKERTO, KEC. TURI, KABUPATEN SLEMAN, DAERAH ISTIMEWA YOGYAKARTA 55551","ID_PROV":34,"PROVINSI":"DAERAH ISTIMEWA YOGYAKARTA","ID_KABKOT":34.04,"KABKOT":"SLEMAN","ID_KEC":"34.04.15","KECAMATAN":"TURI","ID_DESA":"34.04.15.2002","DESA":"DONOKERTO","LATITUDE":-7.6591678,"LONGITUDE":110.3728947,"STATUS":"BUKA","TANGGAL PENGUMPULAN":"Q4 2023","TANGGAL UPDATE":"28/01/2025"}},{"type":"Feature","geometry":{"coordinates":[110.3687874,-7.6509513],"type":"Point"},"properties":{"fid":18746,"NAMA":"INDOMARET WONOKERTO TURI","TIPE_1":"PERDAGANGAN DAN RETAIL","TIPE_2":"MINIMARKET","TIPE_3":"INDOMARET","TELEPON":"","ALAMAT":"JL. TURI, KERINGAN, WONO KERTO, KEC. TURI, KABUPATEN SLEMAN, DAERAH ISTIMEWA YOGYAKARTA","ID_PROV":34,"PROVINSI":"DAERAH ISTIMEWA YOGYAKARTA","ID_KABKOT":34.04,"KABKOT":"SLEMAN","ID_KEC":"34.04.15","KECAMATAN":"TURI","ID_DESA":"34.04.15.2004","DESA":"WONOKERTO","LATITUDE":-7.6509513,"LONGITUDE":110.3687874,"STATUS":"BUKA","TANGGAL PENGUMPULAN":"Q4 2023","TANGGAL UPDATE":"28/01/2025"}},{"type":"Feature","geometry":{"coordinates":[110.4197428,-7.746791],"type":"Point"},"properties":{"fid":18865,"NAMA":"ALFAMART JOGJA BAY","TIPE_1":"PERDAGANGAN DAN RETAIL","TIPE_2":"MINIMARKET","TIPE_3":"ALFAMART","TELEPON":"","ALAMAT":"JL. UTARA STADION, KARANGSARI, MAGUWOHARJO, NGEMPLAK, SLEMAN REGENCY, SPECIAL REGION OF YOGYAKARTA 55584","ID_PROV":34,"PROVINSI":"DAERAH ISTIMEWA YOGYAKARTA","ID_KABKOT":34.04,"KABKOT":"SLEMAN","ID_KEC":"34.04.11","KECAMATAN":"NGEMPLAK","ID_DESA":"34.04.11.2004","DESA":"WEDOMARTANI","LATITUDE":-7.746791,"LONGITUDE":110.4197428,"STATUS":"BUKA","TANGGAL PENGUMPULAN":"Q4 2023","TANGGAL UPDATE":"28/01/2025"}},{"type":"Feature","geometry":{"coordinates":[110.4015257,-7.7713534],"type":"Point"},"properties":{"fid":19006,"NAMA":"INDOMARET WAHID HASYIM 2","TIPE_1":"PERDAGANGAN DAN RETAIL","TIPE_2":"MINIMARKET","TIPE_3":"INDOMARET","TELEPON":"","ALAMAT":"JL. WAHID HASYIM NO.136, DABAG, CONDONGCATUR, KEC. DEPOK, KABUPATEN SLEMAN, DAERAH ISTIMEWA YOGYAKARTA 55281","ID_PROV":34,"PROVINSI":"DAERAH ISTIMEWA YOGYAKARTA","ID_KABKOT":34.04,"KABKOT":"SLEMAN","ID_KEC":"34.04.07","KECAMATAN":"DEPOK","ID_DESA":"34.04.07.2003","DESA":"CONDONGCATUR","LATITUDE":-7.7713534,"LONGITUDE":110.4015257,"STATUS":"BUKA","TANGGAL PENGUMPULAN":"Q4 2023","TANGGAL UPDATE":"28/01/2025"}},{"type":"Feature","geometry":{"coordinates":[110.402645,-7.7674671],"type":"Point"},"properties":{"fid":19008,"NAMA":"INDOMARET WAHID HASYIM","TIPE_1":"PERDAGANGAN DAN RETAIL","TIPE_2":"MINIMARKET","TIPE_3":"INDOMARET","TELEPON":"(0274) 4333396","ALAMAT":"JL. WAHID HASYIM NO.5, DABAG, CONDONGCATUR, KEC. DEPOK, KABUPATEN SLEMAN, DAERAH ISTIMEWA YOGYAKARTA 55281","ID_PROV":34,"PROVINSI":"DAERAH ISTIMEWA YOGYAKARTA","ID_KABKOT":34.04,"KABKOT":"SLEMAN","ID_KEC":"34.04.07","KECAMATAN":"DEPOK","ID_DESA":"34.04.07.2003","DESA":"CONDONGCATUR","LATITUDE":-7.7674671,"LONGITUDE":110.402645,"STATUS":"BUKA","TANGGAL PENGUMPULAN":"Q4 2023","TANGGAL UPDATE":"28/01/2025"}},{"type":"Feature","geometry":{"coordinates":[110.4024959,-7.7670213],"type":"Point"},"properties":{"fid":19009,"NAMA":"ALFAMART","TIPE_1":"PERDAGANGAN DAN RETAIL","TIPE_2":"MINIMARKET","TIPE_3":"ALFAMART","TELEPON":"1 500 959","ALAMAT":"JL. WAHID HASYIM NO.KEL, RW.NO: 6, DABAG, CONDONGCATUR, KEC. DEPOK, KABUPATEN SLEMAN, DAERAH ISTIMEWA YOGYAKARTA 55283","ID_PROV":34,"PROVINSI":"DAERAH ISTIMEWA YOGYAKARTA","ID_KABKOT":34.04,"KABKOT":"SLEMAN","ID_KEC":"34.04.07","KECAMATAN":"DEPOK","ID_DESA":"34.04.07.2003","DESA":"CONDONGCATUR","LATITUDE":-7.7670213,"LONGITUDE":110.4024959,"STATUS":"BUKA","TANGGAL PENGUMPULAN":"Q4 2023","TANGGAL UPDATE":"28/01/2025"}},{"type":"Feature","geometry":{"coordinates":[110.4316114,-7.7748045],"type":"Point"},"properties":{"fid":19049,"NAMA":"TOKO DEPOK","TIPE_1":"PERDAGANGAN DAN RETAIL","TIPE_2":"MINIMARKET","TIPE_3":"LAINNYA","TELEPON":"0896-5056-9972","ALAMAT":"JL. WARINGIN NO.1, NANGGULAN, MAGUWOHARJO, KEC. DEPOK, KABUPATEN SLEMAN, DAERAH ISTIMEWA YOGYAKARTA 55281","ID_PROV":34,"PROVINSI":"DAERAH ISTIMEWA YOGYAKARTA","ID_KABKOT":34.04,"KABKOT":"SLEMAN","ID_KEC":"34.04.07","KECAMATAN":"DEPOK","ID_DESA":"34.04.07.2002","DESA":"MAGUWOHARJO","LATITUDE":-7.7748045,"LONGITUDE":110.4316114,"STATUS":"BUKA","TANGGAL PENGUMPULAN":"Q4 2023","TANGGAL UPDATE":"28/01/2025"}},{"type":"Feature","geometry":{"coordinates":[110.2885293,-7.8084745],"type":"Point"},"properties":{"fid":19065,"NAMA":"ALFAMART BALECATUR","TIPE_1":"PERDAGANGAN DAN RETAIL","TIPE_2":"MINIMARKET","TIPE_3":"ALFAMART","TELEPON":"1 500 959","ALAMAT":"JL. WATES KM. 08 RT. 05 RW. 24 PERENG DEWE KEL, PERENGDAWE, BALECATUR, KEC. GAMPING, KABUPATEN SLEMAN, DAERAH ISTIMEWA YOGYAKARTA 55295","ID_PROV":34,"PROVINSI":"DAERAH ISTIMEWA YOGYAKARTA","ID_KABKOT":34.04,"KABKOT":"SLEMAN","ID_KEC":"34.04.01","KECAMATAN":"GAMPING","ID_DESA":"34.04.01.2001","DESA":"BALECATUR","LATITUDE":-7.8084745,"LONGITUDE":110.2885293,"STATUS":"BUKA","TANGGAL PENGUMPULAN":"Q4 2023","TANGGAL UPDATE":"28/01/2025"}},{"type":"Feature","geometry":{"coordinates":[110.3175992,-7.8016175],"type":"Point"},"properties":{"fid":19067,"NAMA":"ALFAMART JL WATES KM 5","TIPE_1":"PERDAGANGAN DAN RETAIL","TIPE_2":"MINIMARKET","TIPE_3":"ALFAMART","TELEPON":"1 500 959","ALAMAT":"JL. WATES KM. 5 RT. 05 RW. 25 KEL.KETAWANG, BODEH, AMBARKETAWANG, KEC. GAMPING, KABUPATEN SLEMAN, DAERAH ISTIMEWA YOGYAKARTA 55294","ID_PROV":34,"PROVINSI":"DAERAH ISTIMEWA YOGYAKARTA","ID_KABKOT":34.04,"KABKOT":"SLEMAN","ID_KEC":"34.04.01","KECAMATAN":"GAMPING","ID_DESA":"34.04.01.2002","DESA":"AMBARKETAWANG","LATITUDE":-7.8016175,"LONGITUDE":110.3175992,"STATUS":"BUKA","TANGGAL PENGUMPULAN":"Q4 2023","TANGGAL UPDATE":"28/01/2025"}},{"type":"Feature","geometry":{"coordinates":[110.3267284,-7.8008178],"type":"Point"},"properties":{"fid":19071,"NAMA":"RAK MINIMARKET YOGYAKARTA","TIPE_1":"PERDAGANGAN DAN RETAIL","TIPE_2":"MINIMARKET","TIPE_3":"LAINNYA","TELEPON":"0895-3796-26888","ALAMAT":"JL. WATES NO.KM 5 51A, GAMPING TENGAH, AMBARKETAWANG, KEC. GAMPING, KABUPATEN SLEMAN, DAERAH ISTIMEWA YOGYAKARTA 55294","ID_PROV":34,"PROVINSI":"DAERAH ISTIMEWA YOGYAKARTA","ID_KABKOT":34.04,"KABKOT":"SLEMAN","ID_KEC":"34.04.01","KECAMATAN":"GAMPING","ID_DESA":"34.04.01.2002","DESA":"AMBARKETAWANG","LATITUDE":-7.8008178,"LONGITUDE":110.3267284,"STATUS":"BUKA","TANGGAL PENGUMPULAN":"Q4 2023","TANGGAL UPDATE":"28/01/2025"}},{"type":"Feature","geometry":{"coordinates":[110.3104002,-7.8028169],"type":"Point"},"properties":{"fid":19072,"NAMA":"INDOMARET WATES KM6","TIPE_1":"PERDAGANGAN DAN RETAIL","TIPE_2":"MINIMARKET","TIPE_3":"INDOMARET","TELEPON":"0816-500-580","ALAMAT":"JL. WATES NO.KM 6, DEPOK, AMBARKETAWANG, KEC. GAMPING, KABUPATEN SLEMAN, DAERAH ISTIMEWA YOGYAKARTA 55294","ID_PROV":34,"PROVINSI":"DAERAH ISTIMEWA YOGYAKARTA","ID_KABKOT":34.04,"KABKOT":"SLEMAN","ID_KEC":"34.04.01","KECAMATAN":"GAMPING","ID_DESA":"34.04.01.2002","DESA":"AMBARKETAWANG","LATITUDE":-7.8028169,"LONGITUDE":110.3104002,"STATUS":"BUKA","TANGGAL PENGUMPULAN":"Q4 2023","TANGGAL UPDATE":"28/01/2025"}},{"type":"Feature","geometry":{"coordinates":[110.3038307,-7.8043742],"type":"Point"},"properties":{"fid":19073,"NAMA":"INDOMARET","TIPE_1":"PERDAGANGAN DAN RETAIL","TIPE_2":"MINIMARKET","TIPE_3":"INDOMARET","TELEPON":"","ALAMAT":"JL. WATES NO.KM 7, PASEKAN KIDUL, BALECATUR, KEC. GAMPING, KOTA YOGYAKARTA, DAERAH ISTIMEWA YOGYAKARTA 55295","ID_PROV":34,"PROVINSI":"DAERAH ISTIMEWA YOGYAKARTA","ID_KABKOT":34.04,"KABKOT":"SLEMAN","ID_KEC":"34.04.01","KECAMATAN":"GAMPING","ID_DESA":"34.04.01.2001","DESA":"BALECATUR","LATITUDE":-7.8043742,"LONGITUDE":110.3038307,"STATUS":"BUKA","TANGGAL PENGUMPULAN":"Q4 2023","TANGGAL UPDATE":"28/01/2025"}},{"type":"Feature","geometry":{"coordinates":[110.2831174,-7.8096438],"type":"Point"},"properties":{"fid":19074,"NAMA":"INDOMARET WATES KM 92","TIPE_1":"PERDAGANGAN DAN RETAIL","TIPE_2":"MINIMARKET","TIPE_3":"INDOMARET","TELEPON":"(0274) 2820330","ALAMAT":"JL. WATES NO.KM.9, JATIPERENG, BALECATUR, KEC. GAMPING, KABUPATEN SLEMAN, DAERAH ISTIMEWA YOGYAKARTA 55752","ID_PROV":34,"PROVINSI":"DAERAH ISTIMEWA YOGYAKARTA","ID_KABKOT":34.04,"KABKOT":"SLEMAN","ID_KEC":"34.04.01","KECAMATAN":"GAMPING","ID_DESA":"34.04.01.2001","DESA":"BALECATUR","LATITUDE":-7.8096438,"LONGITUDE":110.2831174,"STATUS":"BUKA","TANGGAL PENGUMPULAN":"Q4 2023","TANGGAL UPDATE":"28/01/2025"}},{"type":"Feature","geometry":{"coordinates":[110.4430337,-7.828039],"type":"Point"},"properties":{"fid":19190,"NAMA":"INDOMARET JL WONOSARI KM 105","TIPE_1":"PERDAGANGAN DAN RETAIL","TIPE_2":"MINIMARKET","TIPE_3":"INDOMARET","TELEPON":"","ALAMAT":"JL. WONOSARI NO.KM 10, TEGAL SARI, TEGALTIRTO, KEC. BERBAH, KABUPATEN SLEMAN, DAERAH ISTIMEWA YOGYAKARTA 55792","ID_PROV":34,"PROVINSI":"DAERAH ISTIMEWA YOGYAKARTA","ID_KABKOT":34.04,"KABKOT":"SLEMAN","ID_KEC":"34.04.08","KECAMATAN":"BERBAH","ID_DESA":"34.04.08.2002","DESA":"TEGALTIRTO","LATITUDE":-7.828039,"LONGITUDE":110.4430337,"STATUS":"BUKA","TANGGAL PENGUMPULAN":"Q4 2023","TANGGAL UPDATE":"28/01/2025"}}]}