{"type":"FeatureCollection","features":[{"type":"Feature","geometry":{"coordinates":[[[[110.2951111,-7.8305663],[110.2950812,-7.8305934],[110.2948447,-7.8308166],[110.2946997,-7.8310287],[110.2943945,-7.8314317],[110.2943411,-7.8316105],[110.2942725,-7.8318127],[110.2941375,-7.8320396],[110.2938986,-7.8324411],[110.2937231,-7.8327353],[110.2936011,-7.8329032],[110.2935172,-7.8330267],[110.2932043,-7.833462],[110.2931738,-7.8335068],[110.2929373,-7.8337944],[110.2929221,-7.8338197],[110.2928458,-7.8339098],[110.2928381,-7.8339594],[110.292449,-7.8339928],[110.2921896,-7.8339761],[110.2918844,-7.8339622],[110.2909537,-7.8340352],[110.2907858,-7.834049],[110.290618,-7.8340566],[110.2901526,-7.834028],[110.2896414,-7.8339813],[110.2895041,-7.8339608],[110.2893362,-7.8339646],[110.2890845,-7.8339327],[110.2890311,-7.8339251],[110.2888937,-7.8339117],[110.2888327,-7.8339122],[110.2887184,-7.8338258],[110.2885863,-7.833631],[110.2885733,-7.8336118],[110.288558,-7.8335922],[110.2883979,-7.8333958],[110.2883191,-7.8332313],[110.2883102,-7.8332117],[110.2882022,-7.832975],[110.2880343,-7.8325383],[110.2879504,-7.8323051],[110.2877215,-7.8315669],[110.2876605,-7.8314449],[110.2876223,-7.8313991],[110.2876147,-7.8312131],[110.2876223,-7.8309652],[110.2877058,-7.8306896],[110.2876483,-7.83049],[110.2875622,-7.829944],[110.2873913,-7.8280084],[110.2873436,-7.8267802],[110.2872398,-7.8264307],[110.2872408,-7.82643],[110.2872485,-7.8260566],[110.2872408,-7.8260023],[110.2871951,-7.8257777],[110.2871646,-7.8254667],[110.287218,-7.8249031],[110.2873095,-7.824732],[110.2874087,-7.8245722],[110.28747302790873,-7.824326124681032],[110.29065900777425,-7.824326124681032],[110.29065900777425,-7.82881770110163],[110.29515058419484,-7.82881770110163],[110.29515058419484,-7.830586012341623],[110.2951111,-7.8305663]]],[[[110.2719826,-7.7932194],[110.2717964,-7.7929958],[110.2715355,-7.7928217],[110.2712365,-7.7930941],[110.2709754,-7.7930564],[110.2708135,-7.7931182],[110.2704721,-7.7930808],[110.2703534,-7.7930678],[110.2702374,-7.793395],[110.2701909,-7.7935265],[110.2695939,-7.793451],[110.2690461,-7.793723],[110.2690191,-7.7937472],[110.268797,-7.7939459],[110.2686534,-7.7942186],[110.2684287,-7.794702],[110.2684883,-7.7948464],[110.2685379,-7.7949666],[110.2685773,-7.795062],[110.2685646,-7.7952357],[110.2684773,-7.7953472],[110.268385,-7.7953777],[110.2682906,-7.7954089],[110.268104,-7.7954334],[110.2679173,-7.7954827],[110.2677904,-7.7957494],[110.2675841,-7.7957063],[110.2645553,-7.7941666],[110.2644637,-7.7942214],[110.2643493,-7.7942357],[110.2642501,-7.7941814],[110.2640288,-7.794055],[110.263861,-7.7940507],[110.263716,-7.794106],[110.2636018,-7.7942224],[110.2634795,-7.7945261],[110.2632583,-7.7954116],[110.2631057,-7.7955747],[110.2629455,-7.7957764],[110.2627395,-7.7959933],[110.2619765,-7.7964487],[110.2616561,-7.7966428],[110.2614043,-7.7966938],[110.2611983,-7.7967324],[110.2610991,-7.796751],[110.2608855,-7.7968693],[110.2607863,-7.7969842],[110.2607024,-7.7971435],[110.2605422,-7.7974749],[110.2604278,-7.7974725],[110.2601531,-7.7974916],[110.2599242,-7.7975068],[110.2598327,-7.7975154],[110.2598021,-7.7975264],[110.2597553,-7.797564],[110.259703,-7.797606],[110.2596793,-7.7976355],[110.2596388,-7.7976879],[110.2596289,-7.7976995],[110.2595798,-7.7977567],[110.2594043,-7.7980791],[110.259267,-7.7986451],[110.2591144,-7.7988844],[110.2589465,-7.799018],[110.2586108,-7.7991868],[110.2581454,-7.7994233],[110.2577792,-7.7995873],[110.257474,-7.7997289],[110.2572223,-7.7999073],[110.2569934,-7.8001509],[110.2569171,-7.8002654],[110.2567111,-7.8001791],[110.2565967,-7.8001294],[110.2564822,-7.8000789],[110.2563602,-7.8000293],[110.2562305,-7.8000312],[110.2561999,-7.8000307],[110.2560473,-7.8000198],[110.2559024,-7.800062],[110.2558809,-7.800069],[110.2559279,-7.7999829],[110.2567271,-7.7985176],[110.2574124,-7.7973451],[110.2539222,-7.7960896],[110.2537204,-7.796849],[110.2523935,-7.8018416],[110.2518932,-7.8019713],[110.2507984,-7.8022552],[110.2505302,-7.8036177],[110.2483092,-7.8037651],[110.2482189,-7.804143],[110.2482147,-7.8041605],[110.2478119,-7.8058465],[110.2472789,-7.8057179],[110.244966,-7.80516],[110.2450022,-7.8046505],[110.2447101,-7.8046718],[110.2445956,-7.8046999],[110.2445117,-7.804725],[110.2441302,-7.8048916],[110.2436267,-7.8051882],[110.2432452,-7.805409],[110.2431079,-7.805521],[110.242818,-7.8057285],[110.2421847,-7.806232],[110.2417575,-7.8066578],[110.2416812,-7.8066612],[110.2415057,-7.8065935],[110.2412082,-7.8064304],[110.2411242,-7.8063851],[110.2410785,-7.8063612],[110.241048,-7.806346],[110.2409793,-7.8063217],[110.2407886,-7.8062387],[110.2406894,-7.806283],[110.2404071,-7.8064204],[110.2402545,-7.806562],[110.2400103,-7.8069018],[110.2398501,-7.8069964],[110.2397357,-7.8071719],[110.2397281,-7.807314],[110.2396899,-7.8074732],[110.2394534,-7.8078795],[110.2392932,-7.8081165],[110.2390643,-7.8083058],[110.2387897,-7.8084679],[110.2387591,-7.8084946],[110.238576,-7.8085852],[110.2384158,-7.8085614],[110.2382708,-7.8085556],[110.2381488,-7.8086334],[110.2376681,-7.8089824],[110.2375232,-7.8090201],[110.2373553,-7.8090578],[110.2373324,-7.8090821],[110.2372943,-7.8091379],[110.2371264,-7.8094149],[110.2371112,-7.809443],[110.2370196,-7.8096137],[110.2369738,-7.8097258],[110.2367984,-7.8102489],[110.2366,-7.8104773],[110.2363788,-7.8107248],[110.236272,-7.8109064],[110.2360812,-7.8112398],[110.2359591,-7.8113346],[110.2355624,-7.8116513],[110.2353869,-7.8118811],[110.235242,-7.812151],[110.2351199,-7.8123207],[110.2349979,-7.8123889],[110.2349215,-7.8124442],[110.2348834,-7.8124752],[110.2345859,-7.8128171],[110.2343951,-7.8133555],[110.2342883,-7.8140931],[110.2341891,-7.8143306],[110.2340976,-7.8144465],[110.2337542,-7.8147545],[110.2337009,-7.8147936],[110.2336398,-7.8148075],[110.2334361,-7.8150045],[110.23343,-7.8149955],[110.2331327,-7.8145342],[110.2328351,-7.8140797],[110.2326368,-7.8135829],[110.2326825,-7.8128051],[110.2327054,-7.812006],[110.2326672,-7.8112712],[110.2325376,-7.8104934],[110.2323621,-7.8099746],[110.2319271,-7.8093042],[110.2311109,-7.8084388],[110.2308864,-7.808179],[110.230737,-7.8080065],[110.2305692,-7.8079409],[110.229852,-7.8077669],[110.2295087,-7.8076582],[110.229112,-7.8073983],[110.2286847,-7.806879],[110.2284635,-7.8064685],[110.2284253,-7.8058633],[110.2285093,-7.8054962],[110.2285105,-7.8054924],[110.2287382,-7.8048208],[110.2287571,-7.8047677],[110.2291233,-7.8040559],[110.2296498,-7.8034951],[110.2302525,-7.8028914],[110.231168,-7.8024393],[110.2318623,-7.8022462],[110.2326176,-7.8020965],[110.2333119,-7.8017303],[110.2340748,-7.80117],[110.234792,-7.8005449],[110.2355091,-7.7998768],[110.2359593,-7.7992078],[110.2361119,-7.7986681],[110.2360508,-7.7980415],[110.2356617,-7.7973062],[110.2352116,-7.7967006],[110.2347081,-7.7959224],[110.2344105,-7.7954031],[110.2342121,-7.7947775],[110.2340596,-7.7945816],[110.2335026,-7.7932197],[110.2333729,-7.7923557],[110.2332203,-7.7914697],[110.2330067,-7.7908861],[110.2328724,-7.7907914],[110.2328342,-7.7907407],[110.2328328,-7.7907389],[110.2325501,-7.7903861],[110.2321152,-7.7899746],[110.2315507,-7.7897576],[110.2309479,-7.7896484],[110.2304215,-7.7895612],[110.2299485,-7.789431],[110.2295365,-7.7891926],[110.2290635,-7.7888025],[110.2288422,-7.7883056],[110.2288422,-7.7875494],[110.2288041,-7.7868579],[110.2286515,-7.7862314],[110.2284377,-7.7855614],[110.2280268,-7.784957],[110.2280259,-7.7849559],[110.2276597,-7.7844151],[110.2267975,-7.7836789],[110.2259278,-7.7831591],[110.2253252,-7.782769],[110.2251007,-7.7824698],[110.224936,-7.7822498],[110.2244324,-7.7814068],[110.2239594,-7.7805418],[110.2235322,-7.7797631],[110.2231736,-7.7793139],[110.2220979,-7.7787241],[110.2213385,-7.7780531],[110.2210412,-7.7776529],[110.2207235,-7.7772219],[110.2204264,-7.7767294],[110.2203351,-7.7761143],[110.2203155,-7.7755916],[110.2203262,-7.7753764],[110.2203471,-7.7751407],[110.2203887,-7.7748949],[110.220471,-7.7748233],[110.2207183,-7.7744548],[110.2207471,-7.7744282],[110.2207295,-7.7744077],[110.2209241,-7.7742387],[110.2212739,-7.7740036],[110.2216235,-7.7738506],[110.2220045,-7.7734618],[110.2222314,-7.7729908],[110.2222119,-7.7724169],[110.2221924,-7.7718122],[110.2221939,-7.771023],[110.2221438,-7.7703056],[110.2222268,-7.7698855],[110.2224539,-7.769353],[110.2226912,-7.7688103],[110.2227748,-7.7680418],[110.2227655,-7.7675396],[110.2226433,-7.766904],[110.2226446,-7.7662276],[110.222584,-7.7656229],[110.222554,-7.7651719],[110.2223082,-7.7647512],[110.2217488,-7.7646916],[110.22123,-7.7647984],[110.221227,-7.7647999],[110.2210087,-7.7649061],[110.2207722,-7.7649057],[110.2203373,-7.7647536],[110.219994,-7.7642996],[110.2197346,-7.76391],[110.2196507,-7.7637498],[110.2195744,-7.7635591],[110.2195591,-7.7633474],[110.2195897,-7.7631228],[110.2196583,-7.7629583],[110.2197651,-7.7628434],[110.219994,-7.7627294],[110.2201394,-7.7626599],[110.2207111,-7.7623866],[110.2212605,-7.7620437],[110.2216877,-7.7615855],[110.2218708,-7.7613237],[110.2219853,-7.7608325],[110.2220844,-7.7603409],[110.222115,-7.7599804],[110.2220004,-7.7597836],[110.2213681,-7.759375],[110.2213139,-7.7593401],[110.2208027,-7.7591097],[110.2202763,-7.7589285],[110.2199177,-7.7587311],[110.2196201,-7.7586815],[110.2191242,-7.7587297],[110.2188496,-7.7585981],[110.2186817,-7.7583849],[110.2186054,-7.7580407],[110.2187351,-7.7576477],[110.2188223,-7.7574932],[110.2191013,-7.7569983],[110.2191043,-7.7569916],[110.2191559,-7.7568769],[110.2192473,-7.7566739],[110.2193014,-7.7565539],[110.2195155,-7.7560004],[110.219813,-7.7555417],[110.2200953,-7.7552146],[110.2203242,-7.7549037],[110.2204081,-7.754691],[110.2202937,-7.7544779],[110.2199504,-7.754084],[110.2195876,-7.7537204],[110.2195555,-7.7536933],[110.219228,-7.7534173],[110.2190281,-7.7532467],[110.2187855,-7.7530397],[110.2183735,-7.7527931],[110.2180684,-7.7525142],[110.21787,-7.7521041],[110.2178242,-7.7516778],[110.2178242,-7.7514322],[110.217885,-7.7512842],[110.2179387,-7.7511538],[110.2183506,-7.750696],[110.2187779,-7.7502706],[110.2190068,-7.7501562],[110.2191975,-7.7500403],[110.2193806,-7.7495106],[110.2194874,-7.7487467],[110.2195484,-7.7477768],[110.2194111,-7.7470744],[110.2190983,-7.7465165],[110.21898,-7.7462943],[110.2187245,-7.7458141],[110.2183583,-7.7451942],[110.2180455,-7.7448013],[110.2173001,-7.7443021],[110.2167835,-7.7437044],[110.2161426,-7.7425266],[110.2160205,-7.7416392],[110.2161273,-7.7401944],[110.2163181,-7.739059],[110.2164859,-7.7383166],[110.2168369,-7.7377596],[110.2175235,-7.7371417],[110.2188052,-7.7364626],[110.2200717,-7.7358066],[110.2200744,-7.7358052],[110.2210938,-7.7352761],[110.2213046,-7.7345269],[110.2215115,-7.7338645],[110.2215129,-7.7338601],[110.221795,-7.7328618],[110.221856,-7.7325452],[110.2219323,-7.7321919],[110.2220315,-7.7312425],[110.2222451,-7.7300246],[110.2228097,-7.7281268],[110.2231606,-7.7271365],[110.2237405,-7.7258786],[110.2246331,-7.7239192],[110.2250756,-7.7233213],[110.2256326,-7.7230538],[110.2264642,-7.7229522],[110.2269601,-7.7229737],[110.2278909,-7.723223],[110.2293405,-7.7234319],[110.2307061,-7.7231868],[110.231492,-7.7227962],[110.2318658,-7.7224458],[110.2320336,-7.7220538],[110.2320108,-7.7215584],[110.2319497,-7.7211249],[110.2316064,-7.7193492],[110.2315225,-7.7181514],[110.2315454,-7.7173465],[110.2317157,-7.7164251],[110.2318124,-7.7159022],[110.2318858,-7.715498],[110.232026,-7.7147258],[110.232232,-7.7142103],[110.2325677,-7.7137359],[110.2329263,-7.7134498],[110.2329268,-7.7134495],[110.2332086,-7.7132829],[110.2334985,-7.7132009],[110.2341165,-7.7132228],[110.234534,-7.7133518],[110.2345361,-7.7133527],[110.2347031,-7.7133951],[110.2354736,-7.71352],[110.2363815,-7.713501],[110.2387161,-7.7131128],[110.2408981,-7.7116513],[110.2415848,-7.7112808],[110.2424774,-7.7108283],[110.2432632,-7.7103553],[110.243721,-7.7101907],[110.2443161,-7.7100267],[110.2450256,-7.7099661],[110.2460404,-7.7099676],[110.2472153,-7.7101349],[110.2476025,-7.7099708],[110.2476044,-7.70997],[110.2481689,-7.7097029],[110.2488937,-7.7090235],[110.2492294,-7.7087351],[110.2495414,-7.708591],[110.2495422,-7.7085909],[110.2500008,-7.7085287],[110.2503967,-7.7083993],[110.2507553,-7.7084169],[110.2509918,-7.7084169],[110.2516022,-7.7085366],[110.2522659,-7.7085547],[110.2524265,-7.7085757],[110.2524811,-7.7085701],[110.2526732,-7.7085505],[110.2531738,-7.7084911],[110.2538223,-7.7082556],[110.2541962,-7.7079857],[110.2544861,-7.7077154],[110.254837,-7.7072085],[110.2554016,-7.706364],[110.2563673,-7.7061171],[110.2570119,-7.70569],[110.2574843,-7.7055196],[110.2580427,-7.7053065],[110.2588584,-7.7052222],[110.2598454,-7.7053524],[110.2617349,-7.7048418],[110.263176,-7.7054809],[110.2650909,-7.7062925],[110.2657852,-7.706549],[110.2661591,-7.7067202],[110.2671738,-7.7071374],[110.2677536,-7.7072877],[110.2679303,-7.707276],[110.2679367,-7.7072748],[110.2683411,-7.7072462],[110.2687454,-7.7071189],[110.2690048,-7.7069596],[110.2692947,-7.706715],[110.2697144,-7.7063001],[110.2702026,-7.7059177],[110.2704349,-7.7057399],[110.2705002,-7.7059822],[110.2706528,-7.7062082],[110.2707596,-7.7063751],[110.2709198,-7.7065139],[110.2711563,-7.7066059],[110.2711715,-7.7066076],[110.2711786,-7.7066103],[110.2715763,-7.706655],[110.27211,-7.7068453],[110.2722473,-7.706881],[110.2722507,-7.7068806],[110.2724228,-7.7068562],[110.2725678,-7.7067833],[110.2726746,-7.7066917],[110.2727432,-7.7064466],[110.2727432,-7.7061124],[110.2726364,-7.7055068],[110.2725907,-7.7052769],[110.2725907,-7.7050895],[110.272644,-7.7048821],[110.2727204,-7.7047624],[110.2728195,-7.7046947],[110.273056,-7.7046656],[110.2734985,-7.7046866],[110.2737351,-7.7046609],[110.27388,-7.7046213],[110.2740021,-7.7045126],[110.2740479,-7.7044258],[110.2740174,-7.7041311],[110.2737808,-7.7032837],[110.2736816,-7.7029423],[110.2736587,-7.7026143],[110.2736359,-7.7022724],[110.2735748,-7.7019128],[110.2735443,-7.7016969],[110.2735519,-7.701549],[110.2736511,-7.7013058],[110.2737961,-7.7011132],[110.2742462,-7.7007656],[110.2742788,-7.7007404],[110.2744827,-7.7005829],[110.2745133,-7.7005653],[110.274559,-7.7005062],[110.2747116,-7.7003321],[110.2749024,-7.7000632],[110.2751007,-7.6998901],[110.2753296,-7.6996917],[110.2754593,-7.6995639],[110.2756042,-7.6994037],[110.2759247,-7.6992554],[110.2760925,-7.6991782],[110.2761994,-7.6991024],[110.2762451,-7.6990142],[110.2762604,-7.6989894],[110.2762604,-7.6988368],[110.2762299,-7.6986064],[110.2762451,-7.6984768],[110.2763367,-7.6983175],[110.2764969,-7.6982155],[110.276825,-7.698018],[110.2770462,-7.6978874],[110.2771301,-7.6978268],[110.2772675,-7.697411],[110.2773743,-7.6969642],[110.27742,-7.6967344],[110.2774735,-7.6966166],[110.2775345,-7.6964826],[110.2776337,-7.6962337],[110.2778168,-7.6958327],[110.277977,-7.6955661],[110.2782517,-7.695321],[110.2785492,-7.6950993],[110.2789764,-7.6946501],[110.2792435,-7.6942944],[110.2793961,-7.693994],[110.2794647,-7.6938495],[110.2795712,-7.6936221],[110.279747,-7.6932463],[110.2799454,-7.6928229],[110.2802734,-7.692398],[110.2803116,-7.6923394],[110.2803955,-7.6922164],[110.280716,-7.6914892],[110.2807922,-7.691349],[110.2809296,-7.6912265],[110.281456,-7.6910114],[110.2815781,-7.6909499],[110.2817459,-7.690793],[110.2818375,-7.6906161],[110.2819367,-7.6904192],[110.2822647,-7.6894817],[110.282341,-7.6893181],[110.2824173,-7.6892338],[110.2826157,-7.689187],[110.2828751,-7.6891598],[110.2830429,-7.6891102],[110.2832108,-7.6889758],[110.2834168,-7.6886725],[110.2835159,-7.6884846],[110.2835388,-7.6884126],[110.2836227,-7.688169],[110.2836914,-7.6879835],[110.2837067,-7.6879482],[110.2838135,-7.6878385],[110.2839412,-7.6877306],[110.2839432,-7.6877289],[110.2841263,-7.6875629],[110.2844009,-7.6874013],[110.284486,-7.6873441],[110.2845306,-7.687314],[110.2846527,-7.687128],[110.2847748,-7.6868443],[110.2851181,-7.6859798],[110.2852173,-7.6857552],[110.2852325,-7.6857338],[110.2852648,-7.6856571],[110.2853241,-7.6855163],[110.2854233,-7.6851673],[110.285492,-7.6849832],[110.285553,-7.6848464],[110.2855835,-7.684576],[110.2855988,-7.6844377],[110.2857285,-7.6842136],[110.2857666,-7.6840896],[110.2857361,-7.6840014],[110.2856598,-7.6838574],[110.2856217,-7.6837153],[110.2857666,-7.683301],[110.2858276,-7.6831655],[110.2861938,-7.6829114],[110.286293,-7.6828346],[110.2863083,-7.6827235],[110.2863159,-7.6825928],[110.2863235,-7.6823664],[110.2863083,-7.682137],[110.2863464,-7.6820383],[110.2864838,-7.6818061],[110.2865143,-7.6816826],[110.2865295,-7.6813302],[110.2864456,-7.68123],[110.2864914,-7.6811223],[110.2865677,-7.6807851],[110.2865906,-7.6804413],[110.2867432,-7.6801839],[110.2868195,-7.6800432],[110.2869187,-7.6799407],[110.2869797,-7.6798811],[110.2869803,-7.6798805],[110.2872238,-7.6796345],[110.2873306,-7.6795983],[110.2875061,-7.6795497],[110.2875748,-7.679533],[110.2877121,-7.6794691],[110.2877731,-7.6794405],[110.2878723,-7.6793127],[110.2880783,-7.6789202],[110.288269,-7.6788039],[110.2883682,-7.67873],[110.2883758,-7.6786303],[110.2883911,-7.6784596],[110.2884674,-7.6783008],[110.2885284,-7.6781559],[110.2886581,-7.6778974],[110.2887726,-7.6777448],[110.2888947,-7.6775708],[110.2889099,-7.6774559],[110.2889404,-7.6774287],[110.2890701,-7.6773123],[110.2891922,-7.6772189],[110.2892229,-7.6772107],[110.2893143,-7.6771865],[110.2893026,-7.6771199],[110.289299,-7.6770997],[110.2892914,-7.676784],[110.2893143,-7.6766457],[110.2893677,-7.6765404],[110.2894135,-7.6764774],[110.2895279,-7.6760907],[110.2896118,-7.675909],[110.2896728,-7.6757583],[110.2897034,-7.6756038],[110.2897186,-7.6755285],[110.2898254,-7.6751628],[110.2898788,-7.674952],[110.2899094,-7.6748032],[110.2900543,-7.6746611],[110.2901815,-7.6745916],[110.2903824,-7.6744818],[110.2905121,-7.6743636],[110.2905741,-7.6742915],[110.2906647,-7.6741862],[110.2907639,-7.6740503],[110.2908249,-7.6739855],[110.2908325,-7.6738596],[110.2908783,-7.6734962],[110.2908936,-7.6733431],[110.2911606,-7.6731219],[110.291214,-7.6730699],[110.2912216,-7.6730032],[110.2911758,-7.6728658],[110.2912674,-7.6726188],[110.2912979,-7.6724991],[110.2913132,-7.6723661],[110.2913818,-7.6722698],[110.2915344,-7.6721582],[110.2916239,-7.6721596],[110.2918625,-7.6721635],[110.2919693,-7.6721678],[110.2926102,-7.6716728],[110.2926636,-7.6716313],[110.2928009,-7.6714916],[110.2928012,-7.6714908],[110.2928296,-7.6714252],[110.292862,-7.6713505],[110.2932129,-7.6705203],[110.2933197,-7.6703462],[110.293396,-7.6703028],[110.2934494,-7.6703205],[110.2934825,-7.6703477],[110.2935638,-7.6704144],[110.2936783,-7.6704626],[110.2939072,-7.670454],[110.2939682,-7.670424],[110.2940826,-7.6702003],[110.2940944,-7.6701789],[110.2941437,-7.6700892],[110.294426,-7.6697411],[110.2944565,-7.6697049],[110.2945175,-7.6696186],[110.2945669,-7.6693674],[110.2945785,-7.6693082],[110.2946777,-7.6692485],[110.2948456,-7.6691518],[110.2949295,-7.6690626],[110.2950897,-7.6686869],[110.2952576,-7.6682648],[110.2957535,-7.6676878],[110.2959595,-7.6675324],[110.296135,-7.6673965],[110.2963257,-7.6672573],[110.2963562,-7.6672396],[110.2966919,-7.6669225],[110.29673,-7.666882],[110.2968297,-7.6668138],[110.2971648,-7.6665846],[110.2971649,-7.6665845],[110.2972183,-7.6665458],[110.2975311,-7.6662745],[110.2975518,-7.6662504],[110.298027,-7.6656975],[110.2981033,-7.6656108],[110.2983093,-7.6652069],[110.2983475,-7.6650629],[110.2983856,-7.6650061],[110.2984009,-7.6649809],[110.2985981,-7.6649386],[110.298706,-7.6649155],[110.2991257,-7.6647868],[110.2995453,-7.6647563],[110.2996597,-7.6647277],[110.2997437,-7.664659],[110.2997818,-7.6645274],[110.2997771,-7.6644393],[110.2997589,-7.6641006],[110.2997589,-7.6639385],[110.2999497,-7.6636457],[110.3001175,-7.6634063],[110.3002167,-7.6631446],[110.3002701,-7.6629977],[110.3002931,-7.6629449],[110.3003311,-7.662858],[110.3003769,-7.6624951],[110.3003311,-7.6622963],[110.3003006,-7.662179],[110.3003922,-7.6618623],[110.3005905,-7.6612396],[110.3008118,-7.6605263],[110.3008728,-7.6603341],[110.3008804,-7.6603074],[110.3009567,-7.6601586],[110.3010961,-7.6600654],[110.3011551,-7.660026],[110.3012771,-7.659954],[110.3016434,-7.6592221],[110.3017044,-7.6591191],[110.3018417,-7.6590013],[110.3019333,-7.6588573],[110.3021545,-7.658163],[110.3022079,-7.6579523],[110.30233,-7.6576381],[110.3024826,-7.6572227],[110.3026123,-7.6569714],[110.3027038,-7.6568069],[110.3027878,-7.6564746],[110.3028183,-7.6563797],[110.302887,-7.6561746],[110.3029938,-7.6560325],[110.3032379,-7.6558962],[110.3033676,-7.6557636],[110.3035278,-7.6555872],[110.3039017,-7.6553082],[110.303978,-7.6552243],[110.3040161,-7.6550855],[110.304039,-7.6549811],[110.3041,-7.6549144],[110.3041388,-7.6549049],[110.3043802,-7.6548462],[110.3044586,-7.6548271],[110.3045425,-7.6547789],[110.3045883,-7.6547532],[110.3048325,-7.6546416],[110.3053894,-7.6544442],[110.3053931,-7.6544429],[110.3054275,-7.6544313],[110.3057022,-7.6544032],[110.305809,-7.6543894],[110.3060608,-7.6541247],[110.3061905,-7.6539993],[110.3063889,-7.6538787],[110.3065415,-7.65383],[110.306694,-7.6538381],[110.3068848,-7.6539197],[110.3070755,-7.6540127],[110.3070908,-7.653985],[110.3072968,-7.6536946],[110.3074112,-7.653552],[110.3076782,-7.6534237],[110.3078537,-7.6532826],[110.3080978,-7.6531572],[110.3082094,-7.6531276],[110.3082809,-7.6531086],[110.3084412,-7.6531248],[110.3086014,-7.6531539],[110.308754,-7.6531248],[110.3090744,-7.6529402],[110.3093948,-7.6527481],[110.3096695,-7.6524481],[110.3098186,-7.6522795],[110.3098221,-7.6522756],[110.3100832,-7.6520194],[110.3101786,-7.6519392],[110.3103121,-7.6518268],[110.3103638,-7.6517834],[110.3105698,-7.6515851],[110.3108444,-7.6514153],[110.3109283,-7.6513695],[110.3112259,-7.6512074],[110.3114471,-7.6511297],[110.3122253,-7.6510329],[110.3126755,-7.6510396],[110.3129501,-7.6509876],[110.3130646,-7.6509433],[110.3134513,-7.6508306],[110.3140335,-7.650661],[110.3141632,-7.6506142],[110.3142013,-7.650578],[110.3144531,-7.6501951],[110.3149185,-7.6497602],[110.3152008,-7.6494331],[110.3153992,-7.649261],[110.3155518,-7.6490722],[110.3159485,-7.6484732],[110.3161545,-7.6481704],[110.3163223,-7.6480164],[110.3164673,-7.647944],[110.3169021,-7.6478071],[110.317215,-7.6476946],[110.31760846629783,-7.647410000079518],[110.31760846629783,-7.671612526380714],[110.33108319555963,-7.671612526380714],[110.33108319555963,-7.685087255642506],[110.32210004271843,-7.685087255642506],[110.32210004271843,-7.694070408483703],[110.31760846629783,-7.694070408483703],[110.31760846629783,-7.698561984904299],[110.32210004271843,-7.698561984904299],[110.32210004271843,-7.703053561324897],[110.33108319555963,-7.703053561324897],[110.33108319555963,-7.707545137745496],[110.32210004271843,-7.707545137745496],[110.32210004271843,-7.71652829058669],[110.30862531345664,-7.71652829058669],[110.30862531345664,-7.712036714166092],[110.31311688987724,-7.712036714166092],[110.31311688987724,-7.703053561324897],[110.30413373703604,-7.703053561324897],[110.30413373703604,-7.707545137745496],[110.29964216061545,-7.707545137745496],[110.29964216061545,-7.703053561324897],[110.29515058419484,-7.703053561324897],[110.29515058419484,-7.712036714166092],[110.29964216061545,-7.712036714166092],[110.29964216061545,-7.71652829058669],[110.29515058419484,-7.71652829058669],[110.29515058419484,-7.725511443427885],[110.30413373703604,-7.725511443427885],[110.30413373703604,-7.730003019848483],[110.29964216061545,-7.730003019848483],[110.29964216061545,-7.743477749110276],[110.28616743135365,-7.743477749110276],[110.28616743135365,-7.738986172689677],[110.27718427851246,-7.738986172689677],[110.27718427851246,-7.747969325530874],[110.28167585493306,-7.747969325530874],[110.28167585493306,-7.75246090195147],[110.29065900777425,-7.75246090195147],[110.29065900777425,-7.756952478372068],[110.27718427851246,-7.756952478372068],[110.27718427851246,-7.761444054792666],[110.26370954925066,-7.761444054792666],[110.26370954925066,-7.756952478372068],[110.24574324356827,-7.756952478372068],[110.24574324356827,-7.765935631213265],[110.26820112567125,-7.765935631213265],[110.26820112567125,-7.770427207633861],[110.28167585493306,-7.770427207633861],[110.28167585493306,-7.783901936895654],[110.27269270209186,-7.783901936895654],[110.27269270209186,-7.793307175730273],[110.2719826,-7.7932194]],[[110.28616743135365,-7.707545137745496],[110.29065900777425,-7.707545137745496],[110.29065900777425,-7.703053561324897],[110.28616743135365,-7.703053561324897],[110.28616743135365,-7.707545137745496]]],[[[110.3311081,-7.6378922],[110.3318253,-7.6375336],[110.3319015,-7.6374965],[110.3324966,-7.6374063],[110.3327179,-7.6372475],[110.3327408,-7.6372237],[110.3328781,-7.6369376],[110.3328934,-7.6369004],[110.3332291,-7.6366067],[110.333374,-7.6363825],[110.333519,-7.6360988],[110.3338242,-7.6357178],[110.3341904,-7.6350641],[110.334343,-7.6347041],[110.3343735,-7.6343498],[110.3345108,-7.6341882],[110.3346481,-7.6340346],[110.3346647,-7.634013],[110.334671,-7.6340046],[110.3349152,-7.6336698],[110.3350601,-7.6335392],[110.3353195,-7.6333623],[110.3355942,-7.6332211],[110.3357544,-7.6330413],[110.3359451,-7.6328635],[110.3360062,-7.6328559],[110.3363419,-7.6328149],[110.336441,-7.6327824],[110.3367615,-7.6320696],[110.3368683,-7.6318864],[110.3371506,-7.6316252],[110.3376083,-7.6312485],[110.3377478,-7.630991],[110.3378296,-7.6308398],[110.3379593,-7.6305861],[110.3380432,-7.6304965],[110.3383255,-7.6304545],[110.338707,-7.6304025],[110.3390121,-7.6302981],[110.3394241,-7.6300516],[110.3395462,-7.6298842],[110.339653,-7.6296291],[110.3397522,-7.6294303],[110.3398132,-7.6293044],[110.3399124,-7.6291675],[110.3401184,-7.6290622],[110.340744,-7.6289],[110.3409958,-7.6288066],[110.3417053,-7.6281452],[110.3417641,-7.6280451],[110.3417893,-7.6280021],[110.3418961,-7.6278906],[110.3421326,-7.6277794],[110.342865,-7.6276135],[110.3430634,-7.6275558],[110.3433609,-7.6274161],[110.3443756,-7.6265821],[110.3447647,-7.6262007],[110.3448715,-7.6261253],[110.3459549,-7.6257782],[110.3462753,-7.62572],[110.3470688,-7.6256961],[110.347145,-7.6256966],[110.3471451,-7.6256966],[110.3474121,-7.6256981],[110.3475952,-7.6256614],[110.3478088,-7.6256094],[110.3479462,-7.6255502],[110.3480987,-7.6254472],[110.3484268,-7.6253466],[110.3485718,-7.6253042],[110.3488617,-7.6251392],[110.3489304,-7.6250982],[110.3489533,-7.6250825],[110.3490372,-7.6250005],[110.3491821,-7.6248612],[110.3495331,-7.6241827],[110.3501282,-7.6239323],[110.3502808,-7.6238708],[110.3505249,-7.6236238],[110.3506241,-7.623518],[110.3507538,-7.6234798],[110.3509292,-7.6234898],[110.3512116,-7.6235189],[110.351265,-7.6235199],[110.3513794,-7.6235265],[110.351738,-7.6235556],[110.3519745,-7.6235461],[110.3521347,-7.6234812],[110.3525849,-7.6233034],[110.3529129,-7.6232314],[110.3530502,-7.623199],[110.3532028,-7.6230888],[110.3533325,-7.6229805],[110.3533631,-7.622962],[110.3534164,-7.6229286],[110.3536758,-7.6227946],[110.3538895,-7.6227307],[110.3540344,-7.6227255],[110.3542633,-7.6227875],[110.3543625,-7.6228251],[110.3544083,-7.6228442],[110.3545075,-7.6228366],[110.3547058,-7.6227359],[110.3550186,-7.6225719],[110.3551102,-7.622509],[110.3556366,-7.6221251],[110.3558579,-7.6219048],[110.3559952,-7.6215568],[110.3560562,-7.6214156],[110.3562927,-7.6212272],[110.3566208,-7.6209683],[110.356926,-7.6206703],[110.357254,-7.6204481],[110.3573837,-7.6202998],[110.3575134,-7.6201396],[110.3576965,-7.6200146],[110.358223,-7.619832],[110.3585129,-7.6196203],[110.3588638,-7.6193599],[110.3591537,-7.6188302],[110.3591995,-7.6187596],[110.3593674,-7.6187286],[110.3595123,-7.6187334],[110.3596191,-7.6184864],[110.3596954,-7.6182527],[110.3597641,-7.6181569],[110.3599701,-7.6180353],[110.360878,-7.6177425],[110.3610992,-7.6176457],[110.3612366,-7.6175637],[110.3614655,-7.6173014],[110.3616104,-7.6171331],[110.3616867,-7.6170869],[110.3620911,-7.617146],[110.3627167,-7.6171331],[110.3628311,-7.6170864],[110.3650685,-7.6151405],[110.3651277,-7.6151066],[110.365089,-7.6150805],[110.3650818,-7.6150279],[110.3651123,-7.6148438],[110.3652344,-7.6145768],[110.3653793,-7.614314],[110.3655472,-7.6140456],[110.3656311,-7.613852],[110.3656998,-7.6137213],[110.3659515,-7.6134491],[110.3661881,-7.6132264],[110.3665396,-7.6128968],[110.3665942,-7.6128347],[110.3667033,-7.6126797],[110.3668366,-7.6125197],[110.3670044,-7.612226],[110.367073,-7.6121659],[110.3672714,-7.6121201],[110.3673859,-7.6120968],[110.3675003,-7.6119861],[110.3676224,-7.6118474],[110.367775,-7.6117592],[110.3679123,-7.6117491],[110.3681793,-7.6115336],[110.3682251,-7.6114917],[110.3683472,-7.6114153],[110.3687286,-7.611464],[110.368866,-7.6114783],[110.3689728,-7.6114473],[110.3690796,-7.6113539],[110.3692093,-7.6112189],[110.3694229,-7.611114],[110.3694534,-7.6111016],[110.3699188,-7.6107688],[110.369957,-7.6107425],[110.3702393,-7.6104221],[110.3703766,-7.6102457],[110.3704758,-7.6101279],[110.3710556,-7.6097836],[110.3710861,-7.6097617],[110.3710897,-7.6097592],[110.3711929,-7.6096868],[110.3712997,-7.6096215],[110.3714218,-7.6096263],[110.3716278,-7.6096005],[110.3719101,-7.6095452],[110.3720169,-7.6095223],[110.3721008,-7.6092038],[110.3721466,-7.6090684],[110.3723679,-7.6089077],[110.3725128,-7.6088853],[110.3726883,-7.6088118],[110.3728027,-7.6087274],[110.3732605,-7.6084566],[110.373558,-7.6082692],[110.3737717,-7.6081147],[110.3740768,-7.6079673],[110.3741531,-7.6078915],[110.3742676,-7.6077685],[110.3744049,-7.607646],[110.3746109,-7.6075201],[110.3747101,-7.6074404],[110.3747711,-7.6074319],[110.3748016,-7.6074285],[110.3749237,-7.6074118],[110.3750153,-7.6073694],[110.375145,-7.6073069],[110.3752441,-7.6072383],[110.3753891,-7.6070604],[110.3758697,-7.6067476],[110.3760452,-7.6066255],[110.3760479,-7.6066226],[110.3761444,-7.6065159],[110.3762283,-7.6063065],[110.3763199,-7.6061153],[110.3763657,-7.6060018],[110.3764954,-7.605751],[110.3767471,-7.6055426],[110.376854,-7.6054396],[110.376915,-7.6053176],[110.376915,-7.6051135],[110.3769379,-7.6047969],[110.3769913,-7.6042976],[110.3770218,-7.6041598],[110.3772125,-7.6039548],[110.3774185,-7.6038155],[110.3776169,-7.6037144],[110.3778992,-7.6036153],[110.3783493,-7.6033544],[110.3784104,-7.6032872],[110.3784104,-7.6026644],[110.3785629,-7.6024851],[110.3787231,-7.6023168],[110.3788452,-7.6021385],[110.3789215,-7.6021056],[110.3789597,-7.6019006],[110.3791885,-7.6017342],[110.3794098,-7.6014619],[110.3794403,-7.6012564],[110.3795471,-7.6011243],[110.379776,-7.6011796],[110.3798828,-7.6012869],[110.3799972,-7.6014228],[110.3802109,-7.6014547],[110.3805847,-7.6013736],[110.3808136,-7.601326],[110.3808594,-7.601274],[110.3808746,-7.6010628],[110.3808594,-7.6008153],[110.3808823,-7.600696],[110.3809323,-7.6006389],[110.3810272,-7.6005306],[110.3811569,-7.6004367],[110.3814545,-7.6004081],[110.381691,-7.6003647],[110.3819199,-7.600337],[110.3821106,-7.6003546],[110.3823242,-7.6004052],[110.3824692,-7.600409],[110.382576,-7.6003561],[110.3827362,-7.6001296],[110.3828201,-7.6000423],[110.3829041,-7.6000023],[110.3830567,-7.5999479],[110.3839188,-7.6000471],[110.3841782,-7.60009],[110.384227,-7.6000846],[110.3843842,-7.6000671],[110.3845444,-7.600039],[110.3846664,-7.6000165],[110.3847427,-7.5999884],[110.3848267,-7.5999627],[110.3850174,-7.5997309],[110.3850632,-7.5995493],[110.3851471,-7.5993881],[110.3851395,-7.5992617],[110.3851166,-7.5988636],[110.3851319,-7.5987644],[110.3852387,-7.5986957],[110.3853149,-7.5986433],[110.3853684,-7.5984497],[110.3854446,-7.5981855],[110.3855591,-7.5980692],[110.3858715,-7.5981343],[110.3860248,-7.5981957],[110.3862441,-7.5982657],[110.3864136,-7.5982858],[110.3865333,-7.598276],[110.3866629,-7.5982463],[110.3868446,-7.5980954],[110.3869804,-7.5979921],[110.3870481,-7.5979121],[110.3872452,-7.5978493],[110.387558,-7.5977549],[110.3877258,-7.5977258],[110.3878174,-7.5976543],[110.3881683,-7.5975537],[110.3882141,-7.5975236],[110.3882217,-7.5973897],[110.3882141,-7.5972938],[110.3886032,-7.5970215],[110.3887177,-7.5969157],[110.3889007,-7.5967831],[110.3892594,-7.5963807],[110.3896255,-7.5960965],[110.3897705,-7.5959735],[110.3899612,-7.5958204],[110.3900299,-7.5957532],[110.390152,-7.5956306],[110.3901825,-7.5955577],[110.3902588,-7.5954408],[110.3903503,-7.5953741],[110.3904648,-7.5953664],[110.3905716,-7.5953893],[110.3907242,-7.5952611],[110.3908157,-7.5950932],[110.3908768,-7.5950093],[110.3909759,-7.5949244],[110.3910065,-7.5948071],[110.3909759,-7.5946703],[110.3907776,-7.5943846],[110.3907776,-7.5941896],[110.3907776,-7.5941124],[110.3907013,-7.5940084],[110.3905564,-7.5939202],[110.3903046,-7.5938892],[110.3901291,-7.5938539],[110.3899383,-7.5937009],[110.3898544,-7.5935654],[110.3898163,-7.5933051],[110.389946,-7.5929188],[110.3899841,-7.5924444],[110.3899918,-7.5923738],[110.3909073,-7.5923495],[110.3910065,-7.5923371],[110.3911896,-7.5922284],[110.3913422,-7.5921788],[110.3914185,-7.5921449],[110.3919754,-7.5917167],[110.392128,-7.5916533],[110.3923492,-7.5916376],[110.3924713,-7.5916314],[110.3925705,-7.5915427],[110.392807,-7.5914678],[110.3930588,-7.5913234],[110.3932572,-7.5911884],[110.3933869,-7.5911097],[110.3934411,-7.5910444],[110.3935013,-7.5909719],[110.3935547,-7.5908656],[110.3936691,-7.5907912],[110.3938293,-7.5906625],[110.3938751,-7.5905766],[110.3939209,-7.5904541],[110.3943481,-7.5901475],[110.3944702,-7.5900221],[110.394577,-7.5898361],[110.3946457,-7.5897498],[110.3951874,-7.5896849],[110.3953552,-7.5895209],[110.3954163,-7.5894069],[110.3954239,-7.5892944],[110.395607,-7.5891766],[110.3958206,-7.5891366],[110.3961182,-7.5892005],[110.3963852,-7.5891571],[110.3964844,-7.5887885],[110.3967056,-7.5884752],[110.3968048,-7.5882163],[110.3968735,-7.5881171],[110.3968963,-7.5880947],[110.3969269,-7.588087],[110.3970489,-7.5880112],[110.3971558,-7.5878768],[110.3973236,-7.5876279],[110.3975677,-7.58743],[110.3978043,-7.5872636],[110.3980484,-7.5870037],[110.3980484,-7.5868888],[110.398056,-7.5866856],[110.3981933,-7.5865745],[110.3985672,-7.5862751],[110.3985977,-7.5861869],[110.3986282,-7.5860219],[110.3986282,-7.5857558],[110.3987122,-7.5852499],[110.3988724,-7.584877],[110.3989944,-7.5848398],[110.3992615,-7.584793],[110.3996506,-7.5847354],[110.4000855,-7.5847849],[110.4001541,-7.5847067],[110.4002228,-7.584547],[110.4003067,-7.5843396],[110.4004059,-7.5841188],[110.4004669,-7.5837888],[110.4004364,-7.5835256],[110.4004593,-7.583354],[110.4004745,-7.5831442],[110.400528,-7.5829649],[110.4006195,-7.5828504],[110.4009552,-7.5824833],[110.4009323,-7.5823927],[110.4008331,-7.5822959],[110.4007187,-7.5821619],[110.4007721,-7.5820965],[110.4010849,-7.5818105],[110.401207,-7.5817408],[110.4015961,-7.5815077],[110.4016342,-7.5814218],[110.4016037,-7.5812964],[110.4014969,-7.5811071],[110.4014358,-7.5810103],[110.4014282,-7.5809259],[110.4014206,-7.5803613],[110.4014206,-7.5803203],[110.401474,-7.5801582],[110.4015198,-7.5799827],[110.4015045,-7.5798754],[110.4014587,-7.5796485],[110.4015045,-7.5794787],[110.4015884,-7.5793786],[110.4020538,-7.5789585],[110.4021835,-7.5789041],[110.402298,-7.578897],[110.4025879,-7.5788445],[110.4026489,-7.5787606],[110.4026642,-7.5786314],[110.4027176,-7.5785145],[110.4028549,-7.5783396],[110.4031677,-7.5780301],[110.4033203,-7.5779762],[110.403862,-7.5778641],[110.4039841,-7.5777607],[110.4041214,-7.5775718],[110.4040756,-7.5774731],[110.4039307,-7.5770874],[110.4040298,-7.576662],[110.4040375,-7.5765638],[110.404068,-7.5763969],[110.4041748,-7.5762744],[110.4043808,-7.5761242],[110.4046249,-7.5759945],[110.4048538,-7.5758319],[110.4051742,-7.5756159],[110.4055633,-7.5754342],[110.4056625,-7.5753837],[110.4058206,-7.5753405],[110.4058304,-7.5753379],[110.405838,-7.5752711],[110.4058914,-7.5750975],[110.4059753,-7.5749898],[110.4061203,-7.574871],[110.40625,-7.5747304],[110.4062653,-7.5746484],[110.4062653,-7.574408],[110.4063034,-7.574203],[110.4064026,-7.5741281],[110.4064865,-7.5740256],[110.406517,-7.573904],[110.4065781,-7.5737538],[110.4066696,-7.573554],[110.4066009,-7.5733795],[110.4066315,-7.5732288],[110.4067078,-7.5731239],[110.4069061,-7.5729389],[110.4070435,-7.5728712],[110.4072037,-7.572844],[110.4073792,-7.5727987],[110.4074097,-7.5727949],[110.4075012,-7.5727462],[110.4075546,-7.5726695],[110.4076004,-7.5725641],[110.4078751,-7.5722403],[110.4082718,-7.5720615],[110.408371,-7.5719785],[110.4085236,-7.5718098],[110.4086609,-7.571753],[110.4087296,-7.571712],[110.408783,-7.5716691],[110.4092636,-7.5705156],[110.4092655,-7.5705137],[110.4100952,-7.5696544],[110.4130821,-7.5654228],[110.4130859,-7.5654173],[110.4131089,-7.5653821],[110.4131851,-7.5652651],[110.4132614,-7.565187],[110.4133606,-7.5651474],[110.4134064,-7.5651498],[110.4135132,-7.5651564],[110.4136582,-7.5652012],[110.413765,-7.5651889],[110.4137802,-7.5651474],[110.4137115,-7.5650344],[110.4136505,-7.5649643],[110.4136734,-7.5649066],[110.4137726,-7.5648694],[110.414093,-7.564908],[110.4141693,-7.5649118],[110.4142151,-7.5648708],[110.4142151,-7.564733],[110.4141083,-7.5644631],[110.4140778,-7.5643496],[110.4143295,-7.5638585],[110.4144821,-7.5636473],[110.4145431,-7.5635605],[110.4146194,-7.5634355],[110.41465,-7.5633297],[110.4146957,-7.5632334],[110.4150085,-7.562943],[110.415123,-7.5627279],[110.4151535,-7.5625501],[110.4151688,-7.5624599],[110.4153061,-7.5623488],[110.4154739,-7.5622787],[110.4155426,-7.5622439],[110.4156189,-7.5620064],[110.4155502,-7.5618519],[110.4155197,-7.5617719],[110.415596,-7.5616207],[110.4156189,-7.5615802],[110.4159012,-7.5612516],[110.4159698,-7.5611643],[110.4161758,-7.5610737],[110.4163361,-7.5610408],[110.4166489,-7.5611019],[110.4169312,-7.5611305],[110.4170227,-7.5611229],[110.4172134,-7.5609603],[110.4173736,-7.5607543],[110.4174576,-7.5606427],[110.4179382,-7.5604672],[110.4180908,-7.5604167],[110.4181671,-7.5602712],[110.4182129,-7.560131],[110.4182434,-7.5599851],[110.4183426,-7.5598244],[110.4183731,-7.5597834],[110.4183731,-7.559658],[110.4183807,-7.5596313],[110.4186554,-7.559309],[110.4188232,-7.5592346],[110.4189987,-7.5592036],[110.4191589,-7.5591698],[110.4194488,-7.5590415],[110.4194946,-7.5589642],[110.419487,-7.5587683],[110.4195099,-7.5586858],[110.4196015,-7.5585842],[110.4200668,-7.5581398],[110.4201889,-7.5580978],[110.4203491,-7.5580539],[110.4204102,-7.5579719],[110.4204559,-7.5578384],[110.4205093,-7.5577063],[110.4206009,-7.5576053],[110.4207611,-7.5575089],[110.4209213,-7.5574655],[110.4211807,-7.5574245],[110.4213943,-7.5573449],[110.4214249,-7.557333],[110.4215698,-7.5573072],[110.4219284,-7.5573096],[110.4222946,-7.5572867],[110.4225769,-7.5573177],[110.4227981,-7.5572857],[110.4228516,-7.5572638],[110.4231567,-7.5569586],[110.4232788,-7.5568757],[110.4234848,-7.5568804],[110.4236603,-7.5568962],[110.4239502,-7.5569124],[110.4241257,-7.5568919],[110.4242477,-7.5568022],[110.4244232,-7.5567088],[110.4246521,-7.5566725],[110.4247284,-7.556654],[110.4247589,-7.5566349],[110.4247589,-7.5565243],[110.4247589,-7.5564723],[110.4247971,-7.5562911],[110.4248581,-7.5561695],[110.4250107,-7.5558638],[110.4250946,-7.5557351],[110.4251251,-7.5557108],[110.4253769,-7.5555777],[110.4255753,-7.5555181],[110.4257279,-7.5553984],[110.4258728,-7.5552926],[110.425911,-7.5552773],[110.4260406,-7.5552368],[110.4261932,-7.5551972],[110.4264374,-7.5550461],[110.4266358,-7.5549068],[110.4267044,-7.5548548],[110.4269409,-7.554718],[110.4270172,-7.5546622],[110.4271851,-7.5544877],[110.427269,-7.5543847],[110.4273071,-7.5543294],[110.4273148,-7.5543065],[110.4273682,-7.5540895],[110.4274063,-7.5538883],[110.427414,-7.553833],[110.4274979,-7.5536618],[110.4275741,-7.5534796],[110.427597,-7.5533857],[110.4276428,-7.5532884],[110.4277573,-7.5531411],[110.4278717,-7.5529904],[110.427887,-7.5529656],[110.4279785,-7.5528421],[110.4280167,-7.5527963],[110.4281082,-7.552701],[110.4281387,-7.5526657],[110.4283752,-7.5524597],[110.4285584,-7.5523205],[110.4285813,-7.5522976],[110.4286728,-7.5521774],[110.4287949,-7.5520825],[110.4289703,-7.5519886],[110.4291535,-7.5519032],[110.4292984,-7.5518293],[110.4293747,-7.551784],[110.4294052,-7.5517688],[110.4296188,-7.5517201],[110.429718,-7.5517001],[110.4298706,-7.5516557],[110.4299088,-7.5516371],[110.4300385,-7.551507],[110.4301453,-7.551382],[110.4302673,-7.5512743],[110.4303284,-7.5512218],[110.430397,-7.5511837],[110.430542,-7.5510645],[110.430687,-7.55093],[110.430809,-7.550868],[110.4308777,-7.550837],[110.4310074,-7.5507622],[110.4312134,-7.5506673],[110.431366,-7.5505743],[110.4315338,-7.5504627],[110.4315567,-7.550446],[110.4316788,-7.550344],[110.431778,-7.5502934],[110.4318085,-7.5502782],[110.4381104,-7.5476927],[110.4381149,-7.5476905],[110.4407044,-7.5464367],[110.4441452,-7.5442381],[110.4451294,-7.5433297],[110.4454154,-7.5428967],[110.4460721,-7.5419023],[110.4460754,-7.5418973],[110.4460836,-7.5418947],[110.4460752,-7.5419005],[110.4460755,-7.5419009],[110.4460817,-7.5419133],[110.4466019,-7.5429501],[110.4480133,-7.5448899],[110.4480591,-7.5449819],[110.448082,-7.5450444],[110.4480896,-7.545134],[110.4480972,-7.545186],[110.4481201,-7.5452313],[110.4481354,-7.5452552],[110.4481506,-7.5453033],[110.4481964,-7.5453744],[110.4482269,-7.5454783],[110.4482498,-7.5455298],[110.4482803,-7.5456023],[110.4483032,-7.5456786],[110.4483185,-7.5457582],[110.4483566,-7.5458283],[110.4484024,-7.5459037],[110.4484329,-7.5459523],[110.4484711,-7.546021],[110.4485016,-7.5460825],[110.4485245,-7.5461273],[110.4485779,-7.5462002],[110.4486084,-7.5462288],[110.4486542,-7.5462856],[110.4486771,-7.5463648],[110.4487228,-7.5464377],[110.4487457,-7.5465297],[110.448761,-7.5466332],[110.4487839,-7.5466981],[110.4488144,-7.5467563],[110.4488449,-7.5467934],[110.4488678,-7.546834],[110.4488831,-7.5468702],[110.4489594,-7.5469579],[110.4489975,-7.5470195],[110.4490738,-7.5471249],[110.4491043,-7.5471573],[110.4491348,-7.5472398],[110.4491501,-7.5473103],[110.4491501,-7.5474181],[110.4491348,-7.5474906],[110.4491348,-7.5475306],[110.4491653,-7.547594],[110.4492188,-7.5476737],[110.4492492,-7.5476942],[110.4493256,-7.5477643],[110.4493866,-7.5478353],[110.4494324,-7.5478902],[110.4495011,-7.5479703],[110.449585,-7.5480852],[110.4496536,-7.5481868],[110.4497376,-7.548306],[110.4497986,-7.5483727],[110.4499588,-7.5484881],[110.4500656,-7.548593],[110.4501419,-7.5487046],[110.4501648,-7.5487308],[110.4502487,-7.5488758],[110.4502869,-7.548963],[110.4503174,-7.5490775],[110.4503555,-7.5492339],[110.4503632,-7.5492816],[110.4504013,-7.5495434],[110.4504394,-7.5496359],[110.4517059,-7.5503397],[110.4530716,-7.5519976],[110.4562607,-7.5575885],[110.4562683,-7.5577535],[110.4562912,-7.5579219],[110.4563446,-7.5580916],[110.4563827,-7.5582022],[110.4564667,-7.5583667],[110.4564819,-7.5583868],[110.4565659,-7.5585126],[110.4566289,-7.5585984],[110.4566879,-7.5586786],[110.4567642,-7.5587916],[110.4568176,-7.558928],[110.456871,-7.5591087],[110.4568863,-7.5593147],[110.4569244,-7.5594568],[110.457016,-7.5596828],[110.4571076,-7.5598826],[110.457222,-7.5601129],[110.4572677,-7.5603056],[110.4572677,-7.5603385],[110.4572373,-7.5604706],[110.4571381,-7.560625],[110.4570465,-7.5607929],[110.4570312,-7.5608287],[110.4570389,-7.5609546],[110.457077,-7.5611577],[110.4570999,-7.5612659],[110.4570999,-7.561397],[110.4570389,-7.5615597],[110.4568939,-7.5617022],[110.4568253,-7.5618009],[110.456871,-7.5619259],[110.456955,-7.5621008],[110.457077,-7.5623626],[110.4571076,-7.5625233],[110.4571076,-7.5625567],[110.4571381,-7.562706],[110.4572144,-7.5627937],[110.4573517,-7.5628958],[110.4575119,-7.5630717],[110.4575195,-7.5631037],[110.4575195,-7.5631876],[110.4574814,-7.5633049],[110.4574356,-7.5634246],[110.457428,-7.5635538],[110.4574203,-7.563642],[110.4574203,-7.5637607],[110.4574203,-7.5639243],[110.4574356,-7.5640187],[110.4574814,-7.5641708],[110.4575119,-7.5643282],[110.4575119,-7.5644126],[110.4575107,-7.5644288],[110.4574966,-7.5646128],[110.4574814,-7.5647197],[110.4574737,-7.5647525],[110.4574509,-7.5648222],[110.4574509,-7.5648961],[110.4574203,-7.5651025],[110.4574127,-7.565269],[110.4574432,-7.5653815],[110.4576874,-7.5657978],[110.4577103,-7.5659084],[110.4577332,-7.5661621],[110.4577561,-7.5662589],[110.4579162,-7.5664672],[110.4579468,-7.5665092],[110.4580688,-7.5666699],[110.4582214,-7.5668082],[110.458374,-7.5669737],[110.4584961,-7.5671677],[110.4585876,-7.5672779],[110.4585898,-7.5672804],[110.4586105,-7.5673046],[110.4587097,-7.567461],[110.458737,-7.5675289],[110.4587402,-7.5675368],[110.4588394,-7.5677695],[110.4588928,-7.5680632],[110.4590683,-7.568521],[110.4593277,-7.5689368],[110.4594955,-7.5694442],[110.4595566,-7.5695605],[110.4596252,-7.5696812],[110.4596939,-7.5699477],[110.4596863,-7.5700602],[110.4596558,-7.5701856],[110.4596024,-7.5704789],[110.459549,-7.5706935],[110.4594879,-7.5709939],[110.459404,-7.5712776],[110.4593964,-7.5713496],[110.4594421,-7.5715928],[110.4594803,-7.5717091],[110.4595871,-7.571907],[110.45961,-7.5721898],[110.4595718,-7.5725913],[110.4595642,-7.5727119],[110.4597321,-7.5730123],[110.4598236,-7.5732913],[110.4598846,-7.5734243],[110.4599381,-7.573576],[110.4600296,-7.5738735],[110.460022,-7.5741563],[110.4601135,-7.5745234],[110.4601593,-7.5748472],[110.4601211,-7.5750255],[110.4600754,-7.575293],[110.4600677,-7.5754699],[110.4600449,-7.5756364],[110.4600143,-7.5758686],[110.4599991,-7.5761628],[110.4600525,-7.5766682],[110.4600143,-7.5769143],[110.4599991,-7.5770411],[110.4600372,-7.5772004],[110.4599304,-7.5777354],[110.4599152,-7.5781011],[110.4599609,-7.5783243],[110.4600296,-7.5785079],[110.460144,-7.5788994],[110.4601974,-7.57901],[110.4603043,-7.5790796],[110.4603882,-7.5791559],[110.460434,-7.5792894],[110.4604187,-7.5796389],[110.4604078,-7.5797659],[110.4604111,-7.5799031],[110.4604225,-7.5799128],[110.460434,-7.5799465],[110.4604874,-7.5800729],[110.4605179,-7.5801296],[110.4605408,-7.5802107],[110.4605789,-7.580307],[110.4605929,-7.5804303],[110.4605942,-7.5804419],[110.4605901,-7.5804918],[110.4605789,-7.5805459],[110.4605255,-7.5806131],[110.4604111,-7.5808491],[110.4599457,-7.5815062],[110.4599381,-7.581562],[110.4598694,-7.5818958],[110.4597855,-7.5820837],[110.4596787,-7.5823683],[110.45961,-7.5825409],[110.4595032,-7.5828099],[110.4594421,-7.5831127],[110.4594421,-7.5831437],[110.4594421,-7.5835018],[110.459465,-7.5836954],[110.4594726,-7.5838151],[110.4595718,-7.5839805],[110.4596787,-7.5841808],[110.4597626,-7.584341],[110.4598007,-7.5844059],[110.4599457,-7.5846691],[110.4600372,-7.5847849],[110.4601593,-7.58498],[110.4602051,-7.585145],[110.4603043,-7.5854497],[110.4603043,-7.5855889],[110.4602661,-7.5859537],[110.4602966,-7.5860433],[110.460434,-7.5863194],[110.4605789,-7.5866122],[110.4605408,-7.5866298],[110.4604798,-7.58672],[110.4604111,-7.5868125],[110.4603729,-7.5869584],[110.4603729,-7.5869899],[110.4604111,-7.5874915],[110.460434,-7.5876503],[110.4605331,-7.5878091],[110.4607239,-7.5879512],[110.4607544,-7.5879931],[110.4608307,-7.588087],[110.4609604,-7.5882177],[110.4610214,-7.5882778],[110.4610367,-7.5883174],[110.4610519,-7.5887022],[110.4610672,-7.5889945],[110.4610901,-7.5891003],[110.4611054,-7.5891747],[110.4611206,-7.5892405],[110.4611664,-7.5894179],[110.4611435,-7.589489],[110.4609833,-7.5895934],[110.4608487,-7.5896495],[110.4607605,-7.5897053],[110.4607399,-7.5897288],[110.4606518,-7.5899287],[110.4605924,-7.5899541],[110.4605102,-7.590043],[110.4607086,-7.5902424],[110.4607315,-7.5903215],[110.460762,-7.5903687],[110.4607544,-7.5904197],[110.4607696,-7.5906625],[110.4608231,-7.5909223],[110.460907,-7.5913605],[110.4609222,-7.5914125],[110.460968,-7.5915966],[110.4611044,-7.5916597],[110.461172,-7.5917567],[110.4611396,-7.5918125],[110.4611054,-7.591845],[110.4610138,-7.5919251],[110.4610191,-7.5919928],[110.4610367,-7.5922184],[110.4611664,-7.5928726],[110.4612045,-7.5931639],[110.4612122,-7.5933623],[110.4612274,-7.5935273],[110.4612351,-7.5936317],[110.461319,-7.5937495],[110.4613647,-7.5938673],[110.4613952,-7.5942273],[110.4614181,-7.5943346],[110.4614868,-7.5946192],[110.4615097,-7.5947299],[110.4615707,-7.5951557],[110.461647,-7.5956244],[110.4616623,-7.5956902],[110.4617233,-7.5961265],[110.461792,-7.5965085],[110.4617996,-7.5965356],[110.4618225,-7.5966587],[110.4618759,-7.5970082],[110.4619064,-7.5972366],[110.4619827,-7.5975127],[110.4620361,-7.5977115],[110.4620437,-7.5977554],[110.4620556,-7.5979198],[110.462059,-7.5979671],[110.4621124,-7.5983362],[110.4621506,-7.5985441],[110.4621887,-7.5987181],[110.4622192,-7.5988574],[110.4622682,-7.5992156],[110.4623534,-7.5996741],[110.4624181,-7.5997152],[110.4624475,-7.5997946],[110.4624798,-7.6000562],[110.4624768,-7.6003236],[110.4625062,-7.6003794],[110.4625297,-7.6006263],[110.4625621,-7.6007674],[110.4627266,-7.6014786],[110.4626826,-7.6015286],[110.462759,-7.6019459],[110.4628471,-7.6023808],[110.4629147,-7.6026336],[110.4629559,-7.6029951],[110.4629618,-7.6031508],[110.4629706,-7.6032684],[110.4629787,-7.6033287],[110.4630203,-7.603425],[110.4630585,-7.6036958],[110.4631577,-7.6042337],[110.4632568,-7.6047482],[110.4633102,-7.6048774],[110.4633713,-7.6049824],[110.4634628,-7.6052003],[110.4635849,-7.6054673],[110.4637604,-7.6059251],[110.4637756,-7.6059685],[110.4639206,-7.6062555],[110.4640503,-7.6065673],[110.4642334,-7.6069465],[110.4645691,-7.6076383],[110.4647446,-7.6080131],[110.4648285,-7.6082105],[110.464859,-7.6082849],[110.4649048,-7.608438],[110.4650269,-7.6086969],[110.465065,-7.6087961],[110.46521,-7.6091289],[110.465332,-7.6093888],[110.4653702,-7.6094723],[110.4655151,-7.6097564],[110.465683,-7.6101856],[110.4657746,-7.6103749],[110.4659653,-7.6107535],[110.4662399,-7.6114497],[110.4664917,-7.6119995],[110.4667129,-7.6125221],[110.4667664,-7.612659],[110.466835,-7.6128073],[110.4669627,-7.6130795],[110.4669647,-7.6130838],[110.4669798,-7.613113],[110.4670868,-7.6133208],[110.4673996,-7.6141286],[110.4674377,-7.6142273],[110.4674988,-7.6143818],[110.4675217,-7.6144709],[110.4675598,-7.6145673],[110.4677124,-7.6150155],[110.4677429,-7.6151056],[110.4677887,-7.6152629],[110.4678726,-7.6155185],[110.4680634,-7.6160526],[110.4682388,-7.6166334],[110.4682617,-7.6167417],[110.4682999,-7.6168689],[110.4684448,-7.6173525],[110.4684662,-7.617486],[110.4684979,-7.6175762],[110.4684973,-7.6176808],[110.4685135,-7.6177821],[110.4685059,-7.6184602],[110.4685211,-7.6186642],[110.4685364,-7.6189174],[110.468544,-7.6190447],[110.4685516,-7.6191716],[110.4685516,-7.6197181],[110.4685593,-7.6199965],[110.4685593,-7.6202244],[110.4685516,-7.6208744],[110.4685516,-7.6209769],[110.468544,-7.6215105],[110.4685364,-7.6216197],[110.4685287,-7.6216445],[110.4685287,-7.6217761],[110.4685287,-7.6222744],[110.4685287,-7.6230984],[110.4684982,-7.6235022],[110.4684982,-7.6237268],[110.4684982,-7.623836],[110.4684982,-7.6242628],[110.4685059,-7.6245856],[110.4685059,-7.6246962],[110.4684982,-7.6248474],[110.4684982,-7.6250005],[110.4684982,-7.6250553],[110.4684982,-7.6255908],[110.4684982,-7.6265016],[110.4685059,-7.6271968],[110.4685059,-7.6273617],[110.4685059,-7.6279163],[110.468483,-7.6279573],[110.4684754,-7.6280765],[110.4684601,-7.6285066],[110.4684601,-7.6290464],[110.4684601,-7.6295309],[110.4684677,-7.6300888],[110.4684677,-7.6302996],[110.4684677,-7.6306],[110.4684677,-7.6308565],[110.4684677,-7.6309781],[110.4684677,-7.6318454],[110.4684754,-7.6320972],[110.4684754,-7.6322031],[110.4684754,-7.6323151],[110.4684669,-7.6325774],[110.4685017,-7.6372064],[110.4685017,-7.6372098],[110.4685019,-7.6372279],[110.4687042,-7.6383133],[110.4688034,-7.638793],[110.4688339,-7.6389203],[110.4689789,-7.6395812],[110.4691849,-7.6403599],[110.469223,-7.6405759],[110.4692871,-7.6411907],[110.4693079,-7.6413104],[110.4693704,-7.6416124],[110.4695057,-7.6421747],[110.4695734,-7.6424818],[110.4697113,-7.6429104],[110.4697608,-7.6433148],[110.46983,-7.6436663],[110.4699482,-7.6442675],[110.4701929,-7.6453972],[110.4703699,-7.6460011],[110.4704376,-7.64635],[110.4704532,-7.6464593],[110.4704793,-7.6466051],[110.4705261,-7.6468081],[110.4706421,-7.6471491],[110.4706726,-7.6474137],[110.4706421,-7.6476765],[110.4706345,-7.6477809],[110.4707107,-7.6479029],[110.4708488,-7.6482538],[110.4708862,-7.6483488],[110.4709549,-7.6486568],[110.4710541,-7.6490144],[110.47107380765829,-7.649154644277727],[110.47032206459815,-7.649154644277727],[110.47032206459815,-7.653646220698323],[110.47205526117492,-7.653646220698323],[110.4720688,-7.6537118],[110.4721298,-7.6540103],[110.4722214,-7.6545796],[110.4723511,-7.6550398],[110.4724121,-7.6552696],[110.4724274,-7.6553268],[110.4724884,-7.6556348],[110.4727783,-7.6568927],[110.4728927,-7.6574182],[110.4729767,-7.6578984],[110.4730453,-7.6581826],[110.4730835,-7.6582708],[110.4730947,-7.6583181],[110.4731216,-7.6584315],[110.4732971,-7.6592679],[110.4733734,-7.6596007],[110.4734039,-7.6597686],[110.473465,-7.6599545],[110.4734726,-7.660058],[110.4734879,-7.6600966],[110.4735565,-7.660263],[110.4736862,-7.6609187],[110.4737472,-7.6612691],[110.4738159,-7.6616015],[110.474144,-7.6630177],[110.4741592,-7.663094],[110.4744186,-7.6644516],[110.4745407,-7.6648426],[110.474617,-7.6650848],[110.4746475,-7.6652436],[110.4749985,-7.6668458],[110.4751129,-7.6673627],[110.4751511,-7.6675477],[110.4751535,-7.667561],[110.4753494,-7.6686139],[110.4754867,-7.6690902],[110.4755631,-7.6694312],[110.4756393,-7.6697845],[110.4757996,-7.6705565],[110.4759064,-7.671031],[110.4759751,-7.6713395],[110.4762192,-7.6723556],[110.4763565,-7.6729273],[110.4764709,-7.673264],[110.4766007,-7.6734581],[110.4766922,-7.6737818],[110.4768905,-7.6745214],[110.4769821,-7.6749673],[110.4770584,-7.6753468],[110.4770737,-7.675529],[110.4770965,-7.6758074],[110.4770965,-7.6761074],[110.4771042,-7.6761627],[110.4772263,-7.6769342],[110.4773789,-7.6776042],[110.4773977,-7.6776912],[110.4773369,-7.6777057],[110.4773522,-7.677767],[110.477609,-7.6787939],[110.477761,-7.679426],[110.477801,-7.679658],[110.477865,-7.6799621],[110.4779361,-7.6802659],[110.478041,-7.6807142],[110.4781931,-7.6814183],[110.4782811,-7.6817784],[110.4783211,-7.6818504],[110.478363,-7.6820554],[110.4785131,-7.6827706],[110.4785611,-7.6830106],[110.4789429,-7.6846642],[110.4790332,-7.685147],[110.4791772,-7.6858351],[110.4792733,-7.6862672],[110.4793453,-7.6865953],[110.4794413,-7.6870113],[110.4795133,-7.6873154],[110.4796093,-7.6878195],[110.4797213,-7.6882035],[110.4799134,-7.6889557],[110.4800174,-7.6895478],[110.48002647021582,-7.689578832063105],[110.47930521743935,-7.689578832063105],[110.47930521743935,-7.694070408483703],[110.47481364101876,-7.694070408483703],[110.47481364101876,-7.698561984904299],[110.48203063369242,-7.698561984904299],[110.4820497,-7.6986454],[110.4821298,-7.6988694],[110.4821618,-7.6990855],[110.4822978,-7.6997736],[110.4825218,-7.7008058],[110.4825538,-7.7010218],[110.4825858,-7.7011819],[110.4826584,-7.701261],[110.4826585,-7.7012616],[110.4826813,-7.7014127],[110.4827194,-7.701611],[110.4829617,-7.7027627],[110.4829619,-7.7027637],[110.4829613,-7.7028037],[110.4829872,-7.7031921],[110.4830712,-7.7042368],[110.4831246,-7.7047871],[110.4831398,-7.7049425],[110.4831475,-7.7050241],[110.4831932,-7.7050842],[110.4832964,-7.7051303],[110.4833382,-7.705149],[110.4835137,-7.7052601],[110.4835518,-7.705283],[110.4836052,-7.7055081],[110.4836857,-7.7058033],[110.4837044,-7.7058719],[110.4837543,-7.706164],[110.48403842773136,-7.707545137745496],[110.48379679385995,-7.707545137745496],[110.48379679385995,-7.71652829058669],[110.47032206459815,-7.71652829058669],[110.47032206459815,-7.721019867007288],[110.45235575891576,-7.721019867007288],[110.45235575891576,-7.71652829058669],[110.45684733533636,-7.71652829058669],[110.45684733533636,-7.712036714166092],[110.45235575891576,-7.712036714166092],[110.45235575891576,-7.707545137745496],[110.45684733533636,-7.707545137745496],[110.45684733533636,-7.703053561324897],[110.46583048817756,-7.703053561324897],[110.46583048817756,-7.707545137745496],[110.47032206459815,-7.707545137745496],[110.47032206459815,-7.694070408483703],[110.43888102965397,-7.694070408483703],[110.43888102965397,-7.685087255642506],[110.44337260607458,-7.685087255642506],[110.44337260607458,-7.680595679221908],[110.43888102965397,-7.680595679221908],[110.43888102965397,-7.676104102801312],[110.43438945323336,-7.676104102801312],[110.43438945323336,-7.680595679221908],[110.42989787681277,-7.680595679221908],[110.42989787681277,-7.676104102801312],[110.42540630039218,-7.676104102801312],[110.42540630039218,-7.671612526380714],[110.42989787681277,-7.671612526380714],[110.42989787681277,-7.667120949960116],[110.43438945323336,-7.667120949960116],[110.43438945323336,-7.671612526380714],[110.43888102965397,-7.671612526380714],[110.43888102965397,-7.667120949960116],[110.44337260607458,-7.667120949960116],[110.44337260607458,-7.658137797118921],[110.43888102965397,-7.658137797118921],[110.43888102965397,-7.662629373539519],[110.43438945323336,-7.662629373539519],[110.43438945323336,-7.658137797118921],[110.42989787681277,-7.658137797118921],[110.42989787681277,-7.649154644277727],[110.42540630039218,-7.649154644277727],[110.42540630039218,-7.644663067857128],[110.42091472397158,-7.644663067857128],[110.42091472397158,-7.658137797118921],[110.41642314755099,-7.658137797118921],[110.41642314755099,-7.662629373539519],[110.41193157113038,-7.662629373539519],[110.41193157113038,-7.671612526380714],[110.393965265448,-7.671612526380714],[110.393965265448,-7.667120949960116],[110.3894736890274,-7.667120949960116],[110.3894736890274,-7.671612526380714],[110.38498211260679,-7.671612526380714],[110.38498211260679,-7.694070408483703],[110.3804905361862,-7.694070408483703],[110.3804905361862,-7.689578832063105],[110.37599895976561,-7.689578832063105],[110.37599895976561,-7.685087255642506],[110.371507383345,-7.685087255642506],[110.371507383345,-7.680595679221908],[110.3804905361862,-7.680595679221908],[110.3804905361862,-7.671612526380714],[110.37599895976561,-7.671612526380714],[110.37599895976561,-7.676104102801312],[110.36701580692441,-7.676104102801312],[110.36701580692441,-7.680595679221908],[110.36252423050381,-7.680595679221908],[110.36252423050381,-7.676104102801312],[110.35803265408322,-7.676104102801312],[110.35803265408322,-7.671612526380714],[110.34904950124202,-7.671612526380714],[110.34904950124202,-7.667120949960116],[110.34455792482142,-7.667120949960116],[110.34455792482142,-7.662629373539519],[110.34006634840082,-7.662629373539519],[110.34006634840082,-7.658137797118921],[110.33108319555963,-7.658137797118921],[110.33108319555963,-7.653646220698323],[110.34455792482142,-7.653646220698323],[110.34455792482142,-7.644663067857128],[110.34006634840082,-7.644663067857128],[110.34006634840082,-7.64017149143653],[110.33108319555963,-7.64017149143653],[110.33108319555963,-7.637923330550461],[110.3311081,-7.6378922]],[[110.42540630039218,-7.599747303651152],[110.42091472397158,-7.599747303651152],[110.42091472397158,-7.608730456492348],[110.42540630039218,-7.608730456492348],[110.42540630039218,-7.60423888007175],[110.42989787681277,-7.60423888007175],[110.42989787681277,-7.595255727230554],[110.42540630039218,-7.595255727230554],[110.42540630039218,-7.599747303651152]],[[110.42091472397158,-7.622205185754141],[110.42540630039218,-7.622205185754141],[110.42540630039218,-7.617713609333543],[110.42091472397158,-7.617713609333543],[110.42091472397158,-7.622205185754141]],[[110.44337260607458,-7.631188338595336],[110.44786418249517,-7.631188338595336],[110.44786418249517,-7.626696762174737],[110.44337260607458,-7.626696762174737],[110.44337260607458,-7.631188338595336]],[[110.34904950124202,-7.653646220698323],[110.35354107766261,-7.653646220698323],[110.35354107766261,-7.658137797118921],[110.36252423050381,-7.658137797118921],[110.36252423050381,-7.653646220698323],[110.35803265408322,-7.653646220698323],[110.35803265408322,-7.649154644277727],[110.34904950124202,-7.649154644277727],[110.34904950124202,-7.653646220698323]],[[110.36701580692441,-7.662629373539519],[110.3804905361862,-7.662629373539519],[110.3804905361862,-7.653646220698323],[110.38498211260679,-7.653646220698323],[110.38498211260679,-7.649154644277727],[110.36701580692441,-7.649154644277727],[110.36701580692441,-7.662629373539519]],[[110.46133891175695,-7.685087255642506],[110.46583048817756,-7.685087255642506],[110.46583048817756,-7.676104102801312],[110.46133891175695,-7.676104102801312],[110.46133891175695,-7.685087255642506]]],[[[110.5108742,-7.7723028],[110.5110344,-7.7725588],[110.5112425,-7.7728741],[110.5112557,-7.7728941],[110.5112545,-7.7728963],[110.5110962,-7.7732045],[110.5110855,-7.7733335],[110.5110626,-7.7736025],[110.5110618,-7.7736056],[110.5110573,-7.7736589],[110.510981,-7.7739703],[110.5109505,-7.7742678],[110.5109124,-7.7745935],[110.5108566,-7.7749427],[110.5108566,-7.7750187],[110.5108513,-7.7750542],[110.5108513,-7.7750751],[110.5108189,-7.7752921],[110.5108261,-7.7756276],[110.5108872,-7.7759108],[110.5109558,-7.7764778],[110.5110397,-7.7769169],[110.5112,-7.7774267],[110.5113678,-7.7776537],[110.5116958,-7.7780933],[110.5124435,-7.7791137],[110.51286319438323,-7.779410360475057],[110.51074625238354,-7.779410360475057],[110.51074625238354,-7.772046517633601],[110.5108742,-7.7723028]]],[[[110.5154495,-7.7809586],[110.5162964,-7.781445],[110.5172348,-7.7821116],[110.5178305,-7.7823631],[110.5188828,-7.7828073],[110.5195313,-7.7829499],[110.5203323,-7.7829933],[110.5205623,-7.782986],[110.5207672,-7.7829795],[110.5212708,-7.7829094],[110.5215683,-7.782938],[110.5218811,-7.7829952],[110.5221786,-7.7829528],[110.5223923,-7.7830524],[110.522662,-7.7830973],[110.5229164,-7.7831396],[110.523333,-7.7833826],[110.5236801,-7.783886],[110.523819,-7.7846684],[110.5240021,-7.7849803],[110.5240479,-7.785193],[110.5240479,-7.7853346],[110.5240425,-7.7853616],[110.5240425,-7.785391],[110.524012,-7.7855464],[110.5238628,-7.7859758],[110.5238594,-7.7859856],[110.5238518,-7.7861716],[110.5238534,-7.7861759],[110.5239281,-7.7863824],[110.5241265,-7.7865526],[110.5243401,-7.7865812],[110.5246529,-7.7868082],[110.5248894,-7.7870489],[110.5249657,-7.7872473],[110.5249657,-7.7873608],[110.5250801,-7.7878281],[110.5252632,-7.7881824],[110.5257439,-7.7881972],[110.5260567,-7.7881552],[110.5261076,-7.788161],[110.526189,-7.7881856],[110.5262325,-7.7881752],[110.5263085,-7.7881838],[110.5265984,-7.7882124],[110.5268502,-7.7882978],[110.5268796,-7.788305],[110.526886,-7.7884397],[110.526991,-7.7887118],[110.5271162,-7.788862],[110.5272539,-7.7890498],[110.5274919,-7.7892877],[110.5275419,-7.7894628],[110.5278426,-7.7897008],[110.527977,-7.7899704],[110.5285797,-7.7900538],[110.5285849,-7.7900548],[110.5286182,-7.7901082],[110.5288056,-7.7902856],[110.5288998,-7.7903116],[110.5291141,-7.790387],[110.5292414,-7.7905605],[110.5293456,-7.7906473],[110.5294209,-7.7907515],[110.5294903,-7.7908325],[110.529577,-7.7910406],[110.5296782,-7.7913227],[110.5296676,-7.7913309],[110.5297575,-7.7917747],[110.5299135,-7.7921506],[110.5300572,-7.7925978],[110.5300223,-7.7926717],[110.5301337,-7.7928357],[110.5301792,-7.7929774],[110.5303363,-7.7935651],[110.5303613,-7.7936917],[110.5303664,-7.7939054],[110.5301819,-7.7942762],[110.5301712,-7.7943021],[110.5301608,-7.7943151],[110.5300615,-7.7945175],[110.529653,-7.7945264],[110.5295439,-7.7948202],[110.5296782,-7.7951559],[110.529943,-7.7954244],[110.5299273,-7.7954337],[110.5299098,-7.7955377],[110.5299155,-7.7955955],[110.5299676,-7.7956765],[110.5300487,-7.7957055],[110.5301646,-7.795694],[110.5302639,-7.7956989],[110.5303412,-7.7958105],[110.5304036,-7.7959852],[110.5304251,-7.7960455],[110.5306853,-7.7960455],[110.5308196,-7.7960035],[110.5309287,-7.7959699],[110.5310593,-7.7960548],[110.5310558,-7.7960687],[110.5310382,-7.7960937],[110.5310041,-7.7962305],[110.5309296,-7.7963295],[110.5305557,-7.7968392],[110.5305555,-7.7968497],[110.5305347,-7.7968781],[110.5305194,-7.7975548],[110.5304736,-7.7976411],[110.5304507,-7.7977679],[110.530405,-7.7979086],[110.5304126,-7.7979687],[110.5305194,-7.7980502],[110.530672,-7.798137],[110.5307635,-7.7981813],[110.5307941,-7.7981861],[110.5309085,-7.7982238],[110.530939,-7.7982328],[110.5311221,-7.7982905],[110.5312289,-7.7983434],[110.5312594,-7.7983596],[110.5313434,-7.7983616],[110.5313639,-7.7983226],[110.5313644,-7.7983226],[110.5313986,-7.798258],[110.5314238,-7.798224],[110.5317135,-7.7983448],[110.5321383,-7.7981733],[110.5323192,-7.7979134],[110.5324781,-7.7975908],[110.5329532,-7.7973001],[110.5331363,-7.7972076],[110.5334724,-7.7970444],[110.5335305,-7.7969347],[110.5335074,-7.7968191],[110.5333398,-7.7964027],[110.5333805,-7.7962467],[110.5335024,-7.7961139],[110.5336358,-7.79601],[110.534105,-7.7962417],[110.5345888,-7.796601],[110.5347084,-7.7966959],[110.5347539,-7.7967073],[110.5348432,-7.7967036],[110.5348793,-7.796696],[110.5349135,-7.796679],[110.5349534,-7.7966658],[110.5349762,-7.7966336],[110.5349679,-7.7965674],[110.5348874,-7.7962123],[110.5348391,-7.7959864],[110.5347746,-7.7957926],[110.5346617,-7.7955182],[110.5346781,-7.7952762],[110.5347755,-7.7949858],[110.5348968,-7.7946611],[110.535141,-7.7946925],[110.5352707,-7.7942252],[110.5355377,-7.7941551],[110.5361328,-7.794014],[110.536377,-7.7940283],[110.5370255,-7.794199],[110.5372391,-7.7943835],[110.5374145,-7.7945251],[110.5374374,-7.7947235],[110.537323,-7.79495],[110.5370026,-7.7953038],[110.5367889,-7.7955584],[110.5365143,-7.7958555],[110.5365795,-7.796147],[110.5366043,-7.796569],[110.5363437,-7.7969537],[110.536087,-7.7974133],[110.5362167,-7.7977109],[110.5364151,-7.7979374],[110.5367657,-7.7980335],[110.5373055,-7.7979031],[110.5377399,-7.79799],[110.5381929,-7.7976177],[110.5385285,-7.7975292],[110.5387377,-7.7975423],[110.5387362,-7.7975824],[110.5387469,-7.797855],[110.5388214,-7.7979294],[110.5395834,-7.7980376],[110.5396663,-7.7980047],[110.5398687,-7.7977723],[110.5399804,-7.7975904],[110.5400771,-7.7974626],[110.5401378,-7.7973816],[110.5402032,-7.7973371],[110.5402836,-7.7972917],[110.5404097,-7.7972269],[110.5404488,-7.797175],[110.5405097,-7.7970992],[110.5405368,-7.7970016],[110.5401706,-7.796902],[110.5399264,-7.796859],[110.5396823,-7.7968023],[110.5395297,-7.7966464],[110.5395144,-7.7962496],[110.5395147,-7.7962488],[110.5395355,-7.7962107],[110.5396318,-7.7959086],[110.539873,-7.7955134],[110.5401553,-7.7950466],[110.5407962,-7.794523],[110.5408955,-7.794449],[110.5412459,-7.7942917],[110.5414162,-7.7942302],[110.5414752,-7.7942403],[110.5419711,-7.7943118],[110.5423602,-7.7944396],[110.5429934,-7.7942989],[110.5434926,-7.7942909],[110.5435733,-7.7942353],[110.5438332,-7.7940563],[110.5439565,-7.7937736],[110.5442264,-7.7942849],[110.5442259,-7.7947738],[110.5437058,-7.7956361],[110.5439933,-7.7964993],[110.5449154,-7.7972193],[110.5458089,-7.7976805],[110.5465295,-7.7980264],[110.5463555,-7.7989466],[110.546355,-7.799378],[110.5464699,-7.7998383],[110.5465086,-7.8005808],[110.5464507,-7.8006206],[110.5463446,-7.8007663],[110.5462078,-7.800954],[110.5461324,-7.8010707],[110.5459984,-7.8012708],[110.5459313,-7.8013958],[110.5458308,-7.8015625],[110.5457386,-7.8017293],[110.5455626,-7.8020794],[110.5453733,-7.8024804],[110.5453198,-7.8025886],[110.5452774,-7.8028048],[110.5452354,-7.8029549],[110.5451851,-7.8030633],[110.5451181,-7.8031467],[110.5450846,-7.8032134],[110.544931,-7.8034908],[110.5449536,-7.8036696],[110.5449383,-7.8037817],[110.5448544,-7.8037802],[110.5448315,-7.8039447],[110.5447857,-7.8043448],[110.5447857,-7.8045117],[110.5448926,-7.804711],[110.5449841,-7.8048545],[110.5450223,-7.8049933],[110.5449918,-7.8051173],[110.5446866,-7.8054482],[110.5446332,-7.8055178],[110.5447629,-7.8056537],[110.5448544,-7.8056938],[110.5449307,-7.8058902],[110.5449841,-7.8060314],[110.5449689,-7.8062064],[110.5448239,-7.806471],[110.5447857,-7.8069707],[110.5446103,-7.8073179],[110.5445721,-7.8074147],[110.5445798,-7.8074952],[110.5446713,-7.807583],[110.5449689,-7.8077814],[110.5450451,-7.807871],[110.5450757,-7.8080112],[110.545068,-7.8080551],[110.5451977,-7.8083984],[110.5456708,-7.8092829],[110.5462735,-7.8096782],[110.5464795,-7.809836],[110.5464566,-7.809888],[110.5461514,-7.8100239],[110.5460522,-7.8100969],[110.5458386,-7.8102318],[110.5456631,-7.8103773],[110.5455792,-7.8105103],[110.5454114,-7.8107239],[110.5453503,-7.8109137],[110.5453198,-7.8110234],[110.5452664,-7.8110691],[110.5452664,-7.8112398],[110.5452435,-7.8115102],[110.5451977,-7.8118002],[110.5453961,-7.8121487],[110.5454648,-7.8122512],[110.5455029,-7.8122946],[110.5454953,-7.8123318],[110.5454571,-7.8125407],[110.5454114,-7.8127209],[110.5452969,-7.8130485],[110.545213,-7.8132898],[110.5452054,-7.81347],[110.545213,-7.8137881],[110.545274,-7.8140284],[110.5453885,-7.8142468],[110.5454648,-7.8143355],[110.5455411,-7.8144127],[110.5455792,-7.8151866],[110.5455411,-7.8157135],[110.5451825,-7.8164941],[110.5447247,-7.8170024],[110.5437787,-7.8177001],[110.543031,-7.8181144],[110.5426724,-7.8186294],[110.5420773,-7.819781],[110.5421002,-7.8198024],[110.5422604,-7.8200404],[110.5423138,-7.8201334],[110.5422681,-7.8207689],[110.54267,-7.8214987],[110.5426699,-7.8214996],[110.5426472,-7.8216221],[110.5426015,-7.8217375],[110.5423726,-7.8221871],[110.5423345,-7.8223946],[110.5423421,-7.8226726],[110.5423345,-7.8229095],[110.5423726,-7.8230388],[110.5424184,-7.823281],[110.542365,-7.8235366],[110.54222,-7.8235032],[110.5417851,-7.8234832],[110.5415715,-7.8234841],[110.5413503,-7.8235351],[110.541274,-7.8236033],[110.5412206,-7.8236996],[110.54119,-7.8237726],[110.5411214,-7.8238899],[110.5410375,-7.8239257],[110.5406255,-7.8240063],[110.5405186,-7.8240401],[110.5404577,-7.8240392],[110.5404351,-7.824045],[110.5404317,-7.8240458],[110.5403768,-7.8240023],[110.5403688,-7.8239404],[110.5403764,-7.8238207],[110.5403459,-7.8237125],[110.5402773,-7.8236586],[110.540201,-7.8236605],[110.5400484,-7.823713],[110.5398577,-7.8237721],[110.5397356,-7.8237316],[110.5395143,-7.8236433],[110.5392778,-7.8236748],[110.5390947,-7.8236825],[110.5389574,-7.823651],[110.5388048,-7.8235566],[110.5387056,-7.8234536],[110.538637,-7.823373],[110.5385225,-7.8233048],[110.5384157,-7.823352],[110.5383928,-7.8234378],[110.5383547,-7.8236362],[110.5382479,-7.8236753],[110.5379961,-7.823693],[110.5379274,-7.8237993],[110.5378588,-7.8238813],[110.5376299,-7.8239877],[110.5375383,-7.8239104],[110.5374773,-7.823856],[110.5372866,-7.8235947],[110.537134,-7.8234679],[110.5369203,-7.8233873],[110.5367296,-7.8233911],[110.5361956,-7.8234331],[110.5358522,-7.8234664],[110.5356996,-7.823424],[110.5354479,-7.8232881],[110.5352724,-7.8230807],[110.5350969,-7.8228227],[110.5348986,-7.8226072],[110.5348146,-7.8225648],[110.5347383,-7.8225519],[110.5346239,-7.8225643],[110.5344637,-7.822704],[110.5342958,-7.8228137],[110.5341432,-7.822847],[110.5339525,-7.8228933],[110.5335787,-7.8230454],[110.5334337,-7.8231255],[110.5332506,-7.8231718],[110.5330293,-7.823218],[110.532892,-7.8232853],[110.5328386,-7.8233701],[110.532831,-7.8234841],[110.5328462,-7.8236405],[110.5329149,-7.8240592],[110.5329073,-7.8243043],[110.5328615,-7.8244692],[110.5327928,-7.8245789],[110.532686,-7.8246762],[110.5324648,-7.8247563],[110.5323046,-7.8247477],[110.5322206,-7.8246628],[110.5321977,-7.8244812],[110.5322588,-7.8241684],[110.5323274,-7.8238513],[110.5323198,-7.823589],[110.5323095,-7.8234684],[110.5321799,-7.8234299],[110.5320045,-7.8234308],[110.5317603,-7.8235223],[110.5314094,-7.8236058],[110.5309058,-7.8238299],[110.5305015,-7.824043],[110.5303489,-7.8241217],[110.5302649,-7.824116],[110.5302039,-7.8240483],[110.5301429,-7.8238404],[110.5301124,-7.8237841],[110.5300208,-7.8237393],[110.5298911,-7.8237503],[110.5297614,-7.8238118],[110.5297004,-7.8239019],[110.5296775,-7.8240983],[110.5297385,-7.8243291],[110.5298301,-7.8245032],[110.5300513,-7.8247507],[110.5304862,-7.8251784],[110.5309363,-7.8254597],[110.5310279,-7.825578],[110.5310584,-7.8257015],[110.5310431,-7.8258083],[110.5309669,-7.8258755],[110.5307685,-7.8258755],[110.5304938,-7.8257344],[110.5302573,-7.8255599],[110.5300666,-7.8254979],[110.5299064,-7.8255036],[110.5296699,-7.8256495],[110.5294791,-7.8257725],[110.5293418,-7.8258736],[110.5291816,-7.825958],[110.5290519,-7.825969],[110.5287772,-7.8259237],[110.5285865,-7.8259237],[110.5283957,-7.8259346],[110.5282584,-7.82603],[110.5281592,-7.8261645],[110.5281364,-7.826277],[110.5281364,-7.8264177],[110.5282432,-7.8267715],[110.5282813,-7.8269231],[110.5282584,-7.8270414],[110.5281974,-7.8271201],[110.5280982,-7.8271534],[110.527999,-7.8271196],[110.5278312,-7.8268893],[110.527732,-7.826771],[110.527526,-7.8266471],[110.5273582,-7.8266246],[110.5272742,-7.826658],[110.5272208,-7.8267257],[110.5271751,-7.826894],[110.5270225,-7.8275568],[110.5269614,-7.8277762],[110.5269004,-7.827821],[110.5267631,-7.8278487],[110.5266486,-7.8278487],[110.5265571,-7.8278315],[110.5263969,-7.8277362],[110.5261527,-7.8275335],[110.5260306,-7.8274491],[110.5259315,-7.8274095],[110.5257407,-7.8274095],[110.5256034,-7.8274543],[110.5253974,-7.8275774],[110.5251227,-7.8277795],[110.524993,-7.8278186],[110.5248633,-7.8278019],[110.5246726,-7.8276889],[110.5245353,-7.8275878],[110.5244132,-7.8275707],[110.5242759,-7.8275874],[110.5241309,-7.8276718],[110.5239173,-7.8279188],[110.5238181,-7.828048],[110.5236121,-7.8282049],[110.5234824,-7.8282497],[110.5232535,-7.8282101],[110.5229789,-7.828131],[110.5228416,-7.8280919],[110.5226966,-7.8281477],[110.5225898,-7.8282545],[110.5224906,-7.8283947],[110.5223991,-7.8285239],[110.5223304,-7.828552],[110.5220176,-7.8285739],[110.5218574,-7.8286188],[110.5217124,-7.8287423],[110.5215903,-7.8289726],[110.5213767,-7.8293207],[110.521247,-7.829427],[110.5210715,-7.8296464],[110.5208503,-7.8300111],[110.5205299,-7.8302805],[110.5202399,-7.8305276],[110.5198356,-7.8307684],[110.5197059,-7.8308585],[110.5195186,-7.8309738],[110.5195165,-7.8309753],[110.5195053,-7.8309833],[110.5194884,-7.8309933],[110.5192918,-7.8311012],[110.5191011,-7.8310845],[110.5188874,-7.8309886],[110.5187806,-7.8309433],[110.5185836,-7.8309149],[110.518506,-7.8309037],[110.518425,-7.8308802],[110.5182229,-7.8308213],[110.5182161,-7.8308193],[110.5180864,-7.8307459],[110.5179751,-7.830667],[110.517888,-7.8306052],[110.5177812,-7.8305151],[110.5175913,-7.8304382],[110.5175667,-7.8304282],[110.5175447,-7.8304193],[110.5175012,-7.8304174],[110.5172014,-7.8304021],[110.5167741,-7.8303678],[110.516324,-7.8303845],[110.515912,-7.8304121],[110.5154924,-7.8303611],[110.515088,-7.8302648],[110.5149354,-7.8301241],[110.5149049,-7.8299782],[110.5149354,-7.8294165],[110.514974,-7.8288864],[110.5149808,-7.8287826],[110.5149584,-7.828551],[110.5149561,-7.8285484],[110.5145534,-7.8280847],[110.5142488,-7.8281738],[110.5139436,-7.8282568],[110.5136918,-7.8283441],[110.513318,-7.8285501],[110.5132188,-7.8286221],[110.5129823,-7.8287756],[110.5127763,-7.8289397],[110.512754,-7.8289425],[110.512744,-7.8289498],[110.5126363,-7.8289573],[110.5114458,-7.8290407],[110.5112115,-7.8288506],[110.5111885,-7.8288319],[110.5111197,-7.8287803],[110.5110978,-7.8287637],[110.5111036,-7.8287209],[110.5110899,-7.8283596],[110.511075,-7.8283169],[110.511075,-7.8281052],[110.5110673,-7.8279345],[110.5110445,-7.8276593],[110.5110445,-7.8275792],[110.5111131,-7.827439],[110.5111589,-7.827337],[110.5111665,-7.8273074],[110.5111404,-7.8270886],[110.511136,-7.8270518],[110.5110915,-7.8269442],[110.5110826,-7.8269226],[110.5110826,-7.8267804],[110.5110826,-7.8266694],[110.5110445,-7.8264334],[110.5108919,-7.8261973],[110.5108627,-7.8261811],[110.5108003,-7.8261468],[110.5106553,-7.8261859],[110.5104646,-7.8265173],[110.5103731,-7.826596],[110.5100908,-7.8265135],[110.5101136,-7.8263671],[110.5101136,-7.8260872],[110.5101365,-7.8259494],[110.5102052,-7.825844],[110.5103273,-7.8257792],[110.5104951,-7.8257377],[110.5105561,-7.8257124],[110.5106401,-7.8255312],[110.5106548,-7.8253882],[110.5106553,-7.8253829],[110.5105028,-7.8249337],[110.510492,-7.8248227],[110.5104875,-7.8247754],[110.5104799,-7.8245742],[110.5104036,-7.8243897],[110.5103849,-7.8243092],[110.5103795,-7.824297],[110.5103774,-7.8242766],[110.5103731,-7.8242581],[110.5103719,-7.8242247],[110.5103654,-7.8240292],[110.5103459,-7.8239869],[110.510312,-7.8239138],[110.5102622,-7.8235041],[110.5102357,-7.8232858],[110.5100908,-7.8228867],[110.510034,-7.8227978],[110.5098929,-7.8225767],[110.5098466,-7.8225043],[110.5095729,-7.8221624],[110.5095206,-7.8220944],[110.5094899,-7.8221186],[110.5094889,-7.8221194],[110.5094592,-7.82213],[110.5094546,-7.8221291],[110.5093219,-7.8221037],[110.5091159,-7.8220237],[110.5090244,-7.8219864],[110.5089481,-7.8219531],[110.508681,-7.821872],[110.5080707,-7.8216818],[110.5078265,-7.8216064],[110.5076128,-7.821656],[110.5075095,-7.8216922],[110.5073759,-7.8217284],[110.5072544,-7.8217767],[110.5071571,-7.8218795],[110.5071266,-7.8219764],[110.5070778,-7.822158],[110.5070534,-7.8223154],[110.5070896,-7.8224729],[110.5071259,-7.8226001],[110.5071501,-7.8226607],[110.5071743,-7.8227939],[110.5071681,-7.8228847],[110.5071655,-7.8229049],[110.5071551,-7.8229873],[110.5071415,-7.8230047],[110.5071323,-7.8230164],[110.5070127,-7.8230144],[110.5069742,-7.8230173],[110.5065587,-7.8230168],[110.5065067,-7.8230168],[110.5063125,-7.8230165],[110.5059892,-7.8231543],[110.5057583,-7.8232],[110.5052501,-7.8234757],[110.5051938,-7.8235411],[110.5051791,-7.8235524],[110.5050443,-7.8235421],[110.5031524,-7.8228591],[110.5028118,-7.8227362],[110.502413,-7.8225831],[110.5024097,-7.822582],[110.5024015,-7.8225787],[110.5019864,-7.8224194],[110.501868,-7.8223794],[110.5016696,-7.8223226],[110.5012166,-7.8223331],[110.5011966,-7.8223336],[110.5011939,-7.8223345],[110.5011811,-7.8223352],[110.5011193,-7.8223591],[110.5008914,-7.8224342],[110.5008685,-7.8224414],[110.5007503,-7.8225017],[110.5004629,-7.8226484],[110.5004108,-7.822675],[110.5001743,-7.8227723],[110.5000848,-7.8227939],[110.4999988,-7.8228147],[110.4997012,-7.8229354],[110.4992869,-7.822958],[110.499274,-7.8229587],[110.4990833,-7.8229635],[110.4989841,-7.8229601],[110.4987323,-7.8229253],[110.4985645,-7.8228891],[110.4985263,-7.8228657],[110.4982875,-7.8229762],[110.4982593,-7.8229893],[110.4982403,-7.8229897],[110.4982333,-7.8229917],[110.4982036,-7.8229905],[110.4978168,-7.8229988],[110.4973132,-7.8229678],[110.49727152312174,-7.822964626633635],[110.49727152312174,-7.819834548260435],[110.50176309954233,-7.819834548260435],[110.50176309954233,-7.79288508973685],[110.49727152312174,-7.79288508973685],[110.49727152312174,-7.788393513316252],[110.51074625238354,-7.788393513316252],[110.51074625238354,-7.783901936895654],[110.51523782880413,-7.783901936895654],[110.51523782880413,-7.780871054437436],[110.5154495,-7.7809586]]]],"type":"MultiPolygon"},"properties":{"fid":37509,"DN":1,"KELAS":"TIDAK ADA CAHAYA","CLASS":"NO LIGHTS","INTENSITAS (nW/sr/cm²)":"0 - 3"}},{"type":"Feature","geometry":{"coordinates":[[[[110.30413373703604,-7.71652829058669],[110.30862531345664,-7.71652829058669],[110.30862531345664,-7.721019867007288],[110.30413373703604,-7.721019867007288],[110.30413373703604,-7.71652829058669]]]],"type":"MultiPolygon"},"properties":{"fid":34949,"DN":3,"KELAS":"CAHAYA RENDAH","CLASS":"LOW LIGHTS","INTENSITAS (nW/sr/cm²)":"5 - 10"}},{"type":"Feature","geometry":{"coordinates":[[[[110.4162699,-7.7837303],[110.4162676,-7.7836973],[110.4162668,-7.7836881],[110.4162379,-7.7833403],[110.4128293,-7.7833014],[110.41280872975429,-7.783901936895654],[110.3984568418686,-7.783901936895654],[110.3984568418686,-7.785797733667507],[110.3984182,-7.7857934],[110.3983542,-7.7857775],[110.3983429,-7.7858464],[110.3983315,-7.7860196],[110.3983181,-7.7862375],[110.3983079,-7.7862374],[110.3981852,-7.7862366],[110.3980909,-7.786236],[110.3969617,-7.7862646],[110.3971294,-7.7872149],[110.3971067,-7.7880685],[110.3971139,-7.7882897],[110.3971143,-7.7883136],[110.3971156,-7.7883206],[110.3971152,-7.7883251],[110.3970836,-7.7883291],[110.39607085961953,-7.788393513316252],[110.39484622945432,-7.788393513316252],[110.394881,-7.7882762],[110.3949339,-7.7881012],[110.3950396,-7.787827],[110.3951103,-7.7875295],[110.3951536,-7.7873767],[110.3951575,-7.7873632],[110.3949399,-7.7870288],[110.394505,-7.7865169],[110.3941022,-7.7864408],[110.392757,-7.7862962],[110.3925854,-7.7856537],[110.3925243,-7.7854261],[110.3917761,-7.7832393],[110.3915258,-7.7830932],[110.3915076,-7.7827308],[110.3914343,-7.7827307],[110.3913612,-7.7825991],[110.3913103,-7.7823359],[110.3913473,-7.7821094],[110.3913548,-7.7819778],[110.391333,-7.7818536],[110.3912499,-7.7817889],[110.3912527,-7.7816708],[110.3910549,-7.7816266],[110.3909157,-7.7815826],[110.3909159,-7.7814803],[110.3907693,-7.7814654],[110.3907622,-7.7813412],[110.390755,-7.7812242],[110.3907918,-7.781122],[110.390638,-7.7810998],[110.3905943,-7.7809024],[110.3906238,-7.7807709],[110.3906252,-7.7806926],[110.3906009,-7.7805182],[110.3905424,-7.7803966],[110.3900556,-7.780233],[110.3899316,-7.7802238],[110.3899206,-7.7801903],[110.3896987,-7.7801842],[110.3896049,-7.7802112],[110.3894658,-7.7801658],[110.3893496,-7.7801698],[110.3891602,-7.7801352],[110.3890453,-7.7801833],[110.3890255,-7.7801816],[110.3888217,-7.7801608],[110.3886915,-7.7801707],[110.3885038,-7.7802217],[110.3884765,-7.7802881],[110.3882567,-7.7802489],[110.3882546,-7.7802573],[110.3878569,-7.7801612],[110.3875327,-7.7801358],[110.3871585,-7.7802265],[110.3866514,-7.7802258],[110.3862938,-7.7803164],[110.38587,-7.7802163],[110.3857783,-7.7804069],[110.3852547,-7.7803149],[110.3850386,-7.7803146],[110.3845731,-7.7803305],[110.3843071,-7.7803136],[110.3840993,-7.780305],[110.3840079,-7.7802966],[110.3838333,-7.7802548],[110.383667,-7.7802878],[110.3835839,-7.7803042],[110.3826945,-7.7802615],[110.3820981,-7.7800779],[110.3820405,-7.7800847],[110.3819631,-7.7801692],[110.3818463,-7.7804426],[110.3816053,-7.7803677],[110.3816133,-7.7802265],[110.3815585,-7.7801839],[110.3814871,-7.7801674],[110.3814336,-7.7801523],[110.3814088,-7.7801878],[110.3813553,-7.7801891],[110.3813485,-7.7801576],[110.3812785,-7.7801274],[110.3811495,-7.7800957],[110.3809014,-7.780102],[110.3809025,-7.78013],[110.3809126,-7.7802294],[110.3808708,-7.7802334],[110.3807476,-7.7802453],[110.3802787,-7.7800162],[110.3801672,-7.7799381],[110.379811,-7.7790351],[110.3797331,-7.7788121],[110.3797335,-7.778528],[110.3795554,-7.7781489],[110.3791142,-7.7780814],[110.3787348,-7.777819],[110.3780986,-7.7774114],[110.3779031,-7.7773777],[110.377518,-7.7772212],[110.3772612,-7.7770704],[110.3772338,-7.7767249],[110.3769267,-7.7766799],[110.3767647,-7.7766853],[110.3761504,-7.7766119],[110.375744,-7.7765348],[110.3755806,-7.7762277],[110.3755514,-7.7761179],[110.3754708,-7.7758155],[110.3754414,-7.774647],[110.3752427,-7.7747611],[110.3749836,-7.7749195],[110.3749757,-7.7749154],[110.3731137,-7.775491],[110.3729451,-7.775484],[110.3729113,-7.7755012],[110.3726893,-7.7756141],[110.3726549,-7.7756316],[110.3725563,-7.775586],[110.3723274,-7.7755206],[110.372007,-7.7754619],[110.3718544,-7.7754214],[110.3718162,-7.7754295],[110.370977,-7.7753246],[110.3709617,-7.7753046],[110.3707024,-7.7752726],[110.3702827,-7.7752226],[110.3701264,-7.7752233],[110.3700772,-7.7752235],[110.3700003,-7.7750375],[110.369886,-7.7748854],[110.3697182,-7.7747796],[110.3695045,-7.7746656],[110.369352,-7.7745368],[110.3692909,-7.7744386],[110.3693062,-7.7741296],[110.3693156,-7.77405],[110.3693519,-7.7737114],[110.3693501,-7.7737021],[110.369331,-7.7736977],[110.3692871,-7.7733548],[110.3692109,-7.7728856],[110.3692261,-7.7726147],[110.3691119,-7.7718945],[110.3689497,-7.7717512],[110.3687109,-7.771627],[110.3686633,-7.7715125],[110.3683863,-7.7714072],[110.3685121,-7.7703207],[110.3681299,-7.7702724],[110.3680606,-7.7702705],[110.3678921,-7.7702829],[110.367891,-7.770293],[110.3678071,-7.7709863],[110.3677918,-7.7711676],[110.3677536,-7.7714041],[110.367685,-7.771786],[110.3676774,-7.7718213],[110.3676882,-7.7718598],[110.3676944,-7.7720218],[110.36701580692441,-7.771841158043128],[110.36701580692441,-7.761444054792666],[110.3804905361862,-7.761444054792666],[110.3804905361862,-7.765935631213265],[110.38498211260679,-7.765935631213265],[110.38498211260679,-7.770427207633861],[110.3894736890274,-7.770427207633861],[110.3894736890274,-7.774918784054459],[110.393965265448,-7.774918784054459],[110.393965265448,-7.779410360475057],[110.40743999470979,-7.779410360475057],[110.40743999470979,-7.774918784054459],[110.41642314755099,-7.774918784054459],[110.41642314755099,-7.779410360475057],[110.42091472397158,-7.779410360475057],[110.42091472397158,-7.783901936895654],[110.41627828396244,-7.783901936895654],[110.4162699,-7.7837303]]]],"type":"MultiPolygon"},"properties":{"fid":35268,"DN":5,"KELAS":"CAHAYA TINGGI","CLASS":"HIGH LIGHTS","INTENSITAS (nW/sr/cm²)":"≥20"}},{"type":"Feature","geometry":{"coordinates":[[[[110.3127222,-7.8209281],[110.3124282,-7.8206606],[110.31252699607934,-7.819834548260435],[110.31311688987724,-7.819834548260435],[110.31311688987724,-7.821392655720759],[110.3127222,-7.8209281]]],[[[110.3102594,-7.8198845],[110.3099369,-7.8201501],[110.3093226,-7.8206007],[110.3088691,-7.8210079],[110.3085329,-7.8211385],[110.3082551,-7.8212546],[110.3077347,-7.821357],[110.3077279,-7.8213584],[110.3077018,-7.8213798],[110.3073133,-7.8216991],[110.3070646,-7.8221274],[110.3068821,-7.8225557],[110.3067905,-7.8229513],[110.3067059,-7.8232889],[110.3067577,-7.8235719],[110.3068263,-7.8238518],[110.3068568,-7.8240158],[110.3068416,-7.8243835],[110.3068187,-7.8246758],[110.3066527,-7.8247863],[110.3066289,-7.8250663],[110.3065737,-7.825424],[110.3064873,-7.8257817],[110.3063563,-7.826156],[110.306272,-7.8265447],[110.3064595,-7.8269324],[110.3064898,-7.8273407],[110.3064945,-7.8275169],[110.3065024,-7.8276817],[110.3064828,-7.827901],[110.3064987,-7.8282241],[110.3064286,-7.8283335],[110.3060047,-7.8281088],[110.3054561,-7.8278038],[110.304386,-7.8273749],[110.3048435,-7.8259341],[110.3042553,-7.825506],[110.3034794,-7.8252377],[110.3032251,-7.8256454],[110.3032208,-7.8256523],[110.30322001,-7.8256537],[110.3029005,-7.8262232],[110.3025241,-7.8272103],[110.3016676,-7.8271288],[110.3007846,-7.8268604],[110.3000086,-7.8266722],[110.2992582,-7.8271515],[110.2981875,-7.827123],[110.2975984,-7.8272021],[110.2975048,-7.8280165],[110.2975046,-7.8280186],[110.2974082,-7.828857],[110.298637,-7.8288794],[110.2982168,-7.8304758],[110.2993408,-7.8304217],[110.2988058,-7.8311143],[110.2984948,-7.8322556],[110.29515058419484,-7.830586012341623],[110.29515058419484,-7.82881770110163],[110.29065900777425,-7.82881770110163],[110.29065900777425,-7.824326124681032],[110.28747302790873,-7.824326124681032],[110.2875003,-7.8242218],[110.2876452,-7.8235947],[110.2876834,-7.8234464],[110.2877139,-7.823332],[110.2877291,-7.8231541],[110.2877291,-7.8230421],[110.2876986,-7.8227326],[110.2876223,-7.8219415],[110.2873171,-7.8213846],[110.2871188,-7.821078],[110.2870196,-7.8207466],[110.2869509,-7.8206731],[110.2866915,-7.8204109],[110.2865313,-7.8202058],[110.2863406,-7.8200737],[110.2860125,-7.8199126],[110.28594648648237,-7.819834548260435],[110.29515058419484,-7.819834548260435],[110.29515058419484,-7.815342971839837],[110.29964216061545,-7.815342971839837],[110.29964216061545,-7.819834548260435],[110.30413373703604,-7.819834548260435],[110.30413373703604,-7.810851395419239],[110.30862531345664,-7.810851395419239],[110.30862531345664,-7.819834548260435],[110.31028055281217,-7.819834548260435],[110.3102594,-7.8198845]]]],"type":"MultiPolygon"},"properties":{"fid":35596,"DN":2,"KELAS":"CAHAYA SANGAT RENDAH","CLASS":"VERY LOW LIGHTS","INTENSITAS (nW/sr/cm²)":"3 - 5"}},{"type":"Feature","geometry":{"coordinates":[[[[110.3221665,-7.6454601],[110.3222198,-7.6454129],[110.3224335,-7.6453118],[110.3226547,-7.6452041],[110.3227234,-7.6451215],[110.3228683,-7.6448097],[110.3229416,-7.6447514],[110.3229599,-7.6447368],[110.3230209,-7.6447076],[110.3232193,-7.6446943],[110.32328393867544,-7.644663067857128],[110.32659161913904,-7.644663067857128],[110.32659161913904,-7.658137797118921],[110.33108319555963,-7.658137797118921],[110.33108319555963,-7.662629373539519],[110.32210004271843,-7.662629373539519],[110.32210004271843,-7.645485710720954],[110.3221665,-7.6454601]]]],"type":"MultiPolygon"},"properties":{"fid":34638,"DN":3,"KELAS":"CAHAYA RENDAH","CLASS":"LOW LIGHTS","INTENSITAS (nW/sr/cm²)":"5 - 10"}},{"type":"Feature","geometry":{"coordinates":[[[[110.34904950124202,-7.649154644277727],[110.35803265408322,-7.649154644277727],[110.35803265408322,-7.653646220698323],[110.36252423050381,-7.653646220698323],[110.36252423050381,-7.658137797118921],[110.35354107766261,-7.658137797118921],[110.35354107766261,-7.653646220698323],[110.34904950124202,-7.653646220698323],[110.34904950124202,-7.649154644277727]]]],"type":"MultiPolygon"},"properties":{"fid":34641,"DN":2,"KELAS":"CAHAYA SANGAT RENDAH","CLASS":"VERY LOW LIGHTS","INTENSITAS (nW/sr/cm²)":"3 - 5"}},{"type":"Feature","geometry":{"coordinates":[[[[110.36701580692441,-7.649154644277727],[110.38498211260679,-7.649154644277727],[110.38498211260679,-7.653646220698323],[110.3804905361862,-7.653646220698323],[110.3804905361862,-7.662629373539519],[110.36701580692441,-7.662629373539519],[110.36701580692441,-7.649154644277727]]]],"type":"MultiPolygon"},"properties":{"fid":34642,"DN":2,"KELAS":"CAHAYA SANGAT RENDAH","CLASS":"VERY LOW LIGHTS","INTENSITAS (nW/sr/cm²)":"3 - 5"}},{"type":"Feature","geometry":{"coordinates":[[[[110.28616743135365,-7.703053561324897],[110.29065900777425,-7.703053561324897],[110.29065900777425,-7.707545137745496],[110.28616743135365,-7.707545137745496],[110.28616743135365,-7.703053561324897]]]],"type":"MultiPolygon"},"properties":{"fid":34865,"DN":2,"KELAS":"CAHAYA SANGAT RENDAH","CLASS":"VERY LOW LIGHTS","INTENSITAS (nW/sr/cm²)":"3 - 5"}},{"type":"Feature","geometry":{"coordinates":[[[[110.44337260607458,-7.703053561324897],[110.44786418249517,-7.703053561324897],[110.44786418249517,-7.707545137745496],[110.44337260607458,-7.707545137745496],[110.44337260607458,-7.703053561324897]]]],"type":"MultiPolygon"},"properties":{"fid":34866,"DN":3,"KELAS":"CAHAYA RENDAH","CLASS":"LOW LIGHTS","INTENSITAS (nW/sr/cm²)":"5 - 10"}},{"type":"Feature","geometry":{"coordinates":[[[[110.35803265408322,-7.712036714166092],[110.36252423050381,-7.712036714166092],[110.36252423050381,-7.71652829058669],[110.371507383345,-7.71652829058669],[110.371507383345,-7.721019867007288],[110.35354107766261,-7.721019867007288],[110.35354107766261,-7.71652829058669],[110.35803265408322,-7.71652829058669],[110.35803265408322,-7.712036714166092]]]],"type":"MultiPolygon"},"properties":{"fid":34950,"DN":4,"KELAS":"CAHAYA SEDANG","CLASS":"MEDIUM LIGHTS","INTENSITAS (nW/sr/cm²)":"10 - 20"}},{"type":"Feature","geometry":{"coordinates":[[[[110.4924389,-7.7530896],[110.4917051,-7.7530697],[110.4916992,-7.7538075],[110.4916992,-7.7548656],[110.4916992,-7.754981],[110.4916992,-7.7550726],[110.4916992,-7.7551053],[110.4916992,-7.7551241],[110.4917069,-7.7552702],[110.4917069,-7.7552709],[110.4917067,-7.7552999],[110.4917068,-7.7553028],[110.4917069,-7.7553036],[110.4916992,-7.7564442],[110.491684,-7.7569215],[110.491684,-7.756938],[110.4916974,-7.7571549],[110.4917069,-7.7573065],[110.4917221,-7.7577457],[110.4917217,-7.7577653],[110.4917221,-7.7577784],[110.4917296,-7.7597741],[110.4917297,-7.7597771],[110.4917296,-7.7597779],[110.4917297,-7.7598097],[110.491684,-7.7601478],[110.491684,-7.7602009],[110.491684,-7.7602336],[110.4916768,-7.7604399],[110.4916814,-7.7606775],[110.49167796917118,-7.761444054792666],[110.48828837028054,-7.761444054792666],[110.48828837028054,-7.756952478372068],[110.48379679385995,-7.756952478372068],[110.48379679385995,-7.75246090195147],[110.49245359683749,-7.75246090195147],[110.4924389,-7.7530896]]]],"type":"MultiPolygon"},"properties":{"fid":35123,"DN":4,"KELAS":"CAHAYA SEDANG","CLASS":"MEDIUM LIGHTS","INTENSITAS (nW/sr/cm²)":"10 - 20"}},{"type":"Feature","geometry":{"coordinates":[[[[110.46133891175695,-7.75246090195147],[110.46583048817756,-7.75246090195147],[110.46583048817756,-7.770427207633861],[110.46133891175695,-7.770427207633861],[110.46133891175695,-7.75246090195147]]]],"type":"MultiPolygon"},"properties":{"fid":35150,"DN":2,"KELAS":"CAHAYA SANGAT RENDAH","CLASS":"VERY LOW LIGHTS","INTENSITAS (nW/sr/cm²)":"3 - 5"}},{"type":"Feature","geometry":{"coordinates":[[[[110.47481364101876,-7.806359818998643],[110.47930521743935,-7.806359818998643],[110.47930521743935,-7.810851395419239],[110.47481364101876,-7.810851395419239],[110.47481364101876,-7.806359818998643]]]],"type":"MultiPolygon"},"properties":{"fid":35283,"DN":1,"KELAS":"TIDAK ADA CAHAYA","CLASS":"NO LIGHTS","INTENSITAS (nW/sr/cm²)":"0 - 3"}},{"type":"Feature","geometry":{"coordinates":[[[[110.3314636,-7.8021569],[110.3314465,-7.8021773],[110.3315068,-7.8022279],[110.3315831,-7.8022976],[110.3320562,-7.8027696],[110.3322698,-7.8031077],[110.3322927,-7.8032336],[110.3322621,-7.8034434],[110.3321935,-7.8035836],[110.3321019,-7.8036494],[110.3319799,-7.8036642],[110.3317357,-7.8036351],[110.3314992,-7.8036246],[110.3312703,-7.8036708],[110.3310415,-7.8037862],[110.3307286,-7.8040147],[110.3305379,-7.8042159],[110.3301183,-7.8048076],[110.330042,-7.8050918],[110.3300878,-7.8052277],[110.3302175,-7.8054409],[110.3304006,-7.8056183],[110.3306905,-7.805901],[110.3308583,-7.806127],[110.330866,-7.8062539],[110.3308278,-7.8063683],[110.330721,-7.8065047],[110.3304685,-7.8068062],[110.3304556,-7.8068216],[110.3304252,-7.8067852],[110.3303655,-7.8067431],[110.3302654,-7.8066801],[110.3301014,-7.8065959],[110.3299471,-7.8064955],[110.3298014,-7.8063376],[110.3290033,-7.806205],[110.3290257,-7.8059896],[110.3290321,-7.8057295],[110.3290421,-7.8053193],[110.3287618,-7.8052442],[110.3287996,-7.8049925],[110.3281641,-7.8048517],[110.3278664,-7.8047728],[110.327546,-7.8047242],[110.3273228,-7.8047384],[110.3270331,-7.8046914],[110.3269298,-7.8049616],[110.3265746,-7.8049237],[110.3261821,-7.8048112],[110.3260601,-7.8051001],[110.3256114,-7.8050527],[110.3255172,-7.8054908],[110.3251714,-7.8054157],[110.3250741,-7.8057184],[110.3237847,-7.8056031],[110.3235792,-7.8056023],[110.3235406,-7.8056026],[110.3234044,-7.8054688],[110.3233117,-7.8053946],[110.3232176,-7.8053193],[110.3231621,-7.8049649],[110.3230506,-7.8045079],[110.3222841,-7.8044414],[110.3214991,-7.8042723],[110.3212275,-7.8045329],[110.3207603,-7.8043737],[110.3209348,-7.8048263],[110.3210117,-7.8050267],[110.3206934,-7.8052593],[110.3200671,-7.805249],[110.3198792,-7.8057801],[110.3198787,-7.8060971],[110.3197941,-7.8063767],[110.3196191,-7.8063494],[110.3194129,-7.806357],[110.3194015,-7.8063574],[110.319275,-7.8067378],[110.3191008,-7.8072614],[110.3188953,-7.8071771],[110.3182972,-7.8070177],[110.3183353,-7.8066075],[110.3183449,-7.8063455],[110.3179635,-7.8063241],[110.3176278,-7.8063098],[110.31760846629783,-7.806308732608858],[110.31760846629783,-7.797376666157446],[110.32210004271843,-7.797376666157446],[110.32210004271843,-7.79288508973685],[110.33896974833752,-7.79288508973685],[110.3389279,-7.7929602],[110.338834,-7.7930632],[110.3384465,-7.7930142],[110.3381685,-7.7931298],[110.3382263,-7.7933167],[110.3383166,-7.7934361],[110.3383939,-7.7935586],[110.338361,-7.793987],[110.338325,-7.7942286],[110.3384055,-7.794422],[110.3385727,-7.7949216],[110.3386369,-7.7951859],[110.338714,-7.7954728],[110.3386488,-7.7958464],[110.3383993,-7.7962841],[110.3382923,-7.7965481],[110.3382368,-7.7969282],[110.3380945,-7.7970246],[110.3379459,-7.7970695],[110.3379228,-7.7973626],[110.3379082,-7.7974756],[110.3379483,-7.7975431],[110.3379857,-7.7976585],[110.3379869,-7.7976623],[110.3374148,-7.7976963],[110.3371172,-7.7976958],[110.3363695,-7.797631],[110.336178,-7.7976209],[110.336104,-7.7976263],[110.3360488,-7.7976303],[110.3359777,-7.7976205],[110.3357807,-7.7976106],[110.3351283,-7.7975097],[110.3351218,-7.7975387],[110.3350575,-7.7978704],[110.3349505,-7.7982076],[110.3342486,-7.7981649],[110.3339548,-7.7980781],[110.333661,-7.7979487],[110.3333833,-7.7978935],[110.3333409,-7.7981673],[110.3333631,-7.7983993],[110.3333367,-7.7987601],[110.3331589,-7.7988242],[110.3330455,-7.7990496],[110.3329191,-7.7993522],[110.3325928,-7.799371],[110.3325147,-7.7997124],[110.3324466,-7.7998927],[110.3323848,-7.8001278],[110.3320683,-7.8001208],[110.3318906,-7.8001205],[110.3317,-7.8000913],[110.3314384,-7.8000747],[110.331409,-7.8002583],[110.3314129,-7.8002602],[110.3310379,-7.8018319],[110.3310637,-7.80185],[110.3310655,-7.8018512],[110.3314636,-7.8021569]]],[[[110.4209013,-7.8070039],[110.42091472397158,-7.806979028840032],[110.42091472397158,-7.807078602075475],[110.4209013,-7.8070039]]],[[[110.4207814,-7.7939259],[110.4206846,-7.7937616],[110.4206786,-7.7936234],[110.4207322,-7.7932954],[110.4207032,-7.7930139],[110.4206098,-7.7927039],[110.4205751,-7.7924944],[110.4205753,-7.7923431],[110.4205289,-7.7921685],[110.4204942,-7.7919473],[110.4204559,-7.7917809],[110.4203949,-7.7915897],[110.4203949,-7.7914667],[110.4204483,-7.7913432],[110.4205597,-7.7908779],[110.4208379,-7.7908783],[110.42091472397158,-7.790886330791802],[110.42091472397158,-7.79397253964815],[110.4207814,-7.7939259]]],[[[110.4208364,-7.7902459],[110.4207654,-7.7900845],[110.4207654,-7.7899628],[110.42091472397158,-7.789789513715577],[110.42091472397158,-7.790266562693743],[110.4208364,-7.7902459]]],[[[110.4208493,-7.7863356],[110.420773,-7.7863446],[110.4205212,-7.7863775],[110.4202008,-7.7864133],[110.4198269,-7.7864343],[110.4197964,-7.7864343],[110.4195218,-7.786451],[110.4191174,-7.7864906],[110.4186596,-7.7865277],[110.4182324,-7.7865635],[110.4171643,-7.7866546],[110.4169049,-7.7866746],[110.4166913,-7.7866985],[110.4165511,-7.7867086],[110.4165467,-7.7867089],[110.4165443,-7.7867084],[110.4165176,-7.7867021],[110.4165054,-7.7866997],[110.4165034,-7.7866999],[110.416497,-7.7867006],[110.4164952,-7.7865501],[110.4164934,-7.7863958],[110.4164568,-7.7859756],[110.4164324,-7.7856954],[110.4164126,-7.7855188],[110.4163508,-7.7849703],[110.4163469,-7.7848385],[110.4163234,-7.7845135],[110.4162901,-7.7841217],[110.4162876,-7.7840731],[110.416286,-7.7840599],[110.41627828396244,-7.783901936895654],[110.42091472397158,-7.783901936895654],[110.42091472397158,-7.786340747227578],[110.4208493,-7.7863356]]],[[[110.4127933,-7.7843524],[110.4128442,-7.7850072],[110.4128428,-7.7860238],[110.4128543,-7.7870171],[110.4126554,-7.7870589],[110.4117523,-7.7871247],[110.4113495,-7.7871533],[110.4112263,-7.7871621],[110.4110592,-7.7875881],[110.4110135,-7.7885346],[110.4110629,-7.7888889],[110.4111585,-7.7889437],[110.4113236,-7.7890387],[110.411295,-7.7896476],[110.4111328,-7.7896395],[110.4108399,-7.7896248],[110.4102447,-7.7895745],[110.4102405,-7.7895742],[110.4102931,-7.7876645],[110.4102902,-7.7872597],[110.4096523,-7.7872776],[110.4095435,-7.787287],[110.4094798,-7.787288],[110.4093571,-7.7863],[110.4088289,-7.7866974],[110.408693,-7.7869888],[110.4085717,-7.7882765],[110.4086049,-7.788343],[110.4086323,-7.7886032],[110.4085709,-7.7888412],[110.4084211,-7.7887967],[110.4084113,-7.7886986],[110.4083828,-7.7884147],[110.4082614,-7.7879163],[110.4080284,-7.7878551],[110.4077675,-7.7878492],[110.4077115,-7.7882034],[110.4072843,-7.7880865],[110.4072789,-7.7879758],[110.4067962,-7.78787],[110.4067426,-7.7875291],[110.4067226,-7.7874829],[110.4065573,-7.7871],[110.4066686,-7.786809],[110.407021,-7.7858609],[110.4071527,-7.7854792],[110.4071603,-7.785457],[110.407005,-7.7854014],[110.4069125,-7.7853688],[110.4068941,-7.7853625],[110.4069054,-7.7853307],[110.4069553,-7.785191],[110.4064396,-7.784908],[110.4063623,-7.7851364],[110.4062695,-7.7854106],[110.4062577,-7.7854387],[110.406083,-7.7858541],[110.4060002,-7.7860598],[110.4059939,-7.7860753],[110.405595,-7.786006],[110.4055444,-7.7859972],[110.4054997,-7.7862241],[110.4055274,-7.7862317],[110.4058659,-7.7863243],[110.4058585,-7.7863483],[110.4056592,-7.7869975],[110.4056513,-7.7870199],[110.4038118,-7.7866701],[110.4038175,-7.7866232],[110.4038399,-7.7864377],[110.4038349,-7.7864372],[110.4029132,-7.7862869],[110.4028316,-7.7865925],[110.4026621,-7.7872276],[110.4025678,-7.7872383],[110.4025178,-7.787244],[110.4024397,-7.7875373],[110.4016788,-7.7874977],[110.4016738,-7.7874974],[110.4016122,-7.7878793],[110.4016121,-7.7879125],[110.4016134,-7.7880341],[110.401617,-7.7883886],[110.4015909,-7.7884005],[110.4015448,-7.7884217],[110.4016113,-7.7885269],[110.4016499,-7.788682],[110.4016954,-7.7888326],[110.4017051,-7.7888647],[110.4016716,-7.7890197],[110.4016395,-7.7891034],[110.4016387,-7.7891073],[110.4016369,-7.7891102],[110.4016271,-7.7891359],[110.4015547,-7.7892963],[110.4014657,-7.7893958],[110.401429,-7.7897408],[110.4014151,-7.7898718],[110.4014287,-7.7900162],[110.401437,-7.7901043],[110.4014285,-7.7901491],[110.4013818,-7.7903954],[110.4013699,-7.7904585],[110.4013451,-7.79051],[110.4012887,-7.7906272],[110.4012474,-7.7907129],[110.4012528,-7.7908347],[110.4012247,-7.791034],[110.4012578,-7.7911945],[110.4012511,-7.7913412],[110.4012203,-7.7915058],[110.401242,-7.7915711],[110.4012683,-7.7916429],[110.4014735,-7.7917595],[110.4016065,-7.7919146],[110.4014391,-7.7925233],[110.4012561,-7.7924013],[110.4009454,-7.7923399],[110.4006514,-7.7922122],[110.400685,-7.7920185],[110.4006852,-7.7918303],[110.4007243,-7.7916532],[110.400719,-7.7914982],[110.4005303,-7.7914647],[110.4003417,-7.7913925],[110.3999699,-7.7913532],[110.3999814,-7.7910654],[110.4,-7.7907929],[110.4000098,-7.7906503],[110.4000267,-7.7904178],[110.4000233,-7.7904134],[110.4000235,-7.7904106],[110.4000066,-7.7903919],[110.3999492,-7.7903181],[110.3999167,-7.7902911],[110.3999153,-7.79029],[110.3997884,-7.790185],[110.3996493,-7.7900304],[110.399539,-7.7899079],[110.3994881,-7.7896647],[110.3994813,-7.7896336],[110.3994784,-7.7896199],[110.3994843,-7.7893432],[110.3995032,-7.7892457],[110.3995347,-7.7890831],[110.3995683,-7.7888728],[110.3995629,-7.7887676],[110.3995407,-7.7886224],[110.3995472,-7.7880867],[110.3995033,-7.7877158],[110.3991093,-7.7877041],[110.3989761,-7.7876763],[110.3989609,-7.7876408],[110.3989429,-7.7875987],[110.3989567,-7.7874767],[110.3989677,-7.7873787],[110.3989766,-7.7872999],[110.3989783,-7.7872733],[110.3989937,-7.7870231],[110.3989827,-7.7869622],[110.3989827,-7.7869324],[110.3989828,-7.7868847],[110.398984,-7.7868786],[110.3990109,-7.7866191],[110.3990392,-7.7862095],[110.3990842,-7.7858442],[110.3989121,-7.7858218],[110.3987179,-7.7858215],[110.398568,-7.7858102],[110.3984568418686,-7.785797733667507],[110.3984568418686,-7.783901936895654],[110.41280872975429,-7.783901936895654],[110.4127933,-7.7843524]]],[[[110.3948227,-7.7884729],[110.39484622945432,-7.788393513316252],[110.39607085961953,-7.788393513316252],[110.3948227,-7.7884729]]],[[[110.3665355,-7.7717133],[110.3665225,-7.7714044],[110.3665513,-7.7713187],[110.3664558,-7.7712518],[110.3664849,-7.7709468],[110.3665568,-7.7707407],[110.3665713,-7.7706991],[110.3665713,-7.77064],[110.3666245,-7.7703145],[110.3666321,-7.7702873],[110.3665871,-7.7702799],[110.3667161,-7.7697174],[110.3665825,-7.7696028],[110.3664963,-7.769698],[110.3664579,-7.76986],[110.3662858,-7.7698502],[110.366066,-7.7698308],[110.3661621,-7.7695069],[110.3655985,-7.7693249],[110.3655124,-7.7693629],[110.3655313,-7.7694964],[110.3654166,-7.7695153],[110.365298,-7.7694633],[110.3651109,-7.7693814],[110.3648817,-7.7692857],[110.3649203,-7.7690379],[110.364395,-7.7687607],[110.3643188,-7.768608],[110.3641468,-7.7685315],[110.3637864,-7.7684711],[110.3637024,-7.7684701],[110.3632065,-7.7687057],[110.3629319,-7.7687366],[110.3628098,-7.7687228],[110.3627182,-7.7686785],[110.3626403,-7.7685333],[110.3621156,-7.7685644],[110.3620196,-7.7689182],[110.3618874,-7.7695228],[110.3615297,-7.7694545],[110.3614573,-7.7703618],[110.3614573,-7.7704718],[110.3614566,-7.7704751],[110.3614562,-7.7704952],[110.3612531,-7.7704903],[110.3611364,-7.7704846],[110.3609979,-7.7704912],[110.360978,-7.7704961],[110.3609324,-7.77053],[110.3608508,-7.7705655],[110.3606977,-7.7706568],[110.3606568,-7.7707279],[110.3606443,-7.7713492],[110.3590614,-7.7712616],[110.3576326,-7.7702236],[110.3573301,-7.7699893],[110.3570569,-7.7698038],[110.3567642,-7.7695695],[110.3564716,-7.7692963],[110.3562667,-7.7691693],[110.3561496,-7.7690717],[110.3560423,-7.7689742],[110.3559253,-7.7688766],[110.3557089,-7.7687242],[110.355213,-7.7683572],[110.3548697,-7.7680868],[110.3546865,-7.7679561],[110.3546026,-7.7679061],[110.3545797,-7.7678875],[110.3542669,-7.7676495],[110.3536489,-7.7672137],[110.3536108,-7.7671784],[110.35354107766261,-7.767128584217318],[110.35354107766261,-7.765935631213265],[110.35803265408322,-7.765935631213265],[110.35803265408322,-7.743477749110276],[110.36252423050381,-7.743477749110276],[110.36252423050381,-7.734494596269081],[110.371507383345,-7.734494596269081],[110.371507383345,-7.730003019848483],[110.37599895976561,-7.730003019848483],[110.37599895976561,-7.725511443427885],[110.3804905361862,-7.725511443427885],[110.3804905361862,-7.721019867007288],[110.38498211260679,-7.721019867007288],[110.38498211260679,-7.730003019848483],[110.393965265448,-7.730003019848483],[110.393965265448,-7.721019867007288],[110.40743999470979,-7.721019867007288],[110.40743999470979,-7.725511443427885],[110.40294841828918,-7.725511443427885],[110.40294841828918,-7.734494596269081],[110.3984568418686,-7.734494596269081],[110.3984568418686,-7.743477749110276],[110.40743999470979,-7.743477749110276],[110.40743999470979,-7.738986172689677],[110.41193157113038,-7.738986172689677],[110.41193157113038,-7.743477749110276],[110.41642314755099,-7.743477749110276],[110.41642314755099,-7.747969325530874],[110.41193157113038,-7.747969325530874],[110.41193157113038,-7.75246090195147],[110.41642314755099,-7.75246090195147],[110.41642314755099,-7.756952478372068],[110.42091472397158,-7.756952478372068],[110.42091472397158,-7.747969325530874],[110.42540630039218,-7.747969325530874],[110.42540630039218,-7.761444054792666],[110.42989787681277,-7.761444054792666],[110.42989787681277,-7.765935631213265],[110.42540630039218,-7.765935631213265],[110.42540630039218,-7.770427207633861],[110.42091472397158,-7.770427207633861],[110.42091472397158,-7.774918784054459],[110.43438945323336,-7.774918784054459],[110.43438945323336,-7.779410360475057],[110.45235575891576,-7.779410360475057],[110.45235575891576,-7.783901936895654],[110.42091472397158,-7.783901936895654],[110.42091472397158,-7.779410360475057],[110.41642314755099,-7.779410360475057],[110.41642314755099,-7.774918784054459],[110.40743999470979,-7.774918784054459],[110.40743999470979,-7.779410360475057],[110.393965265448,-7.779410360475057],[110.393965265448,-7.774918784054459],[110.3894736890274,-7.774918784054459],[110.3894736890274,-7.770427207633861],[110.38498211260679,-7.770427207633861],[110.38498211260679,-7.765935631213265],[110.3804905361862,-7.765935631213265],[110.3804905361862,-7.761444054792666],[110.36701580692441,-7.761444054792666],[110.36701580692441,-7.771841158043128],[110.3665355,-7.7717133]]],[[[110.3531763,-7.7705364],[110.3532831,-7.7708225],[110.3533448,-7.7710996],[110.3533444,-7.7713562],[110.3533378,-7.7715166],[110.3533118,-7.7716897],[110.3532215,-7.7718435],[110.3531828,-7.7719333],[110.3530926,-7.7719909],[110.3530024,-7.7720998],[110.3527033,-7.7721071],[110.3524957,-7.7722522],[110.3524957,-7.7722516],[110.3524973,-7.7722311],[110.3524586,-7.7721114],[110.3523829,-7.7720675],[110.3520548,-7.7716732],[110.3519098,-7.7711458],[110.3518488,-7.770792],[110.3518183,-7.7705779],[110.3518183,-7.7705431],[110.35181810476354,-7.770427207633861],[110.35315079130757,-7.770427207633861],[110.3531763,-7.7705364]]],[[[110.3488799,-7.7704997],[110.3490032,-7.7705695],[110.3490673,-7.7707194],[110.3490563,-7.7709334],[110.3490287,-7.7714149],[110.3491893,-7.7716292],[110.3491479,-7.7721347],[110.3490946,-7.7724538],[110.3487665,-7.7733345],[110.3485682,-7.7736463],[110.3483927,-7.773952],[110.348324,-7.7741399],[110.3482706,-7.7742462],[110.3481943,-7.7743549],[110.3479883,-7.774733],[110.3476908,-7.7752056],[110.347645,-7.7753844],[110.3476221,-7.7754712],[110.3475916,-7.7758531],[110.3474411,-7.7762529],[110.3473175,-7.777082],[110.3474395,-7.7773017],[110.3475125,-7.7775457],[110.3476099,-7.777802],[110.3476216,-7.7781312],[110.3476336,-7.7783142],[110.3475719,-7.778619],[110.3475839,-7.7788263],[110.3476444,-7.77918],[110.3477052,-7.7794362],[110.3477671,-7.7797055],[110.3477671,-7.7799801],[110.3477671,-7.7801637],[110.3477552,-7.7802809],[110.3477442,-7.7803921],[110.3477035,-7.7805338],[110.3476685,-7.7805287],[110.3474468,-7.7804968],[110.3472992,-7.7810209],[110.3472862,-7.7815575],[110.347249,-7.7818745],[110.3470165,-7.7819839],[110.3468083,-7.7821787],[110.3466491,-7.7823614],[110.3464531,-7.782605],[110.3464283,-7.7828488],[110.3455695,-7.7826953],[110.3455925,-7.7827664],[110.3457258,-7.7833184],[110.3462558,-7.7834684],[110.346369,-7.7835321],[110.3463883,-7.7835429],[110.3463717,-7.7835629],[110.3463412,-7.7836597],[110.3463183,-7.7838733],[110.346303,-7.7844017],[110.3463335,-7.7848008],[110.3463717,-7.7852438],[110.3463717,-7.7852838],[110.3463409,-7.7853663],[110.3462344,-7.7854498],[110.3459902,-7.7855628],[110.3456088,-7.7857612],[110.3453951,-7.78595],[110.345278,-7.7860338],[110.3451719,-7.7861701],[110.3450082,-7.7863987],[110.3450387,-7.7866497],[110.345025,-7.7869491],[110.3449187,-7.7871822],[110.3448256,-7.7874242],[110.3447543,-7.7878511],[110.3447516,-7.7879643],[110.3447496,-7.788036],[110.344674,-7.7884013],[110.3446732,-7.7889295],[110.3446023,-7.7891407],[110.3445637,-7.7893498],[110.34455792482142,-7.789389151216823],[110.34455792482142,-7.788393513316252],[110.34006634840082,-7.788393513316252],[110.34006634840082,-7.783901936895654],[110.33557477198022,-7.783901936895654],[110.33557477198022,-7.779410360475057],[110.33108319555963,-7.779410360475057],[110.33108319555963,-7.765935631213265],[110.33557477198022,-7.765935631213265],[110.33557477198022,-7.761444054792666],[110.34006634840082,-7.761444054792666],[110.34006634840082,-7.765935631213265],[110.34455792482142,-7.765935631213265],[110.34455792482142,-7.770427207633861],[110.34885688844298,-7.770427207633861],[110.3488799,-7.7704997]]]],"type":"MultiPolygon"},"properties":{"fid":35335,"DN":4,"KELAS":"CAHAYA SEDANG","CLASS":"MEDIUM LIGHTS","INTENSITAS (nW/sr/cm²)":"10 - 20"}},{"type":"Feature","geometry":{"coordinates":[[[[110.2865776,-7.8016819],[110.2866278,-7.8014338],[110.2867152,-7.8012603],[110.2868399,-7.8010744],[110.2869398,-7.8008637],[110.28694,-7.8007024],[110.2869531,-7.8003551],[110.2868761,-7.8001842],[110.2868415,-7.8001068],[110.2875143,-7.7994752],[110.287852,-7.7994288],[110.2879428,-7.7992798],[110.2881335,-7.7989761],[110.2882403,-7.7988473],[110.2882576,-7.7988382],[110.2884429,-7.7983851],[110.2889096,-7.7982246],[110.2893081,-7.7979647],[110.2895038,-7.7978454],[110.2900179,-7.7975317],[110.2900369,-7.7973456],[110.2899254,-7.7970725],[110.2895278,-7.7967989],[110.2899531,-7.7954226],[110.2900663,-7.7946784],[110.2900544,-7.794331],[110.2902416,-7.7939716],[110.2903935,-7.7938391],[110.2909273,-7.7933632],[110.2908126,-7.7930602],[110.2907911,-7.7930032],[110.2899839,-7.7921831],[110.2900721,-7.7915133],[110.2902169,-7.7905973],[110.2904367,-7.7892064],[110.2899397,-7.7889079],[110.289996,-7.7886723],[110.2870452,-7.7876061],[110.2865463,-7.7874259],[110.2883386,-7.786759],[110.2886615,-7.7854801],[110.2886615,-7.7854785],[110.2888145,-7.7848741],[110.2872353,-7.7845489],[110.2871489,-7.7841766],[110.2869286,-7.7841266],[110.2869263,-7.7841261],[110.2864277,-7.7840141],[110.2861283,-7.784485],[110.2861081,-7.784601],[110.2861032,-7.7846294],[110.2859965,-7.7852415],[110.2857774,-7.785254],[110.2857128,-7.7852577],[110.284939,-7.7853018],[110.2846153,-7.7854749],[110.2844011,-7.7857499],[110.2843162,-7.785859],[110.2837808,-7.7861558],[110.2837962,-7.7859082],[110.2838319,-7.7853371],[110.281563,-7.7846634],[110.2813882,-7.784998],[110.2810019,-7.7854192],[110.2805911,-7.7856046],[110.2804134,-7.7856675],[110.2802426,-7.785728],[110.2800063,-7.7857028],[110.2797826,-7.785566],[110.2798032,-7.7854935],[110.2798953,-7.7851692],[110.2794354,-7.7849823],[110.279192,-7.7854285],[110.2790568,-7.7855972],[110.2783792,-7.7864427],[110.2774842,-7.7875594],[110.2773594,-7.7878321],[110.2773742,-7.7879371],[110.2771561,-7.7881974],[110.2771027,-7.7883472],[110.2770798,-7.7887167],[110.2769882,-7.7889723],[110.2769348,-7.7890581],[110.2768127,-7.789328],[110.2765762,-7.7900275],[110.2764923,-7.790284],[110.2764313,-7.7903804],[110.2762481,-7.7907561],[110.2758972,-7.7914718],[110.2757446,-7.7918128],[110.2744206,-7.7913917],[110.274379,-7.7913784],[110.2740509,-7.7920317],[110.2737304,-7.7926606],[110.2733765,-7.7933917],[110.27269270209186,-7.793307175730273],[110.27269270209186,-7.783901936895654],[110.28167585493306,-7.783901936895654],[110.28167585493306,-7.770427207633861],[110.26820112567125,-7.770427207633861],[110.26820112567125,-7.765935631213265],[110.24574324356827,-7.765935631213265],[110.24574324356827,-7.756952478372068],[110.26370954925066,-7.756952478372068],[110.26370954925066,-7.761444054792666],[110.27718427851246,-7.761444054792666],[110.27718427851246,-7.756952478372068],[110.29065900777425,-7.756952478372068],[110.29065900777425,-7.75246090195147],[110.28167585493306,-7.75246090195147],[110.28167585493306,-7.747969325530874],[110.27718427851246,-7.747969325530874],[110.27718427851246,-7.738986172689677],[110.28616743135365,-7.738986172689677],[110.28616743135365,-7.743477749110276],[110.29964216061545,-7.743477749110276],[110.29964216061545,-7.730003019848483],[110.30413373703604,-7.730003019848483],[110.30413373703604,-7.725511443427885],[110.29515058419484,-7.725511443427885],[110.29515058419484,-7.71652829058669],[110.29964216061545,-7.71652829058669],[110.29964216061545,-7.712036714166092],[110.29515058419484,-7.712036714166092],[110.29515058419484,-7.703053561324897],[110.29964216061545,-7.703053561324897],[110.29964216061545,-7.707545137745496],[110.30413373703604,-7.707545137745496],[110.30413373703604,-7.703053561324897],[110.31311688987724,-7.703053561324897],[110.31311688987724,-7.712036714166092],[110.30862531345664,-7.712036714166092],[110.30862531345664,-7.71652829058669],[110.32210004271843,-7.71652829058669],[110.32210004271843,-7.707545137745496],[110.33108319555963,-7.707545137745496],[110.33108319555963,-7.703053561324897],[110.32210004271843,-7.703053561324897],[110.32210004271843,-7.698561984904299],[110.31760846629783,-7.698561984904299],[110.31760846629783,-7.694070408483703],[110.32210004271843,-7.694070408483703],[110.32210004271843,-7.685087255642506],[110.33108319555963,-7.685087255642506],[110.33108319555963,-7.671612526380714],[110.31760846629783,-7.671612526380714],[110.31760846629783,-7.647410000079518],[110.3176422,-7.6473856],[110.3178635,-7.6472559],[110.317894,-7.6472444],[110.3179398,-7.6472354],[110.318367,-7.6471614],[110.3187103,-7.6472005],[110.3192062,-7.6471753],[110.3193817,-7.6471567],[110.3195114,-7.6470642],[110.3196869,-7.646739],[110.3197937,-7.6465826],[110.3198709,-7.6464947],[110.319931,-7.6464262],[110.3200226,-7.6463241],[110.3200989,-7.6462188],[110.3202057,-7.6461205],[110.3204575,-7.6459236],[110.3206482,-7.6458206],[110.3209457,-7.6458216],[110.3210983,-7.6457591],[110.3213883,-7.6457844],[110.321701,-7.6457224],[110.3220749,-7.6454954],[110.32210004271843,-7.645485710720954],[110.32210004271843,-7.662629373539519],[110.33108319555963,-7.662629373539519],[110.33108319555963,-7.658137797118921],[110.34006634840082,-7.658137797118921],[110.34006634840082,-7.662629373539519],[110.34455792482142,-7.662629373539519],[110.34455792482142,-7.667120949960116],[110.34904950124202,-7.667120949960116],[110.34904950124202,-7.671612526380714],[110.35803265408322,-7.671612526380714],[110.35803265408322,-7.676104102801312],[110.36252423050381,-7.676104102801312],[110.36252423050381,-7.680595679221908],[110.36701580692441,-7.680595679221908],[110.36701580692441,-7.676104102801312],[110.37599895976561,-7.676104102801312],[110.37599895976561,-7.671612526380714],[110.3804905361862,-7.671612526380714],[110.3804905361862,-7.680595679221908],[110.371507383345,-7.680595679221908],[110.371507383345,-7.685087255642506],[110.37599895976561,-7.685087255642506],[110.37599895976561,-7.689578832063105],[110.3804905361862,-7.689578832063105],[110.3804905361862,-7.694070408483703],[110.38498211260679,-7.694070408483703],[110.38498211260679,-7.671612526380714],[110.3894736890274,-7.671612526380714],[110.3894736890274,-7.667120949960116],[110.393965265448,-7.667120949960116],[110.393965265448,-7.671612526380714],[110.41193157113038,-7.671612526380714],[110.41193157113038,-7.662629373539519],[110.41642314755099,-7.662629373539519],[110.41642314755099,-7.658137797118921],[110.42091472397158,-7.658137797118921],[110.42091472397158,-7.644663067857128],[110.42540630039218,-7.644663067857128],[110.42540630039218,-7.649154644277727],[110.42989787681277,-7.649154644277727],[110.42989787681277,-7.658137797118921],[110.43438945323336,-7.658137797118921],[110.43438945323336,-7.662629373539519],[110.43888102965397,-7.662629373539519],[110.43888102965397,-7.658137797118921],[110.44337260607458,-7.658137797118921],[110.44337260607458,-7.667120949960116],[110.43888102965397,-7.667120949960116],[110.43888102965397,-7.671612526380714],[110.43438945323336,-7.671612526380714],[110.43438945323336,-7.667120949960116],[110.42989787681277,-7.667120949960116],[110.42989787681277,-7.671612526380714],[110.42540630039218,-7.671612526380714],[110.42540630039218,-7.676104102801312],[110.42989787681277,-7.676104102801312],[110.42989787681277,-7.680595679221908],[110.43438945323336,-7.680595679221908],[110.43438945323336,-7.676104102801312],[110.43888102965397,-7.676104102801312],[110.43888102965397,-7.680595679221908],[110.44337260607458,-7.680595679221908],[110.44337260607458,-7.685087255642506],[110.43888102965397,-7.685087255642506],[110.43888102965397,-7.694070408483703],[110.47032206459815,-7.694070408483703],[110.47032206459815,-7.707545137745496],[110.46583048817756,-7.707545137745496],[110.46583048817756,-7.703053561324897],[110.45684733533636,-7.703053561324897],[110.45684733533636,-7.707545137745496],[110.45235575891576,-7.707545137745496],[110.45235575891576,-7.712036714166092],[110.45684733533636,-7.712036714166092],[110.45684733533636,-7.71652829058669],[110.45235575891576,-7.71652829058669],[110.45235575891576,-7.721019867007288],[110.47032206459815,-7.721019867007288],[110.47032206459815,-7.71652829058669],[110.48379679385995,-7.71652829058669],[110.48379679385995,-7.707545137745496],[110.48403842773136,-7.707545137745496],[110.48406,-7.70765],[110.4840591,-7.70765],[110.4841051,-7.7077794],[110.484108,-7.7077875],[110.48423,-7.7084413],[110.4843292,-7.7087479],[110.4843369,-7.7087745],[110.484436,-7.7090859],[110.4845123,-7.7094235],[110.4847717,-7.7105694],[110.484909,-7.7111821],[110.4849701,-7.7115387],[110.4850387,-7.7118783],[110.4850845,-7.7120447],[110.4850845,-7.712079],[110.4852066,-7.7125578],[110.4852219,-7.7126765],[110.4852438,-7.7127856],[110.4852676,-7.7129044],[110.4852982,-7.7131257],[110.4853058,-7.7131886],[110.4853745,-7.7134571],[110.4854507,-7.7138071],[110.4855728,-7.7143211],[110.4856491,-7.7146096],[110.4858169,-7.7153373],[110.4859009,-7.7158045],[110.4859085,-7.7158746],[110.4859238,-7.7159491],[110.4862213,-7.7172184],[110.4862824,-7.7174635],[110.4864807,-7.7184248],[110.4864883,-7.7185211],[110.4865265,-7.7186679],[110.4866028,-7.7188873],[110.4866486,-7.7190747],[110.4867172,-7.7194199],[110.4867783,-7.7196684],[110.4868393,-7.7199831],[110.4869614,-7.7205867],[110.4869755,-7.7206568],[110.48698,-7.72066],[110.4869606,-7.7206513],[110.4869611,-7.7206535],[110.4869766,-7.7206626],[110.4869865,-7.7207815],[110.4870384,-7.7210454],[110.4872597,-7.7219652],[110.4872826,-7.7220653],[110.4873512,-7.7222942],[110.487397,-7.7224854],[110.4874274,-7.7226154],[110.4874415,-7.7226436],[110.487446,-7.7226927],[110.4874657,-7.7227634],[110.4877327,-7.7239254],[110.4878243,-7.7243694],[110.4879895,-7.7252156],[110.4880982,-7.7257032],[110.4881491,-7.7259463],[110.4882744,-7.7263993],[110.488427,-7.7269925],[110.4885033,-7.7273258],[110.488633,-7.7279361],[110.4886864,-7.7281822],[110.488694,-7.7282914],[110.4887169,-7.7283319],[110.4891136,-7.7300919],[110.4892194,-7.7305622],[110.4892883,-7.7308039],[110.4895325,-7.7319021],[110.4896469,-7.7324238],[110.489821,-7.7332118],[110.48983,-7.7332525],[110.4900284,-7.73418],[110.4900436,-7.7342357],[110.4900665,-7.7344217],[110.4901199,-7.7346997],[110.4901352,-7.7347617],[110.4903793,-7.7357149],[110.4904022,-7.7357473],[110.490509,-7.7363257],[110.4905777,-7.7366395],[110.4906158,-7.7369084],[110.4906616,-7.7370782],[110.4906845,-7.7371974],[110.4907277,-7.737436],[110.4907997,-7.7377304],[110.4908995,-7.7381595],[110.4909038,-7.7381757],[110.490907,-7.7381916],[110.4909523,-7.7383865],[110.4910495,-7.7388627],[110.4910515,-7.7388722],[110.4910965,-7.739045],[110.4911118,-7.7390709],[110.4911423,-7.7391395],[110.4911499,-7.7392454],[110.4912186,-7.7396054],[110.4912487,-7.7397698],[110.4912492,-7.7397729],[110.4912875,-7.7399538],[110.491345,-7.740197],[110.4915714,-7.7411673],[110.4915783,-7.7411938],[110.4916285,-7.7413596],[110.4916331,-7.7413766],[110.4916687,-7.7415933],[110.4917117,-7.7417588],[110.4917755,-7.7420044],[110.491806,-7.7421093],[110.4918137,-7.7421484],[110.4918137,-7.7421811],[110.4918137,-7.7424974],[110.4918137,-7.7425301],[110.4917908,-7.743088],[110.49178549775947,-7.743477749110276],[110.48379679385995,-7.743477749110276],[110.48379679385995,-7.747969325530874],[110.47930521743935,-7.747969325530874],[110.47930521743935,-7.75246090195147],[110.47481364101876,-7.75246090195147],[110.47481364101876,-7.747969325530874],[110.47032206459815,-7.747969325530874],[110.47032206459815,-7.743477749110276],[110.46583048817756,-7.743477749110276],[110.46583048817756,-7.738986172689677],[110.46133891175695,-7.738986172689677],[110.46133891175695,-7.730003019848483],[110.44786418249517,-7.730003019848483],[110.44786418249517,-7.734494596269081],[110.43888102965397,-7.734494596269081],[110.43888102965397,-7.730003019848483],[110.42540630039218,-7.730003019848483],[110.42540630039218,-7.725511443427885],[110.42091472397158,-7.725511443427885],[110.42091472397158,-7.71652829058669],[110.41642314755099,-7.71652829058669],[110.41642314755099,-7.707545137745496],[110.43438945323336,-7.707545137745496],[110.43438945323336,-7.694070408483703],[110.42989787681277,-7.694070408483703],[110.42989787681277,-7.689578832063105],[110.42540630039218,-7.689578832063105],[110.42540630039218,-7.685087255642506],[110.42091472397158,-7.685087255642506],[110.42091472397158,-7.680595679221908],[110.41193157113038,-7.680595679221908],[110.41193157113038,-7.685087255642506],[110.40743999470979,-7.685087255642506],[110.40743999470979,-7.694070408483703],[110.40294841828918,-7.694070408483703],[110.40294841828918,-7.703053561324897],[110.40743999470979,-7.703053561324897],[110.40743999470979,-7.712036714166092],[110.40294841828918,-7.712036714166092],[110.40294841828918,-7.707545137745496],[110.3894736890274,-7.707545137745496],[110.3894736890274,-7.703053561324897],[110.37599895976561,-7.703053561324897],[110.37599895976561,-7.698561984904299],[110.36252423050381,-7.698561984904299],[110.36252423050381,-7.703053561324897],[110.35803265408322,-7.703053561324897],[110.35803265408322,-7.698561984904299],[110.35354107766261,-7.698561984904299],[110.35354107766261,-7.689578832063105],[110.34904950124202,-7.689578832063105],[110.34904950124202,-7.685087255642506],[110.34455792482142,-7.685087255642506],[110.34455792482142,-7.676104102801312],[110.34006634840082,-7.676104102801312],[110.34006634840082,-7.671612526380714],[110.33557477198022,-7.671612526380714],[110.33557477198022,-7.689578832063105],[110.34006634840082,-7.689578832063105],[110.34006634840082,-7.703053561324897],[110.34455792482142,-7.703053561324897],[110.34455792482142,-7.712036714166092],[110.34006634840082,-7.712036714166092],[110.34006634840082,-7.721019867007288],[110.35354107766261,-7.721019867007288],[110.35354107766261,-7.730003019848483],[110.34006634840082,-7.730003019848483],[110.34006634840082,-7.725511443427885],[110.31311688987724,-7.725511443427885],[110.31311688987724,-7.734494596269081],[110.32210004271843,-7.734494596269081],[110.32210004271843,-7.743477749110276],[110.32659161913904,-7.743477749110276],[110.32659161913904,-7.738986172689677],[110.34006634840082,-7.738986172689677],[110.34006634840082,-7.743477749110276],[110.33557477198022,-7.743477749110276],[110.33557477198022,-7.75246090195147],[110.33108319555963,-7.75246090195147],[110.33108319555963,-7.756952478372068],[110.32210004271843,-7.756952478372068],[110.32210004271843,-7.747969325530874],[110.31760846629783,-7.747969325530874],[110.31760846629783,-7.756952478372068],[110.31311688987724,-7.756952478372068],[110.31311688987724,-7.761444054792666],[110.30862531345664,-7.761444054792666],[110.30862531345664,-7.765935631213265],[110.29964216061545,-7.765935631213265],[110.29964216061545,-7.761444054792666],[110.28616743135365,-7.761444054792666],[110.28616743135365,-7.774918784054459],[110.30413373703604,-7.774918784054459],[110.30413373703604,-7.788393513316252],[110.31311688987724,-7.788393513316252],[110.31311688987724,-7.797376666157446],[110.30862531345664,-7.797376666157446],[110.30862531345664,-7.801868242578045],[110.29964216061545,-7.801868242578045],[110.29964216061545,-7.806359818998643],[110.29065900777425,-7.806359818998643],[110.29065900777425,-7.801868242578045],[110.2866039854226,-7.801868242578045],[110.2865776,-7.8016819]],[[110.30413373703604,-7.71652829058669],[110.30413373703604,-7.721019867007288],[110.30862531345664,-7.721019867007288],[110.30862531345664,-7.71652829058669],[110.30413373703604,-7.71652829058669]],[[110.41642314755099,-7.671612526380714],[110.42091472397158,-7.671612526380714],[110.42091472397158,-7.667120949960116],[110.42540630039218,-7.667120949960116],[110.42540630039218,-7.662629373539519],[110.41642314755099,-7.662629373539519],[110.41642314755099,-7.671612526380714]],[[110.44337260607458,-7.707545137745496],[110.44786418249517,-7.707545137745496],[110.44786418249517,-7.703053561324897],[110.44337260607458,-7.703053561324897],[110.44337260607458,-7.707545137745496]]],[[[110.3234482,-7.6445837],[110.3235855,-7.6444635],[110.3237228,-7.6443619],[110.3238449,-7.6442289],[110.3239136,-7.643981],[110.3240814,-7.6435561],[110.3241577,-7.6432194],[110.3242264,-7.6430053],[110.3244324,-7.6425681],[110.324585,-7.6423597],[110.3249588,-7.6420264],[110.3253861,-7.641818],[110.3257217,-7.641685],[110.3258783,-7.6416721],[110.3261108,-7.641653],[110.326416,-7.6415238],[110.3267593,-7.6415276],[110.3269425,-7.6415276],[110.3270874,-7.641479],[110.3273392,-7.6411729],[110.3274231,-7.6409159],[110.327446,-7.6406116],[110.3274536,-7.6404938],[110.3274918,-7.6404304],[110.3275223,-7.6403837],[110.3275528,-7.6403336],[110.3279037,-7.640038],[110.3286972,-7.639564],[110.3293076,-7.6392889],[110.3297958,-7.6390042],[110.3302918,-7.6389441],[110.3304138,-7.6389274],[110.3305969,-7.638824],[110.33078,-7.6386103],[110.3308868,-7.638462],[110.3309316,-7.6383706],[110.3309326,-7.6383686],[110.3309784,-7.6381683],[110.3309936,-7.6381063],[110.3310165,-7.6380067],[110.33108319555963,-7.637923330550461],[110.33108319555963,-7.64017149143653],[110.34006634840082,-7.64017149143653],[110.34006634840082,-7.644663067857128],[110.34455792482142,-7.644663067857128],[110.34455792482142,-7.653646220698323],[110.33108319555963,-7.653646220698323],[110.33108319555963,-7.658137797118921],[110.32659161913904,-7.658137797118921],[110.32659161913904,-7.644663067857128],[110.32328393867544,-7.644663067857128],[110.3234482,-7.6445837]]],[[[110.4801178,-7.6898913],[110.4802017,-7.6902995],[110.4802475,-7.6905145],[110.4803924,-7.6912169],[110.4804975,-7.6916682],[110.4805298,-7.6918025],[110.480545,-7.6918707],[110.4805866,-7.6920503],[110.4806895,-7.6926203],[110.4807181,-7.6927289],[110.4807295,-7.6927724],[110.4809215,-7.6936685],[110.4809776,-7.6939326],[110.4810016,-7.6939566],[110.4812336,-7.6949968],[110.4814016,-7.6957009],[110.4815057,-7.696229],[110.4815457,-7.696469],[110.4816097,-7.6966851],[110.4817377,-7.6972532],[110.4818337,-7.6976692],[110.4818817,-7.6978773],[110.4819857,-7.6983654],[110.48203063369242,-7.698561984904299],[110.47481364101876,-7.698561984904299],[110.47481364101876,-7.694070408483703],[110.47930521743935,-7.694070408483703],[110.47930521743935,-7.689578832063105],[110.48002647021582,-7.689578832063105],[110.4801178,-7.6898913]]],[[[110.4975609,-7.768171],[110.4992546,-7.7685472],[110.4999947,-7.7686383],[110.5001549,-7.7686259],[110.5009026,-7.7685587],[110.5011696,-7.7685615],[110.5018715,-7.7686097],[110.5024895,-7.7686721],[110.5030465,-7.7686998],[110.5034584,-7.768726],[110.5041374,-7.7687365],[110.5047936,-7.768849],[110.5054344,-7.7688695],[110.5058159,-7.7688738],[110.5063195,-7.7689086],[110.50709,-7.7689721],[110.5075096,-7.7692028],[110.508181,-7.7694017],[110.5085015,-7.7696372],[110.5089592,-7.7699729],[110.5093941,-7.7702643],[110.5097756,-7.7705661],[110.5100502,-7.7706934],[110.510241,-7.7710296],[110.5102944,-7.771124],[110.5102952,-7.7711256],[110.5104699,-7.7714516],[110.5106759,-7.7719056],[110.51074625238354,-7.772046517633601],[110.51074625238354,-7.779410360475057],[110.51286319438323,-7.779410360475057],[110.5129852,-7.7794966],[110.513382,-7.7798657],[110.5136404,-7.780015],[110.5148315,-7.780703],[110.51523782880413,-7.780871054437436],[110.51523782880413,-7.783901936895654],[110.51074625238354,-7.783901936895654],[110.51074625238354,-7.788393513316252],[110.49727152312174,-7.788393513316252],[110.49727152312174,-7.79288508973685],[110.50176309954233,-7.79288508973685],[110.50176309954233,-7.819834548260435],[110.49727152312174,-7.819834548260435],[110.49727152312174,-7.822964626633635],[110.4969389,-7.8229393],[110.4950015,-7.8227918],[110.4949972,-7.8227935],[110.4947955,-7.8228724],[110.4945735,-7.8229119],[110.4945438,-7.8229172],[110.4944831,-7.8229181],[110.4943683,-7.8229196],[110.4924915,-7.8227346],[110.4924075,-7.822799],[110.492316,-7.8227999],[110.4921558,-7.8227651],[110.492049,-7.8227313],[110.4913471,-7.8225019],[110.4913089,-7.8224985],[110.4911868,-7.8224747],[110.4908664,-7.8223884],[110.4904544,-7.8222959],[110.4903628,-7.8222849],[110.4902866,-7.8222559],[110.4902408,-7.8222401],[110.4898669,-7.822119],[110.4892108,-7.8219178],[110.488959,-7.8218501],[110.4887073,-7.8217619],[110.4885888,-7.821721],[110.4880206,-7.8215253],[110.4875171,-7.8213737],[110.4872272,-7.821286],[110.4871203,-7.8212574],[110.4870517,-7.8212483],[110.4869983,-7.8212412],[110.4866159,-7.8212357],[110.4864947,-7.8212345],[110.4857776,-7.8210757],[110.4855182,-7.8210027],[110.4853961,-7.8209517],[110.4853046,-7.8209756],[110.4850833,-7.8212831],[110.4849536,-7.8213074],[110.4848773,-7.8213074],[110.4847171,-7.8212969],[110.4844958,-7.8212426],[110.4846422,-7.8208336],[110.48474,-7.8205602],[110.4850147,-7.8199771],[110.4853122,-7.8193095],[110.4854877,-7.8186472],[110.4855106,-7.8184598],[110.485511,-7.8184555],[110.4855124,-7.8184535],[110.4855112,-7.8184532],[110.4851925,-7.8183631],[110.4850323,-7.8183212],[110.4843304,-7.8181633],[110.4834835,-7.8179435],[110.483125,-7.8178605],[110.4827587,-7.8177714],[110.4824917,-7.8177079],[110.4821179,-7.8176188],[110.4820478,-7.8176072],[110.4813091,-7.8174853],[110.4811032,-7.81816],[110.4810269,-7.818407],[110.4809353,-7.8188075],[110.4807217,-7.8197002],[110.480653,-7.8199772],[110.4805157,-7.8205165],[110.4804013,-7.8209462],[110.4803479,-7.8211917],[110.4802258,-7.8216437],[110.4802182,-7.8216776],[110.4801571,-7.8218674],[110.4800198,-7.8223719],[110.4798443,-7.8230318],[110.4797299,-7.8235244],[110.4797146,-7.8235854],[110.4795849,-7.8240718],[110.4793865,-7.8248319],[110.4793837,-7.8248309],[110.4793662,-7.8249007],[110.4770456,-7.824072],[110.4769512,-7.8240383],[110.4768887,-7.8248362],[110.4767771,-7.8253008],[110.476734,-7.8254806],[110.4762109,-7.8253418],[110.4757187,-7.8252031],[110.4757344,-7.8248962],[110.4756563,-7.8248539],[110.4757225,-7.8244332],[110.4758582,-7.8243899],[110.4760107,-7.8237243],[110.4751522,-7.8234433],[110.47487,-7.8233484],[110.4747097,-7.8233499],[110.4742901,-7.8233241],[110.473131,-7.823147],[110.4712203,-7.8228791],[110.4706463,-7.8228154],[110.4706815,-7.8234481],[110.4707674,-7.823937],[110.4705434,-7.8243106],[110.4702905,-7.8248278],[110.469959,-7.8247555],[110.4697211,-7.8247552],[110.4693678,-7.8248123],[110.4691514,-7.8249486],[110.4690213,-7.8251713],[110.4688423,-7.8255922],[110.4687949,-7.8256681],[110.4682749,-7.8268081],[110.4682752,-7.8268091],[110.4682006,-7.8268644],[110.4681789,-7.8269219],[110.4681573,-7.8269362],[110.4680706,-7.8270512],[110.4679984,-7.8271733],[110.4678974,-7.827245],[110.4678757,-7.8272738],[110.4678756,-7.8273241],[110.4678539,-7.8273888],[110.4678322,-7.8274678],[110.4677889,-7.8275253],[110.4677887,-7.8276618],[110.4677309,-7.8278127],[110.4676946,-7.8279421],[110.4675873,-7.8280017],[110.4674246,-7.8279528],[110.4671805,-7.8278875],[110.4669852,-7.827871],[110.4667899,-7.8278221],[110.4666596,-7.8278219],[110.4663978,-7.8277324],[110.4662528,-7.8277262],[110.466291,-7.8275893],[110.4663062,-7.8275316],[110.4663825,-7.8268302],[110.466619,-7.8250292],[110.4666221,-7.8249889],[110.4666266,-7.8249401],[110.4664435,-7.8248828],[110.4659781,-7.8247235],[110.465651,-7.8246311],[110.4656286,-7.8245526],[110.4655755,-7.8243788],[110.4655451,-7.8239443],[110.4654981,-7.8233081],[110.4654204,-7.8225457],[110.4653599,-7.8220269],[110.4644321,-7.821827],[110.4642355,-7.8217847],[110.4639182,-7.8217042],[110.4635139,-7.8215674],[110.4631005,-7.8214442],[110.4620414,-7.8211301],[110.4618645,-7.8210754],[110.4617967,-7.8213024],[110.4617629,-7.8214144],[110.4616273,-7.8219131],[110.4616694,-7.8219776],[110.4617952,-7.8224906],[110.4618308,-7.8226553],[110.4618315,-7.8226588],[110.4615531,-7.8226383],[110.4612667,-7.8225937],[110.4612839,-7.8223779],[110.4609657,-7.8221821],[110.4608964,-7.8221392],[110.4607342,-7.8215475],[110.4606558,-7.8212617],[110.460192,-7.8196744],[110.4601777,-7.8196449],[110.457222,-7.8206323],[110.4567642,-7.8208826],[110.4560471,-7.8213637],[110.4543305,-7.8207553],[110.4537669,-7.8205637],[110.4537438,-7.8205559],[110.4533556,-7.8208244],[110.4531192,-7.8211408],[110.4529529,-7.8215189],[110.4529129,-7.8220093],[110.4528427,-7.8225639],[110.4527485,-7.8230825],[110.4526232,-7.8243183],[110.4526235910892,-7.824326124681032],[110.45130163598267,-7.824326124681032],[110.4512853,-7.8243228],[110.451148,-7.8242942],[110.4511175,-7.8242947],[110.4506368,-7.8242117],[110.4504232,-7.8241588],[110.4503927,-7.8241421],[110.4501257,-7.8241049],[110.4496526,-7.824051],[110.4492788,-7.8240214],[110.4492178,-7.8240062],[110.4491797,-7.8242002],[110.44915678200633,-7.824326124681032],[110.44868398413529,-7.824326124681032],[110.4482349,-7.8241989],[110.4476084,-7.8241039],[110.4454449,-7.8240177],[110.4437933,-7.8239299],[110.44372550621621,-7.824326124681032],[110.43888102965397,-7.824326124681032],[110.43888102965397,-7.819834548260435],[110.43438945323336,-7.819834548260435],[110.43438945323336,-7.815342971839837],[110.43888102965397,-7.815342971839837],[110.43888102965397,-7.810851395419239],[110.44786418249517,-7.810851395419239],[110.44786418249517,-7.801868242578045],[110.44337260607458,-7.801868242578045],[110.44337260607458,-7.797376666157446],[110.42989787681277,-7.797376666157446],[110.42989787681277,-7.79288508973685],[110.43888102965397,-7.79288508973685],[110.43888102965397,-7.788393513316252],[110.44337260607458,-7.788393513316252],[110.44337260607458,-7.79288508973685],[110.45235575891576,-7.79288508973685],[110.45235575891576,-7.788393513316252],[110.45684733533636,-7.788393513316252],[110.45684733533636,-7.79288508973685],[110.46133891175695,-7.79288508973685],[110.46133891175695,-7.788393513316252],[110.47032206459815,-7.788393513316252],[110.47032206459815,-7.783901936895654],[110.47930521743935,-7.783901936895654],[110.47930521743935,-7.79288508973685],[110.48379679385995,-7.79288508973685],[110.48379679385995,-7.783901936895654],[110.48828837028054,-7.783901936895654],[110.48828837028054,-7.774918784054459],[110.47930521743935,-7.774918784054459],[110.47930521743935,-7.770427207633861],[110.49727152312174,-7.770427207633861],[110.49727152312174,-7.768128019531896],[110.4975609,-7.768171]],[[110.47481364101876,-7.810851395419239],[110.47930521743935,-7.810851395419239],[110.47930521743935,-7.806359818998643],[110.47481364101876,-7.806359818998643],[110.47481364101876,-7.810851395419239]]]],"type":"MultiPolygon"},"properties":{"fid":35390,"DN":2,"KELAS":"CAHAYA SANGAT RENDAH","CLASS":"VERY LOW LIGHTS","INTENSITAS (nW/sr/cm²)":"3 - 5"}},{"type":"Feature","geometry":{"coordinates":[[[[110.3174195,-7.8062983],[110.3172696,-7.8065125],[110.31698,-7.8063908],[110.3169897,-7.8061671],[110.3171211,-7.805841],[110.3166072,-7.805663],[110.3165607,-7.8055324],[110.3165889,-7.8054112],[110.3168975,-7.8053837],[110.3168416,-7.8052438],[110.3164959,-7.8051127],[110.3163367,-7.8052523],[110.3160095,-7.8052424],[110.3160068,-7.8053318],[110.3159997,-7.8055688],[110.3162891,-7.8058116],[110.3162795,-7.8059608],[110.3162419,-7.8060913],[110.3162322,-7.8062964],[110.3158947,-7.8068926],[110.3158845,-7.807396],[110.316155,-7.8077508],[110.3162007,-7.8078643],[110.3162295,-7.8079374],[110.3160704,-7.8080303],[110.315294,-7.8083181],[110.3150655,-7.808687],[110.314994,-7.8088025],[110.3147788,-7.808914],[110.3147399,-7.8094818],[110.3147306,-7.8096185],[110.3147118,-7.8098929],[110.3153383,-7.809838],[110.3158992,-7.8098389],[110.3160443,-7.8098867],[110.3162316,-7.8099485],[110.3161035,-7.8106877],[110.3148136,-7.8105457],[110.3147756,-7.8109186],[110.3146587,-7.8112549],[110.3145877,-7.8114591],[110.3144461,-7.8122794],[110.3146259,-7.812386],[110.3149505,-7.8125786],[110.3150149,-7.8132313],[110.3151828,-7.813446],[110.315351,-7.8134836],[110.3153226,-7.8137353],[110.3151355,-7.8137816],[110.3151912,-7.8140521],[110.3153964,-7.8143042],[110.3154708,-7.8145933],[110.3155541,-7.8151156],[110.3156002,-7.8154607],[110.3153288,-7.8156653],[110.3152816,-7.8159077],[110.3153185,-7.8162061],[110.3151994,-7.8165116],[110.3151258,-7.8168611],[110.3150796,-7.8174282],[110.3144823,-7.8172971],[110.3143505,-7.81753],[110.3143789,-7.8179962],[110.3143197,-7.8184623],[110.3143778,-7.8186955],[110.3142461,-7.818841],[110.314595,-7.8190405],[110.3147181,-7.8189957],[110.3149513,-7.8192117],[110.3152518,-7.8194901],[110.3156276,-7.8197276],[110.3159441,-7.8198268],[110.3163202,-7.8198669],[110.3164908,-7.8196905],[110.316568,-7.8196107],[110.3166401,-7.8196587],[110.3169833,-7.8198877],[110.3164664,-7.8212688],[110.3164446,-7.822473],[110.3166225,-7.8226707],[110.3164423,-7.8237133],[110.316429,-7.8237125],[110.3160308,-7.8236558],[110.3153774,-7.8235409],[110.3152733,-7.8235226],[110.3153621,-7.8229314],[110.3145934,-7.8225596],[110.3143259,-7.8224257],[110.3136041,-7.8218639],[110.3131764,-7.8214627],[110.31311688987724,-7.821392655720759],[110.31311688987724,-7.819834548260435],[110.31252699607934,-7.819834548260435],[110.312591,-7.8192994],[110.3123418,-7.8188697],[110.3119211,-7.8185653],[110.3117111,-7.8182837],[110.3114151,-7.8180961],[110.3113563,-7.8181036],[110.3105886,-7.8191454],[110.3104063,-7.8195376],[110.31028055281217,-7.819834548260435],[110.30862531345664,-7.819834548260435],[110.30862531345664,-7.810851395419239],[110.30413373703604,-7.810851395419239],[110.30413373703604,-7.819834548260435],[110.29964216061545,-7.819834548260435],[110.29964216061545,-7.815342971839837],[110.29515058419484,-7.815342971839837],[110.29515058419484,-7.819834548260435],[110.28594648648237,-7.819834548260435],[110.2859286,-7.8198134],[110.2859057,-7.8196608],[110.2858828,-7.8192364],[110.2859591,-7.8191],[110.2859973,-7.8189951],[110.2859667,-7.8189102],[110.2858676,-7.8188025],[110.2856768,-7.8185975],[110.2855853,-7.8184053],[110.2854937,-7.8182293],[110.2854174,-7.8181702],[110.2853488,-7.818082],[110.2851885,-7.8178855],[110.285165,-7.8178539],[110.2848722,-7.817025],[110.2847481,-7.8168635],[110.2839019,-7.817011],[110.2832675,-7.8169851],[110.2828071,-7.8170711],[110.2820944,-7.8171111],[110.2821597,-7.8169633],[110.2824572,-7.8164627],[110.2827471,-7.816136],[110.2827853,-7.8160917],[110.2829226,-7.815828],[110.2829531,-7.8157484],[110.2830065,-7.8155457],[110.2831515,-7.8149301],[110.2832125,-7.8147355],[110.2832965,-7.8144542],[110.2835788,-7.8139473],[110.2836856,-7.813737],[110.2837389,-7.8136045],[110.2837771,-7.8134848],[110.2837695,-7.8132721],[110.2837618,-7.8131501],[110.2833499,-7.8126694],[110.2832507,-7.8125583],[110.2832278,-7.8125421],[110.2832202,-7.8124796],[110.2832507,-7.8122164],[110.2833041,-7.8117658],[110.2833117,-7.8116838],[110.2832812,-7.8112818],[110.2832583,-7.8109599],[110.2832278,-7.8107525],[110.2831668,-7.810443],[110.2830447,-7.8099534],[110.2830294,-7.8098709],[110.2830901,-7.8094889],[110.2835939,-7.8093171],[110.2838424,-7.8081283],[110.2831462,-7.8078914],[110.2832348,-7.8070107],[110.2822893,-7.8070587],[110.2821029,-7.8069344],[110.2820038,-7.8066613],[110.2820104,-7.8064571],[110.282017,-7.8062519],[110.2824653,-7.8059425],[110.2829575,-7.8054967],[110.2835553,-7.8050636],[110.2839541,-7.8046548],[110.2843524,-7.804519],[110.2848126,-7.8045198],[110.285364,-7.8046253],[110.2855339,-7.8046575],[110.2855856,-7.8044654],[110.2856841,-7.8040995],[110.2859338,-7.8035789],[110.2862451,-7.8033809],[110.2865347,-7.803205],[110.2869985,-7.8029232],[110.2868868,-7.8027245],[110.2869992,-7.8024766],[110.2868628,-7.8022282],[110.2866145,-7.8019425],[110.2866039854226,-7.801868242578045],[110.29065900777425,-7.801868242578045],[110.29065900777425,-7.806359818998643],[110.29964216061545,-7.806359818998643],[110.29964216061545,-7.801868242578045],[110.30862531345664,-7.801868242578045],[110.30862531345664,-7.797376666157446],[110.31311688987724,-7.797376666157446],[110.31311688987724,-7.788393513316252],[110.30413373703604,-7.788393513316252],[110.30413373703604,-7.774918784054459],[110.28616743135365,-7.774918784054459],[110.28616743135365,-7.761444054792666],[110.29964216061545,-7.761444054792666],[110.29964216061545,-7.765935631213265],[110.30862531345664,-7.765935631213265],[110.30862531345664,-7.761444054792666],[110.31311688987724,-7.761444054792666],[110.31311688987724,-7.756952478372068],[110.31760846629783,-7.756952478372068],[110.31760846629783,-7.747969325530874],[110.32210004271843,-7.747969325530874],[110.32210004271843,-7.756952478372068],[110.33108319555963,-7.756952478372068],[110.33108319555963,-7.75246090195147],[110.33557477198022,-7.75246090195147],[110.33557477198022,-7.743477749110276],[110.34006634840082,-7.743477749110276],[110.34006634840082,-7.738986172689677],[110.32659161913904,-7.738986172689677],[110.32659161913904,-7.743477749110276],[110.32210004271843,-7.743477749110276],[110.32210004271843,-7.734494596269081],[110.31311688987724,-7.734494596269081],[110.31311688987724,-7.725511443427885],[110.34006634840082,-7.725511443427885],[110.34006634840082,-7.730003019848483],[110.35354107766261,-7.730003019848483],[110.35354107766261,-7.721019867007288],[110.34006634840082,-7.721019867007288],[110.34006634840082,-7.712036714166092],[110.34455792482142,-7.712036714166092],[110.34455792482142,-7.703053561324897],[110.34006634840082,-7.703053561324897],[110.34006634840082,-7.689578832063105],[110.33557477198022,-7.689578832063105],[110.33557477198022,-7.671612526380714],[110.34006634840082,-7.671612526380714],[110.34006634840082,-7.676104102801312],[110.34455792482142,-7.676104102801312],[110.34455792482142,-7.685087255642506],[110.34904950124202,-7.685087255642506],[110.34904950124202,-7.689578832063105],[110.35354107766261,-7.689578832063105],[110.35354107766261,-7.698561984904299],[110.35803265408322,-7.698561984904299],[110.35803265408322,-7.703053561324897],[110.36252423050381,-7.703053561324897],[110.36252423050381,-7.698561984904299],[110.37599895976561,-7.698561984904299],[110.37599895976561,-7.703053561324897],[110.3894736890274,-7.703053561324897],[110.3894736890274,-7.707545137745496],[110.40294841828918,-7.707545137745496],[110.40294841828918,-7.712036714166092],[110.40743999470979,-7.712036714166092],[110.40743999470979,-7.703053561324897],[110.40294841828918,-7.703053561324897],[110.40294841828918,-7.694070408483703],[110.40743999470979,-7.694070408483703],[110.40743999470979,-7.685087255642506],[110.41193157113038,-7.685087255642506],[110.41193157113038,-7.680595679221908],[110.42091472397158,-7.680595679221908],[110.42091472397158,-7.685087255642506],[110.42540630039218,-7.685087255642506],[110.42540630039218,-7.689578832063105],[110.42989787681277,-7.689578832063105],[110.42989787681277,-7.694070408483703],[110.43438945323336,-7.694070408483703],[110.43438945323336,-7.707545137745496],[110.41642314755099,-7.707545137745496],[110.41642314755099,-7.71652829058669],[110.42091472397158,-7.71652829058669],[110.42091472397158,-7.725511443427885],[110.42540630039218,-7.725511443427885],[110.42540630039218,-7.730003019848483],[110.43888102965397,-7.730003019848483],[110.43888102965397,-7.734494596269081],[110.44786418249517,-7.734494596269081],[110.44786418249517,-7.730003019848483],[110.46133891175695,-7.730003019848483],[110.46133891175695,-7.738986172689677],[110.46583048817756,-7.738986172689677],[110.46583048817756,-7.743477749110276],[110.47032206459815,-7.743477749110276],[110.47032206459815,-7.747969325530874],[110.47481364101876,-7.747969325530874],[110.47481364101876,-7.75246090195147],[110.47930521743935,-7.75246090195147],[110.47930521743935,-7.747969325530874],[110.48379679385995,-7.747969325530874],[110.48379679385995,-7.743477749110276],[110.49178549775947,-7.743477749110276],[110.4917831,-7.743654],[110.4917679,-7.7448384],[110.4917603,-7.7453902],[110.4917526,-7.7458827],[110.4917375,-7.7476674],[110.491745,-7.7480897],[110.491745,-7.7481224],[110.491745,-7.7484359],[110.491745,-7.7484686],[110.4917073,-7.7485312],[110.4917297,-7.7500004],[110.4917225,-7.7509039],[110.4924902,-7.7508951],[110.49245359683749,-7.75246090195147],[110.48379679385995,-7.75246090195147],[110.48379679385995,-7.756952478372068],[110.48828837028054,-7.756952478372068],[110.48828837028054,-7.761444054792666],[110.49167796917118,-7.761444054792666],[110.4916763,-7.761817],[110.4916764,-7.7618197],[110.491684,-7.7625704],[110.4916916,-7.763277],[110.4917069,-7.7636437],[110.4917069,-7.7636764],[110.4917069,-7.7637744],[110.4917069,-7.763807],[110.4916996,-7.7644631],[110.4917809,-7.765082],[110.4918402,-7.7657043],[110.4918275,-7.7660472],[110.491745,-7.7661133],[110.491745,-7.766146],[110.491745,-7.7662511],[110.4917526,-7.7664518],[110.4917679,-7.7668052],[110.4917782,-7.7668422],[110.4918365,-7.7668669],[110.4919434,-7.7668984],[110.4921188,-7.7669155],[110.4921951,-7.7669227],[110.4924011,-7.7669518],[110.4927826,-7.7669909],[110.4930115,-7.7669961],[110.4930801,-7.7670219],[110.4932175,-7.76705],[110.4936524,-7.7671253],[110.493977,-7.7672973],[110.4940567,-7.7673395],[110.4941483,-7.767348],[110.494606,-7.7675025],[110.4947128,-7.7675774],[110.4950104,-7.7677906],[110.4952621,-7.7678282],[110.4954661,-7.7678598],[110.4954724,-7.7678608],[110.49727152312174,-7.768128019531896],[110.49727152312174,-7.770427207633861],[110.47930521743935,-7.770427207633861],[110.47930521743935,-7.774918784054459],[110.48828837028054,-7.774918784054459],[110.48828837028054,-7.783901936895654],[110.48379679385995,-7.783901936895654],[110.48379679385995,-7.79288508973685],[110.47930521743935,-7.79288508973685],[110.47930521743935,-7.783901936895654],[110.47032206459815,-7.783901936895654],[110.47032206459815,-7.788393513316252],[110.46133891175695,-7.788393513316252],[110.46133891175695,-7.79288508973685],[110.45684733533636,-7.79288508973685],[110.45684733533636,-7.788393513316252],[110.45235575891576,-7.788393513316252],[110.45235575891576,-7.79288508973685],[110.44337260607458,-7.79288508973685],[110.44337260607458,-7.788393513316252],[110.43888102965397,-7.788393513316252],[110.43888102965397,-7.79288508973685],[110.42989787681277,-7.79288508973685],[110.42989787681277,-7.797376666157446],[110.44337260607458,-7.797376666157446],[110.44337260607458,-7.801868242578045],[110.44786418249517,-7.801868242578045],[110.44786418249517,-7.810851395419239],[110.43888102965397,-7.810851395419239],[110.43888102965397,-7.815342971839837],[110.43438945323336,-7.815342971839837],[110.43438945323336,-7.819834548260435],[110.43888102965397,-7.819834548260435],[110.43888102965397,-7.824326124681032],[110.44372550621621,-7.824326124681032],[110.4435186,-7.8255354],[110.4434118,-7.8268601],[110.444251,-7.8269311],[110.4442434,-7.8271848],[110.4442293,-7.8276379],[110.4442281,-7.8276759],[110.4442205,-7.8277126],[110.4442316,-7.8277334],[110.4443314,-7.8279209],[110.4445271,-7.8280297],[110.4447156,-7.8280588],[110.4447663,-7.8280951],[110.4447589,-7.8281818],[110.4447222,-7.8285505],[110.4444539,-7.8285574],[110.4444174,-7.8286731],[110.4442217,-7.8286367],[110.4442169,-7.8284746],[110.4442453,-7.8283807],[110.4439828,-7.8283399],[110.4437363,-7.8283034],[110.4434173,-7.8282813],[110.4430627,-7.828271],[110.4427141,-7.8282297],[110.4424748,-7.8282222],[110.4424213,-7.8282446],[110.4424047,-7.8282515],[110.4423369,-7.8282799],[110.4421122,-7.8282796],[110.4418406,-7.8282596],[110.4417043,-7.8282487],[110.4417398,-7.8278154],[110.4416017,-7.8277934],[110.4413436,-7.8277577],[110.4413588,-7.8274235],[110.4408761,-7.8273891],[110.4408558,-7.8276833],[110.440818,-7.8276705],[110.4408149,-7.8276855],[110.4407794,-7.8279351],[110.4407646,-7.8280365],[110.440211,-7.827966],[110.4401783,-7.8282306],[110.4400338,-7.8282157],[110.4399587,-7.828414],[110.4395582,-7.8282946],[110.4396236,-7.8279545],[110.4394626,-7.8279158],[110.4394297,-7.8280431],[110.4392588,-7.8287354],[110.4391122,-7.8286921],[110.4390821,-7.8286832],[110.4389181,-7.8286348],[110.43888,-7.828631],[110.4384523,-7.8284653],[110.4382978,-7.8284054],[110.4382951,-7.8284139],[110.438268,-7.8283565],[110.4370028,-7.8282354],[110.436797,-7.8287126],[110.4366426,-7.8291046],[110.4364994,-7.8293359],[110.436446,-7.8294222],[110.4363788,-7.8294783],[110.436335,-7.8295149],[110.4362478,-7.8297778],[110.4361334,-7.8303853],[110.4361715,-7.83064],[110.4362669,-7.8311724],[110.4362248,-7.8318108],[110.4361715,-7.8319403],[110.4360699,-7.8320884],[110.4360571,-7.8321072],[110.4358892,-7.8322273],[110.4357197,-7.8322902],[110.4354795,-7.8323791],[110.4350172,-7.8324311],[110.4347705,-7.8325919],[110.4345946,-7.8326848],[110.4343729,-7.8327752],[110.4342187,-7.8330817],[110.4342642,-7.833276],[110.4344874,-7.8333471],[110.4345122,-7.8333395],[110.4346762,-7.833282],[110.434939,-7.8333701],[110.4349484,-7.8335234],[110.4346478,-7.833721],[110.4345491,-7.8338133],[110.4341475,-7.8342511],[110.4338887,-7.8346671],[110.4337949,-7.8349573],[110.4340021,-7.8351539],[110.4340089,-7.8351603],[110.4339944,-7.8351901],[110.4338773,-7.8354546],[110.4339143,-7.8355667],[110.4340522,-7.8356206],[110.4341015,-7.8357631],[110.4344969,-7.8359116],[110.4347549,-7.8360215],[110.4350404,-7.8361479],[110.4352215,-7.8362906],[110.4352104,-7.8364221],[110.4350177,-7.8367231],[110.4343092,-7.8365688],[110.4341619,-7.8365562],[110.4341584,-7.8366253],[110.4341541,-7.8366921],[110.4337438,-7.836679],[110.4337535,-7.8365215],[110.4337564,-7.8364742],[110.4337652,-7.8363325],[110.4327646,-7.83616],[110.4326935,-7.836438],[110.4321697,-7.8364222],[110.4321722,-7.8365699],[110.4321938,-7.8366974],[110.4321165,-7.8369658],[110.4322206,-7.837196],[110.4322862,-7.83747],[110.4320608,-7.837541],[110.4317808,-7.8373926],[110.4312754,-7.8373372],[110.4310751,-7.8372627],[110.430567,-7.8371335],[110.430402,-7.8372812],[110.4301985,-7.837396],[110.4299457,-7.8374504],[110.4299447,-7.836272],[110.429954,-7.8360182],[110.429944,-7.8358807],[110.4299412,-7.8358345],[110.4299417,-7.8358336],[110.4299462,-7.8355165],[110.4302914,-7.8347021],[110.430754,-7.8336829],[110.430746,-7.832359],[110.4307536,-7.8321772],[110.4307613,-7.8319924],[110.4307274,-7.8303709],[110.4305636,-7.8302779],[110.4303818,-7.8302722],[110.4301605,-7.8302407],[110.4297872,-7.8302257],[110.4295273,-7.8301382],[110.4290096,-7.8300088],[110.4286848,-7.8297489],[110.4286042,-7.8296845],[110.4282676,-7.8294947],[110.4282324,-7.8294748],[110.4279619,-7.8294138],[110.4278043,-7.8291471],[110.4277662,-7.829083],[110.4276244,-7.8288736],[110.4275211,-7.8287122],[110.4270283,-7.8288731],[110.4271234,-7.8279149],[110.427149,-7.8278821],[110.427389,-7.8275738],[110.4276828,-7.8272608],[110.4276875,-7.8272577],[110.4276932,-7.8272496],[110.4276987,-7.8272438],[110.4278036,-7.8271096],[110.4282386,-7.8268605],[110.428198,-7.8263114],[110.428226,-7.8259547],[110.4282268,-7.8259501],[110.4283417,-7.8255813],[110.4283577,-7.8251003],[110.4283712,-7.8246946],[110.4283751,-7.8246725],[110.4284428,-7.8242928],[110.4283158,-7.8241432],[110.4283087,-7.824135],[110.4282775,-7.823867],[110.4283012,-7.8236835],[110.4282918,-7.8234958],[110.4283369,-7.8232382],[110.4283772,-7.8228219],[110.4284104,-7.8224934],[110.4281964,-7.8217963],[110.4274493,-7.8225173],[110.4269997,-7.822936],[110.4266849,-7.8228185],[110.4263084,-7.822701],[110.4264873,-7.822196],[110.4263209,-7.8221369],[110.4262539,-7.8223399],[110.426233,-7.8224094],[110.4261602,-7.8226072],[110.4260635,-7.8225603],[110.4258423,-7.8225155],[110.425211,-7.8224595],[110.4251423,-7.8228439],[110.4243944,-7.8224378],[110.4243691,-7.822424],[110.424263,-7.8223662],[110.4240146,-7.8222377],[110.4237645,-7.822116],[110.4236855,-7.822088],[110.4236425,-7.8221951],[110.4236043,-7.8222787],[110.4227352,-7.8219961],[110.4225106,-7.8218685],[110.4219198,-7.8215538],[110.4218445,-7.8215008],[110.4215717,-7.8213811],[110.4217374,-7.8210592],[110.4213259,-7.8208153],[110.421357,-7.8203818],[110.4218595,-7.8204406],[110.4220141,-7.8196192],[110.4221915,-7.8191106],[110.4221161,-7.8190086],[110.4221707,-7.8188281],[110.4224062,-7.8187442],[110.4227686,-7.8186243],[110.4228454,-7.8186595],[110.4229133,-7.8186907],[110.4231415,-7.8186311],[110.4231796,-7.8184819],[110.423172,-7.818356],[110.423165,-7.818346],[110.4229264,-7.8180045],[110.4226732,-7.8177152],[110.4224743,-7.8175343],[110.4220763,-7.8172268],[110.4215622,-7.8170976],[110.4213486,-7.8170309],[110.4212036,-7.8169431],[110.4211044,-7.8168244],[110.4210879,-7.8167763],[110.4210587,-7.816689],[110.4210587,-7.8165312],[110.4211121,-7.8164034],[110.4213181,-7.8161783],[110.421524,-7.8159976],[110.4216309,-7.8159032],[110.4217682,-7.815752],[110.4217872,-7.8157044],[110.4218216,-7.815618],[110.421608,-7.8151035],[110.4214401,-7.8146963],[110.4213965,-7.8145536],[110.4213896,-7.8145385],[110.4213964,-7.8144851],[110.421402,-7.8143163],[110.4214358,-7.814174],[110.4214783,-7.8139953],[110.4215542,-7.8138682],[110.4218409,-7.8133878],[110.4218674,-7.8133435],[110.4219589,-7.8131704],[110.42202,-7.8128967],[110.4220206,-7.8128675],[110.4220276,-7.8125448],[110.4219055,-7.811945],[110.4218674,-7.8117804],[110.4218445,-7.811747],[110.4216614,-7.8114323],[110.4216153,-7.8113478],[110.421534,-7.8111987],[110.421257,-7.8106908],[110.4211655,-7.8104314],[110.4210782,-7.810026],[110.4210786,-7.8097491],[110.421103,-7.8095806],[110.4210911,-7.809418],[110.4211639,-7.8091533],[110.4212249,-7.8086898],[110.4211832,-7.8082684],[110.4211474,-7.8080216],[110.4211053,-7.807865],[110.4210272,-7.8076181],[110.4209792,-7.8074374],[110.42091472397158,-7.807078602075475],[110.42091472397158,-7.806979028840032],[110.4210344,-7.8067573],[110.4211736,-7.8064806],[110.4213489,-7.8063243],[110.4215059,-7.8062403],[110.4216208,-7.80612],[110.4217177,-7.8058914],[110.4218872,-7.8055365],[110.4219289,-7.8054817],[110.4220464,-7.8051416],[110.4221435,-7.8049146],[110.4223938,-7.8032629],[110.4223961,-7.8032481],[110.422395,-7.8032474],[110.4223933,-7.8032463],[110.4224005,-7.8032159],[110.4224195,-7.8031288],[110.4225769,-7.8023667],[110.4226379,-7.8019795],[110.422821,-7.8004994],[110.4228439,-7.800363],[110.4228592,-7.7999296],[110.4227905,-7.7994308],[110.422699,-7.799119],[110.4225012,-7.7987557],[110.422493,-7.7987408],[110.4224924,-7.7987401],[110.4224396,-7.7986326],[110.4223785,-7.7985048],[110.4223709,-7.7982826],[110.4224396,-7.7980504],[110.4226837,-7.7976146],[110.4227829,-7.7974352],[110.4228875,-7.7970663],[110.4228548,-7.7967821],[110.4227801,-7.7962074],[110.4227789,-7.796205],[110.4227796,-7.7962036],[110.4228577,-7.7960731],[110.4229004,-7.7959848],[110.422898,-7.7957401],[110.4228464,-7.7955932],[110.4226013,-7.7954461],[110.4224296,-7.7954296],[110.4222792,-7.7954623],[110.4219551,-7.7955349],[110.4218625,-7.7955076],[110.4217182,-7.7953552],[110.4216511,-7.7952009],[110.4216589,-7.7950084],[110.4217007,-7.794914],[110.4217311,-7.7948348],[110.4218261,-7.7945933],[110.4219156,-7.7944084],[110.4219511,-7.7942589],[110.4218866,-7.7941151],[110.4217868,-7.794027],[110.4216986,-7.7939859],[110.421534,-7.7940062],[110.4213869,-7.7940441],[110.4210341,-7.7940143],[110.42091472397158,-7.79397253964815],[110.42091472397158,-7.790886330791802],[110.4210981,-7.7909055],[110.4212237,-7.7909057],[110.4213757,-7.7908584],[110.4215207,-7.7907506],[110.421597,-7.7906452],[110.421604,-7.7905748],[110.4216027,-7.7901713],[110.4212895,-7.7902512],[110.4210138,-7.7902927],[110.42091472397158,-7.790266562693743],[110.42091472397158,-7.789789513715577],[110.4211044,-7.7895694],[110.4212418,-7.7894186],[110.4212424,-7.7894169],[110.4212536,-7.7894045],[110.4213147,-7.7892195],[110.4212994,-7.7891184],[110.421185,-7.7889238],[110.4210629,-7.7887713],[110.4210171,-7.7886559],[110.4210171,-7.7885095],[110.4212918,-7.7881008],[110.4213604,-7.7879463],[110.4213604,-7.7875429],[110.4212765,-7.7871724],[110.4211392,-7.7867795],[110.4210629,-7.7865725],[110.42104,-7.7865034],[110.4209942,-7.786347],[110.42091472397158,-7.786340747227578],[110.42091472397158,-7.783901936895654],[110.45235575891576,-7.783901936895654],[110.45235575891576,-7.779410360475057],[110.43438945323336,-7.779410360475057],[110.43438945323336,-7.774918784054459],[110.42091472397158,-7.774918784054459],[110.42091472397158,-7.770427207633861],[110.42540630039218,-7.770427207633861],[110.42540630039218,-7.765935631213265],[110.42989787681277,-7.765935631213265],[110.42989787681277,-7.761444054792666],[110.42540630039218,-7.761444054792666],[110.42540630039218,-7.747969325530874],[110.42091472397158,-7.747969325530874],[110.42091472397158,-7.756952478372068],[110.41642314755099,-7.756952478372068],[110.41642314755099,-7.75246090195147],[110.41193157113038,-7.75246090195147],[110.41193157113038,-7.747969325530874],[110.41642314755099,-7.747969325530874],[110.41642314755099,-7.743477749110276],[110.41193157113038,-7.743477749110276],[110.41193157113038,-7.738986172689677],[110.40743999470979,-7.738986172689677],[110.40743999470979,-7.743477749110276],[110.3984568418686,-7.743477749110276],[110.3984568418686,-7.734494596269081],[110.40294841828918,-7.734494596269081],[110.40294841828918,-7.725511443427885],[110.40743999470979,-7.725511443427885],[110.40743999470979,-7.721019867007288],[110.393965265448,-7.721019867007288],[110.393965265448,-7.730003019848483],[110.38498211260679,-7.730003019848483],[110.38498211260679,-7.721019867007288],[110.3804905361862,-7.721019867007288],[110.3804905361862,-7.725511443427885],[110.37599895976561,-7.725511443427885],[110.37599895976561,-7.730003019848483],[110.371507383345,-7.730003019848483],[110.371507383345,-7.734494596269081],[110.36252423050381,-7.734494596269081],[110.36252423050381,-7.743477749110276],[110.35803265408322,-7.743477749110276],[110.35803265408322,-7.765935631213265],[110.35354107766261,-7.765935631213265],[110.35354107766261,-7.767128584217318],[110.3533285,-7.7669767],[110.3531378,-7.7668379],[110.3530081,-7.7667783],[110.352741,-7.7666443],[110.3525122,-7.7665514],[110.3523748,-7.7664932],[110.3521436,-7.7663514],[110.3521574,-7.7663986],[110.3522381,-7.7666006],[110.35236,-7.7667303],[110.3527948,-7.7671337],[110.3528101,-7.767241],[110.3528025,-7.7675709],[110.352688,-7.7679433],[110.3526499,-7.7681369],[110.3526804,-7.7684092],[110.3527949,-7.7688556],[110.3529322,-7.7693767],[110.3529703,-7.7695603],[110.3530619,-7.7700467],[110.35315079130757,-7.770427207633861],[110.35181810476354,-7.770427207633861],[110.3518178,-7.7702463],[110.3517027,-7.7694488],[110.3515623,-7.76941],[110.3514141,-7.7681293],[110.3510288,-7.7682215],[110.3510189,-7.7681453],[110.3509657,-7.7679318],[110.3509574,-7.7678986],[110.3508868,-7.7679381],[110.3507807,-7.7679908],[110.3506281,-7.7680998],[110.3502419,-7.7682497],[110.3501135,-7.7684564],[110.3498034,-7.7691867],[110.3495383,-7.7694197],[110.3490259,-7.7698698],[110.3489451,-7.7699969],[110.3489127,-7.7700878],[110.3488626,-7.770135],[110.3488105,-7.7702802],[110.348822,-7.7703173],[110.34885688844298,-7.770427207633861],[110.34455792482142,-7.770427207633861],[110.34455792482142,-7.765935631213265],[110.34006634840082,-7.765935631213265],[110.34006634840082,-7.761444054792666],[110.33557477198022,-7.761444054792666],[110.33557477198022,-7.765935631213265],[110.33108319555963,-7.765935631213265],[110.33108319555963,-7.779410360475057],[110.33557477198022,-7.779410360475057],[110.33557477198022,-7.783901936895654],[110.34006634840082,-7.783901936895654],[110.34006634840082,-7.788393513316252],[110.34455792482142,-7.788393513316252],[110.34455792482142,-7.789389151216823],[110.3445406,-7.7895072],[110.3444948,-7.7898033],[110.3443804,-7.7900961],[110.3442965,-7.7903788],[110.344182,-7.7907331],[110.3440295,-7.7912171],[110.3438692,-7.7915099],[110.3436404,-7.7918637],[110.3435183,-7.7918972],[110.343381,-7.7919052],[110.3433276,-7.7918966],[110.3432513,-7.7918699],[110.342969,-7.7918203],[110.3425341,-7.791848],[110.3424502,-7.7918914],[110.3422137,-7.7920702],[110.3411913,-7.7920907],[110.3404513,-7.7921193],[110.3400622,-7.7921766],[110.3397951,-7.7922614],[110.3397518,-7.7922904],[110.3395435,-7.7924297],[110.3394907,-7.792465],[110.3391679,-7.7923517],[110.3390126,-7.7924835],[110.3390283,-7.79278],[110.33896974833752,-7.79288508973685],[110.32210004271843,-7.79288508973685],[110.32210004271843,-7.797376666157446],[110.31760846629783,-7.797376666157446],[110.31760846629783,-7.806308732608858],[110.3174195,-7.8062983]],[[110.371507383345,-7.721019867007288],[110.371507383345,-7.71652829058669],[110.36252423050381,-7.71652829058669],[110.36252423050381,-7.712036714166092],[110.35803265408322,-7.712036714166092],[110.35803265408322,-7.71652829058669],[110.35354107766261,-7.71652829058669],[110.35354107766261,-7.721019867007288],[110.371507383345,-7.721019867007288]],[[110.41642314755099,-7.685087255642506],[110.41642314755099,-7.694070408483703],[110.42091472397158,-7.694070408483703],[110.42091472397158,-7.685087255642506],[110.41642314755099,-7.685087255642506]],[[110.46133891175695,-7.770427207633861],[110.46583048817756,-7.770427207633861],[110.46583048817756,-7.75246090195147],[110.46133891175695,-7.75246090195147],[110.46133891175695,-7.770427207633861]]],[[[110.4526367,-7.8245884],[110.452638,-7.8245981],[110.45130163598267,-7.824326124681032],[110.4526235910892,-7.824326124681032],[110.4526367,-7.8245884]]],[[[110.4491336,-7.8244535],[110.44868398413529,-7.824326124681032],[110.44915678200633,-7.824326124681032],[110.4491336,-7.8244535]]]],"type":"MultiPolygon"},"properties":{"fid":35485,"DN":3,"KELAS":"CAHAYA RENDAH","CLASS":"LOW LIGHTS","INTENSITAS (nW/sr/cm²)":"5 - 10"}},{"type":"Feature","geometry":{"coordinates":[[[[110.42540630039218,-7.595255727230554],[110.42989787681277,-7.595255727230554],[110.42989787681277,-7.60423888007175],[110.42540630039218,-7.60423888007175],[110.42540630039218,-7.608730456492348],[110.42091472397158,-7.608730456492348],[110.42091472397158,-7.599747303651152],[110.42540630039218,-7.599747303651152],[110.42540630039218,-7.595255727230554]]]],"type":"MultiPolygon"},"properties":{"fid":34443,"DN":2,"KELAS":"CAHAYA SANGAT RENDAH","CLASS":"VERY LOW LIGHTS","INTENSITAS (nW/sr/cm²)":"3 - 5"}},{"type":"Feature","geometry":{"coordinates":[[[[110.42091472397158,-7.617713609333543],[110.42540630039218,-7.617713609333543],[110.42540630039218,-7.622205185754141],[110.42091472397158,-7.622205185754141],[110.42091472397158,-7.617713609333543]]]],"type":"MultiPolygon"},"properties":{"fid":34524,"DN":2,"KELAS":"CAHAYA SANGAT RENDAH","CLASS":"VERY LOW LIGHTS","INTENSITAS (nW/sr/cm²)":"3 - 5"}},{"type":"Feature","geometry":{"coordinates":[[[[110.44337260607458,-7.626696762174737],[110.44786418249517,-7.626696762174737],[110.44786418249517,-7.631188338595336],[110.44337260607458,-7.631188338595336],[110.44337260607458,-7.626696762174737]]]],"type":"MultiPolygon"},"properties":{"fid":34563,"DN":2,"KELAS":"CAHAYA SANGAT RENDAH","CLASS":"VERY LOW LIGHTS","INTENSITAS (nW/sr/cm²)":"3 - 5"}},{"type":"Feature","geometry":{"coordinates":[[[[110.471104,-7.6493695],[110.47113,-7.6495569],[110.471195,-7.6498543],[110.4713279,-7.6504628],[110.4713591,-7.6505929],[110.4713509,-7.6506211],[110.4713955,-7.6507283],[110.4713955,-7.6507403],[110.4713955,-7.650822],[110.471406,-7.6508845],[110.4714164,-7.6509313],[110.4714632,-7.6511083],[110.4715986,-7.6517903],[110.4716871,-7.6521808],[110.471812,-7.6527118],[110.4719266,-7.6532793],[110.471986,-7.6533076],[110.4720001,-7.6533789],[110.4720003,-7.65338],[110.47205526117492,-7.653646220698323],[110.47032206459815,-7.653646220698323],[110.47032206459815,-7.649154644277727],[110.47107380765829,-7.649154644277727],[110.471104,-7.6493695]]]],"type":"MultiPolygon"},"properties":{"fid":34627,"DN":2,"KELAS":"CAHAYA SANGAT RENDAH","CLASS":"VERY LOW LIGHTS","INTENSITAS (nW/sr/cm²)":"3 - 5"}},{"type":"Feature","geometry":{"coordinates":[[[[110.41642314755099,-7.662629373539519],[110.42540630039218,-7.662629373539519],[110.42540630039218,-7.667120949960116],[110.42091472397158,-7.667120949960116],[110.42091472397158,-7.671612526380714],[110.41642314755099,-7.671612526380714],[110.41642314755099,-7.662629373539519]]]],"type":"MultiPolygon"},"properties":{"fid":34690,"DN":3,"KELAS":"CAHAYA RENDAH","CLASS":"LOW LIGHTS","INTENSITAS (nW/sr/cm²)":"5 - 10"}},{"type":"Feature","geometry":{"coordinates":[[[[110.46133891175695,-7.676104102801312],[110.46583048817756,-7.676104102801312],[110.46583048817756,-7.685087255642506],[110.46133891175695,-7.685087255642506],[110.46133891175695,-7.676104102801312]]]],"type":"MultiPolygon"},"properties":{"fid":34742,"DN":2,"KELAS":"CAHAYA SANGAT RENDAH","CLASS":"VERY LOW LIGHTS","INTENSITAS (nW/sr/cm²)":"3 - 5"}},{"type":"Feature","geometry":{"coordinates":[[[[110.41642314755099,-7.685087255642506],[110.42091472397158,-7.685087255642506],[110.42091472397158,-7.694070408483703],[110.41642314755099,-7.694070408483703],[110.41642314755099,-7.685087255642506]]]],"type":"MultiPolygon"},"properties":{"fid":34793,"DN":4,"KELAS":"CAHAYA SEDANG","CLASS":"MEDIUM LIGHTS","INTENSITAS (nW/sr/cm²)":"10 - 20"}}]}